[2025-03-19 15:20:00Z INFO HostContext] No proxy settings were found based on environmental variables (http_proxy/https_proxy/HTTP_PROXY/HTTPS_PROXY)
[2025-03-19 15:20:00Z INFO HostContext] Well known directory 'Bin': '/home/jenny/tensorflow-mri/bin'
[2025-03-19 15:20:00Z INFO HostContext] Well known directory 'Root': '/home/jenny/tensorflow-mri'
[2025-03-19 15:20:00Z INFO HostContext] Well known config file 'Credentials': '/home/jenny/tensorflow-mri/.credentials'
[2025-03-19 15:20:00Z INFO HostContext] Well known directory 'Bin': '/home/jenny/tensorflow-mri/bin'
[2025-03-19 15:20:00Z INFO HostContext] Well known directory 'Root': '/home/jenny/tensorflow-mri'
[2025-03-19 15:20:00Z INFO HostContext] Well known config file 'Runner': '/home/jenny/tensorflow-mri/.runner'
[2025-03-19 15:20:00Z INFO Worker] Version: 2.322.0
[2025-03-19 15:20:00Z INFO Worker] Commit: 0edc478ca75d0a753dcbcec7405f3f26db67b1ac
[2025-03-19 15:20:00Z INFO Worker] Culture: en-GB
[2025-03-19 15:20:00Z INFO Worker] UI Culture: en-GB
[2025-03-19 15:20:00Z INFO Worker] Waiting to receive the job message from the channel.
[2025-03-19 15:20:00Z INFO ProcessChannel] Receiving message of length 25325, with hash 'a2848b95892d523495b417c722c2abb0991bbf11cf37ced365b0e369636538fb'
[2025-03-19 15:20:00Z INFO Worker] Message received.
[2025-03-19 15:20:00Z INFO Worker] Job message:
 {
  "environmentVariables": [
    {
      "type": 2,
      "file": 1,
      "line": 29,
      "col": 7,
      "map": [
        {
          "key": {
            "type": 0,
            "file": 1,
            "line": 29,
            "col": 7,
            "lit": "PYTHON"
          },
          "value": {
            "type": 3,
            "file": 1,
            "line": 29,
            "col": 15,
            "expr": "format('python{0}', matrix.py_version)"
          }
        }
      ]
    }
  ],
  "fileTable": [
    ".github/workflows/build-package.yml"
  ],
  "mask": [
    {
      "type": "regex",
      "value": "***"
    },
    {
      "type": "regex",
      "value": "***"
    },
    {
      "type": "regex",
      "value": "***"
    },
    {
      "type": "regex",
      "value": "***"
    },
    {
      "type": "regex",
      "value": "***"
    },
    {
      "type": "regex",
      "value": "***"
    },
    {
      "type": "regex",
      "value": "***"
    },
    {
      "type": "regex",
      "value": "***"
    },
    {
      "type": "regex",
      "value": "***"
    },
    {
      "type": "regex",
      "value": "***"
    },
    {
      "type": "regex",
      "value": "***"
    },
    {
      "type": "regex",
      "value": "***"
    },
    {
      "type": "regex",
      "value": "***"
    },
    {
      "type": "regex",
      "value": "***"
    },
    {
      "type": "regex",
      "value": "***"
    },
    {
      "type": "regex",
      "value": "***"
    },
    {
      "type": "regex",
      "value": "***"
    },
    {
      "type": "regex",
      "value": "***"
    }
  ],
  "steps": [
    {
      "type": "action",
      "reference": {
        "type": "repository",
        "name": "actions/checkout",
        "ref": "v4",
        "repositoryType": "GitHub"
      },
      "displayNameToken": {
        "type": 0,
        "file": 1,
        "line": 32,
        "col": 15,
        "lit": "Checkout code"
      },
      "contextName": "__actions_checkout",
      "inputs": {
        "type": 2,
        "file": 1,
        "line": 35,
        "col": 11,
        "map": [
          {
            "key": {
              "type": 0,
              "file": 1,
              "line": 35,
              "col": 11,
              "lit": "lfs"
            },
            "value": {
              "type": 0,
              "file": 1,
              "line": 35,
              "col": 16,
              "lit": "true"
            }
          }
        ]
      },
      "condition": "success()",
      "id": "a9036bac-1f1d-486c-9c39-755a3ebcc65f",
      "name": "__actions_checkout"
    },
    {
      "type": "action",
      "reference": {
        "type": "script"
      },
      "displayNameToken": {
        "type": 0,
        "file": 1,
        "line": 37,
        "col": 15,
        "lit": "Lint code"
      },
      "contextName": "__run",
      "inputs": {
        "type": 2,
        "map": [
          {
            "key": "script",
            "value": {
              "type": 3,
              "file": 1,
              "line": 38,
              "col": 14,
              "expr": "format('make lint PY_VERSION={0}\n', matrix.py_version)"
            }
          }
        ]
      },
      "condition": "success()",
      "id": "0c741968-3b6e-4350-bb94-941a21307b84",
      "name": "__run"
    },
    {
      "type": "action",
      "reference": {
        "type": "script"
      },
      "displayNameToken": {
        "type": 0,
        "file": 1,
        "line": 41,
        "col": 15,
        "lit": "Compile shared library"
      },
      "contextName": "__run_2",
      "inputs": {
        "type": 2,
        "map": [
          {
            "key": "script",
            "value": {
              "type": 3,
              "file": 1,
              "line": 42,
              "col": 14,
              "expr": "format('make PY_VERSION={0} CXX=/dt9/usr/bin/g++\n', matrix.py_version)"
            }
          }
        ]
      },
      "condition": "success()",
      "id": "c0230db5-c9d0-433e-a75f-c4ec37712236",
      "name": "__run_2"
    },
    {
      "type": "action",
      "reference": {
        "type": "script"
      },
      "displayNameToken": {
        "type": 0,
        "file": 1,
        "line": 45,
        "col": 15,
        "lit": "Install required packages"
      },
      "contextName": "__run_3",
      "inputs": {
        "type": 2,
        "map": [
          {
            "key": "script",
            "value": {
              "type": 0,
              "file": 1,
              "line": 46,
              "col": 14,
              "lit": "$PYTHON -m pip install --no-cache-dir -r requirements.txt\n"
            }
          }
        ]
      },
      "condition": "success()",
      "id": "a31577d2-85dc-4cd8-8204-e53f8c7f2785",
      "name": "__run_3"
    },
    {
      "type": "action",
      "reference": {
        "type": "script"
      },
      "displayNameToken": {
        "type": 0,
        "file": 1,
        "line": 49,
        "col": 15,
        "lit": "Run test suite"
      },
      "contextName": "__run_4",
      "inputs": {
        "type": 2,
        "map": [
          {
            "key": "script",
            "value": {
              "type": 3,
              "file": 1,
              "line": 50,
              "col": 14,
              "expr": "format('make test PY_VERSION={0}\n', matrix.py_version)"
            }
          }
        ]
      },
      "condition": "success()",
      "id": "b08c2513-bc9c-40df-ba85-2fae0b38aa64",
      "name": "__run_4"
    },
    {
      "type": "action",
      "reference": {
        "type": "script"
      },
      "displayNameToken": {
        "type": 0,
        "file": 1,
        "line": 53,
        "col": 15,
        "lit": "Build wheel"
      },
      "contextName": "__run_5",
      "inputs": {
        "type": 2,
        "map": [
          {
            "key": "script",
            "value": {
              "type": 3,
              "file": 1,
              "line": 54,
              "col": 14,
              "expr": "format('make wheel PY_VERSION={0}\n', matrix.py_version)"
            }
          }
        ]
      },
      "condition": "success()",
      "id": "683eacf8-04a4-44cc-986c-1f17da8f7168",
      "name": "__run_5"
    },
    {
      "type": "action",
      "reference": {
        "type": "script"
      },
      "displayNameToken": {
        "type": 0,
        "file": 1,
        "line": 57,
        "col": 15,
        "lit": "Build docs"
      },
      "contextName": "__run_6",
      "inputs": {
        "type": 2,
        "map": [
          {
            "key": "script",
            "value": {
              "type": 3,
              "file": 1,
              "line": 58,
              "col": 14,
              "expr": "format('make docs PY_VERSION={0}\n', matrix.py_version)"
            }
          }
        ]
      },
      "condition": "success()",
      "id": "c3bb7692-1603-4989-98c1-e55925032386",
      "name": "__run_6"
    },
    {
      "type": "action",
      "reference": {
        "type": "repository",
        "name": "actions/upload-artifact",
        "ref": "v4",
        "repositoryType": "GitHub"
      },
      "displayNameToken": {
        "type": 0,
        "file": 1,
        "line": 61,
        "col": 15,
        "lit": "Upload wheel"
      },
      "contextName": "__actions_upload-artifact",
      "inputs": {
        "type": 2,
        "file": 1,
        "line": 65,
        "col": 11,
        "map": [
          {
            "key": {
              "type": 0,
              "file": 1,
              "line": 65,
              "col": 11,
              "lit": "name"
            },
            "value": {
              "type": 3,
              "file": 1,
              "line": 65,
              "col": 17,
              "expr": "format('wheel-py{0}', matrix.py_version)"
            }
          },
          {
            "key": {
              "type": 0,
              "file": 1,
              "line": 66,
              "col": 11,
              "lit": "path"
            },
            "value": {
              "type": 0,
              "file": 1,
              "line": 66,
              "col": 17,
              "lit": "./artifacts/*.whl"
            }
          }
        ]
      },
      "condition": "success() && (startsWith(github.ref, 'refs/tags'))",
      "id": "8dcda22d-aee5-47f4-acdb-933f052441a3",
      "name": "__actions_upload-artifact"
    },
    {
      "type": "action",
      "reference": {
        "type": "repository",
        "name": "actions/upload-artifact",
        "ref": "v4",
        "repositoryType": "GitHub"
      },
      "displayNameToken": {
        "type": 0,
        "file": 1,
        "line": 68,
        "col": 15,
        "lit": "Upload docs"
      },
      "contextName": "__actions_upload-artifact_2",
      "inputs": {
        "type": 2,
        "file": 1,
        "line": 72,
        "col": 11,
        "map": [
          {
            "key": {
              "type": 0,
              "file": 1,
              "line": 72,
              "col": 11,
              "lit": "name"
            },
            "value": {
              "type": 0,
              "file": 1,
              "line": 72,
              "col": 17,
              "lit": "docs"
            }
          },
          {
            "key": {
              "type": 0,
              "file": 1,
              "line": 73,
              "col": 11,
              "lit": "path"
            },
            "value": {
              "type": 0,
              "file": 1,
              "line": 73,
              "col": 17,
              "lit": "./tools/docs/_build/dirhtml"
            }
          }
        ]
      },
      "condition": "success() && (startsWith(github.ref, 'refs/tags') && matrix.py_version == 3.9)",
      "id": "c6d1becd-8d4b-4736-bb4a-d6d8a54756ea",
      "name": "__actions_upload-artifact_2"
    },
    {
      "type": "action",
      "reference": {
        "type": "repository",
        "name": "pypa/gh-action-pypi-publish",
        "ref": "release/v1.7",
        "repositoryType": "GitHub"
      },
      "displayNameToken": {
        "type": 0,
        "file": 1,
        "line": 75,
        "col": 15,
        "lit": "Publish to Test PyPI"
      },
      "contextName": "__pypa_gh-action-pypi-publish",
      "inputs": {
        "type": 2,
        "file": 1,
        "line": 78,
        "col": 11,
        "map": [
          {
            "key": {
              "type": 0,
              "file": 1,
              "line": 78,
              "col": 11,
              "lit": "password"
            },
            "value": {
              "type": 3,
              "file": 1,
              "line": 78,
              "col": 21,
              "expr": "secrets.TEST_PYPI_API_TOKEN"
            }
          },
          {
            "key": {
              "type": 0,
              "file": 1,
              "line": 79,
              "col": 11,
              "lit": "repository-url"
            },
            "value": {
              "type": 0,
              "file": 1,
              "line": 79,
              "col": 27,
              "lit": "https://test.pypi.org/legacy/"
            }
          },
          {
            "key": {
              "type": 0,
              "file": 1,
              "line": 80,
              "col": 11,
              "lit": "packages-dir"
            },
            "value": {
              "type": 0,
              "file": 1,
              "line": 80,
              "col": 25,
              "lit": "artifacts/"
            }
          },
          {
            "key": {
              "type": 0,
              "file": 1,
              "line": 81,
              "col": 11,
              "lit": "skip-existing"
            },
            "value": {
              "type": 0,
              "file": 1,
              "line": 81,
              "col": 26,
              "lit": "true"
            }
          }
        ]
      },
      "condition": "success()",
      "id": "7fb4f7eb-691c-4529-a577-6e4ec131b8a0",
      "name": "__pypa_gh-action-pypi-publish"
    }
  ],
  "variables": {
    "Actions.EnableHttpRedirects": {
      "value": "true"
    },
    "DistributedTask.AddWarningToNode12Action": {
      "value": "true"
    },
    "DistributedTask.AddWarningToNode16Action": {
      "value": "true"
    },
    "DistributedTask.AllowRunnerContainerHooks": {
      "value": "true"
    },
    "DistributedTask.DeprecateStepOutputCommands": {
      "value": "true"
    },
    "DistributedTask.DetailUntarFailure": {
      "value": "true"
    },
    "DistributedTask.EnableCompositeActions": {
      "value": "true"
    },
    "DistributedTask.EnableJobServerQueueTelemetry": {
      "value": "true"
    },
    "DistributedTask.EnhancedAnnotations": {
      "value": "true"
    },
    "DistributedTask.ForceGithubJavascriptActionsToNode16": {
      "value": "true"
    },
    "DistributedTask.ForceGithubJavascriptActionsToNode20": {
      "value": "true"
    },
    "DistributedTask.LogTemplateErrorsAsDebugMessages": {
      "value": "true"
    },
    "DistributedTask.MarkJobAsFailedOnWorkerCrash": {
      "value": "true"
    },
    "DistributedTask.NewActionMetadata": {
      "value": "true"
    },
    "DistributedTask.UploadStepSummary": {
      "value": "true"
    },
    "DistributedTask.UseActionArchiveCache": {
      "value": "true"
    },
    "DistributedTask.UseWhich2": {
      "value": "true"
    },
    "RunService.FixEmbeddedIssues": {
      "value": "true"
    },
    "TEST_PYPI_API_TOKEN": {
      "value": "***",
      "isSecret": true
    },
    "actions_skip_retry_complete_job_upon_known_errors": {
      "value": "false"
    },
    "actions_uses_cache_service_v2": {
      "value": "true"
    },
    "github_token": {
      "value": "***",
      "isSecret": true
    },
    "system.from_run_service": {
      "value": "true"
    },
    "system.github.job": {
      "value": "build"
    },
    "system.github.launch_endpoint": {
      "value": "https://launch.actions.githubusercontent.com"
    },
    "system.github.results_endpoint": {
      "value": "https://results-receiver.actions.githubusercontent.com/"
    },
    "system.github.results_upload_with_sdk": {
      "value": "true"
    },
    "system.github.token": {
      "value": "***",
      "isSecret": true
    },
    "system.github.token.permissions": {
      "value": "{\"Actions\":\"write\",\"Attestations\":\"write\",\"Checks\":\"write\",\"Contents\":\"write\",\"Deployments\":\"write\",\"Discussions\":\"write\",\"Issues\":\"write\",\"Metadata\":\"read\",\"Models\":\"read\",\"Packages\":\"write\",\"Pages\":\"write\",\"PullRequests\":\"write\",\"RepositoryProjects\":\"write\",\"SecurityEvents\":\"write\",\"Statuses\":\"write\"}"
    },
    "system.orchestrationId": {
      "value": "352e62ab-c249-47f2-bad9-fb15096f3ea3.build._3_8"
    },
    "system.phaseDisplayName": {
      "value": "Build package (3.8)"
    },
    "system.runner.lowdiskspacethreshold": {
      "value": "100"
    },
    "system.runnerEnvironment": {
      "value": "self-hosted"
    }
  },
  "messageType": "RunnerJobRequest",
  "plan": {
    "scopeIdentifier": "00000000-0000-0000-0000-000000000000",
    "planType": "actions",
    "version": 0,
    "planId": "352e62ab-c249-47f2-bad9-fb15096f3ea3",
    "planGroup": null,
    "artifactUri": null,
    "artifactLocation": null,
    "definition": null,
    "owner": null
  },
  "timeline": {
    "id": "352e62ab-c249-47f2-bad9-fb15096f3ea3",
    "changeId": 0,
    "location": null
  },
  "jobId": "b10cc4ca-52bb-535e-8588-295e04879c6d",
  "jobDisplayName": "Build package (3.8)",
  "jobName": "_3_8",
  "jobContainer": {
    "type": 2,
    "file": 1,
    "line": 22,
    "col": 7,
    "map": [
      {
        "key": {
          "type": 0,
          "file": 1,
          "line": 22,
          "col": 7,
          "lit": "image"
        },
        "value": {
          "type": 0,
          "file": 1,
          "line": 22,
          "col": 14,
          "lit": "ghcr.io/mrphys/tensorflow-manylinux:1.14.0"
        }
      }
    ]
  },
  "requestId": 0,
  "lockedUntil": "0001-01-01T00:00:00",
  "resources": {
    "endpoints": [
      {
        "data": {
          "ServerId": "",
          "ServerName": "",
          "CacheServerUrl": "https://acghubeus2.actions.githubusercontent.com/vt3bImj3043IXjYZVOBEgt9xtkc1LUzoh1ehrojRmktneQJqoL/",
          "FeedStreamUrl": "wss://results-receiver.actions.githubusercontent.com/_ws/ingest.sock",
          "ResultsServiceUrl": "https://results-receiver.actions.githubusercontent.com/",
          "PipelinesServiceUrl": "https://pipelinesghubeus25.actions.githubusercontent.com/vt3bImj3043IXjYZVOBEgt9xtkc1LUzoh1ehrojRmktneQJqoL/",
          "GenerateIdTokenUrl": ""
        },
        "name": "SystemVssConnection",
        "url": "https://run-actions-1-azure-eastus.actions.githubusercontent.com/30/",
        "authorization": {
          "parameters": {
            "AccessToken": "***"
          },
          "scheme": "OAuth"
        },
        "isShared": false,
        "isReady": true
      }
    ]
  },
  "contextData": {
    "github": {
      "t": 2,
      "d": [
        {
          "k": "ref",
          "v": "refs/heads/master"
        },
        {
          "k": "sha",
          "v": "e8cfa19ede9e960bdfb6046d2f0f9694b2923226"
        },
        {
          "k": "repository",
          "v": "mrphys/tensorflow-mri"
        },
        {
          "k": "repository_owner",
          "v": "mrphys"
        },
        {
          "k": "repository_owner_id",
          "v": "53480519"
        },
        {
          "k": "repositoryUrl",
          "v": "git://github.com/mrphys/tensorflow-mri.git"
        },
        {
          "k": "run_id",
          "v": "13949035958"
        },
        {
          "k": "run_number",
          "v": "222"
        },
        {
          "k": "retention_days",
          "v": "90"
        },
        {
          "k": "run_attempt",
          "v": "1"
        },
        {
          "k": "artifact_cache_size_limit",
          "v": "10"
        },
        {
          "k": "repository_visibility",
          "v": "public"
        },
        {
          "k": "actor_id",
          "v": "53479871"
        },
        {
          "k": "actor",
          "v": "jennifersteeden"
        },
        {
          "k": "workflow",
          "v": "build"
        },
        {
          "k": "head_ref",
          "v": ""
        },
        {
          "k": "base_ref",
          "v": ""
        },
        {
          "k": "event_name",
          "v": "push"
        },
        {
          "k": "server_url",
          "v": "https://github.com"
        },
        {
          "k": "api_url",
          "v": "https://api.github.com"
        },
        {
          "k": "graphql_url",
          "v": "https://api.github.com/graphql"
        },
        {
          "k": "ref_name",
          "v": "master"
        },
        {
          "k": "ref_protected",
          "v": true
        },
        {
          "k": "ref_type",
          "v": "branch"
        },
        {
          "k": "secret_source",
          "v": "Actions"
        },
        {
          "k": "event",
          "v": {
            "t": 2,
            "d": [
              {
                "k": "after",
                "v": "e8cfa19ede9e960bdfb6046d2f0f9694b2923226"
              },
              {
                "k": "base_ref",
                "v": null
              },
              {
                "k": "before",
                "v": "0665b941f253dfa9b6c17e477a9100c9ad61eeed"
              },
              {
                "k": "commits",
                "v": {
                  "t": 1,
                  "a": [
                    {
                      "t": 2,
                      "d": [
                        {
                          "k": "author",
                          "v": {
                            "t": 2,
                            "d": [
                              {
                                "k": "email",
                                "v": "jennifer.steeden@ucl.ac.uk"
                              },
                              {
                                "k": "name",
                                "v": "jennifersteeden"
                              },
                              {
                                "k": "username",
                                "v": "jennifersteeden"
                              }
                            ]
                          }
                        },
                        {
                          "k": "committer",
                          "v": {
                            "t": 2,
                            "d": [
                              {
                                "k": "email",
                                "v": "jennifer.steeden@ucl.ac.uk"
                              },
                              {
                                "k": "name",
                                "v": "jennifersteeden"
                              },
                              {
                                "k": "username",
                                "v": "jennifersteeden"
                              }
                            ]
                          }
                        },
                        {
                          "k": "distinct",
                          "v": true
                        },
                        {
                          "k": "id",
                          "v": "e8cfa19ede9e960bdfb6046d2f0f9694b2923226"
                        },
                        {
                          "k": "message",
                          "v": "changing to self-hosted runner"
                        },
                        {
                          "k": "timestamp",
                          "v": "2025-03-19T14:27:52Z"
                        },
                        {
                          "k": "tree_id",
                          "v": "87a23108af1d87dd75c98072c73deec40dd98352"
                        },
                        {
                          "k": "url",
                          "v": "https://github.com/mrphys/tensorflow-mri/commit/e8cfa19ede9e960bdfb6046d2f0f9694b2923226"
                        }
                      ]
                    }
                  ]
                }
              },
              {
                "k": "compare",
                "v": "https://github.com/mrphys/tensorflow-mri/compare/0665b941f253...e8cfa19ede9e"
              },
              {
                "k": "created",
                "v": false
              },
              {
                "k": "deleted",
                "v": false
              },
              {
                "k": "forced",
                "v": false
              },
              {
                "k": "head_commit",
                "v": {
                  "t": 2,
                  "d": [
                    {
                      "k": "author",
                      "v": {
                        "t": 2,
                        "d": [
                          {
                            "k": "email",
                            "v": "jennifer.steeden@ucl.ac.uk"
                          },
                          {
                            "k": "name",
                            "v": "jennifersteeden"
                          },
                          {
                            "k": "username",
                            "v": "jennifersteeden"
                          }
                        ]
                      }
                    },
                    {
                      "k": "committer",
                      "v": {
                        "t": 2,
                        "d": [
                          {
                            "k": "email",
                            "v": "jennifer.steeden@ucl.ac.uk"
                          },
                          {
                            "k": "name",
                            "v": "jennifersteeden"
                          },
                          {
                            "k": "username",
                            "v": "jennifersteeden"
                          }
                        ]
                      }
                    },
                    {
                      "k": "distinct",
                      "v": true
                    },
                    {
                      "k": "id",
                      "v": "e8cfa19ede9e960bdfb6046d2f0f9694b2923226"
                    },
                    {
                      "k": "message",
                      "v": "changing to self-hosted runner"
                    },
                    {
                      "k": "timestamp",
                      "v": "2025-03-19T14:27:52Z"
                    },
                    {
                      "k": "tree_id",
                      "v": "87a23108af1d87dd75c98072c73deec40dd98352"
                    },
                    {
                      "k": "url",
                      "v": "https://github.com/mrphys/tensorflow-mri/commit/e8cfa19ede9e960bdfb6046d2f0f9694b2923226"
                    }
                  ]
                }
              },
              {
                "k": "organization",
                "v": {
                  "t": 2,
                  "d": [
                    {
                      "k": "avatar_url",
                      "v": "https://avatars.githubusercontent.com/u/53480519?v=4"
                    },
                    {
                      "k": "description",
                      "v": ""
                    },
                    {
                      "k": "events_url",
                      "v": "https://api.github.com/orgs/mrphys/events"
                    },
                    {
                      "k": "hooks_url",
                      "v": "https://api.github.com/orgs/mrphys/hooks"
                    },
                    {
                      "k": "id",
                      "v": 53480519.0
                    },
                    {
                      "k": "issues_url",
                      "v": "https://api.github.com/orgs/mrphys/issues"
                    },
                    {
                      "k": "login",
                      "v": "mrphys"
                    },
                    {
                      "k": "members_url",
                      "v": "https://api.github.com/orgs/mrphys/members{/member}"
                    },
                    {
                      "k": "node_id",
                      "v": "MDEyOk9yZ2FuaXphdGlvbjUzNDgwNTE5"
                    },
                    {
                      "k": "public_members_url",
                      "v": "https://api.github.com/orgs/mrphys/public_members{/member}"
                    },
                    {
                      "k": "repos_url",
                      "v": "https://api.github.com/orgs/mrphys/repos"
                    },
                    {
                      "k": "url",
                      "v": "https://api.github.com/orgs/mrphys"
                    }
                  ]
                }
              },
              {
                "k": "pusher",
                "v": {
                  "t": 2,
                  "d": [
                    {
                      "k": "email",
                      "v": "53479871+jennifersteeden@users.noreply.github.com"
                    },
                    {
                      "k": "name",
                      "v": "jennifersteeden"
                    }
                  ]
                }
              },
              {
                "k": "ref",
                "v": "refs/heads/master"
              },
              {
                "k": "repository",
                "v": {
                  "t": 2,
                  "d": [
                    {
                      "k": "allow_forking",
                      "v": true
                    },
                    {
                      "k": "archive_url",
                      "v": "https://api.github.com/repos/mrphys/tensorflow-mri/{archive_format}{/ref}"
                    },
                    {
                      "k": "archived",
                      "v": false
                    },
                    {
                      "k": "assignees_url",
                      "v": "https://api.github.com/repos/mrphys/tensorflow-mri/assignees{/user}"
                    },
                    {
                      "k": "blobs_url",
                      "v": "https://api.github.com/repos/mrphys/tensorflow-mri/git/blobs{/sha}"
                    },
                    {
                      "k": "branches_url",
                      "v": "https://api.github.com/repos/mrphys/tensorflow-mri/branches{/branch}"
                    },
                    {
                      "k": "clone_url",
                      "v": "https://github.com/mrphys/tensorflow-mri.git"
                    },
                    {
                      "k": "collaborators_url",
                      "v": "https://api.github.com/repos/mrphys/tensorflow-mri/collaborators{/collaborator}"
                    },
                    {
                      "k": "comments_url",
                      "v": "https://api.github.com/repos/mrphys/tensorflow-mri/comments{/number}"
                    },
                    {
                      "k": "commits_url",
                      "v": "https://api.github.com/repos/mrphys/tensorflow-mri/commits{/sha}"
                    },
                    {
                      "k": "compare_url",
                      "v": "https://api.github.com/repos/mrphys/tensorflow-mri/compare/{base}...{head}"
                    },
                    {
                      "k": "contents_url",
                      "v": "https://api.github.com/repos/mrphys/tensorflow-mri/contents/{+path}"
                    },
                    {
                      "k": "contributors_url",
                      "v": "https://api.github.com/repos/mrphys/tensorflow-mri/contributors"
                    },
                    {
                      "k": "created_at",
                      "v": 1626866930.0
                    },
                    {
                      "k": "custom_properties",
                      "v": {
                        "t": 2
                      }
                    },
                    {
                      "k": "default_branch",
                      "v": "master"
                    },
                    {
                      "k": "deployments_url",
                      "v": "https://api.github.com/repos/mrphys/tensorflow-mri/deployments"
                    },
                    {
                      "k": "description",
                      "v": "A Library of TensorFlow Operators for Computational MRI"
                    },
                    {
                      "k": "disabled",
                      "v": false
                    },
                    {
                      "k": "downloads_url",
                      "v": "https://api.github.com/repos/mrphys/tensorflow-mri/downloads"
                    },
                    {
                      "k": "events_url",
                      "v": "https://api.github.com/repos/mrphys/tensorflow-mri/events"
                    },
                    {
                      "k": "fork",
                      "v": false
                    },
                    {
                      "k": "forks",
                      "v": 3.0
                    },
                    {
                      "k": "forks_count",
                      "v": 3.0
                    },
                    {
                      "k": "forks_url",
                      "v": "https://api.github.com/repos/mrphys/tensorflow-mri/forks"
                    },
                    {
                      "k": "full_name",
                      "v": "mrphys/tensorflow-mri"
                    },
                    {
                      "k": "git_commits_url",
                      "v": "https://api.github.com/repos/mrphys/tensorflow-mri/git/commits{/sha}"
                    },
                    {
                      "k": "git_refs_url",
                      "v": "https://api.github.com/repos/mrphys/tensorflow-mri/git/refs{/sha}"
                    },
                    {
                      "k": "git_tags_url",
                      "v": "https://api.github.com/repos/mrphys/tensorflow-mri/git/tags{/sha}"
                    },
                    {
                      "k": "git_url",
                      "v": "git://github.com/mrphys/tensorflow-mri.git"
                    },
                    {
                      "k": "has_discussions",
                      "v": false
                    },
                    {
                      "k": "has_downloads",
                      "v": true
                    },
                    {
                      "k": "has_issues",
                      "v": true
                    },
                    {
                      "k": "has_pages",
                      "v": true
                    },
                    {
                      "k": "has_projects",
                      "v": true
                    },
                    {
                      "k": "has_wiki",
                      "v": true
                    },
                    {
                      "k": "homepage",
                      "v": "https://mrphys.github.io/tensorflow-mri/"
                    },
                    {
                      "k": "hooks_url",
                      "v": "https://api.github.com/repos/mrphys/tensorflow-mri/hooks"
                    },
                    {
                      "k": "html_url",
                      "v": "https://github.com/mrphys/tensorflow-mri"
                    },
                    {
                      "k": "id",
                      "v": 388094708.0
                    },
                    {
                      "k": "is_template",
                      "v": false
                    },
                    {
                      "k": "issue_comment_url",
                      "v": "https://api.github.com/repos/mrphys/tensorflow-mri/issues/comments{/number}"
                    },
                    {
                      "k": "issue_events_url",
                      "v": "https://api.github.com/repos/mrphys/tensorflow-mri/issues/events{/number}"
                    },
                    {
                      "k": "issues_url",
                      "v": "https://api.github.com/repos/mrphys/tensorflow-mri/issues{/number}"
                    },
                    {
                      "k": "keys_url",
                      "v": "https://api.github.com/repos/mrphys/tensorflow-mri/keys{/key_id}"
                    },
                    {
                      "k": "labels_url",
                      "v": "https://api.github.com/repos/mrphys/tensorflow-mri/labels{/name}"
                    },
                    {
                      "k": "language",
                      "v": "Jupyter Notebook"
                    },
                    {
                      "k": "languages_url",
                      "v": "https://api.github.com/repos/mrphys/tensorflow-mri/languages"
                    },
                    {
                      "k": "license",
                      "v": {
                        "t": 2,
                        "d": [
                          {
                            "k": "key",
                            "v": "apache-2.0"
                          },
                          {
                            "k": "name",
                            "v": "Apache License 2.0"
                          },
                          {
                            "k": "node_id",
                            "v": "MDc6TGljZW5zZTI="
                          },
                          {
                            "k": "spdx_id",
                            "v": "Apache-2.0"
                          },
                          {
                            "k": "url",
                            "v": "https://api.github.com/licenses/apache-2.0"
                          }
                        ]
                      }
                    },
                    {
                      "k": "master_branch",
                      "v": "master"
                    },
                    {
                      "k": "merges_url",
                      "v": "https://api.github.com/repos/mrphys/tensorflow-mri/merges"
                    },
                    {
                      "k": "milestones_url",
                      "v": "https://api.github.com/repos/mrphys/tensorflow-mri/milestones{/number}"
                    },
                    {
                      "k": "mirror_url",
                      "v": null
                    },
                    {
                      "k": "name",
                      "v": "tensorflow-mri"
                    },
                    {
                      "k": "node_id",
                      "v": "MDEwOlJlcG9zaXRvcnkzODgwOTQ3MDg="
                    },
                    {
                      "k": "notifications_url",
                      "v": "https://api.github.com/repos/mrphys/tensorflow-mri/notifications{?since,all,participating}"
                    },
                    {
                      "k": "open_issues",
                      "v": 8.0
                    },
                    {
                      "k": "open_issues_count",
                      "v": 8.0
                    },
                    {
                      "k": "organization",
                      "v": "mrphys"
                    },
                    {
                      "k": "owner",
                      "v": {
                        "t": 2,
                        "d": [
                          {
                            "k": "avatar_url",
                            "v": "https://avatars.githubusercontent.com/u/53480519?v=4"
                          },
                          {
                            "k": "email",
                            "v": null
                          },
                          {
                            "k": "events_url",
                            "v": "https://api.github.com/users/mrphys/events{/privacy}"
                          },
                          {
                            "k": "followers_url",
                            "v": "https://api.github.com/users/mrphys/followers"
                          },
                          {
                            "k": "following_url",
                            "v": "https://api.github.com/users/mrphys/following{/other_user}"
                          },
                          {
                            "k": "gists_url",
                            "v": "https://api.github.com/users/mrphys/gists{/gist_id}"
                          },
                          {
                            "k": "gravatar_id",
                            "v": ""
                          },
                          {
                            "k": "html_url",
                            "v": "https://github.com/mrphys"
                          },
                          {
                            "k": "id",
                            "v": 53480519.0
                          },
                          {
                            "k": "login",
                            "v": "mrphys"
                          },
                          {
                            "k": "name",
                            "v": "mrphys"
                          },
                          {
                            "k": "node_id",
                            "v": "MDEyOk9yZ2FuaXphdGlvbjUzNDgwNTE5"
                          },
                          {
                            "k": "organizations_url",
                            "v": "https://api.github.com/users/mrphys/orgs"
                          },
                          {
                            "k": "received_events_url",
                            "v": "https://api.github.com/users/mrphys/received_events"
                          },
                          {
                            "k": "repos_url",
                            "v": "https://api.github.com/users/mrphys/repos"
                          },
                          {
                            "k": "site_admin",
                            "v": false
                          },
                          {
                            "k": "starred_url",
                            "v": "https://api.github.com/users/mrphys/starred{/owner}{/repo}"
                          },
                          {
                            "k": "subscriptions_url",
                            "v": "https://api.github.com/users/mrphys/subscriptions"
                          },
                          {
                            "k": "type",
                            "v": "Organization"
                          },
                          {
                            "k": "url",
                            "v": "https://api.github.com/users/mrphys"
                          },
                          {
                            "k": "user_view_type",
                            "v": "public"
                          }
                        ]
                      }
                    },
                    {
                      "k": "private",
                      "v": false
                    },
                    {
                      "k": "pulls_url",
                      "v": "https://api.github.com/repos/mrphys/tensorflow-mri/pulls{/number}"
                    },
                    {
                      "k": "pushed_at",
                      "v": 1742394476.0
                    },
                    {
                      "k": "releases_url",
                      "v": "https://api.github.com/repos/mrphys/tensorflow-mri/releases{/id}"
                    },
                    {
                      "k": "size",
                      "v": 199091.0
                    },
                    {
                      "k": "ssh_url",
                      "v": "git@github.com:mrphys/tensorflow-mri.git"
                    },
                    {
                      "k": "stargazers",
                      "v": 40.0
                    },
                    {
                      "k": "stargazers_count",
                      "v": 40.0
                    },
                    {
                      "k": "stargazers_url",
                      "v": "https://api.github.com/repos/mrphys/tensorflow-mri/stargazers"
                    },
                    {
                      "k": "statuses_url",
                      "v": "https://api.github.com/repos/mrphys/tensorflow-mri/statuses/{sha}"
                    },
                    {
                      "k": "subscribers_url",
                      "v": "https://api.github.com/repos/mrphys/tensorflow-mri/subscribers"
                    },
                    {
                      "k": "subscription_url",
                      "v": "https://api.github.com/repos/mrphys/tensorflow-mri/subscription"
                    },
                    {
                      "k": "svn_url",
                      "v": "https://github.com/mrphys/tensorflow-mri"
                    },
                    {
                      "k": "tags_url",
                      "v": "https://api.github.com/repos/mrphys/tensorflow-mri/tags"
                    },
                    {
                      "k": "teams_url",
                      "v": "https://api.github.com/repos/mrphys/tensorflow-mri/teams"
                    },
                    {
                      "k": "topics",
                      "v": {
                        "t": 1,
                        "a": [
                          "machine-learning",
                          "magnetic-resonance-imaging",
                          "ml",
                          "mri",
                          "python",
                          "tensorflow"
                        ]
                      }
                    },
                    {
                      "k": "trees_url",
                      "v": "https://api.github.com/repos/mrphys/tensorflow-mri/git/trees{/sha}"
                    },
                    {
                      "k": "updated_at",
                      "v": "2025-03-19T13:56:18Z"
                    },
                    {
                      "k": "url",
                      "v": "https://github.com/mrphys/tensorflow-mri"
                    },
                    {
                      "k": "visibility",
                      "v": "public"
                    },
                    {
                      "k": "watchers",
                      "v": 40.0
                    },
                    {
                      "k": "watchers_count",
                      "v": 40.0
                    },
                    {
                      "k": "web_commit_signoff_required",
                      "v": false
                    }
                  ]
                }
              },
              {
                "k": "sender",
                "v": {
                  "t": 2,
                  "d": [
                    {
                      "k": "avatar_url",
                      "v": "https://avatars.githubusercontent.com/u/53479871?v=4"
                    },
                    {
                      "k": "events_url",
                      "v": "https://api.github.com/users/jennifersteeden/events{/privacy}"
                    },
                    {
                      "k": "followers_url",
                      "v": "https://api.github.com/users/jennifersteeden/followers"
                    },
                    {
                      "k": "following_url",
                      "v": "https://api.github.com/users/jennifersteeden/following{/other_user}"
                    },
                    {
                      "k": "gists_url",
                      "v": "https://api.github.com/users/jennifersteeden/gists{/gist_id}"
                    },
                    {
                      "k": "gravatar_id",
                      "v": ""
                    },
                    {
                      "k": "html_url",
                      "v": "https://github.com/jennifersteeden"
                    },
                    {
                      "k": "id",
                      "v": 53479871.0
                    },
                    {
                      "k": "login",
                      "v": "jennifersteeden"
                    },
                    {
                      "k": "node_id",
                      "v": "MDQ6VXNlcjUzNDc5ODcx"
                    },
                    {
                      "k": "organizations_url",
                      "v": "https://api.github.com/users/jennifersteeden/orgs"
                    },
                    {
                      "k": "received_events_url",
                      "v": "https://api.github.com/users/jennifersteeden/received_events"
                    },
                    {
                      "k": "repos_url",
                      "v": "https://api.github.com/users/jennifersteeden/repos"
                    },
                    {
                      "k": "site_admin",
                      "v": false
                    },
                    {
                      "k": "starred_url",
                      "v": "https://api.github.com/users/jennifersteeden/starred{/owner}{/repo}"
                    },
                    {
                      "k": "subscriptions_url",
                      "v": "https://api.github.com/users/jennifersteeden/subscriptions"
                    },
                    {
                      "k": "type",
                      "v": "User"
                    },
                    {
                      "k": "url",
                      "v": "https://api.github.com/users/jennifersteeden"
                    },
                    {
                      "k": "user_view_type",
                      "v": "public"
                    }
                  ]
                }
              }
            ]
          }
        },
        {
          "k": "workflow_ref",
          "v": "mrphys/tensorflow-mri/.github/workflows/build-package.yml@refs/heads/master"
        },
        {
          "k": "workflow_sha",
          "v": "e8cfa19ede9e960bdfb6046d2f0f9694b2923226"
        },
        {
          "k": "repository_id",
          "v": "388094708"
        },
        {
          "k": "triggering_actor",
          "v": "jennifersteeden"
        }
      ]
    },
    "inputs": {
      "t": 2
    },
    "matrix": {
      "t": 2,
      "d": [
        {
          "k": "py_version",
          "v": "3.8"
        }
      ]
    },
    "needs": {
      "t": 2
    },
    "strategy": {
      "t": 2,
      "d": [
        {
          "k": "fail-fast",
          "v": true
        },
        {
          "k": "job-index",
          "v": 0.0
        },
        {
          "k": "job-total",
          "v": 3.0
        },
        {
          "k": "max-parallel",
          "v": 3.0
        }
      ]
    },
    "vars": {
      "t": 2
    }
  }
}
[2025-03-19 15:20:00Z INFO JobRunner] Job ID b10cc4ca-52bb-535e-8588-295e04879c6d
[2025-03-19 15:20:00Z INFO ConfigurationStore] currentAssemblyLocation: /home/jenny/tensorflow-mri/bin/Runner.Worker.dll
[2025-03-19 15:20:00Z INFO HostContext] Well known directory 'Bin': '/home/jenny/tensorflow-mri/bin'
[2025-03-19 15:20:00Z INFO ConfigurationStore] binPath: /home/jenny/tensorflow-mri/bin
[2025-03-19 15:20:00Z INFO HostContext] Well known directory 'Bin': '/home/jenny/tensorflow-mri/bin'
[2025-03-19 15:20:00Z INFO HostContext] Well known directory 'Root': '/home/jenny/tensorflow-mri'
[2025-03-19 15:20:00Z INFO ConfigurationStore] RootFolder: /home/jenny/tensorflow-mri
[2025-03-19 15:20:00Z INFO HostContext] Well known directory 'Bin': '/home/jenny/tensorflow-mri/bin'
[2025-03-19 15:20:00Z INFO HostContext] Well known directory 'Root': '/home/jenny/tensorflow-mri'
[2025-03-19 15:20:00Z INFO HostContext] Well known config file 'Runner': '/home/jenny/tensorflow-mri/.runner'
[2025-03-19 15:20:00Z INFO ConfigurationStore] ConfigFilePath: /home/jenny/tensorflow-mri/.runner
[2025-03-19 15:20:00Z INFO HostContext] Well known directory 'Bin': '/home/jenny/tensorflow-mri/bin'
[2025-03-19 15:20:00Z INFO HostContext] Well known directory 'Root': '/home/jenny/tensorflow-mri'
[2025-03-19 15:20:00Z INFO HostContext] Well known config file 'Credentials': '/home/jenny/tensorflow-mri/.credentials'
[2025-03-19 15:20:00Z INFO ConfigurationStore] CredFilePath: /home/jenny/tensorflow-mri/.credentials
[2025-03-19 15:20:00Z INFO HostContext] Well known directory 'Bin': '/home/jenny/tensorflow-mri/bin'
[2025-03-19 15:20:00Z INFO HostContext] Well known directory 'Root': '/home/jenny/tensorflow-mri'
[2025-03-19 15:20:00Z INFO HostContext] Well known config file 'MigratedCredentials': '/home/jenny/tensorflow-mri/.credentials_migrated'
[2025-03-19 15:20:00Z INFO ConfigurationStore] MigratedCredFilePath: /home/jenny/tensorflow-mri/.credentials_migrated
[2025-03-19 15:20:00Z INFO HostContext] Well known directory 'Bin': '/home/jenny/tensorflow-mri/bin'
[2025-03-19 15:20:00Z INFO HostContext] Well known directory 'Root': '/home/jenny/tensorflow-mri'
[2025-03-19 15:20:00Z INFO HostContext] Well known config file 'Service': '/home/jenny/tensorflow-mri/.service'
[2025-03-19 15:20:00Z INFO ConfigurationStore] ServiceConfigFilePath: /home/jenny/tensorflow-mri/.service
[2025-03-19 15:20:00Z INFO ConfigurationStore] Read setting file: 294 chars
[2025-03-19 15:20:00Z INFO JobRunner] Initializing launch client
[2025-03-19 15:20:00Z INFO JobServerQueue] Initializing results client
[2025-03-19 15:20:00Z INFO ResultServer] Creating websocket client ...wss://results-receiver.actions.githubusercontent.com/_ws/ingest.sock
[2025-03-19 15:20:00Z INFO ResultServer] Attempting to start websocket client with delay 00:00:00.
[2025-03-19 15:20:00Z INFO JobServerQueue] Start process web console line queue.
[2025-03-19 15:20:00Z INFO JobServerQueue] Start process file upload queue.
[2025-03-19 15:20:00Z INFO JobServerQueue] Start results file upload queue.
[2025-03-19 15:20:00Z INFO JobServerQueue] Starting results-based upload queue...
[2025-03-19 15:20:00Z INFO JobServerQueue] Start process timeline update queue.
[2025-03-19 15:20:00Z INFO ExecutionContext] Initialize GitHub context
[2025-03-19 15:20:00Z INFO ExecutionContext] Initialize Env context
[2025-03-19 15:20:00Z INFO HostContext] Well known directory 'Bin': '/home/jenny/tensorflow-mri/bin'
[2025-03-19 15:20:00Z INFO HostContext] Well known directory 'Root': '/home/jenny/tensorflow-mri'
[2025-03-19 15:20:00Z INFO HostContext] Well known directory 'Diag': '/home/jenny/tensorflow-mri/_diag'
[2025-03-19 15:20:00Z INFO HostContext] Well known directory 'Bin': '/home/jenny/tensorflow-mri/bin'
[2025-03-19 15:20:00Z INFO HostContext] Well known directory 'Root': '/home/jenny/tensorflow-mri'
[2025-03-19 15:20:00Z INFO HostContext] Well known directory 'Diag': '/home/jenny/tensorflow-mri/_diag'
[2025-03-19 15:20:00Z INFO JobRunner] Starting the job execution context.
[2025-03-19 15:20:00Z INFO HostContext] Well known directory 'Bin': '/home/jenny/tensorflow-mri/bin'
[2025-03-19 15:20:00Z INFO HostContext] Well known directory 'Root': '/home/jenny/tensorflow-mri'
[2025-03-19 15:20:00Z INFO HostContext] Well known directory 'Work': '/home/jenny/tensorflow-mri/_work'
[2025-03-19 15:20:00Z INFO JobRunner] Validating directory permissions for: '/home/jenny/tensorflow-mri/_work'
[2025-03-19 15:20:00Z INFO HostContext] Well known directory 'Bin': '/home/jenny/tensorflow-mri/bin'
[2025-03-19 15:20:00Z INFO HostContext] Well known directory 'Root': '/home/jenny/tensorflow-mri'
[2025-03-19 15:20:00Z INFO HostContext] Well known directory 'Work': '/home/jenny/tensorflow-mri/_work'
[2025-03-19 15:20:00Z INFO HostContext] Well known directory 'Tools': '/home/jenny/tensorflow-mri/_work/_tool'
[2025-03-19 15:20:00Z INFO HostContext] Well known directory 'Bin': '/home/jenny/tensorflow-mri/bin'
[2025-03-19 15:20:00Z INFO HostContext] Well known directory 'Root': '/home/jenny/tensorflow-mri'
[2025-03-19 15:20:00Z INFO HostContext] Well known directory 'Work': '/home/jenny/tensorflow-mri/_work'
[2025-03-19 15:20:00Z INFO HostContext] Well known directory 'Temp': '/home/jenny/tensorflow-mri/_work/_temp'
[2025-03-19 15:20:00Z ERR  TempDirectoryManager] System.IO.IOException: Access to the path '/home/jenny/tensorflow-mri/_work/_temp/_github_home/.config/matplotlib' is denied.
   at System.IO.FileSystem.RemoveEmptyDirectory(String fullPath, Boolean topLevel, Boolean throwWhenNotEmpty)
   at System.IO.DirectoryInfo.Delete()
   at GitHub.Runner.Sdk.IOUtil.DeleteDirectory(String path, Boolean contentsOnly, Boolean continueOnContentDeleteError, CancellationToken cancellationToken)
   at GitHub.Runner.Worker.TempDirectoryManager.InitializeTempDirectory(IExecutionContext jobContext)
[2025-03-19 15:20:00Z INFO JobRunner] Getting job extension.
[2025-03-19 15:20:00Z INFO JobRunner] Initialize job. Getting all job steps.
[2025-03-19 15:20:00Z INFO HostContext] Well known directory 'Bin': '/home/jenny/tensorflow-mri/bin'
[2025-03-19 15:20:00Z INFO HostContext] Well known directory 'Root': '/home/jenny/tensorflow-mri'
[2025-03-19 15:20:00Z INFO HostContext] Well known directory 'Diag': '/home/jenny/tensorflow-mri/_diag'
[2025-03-19 15:20:00Z INFO HostContext] Well known directory 'Bin': '/home/jenny/tensorflow-mri/bin'
[2025-03-19 15:20:00Z INFO HostContext] Well known directory 'Root': '/home/jenny/tensorflow-mri'
[2025-03-19 15:20:00Z INFO HostContext] Well known directory 'Diag': '/home/jenny/tensorflow-mri/_diag'
[2025-03-19 15:20:00Z INFO HostContext] Well known directory 'Bin': '/home/jenny/tensorflow-mri/bin'
[2025-03-19 15:20:00Z INFO HostContext] Well known directory 'Root': '/home/jenny/tensorflow-mri'
[2025-03-19 15:20:00Z INFO HostContext] Well known config file 'Credentials': '/home/jenny/tensorflow-mri/.credentials'
[2025-03-19 15:20:00Z INFO HostContext] Well known directory 'Bin': '/home/jenny/tensorflow-mri/bin'
[2025-03-19 15:20:00Z INFO HostContext] Well known directory 'Root': '/home/jenny/tensorflow-mri'
[2025-03-19 15:20:00Z INFO HostContext] Well known config file 'SetupInfo': '/home/jenny/tensorflow-mri/.setup_info'
[2025-03-19 15:20:00Z INFO HostContext] Well known directory 'Bin': '/home/jenny/tensorflow-mri/bin'
[2025-03-19 15:20:00Z INFO HostContext] Well known directory 'Root': '/home/jenny/tensorflow-mri'
[2025-03-19 15:20:00Z INFO HostContext] Well known directory 'Work': '/home/jenny/tensorflow-mri/_work'
[2025-03-19 15:20:00Z INFO PipelineDirectoryManager] Loading tracking config if exists: /home/jenny/tensorflow-mri/_work/_PipelineMapping/mrphys/tensorflow-mri/PipelineFolder.json
[2025-03-19 15:20:00Z INFO PipelineDirectoryManager] Updating job run properties.
[2025-03-19 15:20:00Z INFO HostContext] Well known directory 'Bin': '/home/jenny/tensorflow-mri/bin'
[2025-03-19 15:20:00Z INFO HostContext] Well known directory 'Root': '/home/jenny/tensorflow-mri'
[2025-03-19 15:20:00Z INFO HostContext] Well known directory 'Work': '/home/jenny/tensorflow-mri/_work'
[2025-03-19 15:20:00Z INFO HostContext] Well known directory 'Bin': '/home/jenny/tensorflow-mri/bin'
[2025-03-19 15:20:00Z INFO HostContext] Well known directory 'Root': '/home/jenny/tensorflow-mri'
[2025-03-19 15:20:00Z INFO HostContext] Well known directory 'Work': '/home/jenny/tensorflow-mri/_work'
[2025-03-19 15:20:00Z INFO HostContext] Well known directory 'Bin': '/home/jenny/tensorflow-mri/bin'
[2025-03-19 15:20:00Z INFO HostContext] Well known directory 'Root': '/home/jenny/tensorflow-mri'
[2025-03-19 15:20:00Z INFO HostContext] Well known directory 'Work': '/home/jenny/tensorflow-mri/_work'
[2025-03-19 15:20:00Z INFO HostContext] Well known directory 'Bin': '/home/jenny/tensorflow-mri/bin'
[2025-03-19 15:20:00Z INFO HostContext] Well known directory 'Root': '/home/jenny/tensorflow-mri'
[2025-03-19 15:20:00Z INFO HostContext] Well known directory 'Work': '/home/jenny/tensorflow-mri/_work'
[2025-03-19 15:20:00Z INFO HostContext] Well known directory 'Bin': '/home/jenny/tensorflow-mri/bin'
[2025-03-19 15:20:00Z INFO HostContext] Well known directory 'Root': '/home/jenny/tensorflow-mri'
[2025-03-19 15:20:00Z INFO HostContext] Well known directory 'Work': '/home/jenny/tensorflow-mri/_work'
[2025-03-19 15:20:00Z INFO HostContext] Well known directory 'Tools': '/home/jenny/tensorflow-mri/_work/_tool'
[2025-03-19 15:20:00Z INFO HostContext] Well known directory 'Bin': '/home/jenny/tensorflow-mri/bin'
[2025-03-19 15:20:00Z INFO HostContext] Well known directory 'Root': '/home/jenny/tensorflow-mri'
[2025-03-19 15:20:00Z INFO HostContext] Well known directory 'Externals': '/home/jenny/tensorflow-mri/externals'
[2025-03-19 15:20:00Z INFO JobExtension] Downloading actions
[2025-03-19 15:20:00Z INFO HostContext] Well known directory 'Bin': '/home/jenny/tensorflow-mri/bin'
[2025-03-19 15:20:00Z INFO HostContext] Well known directory 'Root': '/home/jenny/tensorflow-mri'
[2025-03-19 15:20:00Z INFO HostContext] Well known directory 'Work': '/home/jenny/tensorflow-mri/_work'
[2025-03-19 15:20:00Z INFO HostContext] Well known directory 'Actions': '/home/jenny/tensorflow-mri/_work/_actions'
[2025-03-19 15:20:00Z INFO Worker] Listening for cancel message from the channel.
[2025-03-19 15:20:00Z INFO Worker] Waiting for the job to complete or for a cancel message from the channel.
[2025-03-19 15:20:00Z INFO ResultServer] Successfully started websocket client.
[2025-03-19 15:20:00Z INFO JobServerQueue] Try to append 1 batches web console lines for record '9c02dfa5-22f3-4b3d-9958-f4d0d38d3c66', success rate: 1/1.
[2025-03-19 15:20:00Z INFO HostContext] Well known directory 'Bin': '/home/jenny/tensorflow-mri/bin'
[2025-03-19 15:20:00Z INFO HostContext] Well known directory 'Root': '/home/jenny/tensorflow-mri'
[2025-03-19 15:20:00Z INFO HostContext] Well known directory 'Work': '/home/jenny/tensorflow-mri/_work'
[2025-03-19 15:20:00Z INFO HostContext] Well known directory 'Actions': '/home/jenny/tensorflow-mri/_work/_actions'
[2025-03-19 15:20:00Z INFO HostContext] Well known directory 'Bin': '/home/jenny/tensorflow-mri/bin'
[2025-03-19 15:20:00Z INFO HostContext] Well known directory 'Root': '/home/jenny/tensorflow-mri'
[2025-03-19 15:20:00Z INFO HostContext] Well known directory 'Work': '/home/jenny/tensorflow-mri/_work'
[2025-03-19 15:20:00Z INFO HostContext] Well known directory 'Actions': '/home/jenny/tensorflow-mri/_work/_actions'
[2025-03-19 15:20:00Z INFO ActionManager] Save archive 'https://api.github.com/repos/actions/checkout/tarball/11bd71901bbe5b1630ceea73d27597364c9af683' into /home/jenny/tensorflow-mri/_work/_actions/_temp_0109ac71-f807-4a52-b5c9-086ae83c0e87/face8819-afe1-4f94-8016-828063e10377.tar.gz.
[2025-03-19 15:20:01Z INFO JobServerQueue] Try to append 1 batches web console lines for record '9c02dfa5-22f3-4b3d-9958-f4d0d38d3c66', success rate: 1/1.
[2025-03-19 15:20:01Z INFO JobServerQueue] Job timeline record has been updated for the first time.
[2025-03-19 15:20:01Z INFO ActionManager] Request URL: https://api.github.com/repos/actions/checkout/tarball/11bd71901bbe5b1630ceea73d27597364c9af683 X-GitHub-Request-Id: 8B66:087E:12A3:3807:67DAE0A1 Http Status: OK
[2025-03-19 15:20:01Z INFO ActionManager] Which2: 'tar'
[2025-03-19 15:20:01Z INFO ActionManager] Location: '/usr/bin/tar'
[2025-03-19 15:20:01Z INFO ProcessInvokerWrapper] Starting process:
[2025-03-19 15:20:01Z INFO ProcessInvokerWrapper]   File name: '/usr/bin/tar'
[2025-03-19 15:20:01Z INFO ProcessInvokerWrapper]   Arguments: '-xzf "/home/jenny/tensorflow-mri/_work/_actions/_temp_0109ac71-f807-4a52-b5c9-086ae83c0e87/face8819-afe1-4f94-8016-828063e10377.tar.gz"'
[2025-03-19 15:20:01Z INFO ProcessInvokerWrapper]   Working directory: '/home/jenny/tensorflow-mri/_work/_actions/_temp_0109ac71-f807-4a52-b5c9-086ae83c0e87/_staging'
[2025-03-19 15:20:01Z INFO ProcessInvokerWrapper]   Require exit code zero: 'False'
[2025-03-19 15:20:01Z INFO ProcessInvokerWrapper]   Encoding web name:  ; code page: ''
[2025-03-19 15:20:01Z INFO ProcessInvokerWrapper]   Force kill process on cancellation: 'False'
[2025-03-19 15:20:01Z INFO ProcessInvokerWrapper]   Redirected STDIN: 'False'
[2025-03-19 15:20:01Z INFO ProcessInvokerWrapper]   Persist current code page: 'False'
[2025-03-19 15:20:01Z INFO ProcessInvokerWrapper]   Keep redirected STDIN open: 'False'
[2025-03-19 15:20:01Z INFO ProcessInvokerWrapper]   High priority process: 'False'
[2025-03-19 15:20:01Z INFO ProcessInvokerWrapper] Updated oom_score_adj to 500 for PID: 2264173.
[2025-03-19 15:20:01Z INFO ProcessInvokerWrapper] Process started with process id 2264173, waiting for process exit.
[2025-03-19 15:20:01Z INFO ProcessInvokerWrapper] STDOUT/STDERR stream read finished.
[2025-03-19 15:20:01Z INFO ProcessInvokerWrapper] STDOUT/STDERR stream read finished.
[2025-03-19 15:20:01Z INFO ProcessInvokerWrapper] Finished process 2264173 with exit code 0, and elapsed time 00:00:00.0117339.
[2025-03-19 15:20:01Z INFO ActionManager] Finished getting action repository.
[2025-03-19 15:20:01Z INFO HostContext] Well known directory 'Bin': '/home/jenny/tensorflow-mri/bin'
[2025-03-19 15:20:01Z INFO HostContext] Well known directory 'Root': '/home/jenny/tensorflow-mri'
[2025-03-19 15:20:01Z INFO HostContext] Well known directory 'Work': '/home/jenny/tensorflow-mri/_work'
[2025-03-19 15:20:01Z INFO HostContext] Well known directory 'Actions': '/home/jenny/tensorflow-mri/_work/_actions'
[2025-03-19 15:20:01Z INFO HostContext] Well known directory 'Bin': '/home/jenny/tensorflow-mri/bin'
[2025-03-19 15:20:01Z INFO HostContext] Well known directory 'Root': '/home/jenny/tensorflow-mri'
[2025-03-19 15:20:01Z INFO HostContext] Well known directory 'Work': '/home/jenny/tensorflow-mri/_work'
[2025-03-19 15:20:01Z INFO HostContext] Well known directory 'Actions': '/home/jenny/tensorflow-mri/_work/_actions'
[2025-03-19 15:20:01Z INFO ActionManager] Save archive 'https://api.github.com/repos/actions/upload-artifact/tarball/4cec3d8aa04e39d1a68397de0c4cd6fb9dce8ec1' into /home/jenny/tensorflow-mri/_work/_actions/_temp_dc61c1c2-5c61-45ee-ab62-409d98490601/54065132-cb6b-43a8-9be3-4c7d217902e8.tar.gz.
[2025-03-19 15:20:01Z INFO JobServerQueue] Try to append 1 batches web console lines for record '9c02dfa5-22f3-4b3d-9958-f4d0d38d3c66', success rate: 1/1.
[2025-03-19 15:20:01Z INFO ActionManager] Request URL: https://api.github.com/repos/actions/upload-artifact/tarball/4cec3d8aa04e39d1a68397de0c4cd6fb9dce8ec1 X-GitHub-Request-Id: 8B72:3EE349:9E5D:1F645:67DAE0A1 Http Status: OK
[2025-03-19 15:20:01Z INFO ActionManager] Which2: 'tar'
[2025-03-19 15:20:01Z INFO ActionManager] Location: '/usr/bin/tar'
[2025-03-19 15:20:01Z INFO ProcessInvokerWrapper] Starting process:
[2025-03-19 15:20:01Z INFO ProcessInvokerWrapper]   File name: '/usr/bin/tar'
[2025-03-19 15:20:01Z INFO ProcessInvokerWrapper]   Arguments: '-xzf "/home/jenny/tensorflow-mri/_work/_actions/_temp_dc61c1c2-5c61-45ee-ab62-409d98490601/54065132-cb6b-43a8-9be3-4c7d217902e8.tar.gz"'
[2025-03-19 15:20:01Z INFO ProcessInvokerWrapper]   Working directory: '/home/jenny/tensorflow-mri/_work/_actions/_temp_dc61c1c2-5c61-45ee-ab62-409d98490601/_staging'
[2025-03-19 15:20:01Z INFO ProcessInvokerWrapper]   Require exit code zero: 'False'
[2025-03-19 15:20:01Z INFO ProcessInvokerWrapper]   Encoding web name:  ; code page: ''
[2025-03-19 15:20:01Z INFO ProcessInvokerWrapper]   Force kill process on cancellation: 'False'
[2025-03-19 15:20:01Z INFO ProcessInvokerWrapper]   Redirected STDIN: 'False'
[2025-03-19 15:20:01Z INFO ProcessInvokerWrapper]   Persist current code page: 'False'
[2025-03-19 15:20:01Z INFO ProcessInvokerWrapper]   Keep redirected STDIN open: 'False'
[2025-03-19 15:20:01Z INFO ProcessInvokerWrapper]   High priority process: 'False'
[2025-03-19 15:20:01Z INFO ProcessInvokerWrapper] Updated oom_score_adj to 500 for PID: 2264182.
[2025-03-19 15:20:01Z INFO ProcessInvokerWrapper] Process started with process id 2264182, waiting for process exit.
[2025-03-19 15:20:01Z INFO ProcessInvokerWrapper] STDOUT/STDERR stream read finished.
[2025-03-19 15:20:01Z INFO ProcessInvokerWrapper] STDOUT/STDERR stream read finished.
[2025-03-19 15:20:01Z INFO ProcessInvokerWrapper] Finished process 2264182 with exit code 0, and elapsed time 00:00:00.0478525.
[2025-03-19 15:20:01Z INFO ActionManager] Finished getting action repository.
[2025-03-19 15:20:01Z INFO HostContext] Well known directory 'Bin': '/home/jenny/tensorflow-mri/bin'
[2025-03-19 15:20:01Z INFO HostContext] Well known directory 'Root': '/home/jenny/tensorflow-mri'
[2025-03-19 15:20:01Z INFO HostContext] Well known directory 'Work': '/home/jenny/tensorflow-mri/_work'
[2025-03-19 15:20:01Z INFO HostContext] Well known directory 'Actions': '/home/jenny/tensorflow-mri/_work/_actions'
[2025-03-19 15:20:01Z INFO HostContext] Well known directory 'Bin': '/home/jenny/tensorflow-mri/bin'
[2025-03-19 15:20:01Z INFO HostContext] Well known directory 'Root': '/home/jenny/tensorflow-mri'
[2025-03-19 15:20:01Z INFO HostContext] Well known directory 'Work': '/home/jenny/tensorflow-mri/_work'
[2025-03-19 15:20:01Z INFO HostContext] Well known directory 'Actions': '/home/jenny/tensorflow-mri/_work/_actions'
[2025-03-19 15:20:01Z INFO HostContext] Well known directory 'Bin': '/home/jenny/tensorflow-mri/bin'
[2025-03-19 15:20:01Z INFO HostContext] Well known directory 'Root': '/home/jenny/tensorflow-mri'
[2025-03-19 15:20:01Z INFO HostContext] Well known directory 'Work': '/home/jenny/tensorflow-mri/_work'
[2025-03-19 15:20:01Z INFO HostContext] Well known directory 'Actions': '/home/jenny/tensorflow-mri/_work/_actions'
[2025-03-19 15:20:01Z INFO ActionManager] Save archive 'https://api.github.com/repos/pypa/gh-action-pypi-publish/tarball/22b4d1f12511f2696162c08546dafbaa903448a2' into /home/jenny/tensorflow-mri/_work/_actions/_temp_14865b18-95f5-489b-b72f-9f04bc7073a3/da6b949f-542f-4526-869a-75baf0c771bd.tar.gz.
[2025-03-19 15:20:02Z INFO JobServerQueue] Try to append 1 batches web console lines for record '9c02dfa5-22f3-4b3d-9958-f4d0d38d3c66', success rate: 1/1.
[2025-03-19 15:20:02Z INFO ActionManager] Request URL: https://api.github.com/repos/pypa/gh-action-pypi-publish/tarball/22b4d1f12511f2696162c08546dafbaa903448a2 X-GitHub-Request-Id: 8B7E:35F23:A9B3:2018D:67DAE0A2 Http Status: OK
[2025-03-19 15:20:02Z INFO ActionManager] Which2: 'tar'
[2025-03-19 15:20:02Z INFO ActionManager] Location: '/usr/bin/tar'
[2025-03-19 15:20:02Z INFO ProcessInvokerWrapper] Starting process:
[2025-03-19 15:20:02Z INFO ProcessInvokerWrapper]   File name: '/usr/bin/tar'
[2025-03-19 15:20:02Z INFO ProcessInvokerWrapper]   Arguments: '-xzf "/home/jenny/tensorflow-mri/_work/_actions/_temp_14865b18-95f5-489b-b72f-9f04bc7073a3/da6b949f-542f-4526-869a-75baf0c771bd.tar.gz"'
[2025-03-19 15:20:02Z INFO ProcessInvokerWrapper]   Working directory: '/home/jenny/tensorflow-mri/_work/_actions/_temp_14865b18-95f5-489b-b72f-9f04bc7073a3/_staging'
[2025-03-19 15:20:02Z INFO ProcessInvokerWrapper]   Require exit code zero: 'False'
[2025-03-19 15:20:02Z INFO ProcessInvokerWrapper]   Encoding web name:  ; code page: ''
[2025-03-19 15:20:02Z INFO ProcessInvokerWrapper]   Force kill process on cancellation: 'False'
[2025-03-19 15:20:02Z INFO ProcessInvokerWrapper]   Redirected STDIN: 'False'
[2025-03-19 15:20:02Z INFO ProcessInvokerWrapper]   Persist current code page: 'False'
[2025-03-19 15:20:02Z INFO ProcessInvokerWrapper]   Keep redirected STDIN open: 'False'
[2025-03-19 15:20:02Z INFO ProcessInvokerWrapper]   High priority process: 'False'
[2025-03-19 15:20:02Z INFO ProcessInvokerWrapper] Updated oom_score_adj to 500 for PID: 2264192.
[2025-03-19 15:20:02Z INFO ProcessInvokerWrapper] Process started with process id 2264192, waiting for process exit.
[2025-03-19 15:20:02Z INFO ProcessInvokerWrapper] STDOUT/STDERR stream read finished.
[2025-03-19 15:20:02Z INFO ProcessInvokerWrapper] STDOUT/STDERR stream read finished.
[2025-03-19 15:20:02Z INFO ProcessInvokerWrapper] Finished process 2264192 with exit code 0, and elapsed time 00:00:00.0035681.
[2025-03-19 15:20:02Z INFO ActionManager] Finished getting action repository.
[2025-03-19 15:20:02Z INFO HostContext] Well known directory 'Bin': '/home/jenny/tensorflow-mri/bin'
[2025-03-19 15:20:02Z INFO HostContext] Well known directory 'Root': '/home/jenny/tensorflow-mri'
[2025-03-19 15:20:02Z INFO HostContext] Well known directory 'Work': '/home/jenny/tensorflow-mri/_work'
[2025-03-19 15:20:02Z INFO HostContext] Well known directory 'Actions': '/home/jenny/tensorflow-mri/_work/_actions'
[2025-03-19 15:20:02Z INFO ActionManifestManager] Load schema file with definitions: [
  "null",
  "boolean",
  "number",
  "string",
  "sequence",
  "mapping",
  "any",
  "action-root",
  "inputs",
  "input",
  "outputs",
  "output-definition",
  "runs",
  "container-runs",
  "container-runs-args",
  "container-runs-env",
  "node-runs",
  "plugin-runs",
  "composite-runs",
  "composite-steps",
  "composite-step",
  "run-step",
  "uses-step",
  "container-runs-context",
  "output-value",
  "input-default-context",
  "non-empty-string",
  "string-steps-context",
  "boolean-steps-context",
  "step-env",
  "step-if",
  "step-with"
]
[2025-03-19 15:20:02Z INFO HostContext] Well known directory 'Bin': '/home/jenny/tensorflow-mri/bin'
[2025-03-19 15:20:02Z INFO HostContext] Well known directory 'Root': '/home/jenny/tensorflow-mri'
[2025-03-19 15:20:02Z INFO HostContext] Well known directory 'Work': '/home/jenny/tensorflow-mri/_work'
[2025-03-19 15:20:02Z INFO HostContext] Well known directory 'Actions': '/home/jenny/tensorflow-mri/_work/_actions'
[2025-03-19 15:20:02Z INFO ActionManifestManager] Loaded action.yml file: {
  "name": "Checkout",
  "description": "Checkout a Git repository at a particular version",
  "inputs": {
    "type": 2,
    "map": [
      {
        "key": {
          "type": 0,
          "file": 2,
          "line": 4,
          "col": 3,
          "lit": "repository"
        },
        "value": {
          "type": 3,
          "file": 2,
          "line": 6,
          "col": 14,
          "expr": "github.repository"
        }
      },
      {
        "key": {
          "type": 0,
          "file": 2,
          "line": 7,
          "col": 3,
          "lit": "ref"
        },
        "value": ""
      },
      {
        "key": {
          "type": 0,
          "file": 2,
          "line": 12,
          "col": 3,
          "lit": "token"
        },
        "value": {
          "type": 3,
          "file": 2,
          "line": 24,
          "col": 14,
          "expr": "github.token"
        }
      },
      {
        "key": {
          "type": 0,
          "file": 2,
          "line": 25,
          "col": 3,
          "lit": "ssh-key"
        },
        "value": ""
      },
      {
        "key": {
          "type": 0,
          "file": 2,
          "line": 37,
          "col": 3,
          "lit": "ssh-known-hosts"
        },
        "value": ""
      },
      {
        "key": {
          "type": 0,
          "file": 2,
          "line": 42,
          "col": 3,
          "lit": "ssh-strict"
        },
        "value": {
          "type": 0,
          "file": 2,
          "line": 47,
          "col": 14,
          "lit": "true"
        }
      },
      {
        "key": {
          "type": 0,
          "file": 2,
          "line": 48,
          "col": 3,
          "lit": "ssh-user"
        },
        "value": {
          "type": 0,
          "file": 2,
          "line": 51,
          "col": 14,
          "lit": "git"
        }
      },
      {
        "key": {
          "type": 0,
          "file": 2,
          "line": 52,
          "col": 3,
          "lit": "persist-credentials"
        },
        "value": {
          "type": 0,
          "file": 2,
          "line": 54,
          "col": 14,
          "lit": "true"
        }
      },
      {
        "key": {
          "type": 0,
          "file": 2,
          "line": 55,
          "col": 3,
          "lit": "path"
        },
        "value": ""
      },
      {
        "key": {
          "type": 0,
          "file": 2,
          "line": 57,
          "col": 3,
          "lit": "clean"
        },
        "value": {
          "type": 0,
          "file": 2,
          "line": 59,
          "col": 14,
          "lit": "true"
        }
      },
      {
        "key": {
          "type": 0,
          "file": 2,
          "line": 60,
          "col": 3,
          "lit": "filter"
        },
        "value": {
          "type": 0,
          "file": 2,
          "line": 64,
          "col": 14,
          "lit": ""
        }
      },
      {
        "key": {
          "type": 0,
          "file": 2,
          "line": 65,
          "col": 3,
          "lit": "sparse-checkout"
        },
        "value": {
          "type": 0,
          "file": 2,
          "line": 69,
          "col": 14,
          "lit": ""
        }
      },
      {
        "key": {
          "type": 0,
          "file": 2,
          "line": 70,
          "col": 3,
          "lit": "sparse-checkout-cone-mode"
        },
        "value": {
          "type": 0,
          "file": 2,
          "line": 73,
          "col": 14,
          "lit": "true"
        }
      },
      {
        "key": {
          "type": 0,
          "file": 2,
          "line": 74,
          "col": 3,
          "lit": "fetch-depth"
        },
        "value": {
          "type": 0,
          "file": 2,
          "line": 76,
          "col": 14,
          "lit": "1"
        }
      },
      {
        "key": {
          "type": 0,
          "file": 2,
          "line": 77,
          "col": 3,
          "lit": "fetch-tags"
        },
        "value": {
          "type": 0,
          "file": 2,
          "line": 79,
          "col": 14,
          "lit": "false"
        }
      },
      {
        "key": {
          "type": 0,
          "file": 2,
          "line": 80,
          "col": 3,
          "lit": "show-progress"
        },
        "value": {
          "type": 0,
          "file": 2,
          "line": 82,
          "col": 14,
          "lit": "true"
        }
      },
      {
        "key": {
          "type": 0,
          "file": 2,
          "line": 83,
          "col": 3,
          "lit": "lfs"
        },
        "value": {
          "type": 0,
          "file": 2,
          "line": 85,
          "col": 14,
          "lit": "false"
        }
      },
      {
        "key": {
          "type": 0,
          "file": 2,
          "line": 86,
          "col": 3,
          "lit": "submodules"
        },
        "value": {
          "type": 0,
          "file": 2,
          "line": 94,
          "col": 14,
          "lit": "false"
        }
      },
      {
        "key": {
          "type": 0,
          "file": 2,
          "line": 95,
          "col": 3,
          "lit": "set-safe-directory"
        },
        "value": {
          "type": 0,
          "file": 2,
          "line": 97,
          "col": 14,
          "lit": "true"
        }
      },
      {
        "key": {
          "type": 0,
          "file": 2,
          "line": 98,
          "col": 3,
          "lit": "github-server-url"
        },
        "value": ""
      }
    ]
  },
  "execution": {
    "executionType": "nodeJS",
    "hasPre": false,
    "hasPost": true,
    "script": "dist/index.js",
    "pre": null,
    "post": "dist/index.js",
    "nodeVersion": "node20",
    "cleanupCondition": "always()",
    "initCondition": "always()"
  },
  "deprecated": null
}
[2025-03-19 15:20:02Z INFO ActionManager] Action node.js file: dist/index.js, no more preparation.
[2025-03-19 15:20:02Z INFO HostContext] Well known directory 'Bin': '/home/jenny/tensorflow-mri/bin'
[2025-03-19 15:20:02Z INFO HostContext] Well known directory 'Root': '/home/jenny/tensorflow-mri'
[2025-03-19 15:20:02Z INFO HostContext] Well known directory 'Work': '/home/jenny/tensorflow-mri/_work'
[2025-03-19 15:20:02Z INFO HostContext] Well known directory 'Actions': '/home/jenny/tensorflow-mri/_work/_actions'
[2025-03-19 15:20:02Z INFO ActionManager] Load action that reference repository from '/home/jenny/tensorflow-mri/_work/_actions/actions/checkout/v4'
[2025-03-19 15:20:02Z INFO HostContext] Well known directory 'Bin': '/home/jenny/tensorflow-mri/bin'
[2025-03-19 15:20:02Z INFO HostContext] Well known directory 'Root': '/home/jenny/tensorflow-mri'
[2025-03-19 15:20:02Z INFO HostContext] Well known directory 'Work': '/home/jenny/tensorflow-mri/_work'
[2025-03-19 15:20:02Z INFO HostContext] Well known directory 'Actions': '/home/jenny/tensorflow-mri/_work/_actions'
[2025-03-19 15:20:02Z INFO ActionManifestManager] Loaded action.yml file: {
  "name": "Checkout",
  "description": "Checkout a Git repository at a particular version",
  "inputs": {
    "type": 2,
    "map": [
      {
        "key": {
          "type": 0,
          "file": 2,
          "line": 4,
          "col": 3,
          "lit": "repository"
        },
        "value": {
          "type": 3,
          "file": 2,
          "line": 6,
          "col": 14,
          "expr": "github.repository"
        }
      },
      {
        "key": {
          "type": 0,
          "file": 2,
          "line": 7,
          "col": 3,
          "lit": "ref"
        },
        "value": ""
      },
      {
        "key": {
          "type": 0,
          "file": 2,
          "line": 12,
          "col": 3,
          "lit": "token"
        },
        "value": {
          "type": 3,
          "file": 2,
          "line": 24,
          "col": 14,
          "expr": "github.token"
        }
      },
      {
        "key": {
          "type": 0,
          "file": 2,
          "line": 25,
          "col": 3,
          "lit": "ssh-key"
        },
        "value": ""
      },
      {
        "key": {
          "type": 0,
          "file": 2,
          "line": 37,
          "col": 3,
          "lit": "ssh-known-hosts"
        },
        "value": ""
      },
      {
        "key": {
          "type": 0,
          "file": 2,
          "line": 42,
          "col": 3,
          "lit": "ssh-strict"
        },
        "value": {
          "type": 0,
          "file": 2,
          "line": 47,
          "col": 14,
          "lit": "true"
        }
      },
      {
        "key": {
          "type": 0,
          "file": 2,
          "line": 48,
          "col": 3,
          "lit": "ssh-user"
        },
        "value": {
          "type": 0,
          "file": 2,
          "line": 51,
          "col": 14,
          "lit": "git"
        }
      },
      {
        "key": {
          "type": 0,
          "file": 2,
          "line": 52,
          "col": 3,
          "lit": "persist-credentials"
        },
        "value": {
          "type": 0,
          "file": 2,
          "line": 54,
          "col": 14,
          "lit": "true"
        }
      },
      {
        "key": {
          "type": 0,
          "file": 2,
          "line": 55,
          "col": 3,
          "lit": "path"
        },
        "value": ""
      },
      {
        "key": {
          "type": 0,
          "file": 2,
          "line": 57,
          "col": 3,
          "lit": "clean"
        },
        "value": {
          "type": 0,
          "file": 2,
          "line": 59,
          "col": 14,
          "lit": "true"
        }
      },
      {
        "key": {
          "type": 0,
          "file": 2,
          "line": 60,
          "col": 3,
          "lit": "filter"
        },
        "value": {
          "type": 0,
          "file": 2,
          "line": 64,
          "col": 14,
          "lit": ""
        }
      },
      {
        "key": {
          "type": 0,
          "file": 2,
          "line": 65,
          "col": 3,
          "lit": "sparse-checkout"
        },
        "value": {
          "type": 0,
          "file": 2,
          "line": 69,
          "col": 14,
          "lit": ""
        }
      },
      {
        "key": {
          "type": 0,
          "file": 2,
          "line": 70,
          "col": 3,
          "lit": "sparse-checkout-cone-mode"
        },
        "value": {
          "type": 0,
          "file": 2,
          "line": 73,
          "col": 14,
          "lit": "true"
        }
      },
      {
        "key": {
          "type": 0,
          "file": 2,
          "line": 74,
          "col": 3,
          "lit": "fetch-depth"
        },
        "value": {
          "type": 0,
          "file": 2,
          "line": 76,
          "col": 14,
          "lit": "1"
        }
      },
      {
        "key": {
          "type": 0,
          "file": 2,
          "line": 77,
          "col": 3,
          "lit": "fetch-tags"
        },
        "value": {
          "type": 0,
          "file": 2,
          "line": 79,
          "col": 14,
          "lit": "false"
        }
      },
      {
        "key": {
          "type": 0,
          "file": 2,
          "line": 80,
          "col": 3,
          "lit": "show-progress"
        },
        "value": {
          "type": 0,
          "file": 2,
          "line": 82,
          "col": 14,
          "lit": "true"
        }
      },
      {
        "key": {
          "type": 0,
          "file": 2,
          "line": 83,
          "col": 3,
          "lit": "lfs"
        },
        "value": {
          "type": 0,
          "file": 2,
          "line": 85,
          "col": 14,
          "lit": "false"
        }
      },
      {
        "key": {
          "type": 0,
          "file": 2,
          "line": 86,
          "col": 3,
          "lit": "submodules"
        },
        "value": {
          "type": 0,
          "file": 2,
          "line": 94,
          "col": 14,
          "lit": "false"
        }
      },
      {
        "key": {
          "type": 0,
          "file": 2,
          "line": 95,
          "col": 3,
          "lit": "set-safe-directory"
        },
        "value": {
          "type": 0,
          "file": 2,
          "line": 97,
          "col": 14,
          "lit": "true"
        }
      },
      {
        "key": {
          "type": 0,
          "file": 2,
          "line": 98,
          "col": 3,
          "lit": "github-server-url"
        },
        "value": ""
      }
    ]
  },
  "execution": {
    "executionType": "nodeJS",
    "hasPre": false,
    "hasPost": true,
    "script": "dist/index.js",
    "pre": null,
    "post": "dist/index.js",
    "nodeVersion": "node20",
    "cleanupCondition": "always()",
    "initCondition": "always()"
  },
  "deprecated": null
}
[2025-03-19 15:20:02Z INFO ActionManager] Action pre node.js file: N/A.
[2025-03-19 15:20:02Z INFO ActionManager] Action node.js file: dist/index.js.
[2025-03-19 15:20:02Z INFO ActionManager] Action post node.js file: dist/index.js.
[2025-03-19 15:20:02Z INFO HostContext] Well known directory 'Bin': '/home/jenny/tensorflow-mri/bin'
[2025-03-19 15:20:02Z INFO HostContext] Well known directory 'Root': '/home/jenny/tensorflow-mri'
[2025-03-19 15:20:02Z INFO HostContext] Well known directory 'Work': '/home/jenny/tensorflow-mri/_work'
[2025-03-19 15:20:02Z INFO HostContext] Well known directory 'Actions': '/home/jenny/tensorflow-mri/_work/_actions'
[2025-03-19 15:20:02Z INFO HostContext] Well known directory 'Bin': '/home/jenny/tensorflow-mri/bin'
[2025-03-19 15:20:02Z INFO HostContext] Well known directory 'Root': '/home/jenny/tensorflow-mri'
[2025-03-19 15:20:02Z INFO HostContext] Well known directory 'Work': '/home/jenny/tensorflow-mri/_work'
[2025-03-19 15:20:02Z INFO HostContext] Well known directory 'Actions': '/home/jenny/tensorflow-mri/_work/_actions'
[2025-03-19 15:20:02Z INFO ActionManifestManager] Ignore action property author.
[2025-03-19 15:20:02Z INFO ActionManifestManager] Loaded action.yml file: {
  "name": "Upload a Build Artifact",
  "description": "Upload a build artifact that can be used by subsequent workflow steps",
  "inputs": {
    "type": 2,
    "map": [
      {
        "key": {
          "type": 0,
          "file": 3,
          "line": 5,
          "col": 3,
          "lit": "name"
        },
        "value": {
          "type": 0,
          "file": 3,
          "line": 7,
          "col": 14,
          "lit": "artifact"
        }
      },
      {
        "key": {
          "type": 0,
          "file": 3,
          "line": 8,
          "col": 3,
          "lit": "path"
        },
        "value": ""
      },
      {
        "key": {
          "type": 0,
          "file": 3,
          "line": 11,
          "col": 3,
          "lit": "if-no-files-found"
        },
        "value": {
          "type": 0,
          "file": 3,
          "line": 19,
          "col": 14,
          "lit": "warn"
        }
      },
      {
        "key": {
          "type": 0,
          "file": 3,
          "line": 20,
          "col": 3,
          "lit": "retention-days"
        },
        "value": ""
      },
      {
        "key": {
          "type": 0,
          "file": 3,
          "line": 26,
          "col": 3,
          "lit": "compression-level"
        },
        "value": {
          "type": 0,
          "file": 3,
          "line": 36,
          "col": 14,
          "lit": "6"
        }
      },
      {
        "key": {
          "type": 0,
          "file": 3,
          "line": 37,
          "col": 3,
          "lit": "overwrite"
        },
        "value": {
          "type": 0,
          "file": 3,
          "line": 42,
          "col": 14,
          "lit": "false"
        }
      },
      {
        "key": {
          "type": 0,
          "file": 3,
          "line": 43,
          "col": 3,
          "lit": "include-hidden-files"
        },
        "value": {
          "type": 0,
          "file": 3,
          "line": 47,
          "col": 14,
          "lit": "false"
        }
      }
    ]
  },
  "execution": {
    "executionType": "nodeJS",
    "hasPre": false,
    "hasPost": false,
    "script": "dist/upload/index.js",
    "pre": null,
    "post": null,
    "nodeVersion": "node20",
    "cleanupCondition": "always()",
    "initCondition": "always()"
  },
  "deprecated": null
}
[2025-03-19 15:20:02Z INFO ActionManager] Action node.js file: dist/upload/index.js, no more preparation.
[2025-03-19 15:20:02Z INFO HostContext] Well known directory 'Bin': '/home/jenny/tensorflow-mri/bin'
[2025-03-19 15:20:02Z INFO HostContext] Well known directory 'Root': '/home/jenny/tensorflow-mri'
[2025-03-19 15:20:02Z INFO HostContext] Well known directory 'Work': '/home/jenny/tensorflow-mri/_work'
[2025-03-19 15:20:02Z INFO HostContext] Well known directory 'Actions': '/home/jenny/tensorflow-mri/_work/_actions'
[2025-03-19 15:20:02Z INFO ActionManager] Load action that reference repository from '/home/jenny/tensorflow-mri/_work/_actions/actions/upload-artifact/v4'
[2025-03-19 15:20:02Z INFO HostContext] Well known directory 'Bin': '/home/jenny/tensorflow-mri/bin'
[2025-03-19 15:20:02Z INFO HostContext] Well known directory 'Root': '/home/jenny/tensorflow-mri'
[2025-03-19 15:20:02Z INFO HostContext] Well known directory 'Work': '/home/jenny/tensorflow-mri/_work'
[2025-03-19 15:20:02Z INFO HostContext] Well known directory 'Actions': '/home/jenny/tensorflow-mri/_work/_actions'
[2025-03-19 15:20:02Z INFO ActionManifestManager] Ignore action property author.
[2025-03-19 15:20:02Z INFO ActionManifestManager] Loaded action.yml file: {
  "name": "Upload a Build Artifact",
  "description": "Upload a build artifact that can be used by subsequent workflow steps",
  "inputs": {
    "type": 2,
    "map": [
      {
        "key": {
          "type": 0,
          "file": 3,
          "line": 5,
          "col": 3,
          "lit": "name"
        },
        "value": {
          "type": 0,
          "file": 3,
          "line": 7,
          "col": 14,
          "lit": "artifact"
        }
      },
      {
        "key": {
          "type": 0,
          "file": 3,
          "line": 8,
          "col": 3,
          "lit": "path"
        },
        "value": ""
      },
      {
        "key": {
          "type": 0,
          "file": 3,
          "line": 11,
          "col": 3,
          "lit": "if-no-files-found"
        },
        "value": {
          "type": 0,
          "file": 3,
          "line": 19,
          "col": 14,
          "lit": "warn"
        }
      },
      {
        "key": {
          "type": 0,
          "file": 3,
          "line": 20,
          "col": 3,
          "lit": "retention-days"
        },
        "value": ""
      },
      {
        "key": {
          "type": 0,
          "file": 3,
          "line": 26,
          "col": 3,
          "lit": "compression-level"
        },
        "value": {
          "type": 0,
          "file": 3,
          "line": 36,
          "col": 14,
          "lit": "6"
        }
      },
      {
        "key": {
          "type": 0,
          "file": 3,
          "line": 37,
          "col": 3,
          "lit": "overwrite"
        },
        "value": {
          "type": 0,
          "file": 3,
          "line": 42,
          "col": 14,
          "lit": "false"
        }
      },
      {
        "key": {
          "type": 0,
          "file": 3,
          "line": 43,
          "col": 3,
          "lit": "include-hidden-files"
        },
        "value": {
          "type": 0,
          "file": 3,
          "line": 47,
          "col": 14,
          "lit": "false"
        }
      }
    ]
  },
  "execution": {
    "executionType": "nodeJS",
    "hasPre": false,
    "hasPost": false,
    "script": "dist/upload/index.js",
    "pre": null,
    "post": null,
    "nodeVersion": "node20",
    "cleanupCondition": "always()",
    "initCondition": "always()"
  },
  "deprecated": null
}
[2025-03-19 15:20:02Z INFO ActionManager] Action pre node.js file: N/A.
[2025-03-19 15:20:02Z INFO ActionManager] Action node.js file: dist/upload/index.js.
[2025-03-19 15:20:02Z INFO ActionManager] Action post node.js file: N/A.
[2025-03-19 15:20:02Z INFO HostContext] Well known directory 'Bin': '/home/jenny/tensorflow-mri/bin'
[2025-03-19 15:20:02Z INFO HostContext] Well known directory 'Root': '/home/jenny/tensorflow-mri'
[2025-03-19 15:20:02Z INFO HostContext] Well known directory 'Work': '/home/jenny/tensorflow-mri/_work'
[2025-03-19 15:20:02Z INFO HostContext] Well known directory 'Actions': '/home/jenny/tensorflow-mri/_work/_actions'
[2025-03-19 15:20:02Z INFO HostContext] Well known directory 'Bin': '/home/jenny/tensorflow-mri/bin'
[2025-03-19 15:20:02Z INFO HostContext] Well known directory 'Root': '/home/jenny/tensorflow-mri'
[2025-03-19 15:20:02Z INFO HostContext] Well known directory 'Work': '/home/jenny/tensorflow-mri/_work'
[2025-03-19 15:20:02Z INFO HostContext] Well known directory 'Actions': '/home/jenny/tensorflow-mri/_work/_actions'
[2025-03-19 15:20:02Z INFO ActionManifestManager] Ignore action property author.
[2025-03-19 15:20:02Z INFO ActionManifestManager] Loaded action.yml file: {
  "name": "Upload a Build Artifact",
  "description": "Upload a build artifact that can be used by subsequent workflow steps",
  "inputs": {
    "type": 2,
    "map": [
      {
        "key": {
          "type": 0,
          "file": 3,
          "line": 5,
          "col": 3,
          "lit": "name"
        },
        "value": {
          "type": 0,
          "file": 3,
          "line": 7,
          "col": 14,
          "lit": "artifact"
        }
      },
      {
        "key": {
          "type": 0,
          "file": 3,
          "line": 8,
          "col": 3,
          "lit": "path"
        },
        "value": ""
      },
      {
        "key": {
          "type": 0,
          "file": 3,
          "line": 11,
          "col": 3,
          "lit": "if-no-files-found"
        },
        "value": {
          "type": 0,
          "file": 3,
          "line": 19,
          "col": 14,
          "lit": "warn"
        }
      },
      {
        "key": {
          "type": 0,
          "file": 3,
          "line": 20,
          "col": 3,
          "lit": "retention-days"
        },
        "value": ""
      },
      {
        "key": {
          "type": 0,
          "file": 3,
          "line": 26,
          "col": 3,
          "lit": "compression-level"
        },
        "value": {
          "type": 0,
          "file": 3,
          "line": 36,
          "col": 14,
          "lit": "6"
        }
      },
      {
        "key": {
          "type": 0,
          "file": 3,
          "line": 37,
          "col": 3,
          "lit": "overwrite"
        },
        "value": {
          "type": 0,
          "file": 3,
          "line": 42,
          "col": 14,
          "lit": "false"
        }
      },
      {
        "key": {
          "type": 0,
          "file": 3,
          "line": 43,
          "col": 3,
          "lit": "include-hidden-files"
        },
        "value": {
          "type": 0,
          "file": 3,
          "line": 47,
          "col": 14,
          "lit": "false"
        }
      }
    ]
  },
  "execution": {
    "executionType": "nodeJS",
    "hasPre": false,
    "hasPost": false,
    "script": "dist/upload/index.js",
    "pre": null,
    "post": null,
    "nodeVersion": "node20",
    "cleanupCondition": "always()",
    "initCondition": "always()"
  },
  "deprecated": null
}
[2025-03-19 15:20:02Z INFO ActionManager] Action node.js file: dist/upload/index.js, no more preparation.
[2025-03-19 15:20:02Z INFO HostContext] Well known directory 'Bin': '/home/jenny/tensorflow-mri/bin'
[2025-03-19 15:20:02Z INFO HostContext] Well known directory 'Root': '/home/jenny/tensorflow-mri'
[2025-03-19 15:20:02Z INFO HostContext] Well known directory 'Work': '/home/jenny/tensorflow-mri/_work'
[2025-03-19 15:20:02Z INFO HostContext] Well known directory 'Actions': '/home/jenny/tensorflow-mri/_work/_actions'
[2025-03-19 15:20:02Z INFO ActionManager] Load action that reference repository from '/home/jenny/tensorflow-mri/_work/_actions/actions/upload-artifact/v4'
[2025-03-19 15:20:02Z INFO HostContext] Well known directory 'Bin': '/home/jenny/tensorflow-mri/bin'
[2025-03-19 15:20:02Z INFO HostContext] Well known directory 'Root': '/home/jenny/tensorflow-mri'
[2025-03-19 15:20:02Z INFO HostContext] Well known directory 'Work': '/home/jenny/tensorflow-mri/_work'
[2025-03-19 15:20:02Z INFO HostContext] Well known directory 'Actions': '/home/jenny/tensorflow-mri/_work/_actions'
[2025-03-19 15:20:02Z INFO ActionManifestManager] Ignore action property author.
[2025-03-19 15:20:02Z INFO ActionManifestManager] Loaded action.yml file: {
  "name": "Upload a Build Artifact",
  "description": "Upload a build artifact that can be used by subsequent workflow steps",
  "inputs": {
    "type": 2,
    "map": [
      {
        "key": {
          "type": 0,
          "file": 3,
          "line": 5,
          "col": 3,
          "lit": "name"
        },
        "value": {
          "type": 0,
          "file": 3,
          "line": 7,
          "col": 14,
          "lit": "artifact"
        }
      },
      {
        "key": {
          "type": 0,
          "file": 3,
          "line": 8,
          "col": 3,
          "lit": "path"
        },
        "value": ""
      },
      {
        "key": {
          "type": 0,
          "file": 3,
          "line": 11,
          "col": 3,
          "lit": "if-no-files-found"
        },
        "value": {
          "type": 0,
          "file": 3,
          "line": 19,
          "col": 14,
          "lit": "warn"
        }
      },
      {
        "key": {
          "type": 0,
          "file": 3,
          "line": 20,
          "col": 3,
          "lit": "retention-days"
        },
        "value": ""
      },
      {
        "key": {
          "type": 0,
          "file": 3,
          "line": 26,
          "col": 3,
          "lit": "compression-level"
        },
        "value": {
          "type": 0,
          "file": 3,
          "line": 36,
          "col": 14,
          "lit": "6"
        }
      },
      {
        "key": {
          "type": 0,
          "file": 3,
          "line": 37,
          "col": 3,
          "lit": "overwrite"
        },
        "value": {
          "type": 0,
          "file": 3,
          "line": 42,
          "col": 14,
          "lit": "false"
        }
      },
      {
        "key": {
          "type": 0,
          "file": 3,
          "line": 43,
          "col": 3,
          "lit": "include-hidden-files"
        },
        "value": {
          "type": 0,
          "file": 3,
          "line": 47,
          "col": 14,
          "lit": "false"
        }
      }
    ]
  },
  "execution": {
    "executionType": "nodeJS",
    "hasPre": false,
    "hasPost": false,
    "script": "dist/upload/index.js",
    "pre": null,
    "post": null,
    "nodeVersion": "node20",
    "cleanupCondition": "always()",
    "initCondition": "always()"
  },
  "deprecated": null
}
[2025-03-19 15:20:02Z INFO ActionManager] Action pre node.js file: N/A.
[2025-03-19 15:20:02Z INFO ActionManager] Action node.js file: dist/upload/index.js.
[2025-03-19 15:20:02Z INFO ActionManager] Action post node.js file: N/A.
[2025-03-19 15:20:02Z INFO HostContext] Well known directory 'Bin': '/home/jenny/tensorflow-mri/bin'
[2025-03-19 15:20:02Z INFO HostContext] Well known directory 'Root': '/home/jenny/tensorflow-mri'
[2025-03-19 15:20:02Z INFO HostContext] Well known directory 'Work': '/home/jenny/tensorflow-mri/_work'
[2025-03-19 15:20:02Z INFO HostContext] Well known directory 'Actions': '/home/jenny/tensorflow-mri/_work/_actions'
[2025-03-19 15:20:02Z INFO HostContext] Well known directory 'Bin': '/home/jenny/tensorflow-mri/bin'
[2025-03-19 15:20:02Z INFO HostContext] Well known directory 'Root': '/home/jenny/tensorflow-mri'
[2025-03-19 15:20:02Z INFO HostContext] Well known directory 'Work': '/home/jenny/tensorflow-mri/_work'
[2025-03-19 15:20:02Z INFO HostContext] Well known directory 'Actions': '/home/jenny/tensorflow-mri/_work/_actions'
[2025-03-19 15:20:02Z INFO ActionManifestManager] Ignore action property branding.
[2025-03-19 15:20:02Z INFO ActionManifestManager] Loaded action.yml file: {
  "name": "pypi-publish",
  "description": "Upload Python distribution packages to PyPI",
  "inputs": {
    "type": 2,
    "map": [
      {
        "key": {
          "type": 0,
          "file": 4,
          "line": 5,
          "col": 3,
          "lit": "user"
        },
        "value": {
          "type": 0,
          "file": 4,
          "line": 8,
          "col": 14,
          "lit": "__token__"
        }
      },
      {
        "key": {
          "type": 0,
          "file": 4,
          "line": 9,
          "col": 3,
          "lit": "password"
        },
        "value": ""
      },
      {
        "key": {
          "type": 0,
          "file": 4,
          "line": 12,
          "col": 3,
          "lit": "repository-url"
        },
        "value": ""
      },
      {
        "key": {
          "type": 0,
          "file": 4,
          "line": 15,
          "col": 3,
          "lit": "repository_url"
        },
        "value": ""
      },
      {
        "key": {
          "type": 0,
          "file": 4,
          "line": 23,
          "col": 3,
          "lit": "packages-dir"
        },
        "value": ""
      },
      {
        "key": {
          "type": 0,
          "file": 4,
          "line": 27,
          "col": 3,
          "lit": "packages_dir"
        },
        "value": {
          "type": 0,
          "file": 4,
          "line": 35,
          "col": 14,
          "lit": "dist"
        }
      },
      {
        "key": {
          "type": 0,
          "file": 4,
          "line": 36,
          "col": 3,
          "lit": "verify-metadata"
        },
        "value": ""
      },
      {
        "key": {
          "type": 0,
          "file": 4,
          "line": 40,
          "col": 3,
          "lit": "verify_metadata"
        },
        "value": {
          "type": 0,
          "file": 4,
          "line": 48,
          "col": 14,
          "lit": "true"
        }
      },
      {
        "key": {
          "type": 0,
          "file": 4,
          "line": 49,
          "col": 3,
          "lit": "skip-existing"
        },
        "value": ""
      },
      {
        "key": {
          "type": 0,
          "file": 4,
          "line": 55,
          "col": 3,
          "lit": "skip_existing"
        },
        "value": {
          "type": 0,
          "file": 4,
          "line": 64,
          "col": 14,
          "lit": "false"
        }
      },
      {
        "key": {
          "type": 0,
          "file": 4,
          "line": 65,
          "col": 3,
          "lit": "verbose"
        },
        "value": {
          "type": 0,
          "file": 4,
          "line": 68,
          "col": 14,
          "lit": "false"
        }
      },
      {
        "key": {
          "type": 0,
          "file": 4,
          "line": 69,
          "col": 3,
          "lit": "print-hash"
        },
        "value": ""
      },
      {
        "key": {
          "type": 0,
          "file": 4,
          "line": 73,
          "col": 3,
          "lit": "print_hash"
        },
        "value": {
          "type": 0,
          "file": 4,
          "line": 81,
          "col": 14,
          "lit": "false"
        }
      }
    ]
  },
  "execution": {
    "executionType": "container",
    "hasPre": false,
    "hasPost": false,
    "image": "Dockerfile",
    "entryPoint": null,
    "arguments": {
      "type": 1,
      "file": 4,
      "line": 89,
      "col": 3,
      "seq": [
        {
          "type": 3,
          "file": 4,
          "line": 89,
          "col": 5,
          "expr": "inputs.user"
        },
        {
          "type": 3,
          "file": 4,
          "line": 90,
          "col": 5,
          "expr": "inputs.password"
        },
        {
          "type": 3,
          "file": 4,
          "line": 91,
          "col": 5,
          "expr": "inputs.repository-url"
        },
        {
          "type": 3,
          "file": 4,
          "line": 92,
          "col": 5,
          "expr": "inputs.packages-dir"
        },
        {
          "type": 3,
          "file": 4,
          "line": 93,
          "col": 5,
          "expr": "inputs.verify-metadata"
        },
        {
          "type": 3,
          "file": 4,
          "line": 94,
          "col": 5,
          "expr": "inputs.skip-existing"
        },
        {
          "type": 3,
          "file": 4,
          "line": 95,
          "col": 5,
          "expr": "inputs.verbose"
        },
        {
          "type": 3,
          "file": 4,
          "line": 96,
          "col": 5,
          "expr": "inputs.print-hash"
        }
      ]
    },
    "environment": null,
    "pre": null,
    "post": null,
    "cleanupCondition": "always()",
    "initCondition": "always()"
  },
  "deprecated": {
    "repository_url": "The inputs have been normalized to use kebab-case. Use `repository-url` instead.",
    "packages_dir": "The inputs have been normalized to use kebab-case. Use `packages-dir` instead.",
    "verify_metadata": "The inputs have been normalized to use kebab-case. Use `verify-metadata` instead.",
    "skip_existing": "The inputs have been normalized to use kebab-case. Use `skip-existing` instead.",
    "print_hash": "The inputs have been normalized to use kebab-case. Use `print-hash` instead."
  }
}
[2025-03-19 15:20:02Z INFO ActionManager] Action __pypa_gh-action-pypi-publish (7fb4f7eb-691c-4529-a577-6e4ec131b8a0) from repository 'pypa/gh-action-pypi-publish@release/v1.7' needs to build image '/home/jenny/tensorflow-mri/_work/_actions/pypa/gh-action-pypi-publish/release/v1.7/Dockerfile'
[2025-03-19 15:20:02Z INFO HostContext] Well known directory 'Bin': '/home/jenny/tensorflow-mri/bin'
[2025-03-19 15:20:02Z INFO HostContext] Well known directory 'Root': '/home/jenny/tensorflow-mri'
[2025-03-19 15:20:02Z INFO HostContext] Well known directory 'Work': '/home/jenny/tensorflow-mri/_work'
[2025-03-19 15:20:02Z INFO HostContext] Well known directory 'Actions': '/home/jenny/tensorflow-mri/_work/_actions'
[2025-03-19 15:20:02Z INFO ActionManager] Load action that reference repository from '/home/jenny/tensorflow-mri/_work/_actions/pypa/gh-action-pypi-publish/release/v1.7'
[2025-03-19 15:20:02Z INFO HostContext] Well known directory 'Bin': '/home/jenny/tensorflow-mri/bin'
[2025-03-19 15:20:02Z INFO HostContext] Well known directory 'Root': '/home/jenny/tensorflow-mri'
[2025-03-19 15:20:02Z INFO HostContext] Well known directory 'Work': '/home/jenny/tensorflow-mri/_work'
[2025-03-19 15:20:02Z INFO HostContext] Well known directory 'Actions': '/home/jenny/tensorflow-mri/_work/_actions'
[2025-03-19 15:20:02Z INFO ActionManifestManager] Ignore action property branding.
[2025-03-19 15:20:02Z INFO ActionManifestManager] Loaded action.yml file: {
  "name": "pypi-publish",
  "description": "Upload Python distribution packages to PyPI",
  "inputs": {
    "type": 2,
    "map": [
      {
        "key": {
          "type": 0,
          "file": 4,
          "line": 5,
          "col": 3,
          "lit": "user"
        },
        "value": {
          "type": 0,
          "file": 4,
          "line": 8,
          "col": 14,
          "lit": "__token__"
        }
      },
      {
        "key": {
          "type": 0,
          "file": 4,
          "line": 9,
          "col": 3,
          "lit": "password"
        },
        "value": ""
      },
      {
        "key": {
          "type": 0,
          "file": 4,
          "line": 12,
          "col": 3,
          "lit": "repository-url"
        },
        "value": ""
      },
      {
        "key": {
          "type": 0,
          "file": 4,
          "line": 15,
          "col": 3,
          "lit": "repository_url"
        },
        "value": ""
      },
      {
        "key": {
          "type": 0,
          "file": 4,
          "line": 23,
          "col": 3,
          "lit": "packages-dir"
        },
        "value": ""
      },
      {
        "key": {
          "type": 0,
          "file": 4,
          "line": 27,
          "col": 3,
          "lit": "packages_dir"
        },
        "value": {
          "type": 0,
          "file": 4,
          "line": 35,
          "col": 14,
          "lit": "dist"
        }
      },
      {
        "key": {
          "type": 0,
          "file": 4,
          "line": 36,
          "col": 3,
          "lit": "verify-metadata"
        },
        "value": ""
      },
      {
        "key": {
          "type": 0,
          "file": 4,
          "line": 40,
          "col": 3,
          "lit": "verify_metadata"
        },
        "value": {
          "type": 0,
          "file": 4,
          "line": 48,
          "col": 14,
          "lit": "true"
        }
      },
      {
        "key": {
          "type": 0,
          "file": 4,
          "line": 49,
          "col": 3,
          "lit": "skip-existing"
        },
        "value": ""
      },
      {
        "key": {
          "type": 0,
          "file": 4,
          "line": 55,
          "col": 3,
          "lit": "skip_existing"
        },
        "value": {
          "type": 0,
          "file": 4,
          "line": 64,
          "col": 14,
          "lit": "false"
        }
      },
      {
        "key": {
          "type": 0,
          "file": 4,
          "line": 65,
          "col": 3,
          "lit": "verbose"
        },
        "value": {
          "type": 0,
          "file": 4,
          "line": 68,
          "col": 14,
          "lit": "false"
        }
      },
      {
        "key": {
          "type": 0,
          "file": 4,
          "line": 69,
          "col": 3,
          "lit": "print-hash"
        },
        "value": ""
      },
      {
        "key": {
          "type": 0,
          "file": 4,
          "line": 73,
          "col": 3,
          "lit": "print_hash"
        },
        "value": {
          "type": 0,
          "file": 4,
          "line": 81,
          "col": 14,
          "lit": "false"
        }
      }
    ]
  },
  "execution": {
    "executionType": "container",
    "hasPre": false,
    "hasPost": false,
    "image": "Dockerfile",
    "entryPoint": null,
    "arguments": {
      "type": 1,
      "file": 4,
      "line": 89,
      "col": 3,
      "seq": [
        {
          "type": 3,
          "file": 4,
          "line": 89,
          "col": 5,
          "expr": "inputs.user"
        },
        {
          "type": 3,
          "file": 4,
          "line": 90,
          "col": 5,
          "expr": "inputs.password"
        },
        {
          "type": 3,
          "file": 4,
          "line": 91,
          "col": 5,
          "expr": "inputs.repository-url"
        },
        {
          "type": 3,
          "file": 4,
          "line": 92,
          "col": 5,
          "expr": "inputs.packages-dir"
        },
        {
          "type": 3,
          "file": 4,
          "line": 93,
          "col": 5,
          "expr": "inputs.verify-metadata"
        },
        {
          "type": 3,
          "file": 4,
          "line": 94,
          "col": 5,
          "expr": "inputs.skip-existing"
        },
        {
          "type": 3,
          "file": 4,
          "line": 95,
          "col": 5,
          "expr": "inputs.verbose"
        },
        {
          "type": 3,
          "file": 4,
          "line": 96,
          "col": 5,
          "expr": "inputs.print-hash"
        }
      ]
    },
    "environment": null,
    "pre": null,
    "post": null,
    "cleanupCondition": "always()",
    "initCondition": "always()"
  },
  "deprecated": {
    "repository_url": "The inputs have been normalized to use kebab-case. Use `repository-url` instead.",
    "packages_dir": "The inputs have been normalized to use kebab-case. Use `packages-dir` instead.",
    "verify_metadata": "The inputs have been normalized to use kebab-case. Use `verify-metadata` instead.",
    "skip_existing": "The inputs have been normalized to use kebab-case. Use `skip-existing` instead.",
    "print_hash": "The inputs have been normalized to use kebab-case. Use `print-hash` instead."
  }
}
[2025-03-19 15:20:02Z INFO ActionManager] Action container Dockerfile/image: Dockerfile.
[2025-03-19 15:20:02Z INFO ActionManager] Action container args:  {
  "type": 1,
  "file": 4,
  "line": 89,
  "col": 3,
  "seq": [
    {
      "type": 3,
      "file": 4,
      "line": 89,
      "col": 5,
      "expr": "inputs.user"
    },
    {
      "type": 3,
      "file": 4,
      "line": 90,
      "col": 5,
      "expr": "inputs.password"
    },
    {
      "type": 3,
      "file": 4,
      "line": 91,
      "col": 5,
      "expr": "inputs.repository-url"
    },
    {
      "type": 3,
      "file": 4,
      "line": 92,
      "col": 5,
      "expr": "inputs.packages-dir"
    },
    {
      "type": 3,
      "file": 4,
      "line": 93,
      "col": 5,
      "expr": "inputs.verify-metadata"
    },
    {
      "type": 3,
      "file": 4,
      "line": 94,
      "col": 5,
      "expr": "inputs.skip-existing"
    },
    {
      "type": 3,
      "file": 4,
      "line": 95,
      "col": 5,
      "expr": "inputs.verbose"
    },
    {
      "type": 3,
      "file": 4,
      "line": 96,
      "col": 5,
      "expr": "inputs.print-hash"
    }
  ]
}.
[2025-03-19 15:20:02Z INFO ActionManager] 1 steps need to build image from '/home/jenny/tensorflow-mri/_work/_actions/pypa/gh-action-pypi-publish/release/v1.7/Dockerfile'
[2025-03-19 15:20:02Z INFO DockerCommandManager] Which2: 'docker'
[2025-03-19 15:20:02Z INFO DockerCommandManager] Location: '/usr/bin/docker'
[2025-03-19 15:20:02Z INFO HostContext] Well known directory 'Bin': '/home/jenny/tensorflow-mri/bin'
[2025-03-19 15:20:02Z INFO HostContext] Well known directory 'Root': '/home/jenny/tensorflow-mri'
[2025-03-19 15:20:02Z INFO JobExtension] Adding .
[2025-03-19 15:20:02Z INFO JobExtension] Adding .
[2025-03-19 15:20:02Z INFO JobExtension] Adding .
[2025-03-19 15:20:02Z INFO JobExtension] Adding .
[2025-03-19 15:20:02Z INFO JobExtension] Adding .
[2025-03-19 15:20:02Z INFO JobExtension] Adding .
[2025-03-19 15:20:02Z INFO JobExtension] Adding .
[2025-03-19 15:20:02Z INFO JobExtension] Adding .
[2025-03-19 15:20:02Z INFO JobExtension] Adding .
[2025-03-19 15:20:02Z INFO JobExtension] Adding .
[2025-03-19 15:20:02Z INFO HostContext] Well known directory 'Bin': '/home/jenny/tensorflow-mri/bin'
[2025-03-19 15:20:02Z INFO HostContext] Well known directory 'Root': '/home/jenny/tensorflow-mri'
[2025-03-19 15:20:02Z INFO HostContext] Well known directory 'Diag': '/home/jenny/tensorflow-mri/_diag'
[2025-03-19 15:20:02Z INFO HostContext] Well known directory 'Bin': '/home/jenny/tensorflow-mri/bin'
[2025-03-19 15:20:02Z INFO HostContext] Well known directory 'Root': '/home/jenny/tensorflow-mri'
[2025-03-19 15:20:02Z INFO HostContext] Well known directory 'Diag': '/home/jenny/tensorflow-mri/_diag'
[2025-03-19 15:20:02Z INFO HostContext] Well known directory 'Bin': '/home/jenny/tensorflow-mri/bin'
[2025-03-19 15:20:02Z INFO HostContext] Well known directory 'Root': '/home/jenny/tensorflow-mri'
[2025-03-19 15:20:02Z INFO HostContext] Well known directory 'Diag': '/home/jenny/tensorflow-mri/_diag'
[2025-03-19 15:20:02Z INFO HostContext] Well known directory 'Bin': '/home/jenny/tensorflow-mri/bin'
[2025-03-19 15:20:02Z INFO HostContext] Well known directory 'Root': '/home/jenny/tensorflow-mri'
[2025-03-19 15:20:02Z INFO HostContext] Well known directory 'Diag': '/home/jenny/tensorflow-mri/_diag'
[2025-03-19 15:20:02Z INFO HostContext] Well known directory 'Bin': '/home/jenny/tensorflow-mri/bin'
[2025-03-19 15:20:02Z INFO HostContext] Well known directory 'Root': '/home/jenny/tensorflow-mri'
[2025-03-19 15:20:02Z INFO HostContext] Well known directory 'Diag': '/home/jenny/tensorflow-mri/_diag'
[2025-03-19 15:20:02Z INFO HostContext] Well known directory 'Bin': '/home/jenny/tensorflow-mri/bin'
[2025-03-19 15:20:02Z INFO HostContext] Well known directory 'Root': '/home/jenny/tensorflow-mri'
[2025-03-19 15:20:02Z INFO HostContext] Well known directory 'Diag': '/home/jenny/tensorflow-mri/_diag'
[2025-03-19 15:20:02Z INFO HostContext] Well known directory 'Bin': '/home/jenny/tensorflow-mri/bin'
[2025-03-19 15:20:02Z INFO HostContext] Well known directory 'Root': '/home/jenny/tensorflow-mri'
[2025-03-19 15:20:02Z INFO HostContext] Well known directory 'Diag': '/home/jenny/tensorflow-mri/_diag'
[2025-03-19 15:20:02Z INFO HostContext] Well known directory 'Bin': '/home/jenny/tensorflow-mri/bin'
[2025-03-19 15:20:02Z INFO HostContext] Well known directory 'Root': '/home/jenny/tensorflow-mri'
[2025-03-19 15:20:02Z INFO HostContext] Well known directory 'Diag': '/home/jenny/tensorflow-mri/_diag'
[2025-03-19 15:20:02Z INFO HostContext] Well known directory 'Bin': '/home/jenny/tensorflow-mri/bin'
[2025-03-19 15:20:02Z INFO HostContext] Well known directory 'Root': '/home/jenny/tensorflow-mri'
[2025-03-19 15:20:02Z INFO HostContext] Well known directory 'Diag': '/home/jenny/tensorflow-mri/_diag'
[2025-03-19 15:20:02Z INFO HostContext] Well known directory 'Bin': '/home/jenny/tensorflow-mri/bin'
[2025-03-19 15:20:02Z INFO HostContext] Well known directory 'Root': '/home/jenny/tensorflow-mri'
[2025-03-19 15:20:02Z INFO HostContext] Well known directory 'Diag': '/home/jenny/tensorflow-mri/_diag'
[2025-03-19 15:20:02Z INFO HostContext] Well known directory 'Bin': '/home/jenny/tensorflow-mri/bin'
[2025-03-19 15:20:02Z INFO HostContext] Well known directory 'Root': '/home/jenny/tensorflow-mri'
[2025-03-19 15:20:02Z INFO HostContext] Well known directory 'Diag': '/home/jenny/tensorflow-mri/_diag'
[2025-03-19 15:20:02Z INFO HostContext] Well known directory 'Bin': '/home/jenny/tensorflow-mri/bin'
[2025-03-19 15:20:02Z INFO HostContext] Well known directory 'Root': '/home/jenny/tensorflow-mri'
[2025-03-19 15:20:02Z INFO HostContext] Well known directory 'Diag': '/home/jenny/tensorflow-mri/_diag'
[2025-03-19 15:20:02Z INFO HostContext] Well known directory 'Bin': '/home/jenny/tensorflow-mri/bin'
[2025-03-19 15:20:02Z INFO HostContext] Well known directory 'Root': '/home/jenny/tensorflow-mri'
[2025-03-19 15:20:02Z INFO HostContext] Well known directory 'Diag': '/home/jenny/tensorflow-mri/_diag'
[2025-03-19 15:20:02Z INFO HostContext] Well known directory 'Bin': '/home/jenny/tensorflow-mri/bin'
[2025-03-19 15:20:02Z INFO HostContext] Well known directory 'Root': '/home/jenny/tensorflow-mri'
[2025-03-19 15:20:02Z INFO HostContext] Well known directory 'Diag': '/home/jenny/tensorflow-mri/_diag'
[2025-03-19 15:20:02Z INFO HostContext] Well known directory 'Bin': '/home/jenny/tensorflow-mri/bin'
[2025-03-19 15:20:02Z INFO HostContext] Well known directory 'Root': '/home/jenny/tensorflow-mri'
[2025-03-19 15:20:02Z INFO HostContext] Well known directory 'Diag': '/home/jenny/tensorflow-mri/_diag'
[2025-03-19 15:20:02Z INFO HostContext] Well known directory 'Bin': '/home/jenny/tensorflow-mri/bin'
[2025-03-19 15:20:02Z INFO HostContext] Well known directory 'Root': '/home/jenny/tensorflow-mri'
[2025-03-19 15:20:02Z INFO HostContext] Well known directory 'Diag': '/home/jenny/tensorflow-mri/_diag'
[2025-03-19 15:20:02Z INFO HostContext] Well known directory 'Bin': '/home/jenny/tensorflow-mri/bin'
[2025-03-19 15:20:02Z INFO HostContext] Well known directory 'Root': '/home/jenny/tensorflow-mri'
[2025-03-19 15:20:02Z INFO HostContext] Well known directory 'Diag': '/home/jenny/tensorflow-mri/_diag'
[2025-03-19 15:20:02Z INFO HostContext] Well known directory 'Bin': '/home/jenny/tensorflow-mri/bin'
[2025-03-19 15:20:02Z INFO HostContext] Well known directory 'Root': '/home/jenny/tensorflow-mri'
[2025-03-19 15:20:02Z INFO HostContext] Well known directory 'Diag': '/home/jenny/tensorflow-mri/_diag'
[2025-03-19 15:20:02Z INFO HostContext] Well known directory 'Bin': '/home/jenny/tensorflow-mri/bin'
[2025-03-19 15:20:02Z INFO HostContext] Well known directory 'Root': '/home/jenny/tensorflow-mri'
[2025-03-19 15:20:02Z INFO HostContext] Well known directory 'Diag': '/home/jenny/tensorflow-mri/_diag'
[2025-03-19 15:20:02Z INFO HostContext] Well known directory 'Bin': '/home/jenny/tensorflow-mri/bin'
[2025-03-19 15:20:02Z INFO HostContext] Well known directory 'Root': '/home/jenny/tensorflow-mri'
[2025-03-19 15:20:02Z INFO HostContext] Well known directory 'Diag': '/home/jenny/tensorflow-mri/_diag'
[2025-03-19 15:20:02Z INFO HostContext] Well known directory 'Bin': '/home/jenny/tensorflow-mri/bin'
[2025-03-19 15:20:02Z INFO HostContext] Well known directory 'Root': '/home/jenny/tensorflow-mri'
[2025-03-19 15:20:02Z INFO HostContext] Well known directory 'Diag': '/home/jenny/tensorflow-mri/_diag'
[2025-03-19 15:20:02Z INFO HostContext] Well known directory 'Bin': '/home/jenny/tensorflow-mri/bin'
[2025-03-19 15:20:02Z INFO HostContext] Well known directory 'Root': '/home/jenny/tensorflow-mri'
[2025-03-19 15:20:02Z INFO HostContext] Well known directory 'Diag': '/home/jenny/tensorflow-mri/_diag'
[2025-03-19 15:20:02Z INFO HostContext] Well known directory 'Bin': '/home/jenny/tensorflow-mri/bin'
[2025-03-19 15:20:02Z INFO HostContext] Well known directory 'Root': '/home/jenny/tensorflow-mri'
[2025-03-19 15:20:02Z INFO HostContext] Well known directory 'Diag': '/home/jenny/tensorflow-mri/_diag'
[2025-03-19 15:20:02Z INFO HostContext] Well known directory 'Bin': '/home/jenny/tensorflow-mri/bin'
[2025-03-19 15:20:02Z INFO HostContext] Well known directory 'Root': '/home/jenny/tensorflow-mri'
[2025-03-19 15:20:02Z INFO HostContext] Well known directory 'Diag': '/home/jenny/tensorflow-mri/_diag'
[2025-03-19 15:20:02Z INFO JobExtension] Total accessible running process: 537.
[2025-03-19 15:20:02Z INFO HostContext] Well known directory 'Bin': '/home/jenny/tensorflow-mri/bin'
[2025-03-19 15:20:02Z INFO HostContext] Well known directory 'Root': '/home/jenny/tensorflow-mri'
[2025-03-19 15:20:02Z INFO HostContext] Well known directory 'Work': '/home/jenny/tensorflow-mri/_work'
[2025-03-19 15:20:02Z INFO JobExtension] Start checking service connectivity in background.
[2025-03-19 15:20:02Z INFO ExecutionContext] Publish step telemetry for current step {
  "action": "setup_job",
  "type": "runner",
  "stage": "Pre",
  "stepId": "9c02dfa5-22f3-4b3d-9958-f4d0d38d3c66",
  "result": "succeeded",
  "errorMessages": [],
  "executionTimeInSeconds": 2,
  "startTime": "2025-03-19T15:20:00.5016703Z",
  "finishTime": "2025-03-19T15:20:02.4549278Z"
}.
[2025-03-19 15:20:02Z INFO JobRunner] Total job steps: 12.
[2025-03-19 15:20:02Z INFO JobRunner] Run all job steps.
[2025-03-19 15:20:02Z INFO JobServerQueue] Try to upload 1 log files or attachments, success rate: 1/1.
[2025-03-19 15:20:02Z INFO StepsRunner] Processing step: DisplayName='Build pypa/gh-action-pypi-publish@release/v1.7'
[2025-03-19 15:20:02Z INFO StepsRunner] Evaluating: success()
[2025-03-19 15:20:02Z INFO StepsRunner] Result: true
[2025-03-19 15:20:02Z INFO JobServerQueue] Got a step log file to send to results service.
[2025-03-19 15:20:02Z INFO StepsRunner] Starting the step.
[2025-03-19 15:20:02Z INFO JobServerQueue] Starting upload of step log file to results service ResultsLog, /home/jenny/tensorflow-mri/_diag/blocks/352e62ab-c249-47f2-bad9-fb15096f3ea3_9c02dfa5-22f3-4b3d-9958-f4d0d38d3c66.1
[2025-03-19 15:20:02Z INFO ProcessInvokerWrapper] Starting process:
[2025-03-19 15:20:02Z INFO ProcessInvokerWrapper]   File name: '/usr/bin/docker'
[2025-03-19 15:20:02Z INFO ProcessInvokerWrapper]   Arguments: 'build -t 6d202f:563e1271ce8642a5933ca6004cc527d3 -f "/home/jenny/tensorflow-mri/_work/_actions/pypa/gh-action-pypi-publish/release/v1.7/Dockerfile" "/home/jenny/tensorflow-mri/_work/_actions/pypa/gh-action-pypi-publish/release/v1.7"'
[2025-03-19 15:20:02Z INFO ProcessInvokerWrapper]   Working directory: '/home/jenny/tensorflow-mri/_work/_actions/pypa/gh-action-pypi-publish/release/v1.7'
[2025-03-19 15:20:02Z INFO ProcessInvokerWrapper]   Require exit code zero: 'False'
[2025-03-19 15:20:02Z INFO ProcessInvokerWrapper]   Encoding web name:  ; code page: ''
[2025-03-19 15:20:02Z INFO ProcessInvokerWrapper]   Force kill process on cancellation: 'False'
[2025-03-19 15:20:02Z INFO ProcessInvokerWrapper]   Redirected STDIN: 'False'
[2025-03-19 15:20:02Z INFO ProcessInvokerWrapper]   Persist current code page: 'False'
[2025-03-19 15:20:02Z INFO ProcessInvokerWrapper]   Keep redirected STDIN open: 'False'
[2025-03-19 15:20:02Z INFO ProcessInvokerWrapper]   High priority process: 'False'
[2025-03-19 15:20:02Z INFO ProcessInvokerWrapper] Updated oom_score_adj to 500 for PID: 2264194.
[2025-03-19 15:20:02Z INFO ProcessInvokerWrapper] Process started with process id 2264194, waiting for process exit.
[2025-03-19 15:20:02Z INFO JobServerQueue] Try to append 1 batches web console lines for record '9c02dfa5-22f3-4b3d-9958-f4d0d38d3c66', success rate: 1/1.
[2025-03-19 15:20:02Z INFO JobServerQueue] Try to append 1 batches web console lines for record 'abebc725-210f-4eb4-b8b3-4da95fe609c0', success rate: 1/1.
[2025-03-19 15:20:02Z INFO JobServerQueue] Try to append 1 batches web console lines for record 'abebc725-210f-4eb4-b8b3-4da95fe609c0', success rate: 1/1.
[2025-03-19 15:20:03Z INFO JobServerQueue] Try to append 1 batches web console lines for record 'abebc725-210f-4eb4-b8b3-4da95fe609c0', success rate: 1/1.
[2025-03-19 15:20:03Z INFO JobServerQueue] Tried to upload 1 file(s) to results, success rate: 1/1.
[2025-03-19 15:20:03Z INFO ProcessInvokerWrapper] STDOUT/STDERR stream read finished.
[2025-03-19 15:20:03Z INFO ProcessInvokerWrapper] STDOUT/STDERR stream read finished.
[2025-03-19 15:20:03Z INFO ProcessInvokerWrapper] Finished process 2264194 with exit code 0, and elapsed time 00:00:00.9302663.
[2025-03-19 15:20:03Z INFO ActionManager] Prepared docker image '6d202f:563e1271ce8642a5933ca6004cc527d3' for action 7fb4f7eb-691c-4529-a577-6e4ec131b8a0 (/home/jenny/tensorflow-mri/_work/_actions/pypa/gh-action-pypi-publish/release/v1.7/Dockerfile)
[2025-03-19 15:20:03Z INFO StepsRunner] Step result: 
[2025-03-19 15:20:03Z INFO ExecutionContext] Publish step telemetry for current step {
  "action": "build_pypa/gh-action-pypi-publish@release/v1.7",
  "type": "runner",
  "stage": "Pre",
  "stepId": "abebc725-210f-4eb4-b8b3-4da95fe609c0",
  "stepContextName": "abebc725210f4eb4b8b34da95fe609c0",
  "result": "succeeded",
  "errorMessages": [],
  "executionTimeInSeconds": 1,
  "startTime": "2025-03-19T15:20:02.4654388Z",
  "finishTime": "2025-03-19T15:20:03.4056887Z"
}.
[2025-03-19 15:20:03Z INFO StepsRunner] No need for updating job result with current step result 'Succeeded'.
[2025-03-19 15:20:03Z INFO StepsRunner] Current state: job state = ''
[2025-03-19 15:20:03Z INFO StepsRunner] Processing step: DisplayName='Initialize containers'
[2025-03-19 15:20:03Z INFO StepsRunner] Evaluating: success()
[2025-03-19 15:20:03Z INFO StepsRunner] Result: true
[2025-03-19 15:20:03Z INFO StepsRunner] Starting the step.
[2025-03-19 15:20:03Z INFO ExecutionContext] Reserve record order 14 to 26 for post job actions.
[2025-03-19 15:20:03Z INFO HostContext] Well known directory 'Bin': '/home/jenny/tensorflow-mri/bin'
[2025-03-19 15:20:03Z INFO HostContext] Well known directory 'Root': '/home/jenny/tensorflow-mri'
[2025-03-19 15:20:03Z INFO HostContext] Well known directory 'Diag': '/home/jenny/tensorflow-mri/_diag'
[2025-03-19 15:20:03Z INFO HostContext] Well known directory 'Bin': '/home/jenny/tensorflow-mri/bin'
[2025-03-19 15:20:03Z INFO HostContext] Well known directory 'Root': '/home/jenny/tensorflow-mri'
[2025-03-19 15:20:03Z INFO HostContext] Well known directory 'Diag': '/home/jenny/tensorflow-mri/_diag'
[2025-03-19 15:20:03Z INFO ProcessInvokerWrapper] Starting process:
[2025-03-19 15:20:03Z INFO ProcessInvokerWrapper]   File name: '/usr/bin/docker'
[2025-03-19 15:20:03Z INFO ProcessInvokerWrapper]   Arguments: 'version --format '{{.Server.APIVersion}}''
[2025-03-19 15:20:03Z INFO ProcessInvokerWrapper]   Working directory: '/home/jenny/tensorflow-mri/_work/tensorflow-mri/tensorflow-mri'
[2025-03-19 15:20:03Z INFO ProcessInvokerWrapper]   Require exit code zero: 'True'
[2025-03-19 15:20:03Z INFO ProcessInvokerWrapper]   Encoding web name:  ; code page: ''
[2025-03-19 15:20:03Z INFO ProcessInvokerWrapper]   Force kill process on cancellation: 'False'
[2025-03-19 15:20:03Z INFO ProcessInvokerWrapper]   Redirected STDIN: 'False'
[2025-03-19 15:20:03Z INFO ProcessInvokerWrapper]   Persist current code page: 'False'
[2025-03-19 15:20:03Z INFO ProcessInvokerWrapper]   Keep redirected STDIN open: 'False'
[2025-03-19 15:20:03Z INFO ProcessInvokerWrapper]   High priority process: 'False'
[2025-03-19 15:20:03Z INFO ProcessInvokerWrapper] Updated oom_score_adj to 500 for PID: 2264273.
[2025-03-19 15:20:03Z INFO ProcessInvokerWrapper] Process started with process id 2264273, waiting for process exit.
[2025-03-19 15:20:03Z INFO ProcessInvokerWrapper] STDOUT/STDERR stream read finished.
[2025-03-19 15:20:03Z INFO ProcessInvokerWrapper] STDOUT/STDERR stream read finished.
[2025-03-19 15:20:03Z INFO ProcessInvokerWrapper] Finished process 2264273 with exit code 0, and elapsed time 00:00:00.0151891.
[2025-03-19 15:20:03Z INFO ProcessInvokerWrapper] Starting process:
[2025-03-19 15:20:03Z INFO ProcessInvokerWrapper]   File name: '/usr/bin/docker'
[2025-03-19 15:20:03Z INFO ProcessInvokerWrapper]   Arguments: 'version --format '{{.Client.APIVersion}}''
[2025-03-19 15:20:03Z INFO ProcessInvokerWrapper]   Working directory: '/home/jenny/tensorflow-mri/_work/tensorflow-mri/tensorflow-mri'
[2025-03-19 15:20:03Z INFO ProcessInvokerWrapper]   Require exit code zero: 'True'
[2025-03-19 15:20:03Z INFO ProcessInvokerWrapper]   Encoding web name:  ; code page: ''
[2025-03-19 15:20:03Z INFO ProcessInvokerWrapper]   Force kill process on cancellation: 'False'
[2025-03-19 15:20:03Z INFO ProcessInvokerWrapper]   Redirected STDIN: 'False'
[2025-03-19 15:20:03Z INFO ProcessInvokerWrapper]   Persist current code page: 'False'
[2025-03-19 15:20:03Z INFO ProcessInvokerWrapper]   Keep redirected STDIN open: 'False'
[2025-03-19 15:20:03Z INFO ProcessInvokerWrapper]   High priority process: 'False'
[2025-03-19 15:20:03Z INFO ProcessInvokerWrapper] Updated oom_score_adj to 500 for PID: 2264290.
[2025-03-19 15:20:03Z INFO ProcessInvokerWrapper] Process started with process id 2264290, waiting for process exit.
[2025-03-19 15:20:03Z INFO ProcessInvokerWrapper] STDOUT/STDERR stream read finished.
[2025-03-19 15:20:03Z INFO ProcessInvokerWrapper] STDOUT/STDERR stream read finished.
[2025-03-19 15:20:03Z INFO ProcessInvokerWrapper] Finished process 2264290 with exit code 0, and elapsed time 00:00:00.0138628.
[2025-03-19 15:20:03Z INFO ProcessInvokerWrapper] Starting process:
[2025-03-19 15:20:03Z INFO ProcessInvokerWrapper]   File name: '/usr/bin/docker'
[2025-03-19 15:20:03Z INFO ProcessInvokerWrapper]   Arguments: 'ps --all --quiet --no-trunc --filter "label=6d202f"'
[2025-03-19 15:20:03Z INFO ProcessInvokerWrapper]   Working directory: '/home/jenny/tensorflow-mri/_work/tensorflow-mri/tensorflow-mri'
[2025-03-19 15:20:03Z INFO ProcessInvokerWrapper]   Require exit code zero: 'True'
[2025-03-19 15:20:03Z INFO ProcessInvokerWrapper]   Encoding web name:  ; code page: ''
[2025-03-19 15:20:03Z INFO ProcessInvokerWrapper]   Force kill process on cancellation: 'False'
[2025-03-19 15:20:03Z INFO ProcessInvokerWrapper]   Redirected STDIN: 'False'
[2025-03-19 15:20:03Z INFO ProcessInvokerWrapper]   Persist current code page: 'False'
[2025-03-19 15:20:03Z INFO ProcessInvokerWrapper]   Keep redirected STDIN open: 'False'
[2025-03-19 15:20:03Z INFO ProcessInvokerWrapper]   High priority process: 'False'
[2025-03-19 15:20:03Z INFO ProcessInvokerWrapper] Updated oom_score_adj to 500 for PID: 2264306.
[2025-03-19 15:20:03Z INFO ProcessInvokerWrapper] Process started with process id 2264306, waiting for process exit.
[2025-03-19 15:20:03Z INFO ProcessInvokerWrapper] STDOUT/STDERR stream read finished.
[2025-03-19 15:20:03Z INFO ProcessInvokerWrapper] STDOUT/STDERR stream read finished.
[2025-03-19 15:20:03Z INFO ProcessInvokerWrapper] Finished process 2264306 with exit code 0, and elapsed time 00:00:00.0104062.
[2025-03-19 15:20:03Z INFO ProcessInvokerWrapper] Starting process:
[2025-03-19 15:20:03Z INFO ProcessInvokerWrapper]   File name: '/usr/bin/docker'
[2025-03-19 15:20:03Z INFO ProcessInvokerWrapper]   Arguments: 'network prune --force --filter "label=6d202f"'
[2025-03-19 15:20:03Z INFO ProcessInvokerWrapper]   Working directory: '/home/jenny/tensorflow-mri/_work/tensorflow-mri/tensorflow-mri'
[2025-03-19 15:20:03Z INFO ProcessInvokerWrapper]   Require exit code zero: 'False'
[2025-03-19 15:20:03Z INFO ProcessInvokerWrapper]   Encoding web name:  ; code page: ''
[2025-03-19 15:20:03Z INFO ProcessInvokerWrapper]   Force kill process on cancellation: 'False'
[2025-03-19 15:20:03Z INFO ProcessInvokerWrapper]   Redirected STDIN: 'False'
[2025-03-19 15:20:03Z INFO ProcessInvokerWrapper]   Persist current code page: 'False'
[2025-03-19 15:20:03Z INFO ProcessInvokerWrapper]   Keep redirected STDIN open: 'False'
[2025-03-19 15:20:03Z INFO ProcessInvokerWrapper]   High priority process: 'False'
[2025-03-19 15:20:03Z INFO ProcessInvokerWrapper] Updated oom_score_adj to 500 for PID: 2264316.
[2025-03-19 15:20:03Z INFO ProcessInvokerWrapper] Process started with process id 2264316, waiting for process exit.
[2025-03-19 15:20:03Z INFO JobServerQueue] Try to upload 1 log files or attachments, success rate: 1/1.
[2025-03-19 15:20:03Z INFO ProcessInvokerWrapper] STDOUT/STDERR stream read finished.
[2025-03-19 15:20:03Z INFO ProcessInvokerWrapper] STDOUT/STDERR stream read finished.
[2025-03-19 15:20:03Z INFO ProcessInvokerWrapper] Finished process 2264316 with exit code 0, and elapsed time 00:00:00.0103152.
[2025-03-19 15:20:03Z INFO ProcessInvokerWrapper] Starting process:
[2025-03-19 15:20:03Z INFO ProcessInvokerWrapper]   File name: '/usr/bin/docker'
[2025-03-19 15:20:03Z INFO ProcessInvokerWrapper]   Arguments: 'network create --label 6d202f github_network_dfde4cb042414b02adba42278bbe83e3'
[2025-03-19 15:20:03Z INFO ProcessInvokerWrapper]   Working directory: '/home/jenny/tensorflow-mri/_work/tensorflow-mri/tensorflow-mri'
[2025-03-19 15:20:03Z INFO ProcessInvokerWrapper]   Require exit code zero: 'False'
[2025-03-19 15:20:03Z INFO ProcessInvokerWrapper]   Encoding web name:  ; code page: ''
[2025-03-19 15:20:03Z INFO ProcessInvokerWrapper]   Force kill process on cancellation: 'False'
[2025-03-19 15:20:03Z INFO ProcessInvokerWrapper]   Redirected STDIN: 'False'
[2025-03-19 15:20:03Z INFO ProcessInvokerWrapper]   Persist current code page: 'False'
[2025-03-19 15:20:03Z INFO ProcessInvokerWrapper]   Keep redirected STDIN open: 'False'
[2025-03-19 15:20:03Z INFO ProcessInvokerWrapper]   High priority process: 'False'
[2025-03-19 15:20:03Z INFO ProcessInvokerWrapper] Updated oom_score_adj to 500 for PID: 2264327.
[2025-03-19 15:20:03Z INFO ProcessInvokerWrapper] Process started with process id 2264327, waiting for process exit.
[2025-03-19 15:20:03Z INFO ProcessInvokerWrapper] STDOUT/STDERR stream read finished.
[2025-03-19 15:20:03Z INFO ProcessInvokerWrapper] STDOUT/STDERR stream read finished.
[2025-03-19 15:20:03Z INFO ProcessInvokerWrapper] Finished process 2264327 with exit code 0, and elapsed time 00:00:00.0434466.
[2025-03-19 15:20:03Z INFO ContainerOperationProvider] Container name: 3d40bf5c05584d0aa26e78a1f21cabfa
[2025-03-19 15:20:03Z INFO ContainerOperationProvider] Container image: ghcr.io/mrphys/tensorflow-manylinux:1.14.0
[2025-03-19 15:20:03Z INFO ContainerOperationProvider] Container options: 
[2025-03-19 15:20:03Z INFO HostContext] Well known directory 'Bin': '/home/jenny/tensorflow-mri/bin'
[2025-03-19 15:20:03Z INFO HostContext] Well known directory 'Root': '/home/jenny/tensorflow-mri'
[2025-03-19 15:20:03Z INFO HostContext] Well known directory 'Work': '/home/jenny/tensorflow-mri/_work'
[2025-03-19 15:20:03Z INFO HostContext] Well known directory 'Temp': '/home/jenny/tensorflow-mri/_work/_temp'
[2025-03-19 15:20:03Z INFO ProcessInvokerWrapper] Starting process:
[2025-03-19 15:20:03Z INFO ProcessInvokerWrapper]   File name: '/usr/bin/docker'
[2025-03-19 15:20:03Z INFO ProcessInvokerWrapper]   Arguments: '--config /home/jenny/tensorflow-mri/_work/_temp/.docker_42bb718a-cb47-483f-8ac2-c65a1da47fad login ghcr.io -u jennifersteeden --password-stdin'
[2025-03-19 15:20:03Z INFO ProcessInvokerWrapper]   Working directory: '/home/jenny/tensorflow-mri/_work/tensorflow-mri/tensorflow-mri'
[2025-03-19 15:20:03Z INFO ProcessInvokerWrapper]   Require exit code zero: 'False'
[2025-03-19 15:20:03Z INFO ProcessInvokerWrapper]   Encoding web name:  ; code page: ''
[2025-03-19 15:20:03Z INFO ProcessInvokerWrapper]   Force kill process on cancellation: 'False'
[2025-03-19 15:20:03Z INFO ProcessInvokerWrapper]   Redirected STDIN: 'True'
[2025-03-19 15:20:03Z INFO ProcessInvokerWrapper]   Persist current code page: 'False'
[2025-03-19 15:20:03Z INFO ProcessInvokerWrapper]   Keep redirected STDIN open: 'False'
[2025-03-19 15:20:03Z INFO ProcessInvokerWrapper]   High priority process: 'False'
[2025-03-19 15:20:03Z INFO ProcessInvokerWrapper] Updated oom_score_adj to 500 for PID: 2264388.
[2025-03-19 15:20:03Z INFO ProcessInvokerWrapper] Process started with process id 2264388, waiting for process exit.
[2025-03-19 15:20:03Z INFO ProcessInvokerWrapper] Close STDIN after the first redirect finished.
[2025-03-19 15:20:03Z INFO ProcessInvokerWrapper] STDIN stream write finished.
[2025-03-19 15:20:03Z INFO JobServerQueue] Try to append 1 batches web console lines for record 'abebc725-210f-4eb4-b8b3-4da95fe609c0', success rate: 1/1.
[2025-03-19 15:20:03Z INFO JobServerQueue] Try to append 1 batches web console lines for record '3899b1b3-aaec-4114-ae30-5e5bf64b02e5', success rate: 1/1.
[2025-03-19 15:20:03Z INFO ProcessInvokerWrapper] STDOUT/STDERR stream read finished.
[2025-03-19 15:20:03Z INFO ProcessInvokerWrapper] STDOUT/STDERR stream read finished.
[2025-03-19 15:20:03Z INFO ProcessInvokerWrapper] Finished process 2264388 with exit code 0, and elapsed time 00:00:00.4535178.
[2025-03-19 15:20:03Z INFO ProcessInvokerWrapper] Starting process:
[2025-03-19 15:20:03Z INFO ProcessInvokerWrapper]   File name: '/usr/bin/docker'
[2025-03-19 15:20:03Z INFO ProcessInvokerWrapper]   Arguments: '--config /home/jenny/tensorflow-mri/_work/_temp/.docker_42bb718a-cb47-483f-8ac2-c65a1da47fad pull ghcr.io/mrphys/tensorflow-manylinux:1.14.0'
[2025-03-19 15:20:03Z INFO ProcessInvokerWrapper]   Working directory: '/home/jenny/tensorflow-mri/_work/tensorflow-mri/tensorflow-mri'
[2025-03-19 15:20:03Z INFO ProcessInvokerWrapper]   Require exit code zero: 'False'
[2025-03-19 15:20:03Z INFO ProcessInvokerWrapper]   Encoding web name:  ; code page: ''
[2025-03-19 15:20:03Z INFO ProcessInvokerWrapper]   Force kill process on cancellation: 'False'
[2025-03-19 15:20:03Z INFO ProcessInvokerWrapper]   Redirected STDIN: 'False'
[2025-03-19 15:20:03Z INFO ProcessInvokerWrapper]   Persist current code page: 'False'
[2025-03-19 15:20:03Z INFO ProcessInvokerWrapper]   Keep redirected STDIN open: 'False'
[2025-03-19 15:20:03Z INFO ProcessInvokerWrapper]   High priority process: 'False'
[2025-03-19 15:20:03Z INFO ProcessInvokerWrapper] Updated oom_score_adj to 500 for PID: 2264407.
[2025-03-19 15:20:03Z INFO ProcessInvokerWrapper] Process started with process id 2264407, waiting for process exit.
[2025-03-19 15:20:04Z INFO JobServerQueue] Try to append 1 batches web console lines for record '3899b1b3-aaec-4114-ae30-5e5bf64b02e5', success rate: 1/1.
[2025-03-19 15:20:04Z INFO JobServerQueue] Got a step log file to send to results service.
[2025-03-19 15:20:04Z INFO JobServerQueue] Starting upload of step log file to results service ResultsLog, /home/jenny/tensorflow-mri/_diag/blocks/352e62ab-c249-47f2-bad9-fb15096f3ea3_abebc725-210f-4eb4-b8b3-4da95fe609c0.1
[2025-03-19 15:20:04Z INFO JobServerQueue] Tried to upload 1 file(s) to results, success rate: 1/1.
[2025-03-19 15:20:04Z INFO ProcessInvokerWrapper] STDOUT/STDERR stream read finished.
[2025-03-19 15:20:04Z INFO ProcessInvokerWrapper] STDOUT/STDERR stream read finished.
[2025-03-19 15:20:04Z INFO ProcessInvokerWrapper] Finished process 2264407 with exit code 0, and elapsed time 00:00:00.6081228.
[2025-03-19 15:20:04Z INFO HostContext] Well known directory 'Bin': '/home/jenny/tensorflow-mri/bin'
[2025-03-19 15:20:04Z INFO HostContext] Well known directory 'Root': '/home/jenny/tensorflow-mri'
[2025-03-19 15:20:04Z INFO HostContext] Well known directory 'Work': '/home/jenny/tensorflow-mri/_work'
[2025-03-19 15:20:04Z INFO HostContext] Well known directory 'Bin': '/home/jenny/tensorflow-mri/bin'
[2025-03-19 15:20:04Z INFO HostContext] Well known directory 'Root': '/home/jenny/tensorflow-mri'
[2025-03-19 15:20:04Z INFO HostContext] Well known directory 'Work': '/home/jenny/tensorflow-mri/_work'
[2025-03-19 15:20:04Z INFO HostContext] Well known directory 'Bin': '/home/jenny/tensorflow-mri/bin'
[2025-03-19 15:20:04Z INFO HostContext] Well known directory 'Root': '/home/jenny/tensorflow-mri'
[2025-03-19 15:20:04Z INFO HostContext] Well known directory 'Externals': '/home/jenny/tensorflow-mri/externals'
[2025-03-19 15:20:04Z INFO HostContext] Well known directory 'Bin': '/home/jenny/tensorflow-mri/bin'
[2025-03-19 15:20:04Z INFO HostContext] Well known directory 'Root': '/home/jenny/tensorflow-mri'
[2025-03-19 15:20:04Z INFO HostContext] Well known directory 'Externals': '/home/jenny/tensorflow-mri/externals'
[2025-03-19 15:20:04Z INFO HostContext] Well known directory 'Bin': '/home/jenny/tensorflow-mri/bin'
[2025-03-19 15:20:04Z INFO HostContext] Well known directory 'Root': '/home/jenny/tensorflow-mri'
[2025-03-19 15:20:04Z INFO HostContext] Well known directory 'Work': '/home/jenny/tensorflow-mri/_work'
[2025-03-19 15:20:04Z INFO HostContext] Well known directory 'Temp': '/home/jenny/tensorflow-mri/_work/_temp'
[2025-03-19 15:20:04Z INFO HostContext] Well known directory 'Bin': '/home/jenny/tensorflow-mri/bin'
[2025-03-19 15:20:04Z INFO HostContext] Well known directory 'Root': '/home/jenny/tensorflow-mri'
[2025-03-19 15:20:04Z INFO HostContext] Well known directory 'Work': '/home/jenny/tensorflow-mri/_work'
[2025-03-19 15:20:04Z INFO HostContext] Well known directory 'Temp': '/home/jenny/tensorflow-mri/_work/_temp'
[2025-03-19 15:20:04Z INFO HostContext] Well known directory 'Bin': '/home/jenny/tensorflow-mri/bin'
[2025-03-19 15:20:04Z INFO HostContext] Well known directory 'Root': '/home/jenny/tensorflow-mri'
[2025-03-19 15:20:04Z INFO HostContext] Well known directory 'Work': '/home/jenny/tensorflow-mri/_work'
[2025-03-19 15:20:04Z INFO HostContext] Well known directory 'Actions': '/home/jenny/tensorflow-mri/_work/_actions'
[2025-03-19 15:20:04Z INFO HostContext] Well known directory 'Bin': '/home/jenny/tensorflow-mri/bin'
[2025-03-19 15:20:04Z INFO HostContext] Well known directory 'Root': '/home/jenny/tensorflow-mri'
[2025-03-19 15:20:04Z INFO HostContext] Well known directory 'Work': '/home/jenny/tensorflow-mri/_work'
[2025-03-19 15:20:04Z INFO HostContext] Well known directory 'Actions': '/home/jenny/tensorflow-mri/_work/_actions'
[2025-03-19 15:20:04Z INFO HostContext] Well known directory 'Bin': '/home/jenny/tensorflow-mri/bin'
[2025-03-19 15:20:04Z INFO HostContext] Well known directory 'Root': '/home/jenny/tensorflow-mri'
[2025-03-19 15:20:04Z INFO HostContext] Well known directory 'Work': '/home/jenny/tensorflow-mri/_work'
[2025-03-19 15:20:04Z INFO HostContext] Well known directory 'Tools': '/home/jenny/tensorflow-mri/_work/_tool'
[2025-03-19 15:20:04Z INFO HostContext] Well known directory 'Bin': '/home/jenny/tensorflow-mri/bin'
[2025-03-19 15:20:04Z INFO HostContext] Well known directory 'Root': '/home/jenny/tensorflow-mri'
[2025-03-19 15:20:04Z INFO HostContext] Well known directory 'Work': '/home/jenny/tensorflow-mri/_work'
[2025-03-19 15:20:04Z INFO HostContext] Well known directory 'Tools': '/home/jenny/tensorflow-mri/_work/_tool'
[2025-03-19 15:20:04Z INFO HostContext] Well known directory 'Bin': '/home/jenny/tensorflow-mri/bin'
[2025-03-19 15:20:04Z INFO HostContext] Well known directory 'Root': '/home/jenny/tensorflow-mri'
[2025-03-19 15:20:04Z INFO HostContext] Well known directory 'Work': '/home/jenny/tensorflow-mri/_work'
[2025-03-19 15:20:04Z INFO HostContext] Well known directory 'Temp': '/home/jenny/tensorflow-mri/_work/_temp'
[2025-03-19 15:20:04Z INFO HostContext] Well known directory 'Bin': '/home/jenny/tensorflow-mri/bin'
[2025-03-19 15:20:04Z INFO HostContext] Well known directory 'Root': '/home/jenny/tensorflow-mri'
[2025-03-19 15:20:04Z INFO HostContext] Well known directory 'Work': '/home/jenny/tensorflow-mri/_work'
[2025-03-19 15:20:04Z INFO HostContext] Well known directory 'Temp': '/home/jenny/tensorflow-mri/_work/_temp'
[2025-03-19 15:20:04Z INFO ProcessInvokerWrapper] Starting process:
[2025-03-19 15:20:04Z INFO ProcessInvokerWrapper]   File name: '/usr/bin/docker'
[2025-03-19 15:20:04Z INFO ProcessInvokerWrapper]   Arguments: 'create --name 3d40bf5c05584d0aa26e78a1f21cabfa_ghcriomrphystensorflowmanylinux1140_ec9186 --label 6d202f --workdir /__w/tensorflow-mri/tensorflow-mri --network github_network_dfde4cb042414b02adba42278bbe83e3  -e "HOME=/github/home" -e GITHUB_ACTIONS=true -e CI=true -v "/var/run/docker.sock":"/var/run/docker.sock" -v "/home/jenny/tensorflow-mri/_work":"/__w" -v "/home/jenny/tensorflow-mri/externals":"/__e":ro -v "/home/jenny/tensorflow-mri/_work/_temp":"/__w/_temp" -v "/home/jenny/tensorflow-mri/_work/_actions":"/__w/_actions" -v "/home/jenny/tensorflow-mri/_work/_tool":"/__w/_tool" -v "/home/jenny/tensorflow-mri/_work/_temp/_github_home":"/github/home" -v "/home/jenny/tensorflow-mri/_work/_temp/_github_workflow":"/github/workflow" --entrypoint "tail" ghcr.io/mrphys/tensorflow-manylinux:1.14.0 "-f" "/dev/null"'
[2025-03-19 15:20:04Z INFO ProcessInvokerWrapper]   Working directory: '/home/jenny/tensorflow-mri/_work/tensorflow-mri/tensorflow-mri'
[2025-03-19 15:20:04Z INFO ProcessInvokerWrapper]   Require exit code zero: 'True'
[2025-03-19 15:20:04Z INFO ProcessInvokerWrapper]   Encoding web name:  ; code page: ''
[2025-03-19 15:20:04Z INFO ProcessInvokerWrapper]   Force kill process on cancellation: 'False'
[2025-03-19 15:20:04Z INFO ProcessInvokerWrapper]   Redirected STDIN: 'False'
[2025-03-19 15:20:04Z INFO ProcessInvokerWrapper]   Persist current code page: 'False'
[2025-03-19 15:20:04Z INFO ProcessInvokerWrapper]   Keep redirected STDIN open: 'False'
[2025-03-19 15:20:04Z INFO ProcessInvokerWrapper]   High priority process: 'False'
[2025-03-19 15:20:04Z INFO ProcessInvokerWrapper] Updated oom_score_adj to 500 for PID: 2264419.
[2025-03-19 15:20:04Z INFO ProcessInvokerWrapper] Process started with process id 2264419, waiting for process exit.
[2025-03-19 15:20:04Z INFO ProcessInvokerWrapper] STDOUT/STDERR stream read finished.
[2025-03-19 15:20:04Z INFO ProcessInvokerWrapper] STDOUT/STDERR stream read finished.
[2025-03-19 15:20:04Z INFO ProcessInvokerWrapper] Finished process 2264419 with exit code 0, and elapsed time 00:00:00.0585098.
[2025-03-19 15:20:04Z INFO ProcessInvokerWrapper] Starting process:
[2025-03-19 15:20:04Z INFO ProcessInvokerWrapper]   File name: '/usr/bin/docker'
[2025-03-19 15:20:04Z INFO ProcessInvokerWrapper]   Arguments: 'start 0f768c3eb02420030592cfdb769897bd0f6255b6cc77c737b210cddd36350994'
[2025-03-19 15:20:04Z INFO ProcessInvokerWrapper]   Working directory: '/home/jenny/tensorflow-mri/_work/tensorflow-mri/tensorflow-mri'
[2025-03-19 15:20:04Z INFO ProcessInvokerWrapper]   Require exit code zero: 'False'
[2025-03-19 15:20:04Z INFO ProcessInvokerWrapper]   Encoding web name:  ; code page: ''
[2025-03-19 15:20:04Z INFO ProcessInvokerWrapper]   Force kill process on cancellation: 'False'
[2025-03-19 15:20:04Z INFO ProcessInvokerWrapper]   Redirected STDIN: 'False'
[2025-03-19 15:20:04Z INFO ProcessInvokerWrapper]   Persist current code page: 'False'
[2025-03-19 15:20:04Z INFO ProcessInvokerWrapper]   Keep redirected STDIN open: 'False'
[2025-03-19 15:20:04Z INFO ProcessInvokerWrapper]   High priority process: 'False'
[2025-03-19 15:20:04Z INFO ProcessInvokerWrapper] Updated oom_score_adj to 500 for PID: 2264430.
[2025-03-19 15:20:04Z INFO ProcessInvokerWrapper] Process started with process id 2264430, waiting for process exit.
[2025-03-19 15:20:04Z INFO JobServerQueue] Try to append 1 batches web console lines for record '3899b1b3-aaec-4114-ae30-5e5bf64b02e5', success rate: 1/1.
[2025-03-19 15:20:04Z INFO ProcessInvokerWrapper] STDOUT/STDERR stream read finished.
[2025-03-19 15:20:04Z INFO ProcessInvokerWrapper] STDOUT/STDERR stream read finished.
[2025-03-19 15:20:04Z INFO ProcessInvokerWrapper] Finished process 2264430 with exit code 0, and elapsed time 00:00:00.1942690.
[2025-03-19 15:20:04Z INFO ProcessInvokerWrapper] Starting process:
[2025-03-19 15:20:04Z INFO ProcessInvokerWrapper]   File name: '/usr/bin/docker'
[2025-03-19 15:20:04Z INFO ProcessInvokerWrapper]   Arguments: 'ps --all --filter id=0f768c3eb02420030592cfdb769897bd0f6255b6cc77c737b210cddd36350994 --filter status=running --no-trunc --format "{{.ID}} {{.Status}}"'
[2025-03-19 15:20:04Z INFO ProcessInvokerWrapper]   Working directory: '/home/jenny/tensorflow-mri/_work/tensorflow-mri/tensorflow-mri'
[2025-03-19 15:20:04Z INFO ProcessInvokerWrapper]   Require exit code zero: 'True'
[2025-03-19 15:20:04Z INFO ProcessInvokerWrapper]   Encoding web name:  ; code page: ''
[2025-03-19 15:20:04Z INFO ProcessInvokerWrapper]   Force kill process on cancellation: 'False'
[2025-03-19 15:20:04Z INFO ProcessInvokerWrapper]   Redirected STDIN: 'False'
[2025-03-19 15:20:04Z INFO ProcessInvokerWrapper]   Persist current code page: 'False'
[2025-03-19 15:20:04Z INFO ProcessInvokerWrapper]   Keep redirected STDIN open: 'False'
[2025-03-19 15:20:04Z INFO ProcessInvokerWrapper]   High priority process: 'False'
[2025-03-19 15:20:04Z INFO ProcessInvokerWrapper] Updated oom_score_adj to 500 for PID: 2264610.
[2025-03-19 15:20:04Z INFO ProcessInvokerWrapper] Process started with process id 2264610, waiting for process exit.
[2025-03-19 15:20:04Z INFO ProcessInvokerWrapper] STDOUT/STDERR stream read finished.
[2025-03-19 15:20:04Z INFO ProcessInvokerWrapper] STDOUT/STDERR stream read finished.
[2025-03-19 15:20:04Z INFO ProcessInvokerWrapper] Finished process 2264610 with exit code 0, and elapsed time 00:00:00.0111678.
[2025-03-19 15:20:04Z INFO ProcessInvokerWrapper] Starting process:
[2025-03-19 15:20:04Z INFO ProcessInvokerWrapper]   File name: '/usr/bin/docker'
[2025-03-19 15:20:04Z INFO ProcessInvokerWrapper]   Arguments: 'inspect --format "{{range .Config.Env}}{{println .}}{{end}}" 0f768c3eb02420030592cfdb769897bd0f6255b6cc77c737b210cddd36350994'
[2025-03-19 15:20:04Z INFO ProcessInvokerWrapper]   Working directory: '/home/jenny/tensorflow-mri/_work/tensorflow-mri/tensorflow-mri'
[2025-03-19 15:20:04Z INFO ProcessInvokerWrapper]   Require exit code zero: 'True'
[2025-03-19 15:20:04Z INFO ProcessInvokerWrapper]   Encoding web name:  ; code page: ''
[2025-03-19 15:20:04Z INFO ProcessInvokerWrapper]   Force kill process on cancellation: 'False'
[2025-03-19 15:20:04Z INFO ProcessInvokerWrapper]   Redirected STDIN: 'False'
[2025-03-19 15:20:04Z INFO ProcessInvokerWrapper]   Persist current code page: 'False'
[2025-03-19 15:20:04Z INFO ProcessInvokerWrapper]   Keep redirected STDIN open: 'False'
[2025-03-19 15:20:04Z INFO ProcessInvokerWrapper]   High priority process: 'False'
[2025-03-19 15:20:04Z INFO ProcessInvokerWrapper] Updated oom_score_adj to 500 for PID: 2264620.
[2025-03-19 15:20:04Z INFO ProcessInvokerWrapper] Process started with process id 2264620, waiting for process exit.
[2025-03-19 15:20:04Z INFO ProcessInvokerWrapper] STDOUT/STDERR stream read finished.
[2025-03-19 15:20:04Z INFO ProcessInvokerWrapper] STDOUT/STDERR stream read finished.
[2025-03-19 15:20:04Z INFO ProcessInvokerWrapper] Finished process 2264620 with exit code 0, and elapsed time 00:00:00.0108059.
[2025-03-19 15:20:04Z INFO StepsRunner] Step result: 
[2025-03-19 15:20:04Z INFO ExecutionContext] Publish step telemetry for current step {
  "action": "initialize_containers",
  "type": "runner",
  "stage": "Pre",
  "stepId": "3899b1b3-aaec-4114-ae30-5e5bf64b02e5",
  "stepContextName": "3899b1b3aaec4114ae305e5bf64b02e5",
  "result": "succeeded",
  "errorMessages": [],
  "executionTimeInSeconds": 2,
  "startTime": "2025-03-19T15:20:03.4073673Z",
  "finishTime": "2025-03-19T15:20:04.8704569Z"
}.
[2025-03-19 15:20:04Z INFO StepsRunner] No need for updating job result with current step result 'Succeeded'.
[2025-03-19 15:20:04Z INFO StepsRunner] Current state: job state = ''
[2025-03-19 15:20:04Z INFO StepsRunner] Processing step: DisplayName='Checkout code'
[2025-03-19 15:20:04Z INFO StepsRunner] Evaluating: success()
[2025-03-19 15:20:04Z INFO StepsRunner] Result: true
[2025-03-19 15:20:04Z INFO StepsRunner] Starting the step.
[2025-03-19 15:20:04Z INFO HostContext] Well known directory 'Bin': '/home/jenny/tensorflow-mri/bin'
[2025-03-19 15:20:04Z INFO HostContext] Well known directory 'Root': '/home/jenny/tensorflow-mri'
[2025-03-19 15:20:04Z INFO HostContext] Well known directory 'Work': '/home/jenny/tensorflow-mri/_work'
[2025-03-19 15:20:04Z INFO HostContext] Well known directory 'Actions': '/home/jenny/tensorflow-mri/_work/_actions'
[2025-03-19 15:20:04Z INFO ActionManager] Load action that reference repository from '/home/jenny/tensorflow-mri/_work/_actions/actions/checkout/v4'
[2025-03-19 15:20:04Z INFO HostContext] Well known directory 'Bin': '/home/jenny/tensorflow-mri/bin'
[2025-03-19 15:20:04Z INFO HostContext] Well known directory 'Root': '/home/jenny/tensorflow-mri'
[2025-03-19 15:20:04Z INFO HostContext] Well known directory 'Work': '/home/jenny/tensorflow-mri/_work'
[2025-03-19 15:20:04Z INFO HostContext] Well known directory 'Actions': '/home/jenny/tensorflow-mri/_work/_actions'
[2025-03-19 15:20:04Z INFO ActionManifestManager] Loaded action.yml file: {
  "name": "Checkout",
  "description": "Checkout a Git repository at a particular version",
  "inputs": {
    "type": 2,
    "map": [
      {
        "key": {
          "type": 0,
          "file": 2,
          "line": 4,
          "col": 3,
          "lit": "repository"
        },
        "value": {
          "type": 3,
          "file": 2,
          "line": 6,
          "col": 14,
          "expr": "github.repository"
        }
      },
      {
        "key": {
          "type": 0,
          "file": 2,
          "line": 7,
          "col": 3,
          "lit": "ref"
        },
        "value": ""
      },
      {
        "key": {
          "type": 0,
          "file": 2,
          "line": 12,
          "col": 3,
          "lit": "token"
        },
        "value": {
          "type": 3,
          "file": 2,
          "line": 24,
          "col": 14,
          "expr": "github.token"
        }
      },
      {
        "key": {
          "type": 0,
          "file": 2,
          "line": 25,
          "col": 3,
          "lit": "ssh-key"
        },
        "value": ""
      },
      {
        "key": {
          "type": 0,
          "file": 2,
          "line": 37,
          "col": 3,
          "lit": "ssh-known-hosts"
        },
        "value": ""
      },
      {
        "key": {
          "type": 0,
          "file": 2,
          "line": 42,
          "col": 3,
          "lit": "ssh-strict"
        },
        "value": {
          "type": 0,
          "file": 2,
          "line": 47,
          "col": 14,
          "lit": "true"
        }
      },
      {
        "key": {
          "type": 0,
          "file": 2,
          "line": 48,
          "col": 3,
          "lit": "ssh-user"
        },
        "value": {
          "type": 0,
          "file": 2,
          "line": 51,
          "col": 14,
          "lit": "git"
        }
      },
      {
        "key": {
          "type": 0,
          "file": 2,
          "line": 52,
          "col": 3,
          "lit": "persist-credentials"
        },
        "value": {
          "type": 0,
          "file": 2,
          "line": 54,
          "col": 14,
          "lit": "true"
        }
      },
      {
        "key": {
          "type": 0,
          "file": 2,
          "line": 55,
          "col": 3,
          "lit": "path"
        },
        "value": ""
      },
      {
        "key": {
          "type": 0,
          "file": 2,
          "line": 57,
          "col": 3,
          "lit": "clean"
        },
        "value": {
          "type": 0,
          "file": 2,
          "line": 59,
          "col": 14,
          "lit": "true"
        }
      },
      {
        "key": {
          "type": 0,
          "file": 2,
          "line": 60,
          "col": 3,
          "lit": "filter"
        },
        "value": {
          "type": 0,
          "file": 2,
          "line": 64,
          "col": 14,
          "lit": ""
        }
      },
      {
        "key": {
          "type": 0,
          "file": 2,
          "line": 65,
          "col": 3,
          "lit": "sparse-checkout"
        },
        "value": {
          "type": 0,
          "file": 2,
          "line": 69,
          "col": 14,
          "lit": ""
        }
      },
      {
        "key": {
          "type": 0,
          "file": 2,
          "line": 70,
          "col": 3,
          "lit": "sparse-checkout-cone-mode"
        },
        "value": {
          "type": 0,
          "file": 2,
          "line": 73,
          "col": 14,
          "lit": "true"
        }
      },
      {
        "key": {
          "type": 0,
          "file": 2,
          "line": 74,
          "col": 3,
          "lit": "fetch-depth"
        },
        "value": {
          "type": 0,
          "file": 2,
          "line": 76,
          "col": 14,
          "lit": "1"
        }
      },
      {
        "key": {
          "type": 0,
          "file": 2,
          "line": 77,
          "col": 3,
          "lit": "fetch-tags"
        },
        "value": {
          "type": 0,
          "file": 2,
          "line": 79,
          "col": 14,
          "lit": "false"
        }
      },
      {
        "key": {
          "type": 0,
          "file": 2,
          "line": 80,
          "col": 3,
          "lit": "show-progress"
        },
        "value": {
          "type": 0,
          "file": 2,
          "line": 82,
          "col": 14,
          "lit": "true"
        }
      },
      {
        "key": {
          "type": 0,
          "file": 2,
          "line": 83,
          "col": 3,
          "lit": "lfs"
        },
        "value": {
          "type": 0,
          "file": 2,
          "line": 85,
          "col": 14,
          "lit": "false"
        }
      },
      {
        "key": {
          "type": 0,
          "file": 2,
          "line": 86,
          "col": 3,
          "lit": "submodules"
        },
        "value": {
          "type": 0,
          "file": 2,
          "line": 94,
          "col": 14,
          "lit": "false"
        }
      },
      {
        "key": {
          "type": 0,
          "file": 2,
          "line": 95,
          "col": 3,
          "lit": "set-safe-directory"
        },
        "value": {
          "type": 0,
          "file": 2,
          "line": 97,
          "col": 14,
          "lit": "true"
        }
      },
      {
        "key": {
          "type": 0,
          "file": 2,
          "line": 98,
          "col": 3,
          "lit": "github-server-url"
        },
        "value": ""
      }
    ]
  },
  "execution": {
    "executionType": "nodeJS",
    "hasPre": false,
    "hasPost": true,
    "script": "dist/index.js",
    "pre": null,
    "post": "dist/index.js",
    "nodeVersion": "node20",
    "cleanupCondition": "always()",
    "initCondition": "always()"
  },
  "deprecated": null
}
[2025-03-19 15:20:04Z INFO ActionManager] Action pre node.js file: N/A.
[2025-03-19 15:20:04Z INFO ActionManager] Action node.js file: dist/index.js.
[2025-03-19 15:20:04Z INFO ActionManager] Action post node.js file: dist/index.js.
[2025-03-19 15:20:04Z INFO HostContext] Well known directory 'Bin': '/home/jenny/tensorflow-mri/bin'
[2025-03-19 15:20:04Z INFO HostContext] Well known directory 'Root': '/home/jenny/tensorflow-mri'
[2025-03-19 15:20:04Z INFO HostContext] Well known directory 'Diag': '/home/jenny/tensorflow-mri/_diag'
[2025-03-19 15:20:04Z INFO HostContext] Well known directory 'Bin': '/home/jenny/tensorflow-mri/bin'
[2025-03-19 15:20:04Z INFO HostContext] Well known directory 'Root': '/home/jenny/tensorflow-mri'
[2025-03-19 15:20:04Z INFO HostContext] Well known directory 'Diag': '/home/jenny/tensorflow-mri/_diag'
[2025-03-19 15:20:04Z INFO HostContext] Well known directory 'Bin': '/home/jenny/tensorflow-mri/bin'
[2025-03-19 15:20:04Z INFO HostContext] Well known directory 'Root': '/home/jenny/tensorflow-mri'
[2025-03-19 15:20:04Z INFO HostContext] Well known directory 'Work': '/home/jenny/tensorflow-mri/_work'
[2025-03-19 15:20:04Z INFO HostContext] Well known directory 'Temp': '/home/jenny/tensorflow-mri/_work/_temp'
[2025-03-19 15:20:04Z INFO ExecutionContext] Write event payload to /home/jenny/tensorflow-mri/_work/_temp/_github_workflow/event.json
[2025-03-19 15:20:04Z INFO HostContext] Well known directory 'Bin': '/home/jenny/tensorflow-mri/bin'
[2025-03-19 15:20:04Z INFO HostContext] Well known directory 'Root': '/home/jenny/tensorflow-mri'
[2025-03-19 15:20:04Z INFO HostContext] Well known directory 'Work': '/home/jenny/tensorflow-mri/_work'
[2025-03-19 15:20:04Z INFO HostContext] Well known directory 'Temp': '/home/jenny/tensorflow-mri/_work/_temp'
[2025-03-19 15:20:04Z INFO ExtensionManager] Getting extensions for interface: 'GitHub.Runner.Worker.IFileCommandExtension'
[2025-03-19 15:20:04Z INFO ExtensionManager] Creating instance: GitHub.Runner.Worker.AddPathFileCommand, Runner.Worker
[2025-03-19 15:20:04Z INFO ExtensionManager] Creating instance: GitHub.Runner.Worker.SetEnvFileCommand, Runner.Worker
[2025-03-19 15:20:04Z INFO ExtensionManager] Creating instance: GitHub.Runner.Worker.CreateStepSummaryCommand, Runner.Worker
[2025-03-19 15:20:04Z INFO ExtensionManager] Creating instance: GitHub.Runner.Worker.SaveStateFileCommand, Runner.Worker
[2025-03-19 15:20:04Z INFO ExtensionManager] Creating instance: GitHub.Runner.Worker.SetOutputFileCommand, Runner.Worker
[2025-03-19 15:20:04Z INFO ActionManifestManager] Input 'repository': default value evaluate result: {
  "type": 0,
  "file": 2,
  "line": 6,
  "col": 14,
  "lit": "mrphys/tensorflow-mri"
}
[2025-03-19 15:20:04Z INFO ActionManifestManager] Input 'ref': default value evaluate result: ""
[2025-03-19 15:20:04Z INFO ActionManifestManager] Input 'token': default value evaluate result: {
  "type": 0,
  "file": 2,
  "line": 24,
  "col": 14,
  "lit": "***"
}
[2025-03-19 15:20:04Z INFO ActionManifestManager] Input 'ssh-key': default value evaluate result: ""
[2025-03-19 15:20:04Z INFO ActionManifestManager] Input 'ssh-known-hosts': default value evaluate result: ""
[2025-03-19 15:20:04Z INFO ActionManifestManager] Input 'ssh-strict': default value evaluate result: {
  "type": 0,
  "file": 2,
  "line": 47,
  "col": 14,
  "lit": "true"
}
[2025-03-19 15:20:04Z INFO ActionManifestManager] Input 'ssh-user': default value evaluate result: {
  "type": 0,
  "file": 2,
  "line": 51,
  "col": 14,
  "lit": "git"
}
[2025-03-19 15:20:04Z INFO ActionManifestManager] Input 'persist-credentials': default value evaluate result: {
  "type": 0,
  "file": 2,
  "line": 54,
  "col": 14,
  "lit": "true"
}
[2025-03-19 15:20:04Z INFO ActionManifestManager] Input 'path': default value evaluate result: ""
[2025-03-19 15:20:04Z INFO ActionManifestManager] Input 'clean': default value evaluate result: {
  "type": 0,
  "file": 2,
  "line": 59,
  "col": 14,
  "lit": "true"
}
[2025-03-19 15:20:04Z INFO ActionManifestManager] Input 'filter': default value evaluate result: {
  "type": 0,
  "file": 2,
  "line": 64,
  "col": 14,
  "lit": ""
}
[2025-03-19 15:20:04Z INFO ActionManifestManager] Input 'sparse-checkout': default value evaluate result: {
  "type": 0,
  "file": 2,
  "line": 69,
  "col": 14,
  "lit": ""
}
[2025-03-19 15:20:04Z INFO ActionManifestManager] Input 'sparse-checkout-cone-mode': default value evaluate result: {
  "type": 0,
  "file": 2,
  "line": 73,
  "col": 14,
  "lit": "true"
}
[2025-03-19 15:20:04Z INFO ActionManifestManager] Input 'fetch-depth': default value evaluate result: {
  "type": 0,
  "file": 2,
  "line": 76,
  "col": 14,
  "lit": "1"
}
[2025-03-19 15:20:04Z INFO ActionManifestManager] Input 'fetch-tags': default value evaluate result: {
  "type": 0,
  "file": 2,
  "line": 79,
  "col": 14,
  "lit": "false"
}
[2025-03-19 15:20:04Z INFO ActionManifestManager] Input 'show-progress': default value evaluate result: {
  "type": 0,
  "file": 2,
  "line": 82,
  "col": 14,
  "lit": "true"
}
[2025-03-19 15:20:04Z INFO ActionManifestManager] Input 'submodules': default value evaluate result: {
  "type": 0,
  "file": 2,
  "line": 94,
  "col": 14,
  "lit": "false"
}
[2025-03-19 15:20:04Z INFO ActionManifestManager] Input 'set-safe-directory': default value evaluate result: {
  "type": 0,
  "file": 2,
  "line": 97,
  "col": 14,
  "lit": "true"
}
[2025-03-19 15:20:04Z INFO ActionManifestManager] Input 'github-server-url': default value evaluate result: ""
[2025-03-19 15:20:04Z INFO ExtensionManager] Getting extensions for interface: 'GitHub.Runner.Worker.IActionCommandExtension'
[2025-03-19 15:20:04Z INFO ExtensionManager] Creating instance: GitHub.Runner.Worker.InternalPluginSetRepoPathCommandExtension, Runner.Worker
[2025-03-19 15:20:04Z INFO ExtensionManager] Creating instance: GitHub.Runner.Worker.SetEnvCommandExtension, Runner.Worker
[2025-03-19 15:20:04Z INFO ExtensionManager] Creating instance: GitHub.Runner.Worker.SetOutputCommandExtension, Runner.Worker
[2025-03-19 15:20:04Z INFO ExtensionManager] Creating instance: GitHub.Runner.Worker.SaveStateCommandExtension, Runner.Worker
[2025-03-19 15:20:04Z INFO ExtensionManager] Creating instance: GitHub.Runner.Worker.AddPathCommandExtension, Runner.Worker
[2025-03-19 15:20:04Z INFO ExtensionManager] Creating instance: GitHub.Runner.Worker.AddMaskCommandExtension, Runner.Worker
[2025-03-19 15:20:04Z INFO ExtensionManager] Creating instance: GitHub.Runner.Worker.AddMatcherCommandExtension, Runner.Worker
[2025-03-19 15:20:04Z INFO ExtensionManager] Creating instance: GitHub.Runner.Worker.RemoveMatcherCommandExtension, Runner.Worker
[2025-03-19 15:20:04Z INFO ExtensionManager] Creating instance: GitHub.Runner.Worker.WarningCommandExtension, Runner.Worker
[2025-03-19 15:20:04Z INFO ExtensionManager] Creating instance: GitHub.Runner.Worker.ErrorCommandExtension, Runner.Worker
[2025-03-19 15:20:04Z INFO ExtensionManager] Creating instance: GitHub.Runner.Worker.NoticeCommandExtension, Runner.Worker
[2025-03-19 15:20:04Z INFO ExtensionManager] Creating instance: GitHub.Runner.Worker.DebugCommandExtension, Runner.Worker
[2025-03-19 15:20:04Z INFO ExtensionManager] Creating instance: GitHub.Runner.Worker.GroupCommandExtension, Runner.Worker
[2025-03-19 15:20:04Z INFO ExtensionManager] Creating instance: GitHub.Runner.Worker.EndGroupCommandExtension, Runner.Worker
[2025-03-19 15:20:04Z INFO ExtensionManager] Creating instance: GitHub.Runner.Worker.EchoCommandExtension, Runner.Worker
[2025-03-19 15:20:04Z INFO ActionCommandManager] Register action command extension for command internal-set-repo-path
[2025-03-19 15:20:04Z INFO ActionCommandManager] Register action command extension for command set-env
[2025-03-19 15:20:04Z INFO ActionCommandManager] Register action command extension for command set-output
[2025-03-19 15:20:04Z INFO ActionCommandManager] Register action command extension for command save-state
[2025-03-19 15:20:04Z INFO ActionCommandManager] Register action command extension for command add-path
[2025-03-19 15:20:04Z INFO ActionCommandManager] Register action command extension for command add-mask
[2025-03-19 15:20:04Z INFO ActionCommandManager] Register action command extension for command add-matcher
[2025-03-19 15:20:04Z INFO ActionCommandManager] Register action command extension for command remove-matcher
[2025-03-19 15:20:04Z INFO ActionCommandManager] Register action command extension for command warning
[2025-03-19 15:20:04Z INFO ActionCommandManager] Register action command extension for command error
[2025-03-19 15:20:04Z INFO ActionCommandManager] Register action command extension for command notice
[2025-03-19 15:20:04Z INFO ActionCommandManager] Register action command extension for command debug
[2025-03-19 15:20:04Z INFO ActionCommandManager] Register action command extension for command group
[2025-03-19 15:20:04Z INFO ActionCommandManager] Register action command extension for command endgroup
[2025-03-19 15:20:04Z INFO ActionCommandManager] Register action command extension for command echo
[2025-03-19 15:20:04Z INFO HostContext] Well known directory 'Bin': '/home/jenny/tensorflow-mri/bin'
[2025-03-19 15:20:04Z INFO HostContext] Well known directory 'Root': '/home/jenny/tensorflow-mri'
[2025-03-19 15:20:04Z INFO HostContext] Well known directory 'Work': '/home/jenny/tensorflow-mri/_work'
[2025-03-19 15:20:04Z INFO ProcessInvokerWrapper] Starting process:
[2025-03-19 15:20:04Z INFO ProcessInvokerWrapper]   File name: '/usr/bin/docker'
[2025-03-19 15:20:04Z INFO ProcessInvokerWrapper]   Arguments: 'exec  0f768c3eb02420030592cfdb769897bd0f6255b6cc77c737b210cddd36350994 sh -c "cat /etc/*release | grep ^ID"'
[2025-03-19 15:20:04Z INFO ProcessInvokerWrapper]   Working directory: '/home/jenny/tensorflow-mri/_work'
[2025-03-19 15:20:04Z INFO ProcessInvokerWrapper]   Require exit code zero: 'False'
[2025-03-19 15:20:04Z INFO ProcessInvokerWrapper]   Encoding web name:  ; code page: ''
[2025-03-19 15:20:04Z INFO ProcessInvokerWrapper]   Force kill process on cancellation: 'False'
[2025-03-19 15:20:04Z INFO ProcessInvokerWrapper]   Redirected STDIN: 'False'
[2025-03-19 15:20:04Z INFO ProcessInvokerWrapper]   Persist current code page: 'False'
[2025-03-19 15:20:04Z INFO ProcessInvokerWrapper]   Keep redirected STDIN open: 'False'
[2025-03-19 15:20:04Z INFO ProcessInvokerWrapper]   High priority process: 'False'
[2025-03-19 15:20:04Z INFO ProcessInvokerWrapper] Updated oom_score_adj to 500 for PID: 2264630.
[2025-03-19 15:20:04Z INFO ProcessInvokerWrapper] Process started with process id 2264630, waiting for process exit.
[2025-03-19 15:20:04Z INFO ProcessInvokerWrapper] STDOUT/STDERR stream read finished.
[2025-03-19 15:20:04Z INFO ProcessInvokerWrapper] STDOUT/STDERR stream read finished.
[2025-03-19 15:20:04Z INFO ProcessInvokerWrapper] Finished process 2264630 with exit code 0, and elapsed time 00:00:00.0368524.
[2025-03-19 15:20:04Z INFO HostContext] Well known directory 'Bin': '/home/jenny/tensorflow-mri/bin'
[2025-03-19 15:20:04Z INFO HostContext] Well known directory 'Root': '/home/jenny/tensorflow-mri'
[2025-03-19 15:20:04Z INFO HostContext] Well known directory 'Externals': '/home/jenny/tensorflow-mri/externals'
[2025-03-19 15:20:04Z INFO HostContext] Well known directory 'Bin': '/home/jenny/tensorflow-mri/bin'
[2025-03-19 15:20:04Z INFO HostContext] Well known directory 'Root': '/home/jenny/tensorflow-mri'
[2025-03-19 15:20:04Z INFO HostContext] Well known directory 'Work': '/home/jenny/tensorflow-mri/_work'
[2025-03-19 15:20:04Z INFO ProcessInvokerWrapper] Starting process:
[2025-03-19 15:20:04Z INFO ProcessInvokerWrapper]   File name: '/usr/bin/docker'
[2025-03-19 15:20:04Z INFO ProcessInvokerWrapper]   Arguments: 'exec -i --workdir /__w/tensorflow-mri/tensorflow-mri -e "PYTHON" -e "INPUT_LFS" -e "INPUT_REPOSITORY" -e "INPUT_REF" -e "INPUT_TOKEN" -e "INPUT_SSH-KEY" -e "INPUT_SSH-KNOWN-HOSTS" -e "INPUT_SSH-STRICT" -e "INPUT_SSH-USER" -e "INPUT_PERSIST-CREDENTIALS" -e "INPUT_PATH" -e "INPUT_CLEAN" -e "INPUT_FILTER" -e "INPUT_SPARSE-CHECKOUT" -e "INPUT_SPARSE-CHECKOUT-CONE-MODE" -e "INPUT_FETCH-DEPTH" -e "INPUT_FETCH-TAGS" -e "INPUT_SHOW-PROGRESS" -e "INPUT_SUBMODULES" -e "INPUT_SET-SAFE-DIRECTORY" -e "INPUT_GITHUB-SERVER-URL" -e "GITHUB_JOB" -e "GITHUB_REF" -e "GITHUB_SHA" -e "GITHUB_REPOSITORY" -e "GITHUB_REPOSITORY_OWNER" -e "GITHUB_REPOSITORY_OWNER_ID" -e "GITHUB_RUN_ID" -e "GITHUB_RUN_NUMBER" -e "GITHUB_RETENTION_DAYS" -e "GITHUB_RUN_ATTEMPT" -e "GITHUB_ACTOR_ID" -e "GITHUB_ACTOR" -e "GITHUB_WORKFLOW" -e "GITHUB_HEAD_REF" -e "GITHUB_BASE_REF" -e "GITHUB_EVENT_NAME" -e "GITHUB_SERVER_URL" -e "GITHUB_API_URL" -e "GITHUB_GRAPHQL_URL" -e "GITHUB_REF_NAME" -e "GITHUB_REF_PROTECTED" -e "GITHUB_REF_TYPE" -e "GITHUB_WORKFLOW_REF" -e "GITHUB_WORKFLOW_SHA" -e "GITHUB_REPOSITORY_ID" -e "GITHUB_TRIGGERING_ACTOR" -e "GITHUB_WORKSPACE" -e "GITHUB_ACTION" -e "GITHUB_EVENT_PATH" -e "GITHUB_ACTION_REPOSITORY" -e "GITHUB_ACTION_REF" -e "GITHUB_PATH" -e "GITHUB_ENV" -e "GITHUB_STEP_SUMMARY" -e "GITHUB_STATE" -e "GITHUB_OUTPUT" -e "RUNNER_OS" -e "RUNNER_ARCH" -e "RUNNER_NAME" -e "RUNNER_ENVIRONMENT" -e "RUNNER_TOOL_CACHE" -e "RUNNER_TEMP" -e "RUNNER_WORKSPACE" -e "ACTIONS_RUNTIME_URL" -e "ACTIONS_RUNTIME_TOKEN" -e "ACTIONS_CACHE_URL" -e "ACTIONS_RESULTS_URL" -e "ACTIONS_CACHE_SERVICE_V2" 0f768c3eb02420030592cfdb769897bd0f6255b6cc77c737b210cddd36350994 /__e/node20/bin/node /__w/_actions/actions/checkout/v4/dist/index.js'
[2025-03-19 15:20:04Z INFO ProcessInvokerWrapper]   Working directory: '/home/jenny/tensorflow-mri/_work'
[2025-03-19 15:20:04Z INFO ProcessInvokerWrapper]   Require exit code zero: 'False'
[2025-03-19 15:20:04Z INFO ProcessInvokerWrapper]   Encoding web name:  ; code page: ''
[2025-03-19 15:20:04Z INFO ProcessInvokerWrapper]   Force kill process on cancellation: 'False'
[2025-03-19 15:20:04Z INFO ProcessInvokerWrapper]   Redirected STDIN: 'False'
[2025-03-19 15:20:04Z INFO ProcessInvokerWrapper]   Persist current code page: 'False'
[2025-03-19 15:20:04Z INFO ProcessInvokerWrapper]   Keep redirected STDIN open: 'False'
[2025-03-19 15:20:04Z INFO ProcessInvokerWrapper]   High priority process: 'False'
[2025-03-19 15:20:04Z INFO ProcessInvokerWrapper] Updated oom_score_adj to 500 for PID: 2264659.
[2025-03-19 15:20:04Z INFO ProcessInvokerWrapper] Process started with process id 2264659, waiting for process exit.
[2025-03-19 15:20:05Z INFO JobServerQueue] Try to append 1 batches web console lines for record '3899b1b3-aaec-4114-ae30-5e5bf64b02e5', success rate: 1/1.
[2025-03-19 15:20:05Z INFO JobServerQueue] Try to append 1 batches web console lines for record 'a9036bac-1f1d-486c-9c39-755a3ebcc65f', success rate: 1/1.
[2025-03-19 15:20:05Z INFO AddMaskCommandExtension] Add new secret mask with length of 76
[2025-03-19 15:20:05Z INFO JobServerQueue] Try to append 1 batches web console lines for record 'a9036bac-1f1d-486c-9c39-755a3ebcc65f', success rate: 1/1.
[2025-03-19 15:20:05Z INFO JobServerQueue] Got a step log file to send to results service.
[2025-03-19 15:20:05Z INFO JobServerQueue] Try to upload 1 log files or attachments, success rate: 1/1.
[2025-03-19 15:20:05Z INFO JobServerQueue] Starting upload of step log file to results service ResultsLog, /home/jenny/tensorflow-mri/_diag/blocks/352e62ab-c249-47f2-bad9-fb15096f3ea3_3899b1b3-aaec-4114-ae30-5e5bf64b02e5.1
[2025-03-19 15:20:05Z INFO JobServerQueue] Tried to upload 1 file(s) to results, success rate: 1/1.
[2025-03-19 15:20:06Z INFO JobServerQueue] Try to append 1 batches web console lines for record 'a9036bac-1f1d-486c-9c39-755a3ebcc65f', success rate: 1/1.
[2025-03-19 15:20:06Z INFO JobServerQueue] Try to append 1 batches web console lines for record 'a9036bac-1f1d-486c-9c39-755a3ebcc65f', success rate: 1/1.
[2025-03-19 15:20:06Z INFO JobServerQueue] Try to append 1 batches web console lines for record 'a9036bac-1f1d-486c-9c39-755a3ebcc65f', success rate: 1/1.
[2025-03-19 15:20:12Z INFO HostContext] Well known directory 'Bin': '/home/jenny/tensorflow-mri/bin'
[2025-03-19 15:20:12Z INFO HostContext] Well known directory 'Root': '/home/jenny/tensorflow-mri'
[2025-03-19 15:20:12Z INFO HostContext] Well known directory 'Work': '/home/jenny/tensorflow-mri/_work'
[2025-03-19 15:20:20Z INFO JobServerQueue] Try to append 1 batches web console lines for record 'a9036bac-1f1d-486c-9c39-755a3ebcc65f', success rate: 1/1.
[2025-03-19 15:20:22Z INFO HostContext] Well known directory 'Bin': '/home/jenny/tensorflow-mri/bin'
[2025-03-19 15:20:22Z INFO HostContext] Well known directory 'Root': '/home/jenny/tensorflow-mri'
[2025-03-19 15:20:22Z INFO HostContext] Well known directory 'Work': '/home/jenny/tensorflow-mri/_work'
[2025-03-19 15:20:32Z INFO HostContext] Well known directory 'Bin': '/home/jenny/tensorflow-mri/bin'
[2025-03-19 15:20:32Z INFO HostContext] Well known directory 'Root': '/home/jenny/tensorflow-mri'
[2025-03-19 15:20:32Z INFO HostContext] Well known directory 'Work': '/home/jenny/tensorflow-mri/_work'
[2025-03-19 15:20:42Z INFO HostContext] Well known directory 'Bin': '/home/jenny/tensorflow-mri/bin'
[2025-03-19 15:20:42Z INFO HostContext] Well known directory 'Root': '/home/jenny/tensorflow-mri'
[2025-03-19 15:20:42Z INFO HostContext] Well known directory 'Work': '/home/jenny/tensorflow-mri/_work'
[2025-03-19 15:20:52Z INFO HostContext] Well known directory 'Bin': '/home/jenny/tensorflow-mri/bin'
[2025-03-19 15:20:52Z INFO HostContext] Well known directory 'Root': '/home/jenny/tensorflow-mri'
[2025-03-19 15:20:52Z INFO HostContext] Well known directory 'Work': '/home/jenny/tensorflow-mri/_work'
[2025-03-19 15:21:01Z INFO JobServerQueue] Stop aggressive process web console line queue.
[2025-03-19 15:21:02Z INFO HostContext] Well known directory 'Bin': '/home/jenny/tensorflow-mri/bin'
[2025-03-19 15:21:02Z INFO HostContext] Well known directory 'Root': '/home/jenny/tensorflow-mri'
[2025-03-19 15:21:02Z INFO HostContext] Well known directory 'Work': '/home/jenny/tensorflow-mri/_work'
[2025-03-19 15:21:12Z INFO HostContext] Well known directory 'Bin': '/home/jenny/tensorflow-mri/bin'
[2025-03-19 15:21:12Z INFO HostContext] Well known directory 'Root': '/home/jenny/tensorflow-mri'
[2025-03-19 15:21:12Z INFO HostContext] Well known directory 'Work': '/home/jenny/tensorflow-mri/_work'
[2025-03-19 15:21:22Z INFO HostContext] Well known directory 'Bin': '/home/jenny/tensorflow-mri/bin'
[2025-03-19 15:21:22Z INFO HostContext] Well known directory 'Root': '/home/jenny/tensorflow-mri'
[2025-03-19 15:21:22Z INFO HostContext] Well known directory 'Work': '/home/jenny/tensorflow-mri/_work'
[2025-03-19 15:21:32Z INFO HostContext] Well known directory 'Bin': '/home/jenny/tensorflow-mri/bin'
[2025-03-19 15:21:32Z INFO HostContext] Well known directory 'Root': '/home/jenny/tensorflow-mri'
[2025-03-19 15:21:32Z INFO HostContext] Well known directory 'Work': '/home/jenny/tensorflow-mri/_work'
[2025-03-19 15:21:41Z INFO JobServerQueue] Try to append 1 batches web console lines for record 'a9036bac-1f1d-486c-9c39-755a3ebcc65f', success rate: 1/1.
[2025-03-19 15:21:42Z INFO HostContext] Well known directory 'Bin': '/home/jenny/tensorflow-mri/bin'
[2025-03-19 15:21:42Z INFO HostContext] Well known directory 'Root': '/home/jenny/tensorflow-mri'
[2025-03-19 15:21:42Z INFO HostContext] Well known directory 'Work': '/home/jenny/tensorflow-mri/_work'
[2025-03-19 15:21:43Z INFO JobServerQueue] Try to append 1 batches web console lines for record 'a9036bac-1f1d-486c-9c39-755a3ebcc65f', success rate: 1/1.
[2025-03-19 15:21:44Z INFO JobServerQueue] Try to append 1 batches web console lines for record 'a9036bac-1f1d-486c-9c39-755a3ebcc65f', success rate: 1/1.
[2025-03-19 15:21:44Z INFO JobServerQueue] Try to append 1 batches web console lines for record 'a9036bac-1f1d-486c-9c39-755a3ebcc65f', success rate: 1/1.
[2025-03-19 15:21:44Z INFO JobServerQueue] Try to append 1 batches web console lines for record 'a9036bac-1f1d-486c-9c39-755a3ebcc65f', success rate: 1/1.
[2025-03-19 15:21:45Z INFO JobServerQueue] Try to append 1 batches web console lines for record 'a9036bac-1f1d-486c-9c39-755a3ebcc65f', success rate: 1/1.
[2025-03-19 15:21:45Z INFO JobServerQueue] Try to append 1 batches web console lines for record 'a9036bac-1f1d-486c-9c39-755a3ebcc65f', success rate: 1/1.
[2025-03-19 15:21:46Z INFO JobServerQueue] Try to append 1 batches web console lines for record 'a9036bac-1f1d-486c-9c39-755a3ebcc65f', success rate: 1/1.
[2025-03-19 15:21:47Z INFO ProcessInvokerWrapper] STDOUT/STDERR stream read finished.
[2025-03-19 15:21:47Z INFO ProcessInvokerWrapper] STDOUT/STDERR stream read finished.
[2025-03-19 15:21:47Z INFO ProcessInvokerWrapper] Finished process 2264659 with exit code 0, and elapsed time 00:01:42.3888173.
[2025-03-19 15:21:47Z INFO CreateStepSummaryCommand] Step Summary file (/home/jenny/tensorflow-mri/_work/_temp/_runner_file_commands/step_summary_ad7a84d2-4943-48a0-aae9-d7f8f9fbe26a) is empty; skipping attachment upload
[2025-03-19 15:21:47Z INFO StepsRunner] Step result: 
[2025-03-19 15:21:47Z INFO ExecutionContext] Publish step telemetry for current step {
  "action": "actions/checkout",
  "ref": "v4",
  "type": "node20",
  "stage": "Main",
  "stepId": "a9036bac-1f1d-486c-9c39-755a3ebcc65f",
  "stepContextName": "__actions_checkout",
  "hasPreStep": false,
  "hasPostStep": true,
  "result": "succeeded",
  "errorMessages": [
    "no submodule mapping found in .gitmodules for path 'actions-runner/_work/tensorflow-mri/tensorflow-mri/main'",
    "Unable to clean or reset the repository. The repository will be recreated instead."
  ],
  "executionTimeInSeconds": 103,
  "startTime": "2025-03-19T15:20:04.8711178Z",
  "finishTime": "2025-03-19T15:21:47.3295818Z"
}.
[2025-03-19 15:21:47Z INFO StepsRunner] No need for updating job result with current step result 'Succeeded'.
[2025-03-19 15:21:47Z INFO StepsRunner] Current state: job state = ''
[2025-03-19 15:21:47Z INFO StepsRunner] Processing step: DisplayName='Lint code'
[2025-03-19 15:21:47Z INFO StepsRunner] Evaluating: success()
[2025-03-19 15:21:47Z INFO StepsRunner] Result: true
[2025-03-19 15:21:47Z INFO StepsRunner] Starting the step.
[2025-03-19 15:21:47Z INFO HostContext] Well known directory 'Bin': '/home/jenny/tensorflow-mri/bin'
[2025-03-19 15:21:47Z INFO HostContext] Well known directory 'Root': '/home/jenny/tensorflow-mri'
[2025-03-19 15:21:47Z INFO HostContext] Well known directory 'Work': '/home/jenny/tensorflow-mri/_work'
[2025-03-19 15:21:47Z INFO HostContext] Well known directory 'Temp': '/home/jenny/tensorflow-mri/_work/_temp'
[2025-03-19 15:21:47Z INFO ExecutionContext] Write event payload to /home/jenny/tensorflow-mri/_work/_temp/_github_workflow/event.json
[2025-03-19 15:21:47Z INFO HostContext] Well known directory 'Bin': '/home/jenny/tensorflow-mri/bin'
[2025-03-19 15:21:47Z INFO HostContext] Well known directory 'Root': '/home/jenny/tensorflow-mri'
[2025-03-19 15:21:47Z INFO HostContext] Well known directory 'Work': '/home/jenny/tensorflow-mri/_work'
[2025-03-19 15:21:47Z INFO HostContext] Well known directory 'Temp': '/home/jenny/tensorflow-mri/_work/_temp'
[2025-03-19 15:21:47Z INFO ExtensionManager] Getting extensions for interface: 'GitHub.Runner.Worker.IFileCommandExtension'
[2025-03-19 15:21:47Z INFO ExtensionManager] Getting extensions for interface: 'GitHub.Runner.Worker.IActionCommandExtension'
[2025-03-19 15:21:47Z INFO ActionCommandManager] Register action command extension for command internal-set-repo-path
[2025-03-19 15:21:47Z INFO ActionCommandManager] Register action command extension for command set-env
[2025-03-19 15:21:47Z INFO ActionCommandManager] Register action command extension for command set-output
[2025-03-19 15:21:47Z INFO ActionCommandManager] Register action command extension for command save-state
[2025-03-19 15:21:47Z INFO ActionCommandManager] Register action command extension for command add-path
[2025-03-19 15:21:47Z INFO ActionCommandManager] Register action command extension for command add-mask
[2025-03-19 15:21:47Z INFO ActionCommandManager] Register action command extension for command add-matcher
[2025-03-19 15:21:47Z INFO ActionCommandManager] Register action command extension for command remove-matcher
[2025-03-19 15:21:47Z INFO ActionCommandManager] Register action command extension for command warning
[2025-03-19 15:21:47Z INFO ActionCommandManager] Register action command extension for command error
[2025-03-19 15:21:47Z INFO ActionCommandManager] Register action command extension for command notice
[2025-03-19 15:21:47Z INFO ActionCommandManager] Register action command extension for command debug
[2025-03-19 15:21:47Z INFO ActionCommandManager] Register action command extension for command group
[2025-03-19 15:21:47Z INFO ActionCommandManager] Register action command extension for command endgroup
[2025-03-19 15:21:47Z INFO ActionCommandManager] Register action command extension for command echo
[2025-03-19 15:21:47Z INFO HostContext] Well known directory 'Bin': '/home/jenny/tensorflow-mri/bin'
[2025-03-19 15:21:47Z INFO HostContext] Well known directory 'Root': '/home/jenny/tensorflow-mri'
[2025-03-19 15:21:47Z INFO HostContext] Well known directory 'Work': '/home/jenny/tensorflow-mri/_work'
[2025-03-19 15:21:47Z INFO HostContext] Well known directory 'Temp': '/home/jenny/tensorflow-mri/_work/_temp'
[2025-03-19 15:21:47Z INFO ScriptHandler] Which2: 'bash'
[2025-03-19 15:21:47Z INFO ScriptHandler] Location: '/usr/bin/bash'
[2025-03-19 15:21:47Z INFO HostContext] Well known directory 'Bin': '/home/jenny/tensorflow-mri/bin'
[2025-03-19 15:21:47Z INFO HostContext] Well known directory 'Root': '/home/jenny/tensorflow-mri'
[2025-03-19 15:21:47Z INFO HostContext] Well known directory 'Work': '/home/jenny/tensorflow-mri/_work'
[2025-03-19 15:21:47Z INFO ProcessInvokerWrapper] Starting process:
[2025-03-19 15:21:47Z INFO ProcessInvokerWrapper]   File name: '/usr/bin/docker'
[2025-03-19 15:21:47Z INFO ProcessInvokerWrapper]   Arguments: 'exec -i --workdir /__w/tensorflow-mri/tensorflow-mri -e "PYTHON" -e "GITHUB_JOB" -e "GITHUB_REF" -e "GITHUB_SHA" -e "GITHUB_REPOSITORY" -e "GITHUB_REPOSITORY_OWNER" -e "GITHUB_REPOSITORY_OWNER_ID" -e "GITHUB_RUN_ID" -e "GITHUB_RUN_NUMBER" -e "GITHUB_RETENTION_DAYS" -e "GITHUB_RUN_ATTEMPT" -e "GITHUB_ACTOR_ID" -e "GITHUB_ACTOR" -e "GITHUB_WORKFLOW" -e "GITHUB_HEAD_REF" -e "GITHUB_BASE_REF" -e "GITHUB_EVENT_NAME" -e "GITHUB_SERVER_URL" -e "GITHUB_API_URL" -e "GITHUB_GRAPHQL_URL" -e "GITHUB_REF_NAME" -e "GITHUB_REF_PROTECTED" -e "GITHUB_REF_TYPE" -e "GITHUB_WORKFLOW_REF" -e "GITHUB_WORKFLOW_SHA" -e "GITHUB_REPOSITORY_ID" -e "GITHUB_TRIGGERING_ACTOR" -e "GITHUB_WORKSPACE" -e "GITHUB_ACTION" -e "GITHUB_EVENT_PATH" -e "GITHUB_ACTION_REPOSITORY" -e "GITHUB_ACTION_REF" -e "GITHUB_PATH" -e "GITHUB_ENV" -e "GITHUB_STEP_SUMMARY" -e "GITHUB_STATE" -e "GITHUB_OUTPUT" -e "RUNNER_OS" -e "RUNNER_ARCH" -e "RUNNER_NAME" -e "RUNNER_ENVIRONMENT" -e "RUNNER_TOOL_CACHE" -e "RUNNER_TEMP" -e "RUNNER_WORKSPACE" 0f768c3eb02420030592cfdb769897bd0f6255b6cc77c737b210cddd36350994 sh -e /__w/_temp/57f92b47-76d9-4af7-85c2-201156eb598b.sh'
[2025-03-19 15:21:47Z INFO ProcessInvokerWrapper]   Working directory: '/home/jenny/tensorflow-mri/_work'
[2025-03-19 15:21:47Z INFO ProcessInvokerWrapper]   Require exit code zero: 'False'
[2025-03-19 15:21:47Z INFO ProcessInvokerWrapper]   Encoding web name:  ; code page: ''
[2025-03-19 15:21:47Z INFO ProcessInvokerWrapper]   Force kill process on cancellation: 'False'
[2025-03-19 15:21:47Z INFO ProcessInvokerWrapper]   Redirected STDIN: 'False'
[2025-03-19 15:21:47Z INFO ProcessInvokerWrapper]   Persist current code page: 'False'
[2025-03-19 15:21:47Z INFO ProcessInvokerWrapper]   Keep redirected STDIN open: 'False'
[2025-03-19 15:21:47Z INFO ProcessInvokerWrapper]   High priority process: 'False'
[2025-03-19 15:21:47Z INFO ProcessInvokerWrapper] Updated oom_score_adj to 500 for PID: 2266300.
[2025-03-19 15:21:47Z INFO ProcessInvokerWrapper] Process started with process id 2266300, waiting for process exit.
[2025-03-19 15:21:47Z INFO JobServerQueue] Try to upload 1 log files or attachments, success rate: 1/1.
[2025-03-19 15:21:47Z INFO JobServerQueue] Try to append 1 batches web console lines for record 'a9036bac-1f1d-486c-9c39-755a3ebcc65f', success rate: 1/1.
[2025-03-19 15:21:47Z INFO JobServerQueue] Try to append 1 batches web console lines for record '0c741968-3b6e-4350-bb94-941a21307b84', success rate: 1/1.
[2025-03-19 15:21:47Z INFO JobServerQueue] Got a step log file to send to results service.
[2025-03-19 15:21:47Z INFO JobServerQueue] Starting upload of step log file to results service ResultsLog, /home/jenny/tensorflow-mri/_diag/blocks/352e62ab-c249-47f2-bad9-fb15096f3ea3_a9036bac-1f1d-486c-9c39-755a3ebcc65f.1
[2025-03-19 15:21:48Z INFO JobServerQueue] Try to append 1 batches web console lines for record '0c741968-3b6e-4350-bb94-941a21307b84', success rate: 1/1.
[2025-03-19 15:21:48Z INFO JobServerQueue] Tried to upload 1 file(s) to results, success rate: 1/1.
[2025-03-19 15:21:50Z INFO JobServerQueue] Try to append 1 batches web console lines for record '0c741968-3b6e-4350-bb94-941a21307b84', success rate: 1/1.
[2025-03-19 15:21:52Z INFO JobServerQueue] Try to append 1 batches web console lines for record '0c741968-3b6e-4350-bb94-941a21307b84', success rate: 1/1.
[2025-03-19 15:21:52Z INFO HostContext] Well known directory 'Bin': '/home/jenny/tensorflow-mri/bin'
[2025-03-19 15:21:52Z INFO HostContext] Well known directory 'Root': '/home/jenny/tensorflow-mri'
[2025-03-19 15:21:52Z INFO HostContext] Well known directory 'Work': '/home/jenny/tensorflow-mri/_work'
[2025-03-19 15:22:02Z INFO HostContext] Well known directory 'Bin': '/home/jenny/tensorflow-mri/bin'
[2025-03-19 15:22:02Z INFO HostContext] Well known directory 'Root': '/home/jenny/tensorflow-mri'
[2025-03-19 15:22:02Z INFO HostContext] Well known directory 'Work': '/home/jenny/tensorflow-mri/_work'
[2025-03-19 15:22:12Z INFO HostContext] Well known directory 'Bin': '/home/jenny/tensorflow-mri/bin'
[2025-03-19 15:22:12Z INFO HostContext] Well known directory 'Root': '/home/jenny/tensorflow-mri'
[2025-03-19 15:22:12Z INFO HostContext] Well known directory 'Work': '/home/jenny/tensorflow-mri/_work'
[2025-03-19 15:22:22Z INFO HostContext] Well known directory 'Bin': '/home/jenny/tensorflow-mri/bin'
[2025-03-19 15:22:22Z INFO HostContext] Well known directory 'Root': '/home/jenny/tensorflow-mri'
[2025-03-19 15:22:22Z INFO HostContext] Well known directory 'Work': '/home/jenny/tensorflow-mri/_work'
[2025-03-19 15:22:24Z INFO JobServerQueue] Try to append 1 batches web console lines for record '0c741968-3b6e-4350-bb94-941a21307b84', success rate: 1/1.
[2025-03-19 15:22:29Z INFO ProcessInvokerWrapper] STDOUT/STDERR stream read finished.
[2025-03-19 15:22:29Z INFO ProcessInvokerWrapper] STDOUT/STDERR stream read finished.
[2025-03-19 15:22:29Z INFO ProcessInvokerWrapper] Finished process 2266300 with exit code 0, and elapsed time 00:00:42.2557709.
[2025-03-19 15:22:29Z INFO CreateStepSummaryCommand] Step Summary file (/home/jenny/tensorflow-mri/_work/_temp/_runner_file_commands/step_summary_27bfda95-322d-4419-8670-8441494c36d9) is empty; skipping attachment upload
[2025-03-19 15:22:29Z INFO StepsRunner] Step result: 
[2025-03-19 15:22:29Z INFO ExecutionContext] Publish step telemetry for current step {
  "action": "sh",
  "type": "run",
  "stage": "Main",
  "stepId": "0c741968-3b6e-4350-bb94-941a21307b84",
  "stepContextName": "__run",
  "result": "succeeded",
  "errorMessages": [],
  "executionTimeInSeconds": 43,
  "startTime": "2025-03-19T15:21:47.3309005Z",
  "finishTime": "2025-03-19T15:22:29.5946985Z"
}.
[2025-03-19 15:22:29Z INFO StepsRunner] No need for updating job result with current step result 'Succeeded'.
[2025-03-19 15:22:29Z INFO StepsRunner] Current state: job state = ''
[2025-03-19 15:22:29Z INFO StepsRunner] Processing step: DisplayName='Compile shared library'
[2025-03-19 15:22:29Z INFO StepsRunner] Evaluating: success()
[2025-03-19 15:22:29Z INFO StepsRunner] Result: true
[2025-03-19 15:22:29Z INFO StepsRunner] Starting the step.
[2025-03-19 15:22:29Z INFO HostContext] Well known directory 'Bin': '/home/jenny/tensorflow-mri/bin'
[2025-03-19 15:22:29Z INFO HostContext] Well known directory 'Root': '/home/jenny/tensorflow-mri'
[2025-03-19 15:22:29Z INFO HostContext] Well known directory 'Work': '/home/jenny/tensorflow-mri/_work'
[2025-03-19 15:22:29Z INFO HostContext] Well known directory 'Temp': '/home/jenny/tensorflow-mri/_work/_temp'
[2025-03-19 15:22:29Z INFO ExecutionContext] Write event payload to /home/jenny/tensorflow-mri/_work/_temp/_github_workflow/event.json
[2025-03-19 15:22:29Z INFO HostContext] Well known directory 'Bin': '/home/jenny/tensorflow-mri/bin'
[2025-03-19 15:22:29Z INFO HostContext] Well known directory 'Root': '/home/jenny/tensorflow-mri'
[2025-03-19 15:22:29Z INFO HostContext] Well known directory 'Work': '/home/jenny/tensorflow-mri/_work'
[2025-03-19 15:22:29Z INFO HostContext] Well known directory 'Temp': '/home/jenny/tensorflow-mri/_work/_temp'
[2025-03-19 15:22:29Z INFO ExtensionManager] Getting extensions for interface: 'GitHub.Runner.Worker.IFileCommandExtension'
[2025-03-19 15:22:29Z INFO ExtensionManager] Getting extensions for interface: 'GitHub.Runner.Worker.IActionCommandExtension'
[2025-03-19 15:22:29Z INFO ActionCommandManager] Register action command extension for command internal-set-repo-path
[2025-03-19 15:22:29Z INFO ActionCommandManager] Register action command extension for command set-env
[2025-03-19 15:22:29Z INFO ActionCommandManager] Register action command extension for command set-output
[2025-03-19 15:22:29Z INFO ActionCommandManager] Register action command extension for command save-state
[2025-03-19 15:22:29Z INFO ActionCommandManager] Register action command extension for command add-path
[2025-03-19 15:22:29Z INFO ActionCommandManager] Register action command extension for command add-mask
[2025-03-19 15:22:29Z INFO ActionCommandManager] Register action command extension for command add-matcher
[2025-03-19 15:22:29Z INFO ActionCommandManager] Register action command extension for command remove-matcher
[2025-03-19 15:22:29Z INFO ActionCommandManager] Register action command extension for command warning
[2025-03-19 15:22:29Z INFO ActionCommandManager] Register action command extension for command error
[2025-03-19 15:22:29Z INFO ActionCommandManager] Register action command extension for command notice
[2025-03-19 15:22:29Z INFO ActionCommandManager] Register action command extension for command debug
[2025-03-19 15:22:29Z INFO ActionCommandManager] Register action command extension for command group
[2025-03-19 15:22:29Z INFO ActionCommandManager] Register action command extension for command endgroup
[2025-03-19 15:22:29Z INFO ActionCommandManager] Register action command extension for command echo
[2025-03-19 15:22:29Z INFO HostContext] Well known directory 'Bin': '/home/jenny/tensorflow-mri/bin'
[2025-03-19 15:22:29Z INFO HostContext] Well known directory 'Root': '/home/jenny/tensorflow-mri'
[2025-03-19 15:22:29Z INFO HostContext] Well known directory 'Work': '/home/jenny/tensorflow-mri/_work'
[2025-03-19 15:22:29Z INFO HostContext] Well known directory 'Temp': '/home/jenny/tensorflow-mri/_work/_temp'
[2025-03-19 15:22:29Z INFO ScriptHandler] Which2: 'bash'
[2025-03-19 15:22:29Z INFO ScriptHandler] Location: '/usr/bin/bash'
[2025-03-19 15:22:29Z INFO HostContext] Well known directory 'Bin': '/home/jenny/tensorflow-mri/bin'
[2025-03-19 15:22:29Z INFO HostContext] Well known directory 'Root': '/home/jenny/tensorflow-mri'
[2025-03-19 15:22:29Z INFO HostContext] Well known directory 'Work': '/home/jenny/tensorflow-mri/_work'
[2025-03-19 15:22:29Z INFO ProcessInvokerWrapper] Starting process:
[2025-03-19 15:22:29Z INFO ProcessInvokerWrapper]   File name: '/usr/bin/docker'
[2025-03-19 15:22:29Z INFO ProcessInvokerWrapper]   Arguments: 'exec -i --workdir /__w/tensorflow-mri/tensorflow-mri -e "PYTHON" -e "GITHUB_JOB" -e "GITHUB_REF" -e "GITHUB_SHA" -e "GITHUB_REPOSITORY" -e "GITHUB_REPOSITORY_OWNER" -e "GITHUB_REPOSITORY_OWNER_ID" -e "GITHUB_RUN_ID" -e "GITHUB_RUN_NUMBER" -e "GITHUB_RETENTION_DAYS" -e "GITHUB_RUN_ATTEMPT" -e "GITHUB_ACTOR_ID" -e "GITHUB_ACTOR" -e "GITHUB_WORKFLOW" -e "GITHUB_HEAD_REF" -e "GITHUB_BASE_REF" -e "GITHUB_EVENT_NAME" -e "GITHUB_SERVER_URL" -e "GITHUB_API_URL" -e "GITHUB_GRAPHQL_URL" -e "GITHUB_REF_NAME" -e "GITHUB_REF_PROTECTED" -e "GITHUB_REF_TYPE" -e "GITHUB_WORKFLOW_REF" -e "GITHUB_WORKFLOW_SHA" -e "GITHUB_REPOSITORY_ID" -e "GITHUB_TRIGGERING_ACTOR" -e "GITHUB_WORKSPACE" -e "GITHUB_ACTION" -e "GITHUB_EVENT_PATH" -e "GITHUB_ACTION_REPOSITORY" -e "GITHUB_ACTION_REF" -e "GITHUB_PATH" -e "GITHUB_ENV" -e "GITHUB_STEP_SUMMARY" -e "GITHUB_STATE" -e "GITHUB_OUTPUT" -e "RUNNER_OS" -e "RUNNER_ARCH" -e "RUNNER_NAME" -e "RUNNER_ENVIRONMENT" -e "RUNNER_TOOL_CACHE" -e "RUNNER_TEMP" -e "RUNNER_WORKSPACE" 0f768c3eb02420030592cfdb769897bd0f6255b6cc77c737b210cddd36350994 sh -e /__w/_temp/d4deda03-2401-4934-a43f-338c41ecda1d.sh'
[2025-03-19 15:22:29Z INFO ProcessInvokerWrapper]   Working directory: '/home/jenny/tensorflow-mri/_work'
[2025-03-19 15:22:29Z INFO ProcessInvokerWrapper]   Require exit code zero: 'False'
[2025-03-19 15:22:29Z INFO ProcessInvokerWrapper]   Encoding web name:  ; code page: ''
[2025-03-19 15:22:29Z INFO ProcessInvokerWrapper]   Force kill process on cancellation: 'False'
[2025-03-19 15:22:29Z INFO ProcessInvokerWrapper]   Redirected STDIN: 'False'
[2025-03-19 15:22:29Z INFO ProcessInvokerWrapper]   Persist current code page: 'False'
[2025-03-19 15:22:29Z INFO ProcessInvokerWrapper]   Keep redirected STDIN open: 'False'
[2025-03-19 15:22:29Z INFO ProcessInvokerWrapper]   High priority process: 'False'
[2025-03-19 15:22:29Z INFO ProcessInvokerWrapper] Updated oom_score_adj to 500 for PID: 2266984.
[2025-03-19 15:22:29Z INFO ProcessInvokerWrapper] Process started with process id 2266984, waiting for process exit.
[2025-03-19 15:22:30Z INFO JobServerQueue] Try to append 1 batches web console lines for record 'c0230db5-c9d0-433e-a75f-c4ec37712236', success rate: 1/1.
[2025-03-19 15:22:30Z INFO JobServerQueue] Try to upload 1 log files or attachments, success rate: 1/1.
[2025-03-19 15:22:30Z INFO JobServerQueue] Got a step log file to send to results service.
[2025-03-19 15:22:30Z INFO JobServerQueue] Starting upload of step log file to results service ResultsLog, /home/jenny/tensorflow-mri/_diag/blocks/352e62ab-c249-47f2-bad9-fb15096f3ea3_0c741968-3b6e-4350-bb94-941a21307b84.1
[2025-03-19 15:22:30Z INFO JobServerQueue] Tried to upload 1 file(s) to results, success rate: 1/1.
[2025-03-19 15:22:32Z INFO JobServerQueue] Try to append 1 batches web console lines for record 'c0230db5-c9d0-433e-a75f-c4ec37712236', success rate: 1/1.
[2025-03-19 15:22:32Z INFO HostContext] Well known directory 'Bin': '/home/jenny/tensorflow-mri/bin'
[2025-03-19 15:22:32Z INFO HostContext] Well known directory 'Root': '/home/jenny/tensorflow-mri'
[2025-03-19 15:22:32Z INFO HostContext] Well known directory 'Work': '/home/jenny/tensorflow-mri/_work'
[2025-03-19 15:22:33Z INFO JobServerQueue] Try to append 1 batches web console lines for record 'c0230db5-c9d0-433e-a75f-c4ec37712236', success rate: 1/1.
[2025-03-19 15:22:39Z INFO JobServerQueue] Try to append 2 batches web console lines for record 'c0230db5-c9d0-433e-a75f-c4ec37712236', success rate: 2/2.
[2025-03-19 15:22:39Z INFO ProcessInvokerWrapper] STDOUT/STDERR stream read finished.
[2025-03-19 15:22:39Z INFO ProcessInvokerWrapper] STDOUT/STDERR stream read finished.
[2025-03-19 15:22:39Z INFO ProcessInvokerWrapper] Finished process 2266984 with exit code 0, and elapsed time 00:00:10.1161436.
[2025-03-19 15:22:39Z INFO CreateStepSummaryCommand] Step Summary file (/home/jenny/tensorflow-mri/_work/_temp/_runner_file_commands/step_summary_a314ddf7-67bb-4434-8409-282bf09fdecd) is empty; skipping attachment upload
[2025-03-19 15:22:39Z INFO StepsRunner] Step result: 
[2025-03-19 15:22:39Z INFO ExecutionContext] Publish step telemetry for current step {
  "action": "sh",
  "type": "run",
  "stage": "Main",
  "stepId": "c0230db5-c9d0-433e-a75f-c4ec37712236",
  "stepContextName": "__run_2",
  "result": "succeeded",
  "errorMessages": [],
  "executionTimeInSeconds": 11,
  "startTime": "2025-03-19T15:22:29.5952826Z",
  "finishTime": "2025-03-19T15:22:39.7155116Z"
}.
[2025-03-19 15:22:39Z INFO StepsRunner] No need for updating job result with current step result 'Succeeded'.
[2025-03-19 15:22:39Z INFO StepsRunner] Current state: job state = ''
[2025-03-19 15:22:39Z INFO StepsRunner] Processing step: DisplayName='Install required packages'
[2025-03-19 15:22:39Z INFO StepsRunner] Evaluating: success()
[2025-03-19 15:22:39Z INFO StepsRunner] Result: true
[2025-03-19 15:22:39Z INFO StepsRunner] Starting the step.
[2025-03-19 15:22:39Z INFO HostContext] Well known directory 'Bin': '/home/jenny/tensorflow-mri/bin'
[2025-03-19 15:22:39Z INFO HostContext] Well known directory 'Root': '/home/jenny/tensorflow-mri'
[2025-03-19 15:22:39Z INFO HostContext] Well known directory 'Work': '/home/jenny/tensorflow-mri/_work'
[2025-03-19 15:22:39Z INFO HostContext] Well known directory 'Temp': '/home/jenny/tensorflow-mri/_work/_temp'
[2025-03-19 15:22:39Z INFO ExecutionContext] Write event payload to /home/jenny/tensorflow-mri/_work/_temp/_github_workflow/event.json
[2025-03-19 15:22:39Z INFO HostContext] Well known directory 'Bin': '/home/jenny/tensorflow-mri/bin'
[2025-03-19 15:22:39Z INFO HostContext] Well known directory 'Root': '/home/jenny/tensorflow-mri'
[2025-03-19 15:22:39Z INFO HostContext] Well known directory 'Work': '/home/jenny/tensorflow-mri/_work'
[2025-03-19 15:22:39Z INFO HostContext] Well known directory 'Temp': '/home/jenny/tensorflow-mri/_work/_temp'
[2025-03-19 15:22:39Z INFO ExtensionManager] Getting extensions for interface: 'GitHub.Runner.Worker.IFileCommandExtension'
[2025-03-19 15:22:39Z INFO ExtensionManager] Getting extensions for interface: 'GitHub.Runner.Worker.IActionCommandExtension'
[2025-03-19 15:22:39Z INFO ActionCommandManager] Register action command extension for command internal-set-repo-path
[2025-03-19 15:22:39Z INFO ActionCommandManager] Register action command extension for command set-env
[2025-03-19 15:22:39Z INFO ActionCommandManager] Register action command extension for command set-output
[2025-03-19 15:22:39Z INFO ActionCommandManager] Register action command extension for command save-state
[2025-03-19 15:22:39Z INFO ActionCommandManager] Register action command extension for command add-path
[2025-03-19 15:22:39Z INFO ActionCommandManager] Register action command extension for command add-mask
[2025-03-19 15:22:39Z INFO ActionCommandManager] Register action command extension for command add-matcher
[2025-03-19 15:22:39Z INFO ActionCommandManager] Register action command extension for command remove-matcher
[2025-03-19 15:22:39Z INFO ActionCommandManager] Register action command extension for command warning
[2025-03-19 15:22:39Z INFO ActionCommandManager] Register action command extension for command error
[2025-03-19 15:22:39Z INFO ActionCommandManager] Register action command extension for command notice
[2025-03-19 15:22:39Z INFO ActionCommandManager] Register action command extension for command debug
[2025-03-19 15:22:39Z INFO ActionCommandManager] Register action command extension for command group
[2025-03-19 15:22:39Z INFO ActionCommandManager] Register action command extension for command endgroup
[2025-03-19 15:22:39Z INFO ActionCommandManager] Register action command extension for command echo
[2025-03-19 15:22:39Z INFO HostContext] Well known directory 'Bin': '/home/jenny/tensorflow-mri/bin'
[2025-03-19 15:22:39Z INFO HostContext] Well known directory 'Root': '/home/jenny/tensorflow-mri'
[2025-03-19 15:22:39Z INFO HostContext] Well known directory 'Work': '/home/jenny/tensorflow-mri/_work'
[2025-03-19 15:22:39Z INFO HostContext] Well known directory 'Temp': '/home/jenny/tensorflow-mri/_work/_temp'
[2025-03-19 15:22:39Z INFO ScriptHandler] Which2: 'bash'
[2025-03-19 15:22:39Z INFO ScriptHandler] Location: '/usr/bin/bash'
[2025-03-19 15:22:39Z INFO HostContext] Well known directory 'Bin': '/home/jenny/tensorflow-mri/bin'
[2025-03-19 15:22:39Z INFO HostContext] Well known directory 'Root': '/home/jenny/tensorflow-mri'
[2025-03-19 15:22:39Z INFO HostContext] Well known directory 'Work': '/home/jenny/tensorflow-mri/_work'
[2025-03-19 15:22:39Z INFO ProcessInvokerWrapper] Starting process:
[2025-03-19 15:22:39Z INFO ProcessInvokerWrapper]   File name: '/usr/bin/docker'
[2025-03-19 15:22:39Z INFO ProcessInvokerWrapper]   Arguments: 'exec -i --workdir /__w/tensorflow-mri/tensorflow-mri -e "PYTHON" -e "GITHUB_JOB" -e "GITHUB_REF" -e "GITHUB_SHA" -e "GITHUB_REPOSITORY" -e "GITHUB_REPOSITORY_OWNER" -e "GITHUB_REPOSITORY_OWNER_ID" -e "GITHUB_RUN_ID" -e "GITHUB_RUN_NUMBER" -e "GITHUB_RETENTION_DAYS" -e "GITHUB_RUN_ATTEMPT" -e "GITHUB_ACTOR_ID" -e "GITHUB_ACTOR" -e "GITHUB_WORKFLOW" -e "GITHUB_HEAD_REF" -e "GITHUB_BASE_REF" -e "GITHUB_EVENT_NAME" -e "GITHUB_SERVER_URL" -e "GITHUB_API_URL" -e "GITHUB_GRAPHQL_URL" -e "GITHUB_REF_NAME" -e "GITHUB_REF_PROTECTED" -e "GITHUB_REF_TYPE" -e "GITHUB_WORKFLOW_REF" -e "GITHUB_WORKFLOW_SHA" -e "GITHUB_REPOSITORY_ID" -e "GITHUB_TRIGGERING_ACTOR" -e "GITHUB_WORKSPACE" -e "GITHUB_ACTION" -e "GITHUB_EVENT_PATH" -e "GITHUB_ACTION_REPOSITORY" -e "GITHUB_ACTION_REF" -e "GITHUB_PATH" -e "GITHUB_ENV" -e "GITHUB_STEP_SUMMARY" -e "GITHUB_STATE" -e "GITHUB_OUTPUT" -e "RUNNER_OS" -e "RUNNER_ARCH" -e "RUNNER_NAME" -e "RUNNER_ENVIRONMENT" -e "RUNNER_TOOL_CACHE" -e "RUNNER_TEMP" -e "RUNNER_WORKSPACE" 0f768c3eb02420030592cfdb769897bd0f6255b6cc77c737b210cddd36350994 sh -e /__w/_temp/ae701271-d5ec-47f8-b7f5-031b1ff20fc1.sh'
[2025-03-19 15:22:39Z INFO ProcessInvokerWrapper]   Working directory: '/home/jenny/tensorflow-mri/_work'
[2025-03-19 15:22:39Z INFO ProcessInvokerWrapper]   Require exit code zero: 'False'
[2025-03-19 15:22:39Z INFO ProcessInvokerWrapper]   Encoding web name:  ; code page: ''
[2025-03-19 15:22:39Z INFO ProcessInvokerWrapper]   Force kill process on cancellation: 'False'
[2025-03-19 15:22:39Z INFO ProcessInvokerWrapper]   Redirected STDIN: 'False'
[2025-03-19 15:22:39Z INFO ProcessInvokerWrapper]   Persist current code page: 'False'
[2025-03-19 15:22:39Z INFO ProcessInvokerWrapper]   Keep redirected STDIN open: 'False'
[2025-03-19 15:22:39Z INFO ProcessInvokerWrapper]   High priority process: 'False'
[2025-03-19 15:22:39Z INFO ProcessInvokerWrapper] Updated oom_score_adj to 500 for PID: 2267368.
[2025-03-19 15:22:39Z INFO ProcessInvokerWrapper] Process started with process id 2267368, waiting for process exit.
[2025-03-19 15:22:39Z INFO JobServerQueue] Got a step log file to send to results service.
[2025-03-19 15:22:39Z INFO JobServerQueue] Starting upload of step log file to results service ResultsLog, /home/jenny/tensorflow-mri/_diag/blocks/352e62ab-c249-47f2-bad9-fb15096f3ea3_c0230db5-c9d0-433e-a75f-c4ec37712236.1
[2025-03-19 15:22:40Z INFO JobServerQueue] Try to append 1 batches web console lines for record 'c0230db5-c9d0-433e-a75f-c4ec37712236', success rate: 1/1.
[2025-03-19 15:22:40Z INFO JobServerQueue] Try to append 1 batches web console lines for record 'a31577d2-85dc-4cd8-8204-e53f8c7f2785', success rate: 1/1.
[2025-03-19 15:22:40Z INFO JobServerQueue] Tried to upload 1 file(s) to results, success rate: 1/1.
[2025-03-19 15:22:40Z INFO JobServerQueue] Try to upload 1 log files or attachments, success rate: 1/1.
[2025-03-19 15:22:40Z INFO JobServerQueue] Try to append 1 batches web console lines for record 'a31577d2-85dc-4cd8-8204-e53f8c7f2785', success rate: 1/1.
[2025-03-19 15:22:41Z INFO JobServerQueue] Try to append 1 batches web console lines for record 'a31577d2-85dc-4cd8-8204-e53f8c7f2785', success rate: 1/1.
[2025-03-19 15:22:42Z INFO JobServerQueue] Try to append 1 batches web console lines for record 'a31577d2-85dc-4cd8-8204-e53f8c7f2785', success rate: 1/1.
[2025-03-19 15:22:42Z INFO HostContext] Well known directory 'Bin': '/home/jenny/tensorflow-mri/bin'
[2025-03-19 15:22:42Z INFO HostContext] Well known directory 'Root': '/home/jenny/tensorflow-mri'
[2025-03-19 15:22:42Z INFO HostContext] Well known directory 'Work': '/home/jenny/tensorflow-mri/_work'
[2025-03-19 15:22:43Z INFO JobServerQueue] Try to append 1 batches web console lines for record 'a31577d2-85dc-4cd8-8204-e53f8c7f2785', success rate: 1/1.
[2025-03-19 15:22:45Z INFO JobServerQueue] Try to append 1 batches web console lines for record 'a31577d2-85dc-4cd8-8204-e53f8c7f2785', success rate: 1/1.
[2025-03-19 15:22:45Z INFO JobServerQueue] Try to append 1 batches web console lines for record 'a31577d2-85dc-4cd8-8204-e53f8c7f2785', success rate: 1/1.
[2025-03-19 15:22:46Z INFO JobServerQueue] Try to append 1 batches web console lines for record 'a31577d2-85dc-4cd8-8204-e53f8c7f2785', success rate: 1/1.
[2025-03-19 15:22:46Z INFO JobServerQueue] Try to append 1 batches web console lines for record 'a31577d2-85dc-4cd8-8204-e53f8c7f2785', success rate: 1/1.
[2025-03-19 15:22:48Z INFO JobServerQueue] Try to append 1 batches web console lines for record 'a31577d2-85dc-4cd8-8204-e53f8c7f2785', success rate: 1/1.
[2025-03-19 15:22:50Z INFO JobServerQueue] Try to append 1 batches web console lines for record 'a31577d2-85dc-4cd8-8204-e53f8c7f2785', success rate: 1/1.
[2025-03-19 15:22:50Z INFO JobServerQueue] Try to append 1 batches web console lines for record 'a31577d2-85dc-4cd8-8204-e53f8c7f2785', success rate: 1/1.
[2025-03-19 15:22:51Z INFO JobServerQueue] Try to append 1 batches web console lines for record 'a31577d2-85dc-4cd8-8204-e53f8c7f2785', success rate: 1/1.
[2025-03-19 15:22:51Z INFO JobServerQueue] Try to append 1 batches web console lines for record 'a31577d2-85dc-4cd8-8204-e53f8c7f2785', success rate: 1/1.
[2025-03-19 15:22:52Z INFO JobServerQueue] Try to append 1 batches web console lines for record 'a31577d2-85dc-4cd8-8204-e53f8c7f2785', success rate: 1/1.
[2025-03-19 15:22:52Z INFO HostContext] Well known directory 'Bin': '/home/jenny/tensorflow-mri/bin'
[2025-03-19 15:22:52Z INFO HostContext] Well known directory 'Root': '/home/jenny/tensorflow-mri'
[2025-03-19 15:22:52Z INFO HostContext] Well known directory 'Work': '/home/jenny/tensorflow-mri/_work'
[2025-03-19 15:22:52Z INFO JobServerQueue] Try to append 1 batches web console lines for record 'a31577d2-85dc-4cd8-8204-e53f8c7f2785', success rate: 1/1.
[2025-03-19 15:22:53Z INFO JobServerQueue] Try to append 1 batches web console lines for record 'a31577d2-85dc-4cd8-8204-e53f8c7f2785', success rate: 1/1.
[2025-03-19 15:22:53Z INFO JobServerQueue] Try to append 1 batches web console lines for record 'a31577d2-85dc-4cd8-8204-e53f8c7f2785', success rate: 1/1.
[2025-03-19 15:22:54Z INFO JobServerQueue] Try to append 1 batches web console lines for record 'a31577d2-85dc-4cd8-8204-e53f8c7f2785', success rate: 1/1.
[2025-03-19 15:22:54Z INFO JobServerQueue] Try to append 1 batches web console lines for record 'a31577d2-85dc-4cd8-8204-e53f8c7f2785', success rate: 1/1.
[2025-03-19 15:22:55Z INFO JobServerQueue] Try to append 1 batches web console lines for record 'a31577d2-85dc-4cd8-8204-e53f8c7f2785', success rate: 1/1.
[2025-03-19 15:22:55Z INFO JobServerQueue] Try to append 1 batches web console lines for record 'a31577d2-85dc-4cd8-8204-e53f8c7f2785', success rate: 1/1.
[2025-03-19 15:22:56Z INFO JobServerQueue] Try to append 1 batches web console lines for record 'a31577d2-85dc-4cd8-8204-e53f8c7f2785', success rate: 1/1.
[2025-03-19 15:22:56Z INFO JobServerQueue] Try to append 1 batches web console lines for record 'a31577d2-85dc-4cd8-8204-e53f8c7f2785', success rate: 1/1.
[2025-03-19 15:22:57Z INFO JobServerQueue] Try to append 1 batches web console lines for record 'a31577d2-85dc-4cd8-8204-e53f8c7f2785', success rate: 1/1.
[2025-03-19 15:22:58Z INFO JobServerQueue] Try to append 1 batches web console lines for record 'a31577d2-85dc-4cd8-8204-e53f8c7f2785', success rate: 1/1.
[2025-03-19 15:22:59Z INFO JobServerQueue] Try to append 1 batches web console lines for record 'a31577d2-85dc-4cd8-8204-e53f8c7f2785', success rate: 1/1.
[2025-03-19 15:22:59Z INFO JobServerQueue] Try to append 1 batches web console lines for record 'a31577d2-85dc-4cd8-8204-e53f8c7f2785', success rate: 1/1.
[2025-03-19 15:23:00Z INFO JobServerQueue] Try to append 1 batches web console lines for record 'a31577d2-85dc-4cd8-8204-e53f8c7f2785', success rate: 1/1.
[2025-03-19 15:23:00Z INFO JobServerQueue] Try to append 1 batches web console lines for record 'a31577d2-85dc-4cd8-8204-e53f8c7f2785', success rate: 1/1.
[2025-03-19 15:23:01Z INFO JobServerQueue] Try to append 1 batches web console lines for record 'a31577d2-85dc-4cd8-8204-e53f8c7f2785', success rate: 1/1.
[2025-03-19 15:23:01Z INFO JobServerQueue] Try to append 1 batches web console lines for record 'a31577d2-85dc-4cd8-8204-e53f8c7f2785', success rate: 1/1.
[2025-03-19 15:23:02Z INFO JobServerQueue] Try to append 1 batches web console lines for record 'a31577d2-85dc-4cd8-8204-e53f8c7f2785', success rate: 1/1.
[2025-03-19 15:23:02Z INFO HostContext] Well known directory 'Bin': '/home/jenny/tensorflow-mri/bin'
[2025-03-19 15:23:02Z INFO HostContext] Well known directory 'Root': '/home/jenny/tensorflow-mri'
[2025-03-19 15:23:02Z INFO HostContext] Well known directory 'Work': '/home/jenny/tensorflow-mri/_work'
[2025-03-19 15:23:12Z INFO HostContext] Well known directory 'Bin': '/home/jenny/tensorflow-mri/bin'
[2025-03-19 15:23:12Z INFO HostContext] Well known directory 'Root': '/home/jenny/tensorflow-mri'
[2025-03-19 15:23:12Z INFO HostContext] Well known directory 'Work': '/home/jenny/tensorflow-mri/_work'
[2025-03-19 15:23:17Z INFO JobServerQueue] Try to append 1 batches web console lines for record 'a31577d2-85dc-4cd8-8204-e53f8c7f2785', success rate: 1/1.
[2025-03-19 15:23:17Z INFO ProcessInvokerWrapper] STDOUT/STDERR stream read finished.
[2025-03-19 15:23:17Z INFO ProcessInvokerWrapper] STDOUT/STDERR stream read finished.
[2025-03-19 15:23:17Z INFO ProcessInvokerWrapper] Finished process 2267368 with exit code 0, and elapsed time 00:00:37.9721885.
[2025-03-19 15:23:17Z INFO CreateStepSummaryCommand] Step Summary file (/home/jenny/tensorflow-mri/_work/_temp/_runner_file_commands/step_summary_9cff0f5a-66f7-4f5a-881c-cd2d28ea9d68) is empty; skipping attachment upload
[2025-03-19 15:23:17Z INFO StepsRunner] Step result: 
[2025-03-19 15:23:17Z INFO ExecutionContext] Publish step telemetry for current step {
  "action": "sh",
  "type": "run",
  "stage": "Main",
  "stepId": "a31577d2-85dc-4cd8-8204-e53f8c7f2785",
  "stepContextName": "__run_3",
  "result": "succeeded",
  "errorMessages": [],
  "executionTimeInSeconds": 38,
  "startTime": "2025-03-19T15:22:39.7160036Z",
  "finishTime": "2025-03-19T15:23:17.692088Z"
}.
[2025-03-19 15:23:17Z INFO StepsRunner] No need for updating job result with current step result 'Succeeded'.
[2025-03-19 15:23:17Z INFO StepsRunner] Current state: job state = ''
[2025-03-19 15:23:17Z INFO StepsRunner] Processing step: DisplayName='Run test suite'
[2025-03-19 15:23:17Z INFO StepsRunner] Evaluating: success()
[2025-03-19 15:23:17Z INFO StepsRunner] Result: true
[2025-03-19 15:23:17Z INFO StepsRunner] Starting the step.
[2025-03-19 15:23:17Z INFO HostContext] Well known directory 'Bin': '/home/jenny/tensorflow-mri/bin'
[2025-03-19 15:23:17Z INFO HostContext] Well known directory 'Root': '/home/jenny/tensorflow-mri'
[2025-03-19 15:23:17Z INFO HostContext] Well known directory 'Work': '/home/jenny/tensorflow-mri/_work'
[2025-03-19 15:23:17Z INFO HostContext] Well known directory 'Temp': '/home/jenny/tensorflow-mri/_work/_temp'
[2025-03-19 15:23:17Z INFO ExecutionContext] Write event payload to /home/jenny/tensorflow-mri/_work/_temp/_github_workflow/event.json
[2025-03-19 15:23:17Z INFO HostContext] Well known directory 'Bin': '/home/jenny/tensorflow-mri/bin'
[2025-03-19 15:23:17Z INFO HostContext] Well known directory 'Root': '/home/jenny/tensorflow-mri'
[2025-03-19 15:23:17Z INFO HostContext] Well known directory 'Work': '/home/jenny/tensorflow-mri/_work'
[2025-03-19 15:23:17Z INFO HostContext] Well known directory 'Temp': '/home/jenny/tensorflow-mri/_work/_temp'
[2025-03-19 15:23:17Z INFO ExtensionManager] Getting extensions for interface: 'GitHub.Runner.Worker.IFileCommandExtension'
[2025-03-19 15:23:17Z INFO ExtensionManager] Getting extensions for interface: 'GitHub.Runner.Worker.IActionCommandExtension'
[2025-03-19 15:23:17Z INFO ActionCommandManager] Register action command extension for command internal-set-repo-path
[2025-03-19 15:23:17Z INFO ActionCommandManager] Register action command extension for command set-env
[2025-03-19 15:23:17Z INFO ActionCommandManager] Register action command extension for command set-output
[2025-03-19 15:23:17Z INFO ActionCommandManager] Register action command extension for command save-state
[2025-03-19 15:23:17Z INFO ActionCommandManager] Register action command extension for command add-path
[2025-03-19 15:23:17Z INFO ActionCommandManager] Register action command extension for command add-mask
[2025-03-19 15:23:17Z INFO ActionCommandManager] Register action command extension for command add-matcher
[2025-03-19 15:23:17Z INFO ActionCommandManager] Register action command extension for command remove-matcher
[2025-03-19 15:23:17Z INFO ActionCommandManager] Register action command extension for command warning
[2025-03-19 15:23:17Z INFO ActionCommandManager] Register action command extension for command error
[2025-03-19 15:23:17Z INFO ActionCommandManager] Register action command extension for command notice
[2025-03-19 15:23:17Z INFO ActionCommandManager] Register action command extension for command debug
[2025-03-19 15:23:17Z INFO ActionCommandManager] Register action command extension for command group
[2025-03-19 15:23:17Z INFO ActionCommandManager] Register action command extension for command endgroup
[2025-03-19 15:23:17Z INFO ActionCommandManager] Register action command extension for command echo
[2025-03-19 15:23:17Z INFO HostContext] Well known directory 'Bin': '/home/jenny/tensorflow-mri/bin'
[2025-03-19 15:23:17Z INFO HostContext] Well known directory 'Root': '/home/jenny/tensorflow-mri'
[2025-03-19 15:23:17Z INFO HostContext] Well known directory 'Work': '/home/jenny/tensorflow-mri/_work'
[2025-03-19 15:23:17Z INFO HostContext] Well known directory 'Temp': '/home/jenny/tensorflow-mri/_work/_temp'
[2025-03-19 15:23:17Z INFO ScriptHandler] Which2: 'bash'
[2025-03-19 15:23:17Z INFO ScriptHandler] Location: '/usr/bin/bash'
[2025-03-19 15:23:17Z INFO HostContext] Well known directory 'Bin': '/home/jenny/tensorflow-mri/bin'
[2025-03-19 15:23:17Z INFO HostContext] Well known directory 'Root': '/home/jenny/tensorflow-mri'
[2025-03-19 15:23:17Z INFO HostContext] Well known directory 'Work': '/home/jenny/tensorflow-mri/_work'
[2025-03-19 15:23:17Z INFO ProcessInvokerWrapper] Starting process:
[2025-03-19 15:23:17Z INFO ProcessInvokerWrapper]   File name: '/usr/bin/docker'
[2025-03-19 15:23:17Z INFO ProcessInvokerWrapper]   Arguments: 'exec -i --workdir /__w/tensorflow-mri/tensorflow-mri -e "PYTHON" -e "GITHUB_JOB" -e "GITHUB_REF" -e "GITHUB_SHA" -e "GITHUB_REPOSITORY" -e "GITHUB_REPOSITORY_OWNER" -e "GITHUB_REPOSITORY_OWNER_ID" -e "GITHUB_RUN_ID" -e "GITHUB_RUN_NUMBER" -e "GITHUB_RETENTION_DAYS" -e "GITHUB_RUN_ATTEMPT" -e "GITHUB_ACTOR_ID" -e "GITHUB_ACTOR" -e "GITHUB_WORKFLOW" -e "GITHUB_HEAD_REF" -e "GITHUB_BASE_REF" -e "GITHUB_EVENT_NAME" -e "GITHUB_SERVER_URL" -e "GITHUB_API_URL" -e "GITHUB_GRAPHQL_URL" -e "GITHUB_REF_NAME" -e "GITHUB_REF_PROTECTED" -e "GITHUB_REF_TYPE" -e "GITHUB_WORKFLOW_REF" -e "GITHUB_WORKFLOW_SHA" -e "GITHUB_REPOSITORY_ID" -e "GITHUB_TRIGGERING_ACTOR" -e "GITHUB_WORKSPACE" -e "GITHUB_ACTION" -e "GITHUB_EVENT_PATH" -e "GITHUB_ACTION_REPOSITORY" -e "GITHUB_ACTION_REF" -e "GITHUB_PATH" -e "GITHUB_ENV" -e "GITHUB_STEP_SUMMARY" -e "GITHUB_STATE" -e "GITHUB_OUTPUT" -e "RUNNER_OS" -e "RUNNER_ARCH" -e "RUNNER_NAME" -e "RUNNER_ENVIRONMENT" -e "RUNNER_TOOL_CACHE" -e "RUNNER_TEMP" -e "RUNNER_WORKSPACE" 0f768c3eb02420030592cfdb769897bd0f6255b6cc77c737b210cddd36350994 sh -e /__w/_temp/a95327f9-11b9-4fe1-836c-2afb02b1931d.sh'
[2025-03-19 15:23:17Z INFO ProcessInvokerWrapper]   Working directory: '/home/jenny/tensorflow-mri/_work'
[2025-03-19 15:23:17Z INFO ProcessInvokerWrapper]   Require exit code zero: 'False'
[2025-03-19 15:23:17Z INFO ProcessInvokerWrapper]   Encoding web name:  ; code page: ''
[2025-03-19 15:23:17Z INFO ProcessInvokerWrapper]   Force kill process on cancellation: 'False'
[2025-03-19 15:23:17Z INFO ProcessInvokerWrapper]   Redirected STDIN: 'False'
[2025-03-19 15:23:17Z INFO ProcessInvokerWrapper]   Persist current code page: 'False'
[2025-03-19 15:23:17Z INFO ProcessInvokerWrapper]   Keep redirected STDIN open: 'False'
[2025-03-19 15:23:17Z INFO ProcessInvokerWrapper]   High priority process: 'False'
[2025-03-19 15:23:17Z INFO ProcessInvokerWrapper] Updated oom_score_adj to 500 for PID: 2267871.
[2025-03-19 15:23:17Z INFO ProcessInvokerWrapper] Process started with process id 2267871, waiting for process exit.
[2025-03-19 15:23:18Z INFO JobServerQueue] Try to append 1 batches web console lines for record 'b08c2513-bc9c-40df-ba85-2fae0b38aa64', success rate: 1/1.
[2025-03-19 15:23:18Z INFO JobServerQueue] Got a step log file to send to results service.
[2025-03-19 15:23:18Z INFO JobServerQueue] Starting upload of step log file to results service ResultsLog, /home/jenny/tensorflow-mri/_diag/blocks/352e62ab-c249-47f2-bad9-fb15096f3ea3_a31577d2-85dc-4cd8-8204-e53f8c7f2785.1
[2025-03-19 15:23:18Z INFO JobServerQueue] Try to upload 1 log files or attachments, success rate: 1/1.
[2025-03-19 15:23:18Z INFO JobServerQueue] Tried to upload 1 file(s) to results, success rate: 1/1.
[2025-03-19 15:23:20Z INFO JobServerQueue] Try to append 1 batches web console lines for record 'b08c2513-bc9c-40df-ba85-2fae0b38aa64', success rate: 1/1.
[2025-03-19 15:23:21Z INFO JobServerQueue] Try to append 1 batches web console lines for record 'b08c2513-bc9c-40df-ba85-2fae0b38aa64', success rate: 1/1.
[2025-03-19 15:23:22Z INFO JobServerQueue] Try to append 1 batches web console lines for record 'b08c2513-bc9c-40df-ba85-2fae0b38aa64', success rate: 1/1.
[2025-03-19 15:23:22Z INFO HostContext] Well known directory 'Bin': '/home/jenny/tensorflow-mri/bin'
[2025-03-19 15:23:22Z INFO HostContext] Well known directory 'Root': '/home/jenny/tensorflow-mri'
[2025-03-19 15:23:22Z INFO HostContext] Well known directory 'Work': '/home/jenny/tensorflow-mri/_work'
[2025-03-19 15:23:32Z INFO HostContext] Well known directory 'Bin': '/home/jenny/tensorflow-mri/bin'
[2025-03-19 15:23:32Z INFO HostContext] Well known directory 'Root': '/home/jenny/tensorflow-mri'
[2025-03-19 15:23:32Z INFO HostContext] Well known directory 'Work': '/home/jenny/tensorflow-mri/_work'
[2025-03-19 15:23:33Z INFO JobServerQueue] Try to append 1 batches web console lines for record 'b08c2513-bc9c-40df-ba85-2fae0b38aa64', success rate: 1/1.
[2025-03-19 15:23:33Z INFO JobServerQueue] Try to append 1 batches web console lines for record 'b08c2513-bc9c-40df-ba85-2fae0b38aa64', success rate: 1/1.
[2025-03-19 15:23:34Z INFO JobServerQueue] Try to append 1 batches web console lines for record 'b08c2513-bc9c-40df-ba85-2fae0b38aa64', success rate: 1/1.
[2025-03-19 15:23:34Z INFO JobServerQueue] Try to append 1 batches web console lines for record 'b08c2513-bc9c-40df-ba85-2fae0b38aa64', success rate: 1/1.
[2025-03-19 15:23:35Z INFO JobServerQueue] Try to append 1 batches web console lines for record 'b08c2513-bc9c-40df-ba85-2fae0b38aa64', success rate: 1/1.
[2025-03-19 15:23:35Z INFO JobServerQueue] Try to append 1 batches web console lines for record 'b08c2513-bc9c-40df-ba85-2fae0b38aa64', success rate: 1/1.
[2025-03-19 15:23:36Z INFO JobServerQueue] Try to append 1 batches web console lines for record 'b08c2513-bc9c-40df-ba85-2fae0b38aa64', success rate: 1/1.
[2025-03-19 15:23:36Z INFO JobServerQueue] Try to append 1 batches web console lines for record 'b08c2513-bc9c-40df-ba85-2fae0b38aa64', success rate: 1/1.
[2025-03-19 15:23:37Z INFO JobServerQueue] Try to append 1 batches web console lines for record 'b08c2513-bc9c-40df-ba85-2fae0b38aa64', success rate: 1/1.
[2025-03-19 15:23:37Z INFO JobServerQueue] Try to append 1 batches web console lines for record 'b08c2513-bc9c-40df-ba85-2fae0b38aa64', success rate: 1/1.
[2025-03-19 15:23:38Z INFO JobServerQueue] Try to append 1 batches web console lines for record 'b08c2513-bc9c-40df-ba85-2fae0b38aa64', success rate: 1/1.
[2025-03-19 15:23:38Z INFO JobServerQueue] Try to append 1 batches web console lines for record 'b08c2513-bc9c-40df-ba85-2fae0b38aa64', success rate: 1/1.
[2025-03-19 15:23:39Z INFO JobServerQueue] Try to append 1 batches web console lines for record 'b08c2513-bc9c-40df-ba85-2fae0b38aa64', success rate: 1/1.
[2025-03-19 15:23:39Z INFO JobServerQueue] Try to append 1 batches web console lines for record 'b08c2513-bc9c-40df-ba85-2fae0b38aa64', success rate: 1/1.
[2025-03-19 15:23:40Z INFO JobServerQueue] Try to append 1 batches web console lines for record 'b08c2513-bc9c-40df-ba85-2fae0b38aa64', success rate: 1/1.
[2025-03-19 15:23:40Z INFO JobServerQueue] Try to append 1 batches web console lines for record 'b08c2513-bc9c-40df-ba85-2fae0b38aa64', success rate: 1/1.
[2025-03-19 15:23:41Z INFO JobServerQueue] Try to append 1 batches web console lines for record 'b08c2513-bc9c-40df-ba85-2fae0b38aa64', success rate: 1/1.
[2025-03-19 15:23:41Z INFO JobServerQueue] Try to append 1 batches web console lines for record 'b08c2513-bc9c-40df-ba85-2fae0b38aa64', success rate: 1/1.
[2025-03-19 15:23:42Z INFO JobServerQueue] Try to append 1 batches web console lines for record 'b08c2513-bc9c-40df-ba85-2fae0b38aa64', success rate: 1/1.
[2025-03-19 15:23:42Z INFO HostContext] Well known directory 'Bin': '/home/jenny/tensorflow-mri/bin'
[2025-03-19 15:23:42Z INFO HostContext] Well known directory 'Root': '/home/jenny/tensorflow-mri'
[2025-03-19 15:23:42Z INFO HostContext] Well known directory 'Work': '/home/jenny/tensorflow-mri/_work'
[2025-03-19 15:23:42Z INFO JobServerQueue] Try to append 1 batches web console lines for record 'b08c2513-bc9c-40df-ba85-2fae0b38aa64', success rate: 1/1.
[2025-03-19 15:23:43Z INFO JobServerQueue] Try to append 1 batches web console lines for record 'b08c2513-bc9c-40df-ba85-2fae0b38aa64', success rate: 1/1.
[2025-03-19 15:23:43Z INFO JobServerQueue] Try to append 1 batches web console lines for record 'b08c2513-bc9c-40df-ba85-2fae0b38aa64', success rate: 1/1.
[2025-03-19 15:23:44Z INFO JobServerQueue] Try to append 1 batches web console lines for record 'b08c2513-bc9c-40df-ba85-2fae0b38aa64', success rate: 1/1.
[2025-03-19 15:23:44Z INFO JobServerQueue] Try to append 1 batches web console lines for record 'b08c2513-bc9c-40df-ba85-2fae0b38aa64', success rate: 1/1.
[2025-03-19 15:23:45Z INFO JobServerQueue] Try to append 1 batches web console lines for record 'b08c2513-bc9c-40df-ba85-2fae0b38aa64', success rate: 1/1.
[2025-03-19 15:23:45Z INFO JobServerQueue] Try to append 1 batches web console lines for record 'b08c2513-bc9c-40df-ba85-2fae0b38aa64', success rate: 1/1.
[2025-03-19 15:23:46Z INFO JobServerQueue] Try to append 1 batches web console lines for record 'b08c2513-bc9c-40df-ba85-2fae0b38aa64', success rate: 1/1.
[2025-03-19 15:23:46Z INFO JobServerQueue] Try to append 1 batches web console lines for record 'b08c2513-bc9c-40df-ba85-2fae0b38aa64', success rate: 1/1.
[2025-03-19 15:23:47Z INFO JobServerQueue] Try to append 1 batches web console lines for record 'b08c2513-bc9c-40df-ba85-2fae0b38aa64', success rate: 1/1.
[2025-03-19 15:23:47Z INFO JobServerQueue] Try to append 1 batches web console lines for record 'b08c2513-bc9c-40df-ba85-2fae0b38aa64', success rate: 1/1.
[2025-03-19 15:23:48Z INFO JobServerQueue] Try to append 1 batches web console lines for record 'b08c2513-bc9c-40df-ba85-2fae0b38aa64', success rate: 1/1.
[2025-03-19 15:23:48Z INFO JobServerQueue] Try to append 1 batches web console lines for record 'b08c2513-bc9c-40df-ba85-2fae0b38aa64', success rate: 1/1.
[2025-03-19 15:23:49Z INFO JobServerQueue] Try to append 1 batches web console lines for record 'b08c2513-bc9c-40df-ba85-2fae0b38aa64', success rate: 1/1.
[2025-03-19 15:23:49Z INFO JobServerQueue] Try to append 1 batches web console lines for record 'b08c2513-bc9c-40df-ba85-2fae0b38aa64', success rate: 1/1.
[2025-03-19 15:23:50Z INFO JobServerQueue] Try to append 1 batches web console lines for record 'b08c2513-bc9c-40df-ba85-2fae0b38aa64', success rate: 1/1.
[2025-03-19 15:23:50Z INFO JobServerQueue] Try to append 1 batches web console lines for record 'b08c2513-bc9c-40df-ba85-2fae0b38aa64', success rate: 1/1.
[2025-03-19 15:23:51Z INFO JobServerQueue] Try to append 1 batches web console lines for record 'b08c2513-bc9c-40df-ba85-2fae0b38aa64', success rate: 1/1.
[2025-03-19 15:23:51Z INFO JobServerQueue] Try to append 1 batches web console lines for record 'b08c2513-bc9c-40df-ba85-2fae0b38aa64', success rate: 1/1.
[2025-03-19 15:23:52Z INFO JobServerQueue] Try to append 1 batches web console lines for record 'b08c2513-bc9c-40df-ba85-2fae0b38aa64', success rate: 1/1.
[2025-03-19 15:23:52Z INFO HostContext] Well known directory 'Bin': '/home/jenny/tensorflow-mri/bin'
[2025-03-19 15:23:52Z INFO HostContext] Well known directory 'Root': '/home/jenny/tensorflow-mri'
[2025-03-19 15:23:52Z INFO HostContext] Well known directory 'Work': '/home/jenny/tensorflow-mri/_work'
[2025-03-19 15:23:52Z INFO JobServerQueue] Try to append 1 batches web console lines for record 'b08c2513-bc9c-40df-ba85-2fae0b38aa64', success rate: 1/1.
[2025-03-19 15:23:53Z INFO JobServerQueue] Try to append 1 batches web console lines for record 'b08c2513-bc9c-40df-ba85-2fae0b38aa64', success rate: 1/1.
[2025-03-19 15:23:53Z INFO JobServerQueue] Try to append 1 batches web console lines for record 'b08c2513-bc9c-40df-ba85-2fae0b38aa64', success rate: 1/1.
[2025-03-19 15:23:54Z INFO JobServerQueue] Try to append 1 batches web console lines for record 'b08c2513-bc9c-40df-ba85-2fae0b38aa64', success rate: 1/1.
[2025-03-19 15:23:54Z INFO JobServerQueue] Try to append 1 batches web console lines for record 'b08c2513-bc9c-40df-ba85-2fae0b38aa64', success rate: 1/1.
[2025-03-19 15:23:55Z INFO JobServerQueue] Try to append 1 batches web console lines for record 'b08c2513-bc9c-40df-ba85-2fae0b38aa64', success rate: 1/1.
[2025-03-19 15:23:55Z INFO JobServerQueue] Try to append 1 batches web console lines for record 'b08c2513-bc9c-40df-ba85-2fae0b38aa64', success rate: 1/1.
[2025-03-19 15:23:56Z INFO JobServerQueue] Try to append 1 batches web console lines for record 'b08c2513-bc9c-40df-ba85-2fae0b38aa64', success rate: 1/1.
[2025-03-19 15:23:56Z INFO JobServerQueue] Try to append 1 batches web console lines for record 'b08c2513-bc9c-40df-ba85-2fae0b38aa64', success rate: 1/1.
[2025-03-19 15:23:57Z INFO JobServerQueue] Try to append 1 batches web console lines for record 'b08c2513-bc9c-40df-ba85-2fae0b38aa64', success rate: 1/1.
[2025-03-19 15:23:57Z INFO JobServerQueue] Try to append 1 batches web console lines for record 'b08c2513-bc9c-40df-ba85-2fae0b38aa64', success rate: 1/1.
[2025-03-19 15:23:58Z INFO JobServerQueue] Try to append 1 batches web console lines for record 'b08c2513-bc9c-40df-ba85-2fae0b38aa64', success rate: 1/1.
[2025-03-19 15:23:58Z INFO JobServerQueue] Try to append 1 batches web console lines for record 'b08c2513-bc9c-40df-ba85-2fae0b38aa64', success rate: 1/1.
[2025-03-19 15:23:59Z INFO JobServerQueue] Try to append 1 batches web console lines for record 'b08c2513-bc9c-40df-ba85-2fae0b38aa64', success rate: 1/1.
[2025-03-19 15:23:59Z INFO JobServerQueue] Try to append 1 batches web console lines for record 'b08c2513-bc9c-40df-ba85-2fae0b38aa64', success rate: 1/1.
[2025-03-19 15:24:00Z INFO JobServerQueue] Try to append 1 batches web console lines for record 'b08c2513-bc9c-40df-ba85-2fae0b38aa64', success rate: 1/1.
[2025-03-19 15:24:00Z INFO JobServerQueue] Try to append 1 batches web console lines for record 'b08c2513-bc9c-40df-ba85-2fae0b38aa64', success rate: 1/1.
[2025-03-19 15:24:01Z INFO JobServerQueue] Try to append 1 batches web console lines for record 'b08c2513-bc9c-40df-ba85-2fae0b38aa64', success rate: 1/1.
[2025-03-19 15:24:01Z INFO JobServerQueue] Try to append 1 batches web console lines for record 'b08c2513-bc9c-40df-ba85-2fae0b38aa64', success rate: 1/1.
[2025-03-19 15:24:02Z INFO JobServerQueue] Try to append 1 batches web console lines for record 'b08c2513-bc9c-40df-ba85-2fae0b38aa64', success rate: 1/1.
[2025-03-19 15:24:02Z INFO HostContext] Well known directory 'Bin': '/home/jenny/tensorflow-mri/bin'
[2025-03-19 15:24:02Z INFO HostContext] Well known directory 'Root': '/home/jenny/tensorflow-mri'
[2025-03-19 15:24:02Z INFO HostContext] Well known directory 'Work': '/home/jenny/tensorflow-mri/_work'
[2025-03-19 15:24:02Z INFO JobServerQueue] Try to append 1 batches web console lines for record 'b08c2513-bc9c-40df-ba85-2fae0b38aa64', success rate: 1/1.
[2025-03-19 15:24:03Z INFO JobServerQueue] Try to append 1 batches web console lines for record 'b08c2513-bc9c-40df-ba85-2fae0b38aa64', success rate: 1/1.
[2025-03-19 15:24:03Z INFO JobServerQueue] Try to append 1 batches web console lines for record 'b08c2513-bc9c-40df-ba85-2fae0b38aa64', success rate: 1/1.
[2025-03-19 15:24:04Z INFO JobServerQueue] Try to append 1 batches web console lines for record 'b08c2513-bc9c-40df-ba85-2fae0b38aa64', success rate: 1/1.
[2025-03-19 15:24:04Z INFO JobServerQueue] Try to append 1 batches web console lines for record 'b08c2513-bc9c-40df-ba85-2fae0b38aa64', success rate: 1/1.
[2025-03-19 15:24:05Z INFO JobServerQueue] Try to append 1 batches web console lines for record 'b08c2513-bc9c-40df-ba85-2fae0b38aa64', success rate: 1/1.
[2025-03-19 15:24:05Z INFO JobServerQueue] Try to append 1 batches web console lines for record 'b08c2513-bc9c-40df-ba85-2fae0b38aa64', success rate: 1/1.
[2025-03-19 15:24:06Z INFO JobServerQueue] Try to append 1 batches web console lines for record 'b08c2513-bc9c-40df-ba85-2fae0b38aa64', success rate: 1/1.
[2025-03-19 15:24:06Z INFO JobServerQueue] Try to append 1 batches web console lines for record 'b08c2513-bc9c-40df-ba85-2fae0b38aa64', success rate: 1/1.
[2025-03-19 15:24:07Z INFO JobServerQueue] Try to append 1 batches web console lines for record 'b08c2513-bc9c-40df-ba85-2fae0b38aa64', success rate: 1/1.
[2025-03-19 15:24:07Z INFO JobServerQueue] Try to append 1 batches web console lines for record 'b08c2513-bc9c-40df-ba85-2fae0b38aa64', success rate: 1/1.
[2025-03-19 15:24:08Z INFO JobServerQueue] Try to append 1 batches web console lines for record 'b08c2513-bc9c-40df-ba85-2fae0b38aa64', success rate: 1/1.
[2025-03-19 15:24:08Z INFO JobServerQueue] Try to append 1 batches web console lines for record 'b08c2513-bc9c-40df-ba85-2fae0b38aa64', success rate: 1/1.
[2025-03-19 15:24:09Z INFO JobServerQueue] Try to append 1 batches web console lines for record 'b08c2513-bc9c-40df-ba85-2fae0b38aa64', success rate: 1/1.
[2025-03-19 15:24:09Z INFO JobServerQueue] Try to append 1 batches web console lines for record 'b08c2513-bc9c-40df-ba85-2fae0b38aa64', success rate: 1/1.
[2025-03-19 15:24:10Z INFO JobServerQueue] Try to append 1 batches web console lines for record 'b08c2513-bc9c-40df-ba85-2fae0b38aa64', success rate: 1/1.
[2025-03-19 15:24:10Z INFO JobServerQueue] Try to append 1 batches web console lines for record 'b08c2513-bc9c-40df-ba85-2fae0b38aa64', success rate: 1/1.
[2025-03-19 15:24:11Z INFO JobServerQueue] Try to append 1 batches web console lines for record 'b08c2513-bc9c-40df-ba85-2fae0b38aa64', success rate: 1/1.
[2025-03-19 15:24:11Z INFO JobServerQueue] Try to append 1 batches web console lines for record 'b08c2513-bc9c-40df-ba85-2fae0b38aa64', success rate: 1/1.
[2025-03-19 15:24:12Z INFO JobServerQueue] Try to append 1 batches web console lines for record 'b08c2513-bc9c-40df-ba85-2fae0b38aa64', success rate: 1/1.
[2025-03-19 15:24:12Z INFO HostContext] Well known directory 'Bin': '/home/jenny/tensorflow-mri/bin'
[2025-03-19 15:24:12Z INFO HostContext] Well known directory 'Root': '/home/jenny/tensorflow-mri'
[2025-03-19 15:24:12Z INFO HostContext] Well known directory 'Work': '/home/jenny/tensorflow-mri/_work'
[2025-03-19 15:24:12Z INFO JobServerQueue] Try to append 1 batches web console lines for record 'b08c2513-bc9c-40df-ba85-2fae0b38aa64', success rate: 1/1.
[2025-03-19 15:24:13Z INFO JobServerQueue] Try to append 1 batches web console lines for record 'b08c2513-bc9c-40df-ba85-2fae0b38aa64', success rate: 1/1.
[2025-03-19 15:24:13Z INFO JobServerQueue] Try to append 1 batches web console lines for record 'b08c2513-bc9c-40df-ba85-2fae0b38aa64', success rate: 1/1.
[2025-03-19 15:24:14Z INFO JobServerQueue] Try to append 1 batches web console lines for record 'b08c2513-bc9c-40df-ba85-2fae0b38aa64', success rate: 1/1.
[2025-03-19 15:24:14Z INFO JobServerQueue] Try to append 1 batches web console lines for record 'b08c2513-bc9c-40df-ba85-2fae0b38aa64', success rate: 1/1.
[2025-03-19 15:24:15Z INFO JobServerQueue] Try to append 1 batches web console lines for record 'b08c2513-bc9c-40df-ba85-2fae0b38aa64', success rate: 1/1.
[2025-03-19 15:24:15Z INFO JobServerQueue] Try to append 1 batches web console lines for record 'b08c2513-bc9c-40df-ba85-2fae0b38aa64', success rate: 1/1.
[2025-03-19 15:24:16Z INFO JobServerQueue] Try to append 1 batches web console lines for record 'b08c2513-bc9c-40df-ba85-2fae0b38aa64', success rate: 1/1.
[2025-03-19 15:24:16Z INFO JobServerQueue] Try to append 1 batches web console lines for record 'b08c2513-bc9c-40df-ba85-2fae0b38aa64', success rate: 1/1.
[2025-03-19 15:24:17Z INFO JobServerQueue] Try to append 1 batches web console lines for record 'b08c2513-bc9c-40df-ba85-2fae0b38aa64', success rate: 1/1.
[2025-03-19 15:24:17Z INFO JobServerQueue] Try to append 1 batches web console lines for record 'b08c2513-bc9c-40df-ba85-2fae0b38aa64', success rate: 1/1.
[2025-03-19 15:24:18Z INFO JobServerQueue] Try to append 1 batches web console lines for record 'b08c2513-bc9c-40df-ba85-2fae0b38aa64', success rate: 1/1.
[2025-03-19 15:24:18Z INFO JobServerQueue] Try to append 1 batches web console lines for record 'b08c2513-bc9c-40df-ba85-2fae0b38aa64', success rate: 1/1.
[2025-03-19 15:24:19Z INFO JobServerQueue] Try to append 1 batches web console lines for record 'b08c2513-bc9c-40df-ba85-2fae0b38aa64', success rate: 1/1.
[2025-03-19 15:24:19Z INFO JobServerQueue] Try to append 1 batches web console lines for record 'b08c2513-bc9c-40df-ba85-2fae0b38aa64', success rate: 1/1.
[2025-03-19 15:24:20Z INFO JobServerQueue] Try to append 1 batches web console lines for record 'b08c2513-bc9c-40df-ba85-2fae0b38aa64', success rate: 1/1.
[2025-03-19 15:24:20Z INFO JobServerQueue] Try to append 1 batches web console lines for record 'b08c2513-bc9c-40df-ba85-2fae0b38aa64', success rate: 1/1.
[2025-03-19 15:24:21Z INFO JobServerQueue] Try to append 1 batches web console lines for record 'b08c2513-bc9c-40df-ba85-2fae0b38aa64', success rate: 1/1.
[2025-03-19 15:24:21Z INFO JobServerQueue] Try to append 1 batches web console lines for record 'b08c2513-bc9c-40df-ba85-2fae0b38aa64', success rate: 1/1.
[2025-03-19 15:24:22Z INFO JobServerQueue] Try to append 1 batches web console lines for record 'b08c2513-bc9c-40df-ba85-2fae0b38aa64', success rate: 1/1.
[2025-03-19 15:24:22Z INFO HostContext] Well known directory 'Bin': '/home/jenny/tensorflow-mri/bin'
[2025-03-19 15:24:22Z INFO HostContext] Well known directory 'Root': '/home/jenny/tensorflow-mri'
[2025-03-19 15:24:22Z INFO HostContext] Well known directory 'Work': '/home/jenny/tensorflow-mri/_work'
[2025-03-19 15:24:22Z INFO JobServerQueue] Try to append 1 batches web console lines for record 'b08c2513-bc9c-40df-ba85-2fae0b38aa64', success rate: 1/1.
[2025-03-19 15:24:23Z INFO JobServerQueue] Try to append 1 batches web console lines for record 'b08c2513-bc9c-40df-ba85-2fae0b38aa64', success rate: 1/1.
[2025-03-19 15:24:23Z INFO JobServerQueue] Try to append 1 batches web console lines for record 'b08c2513-bc9c-40df-ba85-2fae0b38aa64', success rate: 1/1.
[2025-03-19 15:24:24Z INFO JobServerQueue] Try to append 1 batches web console lines for record 'b08c2513-bc9c-40df-ba85-2fae0b38aa64', success rate: 1/1.
[2025-03-19 15:24:24Z INFO JobServerQueue] Try to append 1 batches web console lines for record 'b08c2513-bc9c-40df-ba85-2fae0b38aa64', success rate: 1/1.
[2025-03-19 15:24:25Z INFO JobServerQueue] Try to append 1 batches web console lines for record 'b08c2513-bc9c-40df-ba85-2fae0b38aa64', success rate: 1/1.
[2025-03-19 15:24:25Z INFO JobServerQueue] Try to append 1 batches web console lines for record 'b08c2513-bc9c-40df-ba85-2fae0b38aa64', success rate: 1/1.
[2025-03-19 15:24:26Z INFO JobServerQueue] Try to append 1 batches web console lines for record 'b08c2513-bc9c-40df-ba85-2fae0b38aa64', success rate: 1/1.
[2025-03-19 15:24:26Z INFO JobServerQueue] Try to append 1 batches web console lines for record 'b08c2513-bc9c-40df-ba85-2fae0b38aa64', success rate: 1/1.
[2025-03-19 15:24:27Z INFO JobServerQueue] Try to append 1 batches web console lines for record 'b08c2513-bc9c-40df-ba85-2fae0b38aa64', success rate: 1/1.
[2025-03-19 15:24:27Z INFO JobServerQueue] Try to append 1 batches web console lines for record 'b08c2513-bc9c-40df-ba85-2fae0b38aa64', success rate: 1/1.
[2025-03-19 15:24:28Z INFO JobServerQueue] Try to append 1 batches web console lines for record 'b08c2513-bc9c-40df-ba85-2fae0b38aa64', success rate: 1/1.
[2025-03-19 15:24:28Z INFO JobServerQueue] Try to append 1 batches web console lines for record 'b08c2513-bc9c-40df-ba85-2fae0b38aa64', success rate: 1/1.
[2025-03-19 15:24:29Z INFO JobServerQueue] Try to append 1 batches web console lines for record 'b08c2513-bc9c-40df-ba85-2fae0b38aa64', success rate: 1/1.
[2025-03-19 15:24:29Z INFO JobServerQueue] Try to append 1 batches web console lines for record 'b08c2513-bc9c-40df-ba85-2fae0b38aa64', success rate: 1/1.
[2025-03-19 15:24:30Z INFO JobServerQueue] Try to append 1 batches web console lines for record 'b08c2513-bc9c-40df-ba85-2fae0b38aa64', success rate: 1/1.
[2025-03-19 15:24:30Z INFO JobServerQueue] Try to append 1 batches web console lines for record 'b08c2513-bc9c-40df-ba85-2fae0b38aa64', success rate: 1/1.
[2025-03-19 15:24:31Z INFO JobServerQueue] Try to append 1 batches web console lines for record 'b08c2513-bc9c-40df-ba85-2fae0b38aa64', success rate: 1/1.
[2025-03-19 15:24:31Z INFO JobServerQueue] Try to append 1 batches web console lines for record 'b08c2513-bc9c-40df-ba85-2fae0b38aa64', success rate: 1/1.
[2025-03-19 15:24:32Z INFO JobServerQueue] Try to append 1 batches web console lines for record 'b08c2513-bc9c-40df-ba85-2fae0b38aa64', success rate: 1/1.
[2025-03-19 15:24:32Z INFO HostContext] Well known directory 'Bin': '/home/jenny/tensorflow-mri/bin'
[2025-03-19 15:24:32Z INFO HostContext] Well known directory 'Root': '/home/jenny/tensorflow-mri'
[2025-03-19 15:24:32Z INFO HostContext] Well known directory 'Work': '/home/jenny/tensorflow-mri/_work'
[2025-03-19 15:24:32Z INFO JobServerQueue] Try to append 1 batches web console lines for record 'b08c2513-bc9c-40df-ba85-2fae0b38aa64', success rate: 1/1.
[2025-03-19 15:24:33Z INFO JobServerQueue] Try to append 1 batches web console lines for record 'b08c2513-bc9c-40df-ba85-2fae0b38aa64', success rate: 1/1.
[2025-03-19 15:24:33Z INFO JobServerQueue] Try to append 1 batches web console lines for record 'b08c2513-bc9c-40df-ba85-2fae0b38aa64', success rate: 1/1.
[2025-03-19 15:24:34Z INFO JobServerQueue] Try to append 1 batches web console lines for record 'b08c2513-bc9c-40df-ba85-2fae0b38aa64', success rate: 1/1.
[2025-03-19 15:24:34Z INFO JobServerQueue] Try to append 1 batches web console lines for record 'b08c2513-bc9c-40df-ba85-2fae0b38aa64', success rate: 1/1.
[2025-03-19 15:24:35Z INFO JobServerQueue] Try to append 1 batches web console lines for record 'b08c2513-bc9c-40df-ba85-2fae0b38aa64', success rate: 1/1.
[2025-03-19 15:24:35Z INFO JobServerQueue] Try to append 1 batches web console lines for record 'b08c2513-bc9c-40df-ba85-2fae0b38aa64', success rate: 1/1.
[2025-03-19 15:24:36Z INFO JobServerQueue] Try to append 1 batches web console lines for record 'b08c2513-bc9c-40df-ba85-2fae0b38aa64', success rate: 1/1.
[2025-03-19 15:24:36Z INFO JobServerQueue] Try to append 1 batches web console lines for record 'b08c2513-bc9c-40df-ba85-2fae0b38aa64', success rate: 1/1.
[2025-03-19 15:24:37Z INFO JobServerQueue] Try to append 1 batches web console lines for record 'b08c2513-bc9c-40df-ba85-2fae0b38aa64', success rate: 1/1.
[2025-03-19 15:24:37Z INFO JobServerQueue] Try to append 1 batches web console lines for record 'b08c2513-bc9c-40df-ba85-2fae0b38aa64', success rate: 1/1.
[2025-03-19 15:24:38Z INFO JobServerQueue] Try to append 1 batches web console lines for record 'b08c2513-bc9c-40df-ba85-2fae0b38aa64', success rate: 1/1.
[2025-03-19 15:24:38Z INFO JobServerQueue] Try to append 1 batches web console lines for record 'b08c2513-bc9c-40df-ba85-2fae0b38aa64', success rate: 1/1.
[2025-03-19 15:24:39Z INFO JobServerQueue] Try to append 1 batches web console lines for record 'b08c2513-bc9c-40df-ba85-2fae0b38aa64', success rate: 1/1.
[2025-03-19 15:24:39Z INFO JobServerQueue] Try to append 1 batches web console lines for record 'b08c2513-bc9c-40df-ba85-2fae0b38aa64', success rate: 1/1.
[2025-03-19 15:24:40Z INFO JobServerQueue] Try to append 1 batches web console lines for record 'b08c2513-bc9c-40df-ba85-2fae0b38aa64', success rate: 1/1.
[2025-03-19 15:24:40Z INFO JobServerQueue] Try to append 1 batches web console lines for record 'b08c2513-bc9c-40df-ba85-2fae0b38aa64', success rate: 1/1.
[2025-03-19 15:24:41Z INFO JobServerQueue] Try to append 1 batches web console lines for record 'b08c2513-bc9c-40df-ba85-2fae0b38aa64', success rate: 1/1.
[2025-03-19 15:24:41Z INFO JobServerQueue] Try to append 1 batches web console lines for record 'b08c2513-bc9c-40df-ba85-2fae0b38aa64', success rate: 1/1.
[2025-03-19 15:24:42Z INFO JobServerQueue] Try to append 1 batches web console lines for record 'b08c2513-bc9c-40df-ba85-2fae0b38aa64', success rate: 1/1.
[2025-03-19 15:24:42Z INFO HostContext] Well known directory 'Bin': '/home/jenny/tensorflow-mri/bin'
[2025-03-19 15:24:42Z INFO HostContext] Well known directory 'Root': '/home/jenny/tensorflow-mri'
[2025-03-19 15:24:42Z INFO HostContext] Well known directory 'Work': '/home/jenny/tensorflow-mri/_work'
[2025-03-19 15:24:42Z INFO JobServerQueue] Try to append 1 batches web console lines for record 'b08c2513-bc9c-40df-ba85-2fae0b38aa64', success rate: 1/1.
[2025-03-19 15:24:43Z INFO JobServerQueue] Try to append 1 batches web console lines for record 'b08c2513-bc9c-40df-ba85-2fae0b38aa64', success rate: 1/1.
[2025-03-19 15:24:43Z INFO JobServerQueue] Try to append 1 batches web console lines for record 'b08c2513-bc9c-40df-ba85-2fae0b38aa64', success rate: 1/1.
[2025-03-19 15:24:44Z INFO JobServerQueue] Try to append 1 batches web console lines for record 'b08c2513-bc9c-40df-ba85-2fae0b38aa64', success rate: 1/1.
[2025-03-19 15:24:44Z INFO JobServerQueue] Try to append 1 batches web console lines for record 'b08c2513-bc9c-40df-ba85-2fae0b38aa64', success rate: 1/1.
[2025-03-19 15:24:45Z INFO JobServerQueue] Try to append 1 batches web console lines for record 'b08c2513-bc9c-40df-ba85-2fae0b38aa64', success rate: 1/1.
[2025-03-19 15:24:45Z INFO JobServerQueue] Try to append 1 batches web console lines for record 'b08c2513-bc9c-40df-ba85-2fae0b38aa64', success rate: 1/1.
[2025-03-19 15:24:46Z INFO JobServerQueue] Try to append 1 batches web console lines for record 'b08c2513-bc9c-40df-ba85-2fae0b38aa64', success rate: 1/1.
[2025-03-19 15:24:46Z INFO JobServerQueue] Try to append 1 batches web console lines for record 'b08c2513-bc9c-40df-ba85-2fae0b38aa64', success rate: 1/1.
[2025-03-19 15:24:47Z INFO JobServerQueue] Try to append 1 batches web console lines for record 'b08c2513-bc9c-40df-ba85-2fae0b38aa64', success rate: 1/1.
[2025-03-19 15:24:47Z INFO JobServerQueue] Try to append 1 batches web console lines for record 'b08c2513-bc9c-40df-ba85-2fae0b38aa64', success rate: 1/1.
[2025-03-19 15:24:48Z INFO JobServerQueue] Try to append 1 batches web console lines for record 'b08c2513-bc9c-40df-ba85-2fae0b38aa64', success rate: 1/1.
[2025-03-19 15:24:48Z INFO JobServerQueue] Try to append 1 batches web console lines for record 'b08c2513-bc9c-40df-ba85-2fae0b38aa64', success rate: 1/1.
[2025-03-19 15:24:49Z INFO JobServerQueue] Try to append 1 batches web console lines for record 'b08c2513-bc9c-40df-ba85-2fae0b38aa64', success rate: 1/1.
[2025-03-19 15:24:49Z INFO JobServerQueue] Try to append 1 batches web console lines for record 'b08c2513-bc9c-40df-ba85-2fae0b38aa64', success rate: 1/1.
[2025-03-19 15:24:50Z INFO JobServerQueue] Try to append 1 batches web console lines for record 'b08c2513-bc9c-40df-ba85-2fae0b38aa64', success rate: 1/1.
[2025-03-19 15:24:50Z INFO JobServerQueue] Try to append 1 batches web console lines for record 'b08c2513-bc9c-40df-ba85-2fae0b38aa64', success rate: 1/1.
[2025-03-19 15:24:51Z INFO JobServerQueue] Try to append 1 batches web console lines for record 'b08c2513-bc9c-40df-ba85-2fae0b38aa64', success rate: 1/1.
[2025-03-19 15:24:51Z INFO JobServerQueue] Try to append 1 batches web console lines for record 'b08c2513-bc9c-40df-ba85-2fae0b38aa64', success rate: 1/1.
[2025-03-19 15:24:52Z INFO JobServerQueue] Try to append 1 batches web console lines for record 'b08c2513-bc9c-40df-ba85-2fae0b38aa64', success rate: 1/1.
[2025-03-19 15:24:52Z INFO HostContext] Well known directory 'Bin': '/home/jenny/tensorflow-mri/bin'
[2025-03-19 15:24:52Z INFO HostContext] Well known directory 'Root': '/home/jenny/tensorflow-mri'
[2025-03-19 15:24:52Z INFO HostContext] Well known directory 'Work': '/home/jenny/tensorflow-mri/_work'
[2025-03-19 15:24:52Z INFO JobServerQueue] Try to append 1 batches web console lines for record 'b08c2513-bc9c-40df-ba85-2fae0b38aa64', success rate: 1/1.
[2025-03-19 15:24:53Z INFO JobServerQueue] Try to append 1 batches web console lines for record 'b08c2513-bc9c-40df-ba85-2fae0b38aa64', success rate: 1/1.
[2025-03-19 15:24:53Z INFO JobServerQueue] Try to append 1 batches web console lines for record 'b08c2513-bc9c-40df-ba85-2fae0b38aa64', success rate: 1/1.
[2025-03-19 15:24:54Z INFO JobServerQueue] Try to append 1 batches web console lines for record 'b08c2513-bc9c-40df-ba85-2fae0b38aa64', success rate: 1/1.
[2025-03-19 15:24:54Z INFO JobServerQueue] Try to append 1 batches web console lines for record 'b08c2513-bc9c-40df-ba85-2fae0b38aa64', success rate: 1/1.
[2025-03-19 15:24:55Z INFO JobServerQueue] Try to append 1 batches web console lines for record 'b08c2513-bc9c-40df-ba85-2fae0b38aa64', success rate: 1/1.
[2025-03-19 15:24:55Z INFO JobServerQueue] Try to append 1 batches web console lines for record 'b08c2513-bc9c-40df-ba85-2fae0b38aa64', success rate: 1/1.
[2025-03-19 15:24:56Z INFO JobServerQueue] Try to append 1 batches web console lines for record 'b08c2513-bc9c-40df-ba85-2fae0b38aa64', success rate: 1/1.
[2025-03-19 15:24:56Z INFO JobServerQueue] Try to append 1 batches web console lines for record 'b08c2513-bc9c-40df-ba85-2fae0b38aa64', success rate: 1/1.
[2025-03-19 15:24:57Z INFO JobServerQueue] Try to append 1 batches web console lines for record 'b08c2513-bc9c-40df-ba85-2fae0b38aa64', success rate: 1/1.
[2025-03-19 15:24:57Z INFO JobServerQueue] Try to append 1 batches web console lines for record 'b08c2513-bc9c-40df-ba85-2fae0b38aa64', success rate: 1/1.
[2025-03-19 15:24:58Z INFO JobServerQueue] Try to append 1 batches web console lines for record 'b08c2513-bc9c-40df-ba85-2fae0b38aa64', success rate: 1/1.
[2025-03-19 15:24:59Z INFO JobServerQueue] Try to append 1 batches web console lines for record 'b08c2513-bc9c-40df-ba85-2fae0b38aa64', success rate: 1/1.
[2025-03-19 15:25:00Z INFO JobServerQueue] Try to append 1 batches web console lines for record 'b08c2513-bc9c-40df-ba85-2fae0b38aa64', success rate: 1/1.
[2025-03-19 15:25:01Z INFO JobServerQueue] Try to append 1 batches web console lines for record 'b08c2513-bc9c-40df-ba85-2fae0b38aa64', success rate: 1/1.
[2025-03-19 15:25:02Z INFO JobServerQueue] Try to append 1 batches web console lines for record 'b08c2513-bc9c-40df-ba85-2fae0b38aa64', success rate: 1/1.
[2025-03-19 15:25:02Z INFO HostContext] Well known directory 'Bin': '/home/jenny/tensorflow-mri/bin'
[2025-03-19 15:25:02Z INFO HostContext] Well known directory 'Root': '/home/jenny/tensorflow-mri'
[2025-03-19 15:25:02Z INFO HostContext] Well known directory 'Work': '/home/jenny/tensorflow-mri/_work'
[2025-03-19 15:25:02Z INFO JobServerQueue] Try to append 1 batches web console lines for record 'b08c2513-bc9c-40df-ba85-2fae0b38aa64', success rate: 1/1.
[2025-03-19 15:25:03Z INFO JobServerQueue] Try to append 1 batches web console lines for record 'b08c2513-bc9c-40df-ba85-2fae0b38aa64', success rate: 1/1.
[2025-03-19 15:25:03Z INFO JobServerQueue] Try to append 1 batches web console lines for record 'b08c2513-bc9c-40df-ba85-2fae0b38aa64', success rate: 1/1.
[2025-03-19 15:25:04Z INFO JobServerQueue] Try to append 1 batches web console lines for record 'b08c2513-bc9c-40df-ba85-2fae0b38aa64', success rate: 1/1.
[2025-03-19 15:25:04Z INFO JobServerQueue] Try to append 1 batches web console lines for record 'b08c2513-bc9c-40df-ba85-2fae0b38aa64', success rate: 1/1.
[2025-03-19 15:25:05Z INFO JobServerQueue] Try to append 1 batches web console lines for record 'b08c2513-bc9c-40df-ba85-2fae0b38aa64', success rate: 1/1.
[2025-03-19 15:25:06Z INFO JobServerQueue] Try to append 1 batches web console lines for record 'b08c2513-bc9c-40df-ba85-2fae0b38aa64', success rate: 1/1.
[2025-03-19 15:25:07Z INFO JobServerQueue] Try to append 1 batches web console lines for record 'b08c2513-bc9c-40df-ba85-2fae0b38aa64', success rate: 1/1.
[2025-03-19 15:25:08Z INFO JobServerQueue] Try to append 1 batches web console lines for record 'b08c2513-bc9c-40df-ba85-2fae0b38aa64', success rate: 1/1.
[2025-03-19 15:25:10Z INFO JobServerQueue] Try to append 1 batches web console lines for record 'b08c2513-bc9c-40df-ba85-2fae0b38aa64', success rate: 1/1.
[2025-03-19 15:25:11Z INFO JobServerQueue] Try to append 1 batches web console lines for record 'b08c2513-bc9c-40df-ba85-2fae0b38aa64', success rate: 1/1.
[2025-03-19 15:25:12Z INFO JobServerQueue] Try to append 1 batches web console lines for record 'b08c2513-bc9c-40df-ba85-2fae0b38aa64', success rate: 1/1.
[2025-03-19 15:25:12Z INFO HostContext] Well known directory 'Bin': '/home/jenny/tensorflow-mri/bin'
[2025-03-19 15:25:12Z INFO HostContext] Well known directory 'Root': '/home/jenny/tensorflow-mri'
[2025-03-19 15:25:12Z INFO HostContext] Well known directory 'Work': '/home/jenny/tensorflow-mri/_work'
[2025-03-19 15:25:12Z INFO JobServerQueue] Try to append 1 batches web console lines for record 'b08c2513-bc9c-40df-ba85-2fae0b38aa64', success rate: 1/1.
[2025-03-19 15:25:13Z INFO JobServerQueue] Try to append 1 batches web console lines for record 'b08c2513-bc9c-40df-ba85-2fae0b38aa64', success rate: 1/1.
[2025-03-19 15:25:13Z INFO JobServerQueue] Try to append 1 batches web console lines for record 'b08c2513-bc9c-40df-ba85-2fae0b38aa64', success rate: 1/1.
[2025-03-19 15:25:14Z INFO JobServerQueue] Try to append 1 batches web console lines for record 'b08c2513-bc9c-40df-ba85-2fae0b38aa64', success rate: 1/1.
[2025-03-19 15:25:14Z INFO JobServerQueue] Try to append 1 batches web console lines for record 'b08c2513-bc9c-40df-ba85-2fae0b38aa64', success rate: 1/1.
[2025-03-19 15:25:15Z INFO JobServerQueue] Try to append 1 batches web console lines for record 'b08c2513-bc9c-40df-ba85-2fae0b38aa64', success rate: 1/1.
[2025-03-19 15:25:15Z INFO JobServerQueue] Try to append 1 batches web console lines for record 'b08c2513-bc9c-40df-ba85-2fae0b38aa64', success rate: 1/1.
[2025-03-19 15:25:16Z INFO JobServerQueue] Try to append 1 batches web console lines for record 'b08c2513-bc9c-40df-ba85-2fae0b38aa64', success rate: 1/1.
[2025-03-19 15:25:16Z INFO JobServerQueue] Try to append 1 batches web console lines for record 'b08c2513-bc9c-40df-ba85-2fae0b38aa64', success rate: 1/1.
[2025-03-19 15:25:17Z INFO JobServerQueue] Try to append 1 batches web console lines for record 'b08c2513-bc9c-40df-ba85-2fae0b38aa64', success rate: 1/1.
[2025-03-19 15:25:17Z INFO JobServerQueue] Try to append 1 batches web console lines for record 'b08c2513-bc9c-40df-ba85-2fae0b38aa64', success rate: 1/1.
[2025-03-19 15:25:18Z INFO JobServerQueue] Try to append 1 batches web console lines for record 'b08c2513-bc9c-40df-ba85-2fae0b38aa64', success rate: 1/1.
[2025-03-19 15:25:18Z INFO JobServerQueue] Try to append 1 batches web console lines for record 'b08c2513-bc9c-40df-ba85-2fae0b38aa64', success rate: 1/1.
[2025-03-19 15:25:19Z INFO JobServerQueue] Try to append 1 batches web console lines for record 'b08c2513-bc9c-40df-ba85-2fae0b38aa64', success rate: 1/1.
[2025-03-19 15:25:19Z INFO JobServerQueue] Try to append 1 batches web console lines for record 'b08c2513-bc9c-40df-ba85-2fae0b38aa64', success rate: 1/1.
[2025-03-19 15:25:20Z INFO JobServerQueue] Try to append 1 batches web console lines for record 'b08c2513-bc9c-40df-ba85-2fae0b38aa64', success rate: 1/1.
[2025-03-19 15:25:20Z INFO JobServerQueue] Try to append 1 batches web console lines for record 'b08c2513-bc9c-40df-ba85-2fae0b38aa64', success rate: 1/1.
[2025-03-19 15:25:21Z INFO JobServerQueue] Try to append 1 batches web console lines for record 'b08c2513-bc9c-40df-ba85-2fae0b38aa64', success rate: 1/1.
[2025-03-19 15:25:21Z INFO JobServerQueue] Try to append 1 batches web console lines for record 'b08c2513-bc9c-40df-ba85-2fae0b38aa64', success rate: 1/1.
[2025-03-19 15:25:22Z INFO JobServerQueue] Try to append 1 batches web console lines for record 'b08c2513-bc9c-40df-ba85-2fae0b38aa64', success rate: 1/1.
[2025-03-19 15:25:22Z INFO HostContext] Well known directory 'Bin': '/home/jenny/tensorflow-mri/bin'
[2025-03-19 15:25:22Z INFO HostContext] Well known directory 'Root': '/home/jenny/tensorflow-mri'
[2025-03-19 15:25:22Z INFO HostContext] Well known directory 'Work': '/home/jenny/tensorflow-mri/_work'
[2025-03-19 15:25:23Z INFO JobServerQueue] Try to append 1 batches web console lines for record 'b08c2513-bc9c-40df-ba85-2fae0b38aa64', success rate: 1/1.
[2025-03-19 15:25:25Z INFO JobServerQueue] Try to append 1 batches web console lines for record 'b08c2513-bc9c-40df-ba85-2fae0b38aa64', success rate: 1/1.
[2025-03-19 15:25:26Z INFO JobServerQueue] Try to append 1 batches web console lines for record 'b08c2513-bc9c-40df-ba85-2fae0b38aa64', success rate: 1/1.
[2025-03-19 15:25:26Z INFO JobServerQueue] Try to append 1 batches web console lines for record 'b08c2513-bc9c-40df-ba85-2fae0b38aa64', success rate: 1/1.
[2025-03-19 15:25:27Z INFO JobServerQueue] Try to append 1 batches web console lines for record 'b08c2513-bc9c-40df-ba85-2fae0b38aa64', success rate: 1/1.
[2025-03-19 15:25:27Z INFO JobServerQueue] Try to append 1 batches web console lines for record 'b08c2513-bc9c-40df-ba85-2fae0b38aa64', success rate: 1/1.
[2025-03-19 15:25:28Z INFO JobServerQueue] Try to append 1 batches web console lines for record 'b08c2513-bc9c-40df-ba85-2fae0b38aa64', success rate: 1/1.
[2025-03-19 15:25:28Z INFO JobServerQueue] Try to append 1 batches web console lines for record 'b08c2513-bc9c-40df-ba85-2fae0b38aa64', success rate: 1/1.
[2025-03-19 15:25:29Z INFO JobServerQueue] Try to append 1 batches web console lines for record 'b08c2513-bc9c-40df-ba85-2fae0b38aa64', success rate: 1/1.
[2025-03-19 15:25:29Z INFO JobServerQueue] Try to append 1 batches web console lines for record 'b08c2513-bc9c-40df-ba85-2fae0b38aa64', success rate: 1/1.
[2025-03-19 15:25:30Z INFO JobServerQueue] Try to append 1 batches web console lines for record 'b08c2513-bc9c-40df-ba85-2fae0b38aa64', success rate: 1/1.
[2025-03-19 15:25:30Z INFO JobServerQueue] Try to append 1 batches web console lines for record 'b08c2513-bc9c-40df-ba85-2fae0b38aa64', success rate: 1/1.
[2025-03-19 15:25:31Z INFO JobServerQueue] Try to append 1 batches web console lines for record 'b08c2513-bc9c-40df-ba85-2fae0b38aa64', success rate: 1/1.
[2025-03-19 15:25:31Z INFO JobServerQueue] Try to append 1 batches web console lines for record 'b08c2513-bc9c-40df-ba85-2fae0b38aa64', success rate: 1/1.
[2025-03-19 15:25:32Z INFO JobServerQueue] Try to append 1 batches web console lines for record 'b08c2513-bc9c-40df-ba85-2fae0b38aa64', success rate: 1/1.
[2025-03-19 15:25:32Z INFO HostContext] Well known directory 'Bin': '/home/jenny/tensorflow-mri/bin'
[2025-03-19 15:25:32Z INFO HostContext] Well known directory 'Root': '/home/jenny/tensorflow-mri'
[2025-03-19 15:25:32Z INFO HostContext] Well known directory 'Work': '/home/jenny/tensorflow-mri/_work'
[2025-03-19 15:25:32Z INFO JobServerQueue] Try to append 1 batches web console lines for record 'b08c2513-bc9c-40df-ba85-2fae0b38aa64', success rate: 1/1.
[2025-03-19 15:25:33Z INFO JobServerQueue] Try to append 1 batches web console lines for record 'b08c2513-bc9c-40df-ba85-2fae0b38aa64', success rate: 1/1.
[2025-03-19 15:25:33Z INFO JobServerQueue] Try to append 1 batches web console lines for record 'b08c2513-bc9c-40df-ba85-2fae0b38aa64', success rate: 1/1.
[2025-03-19 15:25:34Z INFO JobServerQueue] Try to append 1 batches web console lines for record 'b08c2513-bc9c-40df-ba85-2fae0b38aa64', success rate: 1/1.
[2025-03-19 15:25:34Z INFO JobServerQueue] Try to append 1 batches web console lines for record 'b08c2513-bc9c-40df-ba85-2fae0b38aa64', success rate: 1/1.
[2025-03-19 15:25:35Z INFO JobServerQueue] Try to append 1 batches web console lines for record 'b08c2513-bc9c-40df-ba85-2fae0b38aa64', success rate: 1/1.
[2025-03-19 15:25:35Z INFO JobServerQueue] Try to append 1 batches web console lines for record 'b08c2513-bc9c-40df-ba85-2fae0b38aa64', success rate: 1/1.
[2025-03-19 15:25:36Z INFO JobServerQueue] Try to append 1 batches web console lines for record 'b08c2513-bc9c-40df-ba85-2fae0b38aa64', success rate: 1/1.
[2025-03-19 15:25:36Z INFO JobServerQueue] Try to append 1 batches web console lines for record 'b08c2513-bc9c-40df-ba85-2fae0b38aa64', success rate: 1/1.
[2025-03-19 15:25:37Z INFO JobServerQueue] Try to append 1 batches web console lines for record 'b08c2513-bc9c-40df-ba85-2fae0b38aa64', success rate: 1/1.
[2025-03-19 15:25:37Z INFO JobServerQueue] Try to append 1 batches web console lines for record 'b08c2513-bc9c-40df-ba85-2fae0b38aa64', success rate: 1/1.
[2025-03-19 15:25:38Z INFO JobServerQueue] Try to append 1 batches web console lines for record 'b08c2513-bc9c-40df-ba85-2fae0b38aa64', success rate: 1/1.
[2025-03-19 15:25:39Z INFO JobServerQueue] Try to append 1 batches web console lines for record 'b08c2513-bc9c-40df-ba85-2fae0b38aa64', success rate: 1/1.
[2025-03-19 15:25:39Z INFO JobServerQueue] Try to append 1 batches web console lines for record 'b08c2513-bc9c-40df-ba85-2fae0b38aa64', success rate: 1/1.
[2025-03-19 15:25:40Z INFO JobServerQueue] Try to append 1 batches web console lines for record 'b08c2513-bc9c-40df-ba85-2fae0b38aa64', success rate: 1/1.
[2025-03-19 15:25:42Z INFO JobServerQueue] Try to append 1 batches web console lines for record 'b08c2513-bc9c-40df-ba85-2fae0b38aa64', success rate: 1/1.
[2025-03-19 15:25:42Z INFO HostContext] Well known directory 'Bin': '/home/jenny/tensorflow-mri/bin'
[2025-03-19 15:25:42Z INFO HostContext] Well known directory 'Root': '/home/jenny/tensorflow-mri'
[2025-03-19 15:25:42Z INFO HostContext] Well known directory 'Work': '/home/jenny/tensorflow-mri/_work'
[2025-03-19 15:25:43Z INFO JobServerQueue] Try to append 1 batches web console lines for record 'b08c2513-bc9c-40df-ba85-2fae0b38aa64', success rate: 1/1.
[2025-03-19 15:25:44Z INFO JobServerQueue] Try to append 1 batches web console lines for record 'b08c2513-bc9c-40df-ba85-2fae0b38aa64', success rate: 1/1.
[2025-03-19 15:25:45Z INFO JobServerQueue] Try to append 1 batches web console lines for record 'b08c2513-bc9c-40df-ba85-2fae0b38aa64', success rate: 1/1.
[2025-03-19 15:25:47Z INFO JobServerQueue] Try to append 1 batches web console lines for record 'b08c2513-bc9c-40df-ba85-2fae0b38aa64', success rate: 1/1.
[2025-03-19 15:25:48Z INFO JobServerQueue] Try to append 1 batches web console lines for record 'b08c2513-bc9c-40df-ba85-2fae0b38aa64', success rate: 1/1.
[2025-03-19 15:25:49Z INFO JobServerQueue] Try to append 1 batches web console lines for record 'b08c2513-bc9c-40df-ba85-2fae0b38aa64', success rate: 1/1.
[2025-03-19 15:25:49Z INFO JobServerQueue] Try to append 1 batches web console lines for record 'b08c2513-bc9c-40df-ba85-2fae0b38aa64', success rate: 1/1.
[2025-03-19 15:25:50Z INFO JobServerQueue] Try to append 1 batches web console lines for record 'b08c2513-bc9c-40df-ba85-2fae0b38aa64', success rate: 1/1.
[2025-03-19 15:25:52Z INFO JobServerQueue] Try to append 1 batches web console lines for record 'b08c2513-bc9c-40df-ba85-2fae0b38aa64', success rate: 1/1.
[2025-03-19 15:25:52Z INFO HostContext] Well known directory 'Bin': '/home/jenny/tensorflow-mri/bin'
[2025-03-19 15:25:52Z INFO HostContext] Well known directory 'Root': '/home/jenny/tensorflow-mri'
[2025-03-19 15:25:52Z INFO HostContext] Well known directory 'Work': '/home/jenny/tensorflow-mri/_work'
[2025-03-19 15:25:52Z INFO JobServerQueue] Try to append 1 batches web console lines for record 'b08c2513-bc9c-40df-ba85-2fae0b38aa64', success rate: 1/1.
[2025-03-19 15:25:53Z INFO JobServerQueue] Try to append 1 batches web console lines for record 'b08c2513-bc9c-40df-ba85-2fae0b38aa64', success rate: 1/1.
[2025-03-19 15:25:53Z INFO JobServerQueue] Try to append 1 batches web console lines for record 'b08c2513-bc9c-40df-ba85-2fae0b38aa64', success rate: 1/1.
[2025-03-19 15:25:54Z INFO JobServerQueue] Try to append 1 batches web console lines for record 'b08c2513-bc9c-40df-ba85-2fae0b38aa64', success rate: 1/1.
[2025-03-19 15:25:57Z INFO JobServerQueue] Try to append 1 batches web console lines for record 'b08c2513-bc9c-40df-ba85-2fae0b38aa64', success rate: 1/1.
[2025-03-19 15:26:00Z INFO JobServerQueue] Try to append 1 batches web console lines for record 'b08c2513-bc9c-40df-ba85-2fae0b38aa64', success rate: 1/1.
[2025-03-19 15:26:01Z INFO JobServerQueue] Try to append 1 batches web console lines for record 'b08c2513-bc9c-40df-ba85-2fae0b38aa64', success rate: 1/1.
[2025-03-19 15:26:02Z INFO HostContext] Well known directory 'Bin': '/home/jenny/tensorflow-mri/bin'
[2025-03-19 15:26:02Z INFO HostContext] Well known directory 'Root': '/home/jenny/tensorflow-mri'
[2025-03-19 15:26:02Z INFO HostContext] Well known directory 'Work': '/home/jenny/tensorflow-mri/_work'
[2025-03-19 15:26:03Z INFO JobServerQueue] Try to append 1 batches web console lines for record 'b08c2513-bc9c-40df-ba85-2fae0b38aa64', success rate: 1/1.
[2025-03-19 15:26:04Z INFO JobServerQueue] Try to append 1 batches web console lines for record 'b08c2513-bc9c-40df-ba85-2fae0b38aa64', success rate: 1/1.
[2025-03-19 15:26:05Z INFO JobServerQueue] Try to append 1 batches web console lines for record 'b08c2513-bc9c-40df-ba85-2fae0b38aa64', success rate: 1/1.
[2025-03-19 15:26:06Z INFO JobServerQueue] Try to append 1 batches web console lines for record 'b08c2513-bc9c-40df-ba85-2fae0b38aa64', success rate: 1/1.
[2025-03-19 15:26:07Z INFO JobServerQueue] Try to append 1 batches web console lines for record 'b08c2513-bc9c-40df-ba85-2fae0b38aa64', success rate: 1/1.
[2025-03-19 15:26:07Z INFO JobServerQueue] Try to append 1 batches web console lines for record 'b08c2513-bc9c-40df-ba85-2fae0b38aa64', success rate: 1/1.
[2025-03-19 15:26:08Z INFO JobServerQueue] Try to append 1 batches web console lines for record 'b08c2513-bc9c-40df-ba85-2fae0b38aa64', success rate: 1/1.
[2025-03-19 15:26:08Z INFO JobServerQueue] Try to append 1 batches web console lines for record 'b08c2513-bc9c-40df-ba85-2fae0b38aa64', success rate: 1/1.
[2025-03-19 15:26:09Z INFO JobServerQueue] Try to append 1 batches web console lines for record 'b08c2513-bc9c-40df-ba85-2fae0b38aa64', success rate: 1/1.
[2025-03-19 15:26:09Z INFO JobServerQueue] Try to append 1 batches web console lines for record 'b08c2513-bc9c-40df-ba85-2fae0b38aa64', success rate: 1/1.
[2025-03-19 15:26:10Z INFO JobServerQueue] Try to append 1 batches web console lines for record 'b08c2513-bc9c-40df-ba85-2fae0b38aa64', success rate: 1/1.
[2025-03-19 15:26:12Z INFO HostContext] Well known directory 'Bin': '/home/jenny/tensorflow-mri/bin'
[2025-03-19 15:26:12Z INFO HostContext] Well known directory 'Root': '/home/jenny/tensorflow-mri'
[2025-03-19 15:26:12Z INFO HostContext] Well known directory 'Work': '/home/jenny/tensorflow-mri/_work'
[2025-03-19 15:26:14Z INFO JobServerQueue] Try to append 1 batches web console lines for record 'b08c2513-bc9c-40df-ba85-2fae0b38aa64', success rate: 1/1.
[2025-03-19 15:26:19Z INFO JobServerQueue] Try to append 1 batches web console lines for record 'b08c2513-bc9c-40df-ba85-2fae0b38aa64', success rate: 1/1.
[2025-03-19 15:26:22Z INFO HostContext] Well known directory 'Bin': '/home/jenny/tensorflow-mri/bin'
[2025-03-19 15:26:22Z INFO HostContext] Well known directory 'Root': '/home/jenny/tensorflow-mri'
[2025-03-19 15:26:22Z INFO HostContext] Well known directory 'Work': '/home/jenny/tensorflow-mri/_work'
[2025-03-19 15:26:23Z INFO JobServerQueue] Try to append 1 batches web console lines for record 'b08c2513-bc9c-40df-ba85-2fae0b38aa64', success rate: 1/1.
[2025-03-19 15:26:24Z INFO JobServerQueue] Try to append 1 batches web console lines for record 'b08c2513-bc9c-40df-ba85-2fae0b38aa64', success rate: 1/1.
[2025-03-19 15:26:24Z INFO JobServerQueue] Try to append 1 batches web console lines for record 'b08c2513-bc9c-40df-ba85-2fae0b38aa64', success rate: 1/1.
[2025-03-19 15:26:26Z INFO JobServerQueue] Try to append 1 batches web console lines for record 'b08c2513-bc9c-40df-ba85-2fae0b38aa64', success rate: 1/1.
[2025-03-19 15:26:27Z INFO JobServerQueue] Try to append 1 batches web console lines for record 'b08c2513-bc9c-40df-ba85-2fae0b38aa64', success rate: 1/1.
[2025-03-19 15:26:28Z INFO JobServerQueue] Try to append 1 batches web console lines for record 'b08c2513-bc9c-40df-ba85-2fae0b38aa64', success rate: 1/1.
[2025-03-19 15:26:30Z INFO JobServerQueue] Try to append 1 batches web console lines for record 'b08c2513-bc9c-40df-ba85-2fae0b38aa64', success rate: 1/1.
[2025-03-19 15:26:31Z INFO JobServerQueue] Try to append 1 batches web console lines for record 'b08c2513-bc9c-40df-ba85-2fae0b38aa64', success rate: 1/1.
[2025-03-19 15:26:32Z INFO JobServerQueue] Try to append 1 batches web console lines for record 'b08c2513-bc9c-40df-ba85-2fae0b38aa64', success rate: 1/1.
[2025-03-19 15:26:32Z INFO HostContext] Well known directory 'Bin': '/home/jenny/tensorflow-mri/bin'
[2025-03-19 15:26:32Z INFO HostContext] Well known directory 'Root': '/home/jenny/tensorflow-mri'
[2025-03-19 15:26:32Z INFO HostContext] Well known directory 'Work': '/home/jenny/tensorflow-mri/_work'
[2025-03-19 15:26:32Z INFO JobServerQueue] Try to append 1 batches web console lines for record 'b08c2513-bc9c-40df-ba85-2fae0b38aa64', success rate: 1/1.
[2025-03-19 15:26:33Z INFO JobServerQueue] Try to append 1 batches web console lines for record 'b08c2513-bc9c-40df-ba85-2fae0b38aa64', success rate: 1/1.
[2025-03-19 15:26:33Z INFO JobServerQueue] Try to append 1 batches web console lines for record 'b08c2513-bc9c-40df-ba85-2fae0b38aa64', success rate: 1/1.
[2025-03-19 15:26:34Z INFO JobServerQueue] Try to append 1 batches web console lines for record 'b08c2513-bc9c-40df-ba85-2fae0b38aa64', success rate: 1/1.
[2025-03-19 15:26:35Z INFO JobServerQueue] Try to append 1 batches web console lines for record 'b08c2513-bc9c-40df-ba85-2fae0b38aa64', success rate: 1/1.
[2025-03-19 15:26:36Z INFO JobServerQueue] Try to append 1 batches web console lines for record 'b08c2513-bc9c-40df-ba85-2fae0b38aa64', success rate: 1/1.
[2025-03-19 15:26:37Z INFO JobServerQueue] Try to append 1 batches web console lines for record 'b08c2513-bc9c-40df-ba85-2fae0b38aa64', success rate: 1/1.
[2025-03-19 15:26:37Z INFO JobServerQueue] Try to append 1 batches web console lines for record 'b08c2513-bc9c-40df-ba85-2fae0b38aa64', success rate: 1/1.
[2025-03-19 15:26:38Z INFO JobServerQueue] Try to append 1 batches web console lines for record 'b08c2513-bc9c-40df-ba85-2fae0b38aa64', success rate: 1/1.
[2025-03-19 15:26:38Z INFO JobServerQueue] Try to append 1 batches web console lines for record 'b08c2513-bc9c-40df-ba85-2fae0b38aa64', success rate: 1/1.
[2025-03-19 15:26:39Z INFO JobServerQueue] Try to append 1 batches web console lines for record 'b08c2513-bc9c-40df-ba85-2fae0b38aa64', success rate: 1/1.
[2025-03-19 15:26:39Z INFO JobServerQueue] Try to append 1 batches web console lines for record 'b08c2513-bc9c-40df-ba85-2fae0b38aa64', success rate: 1/1.
[2025-03-19 15:26:40Z INFO JobServerQueue] Try to append 1 batches web console lines for record 'b08c2513-bc9c-40df-ba85-2fae0b38aa64', success rate: 1/1.
[2025-03-19 15:26:40Z INFO JobServerQueue] Try to append 1 batches web console lines for record 'b08c2513-bc9c-40df-ba85-2fae0b38aa64', success rate: 1/1.
[2025-03-19 15:26:41Z INFO JobServerQueue] Try to append 1 batches web console lines for record 'b08c2513-bc9c-40df-ba85-2fae0b38aa64', success rate: 1/1.
[2025-03-19 15:26:41Z INFO JobServerQueue] Try to append 1 batches web console lines for record 'b08c2513-bc9c-40df-ba85-2fae0b38aa64', success rate: 1/1.
[2025-03-19 15:26:42Z INFO JobServerQueue] Try to append 1 batches web console lines for record 'b08c2513-bc9c-40df-ba85-2fae0b38aa64', success rate: 1/1.
[2025-03-19 15:26:42Z INFO HostContext] Well known directory 'Bin': '/home/jenny/tensorflow-mri/bin'
[2025-03-19 15:26:42Z INFO HostContext] Well known directory 'Root': '/home/jenny/tensorflow-mri'
[2025-03-19 15:26:42Z INFO HostContext] Well known directory 'Work': '/home/jenny/tensorflow-mri/_work'
[2025-03-19 15:26:42Z INFO JobServerQueue] Try to append 1 batches web console lines for record 'b08c2513-bc9c-40df-ba85-2fae0b38aa64', success rate: 1/1.
[2025-03-19 15:26:43Z INFO JobServerQueue] Try to append 1 batches web console lines for record 'b08c2513-bc9c-40df-ba85-2fae0b38aa64', success rate: 1/1.
[2025-03-19 15:26:43Z INFO JobServerQueue] Try to append 1 batches web console lines for record 'b08c2513-bc9c-40df-ba85-2fae0b38aa64', success rate: 1/1.
[2025-03-19 15:26:44Z INFO JobServerQueue] Try to append 1 batches web console lines for record 'b08c2513-bc9c-40df-ba85-2fae0b38aa64', success rate: 1/1.
[2025-03-19 15:26:44Z INFO JobServerQueue] Try to append 1 batches web console lines for record 'b08c2513-bc9c-40df-ba85-2fae0b38aa64', success rate: 1/1.
[2025-03-19 15:26:45Z INFO JobServerQueue] Try to append 1 batches web console lines for record 'b08c2513-bc9c-40df-ba85-2fae0b38aa64', success rate: 1/1.
[2025-03-19 15:26:45Z INFO JobServerQueue] Try to append 1 batches web console lines for record 'b08c2513-bc9c-40df-ba85-2fae0b38aa64', success rate: 1/1.
[2025-03-19 15:26:46Z INFO JobServerQueue] Try to append 1 batches web console lines for record 'b08c2513-bc9c-40df-ba85-2fae0b38aa64', success rate: 1/1.
[2025-03-19 15:26:46Z INFO JobServerQueue] Try to append 1 batches web console lines for record 'b08c2513-bc9c-40df-ba85-2fae0b38aa64', success rate: 1/1.
[2025-03-19 15:26:47Z INFO JobServerQueue] Try to append 1 batches web console lines for record 'b08c2513-bc9c-40df-ba85-2fae0b38aa64', success rate: 1/1.
[2025-03-19 15:26:47Z INFO JobServerQueue] Try to append 1 batches web console lines for record 'b08c2513-bc9c-40df-ba85-2fae0b38aa64', success rate: 1/1.
[2025-03-19 15:26:48Z INFO JobServerQueue] Try to append 1 batches web console lines for record 'b08c2513-bc9c-40df-ba85-2fae0b38aa64', success rate: 1/1.
[2025-03-19 15:26:48Z INFO JobServerQueue] Try to append 1 batches web console lines for record 'b08c2513-bc9c-40df-ba85-2fae0b38aa64', success rate: 1/1.
[2025-03-19 15:26:49Z INFO JobServerQueue] Try to append 1 batches web console lines for record 'b08c2513-bc9c-40df-ba85-2fae0b38aa64', success rate: 1/1.
[2025-03-19 15:26:49Z INFO JobServerQueue] Try to append 1 batches web console lines for record 'b08c2513-bc9c-40df-ba85-2fae0b38aa64', success rate: 1/1.
[2025-03-19 15:26:50Z INFO JobServerQueue] Try to append 1 batches web console lines for record 'b08c2513-bc9c-40df-ba85-2fae0b38aa64', success rate: 1/1.
[2025-03-19 15:26:50Z INFO JobServerQueue] Try to append 1 batches web console lines for record 'b08c2513-bc9c-40df-ba85-2fae0b38aa64', success rate: 1/1.
[2025-03-19 15:26:51Z INFO JobServerQueue] Try to append 1 batches web console lines for record 'b08c2513-bc9c-40df-ba85-2fae0b38aa64', success rate: 1/1.
[2025-03-19 15:26:51Z INFO JobServerQueue] Try to append 1 batches web console lines for record 'b08c2513-bc9c-40df-ba85-2fae0b38aa64', success rate: 1/1.
[2025-03-19 15:26:52Z INFO HostContext] Well known directory 'Bin': '/home/jenny/tensorflow-mri/bin'
[2025-03-19 15:26:52Z INFO HostContext] Well known directory 'Root': '/home/jenny/tensorflow-mri'
[2025-03-19 15:26:52Z INFO HostContext] Well known directory 'Work': '/home/jenny/tensorflow-mri/_work'
[2025-03-19 15:26:52Z INFO JobServerQueue] Try to append 1 batches web console lines for record 'b08c2513-bc9c-40df-ba85-2fae0b38aa64', success rate: 1/1.
[2025-03-19 15:26:53Z INFO JobServerQueue] Try to append 1 batches web console lines for record 'b08c2513-bc9c-40df-ba85-2fae0b38aa64', success rate: 1/1.
[2025-03-19 15:26:55Z INFO JobServerQueue] Try to append 1 batches web console lines for record 'b08c2513-bc9c-40df-ba85-2fae0b38aa64', success rate: 1/1.
[2025-03-19 15:26:56Z INFO JobServerQueue] Try to append 1 batches web console lines for record 'b08c2513-bc9c-40df-ba85-2fae0b38aa64', success rate: 1/1.
[2025-03-19 15:26:56Z INFO JobServerQueue] Try to append 1 batches web console lines for record 'b08c2513-bc9c-40df-ba85-2fae0b38aa64', success rate: 1/1.
[2025-03-19 15:26:57Z INFO JobServerQueue] Try to append 1 batches web console lines for record 'b08c2513-bc9c-40df-ba85-2fae0b38aa64', success rate: 1/1.
[2025-03-19 15:27:02Z INFO HostContext] Well known directory 'Bin': '/home/jenny/tensorflow-mri/bin'
[2025-03-19 15:27:02Z INFO HostContext] Well known directory 'Root': '/home/jenny/tensorflow-mri'
[2025-03-19 15:27:02Z INFO HostContext] Well known directory 'Work': '/home/jenny/tensorflow-mri/_work'
[2025-03-19 15:27:12Z INFO HostContext] Well known directory 'Bin': '/home/jenny/tensorflow-mri/bin'
[2025-03-19 15:27:12Z INFO HostContext] Well known directory 'Root': '/home/jenny/tensorflow-mri'
[2025-03-19 15:27:12Z INFO HostContext] Well known directory 'Work': '/home/jenny/tensorflow-mri/_work'
[2025-03-19 15:27:22Z INFO HostContext] Well known directory 'Bin': '/home/jenny/tensorflow-mri/bin'
[2025-03-19 15:27:22Z INFO HostContext] Well known directory 'Root': '/home/jenny/tensorflow-mri'
[2025-03-19 15:27:22Z INFO HostContext] Well known directory 'Work': '/home/jenny/tensorflow-mri/_work'
[2025-03-19 15:27:32Z INFO HostContext] Well known directory 'Bin': '/home/jenny/tensorflow-mri/bin'
[2025-03-19 15:27:32Z INFO HostContext] Well known directory 'Root': '/home/jenny/tensorflow-mri'
[2025-03-19 15:27:32Z INFO HostContext] Well known directory 'Work': '/home/jenny/tensorflow-mri/_work'
[2025-03-19 15:27:36Z INFO JobServerQueue] Try to append 1 batches web console lines for record 'b08c2513-bc9c-40df-ba85-2fae0b38aa64', success rate: 1/1.
[2025-03-19 15:27:42Z INFO HostContext] Well known directory 'Bin': '/home/jenny/tensorflow-mri/bin'
[2025-03-19 15:27:42Z INFO HostContext] Well known directory 'Root': '/home/jenny/tensorflow-mri'
[2025-03-19 15:27:42Z INFO HostContext] Well known directory 'Work': '/home/jenny/tensorflow-mri/_work'
[2025-03-19 15:27:52Z INFO HostContext] Well known directory 'Bin': '/home/jenny/tensorflow-mri/bin'
[2025-03-19 15:27:52Z INFO HostContext] Well known directory 'Root': '/home/jenny/tensorflow-mri'
[2025-03-19 15:27:52Z INFO HostContext] Well known directory 'Work': '/home/jenny/tensorflow-mri/_work'
[2025-03-19 15:28:02Z INFO HostContext] Well known directory 'Bin': '/home/jenny/tensorflow-mri/bin'
[2025-03-19 15:28:02Z INFO HostContext] Well known directory 'Root': '/home/jenny/tensorflow-mri'
[2025-03-19 15:28:02Z INFO HostContext] Well known directory 'Work': '/home/jenny/tensorflow-mri/_work'
[2025-03-19 15:28:12Z INFO HostContext] Well known directory 'Bin': '/home/jenny/tensorflow-mri/bin'
[2025-03-19 15:28:12Z INFO HostContext] Well known directory 'Root': '/home/jenny/tensorflow-mri'
[2025-03-19 15:28:12Z INFO HostContext] Well known directory 'Work': '/home/jenny/tensorflow-mri/_work'
[2025-03-19 15:28:22Z INFO HostContext] Well known directory 'Bin': '/home/jenny/tensorflow-mri/bin'
[2025-03-19 15:28:22Z INFO HostContext] Well known directory 'Root': '/home/jenny/tensorflow-mri'
[2025-03-19 15:28:22Z INFO HostContext] Well known directory 'Work': '/home/jenny/tensorflow-mri/_work'
[2025-03-19 15:28:32Z INFO HostContext] Well known directory 'Bin': '/home/jenny/tensorflow-mri/bin'
[2025-03-19 15:28:32Z INFO HostContext] Well known directory 'Root': '/home/jenny/tensorflow-mri'
[2025-03-19 15:28:32Z INFO HostContext] Well known directory 'Work': '/home/jenny/tensorflow-mri/_work'
[2025-03-19 15:28:42Z INFO HostContext] Well known directory 'Bin': '/home/jenny/tensorflow-mri/bin'
[2025-03-19 15:28:42Z INFO HostContext] Well known directory 'Root': '/home/jenny/tensorflow-mri'
[2025-03-19 15:28:42Z INFO HostContext] Well known directory 'Work': '/home/jenny/tensorflow-mri/_work'
[2025-03-19 15:28:52Z INFO HostContext] Well known directory 'Bin': '/home/jenny/tensorflow-mri/bin'
[2025-03-19 15:28:52Z INFO HostContext] Well known directory 'Root': '/home/jenny/tensorflow-mri'
[2025-03-19 15:28:52Z INFO HostContext] Well known directory 'Work': '/home/jenny/tensorflow-mri/_work'
[2025-03-19 15:29:02Z INFO JobServerQueue] Try to append 1 batches web console lines for record 'b08c2513-bc9c-40df-ba85-2fae0b38aa64', success rate: 1/1.
[2025-03-19 15:29:02Z INFO HostContext] Well known directory 'Bin': '/home/jenny/tensorflow-mri/bin'
[2025-03-19 15:29:02Z INFO HostContext] Well known directory 'Root': '/home/jenny/tensorflow-mri'
[2025-03-19 15:29:02Z INFO HostContext] Well known directory 'Work': '/home/jenny/tensorflow-mri/_work'
[2025-03-19 15:29:12Z INFO HostContext] Well known directory 'Bin': '/home/jenny/tensorflow-mri/bin'
[2025-03-19 15:29:12Z INFO HostContext] Well known directory 'Root': '/home/jenny/tensorflow-mri'
[2025-03-19 15:29:12Z INFO HostContext] Well known directory 'Work': '/home/jenny/tensorflow-mri/_work'
[2025-03-19 15:29:22Z INFO HostContext] Well known directory 'Bin': '/home/jenny/tensorflow-mri/bin'
[2025-03-19 15:29:22Z INFO HostContext] Well known directory 'Root': '/home/jenny/tensorflow-mri'
[2025-03-19 15:29:22Z INFO HostContext] Well known directory 'Work': '/home/jenny/tensorflow-mri/_work'
[2025-03-19 15:29:32Z INFO JobServerQueue] Try to append 1 batches web console lines for record 'b08c2513-bc9c-40df-ba85-2fae0b38aa64', success rate: 1/1.
[2025-03-19 15:29:32Z INFO HostContext] Well known directory 'Bin': '/home/jenny/tensorflow-mri/bin'
[2025-03-19 15:29:32Z INFO HostContext] Well known directory 'Root': '/home/jenny/tensorflow-mri'
[2025-03-19 15:29:32Z INFO HostContext] Well known directory 'Work': '/home/jenny/tensorflow-mri/_work'
[2025-03-19 15:29:42Z INFO HostContext] Well known directory 'Bin': '/home/jenny/tensorflow-mri/bin'
[2025-03-19 15:29:42Z INFO HostContext] Well known directory 'Root': '/home/jenny/tensorflow-mri'
[2025-03-19 15:29:42Z INFO HostContext] Well known directory 'Work': '/home/jenny/tensorflow-mri/_work'
[2025-03-19 15:29:52Z INFO HostContext] Well known directory 'Bin': '/home/jenny/tensorflow-mri/bin'
[2025-03-19 15:29:52Z INFO HostContext] Well known directory 'Root': '/home/jenny/tensorflow-mri'
[2025-03-19 15:29:52Z INFO HostContext] Well known directory 'Work': '/home/jenny/tensorflow-mri/_work'
[2025-03-19 15:30:02Z INFO HostContext] Well known directory 'Bin': '/home/jenny/tensorflow-mri/bin'
[2025-03-19 15:30:02Z INFO HostContext] Well known directory 'Root': '/home/jenny/tensorflow-mri'
[2025-03-19 15:30:02Z INFO HostContext] Well known directory 'Work': '/home/jenny/tensorflow-mri/_work'
[2025-03-19 15:30:12Z INFO HostContext] Well known directory 'Bin': '/home/jenny/tensorflow-mri/bin'
[2025-03-19 15:30:12Z INFO HostContext] Well known directory 'Root': '/home/jenny/tensorflow-mri'
[2025-03-19 15:30:12Z INFO HostContext] Well known directory 'Work': '/home/jenny/tensorflow-mri/_work'
[2025-03-19 15:30:22Z INFO HostContext] Well known directory 'Bin': '/home/jenny/tensorflow-mri/bin'
[2025-03-19 15:30:22Z INFO HostContext] Well known directory 'Root': '/home/jenny/tensorflow-mri'
[2025-03-19 15:30:22Z INFO HostContext] Well known directory 'Work': '/home/jenny/tensorflow-mri/_work'
[2025-03-19 15:30:32Z INFO HostContext] Well known directory 'Bin': '/home/jenny/tensorflow-mri/bin'
[2025-03-19 15:30:32Z INFO HostContext] Well known directory 'Root': '/home/jenny/tensorflow-mri'
[2025-03-19 15:30:32Z INFO HostContext] Well known directory 'Work': '/home/jenny/tensorflow-mri/_work'
[2025-03-19 15:30:42Z INFO HostContext] Well known directory 'Bin': '/home/jenny/tensorflow-mri/bin'
[2025-03-19 15:30:42Z INFO HostContext] Well known directory 'Root': '/home/jenny/tensorflow-mri'
[2025-03-19 15:30:42Z INFO HostContext] Well known directory 'Work': '/home/jenny/tensorflow-mri/_work'
[2025-03-19 15:30:52Z INFO HostContext] Well known directory 'Bin': '/home/jenny/tensorflow-mri/bin'
[2025-03-19 15:30:52Z INFO HostContext] Well known directory 'Root': '/home/jenny/tensorflow-mri'
[2025-03-19 15:30:52Z INFO HostContext] Well known directory 'Work': '/home/jenny/tensorflow-mri/_work'
[2025-03-19 15:30:53Z INFO JobServerQueue] Try to append 1 batches web console lines for record 'b08c2513-bc9c-40df-ba85-2fae0b38aa64', success rate: 1/1.
[2025-03-19 15:30:54Z INFO JobServerQueue] Try to append 1 batches web console lines for record 'b08c2513-bc9c-40df-ba85-2fae0b38aa64', success rate: 1/1.
[2025-03-19 15:30:54Z INFO JobServerQueue] Try to append 1 batches web console lines for record 'b08c2513-bc9c-40df-ba85-2fae0b38aa64', success rate: 1/1.
[2025-03-19 15:30:55Z INFO JobServerQueue] Try to append 1 batches web console lines for record 'b08c2513-bc9c-40df-ba85-2fae0b38aa64', success rate: 1/1.
[2025-03-19 15:30:55Z INFO JobServerQueue] Try to append 1 batches web console lines for record 'b08c2513-bc9c-40df-ba85-2fae0b38aa64', success rate: 1/1.
[2025-03-19 15:30:56Z INFO JobServerQueue] Try to append 1 batches web console lines for record 'b08c2513-bc9c-40df-ba85-2fae0b38aa64', success rate: 1/1.
[2025-03-19 15:31:00Z INFO JobServerQueue] Try to append 1 batches web console lines for record 'b08c2513-bc9c-40df-ba85-2fae0b38aa64', success rate: 1/1.
[2025-03-19 15:31:02Z INFO HostContext] Well known directory 'Bin': '/home/jenny/tensorflow-mri/bin'
[2025-03-19 15:31:02Z INFO HostContext] Well known directory 'Root': '/home/jenny/tensorflow-mri'
[2025-03-19 15:31:02Z INFO HostContext] Well known directory 'Work': '/home/jenny/tensorflow-mri/_work'
[2025-03-19 15:31:12Z INFO HostContext] Well known directory 'Bin': '/home/jenny/tensorflow-mri/bin'
[2025-03-19 15:31:12Z INFO HostContext] Well known directory 'Root': '/home/jenny/tensorflow-mri'
[2025-03-19 15:31:12Z INFO HostContext] Well known directory 'Work': '/home/jenny/tensorflow-mri/_work'
[2025-03-19 15:31:18Z INFO JobServerQueue] Try to append 1 batches web console lines for record 'b08c2513-bc9c-40df-ba85-2fae0b38aa64', success rate: 1/1.
[2025-03-19 15:31:22Z INFO HostContext] Well known directory 'Bin': '/home/jenny/tensorflow-mri/bin'
[2025-03-19 15:31:22Z INFO HostContext] Well known directory 'Root': '/home/jenny/tensorflow-mri'
[2025-03-19 15:31:22Z INFO HostContext] Well known directory 'Work': '/home/jenny/tensorflow-mri/_work'
[2025-03-19 15:31:32Z INFO HostContext] Well known directory 'Bin': '/home/jenny/tensorflow-mri/bin'
[2025-03-19 15:31:32Z INFO HostContext] Well known directory 'Root': '/home/jenny/tensorflow-mri'
[2025-03-19 15:31:32Z INFO HostContext] Well known directory 'Work': '/home/jenny/tensorflow-mri/_work'
[2025-03-19 15:31:42Z INFO HostContext] Well known directory 'Bin': '/home/jenny/tensorflow-mri/bin'
[2025-03-19 15:31:42Z INFO HostContext] Well known directory 'Root': '/home/jenny/tensorflow-mri'
[2025-03-19 15:31:42Z INFO HostContext] Well known directory 'Work': '/home/jenny/tensorflow-mri/_work'
[2025-03-19 15:31:52Z INFO HostContext] Well known directory 'Bin': '/home/jenny/tensorflow-mri/bin'
[2025-03-19 15:31:52Z INFO HostContext] Well known directory 'Root': '/home/jenny/tensorflow-mri'
[2025-03-19 15:31:52Z INFO HostContext] Well known directory 'Work': '/home/jenny/tensorflow-mri/_work'
[2025-03-19 15:32:02Z INFO HostContext] Well known directory 'Bin': '/home/jenny/tensorflow-mri/bin'
[2025-03-19 15:32:02Z INFO HostContext] Well known directory 'Root': '/home/jenny/tensorflow-mri'
[2025-03-19 15:32:02Z INFO HostContext] Well known directory 'Work': '/home/jenny/tensorflow-mri/_work'
[2025-03-19 15:32:12Z INFO HostContext] Well known directory 'Bin': '/home/jenny/tensorflow-mri/bin'
[2025-03-19 15:32:12Z INFO HostContext] Well known directory 'Root': '/home/jenny/tensorflow-mri'
[2025-03-19 15:32:12Z INFO HostContext] Well known directory 'Work': '/home/jenny/tensorflow-mri/_work'
[2025-03-19 15:32:15Z INFO JobServerQueue] Try to append 1 batches web console lines for record 'b08c2513-bc9c-40df-ba85-2fae0b38aa64', success rate: 1/1.
[2025-03-19 15:32:19Z INFO JobServerQueue] Try to append 1 batches web console lines for record 'b08c2513-bc9c-40df-ba85-2fae0b38aa64', success rate: 1/1.
[2025-03-19 15:32:22Z INFO HostContext] Well known directory 'Bin': '/home/jenny/tensorflow-mri/bin'
[2025-03-19 15:32:22Z INFO HostContext] Well known directory 'Root': '/home/jenny/tensorflow-mri'
[2025-03-19 15:32:22Z INFO HostContext] Well known directory 'Work': '/home/jenny/tensorflow-mri/_work'
[2025-03-19 15:32:32Z INFO HostContext] Well known directory 'Bin': '/home/jenny/tensorflow-mri/bin'
[2025-03-19 15:32:32Z INFO HostContext] Well known directory 'Root': '/home/jenny/tensorflow-mri'
[2025-03-19 15:32:32Z INFO HostContext] Well known directory 'Work': '/home/jenny/tensorflow-mri/_work'
[2025-03-19 15:32:42Z INFO HostContext] Well known directory 'Bin': '/home/jenny/tensorflow-mri/bin'
[2025-03-19 15:32:42Z INFO HostContext] Well known directory 'Root': '/home/jenny/tensorflow-mri'
[2025-03-19 15:32:42Z INFO HostContext] Well known directory 'Work': '/home/jenny/tensorflow-mri/_work'
[2025-03-19 15:32:52Z INFO HostContext] Well known directory 'Bin': '/home/jenny/tensorflow-mri/bin'
[2025-03-19 15:32:52Z INFO HostContext] Well known directory 'Root': '/home/jenny/tensorflow-mri'
[2025-03-19 15:32:52Z INFO HostContext] Well known directory 'Work': '/home/jenny/tensorflow-mri/_work'
[2025-03-19 15:32:57Z INFO JobServerQueue] Try to append 1 batches web console lines for record 'b08c2513-bc9c-40df-ba85-2fae0b38aa64', success rate: 1/1.
[2025-03-19 15:32:57Z INFO JobServerQueue] Try to append 1 batches web console lines for record 'b08c2513-bc9c-40df-ba85-2fae0b38aa64', success rate: 1/1.
[2025-03-19 15:32:59Z INFO JobServerQueue] Try to append 1 batches web console lines for record 'b08c2513-bc9c-40df-ba85-2fae0b38aa64', success rate: 1/1.
[2025-03-19 15:32:59Z INFO JobServerQueue] Try to append 1 batches web console lines for record 'b08c2513-bc9c-40df-ba85-2fae0b38aa64', success rate: 1/1.
[2025-03-19 15:33:00Z INFO JobServerQueue] Try to append 1 batches web console lines for record 'b08c2513-bc9c-40df-ba85-2fae0b38aa64', success rate: 1/1.
[2025-03-19 15:33:02Z INFO JobServerQueue] Try to append 1 batches web console lines for record 'b08c2513-bc9c-40df-ba85-2fae0b38aa64', success rate: 1/1.
[2025-03-19 15:33:02Z INFO HostContext] Well known directory 'Bin': '/home/jenny/tensorflow-mri/bin'
[2025-03-19 15:33:02Z INFO HostContext] Well known directory 'Root': '/home/jenny/tensorflow-mri'
[2025-03-19 15:33:02Z INFO HostContext] Well known directory 'Work': '/home/jenny/tensorflow-mri/_work'
[2025-03-19 15:33:03Z INFO JobServerQueue] Try to append 1 batches web console lines for record 'b08c2513-bc9c-40df-ba85-2fae0b38aa64', success rate: 1/1.
[2025-03-19 15:33:12Z INFO HostContext] Well known directory 'Bin': '/home/jenny/tensorflow-mri/bin'
[2025-03-19 15:33:12Z INFO HostContext] Well known directory 'Root': '/home/jenny/tensorflow-mri'
[2025-03-19 15:33:12Z INFO HostContext] Well known directory 'Work': '/home/jenny/tensorflow-mri/_work'
[2025-03-19 15:33:22Z INFO HostContext] Well known directory 'Bin': '/home/jenny/tensorflow-mri/bin'
[2025-03-19 15:33:22Z INFO HostContext] Well known directory 'Root': '/home/jenny/tensorflow-mri'
[2025-03-19 15:33:22Z INFO HostContext] Well known directory 'Work': '/home/jenny/tensorflow-mri/_work'
[2025-03-19 15:33:32Z INFO HostContext] Well known directory 'Bin': '/home/jenny/tensorflow-mri/bin'
[2025-03-19 15:33:32Z INFO HostContext] Well known directory 'Root': '/home/jenny/tensorflow-mri'
[2025-03-19 15:33:32Z INFO HostContext] Well known directory 'Work': '/home/jenny/tensorflow-mri/_work'
[2025-03-19 15:33:42Z INFO HostContext] Well known directory 'Bin': '/home/jenny/tensorflow-mri/bin'
[2025-03-19 15:33:42Z INFO HostContext] Well known directory 'Root': '/home/jenny/tensorflow-mri'
[2025-03-19 15:33:42Z INFO HostContext] Well known directory 'Work': '/home/jenny/tensorflow-mri/_work'
[2025-03-19 15:33:52Z INFO HostContext] Well known directory 'Bin': '/home/jenny/tensorflow-mri/bin'
[2025-03-19 15:33:52Z INFO HostContext] Well known directory 'Root': '/home/jenny/tensorflow-mri'
[2025-03-19 15:33:52Z INFO HostContext] Well known directory 'Work': '/home/jenny/tensorflow-mri/_work'
[2025-03-19 15:34:02Z INFO HostContext] Well known directory 'Bin': '/home/jenny/tensorflow-mri/bin'
[2025-03-19 15:34:02Z INFO HostContext] Well known directory 'Root': '/home/jenny/tensorflow-mri'
[2025-03-19 15:34:02Z INFO HostContext] Well known directory 'Work': '/home/jenny/tensorflow-mri/_work'
[2025-03-19 15:34:12Z INFO HostContext] Well known directory 'Bin': '/home/jenny/tensorflow-mri/bin'
[2025-03-19 15:34:12Z INFO HostContext] Well known directory 'Root': '/home/jenny/tensorflow-mri'
[2025-03-19 15:34:12Z INFO HostContext] Well known directory 'Work': '/home/jenny/tensorflow-mri/_work'
[2025-03-19 15:34:22Z INFO HostContext] Well known directory 'Bin': '/home/jenny/tensorflow-mri/bin'
[2025-03-19 15:34:22Z INFO HostContext] Well known directory 'Root': '/home/jenny/tensorflow-mri'
[2025-03-19 15:34:22Z INFO HostContext] Well known directory 'Work': '/home/jenny/tensorflow-mri/_work'
[2025-03-19 15:34:32Z INFO HostContext] Well known directory 'Bin': '/home/jenny/tensorflow-mri/bin'
[2025-03-19 15:34:32Z INFO HostContext] Well known directory 'Root': '/home/jenny/tensorflow-mri'
[2025-03-19 15:34:32Z INFO HostContext] Well known directory 'Work': '/home/jenny/tensorflow-mri/_work'
[2025-03-19 15:34:42Z INFO HostContext] Well known directory 'Bin': '/home/jenny/tensorflow-mri/bin'
[2025-03-19 15:34:42Z INFO HostContext] Well known directory 'Root': '/home/jenny/tensorflow-mri'
[2025-03-19 15:34:42Z INFO HostContext] Well known directory 'Work': '/home/jenny/tensorflow-mri/_work'
[2025-03-19 15:34:52Z INFO HostContext] Well known directory 'Bin': '/home/jenny/tensorflow-mri/bin'
[2025-03-19 15:34:52Z INFO HostContext] Well known directory 'Root': '/home/jenny/tensorflow-mri'
[2025-03-19 15:34:52Z INFO HostContext] Well known directory 'Work': '/home/jenny/tensorflow-mri/_work'
[2025-03-19 15:35:02Z INFO HostContext] Well known directory 'Bin': '/home/jenny/tensorflow-mri/bin'
[2025-03-19 15:35:02Z INFO HostContext] Well known directory 'Root': '/home/jenny/tensorflow-mri'
[2025-03-19 15:35:02Z INFO HostContext] Well known directory 'Work': '/home/jenny/tensorflow-mri/_work'
[2025-03-19 15:35:12Z INFO HostContext] Well known directory 'Bin': '/home/jenny/tensorflow-mri/bin'
[2025-03-19 15:35:12Z INFO HostContext] Well known directory 'Root': '/home/jenny/tensorflow-mri'
[2025-03-19 15:35:12Z INFO HostContext] Well known directory 'Work': '/home/jenny/tensorflow-mri/_work'
[2025-03-19 15:35:21Z INFO JobServerQueue] Try to append 1 batches web console lines for record 'b08c2513-bc9c-40df-ba85-2fae0b38aa64', success rate: 1/1.
[2025-03-19 15:35:22Z INFO HostContext] Well known directory 'Bin': '/home/jenny/tensorflow-mri/bin'
[2025-03-19 15:35:22Z INFO HostContext] Well known directory 'Root': '/home/jenny/tensorflow-mri'
[2025-03-19 15:35:22Z INFO HostContext] Well known directory 'Work': '/home/jenny/tensorflow-mri/_work'
[2025-03-19 15:35:32Z INFO HostContext] Well known directory 'Bin': '/home/jenny/tensorflow-mri/bin'
[2025-03-19 15:35:32Z INFO HostContext] Well known directory 'Root': '/home/jenny/tensorflow-mri'
[2025-03-19 15:35:32Z INFO HostContext] Well known directory 'Work': '/home/jenny/tensorflow-mri/_work'
[2025-03-19 15:35:42Z INFO HostContext] Well known directory 'Bin': '/home/jenny/tensorflow-mri/bin'
[2025-03-19 15:35:42Z INFO HostContext] Well known directory 'Root': '/home/jenny/tensorflow-mri'
[2025-03-19 15:35:42Z INFO HostContext] Well known directory 'Work': '/home/jenny/tensorflow-mri/_work'
[2025-03-19 15:35:52Z INFO HostContext] Well known directory 'Bin': '/home/jenny/tensorflow-mri/bin'
[2025-03-19 15:35:52Z INFO HostContext] Well known directory 'Root': '/home/jenny/tensorflow-mri'
[2025-03-19 15:35:52Z INFO HostContext] Well known directory 'Work': '/home/jenny/tensorflow-mri/_work'
[2025-03-19 15:36:02Z INFO HostContext] Well known directory 'Bin': '/home/jenny/tensorflow-mri/bin'
[2025-03-19 15:36:02Z INFO HostContext] Well known directory 'Root': '/home/jenny/tensorflow-mri'
[2025-03-19 15:36:02Z INFO HostContext] Well known directory 'Work': '/home/jenny/tensorflow-mri/_work'
[2025-03-19 15:36:12Z INFO HostContext] Well known directory 'Bin': '/home/jenny/tensorflow-mri/bin'
[2025-03-19 15:36:12Z INFO HostContext] Well known directory 'Root': '/home/jenny/tensorflow-mri'
[2025-03-19 15:36:12Z INFO HostContext] Well known directory 'Work': '/home/jenny/tensorflow-mri/_work'
[2025-03-19 15:36:22Z INFO HostContext] Well known directory 'Bin': '/home/jenny/tensorflow-mri/bin'
[2025-03-19 15:36:22Z INFO HostContext] Well known directory 'Root': '/home/jenny/tensorflow-mri'
[2025-03-19 15:36:22Z INFO HostContext] Well known directory 'Work': '/home/jenny/tensorflow-mri/_work'
[2025-03-19 15:36:32Z INFO HostContext] Well known directory 'Bin': '/home/jenny/tensorflow-mri/bin'
[2025-03-19 15:36:32Z INFO HostContext] Well known directory 'Root': '/home/jenny/tensorflow-mri'
[2025-03-19 15:36:32Z INFO HostContext] Well known directory 'Work': '/home/jenny/tensorflow-mri/_work'
[2025-03-19 15:36:42Z INFO HostContext] Well known directory 'Bin': '/home/jenny/tensorflow-mri/bin'
[2025-03-19 15:36:42Z INFO HostContext] Well known directory 'Root': '/home/jenny/tensorflow-mri'
[2025-03-19 15:36:42Z INFO HostContext] Well known directory 'Work': '/home/jenny/tensorflow-mri/_work'
[2025-03-19 15:36:52Z INFO HostContext] Well known directory 'Bin': '/home/jenny/tensorflow-mri/bin'
[2025-03-19 15:36:52Z INFO HostContext] Well known directory 'Root': '/home/jenny/tensorflow-mri'
[2025-03-19 15:36:52Z INFO HostContext] Well known directory 'Work': '/home/jenny/tensorflow-mri/_work'
[2025-03-19 15:37:02Z INFO HostContext] Well known directory 'Bin': '/home/jenny/tensorflow-mri/bin'
[2025-03-19 15:37:02Z INFO HostContext] Well known directory 'Root': '/home/jenny/tensorflow-mri'
[2025-03-19 15:37:02Z INFO HostContext] Well known directory 'Work': '/home/jenny/tensorflow-mri/_work'
[2025-03-19 15:37:12Z INFO HostContext] Well known directory 'Bin': '/home/jenny/tensorflow-mri/bin'
[2025-03-19 15:37:12Z INFO HostContext] Well known directory 'Root': '/home/jenny/tensorflow-mri'
[2025-03-19 15:37:12Z INFO HostContext] Well known directory 'Work': '/home/jenny/tensorflow-mri/_work'
[2025-03-19 15:37:22Z INFO HostContext] Well known directory 'Bin': '/home/jenny/tensorflow-mri/bin'
[2025-03-19 15:37:22Z INFO HostContext] Well known directory 'Root': '/home/jenny/tensorflow-mri'
[2025-03-19 15:37:22Z INFO HostContext] Well known directory 'Work': '/home/jenny/tensorflow-mri/_work'
[2025-03-19 15:37:32Z INFO HostContext] Well known directory 'Bin': '/home/jenny/tensorflow-mri/bin'
[2025-03-19 15:37:32Z INFO HostContext] Well known directory 'Root': '/home/jenny/tensorflow-mri'
[2025-03-19 15:37:32Z INFO HostContext] Well known directory 'Work': '/home/jenny/tensorflow-mri/_work'
[2025-03-19 15:37:42Z INFO HostContext] Well known directory 'Bin': '/home/jenny/tensorflow-mri/bin'
[2025-03-19 15:37:42Z INFO HostContext] Well known directory 'Root': '/home/jenny/tensorflow-mri'
[2025-03-19 15:37:42Z INFO HostContext] Well known directory 'Work': '/home/jenny/tensorflow-mri/_work'
[2025-03-19 15:37:52Z INFO HostContext] Well known directory 'Bin': '/home/jenny/tensorflow-mri/bin'
[2025-03-19 15:37:52Z INFO HostContext] Well known directory 'Root': '/home/jenny/tensorflow-mri'
[2025-03-19 15:37:52Z INFO HostContext] Well known directory 'Work': '/home/jenny/tensorflow-mri/_work'
[2025-03-19 15:37:53Z INFO JobServerQueue] Try to append 1 batches web console lines for record 'b08c2513-bc9c-40df-ba85-2fae0b38aa64', success rate: 1/1.
[2025-03-19 15:38:02Z INFO HostContext] Well known directory 'Bin': '/home/jenny/tensorflow-mri/bin'
[2025-03-19 15:38:02Z INFO HostContext] Well known directory 'Root': '/home/jenny/tensorflow-mri'
[2025-03-19 15:38:02Z INFO HostContext] Well known directory 'Work': '/home/jenny/tensorflow-mri/_work'
[2025-03-19 15:38:12Z INFO HostContext] Well known directory 'Bin': '/home/jenny/tensorflow-mri/bin'
[2025-03-19 15:38:12Z INFO HostContext] Well known directory 'Root': '/home/jenny/tensorflow-mri'
[2025-03-19 15:38:12Z INFO HostContext] Well known directory 'Work': '/home/jenny/tensorflow-mri/_work'
[2025-03-19 15:38:22Z INFO HostContext] Well known directory 'Bin': '/home/jenny/tensorflow-mri/bin'
[2025-03-19 15:38:22Z INFO HostContext] Well known directory 'Root': '/home/jenny/tensorflow-mri'
[2025-03-19 15:38:22Z INFO HostContext] Well known directory 'Work': '/home/jenny/tensorflow-mri/_work'
[2025-03-19 15:38:32Z INFO HostContext] Well known directory 'Bin': '/home/jenny/tensorflow-mri/bin'
[2025-03-19 15:38:32Z INFO HostContext] Well known directory 'Root': '/home/jenny/tensorflow-mri'
[2025-03-19 15:38:32Z INFO HostContext] Well known directory 'Work': '/home/jenny/tensorflow-mri/_work'
[2025-03-19 15:38:42Z INFO HostContext] Well known directory 'Bin': '/home/jenny/tensorflow-mri/bin'
[2025-03-19 15:38:42Z INFO HostContext] Well known directory 'Root': '/home/jenny/tensorflow-mri'
[2025-03-19 15:38:42Z INFO HostContext] Well known directory 'Work': '/home/jenny/tensorflow-mri/_work'
[2025-03-19 15:38:52Z INFO HostContext] Well known directory 'Bin': '/home/jenny/tensorflow-mri/bin'
[2025-03-19 15:38:52Z INFO HostContext] Well known directory 'Root': '/home/jenny/tensorflow-mri'
[2025-03-19 15:38:52Z INFO HostContext] Well known directory 'Work': '/home/jenny/tensorflow-mri/_work'
[2025-03-19 15:39:02Z INFO HostContext] Well known directory 'Bin': '/home/jenny/tensorflow-mri/bin'
[2025-03-19 15:39:02Z INFO HostContext] Well known directory 'Root': '/home/jenny/tensorflow-mri'
[2025-03-19 15:39:02Z INFO HostContext] Well known directory 'Work': '/home/jenny/tensorflow-mri/_work'
[2025-03-19 15:39:12Z INFO HostContext] Well known directory 'Bin': '/home/jenny/tensorflow-mri/bin'
[2025-03-19 15:39:12Z INFO HostContext] Well known directory 'Root': '/home/jenny/tensorflow-mri'
[2025-03-19 15:39:12Z INFO HostContext] Well known directory 'Work': '/home/jenny/tensorflow-mri/_work'
[2025-03-19 15:39:22Z INFO HostContext] Well known directory 'Bin': '/home/jenny/tensorflow-mri/bin'
[2025-03-19 15:39:22Z INFO HostContext] Well known directory 'Root': '/home/jenny/tensorflow-mri'
[2025-03-19 15:39:22Z INFO HostContext] Well known directory 'Work': '/home/jenny/tensorflow-mri/_work'
[2025-03-19 15:39:32Z INFO HostContext] Well known directory 'Bin': '/home/jenny/tensorflow-mri/bin'
[2025-03-19 15:39:32Z INFO HostContext] Well known directory 'Root': '/home/jenny/tensorflow-mri'
[2025-03-19 15:39:32Z INFO HostContext] Well known directory 'Work': '/home/jenny/tensorflow-mri/_work'
[2025-03-19 15:39:42Z INFO HostContext] Well known directory 'Bin': '/home/jenny/tensorflow-mri/bin'
[2025-03-19 15:39:42Z INFO HostContext] Well known directory 'Root': '/home/jenny/tensorflow-mri'
[2025-03-19 15:39:42Z INFO HostContext] Well known directory 'Work': '/home/jenny/tensorflow-mri/_work'
[2025-03-19 15:39:52Z INFO HostContext] Well known directory 'Bin': '/home/jenny/tensorflow-mri/bin'
[2025-03-19 15:39:52Z INFO HostContext] Well known directory 'Root': '/home/jenny/tensorflow-mri'
[2025-03-19 15:39:52Z INFO HostContext] Well known directory 'Work': '/home/jenny/tensorflow-mri/_work'
[2025-03-19 15:39:58Z INFO JobServerQueue] Try to append 1 batches web console lines for record 'b08c2513-bc9c-40df-ba85-2fae0b38aa64', success rate: 1/1.
[2025-03-19 15:40:02Z INFO HostContext] Well known directory 'Bin': '/home/jenny/tensorflow-mri/bin'
[2025-03-19 15:40:02Z INFO HostContext] Well known directory 'Root': '/home/jenny/tensorflow-mri'
[2025-03-19 15:40:02Z INFO HostContext] Well known directory 'Work': '/home/jenny/tensorflow-mri/_work'
[2025-03-19 15:40:12Z INFO HostContext] Well known directory 'Bin': '/home/jenny/tensorflow-mri/bin'
[2025-03-19 15:40:12Z INFO HostContext] Well known directory 'Root': '/home/jenny/tensorflow-mri'
[2025-03-19 15:40:12Z INFO HostContext] Well known directory 'Work': '/home/jenny/tensorflow-mri/_work'
[2025-03-19 15:40:22Z INFO HostContext] Well known directory 'Bin': '/home/jenny/tensorflow-mri/bin'
[2025-03-19 15:40:22Z INFO HostContext] Well known directory 'Root': '/home/jenny/tensorflow-mri'
[2025-03-19 15:40:22Z INFO HostContext] Well known directory 'Work': '/home/jenny/tensorflow-mri/_work'
[2025-03-19 15:40:32Z INFO HostContext] Well known directory 'Bin': '/home/jenny/tensorflow-mri/bin'
[2025-03-19 15:40:32Z INFO HostContext] Well known directory 'Root': '/home/jenny/tensorflow-mri'
[2025-03-19 15:40:32Z INFO HostContext] Well known directory 'Work': '/home/jenny/tensorflow-mri/_work'
[2025-03-19 15:40:42Z INFO HostContext] Well known directory 'Bin': '/home/jenny/tensorflow-mri/bin'
[2025-03-19 15:40:42Z INFO HostContext] Well known directory 'Root': '/home/jenny/tensorflow-mri'
[2025-03-19 15:40:42Z INFO HostContext] Well known directory 'Work': '/home/jenny/tensorflow-mri/_work'
[2025-03-19 15:40:52Z INFO HostContext] Well known directory 'Bin': '/home/jenny/tensorflow-mri/bin'
[2025-03-19 15:40:52Z INFO HostContext] Well known directory 'Root': '/home/jenny/tensorflow-mri'
[2025-03-19 15:40:52Z INFO HostContext] Well known directory 'Work': '/home/jenny/tensorflow-mri/_work'
[2025-03-19 15:41:02Z INFO HostContext] Well known directory 'Bin': '/home/jenny/tensorflow-mri/bin'
[2025-03-19 15:41:02Z INFO HostContext] Well known directory 'Root': '/home/jenny/tensorflow-mri'
[2025-03-19 15:41:02Z INFO HostContext] Well known directory 'Work': '/home/jenny/tensorflow-mri/_work'
[2025-03-19 15:41:12Z INFO HostContext] Well known directory 'Bin': '/home/jenny/tensorflow-mri/bin'
[2025-03-19 15:41:12Z INFO HostContext] Well known directory 'Root': '/home/jenny/tensorflow-mri'
[2025-03-19 15:41:12Z INFO HostContext] Well known directory 'Work': '/home/jenny/tensorflow-mri/_work'
[2025-03-19 15:41:22Z INFO HostContext] Well known directory 'Bin': '/home/jenny/tensorflow-mri/bin'
[2025-03-19 15:41:22Z INFO HostContext] Well known directory 'Root': '/home/jenny/tensorflow-mri'
[2025-03-19 15:41:22Z INFO HostContext] Well known directory 'Work': '/home/jenny/tensorflow-mri/_work'
[2025-03-19 15:41:32Z INFO HostContext] Well known directory 'Bin': '/home/jenny/tensorflow-mri/bin'
[2025-03-19 15:41:32Z INFO HostContext] Well known directory 'Root': '/home/jenny/tensorflow-mri'
[2025-03-19 15:41:32Z INFO HostContext] Well known directory 'Work': '/home/jenny/tensorflow-mri/_work'
[2025-03-19 15:41:42Z INFO HostContext] Well known directory 'Bin': '/home/jenny/tensorflow-mri/bin'
[2025-03-19 15:41:42Z INFO HostContext] Well known directory 'Root': '/home/jenny/tensorflow-mri'
[2025-03-19 15:41:42Z INFO HostContext] Well known directory 'Work': '/home/jenny/tensorflow-mri/_work'
[2025-03-19 15:41:52Z INFO HostContext] Well known directory 'Bin': '/home/jenny/tensorflow-mri/bin'
[2025-03-19 15:41:52Z INFO HostContext] Well known directory 'Root': '/home/jenny/tensorflow-mri'
[2025-03-19 15:41:52Z INFO HostContext] Well known directory 'Work': '/home/jenny/tensorflow-mri/_work'
[2025-03-19 15:42:02Z INFO HostContext] Well known directory 'Bin': '/home/jenny/tensorflow-mri/bin'
[2025-03-19 15:42:02Z INFO HostContext] Well known directory 'Root': '/home/jenny/tensorflow-mri'
[2025-03-19 15:42:02Z INFO HostContext] Well known directory 'Work': '/home/jenny/tensorflow-mri/_work'
[2025-03-19 15:42:12Z INFO HostContext] Well known directory 'Bin': '/home/jenny/tensorflow-mri/bin'
[2025-03-19 15:42:12Z INFO HostContext] Well known directory 'Root': '/home/jenny/tensorflow-mri'
[2025-03-19 15:42:12Z INFO HostContext] Well known directory 'Work': '/home/jenny/tensorflow-mri/_work'
[2025-03-19 15:42:22Z INFO HostContext] Well known directory 'Bin': '/home/jenny/tensorflow-mri/bin'
[2025-03-19 15:42:22Z INFO HostContext] Well known directory 'Root': '/home/jenny/tensorflow-mri'
[2025-03-19 15:42:22Z INFO HostContext] Well known directory 'Work': '/home/jenny/tensorflow-mri/_work'
[2025-03-19 15:42:32Z INFO HostContext] Well known directory 'Bin': '/home/jenny/tensorflow-mri/bin'
[2025-03-19 15:42:32Z INFO HostContext] Well known directory 'Root': '/home/jenny/tensorflow-mri'
[2025-03-19 15:42:32Z INFO HostContext] Well known directory 'Work': '/home/jenny/tensorflow-mri/_work'
[2025-03-19 15:42:32Z INFO JobServerQueue] Try to append 1 batches web console lines for record 'b08c2513-bc9c-40df-ba85-2fae0b38aa64', success rate: 1/1.
[2025-03-19 15:42:33Z INFO JobServerQueue] Try to append 1 batches web console lines for record 'b08c2513-bc9c-40df-ba85-2fae0b38aa64', success rate: 1/1.
[2025-03-19 15:42:34Z INFO JobServerQueue] Try to append 1 batches web console lines for record 'b08c2513-bc9c-40df-ba85-2fae0b38aa64', success rate: 1/1.
[2025-03-19 15:42:35Z INFO JobServerQueue] Try to append 1 batches web console lines for record 'b08c2513-bc9c-40df-ba85-2fae0b38aa64', success rate: 1/1.
[2025-03-19 15:42:35Z INFO JobServerQueue] Try to append 1 batches web console lines for record 'b08c2513-bc9c-40df-ba85-2fae0b38aa64', success rate: 1/1.
[2025-03-19 15:42:36Z INFO JobServerQueue] Try to append 1 batches web console lines for record 'b08c2513-bc9c-40df-ba85-2fae0b38aa64', success rate: 1/1.
[2025-03-19 15:42:39Z INFO JobServerQueue] Try to append 1 batches web console lines for record 'b08c2513-bc9c-40df-ba85-2fae0b38aa64', success rate: 1/1.
[2025-03-19 15:42:42Z INFO HostContext] Well known directory 'Bin': '/home/jenny/tensorflow-mri/bin'
[2025-03-19 15:42:42Z INFO HostContext] Well known directory 'Root': '/home/jenny/tensorflow-mri'
[2025-03-19 15:42:42Z INFO HostContext] Well known directory 'Work': '/home/jenny/tensorflow-mri/_work'
[2025-03-19 15:42:43Z INFO JobServerQueue] Try to append 1 batches web console lines for record 'b08c2513-bc9c-40df-ba85-2fae0b38aa64', success rate: 1/1.
[2025-03-19 15:42:43Z INFO JobServerQueue] Try to append 1 batches web console lines for record 'b08c2513-bc9c-40df-ba85-2fae0b38aa64', success rate: 1/1.
[2025-03-19 15:42:45Z INFO JobServerQueue] Try to append 1 batches web console lines for record 'b08c2513-bc9c-40df-ba85-2fae0b38aa64', success rate: 1/1.
[2025-03-19 15:42:45Z INFO JobServerQueue] Try to append 1 batches web console lines for record 'b08c2513-bc9c-40df-ba85-2fae0b38aa64', success rate: 1/1.
[2025-03-19 15:42:49Z INFO JobServerQueue] Try to append 1 batches web console lines for record 'b08c2513-bc9c-40df-ba85-2fae0b38aa64', success rate: 1/1.
[2025-03-19 15:42:49Z INFO JobServerQueue] Try to append 1 batches web console lines for record 'b08c2513-bc9c-40df-ba85-2fae0b38aa64', success rate: 1/1.
[2025-03-19 15:42:50Z INFO JobServerQueue] Try to append 1 batches web console lines for record 'b08c2513-bc9c-40df-ba85-2fae0b38aa64', success rate: 1/1.
[2025-03-19 15:42:50Z INFO JobServerQueue] Try to append 1 batches web console lines for record 'b08c2513-bc9c-40df-ba85-2fae0b38aa64', success rate: 1/1.
[2025-03-19 15:42:52Z INFO HostContext] Well known directory 'Bin': '/home/jenny/tensorflow-mri/bin'
[2025-03-19 15:42:52Z INFO HostContext] Well known directory 'Root': '/home/jenny/tensorflow-mri'
[2025-03-19 15:42:52Z INFO HostContext] Well known directory 'Work': '/home/jenny/tensorflow-mri/_work'
[2025-03-19 15:42:55Z INFO JobServerQueue] Try to append 1 batches web console lines for record 'b08c2513-bc9c-40df-ba85-2fae0b38aa64', success rate: 1/1.
[2025-03-19 15:42:56Z INFO JobServerQueue] Try to append 3 batches web console lines for record 'b08c2513-bc9c-40df-ba85-2fae0b38aa64', success rate: 3/3.
[2025-03-19 15:42:56Z INFO JobServerQueue] Try to append 3 batches web console lines for record 'b08c2513-bc9c-40df-ba85-2fae0b38aa64', success rate: 3/3.
[2025-03-19 15:42:57Z INFO JobServerQueue] Try to append 6 batches web console lines for record 'b08c2513-bc9c-40df-ba85-2fae0b38aa64', success rate: 6/6.
[2025-03-19 15:42:57Z INFO JobServerQueue] Try to append 5 batches web console lines for record 'b08c2513-bc9c-40df-ba85-2fae0b38aa64', success rate: 5/5.
[2025-03-19 15:42:58Z INFO JobServerQueue] Try to append 5 batches web console lines for record 'b08c2513-bc9c-40df-ba85-2fae0b38aa64', success rate: 5/5.
[2025-03-19 15:42:58Z INFO JobServerQueue] Try to append 2 batches web console lines for record 'b08c2513-bc9c-40df-ba85-2fae0b38aa64', success rate: 2/2.
[2025-03-19 15:42:59Z INFO JobServerQueue] Try to append 1 batches web console lines for record 'b08c2513-bc9c-40df-ba85-2fae0b38aa64', success rate: 1/1.
[2025-03-19 15:42:59Z INFO JobServerQueue] Try to append 1 batches web console lines for record 'b08c2513-bc9c-40df-ba85-2fae0b38aa64', success rate: 1/1.
[2025-03-19 15:43:00Z INFO ProcessInvokerWrapper] STDOUT/STDERR stream read finished.
[2025-03-19 15:43:00Z INFO ProcessInvokerWrapper] STDOUT/STDERR stream read finished.
[2025-03-19 15:43:00Z INFO ProcessInvokerWrapper] Finished process 2267871 with exit code 0, and elapsed time 00:19:43.0762769.
[2025-03-19 15:43:00Z INFO CreateStepSummaryCommand] Step Summary file (/home/jenny/tensorflow-mri/_work/_temp/_runner_file_commands/step_summary_66eb0e67-a6d0-4464-891e-1246a80172c8) is empty; skipping attachment upload
[2025-03-19 15:43:00Z INFO StepsRunner] Step result: 
[2025-03-19 15:43:00Z INFO ExecutionContext] Publish step telemetry for current step {
  "action": "sh",
  "type": "run",
  "stage": "Main",
  "stepId": "b08c2513-bc9c-40df-ba85-2fae0b38aa64",
  "stepContextName": "__run_4",
  "result": "succeeded",
  "errorMessages": [],
  "executionTimeInSeconds": 1184,
  "startTime": "2025-03-19T15:23:17.6925969Z",
  "finishTime": "2025-03-19T15:43:00.7729565Z"
}.
[2025-03-19 15:43:00Z INFO StepsRunner] No need for updating job result with current step result 'Succeeded'.
[2025-03-19 15:43:00Z INFO StepsRunner] Current state: job state = ''
[2025-03-19 15:43:00Z INFO StepsRunner] Processing step: DisplayName='Build wheel'
[2025-03-19 15:43:00Z INFO StepsRunner] Evaluating: success()
[2025-03-19 15:43:00Z INFO StepsRunner] Result: true
[2025-03-19 15:43:00Z INFO StepsRunner] Starting the step.
[2025-03-19 15:43:00Z INFO HostContext] Well known directory 'Bin': '/home/jenny/tensorflow-mri/bin'
[2025-03-19 15:43:00Z INFO HostContext] Well known directory 'Root': '/home/jenny/tensorflow-mri'
[2025-03-19 15:43:00Z INFO HostContext] Well known directory 'Work': '/home/jenny/tensorflow-mri/_work'
[2025-03-19 15:43:00Z INFO HostContext] Well known directory 'Temp': '/home/jenny/tensorflow-mri/_work/_temp'
[2025-03-19 15:43:00Z INFO ExecutionContext] Write event payload to /home/jenny/tensorflow-mri/_work/_temp/_github_workflow/event.json
[2025-03-19 15:43:00Z INFO HostContext] Well known directory 'Bin': '/home/jenny/tensorflow-mri/bin'
[2025-03-19 15:43:00Z INFO HostContext] Well known directory 'Root': '/home/jenny/tensorflow-mri'
[2025-03-19 15:43:00Z INFO HostContext] Well known directory 'Work': '/home/jenny/tensorflow-mri/_work'
[2025-03-19 15:43:00Z INFO HostContext] Well known directory 'Temp': '/home/jenny/tensorflow-mri/_work/_temp'
[2025-03-19 15:43:00Z INFO ExtensionManager] Getting extensions for interface: 'GitHub.Runner.Worker.IFileCommandExtension'
[2025-03-19 15:43:00Z INFO ExtensionManager] Getting extensions for interface: 'GitHub.Runner.Worker.IActionCommandExtension'
[2025-03-19 15:43:00Z INFO ActionCommandManager] Register action command extension for command internal-set-repo-path
[2025-03-19 15:43:00Z INFO ActionCommandManager] Register action command extension for command set-env
[2025-03-19 15:43:00Z INFO ActionCommandManager] Register action command extension for command set-output
[2025-03-19 15:43:00Z INFO ActionCommandManager] Register action command extension for command save-state
[2025-03-19 15:43:00Z INFO ActionCommandManager] Register action command extension for command add-path
[2025-03-19 15:43:00Z INFO ActionCommandManager] Register action command extension for command add-mask
[2025-03-19 15:43:00Z INFO ActionCommandManager] Register action command extension for command add-matcher
[2025-03-19 15:43:00Z INFO ActionCommandManager] Register action command extension for command remove-matcher
[2025-03-19 15:43:00Z INFO ActionCommandManager] Register action command extension for command warning
[2025-03-19 15:43:00Z INFO ActionCommandManager] Register action command extension for command error
[2025-03-19 15:43:00Z INFO ActionCommandManager] Register action command extension for command notice
[2025-03-19 15:43:00Z INFO ActionCommandManager] Register action command extension for command debug
[2025-03-19 15:43:00Z INFO ActionCommandManager] Register action command extension for command group
[2025-03-19 15:43:00Z INFO ActionCommandManager] Register action command extension for command endgroup
[2025-03-19 15:43:00Z INFO ActionCommandManager] Register action command extension for command echo
[2025-03-19 15:43:00Z INFO HostContext] Well known directory 'Bin': '/home/jenny/tensorflow-mri/bin'
[2025-03-19 15:43:00Z INFO HostContext] Well known directory 'Root': '/home/jenny/tensorflow-mri'
[2025-03-19 15:43:00Z INFO HostContext] Well known directory 'Work': '/home/jenny/tensorflow-mri/_work'
[2025-03-19 15:43:00Z INFO HostContext] Well known directory 'Temp': '/home/jenny/tensorflow-mri/_work/_temp'
[2025-03-19 15:43:00Z INFO ScriptHandler] Which2: 'bash'
[2025-03-19 15:43:00Z INFO ScriptHandler] Location: '/usr/bin/bash'
[2025-03-19 15:43:00Z INFO HostContext] Well known directory 'Bin': '/home/jenny/tensorflow-mri/bin'
[2025-03-19 15:43:00Z INFO HostContext] Well known directory 'Root': '/home/jenny/tensorflow-mri'
[2025-03-19 15:43:00Z INFO HostContext] Well known directory 'Work': '/home/jenny/tensorflow-mri/_work'
[2025-03-19 15:43:00Z INFO ProcessInvokerWrapper] Starting process:
[2025-03-19 15:43:00Z INFO ProcessInvokerWrapper]   File name: '/usr/bin/docker'
[2025-03-19 15:43:00Z INFO ProcessInvokerWrapper]   Arguments: 'exec -i --workdir /__w/tensorflow-mri/tensorflow-mri -e "PYTHON" -e "GITHUB_JOB" -e "GITHUB_REF" -e "GITHUB_SHA" -e "GITHUB_REPOSITORY" -e "GITHUB_REPOSITORY_OWNER" -e "GITHUB_REPOSITORY_OWNER_ID" -e "GITHUB_RUN_ID" -e "GITHUB_RUN_NUMBER" -e "GITHUB_RETENTION_DAYS" -e "GITHUB_RUN_ATTEMPT" -e "GITHUB_ACTOR_ID" -e "GITHUB_ACTOR" -e "GITHUB_WORKFLOW" -e "GITHUB_HEAD_REF" -e "GITHUB_BASE_REF" -e "GITHUB_EVENT_NAME" -e "GITHUB_SERVER_URL" -e "GITHUB_API_URL" -e "GITHUB_GRAPHQL_URL" -e "GITHUB_REF_NAME" -e "GITHUB_REF_PROTECTED" -e "GITHUB_REF_TYPE" -e "GITHUB_WORKFLOW_REF" -e "GITHUB_WORKFLOW_SHA" -e "GITHUB_REPOSITORY_ID" -e "GITHUB_TRIGGERING_ACTOR" -e "GITHUB_WORKSPACE" -e "GITHUB_ACTION" -e "GITHUB_EVENT_PATH" -e "GITHUB_ACTION_REPOSITORY" -e "GITHUB_ACTION_REF" -e "GITHUB_PATH" -e "GITHUB_ENV" -e "GITHUB_STEP_SUMMARY" -e "GITHUB_STATE" -e "GITHUB_OUTPUT" -e "RUNNER_OS" -e "RUNNER_ARCH" -e "RUNNER_NAME" -e "RUNNER_ENVIRONMENT" -e "RUNNER_TOOL_CACHE" -e "RUNNER_TEMP" -e "RUNNER_WORKSPACE" 0f768c3eb02420030592cfdb769897bd0f6255b6cc77c737b210cddd36350994 sh -e /__w/_temp/42d33318-f20a-495c-919a-d925ab60902d.sh'
[2025-03-19 15:43:00Z INFO ProcessInvokerWrapper]   Working directory: '/home/jenny/tensorflow-mri/_work'
[2025-03-19 15:43:00Z INFO ProcessInvokerWrapper]   Require exit code zero: 'False'
[2025-03-19 15:43:00Z INFO ProcessInvokerWrapper]   Encoding web name:  ; code page: ''
[2025-03-19 15:43:00Z INFO ProcessInvokerWrapper]   Force kill process on cancellation: 'False'
[2025-03-19 15:43:00Z INFO ProcessInvokerWrapper]   Redirected STDIN: 'False'
[2025-03-19 15:43:00Z INFO ProcessInvokerWrapper]   Persist current code page: 'False'
[2025-03-19 15:43:00Z INFO ProcessInvokerWrapper]   Keep redirected STDIN open: 'False'
[2025-03-19 15:43:00Z INFO ProcessInvokerWrapper]   High priority process: 'False'
[2025-03-19 15:43:00Z INFO ProcessInvokerWrapper] Updated oom_score_adj to 500 for PID: 2426341.
[2025-03-19 15:43:00Z INFO ProcessInvokerWrapper] Process started with process id 2426341, waiting for process exit.
[2025-03-19 15:43:01Z INFO JobServerQueue] Try to append 1 batches web console lines for record '683eacf8-04a4-44cc-986c-1f17da8f7168', success rate: 1/1.
[2025-03-19 15:43:01Z INFO JobServerQueue] Try to upload 1 log files or attachments, success rate: 1/1.
[2025-03-19 15:43:01Z INFO JobServerQueue] Got a step log file to send to results service.
[2025-03-19 15:43:01Z INFO JobServerQueue] Starting upload of step log file to results service ResultsLog, /home/jenny/tensorflow-mri/_diag/blocks/352e62ab-c249-47f2-bad9-fb15096f3ea3_b08c2513-bc9c-40df-ba85-2fae0b38aa64.1
[2025-03-19 15:43:02Z INFO HostContext] Well known directory 'Bin': '/home/jenny/tensorflow-mri/bin'
[2025-03-19 15:43:02Z INFO HostContext] Well known directory 'Root': '/home/jenny/tensorflow-mri'
[2025-03-19 15:43:02Z INFO HostContext] Well known directory 'Work': '/home/jenny/tensorflow-mri/_work'
[2025-03-19 15:43:02Z INFO JobServerQueue] Tried to upload 1 file(s) to results, success rate: 1/1.
[2025-03-19 15:43:03Z INFO JobServerQueue] Try to append 1 batches web console lines for record '683eacf8-04a4-44cc-986c-1f17da8f7168', success rate: 1/1.
[2025-03-19 15:43:04Z INFO JobServerQueue] Try to append 2 batches web console lines for record '683eacf8-04a4-44cc-986c-1f17da8f7168', success rate: 2/2.
[2025-03-19 15:43:05Z INFO ProcessInvokerWrapper] STDOUT/STDERR stream read finished.
[2025-03-19 15:43:05Z INFO ProcessInvokerWrapper] STDOUT/STDERR stream read finished.
[2025-03-19 15:43:05Z INFO ProcessInvokerWrapper] Finished process 2426341 with exit code 0, and elapsed time 00:00:04.2340972.
[2025-03-19 15:43:05Z INFO CreateStepSummaryCommand] Step Summary file (/home/jenny/tensorflow-mri/_work/_temp/_runner_file_commands/step_summary_37cdee86-11ac-40e0-8f46-5b665dc0b2ff) is empty; skipping attachment upload
[2025-03-19 15:43:05Z INFO StepsRunner] Step result: 
[2025-03-19 15:43:05Z INFO ExecutionContext] Publish step telemetry for current step {
  "action": "sh",
  "type": "run",
  "stage": "Main",
  "stepId": "683eacf8-04a4-44cc-986c-1f17da8f7168",
  "stepContextName": "__run_5",
  "result": "succeeded",
  "errorMessages": [],
  "executionTimeInSeconds": 5,
  "startTime": "2025-03-19T15:43:00.7734389Z",
  "finishTime": "2025-03-19T15:43:05.0114801Z"
}.
[2025-03-19 15:43:05Z INFO StepsRunner] No need for updating job result with current step result 'Succeeded'.
[2025-03-19 15:43:05Z INFO StepsRunner] Current state: job state = ''
[2025-03-19 15:43:05Z INFO StepsRunner] Processing step: DisplayName='Build docs'
[2025-03-19 15:43:05Z INFO StepsRunner] Evaluating: success()
[2025-03-19 15:43:05Z INFO StepsRunner] Result: true
[2025-03-19 15:43:05Z INFO StepsRunner] Starting the step.
[2025-03-19 15:43:05Z INFO HostContext] Well known directory 'Bin': '/home/jenny/tensorflow-mri/bin'
[2025-03-19 15:43:05Z INFO HostContext] Well known directory 'Root': '/home/jenny/tensorflow-mri'
[2025-03-19 15:43:05Z INFO HostContext] Well known directory 'Work': '/home/jenny/tensorflow-mri/_work'
[2025-03-19 15:43:05Z INFO HostContext] Well known directory 'Temp': '/home/jenny/tensorflow-mri/_work/_temp'
[2025-03-19 15:43:05Z INFO ExecutionContext] Write event payload to /home/jenny/tensorflow-mri/_work/_temp/_github_workflow/event.json
[2025-03-19 15:43:05Z INFO HostContext] Well known directory 'Bin': '/home/jenny/tensorflow-mri/bin'
[2025-03-19 15:43:05Z INFO HostContext] Well known directory 'Root': '/home/jenny/tensorflow-mri'
[2025-03-19 15:43:05Z INFO HostContext] Well known directory 'Work': '/home/jenny/tensorflow-mri/_work'
[2025-03-19 15:43:05Z INFO HostContext] Well known directory 'Temp': '/home/jenny/tensorflow-mri/_work/_temp'
[2025-03-19 15:43:05Z INFO ExtensionManager] Getting extensions for interface: 'GitHub.Runner.Worker.IFileCommandExtension'
[2025-03-19 15:43:05Z INFO ExtensionManager] Getting extensions for interface: 'GitHub.Runner.Worker.IActionCommandExtension'
[2025-03-19 15:43:05Z INFO ActionCommandManager] Register action command extension for command internal-set-repo-path
[2025-03-19 15:43:05Z INFO ActionCommandManager] Register action command extension for command set-env
[2025-03-19 15:43:05Z INFO ActionCommandManager] Register action command extension for command set-output
[2025-03-19 15:43:05Z INFO ActionCommandManager] Register action command extension for command save-state
[2025-03-19 15:43:05Z INFO ActionCommandManager] Register action command extension for command add-path
[2025-03-19 15:43:05Z INFO ActionCommandManager] Register action command extension for command add-mask
[2025-03-19 15:43:05Z INFO ActionCommandManager] Register action command extension for command add-matcher
[2025-03-19 15:43:05Z INFO ActionCommandManager] Register action command extension for command remove-matcher
[2025-03-19 15:43:05Z INFO ActionCommandManager] Register action command extension for command warning
[2025-03-19 15:43:05Z INFO ActionCommandManager] Register action command extension for command error
[2025-03-19 15:43:05Z INFO ActionCommandManager] Register action command extension for command notice
[2025-03-19 15:43:05Z INFO ActionCommandManager] Register action command extension for command debug
[2025-03-19 15:43:05Z INFO ActionCommandManager] Register action command extension for command group
[2025-03-19 15:43:05Z INFO ActionCommandManager] Register action command extension for command endgroup
[2025-03-19 15:43:05Z INFO ActionCommandManager] Register action command extension for command echo
[2025-03-19 15:43:05Z INFO HostContext] Well known directory 'Bin': '/home/jenny/tensorflow-mri/bin'
[2025-03-19 15:43:05Z INFO HostContext] Well known directory 'Root': '/home/jenny/tensorflow-mri'
[2025-03-19 15:43:05Z INFO HostContext] Well known directory 'Work': '/home/jenny/tensorflow-mri/_work'
[2025-03-19 15:43:05Z INFO HostContext] Well known directory 'Temp': '/home/jenny/tensorflow-mri/_work/_temp'
[2025-03-19 15:43:05Z INFO ScriptHandler] Which2: 'bash'
[2025-03-19 15:43:05Z INFO ScriptHandler] Location: '/usr/bin/bash'
[2025-03-19 15:43:05Z INFO HostContext] Well known directory 'Bin': '/home/jenny/tensorflow-mri/bin'
[2025-03-19 15:43:05Z INFO HostContext] Well known directory 'Root': '/home/jenny/tensorflow-mri'
[2025-03-19 15:43:05Z INFO HostContext] Well known directory 'Work': '/home/jenny/tensorflow-mri/_work'
[2025-03-19 15:43:05Z INFO ProcessInvokerWrapper] Starting process:
[2025-03-19 15:43:05Z INFO ProcessInvokerWrapper]   File name: '/usr/bin/docker'
[2025-03-19 15:43:05Z INFO ProcessInvokerWrapper]   Arguments: 'exec -i --workdir /__w/tensorflow-mri/tensorflow-mri -e "PYTHON" -e "GITHUB_JOB" -e "GITHUB_REF" -e "GITHUB_SHA" -e "GITHUB_REPOSITORY" -e "GITHUB_REPOSITORY_OWNER" -e "GITHUB_REPOSITORY_OWNER_ID" -e "GITHUB_RUN_ID" -e "GITHUB_RUN_NUMBER" -e "GITHUB_RETENTION_DAYS" -e "GITHUB_RUN_ATTEMPT" -e "GITHUB_ACTOR_ID" -e "GITHUB_ACTOR" -e "GITHUB_WORKFLOW" -e "GITHUB_HEAD_REF" -e "GITHUB_BASE_REF" -e "GITHUB_EVENT_NAME" -e "GITHUB_SERVER_URL" -e "GITHUB_API_URL" -e "GITHUB_GRAPHQL_URL" -e "GITHUB_REF_NAME" -e "GITHUB_REF_PROTECTED" -e "GITHUB_REF_TYPE" -e "GITHUB_WORKFLOW_REF" -e "GITHUB_WORKFLOW_SHA" -e "GITHUB_REPOSITORY_ID" -e "GITHUB_TRIGGERING_ACTOR" -e "GITHUB_WORKSPACE" -e "GITHUB_ACTION" -e "GITHUB_EVENT_PATH" -e "GITHUB_ACTION_REPOSITORY" -e "GITHUB_ACTION_REF" -e "GITHUB_PATH" -e "GITHUB_ENV" -e "GITHUB_STEP_SUMMARY" -e "GITHUB_STATE" -e "GITHUB_OUTPUT" -e "RUNNER_OS" -e "RUNNER_ARCH" -e "RUNNER_NAME" -e "RUNNER_ENVIRONMENT" -e "RUNNER_TOOL_CACHE" -e "RUNNER_TEMP" -e "RUNNER_WORKSPACE" 0f768c3eb02420030592cfdb769897bd0f6255b6cc77c737b210cddd36350994 sh -e /__w/_temp/13a06111-a9d6-4c6b-9dbf-35e02bf4f80a.sh'
[2025-03-19 15:43:05Z INFO ProcessInvokerWrapper]   Working directory: '/home/jenny/tensorflow-mri/_work'
[2025-03-19 15:43:05Z INFO ProcessInvokerWrapper]   Require exit code zero: 'False'
[2025-03-19 15:43:05Z INFO ProcessInvokerWrapper]   Encoding web name:  ; code page: ''
[2025-03-19 15:43:05Z INFO ProcessInvokerWrapper]   Force kill process on cancellation: 'False'
[2025-03-19 15:43:05Z INFO ProcessInvokerWrapper]   Redirected STDIN: 'False'
[2025-03-19 15:43:05Z INFO ProcessInvokerWrapper]   Persist current code page: 'False'
[2025-03-19 15:43:05Z INFO ProcessInvokerWrapper]   Keep redirected STDIN open: 'False'
[2025-03-19 15:43:05Z INFO ProcessInvokerWrapper]   High priority process: 'False'
[2025-03-19 15:43:05Z INFO ProcessInvokerWrapper] Updated oom_score_adj to 500 for PID: 2426571.
[2025-03-19 15:43:05Z INFO ProcessInvokerWrapper] Process started with process id 2426571, waiting for process exit.
[2025-03-19 15:43:05Z INFO JobServerQueue] Try to append 1 batches web console lines for record '683eacf8-04a4-44cc-986c-1f17da8f7168', success rate: 1/1.
[2025-03-19 15:43:05Z INFO JobServerQueue] Try to append 1 batches web console lines for record 'c3bb7692-1603-4989-98c1-e55925032386', success rate: 1/1.
[2025-03-19 15:43:05Z INFO JobServerQueue] Try to upload 1 log files or attachments, success rate: 1/1.
[2025-03-19 15:43:05Z INFO JobServerQueue] Try to append 1 batches web console lines for record 'c3bb7692-1603-4989-98c1-e55925032386', success rate: 1/1.
[2025-03-19 15:43:05Z INFO JobServerQueue] Got a step log file to send to results service.
[2025-03-19 15:43:05Z INFO JobServerQueue] Starting upload of step log file to results service ResultsLog, /home/jenny/tensorflow-mri/_diag/blocks/352e62ab-c249-47f2-bad9-fb15096f3ea3_683eacf8-04a4-44cc-986c-1f17da8f7168.1
[2025-03-19 15:43:06Z INFO JobServerQueue] Tried to upload 1 file(s) to results, success rate: 1/1.
[2025-03-19 15:43:07Z INFO JobServerQueue] Try to append 1 batches web console lines for record 'c3bb7692-1603-4989-98c1-e55925032386', success rate: 1/1.
[2025-03-19 15:43:08Z INFO JobServerQueue] Try to append 1 batches web console lines for record 'c3bb7692-1603-4989-98c1-e55925032386', success rate: 1/1.
[2025-03-19 15:43:09Z INFO JobServerQueue] Try to append 1 batches web console lines for record 'c3bb7692-1603-4989-98c1-e55925032386', success rate: 1/1.
[2025-03-19 15:43:12Z INFO HostContext] Well known directory 'Bin': '/home/jenny/tensorflow-mri/bin'
[2025-03-19 15:43:12Z INFO HostContext] Well known directory 'Root': '/home/jenny/tensorflow-mri'
[2025-03-19 15:43:12Z INFO HostContext] Well known directory 'Work': '/home/jenny/tensorflow-mri/_work'
[2025-03-19 15:43:20Z INFO JobServerQueue] Try to append 1 batches web console lines for record 'c3bb7692-1603-4989-98c1-e55925032386', success rate: 1/1.
[2025-03-19 15:43:21Z INFO JobServerQueue] Try to append 1 batches web console lines for record 'c3bb7692-1603-4989-98c1-e55925032386', success rate: 1/1.
[2025-03-19 15:43:22Z INFO HostContext] Well known directory 'Bin': '/home/jenny/tensorflow-mri/bin'
[2025-03-19 15:43:22Z INFO HostContext] Well known directory 'Root': '/home/jenny/tensorflow-mri'
[2025-03-19 15:43:22Z INFO HostContext] Well known directory 'Work': '/home/jenny/tensorflow-mri/_work'
[2025-03-19 15:43:32Z INFO HostContext] Well known directory 'Bin': '/home/jenny/tensorflow-mri/bin'
[2025-03-19 15:43:32Z INFO HostContext] Well known directory 'Root': '/home/jenny/tensorflow-mri'
[2025-03-19 15:43:32Z INFO HostContext] Well known directory 'Work': '/home/jenny/tensorflow-mri/_work'
[2025-03-19 15:43:32Z INFO JobServerQueue] Try to append 1 batches web console lines for record 'c3bb7692-1603-4989-98c1-e55925032386', success rate: 1/1.
[2025-03-19 15:43:42Z INFO HostContext] Well known directory 'Bin': '/home/jenny/tensorflow-mri/bin'
[2025-03-19 15:43:42Z INFO HostContext] Well known directory 'Root': '/home/jenny/tensorflow-mri'
[2025-03-19 15:43:42Z INFO HostContext] Well known directory 'Work': '/home/jenny/tensorflow-mri/_work'
[2025-03-19 15:43:44Z INFO JobServerQueue] Try to append 1 batches web console lines for record 'c3bb7692-1603-4989-98c1-e55925032386', success rate: 1/1.
[2025-03-19 15:43:48Z INFO JobServerQueue] Try to append 1 batches web console lines for record 'c3bb7692-1603-4989-98c1-e55925032386', success rate: 1/1.
[2025-03-19 15:43:49Z INFO JobServerQueue] Try to append 1 batches web console lines for record 'c3bb7692-1603-4989-98c1-e55925032386', success rate: 1/1.
[2025-03-19 15:43:49Z INFO JobServerQueue] Try to append 1 batches web console lines for record 'c3bb7692-1603-4989-98c1-e55925032386', success rate: 1/1.
[2025-03-19 15:43:50Z INFO JobServerQueue] Try to append 1 batches web console lines for record 'c3bb7692-1603-4989-98c1-e55925032386', success rate: 1/1.
[2025-03-19 15:43:50Z INFO JobServerQueue] Try to append 1 batches web console lines for record 'c3bb7692-1603-4989-98c1-e55925032386', success rate: 1/1.
[2025-03-19 15:43:51Z INFO JobServerQueue] Try to append 1 batches web console lines for record 'c3bb7692-1603-4989-98c1-e55925032386', success rate: 1/1.
[2025-03-19 15:43:51Z INFO JobServerQueue] Try to append 1 batches web console lines for record 'c3bb7692-1603-4989-98c1-e55925032386', success rate: 1/1.
[2025-03-19 15:43:52Z INFO JobServerQueue] Try to append 1 batches web console lines for record 'c3bb7692-1603-4989-98c1-e55925032386', success rate: 1/1.
[2025-03-19 15:43:52Z INFO HostContext] Well known directory 'Bin': '/home/jenny/tensorflow-mri/bin'
[2025-03-19 15:43:52Z INFO HostContext] Well known directory 'Root': '/home/jenny/tensorflow-mri'
[2025-03-19 15:43:52Z INFO HostContext] Well known directory 'Work': '/home/jenny/tensorflow-mri/_work'
[2025-03-19 15:43:52Z INFO JobServerQueue] Try to append 1 batches web console lines for record 'c3bb7692-1603-4989-98c1-e55925032386', success rate: 1/1.
[2025-03-19 15:43:53Z INFO JobServerQueue] Try to append 1 batches web console lines for record 'c3bb7692-1603-4989-98c1-e55925032386', success rate: 1/1.
[2025-03-19 15:43:53Z INFO JobServerQueue] Try to append 1 batches web console lines for record 'c3bb7692-1603-4989-98c1-e55925032386', success rate: 1/1.
[2025-03-19 15:43:54Z INFO JobServerQueue] Try to append 1 batches web console lines for record 'c3bb7692-1603-4989-98c1-e55925032386', success rate: 1/1.
[2025-03-19 15:43:54Z INFO JobServerQueue] Try to append 1 batches web console lines for record 'c3bb7692-1603-4989-98c1-e55925032386', success rate: 1/1.
[2025-03-19 15:43:55Z INFO JobServerQueue] Try to append 1 batches web console lines for record 'c3bb7692-1603-4989-98c1-e55925032386', success rate: 1/1.
[2025-03-19 15:43:55Z INFO JobServerQueue] Try to append 1 batches web console lines for record 'c3bb7692-1603-4989-98c1-e55925032386', success rate: 1/1.
[2025-03-19 15:43:56Z INFO JobServerQueue] Try to append 3 batches web console lines for record 'c3bb7692-1603-4989-98c1-e55925032386', success rate: 3/3.
[2025-03-19 15:43:56Z INFO JobServerQueue] Try to append 1 batches web console lines for record 'c3bb7692-1603-4989-98c1-e55925032386', success rate: 1/1.
[2025-03-19 15:43:57Z INFO JobServerQueue] Try to append 1 batches web console lines for record 'c3bb7692-1603-4989-98c1-e55925032386', success rate: 1/1.
[2025-03-19 15:43:57Z INFO JobServerQueue] Try to append 1 batches web console lines for record 'c3bb7692-1603-4989-98c1-e55925032386', success rate: 1/1.
[2025-03-19 15:43:58Z INFO JobServerQueue] Try to append 1 batches web console lines for record 'c3bb7692-1603-4989-98c1-e55925032386', success rate: 1/1.
[2025-03-19 15:43:58Z INFO JobServerQueue] Try to append 1 batches web console lines for record 'c3bb7692-1603-4989-98c1-e55925032386', success rate: 1/1.
[2025-03-19 15:43:59Z INFO JobServerQueue] Try to append 1 batches web console lines for record 'c3bb7692-1603-4989-98c1-e55925032386', success rate: 1/1.
[2025-03-19 15:43:59Z INFO JobServerQueue] Try to append 1 batches web console lines for record 'c3bb7692-1603-4989-98c1-e55925032386', success rate: 1/1.
[2025-03-19 15:44:00Z INFO JobServerQueue] Try to append 1 batches web console lines for record 'c3bb7692-1603-4989-98c1-e55925032386', success rate: 1/1.
[2025-03-19 15:44:00Z INFO JobServerQueue] Try to append 1 batches web console lines for record 'c3bb7692-1603-4989-98c1-e55925032386', success rate: 1/1.
[2025-03-19 15:44:01Z INFO JobServerQueue] Try to append 1 batches web console lines for record 'c3bb7692-1603-4989-98c1-e55925032386', success rate: 1/1.
[2025-03-19 15:44:01Z INFO JobServerQueue] Try to append 1 batches web console lines for record 'c3bb7692-1603-4989-98c1-e55925032386', success rate: 1/1.
[2025-03-19 15:44:02Z INFO JobServerQueue] Try to append 1 batches web console lines for record 'c3bb7692-1603-4989-98c1-e55925032386', success rate: 1/1.
[2025-03-19 15:44:02Z INFO HostContext] Well known directory 'Bin': '/home/jenny/tensorflow-mri/bin'
[2025-03-19 15:44:02Z INFO HostContext] Well known directory 'Root': '/home/jenny/tensorflow-mri'
[2025-03-19 15:44:02Z INFO HostContext] Well known directory 'Work': '/home/jenny/tensorflow-mri/_work'
[2025-03-19 15:44:02Z INFO JobServerQueue] Try to append 1 batches web console lines for record 'c3bb7692-1603-4989-98c1-e55925032386', success rate: 1/1.
[2025-03-19 15:44:03Z INFO JobServerQueue] Try to append 1 batches web console lines for record 'c3bb7692-1603-4989-98c1-e55925032386', success rate: 1/1.
[2025-03-19 15:44:03Z INFO JobServerQueue] Try to append 1 batches web console lines for record 'c3bb7692-1603-4989-98c1-e55925032386', success rate: 1/1.
[2025-03-19 15:44:04Z INFO JobServerQueue] Try to append 1 batches web console lines for record 'c3bb7692-1603-4989-98c1-e55925032386', success rate: 1/1.
[2025-03-19 15:44:04Z INFO JobServerQueue] Try to append 1 batches web console lines for record 'c3bb7692-1603-4989-98c1-e55925032386', success rate: 1/1.
[2025-03-19 15:44:05Z INFO JobServerQueue] Try to append 1 batches web console lines for record 'c3bb7692-1603-4989-98c1-e55925032386', success rate: 1/1.
[2025-03-19 15:44:05Z INFO JobServerQueue] Try to append 1 batches web console lines for record 'c3bb7692-1603-4989-98c1-e55925032386', success rate: 1/1.
[2025-03-19 15:44:06Z INFO JobServerQueue] Try to append 1 batches web console lines for record 'c3bb7692-1603-4989-98c1-e55925032386', success rate: 1/1.
[2025-03-19 15:44:06Z INFO JobServerQueue] Try to append 1 batches web console lines for record 'c3bb7692-1603-4989-98c1-e55925032386', success rate: 1/1.
[2025-03-19 15:44:07Z INFO JobServerQueue] Try to append 1 batches web console lines for record 'c3bb7692-1603-4989-98c1-e55925032386', success rate: 1/1.
[2025-03-19 15:44:07Z INFO JobServerQueue] Try to append 1 batches web console lines for record 'c3bb7692-1603-4989-98c1-e55925032386', success rate: 1/1.
[2025-03-19 15:44:08Z INFO JobServerQueue] Try to append 1 batches web console lines for record 'c3bb7692-1603-4989-98c1-e55925032386', success rate: 1/1.
[2025-03-19 15:44:08Z INFO JobServerQueue] Try to append 1 batches web console lines for record 'c3bb7692-1603-4989-98c1-e55925032386', success rate: 1/1.
[2025-03-19 15:44:09Z INFO JobServerQueue] Try to append 1 batches web console lines for record 'c3bb7692-1603-4989-98c1-e55925032386', success rate: 1/1.
[2025-03-19 15:44:09Z INFO JobServerQueue] Try to append 1 batches web console lines for record 'c3bb7692-1603-4989-98c1-e55925032386', success rate: 1/1.
[2025-03-19 15:44:10Z INFO JobServerQueue] Try to append 1 batches web console lines for record 'c3bb7692-1603-4989-98c1-e55925032386', success rate: 1/1.
[2025-03-19 15:44:10Z INFO JobServerQueue] Try to append 1 batches web console lines for record 'c3bb7692-1603-4989-98c1-e55925032386', success rate: 1/1.
[2025-03-19 15:44:11Z INFO JobServerQueue] Try to append 1 batches web console lines for record 'c3bb7692-1603-4989-98c1-e55925032386', success rate: 1/1.
[2025-03-19 15:44:11Z INFO JobServerQueue] Try to append 1 batches web console lines for record 'c3bb7692-1603-4989-98c1-e55925032386', success rate: 1/1.
[2025-03-19 15:44:12Z INFO JobServerQueue] Try to append 1 batches web console lines for record 'c3bb7692-1603-4989-98c1-e55925032386', success rate: 1/1.
[2025-03-19 15:44:12Z INFO HostContext] Well known directory 'Bin': '/home/jenny/tensorflow-mri/bin'
[2025-03-19 15:44:12Z INFO HostContext] Well known directory 'Root': '/home/jenny/tensorflow-mri'
[2025-03-19 15:44:12Z INFO HostContext] Well known directory 'Work': '/home/jenny/tensorflow-mri/_work'
[2025-03-19 15:44:12Z INFO JobServerQueue] Try to append 1 batches web console lines for record 'c3bb7692-1603-4989-98c1-e55925032386', success rate: 1/1.
[2025-03-19 15:44:13Z INFO JobServerQueue] Try to append 1 batches web console lines for record 'c3bb7692-1603-4989-98c1-e55925032386', success rate: 1/1.
[2025-03-19 15:44:13Z INFO JobServerQueue] Try to append 1 batches web console lines for record 'c3bb7692-1603-4989-98c1-e55925032386', success rate: 1/1.
[2025-03-19 15:44:14Z INFO JobServerQueue] Try to append 1 batches web console lines for record 'c3bb7692-1603-4989-98c1-e55925032386', success rate: 1/1.
[2025-03-19 15:44:15Z INFO JobServerQueue] Try to append 1 batches web console lines for record 'c3bb7692-1603-4989-98c1-e55925032386', success rate: 1/1.
[2025-03-19 15:44:15Z INFO JobServerQueue] Try to append 1 batches web console lines for record 'c3bb7692-1603-4989-98c1-e55925032386', success rate: 1/1.
[2025-03-19 15:44:16Z INFO JobServerQueue] Try to append 1 batches web console lines for record 'c3bb7692-1603-4989-98c1-e55925032386', success rate: 1/1.
[2025-03-19 15:44:17Z INFO JobServerQueue] Try to append 1 batches web console lines for record 'c3bb7692-1603-4989-98c1-e55925032386', success rate: 1/1.
[2025-03-19 15:44:18Z INFO JobServerQueue] Try to append 1 batches web console lines for record 'c3bb7692-1603-4989-98c1-e55925032386', success rate: 1/1.
[2025-03-19 15:44:19Z INFO ProcessInvokerWrapper] STDOUT/STDERR stream read finished.
[2025-03-19 15:44:19Z INFO ProcessInvokerWrapper] STDOUT/STDERR stream read finished.
[2025-03-19 15:44:19Z INFO ProcessInvokerWrapper] Finished process 2426571 with exit code 0, and elapsed time 00:01:14.3962847.
[2025-03-19 15:44:19Z INFO CreateStepSummaryCommand] Step Summary file (/home/jenny/tensorflow-mri/_work/_temp/_runner_file_commands/step_summary_36748466-e6f4-4937-9ddc-cb80ad97505a) is empty; skipping attachment upload
[2025-03-19 15:44:19Z INFO StepsRunner] Step result: 
[2025-03-19 15:44:19Z INFO ExecutionContext] Publish step telemetry for current step {
  "action": "sh",
  "type": "run",
  "stage": "Main",
  "stepId": "c3bb7692-1603-4989-98c1-e55925032386",
  "stepContextName": "__run_6",
  "result": "succeeded",
  "errorMessages": [],
  "executionTimeInSeconds": 75,
  "startTime": "2025-03-19T15:43:05.0119605Z",
  "finishTime": "2025-03-19T15:44:19.4119668Z"
}.
[2025-03-19 15:44:19Z INFO StepsRunner] No need for updating job result with current step result 'Succeeded'.
[2025-03-19 15:44:19Z INFO StepsRunner] Current state: job state = ''
[2025-03-19 15:44:19Z INFO StepsRunner] Processing step: DisplayName='Upload wheel'
[2025-03-19 15:44:19Z INFO StepsRunner] Evaluating: (success() && startsWith(github.ref, 'refs/tags'))
[2025-03-19 15:44:19Z INFO StepsRunner] Expanded: (true && startsWith('refs/heads/master', 'refs/tags'))
[2025-03-19 15:44:19Z INFO StepsRunner] Result: false
[2025-03-19 15:44:19Z INFO StepsRunner] Skipping step due to condition evaluation.
[2025-03-19 15:44:19Z INFO StepsRunner] No need for updating job result with current step result 'Skipped'.
[2025-03-19 15:44:19Z INFO StepsRunner] Current state: job state = ''
[2025-03-19 15:44:19Z INFO StepsRunner] Processing step: DisplayName='Upload docs'
[2025-03-19 15:44:19Z INFO StepsRunner] Evaluating: (success() && startsWith(github.ref, 'refs/tags') && (matrix.py_version == 3.9))
[2025-03-19 15:44:19Z INFO StepsRunner] Expanded: (true && startsWith('refs/heads/master', 'refs/tags') && (matrix['py_version'] == 3.9))
[2025-03-19 15:44:19Z INFO StepsRunner] Result: false
[2025-03-19 15:44:19Z INFO StepsRunner] Skipping step due to condition evaluation.
[2025-03-19 15:44:19Z INFO StepsRunner] No need for updating job result with current step result 'Skipped'.
[2025-03-19 15:44:19Z INFO StepsRunner] Current state: job state = ''
[2025-03-19 15:44:19Z INFO StepsRunner] Processing step: DisplayName='Publish to Test PyPI'
[2025-03-19 15:44:19Z INFO StepsRunner] Evaluating: success()
[2025-03-19 15:44:19Z INFO StepsRunner] Result: true
[2025-03-19 15:44:19Z INFO StepsRunner] Starting the step.
[2025-03-19 15:44:19Z INFO HostContext] Well known directory 'Bin': '/home/jenny/tensorflow-mri/bin'
[2025-03-19 15:44:19Z INFO HostContext] Well known directory 'Root': '/home/jenny/tensorflow-mri'
[2025-03-19 15:44:19Z INFO HostContext] Well known directory 'Work': '/home/jenny/tensorflow-mri/_work'
[2025-03-19 15:44:19Z INFO HostContext] Well known directory 'Actions': '/home/jenny/tensorflow-mri/_work/_actions'
[2025-03-19 15:44:19Z INFO ActionManager] Load action that reference repository from '/home/jenny/tensorflow-mri/_work/_actions/pypa/gh-action-pypi-publish/release/v1.7'
[2025-03-19 15:44:19Z INFO HostContext] Well known directory 'Bin': '/home/jenny/tensorflow-mri/bin'
[2025-03-19 15:44:19Z INFO HostContext] Well known directory 'Root': '/home/jenny/tensorflow-mri'
[2025-03-19 15:44:19Z INFO HostContext] Well known directory 'Work': '/home/jenny/tensorflow-mri/_work'
[2025-03-19 15:44:19Z INFO HostContext] Well known directory 'Actions': '/home/jenny/tensorflow-mri/_work/_actions'
[2025-03-19 15:44:19Z INFO ActionManifestManager] Ignore action property branding.
[2025-03-19 15:44:19Z INFO ActionManifestManager] Loaded action.yml file: {
  "name": "pypi-publish",
  "description": "Upload Python distribution packages to PyPI",
  "inputs": {
    "type": 2,
    "map": [
      {
        "key": {
          "type": 0,
          "file": 4,
          "line": 5,
          "col": 3,
          "lit": "user"
        },
        "value": {
          "type": 0,
          "file": 4,
          "line": 8,
          "col": 14,
          "lit": "__token__"
        }
      },
      {
        "key": {
          "type": 0,
          "file": 4,
          "line": 9,
          "col": 3,
          "lit": "password"
        },
        "value": ""
      },
      {
        "key": {
          "type": 0,
          "file": 4,
          "line": 12,
          "col": 3,
          "lit": "repository-url"
        },
        "value": ""
      },
      {
        "key": {
          "type": 0,
          "file": 4,
          "line": 15,
          "col": 3,
          "lit": "repository_url"
        },
        "value": ""
      },
      {
        "key": {
          "type": 0,
          "file": 4,
          "line": 23,
          "col": 3,
          "lit": "packages-dir"
        },
        "value": ""
      },
      {
        "key": {
          "type": 0,
          "file": 4,
          "line": 27,
          "col": 3,
          "lit": "packages_dir"
        },
        "value": {
          "type": 0,
          "file": 4,
          "line": 35,
          "col": 14,
          "lit": "dist"
        }
      },
      {
        "key": {
          "type": 0,
          "file": 4,
          "line": 36,
          "col": 3,
          "lit": "verify-metadata"
        },
        "value": ""
      },
      {
        "key": {
          "type": 0,
          "file": 4,
          "line": 40,
          "col": 3,
          "lit": "verify_metadata"
        },
        "value": {
          "type": 0,
          "file": 4,
          "line": 48,
          "col": 14,
          "lit": "true"
        }
      },
      {
        "key": {
          "type": 0,
          "file": 4,
          "line": 49,
          "col": 3,
          "lit": "skip-existing"
        },
        "value": ""
      },
      {
        "key": {
          "type": 0,
          "file": 4,
          "line": 55,
          "col": 3,
          "lit": "skip_existing"
        },
        "value": {
          "type": 0,
          "file": 4,
          "line": 64,
          "col": 14,
          "lit": "false"
        }
      },
      {
        "key": {
          "type": 0,
          "file": 4,
          "line": 65,
          "col": 3,
          "lit": "verbose"
        },
        "value": {
          "type": 0,
          "file": 4,
          "line": 68,
          "col": 14,
          "lit": "false"
        }
      },
      {
        "key": {
          "type": 0,
          "file": 4,
          "line": 69,
          "col": 3,
          "lit": "print-hash"
        },
        "value": ""
      },
      {
        "key": {
          "type": 0,
          "file": 4,
          "line": 73,
          "col": 3,
          "lit": "print_hash"
        },
        "value": {
          "type": 0,
          "file": 4,
          "line": 81,
          "col": 14,
          "lit": "false"
        }
      }
    ]
  },
  "execution": {
    "executionType": "container",
    "hasPre": false,
    "hasPost": false,
    "image": "Dockerfile",
    "entryPoint": null,
    "arguments": {
      "type": 1,
      "file": 4,
      "line": 89,
      "col": 3,
      "seq": [
        {
          "type": 3,
          "file": 4,
          "line": 89,
          "col": 5,
          "expr": "inputs.user"
        },
        {
          "type": 3,
          "file": 4,
          "line": 90,
          "col": 5,
          "expr": "inputs.password"
        },
        {
          "type": 3,
          "file": 4,
          "line": 91,
          "col": 5,
          "expr": "inputs.repository-url"
        },
        {
          "type": 3,
          "file": 4,
          "line": 92,
          "col": 5,
          "expr": "inputs.packages-dir"
        },
        {
          "type": 3,
          "file": 4,
          "line": 93,
          "col": 5,
          "expr": "inputs.verify-metadata"
        },
        {
          "type": 3,
          "file": 4,
          "line": 94,
          "col": 5,
          "expr": "inputs.skip-existing"
        },
        {
          "type": 3,
          "file": 4,
          "line": 95,
          "col": 5,
          "expr": "inputs.verbose"
        },
        {
          "type": 3,
          "file": 4,
          "line": 96,
          "col": 5,
          "expr": "inputs.print-hash"
        }
      ]
    },
    "environment": null,
    "pre": null,
    "post": null,
    "cleanupCondition": "always()",
    "initCondition": "always()"
  },
  "deprecated": {
    "repository_url": "The inputs have been normalized to use kebab-case. Use `repository-url` instead.",
    "packages_dir": "The inputs have been normalized to use kebab-case. Use `packages-dir` instead.",
    "verify_metadata": "The inputs have been normalized to use kebab-case. Use `verify-metadata` instead.",
    "skip_existing": "The inputs have been normalized to use kebab-case. Use `skip-existing` instead.",
    "print_hash": "The inputs have been normalized to use kebab-case. Use `print-hash` instead."
  }
}
[2025-03-19 15:44:19Z INFO ActionManager] Action container Dockerfile/image: Dockerfile.
[2025-03-19 15:44:19Z INFO ActionManager] Action container args:  {
  "type": 1,
  "file": 4,
  "line": 89,
  "col": 3,
  "seq": [
    {
      "type": 3,
      "file": 4,
      "line": 89,
      "col": 5,
      "expr": "inputs.user"
    },
    {
      "type": 3,
      "file": 4,
      "line": 90,
      "col": 5,
      "expr": "inputs.password"
    },
    {
      "type": 3,
      "file": 4,
      "line": 91,
      "col": 5,
      "expr": "inputs.repository-url"
    },
    {
      "type": 3,
      "file": 4,
      "line": 92,
      "col": 5,
      "expr": "inputs.packages-dir"
    },
    {
      "type": 3,
      "file": 4,
      "line": 93,
      "col": 5,
      "expr": "inputs.verify-metadata"
    },
    {
      "type": 3,
      "file": 4,
      "line": 94,
      "col": 5,
      "expr": "inputs.skip-existing"
    },
    {
      "type": 3,
      "file": 4,
      "line": 95,
      "col": 5,
      "expr": "inputs.verbose"
    },
    {
      "type": 3,
      "file": 4,
      "line": 96,
      "col": 5,
      "expr": "inputs.print-hash"
    }
  ]
}.
[2025-03-19 15:44:19Z INFO ActionManager] Image 'Dockerfile' already built/pulled, use image: 6d202f:563e1271ce8642a5933ca6004cc527d3.
[2025-03-19 15:44:19Z INFO HostContext] Well known directory 'Bin': '/home/jenny/tensorflow-mri/bin'
[2025-03-19 15:44:19Z INFO HostContext] Well known directory 'Root': '/home/jenny/tensorflow-mri'
[2025-03-19 15:44:19Z INFO HostContext] Well known directory 'Work': '/home/jenny/tensorflow-mri/_work'
[2025-03-19 15:44:19Z INFO HostContext] Well known directory 'Temp': '/home/jenny/tensorflow-mri/_work/_temp'
[2025-03-19 15:44:19Z INFO ExecutionContext] Write event payload to /home/jenny/tensorflow-mri/_work/_temp/_github_workflow/event.json
[2025-03-19 15:44:19Z INFO HostContext] Well known directory 'Bin': '/home/jenny/tensorflow-mri/bin'
[2025-03-19 15:44:19Z INFO HostContext] Well known directory 'Root': '/home/jenny/tensorflow-mri'
[2025-03-19 15:44:19Z INFO HostContext] Well known directory 'Work': '/home/jenny/tensorflow-mri/_work'
[2025-03-19 15:44:19Z INFO HostContext] Well known directory 'Temp': '/home/jenny/tensorflow-mri/_work/_temp'
[2025-03-19 15:44:19Z INFO ExtensionManager] Getting extensions for interface: 'GitHub.Runner.Worker.IFileCommandExtension'
[2025-03-19 15:44:19Z INFO ActionManifestManager] Input 'user': default value evaluate result: {
  "type": 0,
  "file": 4,
  "line": 8,
  "col": 14,
  "lit": "__token__"
}
[2025-03-19 15:44:19Z INFO ActionManifestManager] Input 'repository_url': default value evaluate result: ""
[2025-03-19 15:44:19Z INFO ActionManifestManager] Input 'packages_dir': default value evaluate result: {
  "type": 0,
  "file": 4,
  "line": 35,
  "col": 14,
  "lit": "dist"
}
[2025-03-19 15:44:19Z INFO ActionManifestManager] Input 'verify-metadata': default value evaluate result: ""
[2025-03-19 15:44:19Z INFO ActionManifestManager] Input 'verify_metadata': default value evaluate result: {
  "type": 0,
  "file": 4,
  "line": 48,
  "col": 14,
  "lit": "true"
}
[2025-03-19 15:44:19Z INFO ActionManifestManager] Input 'skip_existing': default value evaluate result: {
  "type": 0,
  "file": 4,
  "line": 64,
  "col": 14,
  "lit": "false"
}
[2025-03-19 15:44:19Z INFO ActionManifestManager] Input 'verbose': default value evaluate result: {
  "type": 0,
  "file": 4,
  "line": 68,
  "col": 14,
  "lit": "false"
}
[2025-03-19 15:44:19Z INFO ActionManifestManager] Input 'print-hash': default value evaluate result: ""
[2025-03-19 15:44:19Z INFO ActionManifestManager] Input 'print_hash': default value evaluate result: {
  "type": 0,
  "file": 4,
  "line": 81,
  "col": 14,
  "lit": "false"
}
[2025-03-19 15:44:19Z INFO ExtensionManager] Getting extensions for interface: 'GitHub.Runner.Worker.IActionCommandExtension'
[2025-03-19 15:44:19Z INFO ActionCommandManager] Register action command extension for command internal-set-repo-path
[2025-03-19 15:44:19Z INFO ActionCommandManager] Register action command extension for command set-env
[2025-03-19 15:44:19Z INFO ActionCommandManager] Register action command extension for command set-output
[2025-03-19 15:44:19Z INFO ActionCommandManager] Register action command extension for command save-state
[2025-03-19 15:44:19Z INFO ActionCommandManager] Register action command extension for command add-path
[2025-03-19 15:44:19Z INFO ActionCommandManager] Register action command extension for command add-mask
[2025-03-19 15:44:19Z INFO ActionCommandManager] Register action command extension for command add-matcher
[2025-03-19 15:44:19Z INFO ActionCommandManager] Register action command extension for command remove-matcher
[2025-03-19 15:44:19Z INFO ActionCommandManager] Register action command extension for command warning
[2025-03-19 15:44:19Z INFO ActionCommandManager] Register action command extension for command error
[2025-03-19 15:44:19Z INFO ActionCommandManager] Register action command extension for command notice
[2025-03-19 15:44:19Z INFO ActionCommandManager] Register action command extension for command debug
[2025-03-19 15:44:19Z INFO ActionCommandManager] Register action command extension for command group
[2025-03-19 15:44:19Z INFO ActionCommandManager] Register action command extension for command endgroup
[2025-03-19 15:44:19Z INFO ActionCommandManager] Register action command extension for command echo
[2025-03-19 15:44:19Z INFO ActionManifestManager] Arguments evaluate result: {
  "type": 1,
  "file": 4,
  "line": 89,
  "col": 3,
  "seq": [
    {
      "type": 0,
      "file": 4,
      "line": 89,
      "col": 5,
      "lit": "__token__"
    },
    {
      "type": 0,
      "file": 4,
      "line": 90,
      "col": 5,
      "lit": "***"
    },
    {
      "type": 0,
      "file": 4,
      "line": 91,
      "col": 5,
      "lit": "https://test.pypi.org/legacy/"
    },
    {
      "type": 0,
      "file": 4,
      "line": 92,
      "col": 5,
      "lit": "artifacts/"
    },
    {
      "type": 0,
      "file": 4,
      "line": 93,
      "col": 5,
      "lit": ""
    },
    {
      "type": 0,
      "file": 4,
      "line": 94,
      "col": 5,
      "lit": "true"
    },
    {
      "type": 0,
      "file": 4,
      "line": 95,
      "col": 5,
      "lit": "false"
    },
    {
      "type": 0,
      "file": 4,
      "line": 96,
      "col": 5,
      "lit": ""
    }
  ]
}
[2025-03-19 15:44:19Z INFO ActionManifestManager] Add argument __token__
[2025-03-19 15:44:19Z INFO ActionManifestManager] Add argument ***
[2025-03-19 15:44:19Z INFO ActionManifestManager] Add argument https://test.pypi.org/legacy/
[2025-03-19 15:44:19Z INFO ActionManifestManager] Add argument artifacts/
[2025-03-19 15:44:19Z INFO ActionManifestManager] Add argument 
[2025-03-19 15:44:19Z INFO ActionManifestManager] Add argument true
[2025-03-19 15:44:19Z INFO ActionManifestManager] Add argument false
[2025-03-19 15:44:19Z INFO ActionManifestManager] Add argument 
[2025-03-19 15:44:19Z INFO HostContext] Well known directory 'Bin': '/home/jenny/tensorflow-mri/bin'
[2025-03-19 15:44:19Z INFO HostContext] Well known directory 'Root': '/home/jenny/tensorflow-mri'
[2025-03-19 15:44:19Z INFO HostContext] Well known directory 'Work': '/home/jenny/tensorflow-mri/_work'
[2025-03-19 15:44:19Z INFO HostContext] Well known directory 'Temp': '/home/jenny/tensorflow-mri/_work/_temp'
[2025-03-19 15:44:19Z INFO ProcessInvokerWrapper] Starting process:
[2025-03-19 15:44:19Z INFO ProcessInvokerWrapper]   File name: '/usr/bin/docker'
[2025-03-19 15:44:19Z INFO ProcessInvokerWrapper]   Arguments: 'run --name d202f563e1271ce8642a5933ca6004cc527d3_ec89ef --label 6d202f --workdir /github/workspace --rm -e "PYTHON" -e "INPUT_PASSWORD" -e "INPUT_REPOSITORY-URL" -e "INPUT_PACKAGES-DIR" -e "INPUT_SKIP-EXISTING" -e "INPUT_USER" -e "INPUT_REPOSITORY_URL" -e "INPUT_PACKAGES_DIR" -e "INPUT_VERIFY-METADATA" -e "INPUT_VERIFY_METADATA" -e "INPUT_SKIP_EXISTING" -e "INPUT_VERBOSE" -e "INPUT_PRINT-HASH" -e "INPUT_PRINT_HASH" -e "HOME" -e "GITHUB_JOB" -e "GITHUB_REF" -e "GITHUB_SHA" -e "GITHUB_REPOSITORY" -e "GITHUB_REPOSITORY_OWNER" -e "GITHUB_REPOSITORY_OWNER_ID" -e "GITHUB_RUN_ID" -e "GITHUB_RUN_NUMBER" -e "GITHUB_RETENTION_DAYS" -e "GITHUB_RUN_ATTEMPT" -e "GITHUB_ACTOR_ID" -e "GITHUB_ACTOR" -e "GITHUB_WORKFLOW" -e "GITHUB_HEAD_REF" -e "GITHUB_BASE_REF" -e "GITHUB_EVENT_NAME" -e "GITHUB_SERVER_URL" -e "GITHUB_API_URL" -e "GITHUB_GRAPHQL_URL" -e "GITHUB_REF_NAME" -e "GITHUB_REF_PROTECTED" -e "GITHUB_REF_TYPE" -e "GITHUB_WORKFLOW_REF" -e "GITHUB_WORKFLOW_SHA" -e "GITHUB_REPOSITORY_ID" -e "GITHUB_TRIGGERING_ACTOR" -e "GITHUB_WORKSPACE" -e "GITHUB_ACTION" -e "GITHUB_EVENT_PATH" -e "GITHUB_ACTION_REPOSITORY" -e "GITHUB_ACTION_REF" -e "GITHUB_PATH" -e "GITHUB_ENV" -e "GITHUB_STEP_SUMMARY" -e "GITHUB_STATE" -e "GITHUB_OUTPUT" -e "RUNNER_OS" -e "RUNNER_ARCH" -e "RUNNER_NAME" -e "RUNNER_ENVIRONMENT" -e "RUNNER_TOOL_CACHE" -e "RUNNER_TEMP" -e "RUNNER_WORKSPACE" -e "ACTIONS_RUNTIME_URL" -e "ACTIONS_RUNTIME_TOKEN" -e "ACTIONS_CACHE_URL" -e "ACTIONS_RESULTS_URL" -e GITHUB_ACTIONS=true -e CI=true --network github_network_dfde4cb042414b02adba42278bbe83e3 -v "/var/run/docker.sock":"/var/run/docker.sock" -v "/home/jenny/tensorflow-mri/_work/_temp/_github_home":"/github/home" -v "/home/jenny/tensorflow-mri/_work/_temp/_github_workflow":"/github/workflow" -v "/home/jenny/tensorflow-mri/_work/_temp/_runner_file_commands":"/github/file_commands" -v "/home/jenny/tensorflow-mri/_work/tensorflow-mri/tensorflow-mri":"/github/workspace" 6d202f:563e1271ce8642a5933ca6004cc527d3  "__token__" "***" "https://test.pypi.org/legacy/" "artifacts/" "" "true" "false" ""'
[2025-03-19 15:44:19Z INFO ProcessInvokerWrapper]   Working directory: '/home/jenny/tensorflow-mri/_work/tensorflow-mri/tensorflow-mri'
[2025-03-19 15:44:19Z INFO ProcessInvokerWrapper]   Require exit code zero: 'False'
[2025-03-19 15:44:19Z INFO ProcessInvokerWrapper]   Encoding web name:  ; code page: ''
[2025-03-19 15:44:19Z INFO ProcessInvokerWrapper]   Force kill process on cancellation: 'False'
[2025-03-19 15:44:19Z INFO ProcessInvokerWrapper]   Redirected STDIN: 'False'
[2025-03-19 15:44:19Z INFO ProcessInvokerWrapper]   Persist current code page: 'False'
[2025-03-19 15:44:19Z INFO ProcessInvokerWrapper]   Keep redirected STDIN open: 'False'
[2025-03-19 15:44:19Z INFO ProcessInvokerWrapper]   High priority process: 'False'
[2025-03-19 15:44:19Z INFO ProcessInvokerWrapper] Updated oom_score_adj to 500 for PID: 2427504.
[2025-03-19 15:44:19Z INFO ProcessInvokerWrapper] Process started with process id 2427504, waiting for process exit.
[2025-03-19 15:44:19Z INFO JobServerQueue] Try to upload 1 log files or attachments, success rate: 1/1.
[2025-03-19 15:44:19Z INFO JobServerQueue] Try to append 1 batches web console lines for record 'c3bb7692-1603-4989-98c1-e55925032386', success rate: 1/1.
[2025-03-19 15:44:19Z INFO JobServerQueue] Try to append 1 batches web console lines for record '7fb4f7eb-691c-4529-a577-6e4ec131b8a0', success rate: 1/1.
[2025-03-19 15:44:20Z INFO JobServerQueue] Got a step log file to send to results service.
[2025-03-19 15:44:20Z INFO JobServerQueue] Starting upload of step log file to results service ResultsLog, /home/jenny/tensorflow-mri/_diag/blocks/352e62ab-c249-47f2-bad9-fb15096f3ea3_c3bb7692-1603-4989-98c1-e55925032386.1
[2025-03-19 15:44:20Z INFO JobServerQueue] Try to append 1 batches web console lines for record '7fb4f7eb-691c-4529-a577-6e4ec131b8a0', success rate: 1/1.
[2025-03-19 15:44:21Z INFO JobServerQueue] Try to append 1 batches web console lines for record '7fb4f7eb-691c-4529-a577-6e4ec131b8a0', success rate: 1/1.
[2025-03-19 15:44:21Z INFO JobServerQueue] Tried to upload 1 file(s) to results, success rate: 1/1.
[2025-03-19 15:44:21Z INFO JobServerQueue] Try to append 1 batches web console lines for record '7fb4f7eb-691c-4529-a577-6e4ec131b8a0', success rate: 1/1.
[2025-03-19 15:44:21Z INFO ProcessInvokerWrapper] STDOUT/STDERR stream read finished.
[2025-03-19 15:44:21Z INFO ProcessInvokerWrapper] STDOUT/STDERR stream read finished.
[2025-03-19 15:44:21Z INFO ProcessInvokerWrapper] Finished process 2427504 with exit code 0, and elapsed time 00:00:02.4575318.
[2025-03-19 15:44:21Z INFO CreateStepSummaryCommand] Step Summary file (/home/jenny/tensorflow-mri/_work/_temp/_runner_file_commands/step_summary_48e321c2-1c7e-4331-8745-9fe0dd8198af) is empty; skipping attachment upload
[2025-03-19 15:44:21Z INFO StepsRunner] Step result: 
[2025-03-19 15:44:21Z INFO ExecutionContext] Publish step telemetry for current step {
  "action": "pypa/gh-action-pypi-publish",
  "ref": "release/v1.7",
  "type": "Dockerfile",
  "stage": "Main",
  "stepId": "7fb4f7eb-691c-4529-a577-6e4ec131b8a0",
  "stepContextName": "__pypa_gh-action-pypi-publish",
  "hasPreStep": false,
  "hasPostStep": false,
  "result": "succeeded",
  "errorMessages": [],
  "executionTimeInSeconds": 3,
  "startTime": "2025-03-19T15:44:19.4152161Z",
  "finishTime": "2025-03-19T15:44:21.8879156Z"
}.
[2025-03-19 15:44:21Z INFO StepsRunner] No need for updating job result with current step result 'Succeeded'.
[2025-03-19 15:44:21Z INFO StepsRunner] Current state: job state = ''
[2025-03-19 15:44:21Z INFO StepsRunner] Processing step: DisplayName='Post Checkout code'
[2025-03-19 15:44:21Z INFO StepsRunner] Evaluating: always()
[2025-03-19 15:44:21Z INFO StepsRunner] Result: true
[2025-03-19 15:44:21Z INFO StepsRunner] Starting the step.
[2025-03-19 15:44:21Z INFO HostContext] Well known directory 'Bin': '/home/jenny/tensorflow-mri/bin'
[2025-03-19 15:44:21Z INFO HostContext] Well known directory 'Root': '/home/jenny/tensorflow-mri'
[2025-03-19 15:44:21Z INFO HostContext] Well known directory 'Work': '/home/jenny/tensorflow-mri/_work'
[2025-03-19 15:44:21Z INFO HostContext] Well known directory 'Actions': '/home/jenny/tensorflow-mri/_work/_actions'
[2025-03-19 15:44:21Z INFO ActionManager] Load action that reference repository from '/home/jenny/tensorflow-mri/_work/_actions/actions/checkout/v4'
[2025-03-19 15:44:21Z INFO HostContext] Well known directory 'Bin': '/home/jenny/tensorflow-mri/bin'
[2025-03-19 15:44:21Z INFO HostContext] Well known directory 'Root': '/home/jenny/tensorflow-mri'
[2025-03-19 15:44:21Z INFO HostContext] Well known directory 'Work': '/home/jenny/tensorflow-mri/_work'
[2025-03-19 15:44:21Z INFO HostContext] Well known directory 'Actions': '/home/jenny/tensorflow-mri/_work/_actions'
[2025-03-19 15:44:21Z INFO ActionManifestManager] Loaded action.yml file: {
  "name": "Checkout",
  "description": "Checkout a Git repository at a particular version",
  "inputs": {
    "type": 2,
    "map": [
      {
        "key": {
          "type": 0,
          "file": 2,
          "line": 4,
          "col": 3,
          "lit": "repository"
        },
        "value": {
          "type": 3,
          "file": 2,
          "line": 6,
          "col": 14,
          "expr": "github.repository"
        }
      },
      {
        "key": {
          "type": 0,
          "file": 2,
          "line": 7,
          "col": 3,
          "lit": "ref"
        },
        "value": ""
      },
      {
        "key": {
          "type": 0,
          "file": 2,
          "line": 12,
          "col": 3,
          "lit": "token"
        },
        "value": {
          "type": 3,
          "file": 2,
          "line": 24,
          "col": 14,
          "expr": "github.token"
        }
      },
      {
        "key": {
          "type": 0,
          "file": 2,
          "line": 25,
          "col": 3,
          "lit": "ssh-key"
        },
        "value": ""
      },
      {
        "key": {
          "type": 0,
          "file": 2,
          "line": 37,
          "col": 3,
          "lit": "ssh-known-hosts"
        },
        "value": ""
      },
      {
        "key": {
          "type": 0,
          "file": 2,
          "line": 42,
          "col": 3,
          "lit": "ssh-strict"
        },
        "value": {
          "type": 0,
          "file": 2,
          "line": 47,
          "col": 14,
          "lit": "true"
        }
      },
      {
        "key": {
          "type": 0,
          "file": 2,
          "line": 48,
          "col": 3,
          "lit": "ssh-user"
        },
        "value": {
          "type": 0,
          "file": 2,
          "line": 51,
          "col": 14,
          "lit": "git"
        }
      },
      {
        "key": {
          "type": 0,
          "file": 2,
          "line": 52,
          "col": 3,
          "lit": "persist-credentials"
        },
        "value": {
          "type": 0,
          "file": 2,
          "line": 54,
          "col": 14,
          "lit": "true"
        }
      },
      {
        "key": {
          "type": 0,
          "file": 2,
          "line": 55,
          "col": 3,
          "lit": "path"
        },
        "value": ""
      },
      {
        "key": {
          "type": 0,
          "file": 2,
          "line": 57,
          "col": 3,
          "lit": "clean"
        },
        "value": {
          "type": 0,
          "file": 2,
          "line": 59,
          "col": 14,
          "lit": "true"
        }
      },
      {
        "key": {
          "type": 0,
          "file": 2,
          "line": 60,
          "col": 3,
          "lit": "filter"
        },
        "value": {
          "type": 0,
          "file": 2,
          "line": 64,
          "col": 14,
          "lit": ""
        }
      },
      {
        "key": {
          "type": 0,
          "file": 2,
          "line": 65,
          "col": 3,
          "lit": "sparse-checkout"
        },
        "value": {
          "type": 0,
          "file": 2,
          "line": 69,
          "col": 14,
          "lit": ""
        }
      },
      {
        "key": {
          "type": 0,
          "file": 2,
          "line": 70,
          "col": 3,
          "lit": "sparse-checkout-cone-mode"
        },
        "value": {
          "type": 0,
          "file": 2,
          "line": 73,
          "col": 14,
          "lit": "true"
        }
      },
      {
        "key": {
          "type": 0,
          "file": 2,
          "line": 74,
          "col": 3,
          "lit": "fetch-depth"
        },
        "value": {
          "type": 0,
          "file": 2,
          "line": 76,
          "col": 14,
          "lit": "1"
        }
      },
      {
        "key": {
          "type": 0,
          "file": 2,
          "line": 77,
          "col": 3,
          "lit": "fetch-tags"
        },
        "value": {
          "type": 0,
          "file": 2,
          "line": 79,
          "col": 14,
          "lit": "false"
        }
      },
      {
        "key": {
          "type": 0,
          "file": 2,
          "line": 80,
          "col": 3,
          "lit": "show-progress"
        },
        "value": {
          "type": 0,
          "file": 2,
          "line": 82,
          "col": 14,
          "lit": "true"
        }
      },
      {
        "key": {
          "type": 0,
          "file": 2,
          "line": 83,
          "col": 3,
          "lit": "lfs"
        },
        "value": {
          "type": 0,
          "file": 2,
          "line": 85,
          "col": 14,
          "lit": "false"
        }
      },
      {
        "key": {
          "type": 0,
          "file": 2,
          "line": 86,
          "col": 3,
          "lit": "submodules"
        },
        "value": {
          "type": 0,
          "file": 2,
          "line": 94,
          "col": 14,
          "lit": "false"
        }
      },
      {
        "key": {
          "type": 0,
          "file": 2,
          "line": 95,
          "col": 3,
          "lit": "set-safe-directory"
        },
        "value": {
          "type": 0,
          "file": 2,
          "line": 97,
          "col": 14,
          "lit": "true"
        }
      },
      {
        "key": {
          "type": 0,
          "file": 2,
          "line": 98,
          "col": 3,
          "lit": "github-server-url"
        },
        "value": ""
      }
    ]
  },
  "execution": {
    "executionType": "nodeJS",
    "hasPre": false,
    "hasPost": true,
    "script": "dist/index.js",
    "pre": null,
    "post": "dist/index.js",
    "nodeVersion": "node20",
    "cleanupCondition": "always()",
    "initCondition": "always()"
  },
  "deprecated": null
}
[2025-03-19 15:44:21Z INFO ActionManager] Action pre node.js file: N/A.
[2025-03-19 15:44:21Z INFO ActionManager] Action node.js file: dist/index.js.
[2025-03-19 15:44:21Z INFO ActionManager] Action post node.js file: dist/index.js.
[2025-03-19 15:44:21Z INFO HostContext] Well known directory 'Bin': '/home/jenny/tensorflow-mri/bin'
[2025-03-19 15:44:21Z INFO HostContext] Well known directory 'Root': '/home/jenny/tensorflow-mri'
[2025-03-19 15:44:21Z INFO HostContext] Well known directory 'Work': '/home/jenny/tensorflow-mri/_work'
[2025-03-19 15:44:21Z INFO HostContext] Well known directory 'Temp': '/home/jenny/tensorflow-mri/_work/_temp'
[2025-03-19 15:44:21Z INFO ExecutionContext] Write event payload to /home/jenny/tensorflow-mri/_work/_temp/_github_workflow/event.json
[2025-03-19 15:44:21Z INFO HostContext] Well known directory 'Bin': '/home/jenny/tensorflow-mri/bin'
[2025-03-19 15:44:21Z INFO HostContext] Well known directory 'Root': '/home/jenny/tensorflow-mri'
[2025-03-19 15:44:21Z INFO HostContext] Well known directory 'Work': '/home/jenny/tensorflow-mri/_work'
[2025-03-19 15:44:21Z INFO HostContext] Well known directory 'Temp': '/home/jenny/tensorflow-mri/_work/_temp'
[2025-03-19 15:44:21Z INFO ExtensionManager] Getting extensions for interface: 'GitHub.Runner.Worker.IFileCommandExtension'
[2025-03-19 15:44:21Z INFO ActionManifestManager] Input 'repository': default value evaluate result: {
  "type": 0,
  "file": 2,
  "line": 6,
  "col": 14,
  "lit": "mrphys/tensorflow-mri"
}
[2025-03-19 15:44:21Z INFO ActionManifestManager] Input 'ref': default value evaluate result: ""
[2025-03-19 15:44:21Z INFO ActionManifestManager] Input 'token': default value evaluate result: {
  "type": 0,
  "file": 2,
  "line": 24,
  "col": 14,
  "lit": "***"
}
[2025-03-19 15:44:21Z INFO ActionManifestManager] Input 'ssh-key': default value evaluate result: ""
[2025-03-19 15:44:21Z INFO ActionManifestManager] Input 'ssh-known-hosts': default value evaluate result: ""
[2025-03-19 15:44:21Z INFO ActionManifestManager] Input 'ssh-strict': default value evaluate result: {
  "type": 0,
  "file": 2,
  "line": 47,
  "col": 14,
  "lit": "true"
}
[2025-03-19 15:44:21Z INFO ActionManifestManager] Input 'ssh-user': default value evaluate result: {
  "type": 0,
  "file": 2,
  "line": 51,
  "col": 14,
  "lit": "git"
}
[2025-03-19 15:44:21Z INFO ActionManifestManager] Input 'persist-credentials': default value evaluate result: {
  "type": 0,
  "file": 2,
  "line": 54,
  "col": 14,
  "lit": "true"
}
[2025-03-19 15:44:21Z INFO ActionManifestManager] Input 'path': default value evaluate result: ""
[2025-03-19 15:44:21Z INFO ActionManifestManager] Input 'clean': default value evaluate result: {
  "type": 0,
  "file": 2,
  "line": 59,
  "col": 14,
  "lit": "true"
}
[2025-03-19 15:44:21Z INFO ActionManifestManager] Input 'filter': default value evaluate result: {
  "type": 0,
  "file": 2,
  "line": 64,
  "col": 14,
  "lit": ""
}
[2025-03-19 15:44:21Z INFO ActionManifestManager] Input 'sparse-checkout': default value evaluate result: {
  "type": 0,
  "file": 2,
  "line": 69,
  "col": 14,
  "lit": ""
}
[2025-03-19 15:44:21Z INFO ActionManifestManager] Input 'sparse-checkout-cone-mode': default value evaluate result: {
  "type": 0,
  "file": 2,
  "line": 73,
  "col": 14,
  "lit": "true"
}
[2025-03-19 15:44:21Z INFO ActionManifestManager] Input 'fetch-depth': default value evaluate result: {
  "type": 0,
  "file": 2,
  "line": 76,
  "col": 14,
  "lit": "1"
}
[2025-03-19 15:44:21Z INFO ActionManifestManager] Input 'fetch-tags': default value evaluate result: {
  "type": 0,
  "file": 2,
  "line": 79,
  "col": 14,
  "lit": "false"
}
[2025-03-19 15:44:21Z INFO ActionManifestManager] Input 'show-progress': default value evaluate result: {
  "type": 0,
  "file": 2,
  "line": 82,
  "col": 14,
  "lit": "true"
}
[2025-03-19 15:44:21Z INFO ActionManifestManager] Input 'submodules': default value evaluate result: {
  "type": 0,
  "file": 2,
  "line": 94,
  "col": 14,
  "lit": "false"
}
[2025-03-19 15:44:21Z INFO ActionManifestManager] Input 'set-safe-directory': default value evaluate result: {
  "type": 0,
  "file": 2,
  "line": 97,
  "col": 14,
  "lit": "true"
}
[2025-03-19 15:44:21Z INFO ActionManifestManager] Input 'github-server-url': default value evaluate result: ""
[2025-03-19 15:44:21Z INFO ExtensionManager] Getting extensions for interface: 'GitHub.Runner.Worker.IActionCommandExtension'
[2025-03-19 15:44:21Z INFO ActionCommandManager] Register action command extension for command internal-set-repo-path
[2025-03-19 15:44:21Z INFO ActionCommandManager] Register action command extension for command set-env
[2025-03-19 15:44:21Z INFO ActionCommandManager] Register action command extension for command set-output
[2025-03-19 15:44:21Z INFO ActionCommandManager] Register action command extension for command save-state
[2025-03-19 15:44:21Z INFO ActionCommandManager] Register action command extension for command add-path
[2025-03-19 15:44:21Z INFO ActionCommandManager] Register action command extension for command add-mask
[2025-03-19 15:44:21Z INFO ActionCommandManager] Register action command extension for command add-matcher
[2025-03-19 15:44:21Z INFO ActionCommandManager] Register action command extension for command remove-matcher
[2025-03-19 15:44:21Z INFO ActionCommandManager] Register action command extension for command warning
[2025-03-19 15:44:21Z INFO ActionCommandManager] Register action command extension for command error
[2025-03-19 15:44:21Z INFO ActionCommandManager] Register action command extension for command notice
[2025-03-19 15:44:21Z INFO ActionCommandManager] Register action command extension for command debug
[2025-03-19 15:44:21Z INFO ActionCommandManager] Register action command extension for command group
[2025-03-19 15:44:21Z INFO ActionCommandManager] Register action command extension for command endgroup
[2025-03-19 15:44:21Z INFO ActionCommandManager] Register action command extension for command echo
[2025-03-19 15:44:21Z INFO HostContext] Well known directory 'Bin': '/home/jenny/tensorflow-mri/bin'
[2025-03-19 15:44:21Z INFO HostContext] Well known directory 'Root': '/home/jenny/tensorflow-mri'
[2025-03-19 15:44:21Z INFO HostContext] Well known directory 'Work': '/home/jenny/tensorflow-mri/_work'
[2025-03-19 15:44:21Z INFO ProcessInvokerWrapper] Starting process:
[2025-03-19 15:44:21Z INFO ProcessInvokerWrapper]   File name: '/usr/bin/docker'
[2025-03-19 15:44:21Z INFO ProcessInvokerWrapper]   Arguments: 'exec  0f768c3eb02420030592cfdb769897bd0f6255b6cc77c737b210cddd36350994 sh -c "cat /etc/*release | grep ^ID"'
[2025-03-19 15:44:21Z INFO ProcessInvokerWrapper]   Working directory: '/home/jenny/tensorflow-mri/_work'
[2025-03-19 15:44:21Z INFO ProcessInvokerWrapper]   Require exit code zero: 'False'
[2025-03-19 15:44:21Z INFO ProcessInvokerWrapper]   Encoding web name:  ; code page: ''
[2025-03-19 15:44:21Z INFO ProcessInvokerWrapper]   Force kill process on cancellation: 'False'
[2025-03-19 15:44:21Z INFO ProcessInvokerWrapper]   Redirected STDIN: 'False'
[2025-03-19 15:44:21Z INFO ProcessInvokerWrapper]   Persist current code page: 'False'
[2025-03-19 15:44:21Z INFO ProcessInvokerWrapper]   Keep redirected STDIN open: 'False'
[2025-03-19 15:44:21Z INFO ProcessInvokerWrapper]   High priority process: 'False'
[2025-03-19 15:44:21Z INFO ProcessInvokerWrapper] Updated oom_score_adj to 500 for PID: 2427727.
[2025-03-19 15:44:21Z INFO ProcessInvokerWrapper] Process started with process id 2427727, waiting for process exit.
[2025-03-19 15:44:21Z INFO ProcessInvokerWrapper] STDOUT/STDERR stream read finished.
[2025-03-19 15:44:21Z INFO ProcessInvokerWrapper] STDOUT/STDERR stream read finished.
[2025-03-19 15:44:21Z INFO ProcessInvokerWrapper] Finished process 2427727 with exit code 0, and elapsed time 00:00:00.0422262.
[2025-03-19 15:44:21Z INFO HostContext] Well known directory 'Bin': '/home/jenny/tensorflow-mri/bin'
[2025-03-19 15:44:21Z INFO HostContext] Well known directory 'Root': '/home/jenny/tensorflow-mri'
[2025-03-19 15:44:21Z INFO HostContext] Well known directory 'Externals': '/home/jenny/tensorflow-mri/externals'
[2025-03-19 15:44:21Z INFO HostContext] Well known directory 'Bin': '/home/jenny/tensorflow-mri/bin'
[2025-03-19 15:44:21Z INFO HostContext] Well known directory 'Root': '/home/jenny/tensorflow-mri'
[2025-03-19 15:44:21Z INFO HostContext] Well known directory 'Work': '/home/jenny/tensorflow-mri/_work'
[2025-03-19 15:44:21Z INFO ProcessInvokerWrapper] Starting process:
[2025-03-19 15:44:21Z INFO ProcessInvokerWrapper]   File name: '/usr/bin/docker'
[2025-03-19 15:44:21Z INFO ProcessInvokerWrapper]   Arguments: 'exec -i --workdir /__w/tensorflow-mri/tensorflow-mri -e "PYTHON" -e "STATE_isPost" -e "STATE_setSafeDirectory" -e "STATE_repositoryPath" -e "INPUT_LFS" -e "INPUT_REPOSITORY" -e "INPUT_REF" -e "INPUT_TOKEN" -e "INPUT_SSH-KEY" -e "INPUT_SSH-KNOWN-HOSTS" -e "INPUT_SSH-STRICT" -e "INPUT_SSH-USER" -e "INPUT_PERSIST-CREDENTIALS" -e "INPUT_PATH" -e "INPUT_CLEAN" -e "INPUT_FILTER" -e "INPUT_SPARSE-CHECKOUT" -e "INPUT_SPARSE-CHECKOUT-CONE-MODE" -e "INPUT_FETCH-DEPTH" -e "INPUT_FETCH-TAGS" -e "INPUT_SHOW-PROGRESS" -e "INPUT_SUBMODULES" -e "INPUT_SET-SAFE-DIRECTORY" -e "INPUT_GITHUB-SERVER-URL" -e "GITHUB_JOB" -e "GITHUB_REF" -e "GITHUB_SHA" -e "GITHUB_REPOSITORY" -e "GITHUB_REPOSITORY_OWNER" -e "GITHUB_REPOSITORY_OWNER_ID" -e "GITHUB_RUN_ID" -e "GITHUB_RUN_NUMBER" -e "GITHUB_RETENTION_DAYS" -e "GITHUB_RUN_ATTEMPT" -e "GITHUB_ACTOR_ID" -e "GITHUB_ACTOR" -e "GITHUB_WORKFLOW" -e "GITHUB_HEAD_REF" -e "GITHUB_BASE_REF" -e "GITHUB_EVENT_NAME" -e "GITHUB_SERVER_URL" -e "GITHUB_API_URL" -e "GITHUB_GRAPHQL_URL" -e "GITHUB_REF_NAME" -e "GITHUB_REF_PROTECTED" -e "GITHUB_REF_TYPE" -e "GITHUB_WORKFLOW_REF" -e "GITHUB_WORKFLOW_SHA" -e "GITHUB_REPOSITORY_ID" -e "GITHUB_TRIGGERING_ACTOR" -e "GITHUB_WORKSPACE" -e "GITHUB_ACTION" -e "GITHUB_EVENT_PATH" -e "GITHUB_ACTION_REPOSITORY" -e "GITHUB_ACTION_REF" -e "GITHUB_PATH" -e "GITHUB_ENV" -e "GITHUB_STEP_SUMMARY" -e "GITHUB_STATE" -e "GITHUB_OUTPUT" -e "RUNNER_OS" -e "RUNNER_ARCH" -e "RUNNER_NAME" -e "RUNNER_ENVIRONMENT" -e "RUNNER_TOOL_CACHE" -e "RUNNER_TEMP" -e "RUNNER_WORKSPACE" -e "ACTIONS_RUNTIME_URL" -e "ACTIONS_RUNTIME_TOKEN" -e "ACTIONS_CACHE_URL" -e "ACTIONS_RESULTS_URL" -e "ACTIONS_CACHE_SERVICE_V2" 0f768c3eb02420030592cfdb769897bd0f6255b6cc77c737b210cddd36350994 /__e/node20/bin/node /__w/_actions/actions/checkout/v4/dist/index.js'
[2025-03-19 15:44:21Z INFO ProcessInvokerWrapper]   Working directory: '/home/jenny/tensorflow-mri/_work'
[2025-03-19 15:44:21Z INFO ProcessInvokerWrapper]   Require exit code zero: 'False'
[2025-03-19 15:44:21Z INFO ProcessInvokerWrapper]   Encoding web name:  ; code page: ''
[2025-03-19 15:44:21Z INFO ProcessInvokerWrapper]   Force kill process on cancellation: 'False'
[2025-03-19 15:44:21Z INFO ProcessInvokerWrapper]   Redirected STDIN: 'False'
[2025-03-19 15:44:21Z INFO ProcessInvokerWrapper]   Persist current code page: 'False'
[2025-03-19 15:44:21Z INFO ProcessInvokerWrapper]   Keep redirected STDIN open: 'False'
[2025-03-19 15:44:21Z INFO ProcessInvokerWrapper]   High priority process: 'False'
[2025-03-19 15:44:21Z INFO ProcessInvokerWrapper] Updated oom_score_adj to 500 for PID: 2427762.
[2025-03-19 15:44:21Z INFO ProcessInvokerWrapper] Process started with process id 2427762, waiting for process exit.
[2025-03-19 15:44:22Z INFO AddMaskCommandExtension] Add new secret mask with length of 32
[2025-03-19 15:44:22Z INFO ProcessInvokerWrapper] STDOUT/STDERR stream read finished.
[2025-03-19 15:44:22Z INFO ProcessInvokerWrapper] STDOUT/STDERR stream read finished.
[2025-03-19 15:44:22Z INFO ProcessInvokerWrapper] Finished process 2427762 with exit code 0, and elapsed time 00:00:00.1526740.
[2025-03-19 15:44:22Z INFO CreateStepSummaryCommand] Step Summary file (/home/jenny/tensorflow-mri/_work/_temp/_runner_file_commands/step_summary_aa18afa2-a20d-4a85-a568-9b5504c9c55b) is empty; skipping attachment upload
[2025-03-19 15:44:22Z INFO StepsRunner] Step result: 
[2025-03-19 15:44:22Z INFO ExecutionContext] Publish step telemetry for current step {
  "action": "actions/checkout",
  "ref": "v4",
  "type": "node20",
  "stage": "Post",
  "stepId": "a84fe0a1-6bac-4962-83f2-aadbf20d54a0",
  "result": "succeeded",
  "errorMessages": [
    "The process '/usr/bin/git' failed with exit code 128"
  ],
  "executionTimeInSeconds": 1,
  "startTime": "2025-03-19T15:44:21.888553Z",
  "finishTime": "2025-03-19T15:44:22.0911803Z"
}.
[2025-03-19 15:44:22Z INFO StepsRunner] No need for updating job result with current step result 'Succeeded'.
[2025-03-19 15:44:22Z INFO StepsRunner] Current state: job state = ''
[2025-03-19 15:44:22Z INFO StepsRunner] Processing step: DisplayName='Stop containers'
[2025-03-19 15:44:22Z INFO StepsRunner] Evaluating: always()
[2025-03-19 15:44:22Z INFO StepsRunner] Result: true
[2025-03-19 15:44:22Z INFO StepsRunner] Starting the step.
[2025-03-19 15:44:22Z INFO ProcessInvokerWrapper] Starting process:
[2025-03-19 15:44:22Z INFO ProcessInvokerWrapper]   File name: '/usr/bin/docker'
[2025-03-19 15:44:22Z INFO ProcessInvokerWrapper]   Arguments: 'rm --force 0f768c3eb02420030592cfdb769897bd0f6255b6cc77c737b210cddd36350994'
[2025-03-19 15:44:22Z INFO ProcessInvokerWrapper]   Working directory: '/home/jenny/tensorflow-mri/_work/tensorflow-mri/tensorflow-mri'
[2025-03-19 15:44:22Z INFO ProcessInvokerWrapper]   Require exit code zero: 'False'
[2025-03-19 15:44:22Z INFO ProcessInvokerWrapper]   Encoding web name:  ; code page: ''
[2025-03-19 15:44:22Z INFO ProcessInvokerWrapper]   Force kill process on cancellation: 'False'
[2025-03-19 15:44:22Z INFO ProcessInvokerWrapper]   Redirected STDIN: 'False'
[2025-03-19 15:44:22Z INFO ProcessInvokerWrapper]   Persist current code page: 'False'
[2025-03-19 15:44:22Z INFO ProcessInvokerWrapper]   Keep redirected STDIN open: 'False'
[2025-03-19 15:44:22Z INFO ProcessInvokerWrapper]   High priority process: 'False'
[2025-03-19 15:44:22Z INFO ProcessInvokerWrapper] Updated oom_score_adj to 500 for PID: 2427836.
[2025-03-19 15:44:22Z INFO ProcessInvokerWrapper] Process started with process id 2427836, waiting for process exit.
[2025-03-19 15:44:22Z INFO JobServerQueue] Try to append 1 batches web console lines for record '7fb4f7eb-691c-4529-a577-6e4ec131b8a0', success rate: 1/1.
[2025-03-19 15:44:22Z INFO JobServerQueue] Try to append 1 batches web console lines for record 'a84fe0a1-6bac-4962-83f2-aadbf20d54a0', success rate: 1/1.
[2025-03-19 15:44:22Z INFO JobServerQueue] Try to append 1 batches web console lines for record '4dbbcbf8-ddb5-4a11-a4bc-912272f16e48', success rate: 1/1.
[2025-03-19 15:44:22Z INFO JobServerQueue] Got a step log file to send to results service.
[2025-03-19 15:44:22Z INFO JobServerQueue] Starting upload of step log file to results service ResultsLog, /home/jenny/tensorflow-mri/_diag/blocks/352e62ab-c249-47f2-bad9-fb15096f3ea3_7fb4f7eb-691c-4529-a577-6e4ec131b8a0.1
[2025-03-19 15:44:22Z INFO HostContext] Well known directory 'Bin': '/home/jenny/tensorflow-mri/bin'
[2025-03-19 15:44:22Z INFO HostContext] Well known directory 'Root': '/home/jenny/tensorflow-mri'
[2025-03-19 15:44:22Z INFO HostContext] Well known directory 'Work': '/home/jenny/tensorflow-mri/_work'
[2025-03-19 15:44:22Z INFO JobServerQueue] Try to upload 2 log files or attachments, success rate: 2/2.
[2025-03-19 15:44:22Z INFO JobServerQueue] Got a step log file to send to results service.
[2025-03-19 15:44:22Z INFO JobServerQueue] Starting upload of step log file to results service ResultsLog, /home/jenny/tensorflow-mri/_diag/blocks/352e62ab-c249-47f2-bad9-fb15096f3ea3_a84fe0a1-6bac-4962-83f2-aadbf20d54a0.1
[2025-03-19 15:44:22Z INFO JobServerQueue] Tried to upload 2 file(s) to results, success rate: 2/2.
[2025-03-19 15:44:22Z INFO ProcessInvokerWrapper] STDOUT/STDERR stream read finished.
[2025-03-19 15:44:22Z INFO ProcessInvokerWrapper] STDOUT/STDERR stream read finished.
[2025-03-19 15:44:22Z INFO ProcessInvokerWrapper] Finished process 2427836 with exit code 0, and elapsed time 00:00:00.7957510.
[2025-03-19 15:44:22Z INFO ProcessInvokerWrapper] Starting process:
[2025-03-19 15:44:22Z INFO ProcessInvokerWrapper]   File name: '/usr/bin/docker'
[2025-03-19 15:44:22Z INFO ProcessInvokerWrapper]   Arguments: 'network rm github_network_dfde4cb042414b02adba42278bbe83e3'
[2025-03-19 15:44:22Z INFO ProcessInvokerWrapper]   Working directory: '/home/jenny/tensorflow-mri/_work/tensorflow-mri/tensorflow-mri'
[2025-03-19 15:44:22Z INFO ProcessInvokerWrapper]   Require exit code zero: 'False'
[2025-03-19 15:44:22Z INFO ProcessInvokerWrapper]   Encoding web name:  ; code page: ''
[2025-03-19 15:44:22Z INFO ProcessInvokerWrapper]   Force kill process on cancellation: 'False'
[2025-03-19 15:44:22Z INFO ProcessInvokerWrapper]   Redirected STDIN: 'False'
[2025-03-19 15:44:22Z INFO ProcessInvokerWrapper]   Persist current code page: 'False'
[2025-03-19 15:44:22Z INFO ProcessInvokerWrapper]   Keep redirected STDIN open: 'False'
[2025-03-19 15:44:22Z INFO ProcessInvokerWrapper]   High priority process: 'False'
[2025-03-19 15:44:22Z INFO ProcessInvokerWrapper] Updated oom_score_adj to 500 for PID: 2427879.
[2025-03-19 15:44:22Z INFO ProcessInvokerWrapper] Process started with process id 2427879, waiting for process exit.
[2025-03-19 15:44:23Z INFO ProcessInvokerWrapper] STDOUT/STDERR stream read finished.
[2025-03-19 15:44:23Z INFO ProcessInvokerWrapper] STDOUT/STDERR stream read finished.
[2025-03-19 15:44:23Z INFO ProcessInvokerWrapper] Finished process 2427879 with exit code 0, and elapsed time 00:00:00.1217758.
[2025-03-19 15:44:23Z INFO StepsRunner] Step result: 
[2025-03-19 15:44:23Z INFO StepsRunner] No need for updating job result with current step result 'Succeeded'.
[2025-03-19 15:44:23Z INFO StepsRunner] Current state: job state = ''
[2025-03-19 15:44:23Z INFO JobRunner] Finalize job.
[2025-03-19 15:44:23Z INFO HostContext] Well known directory 'Bin': '/home/jenny/tensorflow-mri/bin'
[2025-03-19 15:44:23Z INFO HostContext] Well known directory 'Root': '/home/jenny/tensorflow-mri'
[2025-03-19 15:44:23Z INFO HostContext] Well known directory 'Diag': '/home/jenny/tensorflow-mri/_diag'
[2025-03-19 15:44:23Z INFO HostContext] Well known directory 'Bin': '/home/jenny/tensorflow-mri/bin'
[2025-03-19 15:44:23Z INFO HostContext] Well known directory 'Root': '/home/jenny/tensorflow-mri'
[2025-03-19 15:44:23Z INFO HostContext] Well known directory 'Diag': '/home/jenny/tensorflow-mri/_diag'
[2025-03-19 15:44:23Z INFO JobExtension] Initialize Env context
[2025-03-19 15:44:23Z INFO JobExtension] Initialize steps context
[2025-03-19 15:44:23Z INFO JobExtension] Total accessible running process: 638.
[2025-03-19 15:44:23Z INFO JobExtension] Inspecting process environment variables. PID: 666 (kworker/17:1H-events_highpri)
[2025-03-19 15:44:23Z INFO LinuxProcessExtensions] Read env from /proc/666/environ
[2025-03-19 15:44:23Z WARN JobExtension] Ignore exception during read process environment variables: Access to the path '/proc/666/environ' is denied.
[2025-03-19 15:44:23Z INFO JobExtension] Inspecting process environment variables. PID: 1013222 (kworker/22:0-rcu_par_gp)
[2025-03-19 15:44:23Z INFO LinuxProcessExtensions] Read env from /proc/1013222/environ
[2025-03-19 15:44:23Z WARN JobExtension] Ignore exception during read process environment variables: Access to the path '/proc/1013222/environ' is denied.
[2025-03-19 15:44:23Z INFO JobExtension] Inspecting process environment variables. PID: 1866293 (kworker/26:2-rcu_par_gp)
[2025-03-19 15:44:23Z INFO LinuxProcessExtensions] Read env from /proc/1866293/environ
[2025-03-19 15:44:23Z WARN JobExtension] Ignore exception during read process environment variables: Access to the path '/proc/1866293/environ' is denied.
[2025-03-19 15:44:23Z INFO JobExtension] Inspecting process environment variables. PID: 1919445 (kworker/32:1-rcu_par_gp)
[2025-03-19 15:44:23Z INFO LinuxProcessExtensions] Read env from /proc/1919445/environ
[2025-03-19 15:44:23Z WARN JobExtension] Ignore exception during read process environment variables: Access to the path '/proc/1919445/environ' is denied.
[2025-03-19 15:44:23Z INFO JobExtension] Inspecting process environment variables. PID: 1935068 (kworker/28:0-rcu_par_gp)
[2025-03-19 15:44:23Z INFO LinuxProcessExtensions] Read env from /proc/1935068/environ
[2025-03-19 15:44:23Z WARN JobExtension] Ignore exception during read process environment variables: Access to the path '/proc/1935068/environ' is denied.
[2025-03-19 15:44:23Z INFO JobExtension] Inspecting process environment variables. PID: 1935115 (kworker/24:1-mm_percpu_wq)
[2025-03-19 15:44:23Z INFO LinuxProcessExtensions] Read env from /proc/1935115/environ
[2025-03-19 15:44:23Z WARN JobExtension] Ignore exception during read process environment variables: Access to the path '/proc/1935115/environ' is denied.
[2025-03-19 15:44:23Z INFO JobExtension] Inspecting process environment variables. PID: 2085486 (kworker/u72:1-ext4-rsv-conversion)
[2025-03-19 15:44:23Z INFO LinuxProcessExtensions] Read env from /proc/2085486/environ
[2025-03-19 15:44:23Z WARN JobExtension] Ignore exception during read process environment variables: Access to the path '/proc/2085486/environ' is denied.
[2025-03-19 15:44:23Z INFO JobExtension] Inspecting process environment variables. PID: 2091664 (kworker/4:1-rcu_par_gp)
[2025-03-19 15:44:23Z INFO LinuxProcessExtensions] Read env from /proc/2091664/environ
[2025-03-19 15:44:23Z WARN JobExtension] Ignore exception during read process environment variables: Access to the path '/proc/2091664/environ' is denied.
[2025-03-19 15:44:23Z INFO JobExtension] Inspecting process environment variables. PID: 2091823 (kworker/19:0-rcu_par_gp)
[2025-03-19 15:44:23Z INFO LinuxProcessExtensions] Read env from /proc/2091823/environ
[2025-03-19 15:44:23Z WARN JobExtension] Ignore exception during read process environment variables: Access to the path '/proc/2091823/environ' is denied.
[2025-03-19 15:44:23Z INFO JobExtension] Inspecting process environment variables. PID: 2091845 (kworker/28:2-rcu_gp)
[2025-03-19 15:44:23Z INFO LinuxProcessExtensions] Read env from /proc/2091845/environ
[2025-03-19 15:44:23Z WARN JobExtension] Ignore exception during read process environment variables: Access to the path '/proc/2091845/environ' is denied.
[2025-03-19 15:44:23Z INFO JobExtension] Inspecting process environment variables. PID: 2098761 (kworker/17:1-cgroup_destroy)
[2025-03-19 15:44:23Z INFO LinuxProcessExtensions] Read env from /proc/2098761/environ
[2025-03-19 15:44:23Z WARN JobExtension] Ignore exception during read process environment variables: Access to the path '/proc/2098761/environ' is denied.
[2025-03-19 15:44:23Z INFO JobExtension] Inspecting process environment variables. PID: 2100396 (kworker/29:2-mm_percpu_wq)
[2025-03-19 15:44:23Z INFO LinuxProcessExtensions] Read env from /proc/2100396/environ
[2025-03-19 15:44:23Z WARN JobExtension] Ignore exception during read process environment variables: Access to the path '/proc/2100396/environ' is denied.
[2025-03-19 15:44:23Z INFO JobExtension] Inspecting process environment variables. PID: 2100540 (kworker/0:0-rcu_par_gp)
[2025-03-19 15:44:23Z INFO LinuxProcessExtensions] Read env from /proc/2100540/environ
[2025-03-19 15:44:23Z WARN JobExtension] Ignore exception during read process environment variables: Access to the path '/proc/2100540/environ' is denied.
[2025-03-19 15:44:23Z INFO JobExtension] Inspecting process environment variables. PID: 2100578 (kworker/25:2-events)
[2025-03-19 15:44:23Z INFO LinuxProcessExtensions] Read env from /proc/2100578/environ
[2025-03-19 15:44:23Z WARN JobExtension] Ignore exception during read process environment variables: Access to the path '/proc/2100578/environ' is denied.
[2025-03-19 15:44:23Z INFO JobExtension] Inspecting process environment variables. PID: 2100598 (kworker/30:1-rcu_gp)
[2025-03-19 15:44:23Z INFO LinuxProcessExtensions] Read env from /proc/2100598/environ
[2025-03-19 15:44:23Z WARN JobExtension] Ignore exception during read process environment variables: Access to the path '/proc/2100598/environ' is denied.
[2025-03-19 15:44:23Z INFO JobExtension] Inspecting process environment variables. PID: 2100605 (kworker/32:2-rcu_par_gp)
[2025-03-19 15:44:23Z INFO LinuxProcessExtensions] Read env from /proc/2100605/environ
[2025-03-19 15:44:23Z WARN JobExtension] Ignore exception during read process environment variables: Access to the path '/proc/2100605/environ' is denied.
[2025-03-19 15:44:23Z INFO JobExtension] Inspecting process environment variables. PID: 2100631 (kworker/12:0-rcu_gp)
[2025-03-19 15:44:23Z INFO LinuxProcessExtensions] Read env from /proc/2100631/environ
[2025-03-19 15:44:23Z WARN JobExtension] Ignore exception during read process environment variables: Access to the path '/proc/2100631/environ' is denied.
[2025-03-19 15:44:23Z INFO JobExtension] Inspecting process environment variables. PID: 2100750 (kworker/22:1-rcu_gp)
[2025-03-19 15:44:23Z INFO LinuxProcessExtensions] Read env from /proc/2100750/environ
[2025-03-19 15:44:23Z WARN JobExtension] Ignore exception during read process environment variables: Access to the path '/proc/2100750/environ' is denied.
[2025-03-19 15:44:23Z INFO JobExtension] Inspecting process environment variables. PID: 2100752 (kworker/18:1-rcu_gp)
[2025-03-19 15:44:23Z INFO LinuxProcessExtensions] Read env from /proc/2100752/environ
[2025-03-19 15:44:23Z WARN JobExtension] Ignore exception during read process environment variables: Access to the path '/proc/2100752/environ' is denied.
[2025-03-19 15:44:23Z INFO JobExtension] Inspecting process environment variables. PID: 2100775 (kworker/13:1-rcu_par_gp)
[2025-03-19 15:44:23Z INFO LinuxProcessExtensions] Read env from /proc/2100775/environ
[2025-03-19 15:44:23Z WARN JobExtension] Ignore exception during read process environment variables: Access to the path '/proc/2100775/environ' is denied.
[2025-03-19 15:44:23Z INFO JobExtension] Inspecting process environment variables. PID: 2101316 (kworker/34:2-rcu_par_gp)
[2025-03-19 15:44:23Z INFO LinuxProcessExtensions] Read env from /proc/2101316/environ
[2025-03-19 15:44:23Z WARN JobExtension] Ignore exception during read process environment variables: Access to the path '/proc/2101316/environ' is denied.
[2025-03-19 15:44:23Z INFO JobExtension] Inspecting process environment variables. PID: 2101347 (kworker/9:2-rcu_gp)
[2025-03-19 15:44:23Z INFO LinuxProcessExtensions] Read env from /proc/2101347/environ
[2025-03-19 15:44:23Z WARN JobExtension] Ignore exception during read process environment variables: Access to the path '/proc/2101347/environ' is denied.
[2025-03-19 15:44:23Z INFO JobExtension] Inspecting process environment variables. PID: 2101892 (kworker/16:1-events)
[2025-03-19 15:44:23Z INFO LinuxProcessExtensions] Read env from /proc/2101892/environ
[2025-03-19 15:44:23Z WARN JobExtension] Ignore exception during read process environment variables: Access to the path '/proc/2101892/environ' is denied.
[2025-03-19 15:44:23Z INFO JobExtension] Inspecting process environment variables. PID: 2153700 (kworker/6:0-events)
[2025-03-19 15:44:23Z INFO LinuxProcessExtensions] Read env from /proc/2153700/environ
[2025-03-19 15:44:23Z WARN JobExtension] Ignore exception during read process environment variables: Access to the path '/proc/2153700/environ' is denied.
[2025-03-19 15:44:23Z INFO JobExtension] Inspecting process environment variables. PID: 2154293 (kworker/7:0-events)
[2025-03-19 15:44:23Z INFO LinuxProcessExtensions] Read env from /proc/2154293/environ
[2025-03-19 15:44:23Z WARN JobExtension] Ignore exception during read process environment variables: Access to the path '/proc/2154293/environ' is denied.
[2025-03-19 15:44:23Z INFO JobExtension] Inspecting process environment variables. PID: 2233351 (kworker/1:1-rcu_gp)
[2025-03-19 15:44:23Z INFO LinuxProcessExtensions] Read env from /proc/2233351/environ
[2025-03-19 15:44:23Z WARN JobExtension] Ignore exception during read process environment variables: Access to the path '/proc/2233351/environ' is denied.
[2025-03-19 15:44:23Z INFO JobExtension] Inspecting process environment variables. PID: 2233352 (kworker/3:1-rcu_par_gp)
[2025-03-19 15:44:23Z INFO LinuxProcessExtensions] Read env from /proc/2233352/environ
[2025-03-19 15:44:23Z WARN JobExtension] Ignore exception during read process environment variables: Access to the path '/proc/2233352/environ' is denied.
[2025-03-19 15:44:23Z INFO JobExtension] Inspecting process environment variables. PID: 2233353 (kworker/5:0-cgroup_destroy)
[2025-03-19 15:44:23Z INFO LinuxProcessExtensions] Read env from /proc/2233353/environ
[2025-03-19 15:44:23Z WARN JobExtension] Ignore exception during read process environment variables: Access to the path '/proc/2233353/environ' is denied.
[2025-03-19 15:44:23Z INFO JobExtension] Inspecting process environment variables. PID: 2233357 (kworker/1:3-rcu_par_gp)
[2025-03-19 15:44:23Z INFO LinuxProcessExtensions] Read env from /proc/2233357/environ
[2025-03-19 15:44:23Z WARN JobExtension] Ignore exception during read process environment variables: Access to the path '/proc/2233357/environ' is denied.
[2025-03-19 15:44:23Z INFO JobExtension] Inspecting process environment variables. PID: 2262812 (kworker/15:1-events)
[2025-03-19 15:44:23Z INFO LinuxProcessExtensions] Read env from /proc/2262812/environ
[2025-03-19 15:44:23Z WARN JobExtension] Ignore exception during read process environment variables: Access to the path '/proc/2262812/environ' is denied.
[2025-03-19 15:44:23Z INFO JobExtension] Inspecting process environment variables. PID: 2263681 (kworker/31:0-rcu_gp)
[2025-03-19 15:44:23Z INFO LinuxProcessExtensions] Read env from /proc/2263681/environ
[2025-03-19 15:44:23Z WARN JobExtension] Ignore exception during read process environment variables: Access to the path '/proc/2263681/environ' is denied.
[2025-03-19 15:44:23Z INFO JobExtension] Inspecting process environment variables. PID: 2263684 (kworker/0:2-rcu_gp)
[2025-03-19 15:44:23Z INFO LinuxProcessExtensions] Read env from /proc/2263684/environ
[2025-03-19 15:44:23Z WARN JobExtension] Ignore exception during read process environment variables: Access to the path '/proc/2263684/environ' is denied.
[2025-03-19 15:44:23Z INFO JobExtension] Inspecting process environment variables. PID: 2263685 (kworker/34:0-rcu_gp)
[2025-03-19 15:44:23Z INFO LinuxProcessExtensions] Read env from /proc/2263685/environ
[2025-03-19 15:44:23Z WARN JobExtension] Ignore exception during read process environment variables: Access to the path '/proc/2263685/environ' is denied.
[2025-03-19 15:44:23Z INFO JobExtension] Inspecting process environment variables. PID: 2263799 (kworker/11:2-rcu_par_gp)
[2025-03-19 15:44:23Z INFO LinuxProcessExtensions] Read env from /proc/2263799/environ
[2025-03-19 15:44:23Z WARN JobExtension] Ignore exception during read process environment variables: Access to the path '/proc/2263799/environ' is denied.
[2025-03-19 15:44:23Z INFO JobExtension] Inspecting process environment variables. PID: 2263829 (kworker/2:2-rcu_gp)
[2025-03-19 15:44:23Z INFO LinuxProcessExtensions] Read env from /proc/2263829/environ
[2025-03-19 15:44:23Z WARN JobExtension] Ignore exception during read process environment variables: Access to the path '/proc/2263829/environ' is denied.
[2025-03-19 15:44:23Z INFO JobExtension] Inspecting process environment variables. PID: 2263838 (kworker/19:1-rcu_par_gp)
[2025-03-19 15:44:23Z INFO LinuxProcessExtensions] Read env from /proc/2263838/environ
[2025-03-19 15:44:23Z WARN JobExtension] Ignore exception during read process environment variables: Access to the path '/proc/2263838/environ' is denied.
[2025-03-19 15:44:23Z INFO JobExtension] Inspecting process environment variables. PID: 2263880 (kworker/4:0-events)
[2025-03-19 15:44:23Z INFO LinuxProcessExtensions] Read env from /proc/2263880/environ
[2025-03-19 15:44:23Z WARN JobExtension] Ignore exception during read process environment variables: Access to the path '/proc/2263880/environ' is denied.
[2025-03-19 15:44:23Z INFO JobExtension] Inspecting process environment variables. PID: 2263881 (kworker/18:2-rcu_par_gp)
[2025-03-19 15:44:23Z INFO LinuxProcessExtensions] Read env from /proc/2263881/environ
[2025-03-19 15:44:23Z WARN JobExtension] Ignore exception during read process environment variables: Access to the path '/proc/2263881/environ' is denied.
[2025-03-19 15:44:23Z INFO JobExtension] Inspecting process environment variables. PID: 2263882 (kworker/8:2-rcu_par_gp)
[2025-03-19 15:44:23Z INFO LinuxProcessExtensions] Read env from /proc/2263882/environ
[2025-03-19 15:44:23Z WARN JobExtension] Ignore exception during read process environment variables: Access to the path '/proc/2263882/environ' is denied.
[2025-03-19 15:44:23Z INFO JobExtension] Inspecting process environment variables. PID: 2263898 (kworker/14:0-rcu_gp)
[2025-03-19 15:44:23Z INFO LinuxProcessExtensions] Read env from /proc/2263898/environ
[2025-03-19 15:44:23Z WARN JobExtension] Ignore exception during read process environment variables: Access to the path '/proc/2263898/environ' is denied.
[2025-03-19 15:44:23Z INFO JobExtension] Inspecting process environment variables. PID: 2263915 (kworker/12:1-rcu_par_gp)
[2025-03-19 15:44:23Z INFO LinuxProcessExtensions] Read env from /proc/2263915/environ
[2025-03-19 15:44:23Z WARN JobExtension] Ignore exception during read process environment variables: Access to the path '/proc/2263915/environ' is denied.
[2025-03-19 15:44:23Z INFO JobExtension] Inspecting process environment variables. PID: 2264025 (kworker/13:0-rcu_par_gp)
[2025-03-19 15:44:23Z INFO LinuxProcessExtensions] Read env from /proc/2264025/environ
[2025-03-19 15:44:23Z WARN JobExtension] Ignore exception during read process environment variables: Access to the path '/proc/2264025/environ' is denied.
[2025-03-19 15:44:23Z INFO JobExtension] Inspecting process environment variables. PID: 2264570 (kworker/9:1-events)
[2025-03-19 15:44:23Z INFO LinuxProcessExtensions] Read env from /proc/2264570/environ
[2025-03-19 15:44:23Z WARN JobExtension] Ignore exception during read process environment variables: Access to the path '/proc/2264570/environ' is denied.
[2025-03-19 15:44:23Z INFO JobExtension] Inspecting process environment variables. PID: 2264600 (kworker/3:2-events)
[2025-03-19 15:44:23Z INFO LinuxProcessExtensions] Read env from /proc/2264600/environ
[2025-03-19 15:44:23Z WARN JobExtension] Ignore exception during read process environment variables: Access to the path '/proc/2264600/environ' is denied.
[2025-03-19 15:44:23Z INFO JobExtension] Inspecting process environment variables. PID: 2264601 (kworker/5:1-events)
[2025-03-19 15:44:23Z INFO LinuxProcessExtensions] Read env from /proc/2264601/environ
[2025-03-19 15:44:23Z WARN JobExtension] Ignore exception during read process environment variables: Access to the path '/proc/2264601/environ' is denied.
[2025-03-19 15:44:23Z INFO JobExtension] Inspecting process environment variables. PID: 2264649 (kworker/21:2-rcu_gp)
[2025-03-19 15:44:23Z INFO LinuxProcessExtensions] Read env from /proc/2264649/environ
[2025-03-19 15:44:23Z WARN JobExtension] Ignore exception during read process environment variables: Access to the path '/proc/2264649/environ' is denied.
[2025-03-19 15:44:23Z INFO JobExtension] Inspecting process environment variables. PID: 2265150 (sh)
[2025-03-19 15:44:23Z INFO LinuxProcessExtensions] Read env from /proc/2265150/environ
[2025-03-19 15:44:23Z INFO JobExtension] Inspecting process environment variables. PID: 2265229 (node)
[2025-03-19 15:44:23Z INFO LinuxProcessExtensions] Read env from /proc/2265229/environ
[2025-03-19 15:44:23Z INFO JobExtension] Inspecting process environment variables. PID: 2265261 (node)
[2025-03-19 15:44:23Z INFO LinuxProcessExtensions] Read env from /proc/2265261/environ
[2025-03-19 15:44:23Z INFO JobExtension] Inspecting process environment variables. PID: 2265303 (node)
[2025-03-19 15:44:23Z INFO LinuxProcessExtensions] Read env from /proc/2265303/environ
[2025-03-19 15:44:23Z INFO JobExtension] Inspecting process environment variables. PID: 2265309 (node)
[2025-03-19 15:44:23Z INFO LinuxProcessExtensions] Read env from /proc/2265309/environ
[2025-03-19 15:44:23Z INFO JobExtension] Inspecting process environment variables. PID: 2265332 (sh)
[2025-03-19 15:44:23Z INFO LinuxProcessExtensions] Read env from /proc/2265332/environ
[2025-03-19 15:44:23Z INFO JobExtension] Inspecting process environment variables. PID: 2265341 (bash)
[2025-03-19 15:44:23Z INFO LinuxProcessExtensions] Read env from /proc/2265341/environ
[2025-03-19 15:44:23Z INFO JobExtension] Inspecting process environment variables. PID: 2265472 (node)
[2025-03-19 15:44:23Z INFO LinuxProcessExtensions] Read env from /proc/2265472/environ
[2025-03-19 15:44:23Z INFO JobExtension] Inspecting process environment variables. PID: 2267317 (python3)
[2025-03-19 15:44:23Z INFO LinuxProcessExtensions] Read env from /proc/2267317/environ
[2025-03-19 15:44:23Z INFO JobExtension] Inspecting process environment variables. PID: 2267327 (bash)
[2025-03-19 15:44:23Z INFO LinuxProcessExtensions] Read env from /proc/2267327/environ
[2025-03-19 15:44:23Z INFO JobExtension] Inspecting process environment variables. PID: 2267397 (node)
[2025-03-19 15:44:23Z INFO LinuxProcessExtensions] Read env from /proc/2267397/environ
[2025-03-19 15:44:23Z INFO JobExtension] Inspecting process environment variables. PID: 2308635 (kworker/10:2-events)
[2025-03-19 15:44:23Z INFO LinuxProcessExtensions] Read env from /proc/2308635/environ
[2025-03-19 15:44:23Z WARN JobExtension] Ignore exception during read process environment variables: Access to the path '/proc/2308635/environ' is denied.
[2025-03-19 15:44:23Z INFO JobExtension] Inspecting process environment variables. PID: 2411612 (kworker/10:0-cgroup_destroy)
[2025-03-19 15:44:23Z INFO LinuxProcessExtensions] Read env from /proc/2411612/environ
[2025-03-19 15:44:23Z WARN JobExtension] Ignore exception during read process environment variables: Access to the path '/proc/2411612/environ' is denied.
[2025-03-19 15:44:23Z INFO JobExtension] Inspecting process environment variables. PID: 2418905 (kworker/21:1-rcu_par_gp)
[2025-03-19 15:44:23Z INFO LinuxProcessExtensions] Read env from /proc/2418905/environ
[2025-03-19 15:44:23Z WARN JobExtension] Ignore exception during read process environment variables: Access to the path '/proc/2418905/environ' is denied.
[2025-03-19 15:44:23Z INFO JobExtension] Inspecting process environment variables. PID: 2418958 (kworker/u72:2-ext4-rsv-conversion)
[2025-03-19 15:44:23Z INFO LinuxProcessExtensions] Read env from /proc/2418958/environ
[2025-03-19 15:44:23Z WARN JobExtension] Ignore exception during read process environment variables: Access to the path '/proc/2418958/environ' is denied.
[2025-03-19 15:44:23Z INFO JobExtension] Inspecting process environment variables. PID: 2420943 (sleep)
[2025-03-19 15:44:23Z INFO LinuxProcessExtensions] Read env from /proc/2420943/environ
[2025-03-19 15:44:23Z WARN JobExtension] Ignore exception during read process environment variables: Access to the path '/proc/2420943/environ' is denied.
[2025-03-19 15:44:23Z INFO JobExtension] Inspecting process environment variables. PID: 2422867 (sleep)
[2025-03-19 15:44:23Z INFO LinuxProcessExtensions] Read env from /proc/2422867/environ
[2025-03-19 15:44:23Z INFO JobExtension] Inspecting process environment variables. PID: 2426360 (kworker/31:2-events)
[2025-03-19 15:44:23Z INFO LinuxProcessExtensions] Read env from /proc/2426360/environ
[2025-03-19 15:44:23Z WARN JobExtension] Ignore exception during read process environment variables: Access to the path '/proc/2426360/environ' is denied.
[2025-03-19 15:44:23Z INFO JobExtension] Inspecting process environment variables. PID: 2426369 (kworker/17:0-rcu_par_gp)
[2025-03-19 15:44:23Z INFO LinuxProcessExtensions] Read env from /proc/2426369/environ
[2025-03-19 15:44:23Z WARN JobExtension] Ignore exception during read process environment variables: Access to the path '/proc/2426369/environ' is denied.
[2025-03-19 15:44:23Z INFO JobExtension] Inspecting process environment variables. PID: 2426590 (kworker/1:0-events)
[2025-03-19 15:44:23Z INFO LinuxProcessExtensions] Read env from /proc/2426590/environ
[2025-03-19 15:44:23Z WARN JobExtension] Ignore exception during read process environment variables: Access to the path '/proc/2426590/environ' is denied.
[2025-03-19 15:44:23Z INFO JobExtension] Inspecting process environment variables. PID: 2426600 (kworker/15:0-rcu_par_gp)
[2025-03-19 15:44:23Z INFO LinuxProcessExtensions] Read env from /proc/2426600/environ
[2025-03-19 15:44:23Z WARN JobExtension] Ignore exception during read process environment variables: Access to the path '/proc/2426600/environ' is denied.
[2025-03-19 15:44:23Z INFO JobExtension] Inspecting process environment variables. PID: 2427514 (systemd-udevd)
[2025-03-19 15:44:23Z INFO LinuxProcessExtensions] Read env from /proc/2427514/environ
[2025-03-19 15:44:23Z WARN JobExtension] Ignore exception during read process environment variables: Access to the path '/proc/2427514/environ' is denied.
[2025-03-19 15:44:23Z INFO JobExtension] Inspecting process environment variables. PID: 2427515 (kworker/34:1-events)
[2025-03-19 15:44:23Z INFO LinuxProcessExtensions] Read env from /proc/2427515/environ
[2025-03-19 15:44:23Z WARN JobExtension] Ignore exception during read process environment variables: Access to the path '/proc/2427515/environ' is denied.
[2025-03-19 15:44:23Z INFO JobExtension] Inspecting process environment variables. PID: 2427516 (systemd-udevd)
[2025-03-19 15:44:23Z INFO LinuxProcessExtensions] Read env from /proc/2427516/environ
[2025-03-19 15:44:23Z WARN JobExtension] Ignore exception during read process environment variables: Access to the path '/proc/2427516/environ' is denied.
[2025-03-19 15:44:23Z INFO JobExtension] Inspecting process environment variables. PID: 2427517 (kworker/13:2-rcu_gp)
[2025-03-19 15:44:23Z INFO LinuxProcessExtensions] Read env from /proc/2427517/environ
[2025-03-19 15:44:23Z WARN JobExtension] Ignore exception during read process environment variables: Access to the path '/proc/2427517/environ' is denied.
[2025-03-19 15:44:23Z INFO JobExtension] Inspecting process environment variables. PID: 2427520 (systemd-udevd)
[2025-03-19 15:44:23Z INFO LinuxProcessExtensions] Read env from /proc/2427520/environ
[2025-03-19 15:44:23Z WARN JobExtension] Ignore exception during read process environment variables: Access to the path '/proc/2427520/environ' is denied.
[2025-03-19 15:44:23Z INFO JobExtension] Inspecting process environment variables. PID: 2427521 (systemd-udevd)
[2025-03-19 15:44:23Z INFO LinuxProcessExtensions] Read env from /proc/2427521/environ
[2025-03-19 15:44:23Z WARN JobExtension] Ignore exception during read process environment variables: Access to the path '/proc/2427521/environ' is denied.
[2025-03-19 15:44:23Z INFO JobExtension] Inspecting process environment variables. PID: 2427522 (systemd-udevd)
[2025-03-19 15:44:23Z INFO LinuxProcessExtensions] Read env from /proc/2427522/environ
[2025-03-19 15:44:23Z WARN JobExtension] Ignore exception during read process environment variables: Access to the path '/proc/2427522/environ' is denied.
[2025-03-19 15:44:23Z INFO JobExtension] Inspecting process environment variables. PID: 2427523 (systemd-udevd)
[2025-03-19 15:44:23Z INFO LinuxProcessExtensions] Read env from /proc/2427523/environ
[2025-03-19 15:44:23Z WARN JobExtension] Ignore exception during read process environment variables: Access to the path '/proc/2427523/environ' is denied.
[2025-03-19 15:44:23Z INFO JobExtension] Inspecting process environment variables. PID: 2427524 (systemd-udevd)
[2025-03-19 15:44:23Z INFO LinuxProcessExtensions] Read env from /proc/2427524/environ
[2025-03-19 15:44:23Z WARN JobExtension] Ignore exception during read process environment variables: Access to the path '/proc/2427524/environ' is denied.
[2025-03-19 15:44:23Z INFO JobExtension] Inspecting process environment variables. PID: 2427525 (systemd-udevd)
[2025-03-19 15:44:23Z INFO LinuxProcessExtensions] Read env from /proc/2427525/environ
[2025-03-19 15:44:23Z WARN JobExtension] Ignore exception during read process environment variables: Access to the path '/proc/2427525/environ' is denied.
[2025-03-19 15:44:23Z INFO JobExtension] Inspecting process environment variables. PID: 2427526 (systemd-udevd)
[2025-03-19 15:44:23Z INFO LinuxProcessExtensions] Read env from /proc/2427526/environ
[2025-03-19 15:44:23Z WARN JobExtension] Ignore exception during read process environment variables: Access to the path '/proc/2427526/environ' is denied.
[2025-03-19 15:44:23Z INFO JobExtension] Inspecting process environment variables. PID: 2427527 (systemd-udevd)
[2025-03-19 15:44:23Z INFO LinuxProcessExtensions] Read env from /proc/2427527/environ
[2025-03-19 15:44:23Z WARN JobExtension] Ignore exception during read process environment variables: Access to the path '/proc/2427527/environ' is denied.
[2025-03-19 15:44:23Z INFO JobExtension] Inspecting process environment variables. PID: 2427528 (systemd-udevd)
[2025-03-19 15:44:23Z INFO LinuxProcessExtensions] Read env from /proc/2427528/environ
[2025-03-19 15:44:23Z WARN JobExtension] Ignore exception during read process environment variables: Access to the path '/proc/2427528/environ' is denied.
[2025-03-19 15:44:23Z INFO JobExtension] Inspecting process environment variables. PID: 2427529 (systemd-udevd)
[2025-03-19 15:44:23Z INFO LinuxProcessExtensions] Read env from /proc/2427529/environ
[2025-03-19 15:44:23Z WARN JobExtension] Ignore exception during read process environment variables: Access to the path '/proc/2427529/environ' is denied.
[2025-03-19 15:44:23Z INFO JobExtension] Inspecting process environment variables. PID: 2427530 (systemd-udevd)
[2025-03-19 15:44:23Z INFO LinuxProcessExtensions] Read env from /proc/2427530/environ
[2025-03-19 15:44:23Z WARN JobExtension] Ignore exception during read process environment variables: Access to the path '/proc/2427530/environ' is denied.
[2025-03-19 15:44:23Z INFO JobExtension] Inspecting process environment variables. PID: 2427531 (systemd-udevd)
[2025-03-19 15:44:23Z INFO LinuxProcessExtensions] Read env from /proc/2427531/environ
[2025-03-19 15:44:23Z WARN JobExtension] Ignore exception during read process environment variables: Access to the path '/proc/2427531/environ' is denied.
[2025-03-19 15:44:23Z INFO JobExtension] Inspecting process environment variables. PID: 2427532 (systemd-udevd)
[2025-03-19 15:44:23Z INFO LinuxProcessExtensions] Read env from /proc/2427532/environ
[2025-03-19 15:44:23Z WARN JobExtension] Ignore exception during read process environment variables: Access to the path '/proc/2427532/environ' is denied.
[2025-03-19 15:44:23Z INFO JobExtension] Inspecting process environment variables. PID: 2427533 (systemd-udevd)
[2025-03-19 15:44:23Z INFO LinuxProcessExtensions] Read env from /proc/2427533/environ
[2025-03-19 15:44:23Z WARN JobExtension] Ignore exception during read process environment variables: Access to the path '/proc/2427533/environ' is denied.
[2025-03-19 15:44:23Z INFO JobExtension] Inspecting process environment variables. PID: 2427534 (systemd-udevd)
[2025-03-19 15:44:23Z INFO LinuxProcessExtensions] Read env from /proc/2427534/environ
[2025-03-19 15:44:23Z WARN JobExtension] Ignore exception during read process environment variables: Access to the path '/proc/2427534/environ' is denied.
[2025-03-19 15:44:23Z INFO JobExtension] Inspecting process environment variables. PID: 2427535 (systemd-udevd)
[2025-03-19 15:44:23Z INFO LinuxProcessExtensions] Read env from /proc/2427535/environ
[2025-03-19 15:44:23Z WARN JobExtension] Ignore exception during read process environment variables: Access to the path '/proc/2427535/environ' is denied.
[2025-03-19 15:44:23Z INFO JobExtension] Inspecting process environment variables. PID: 2427536 (systemd-udevd)
[2025-03-19 15:44:23Z INFO LinuxProcessExtensions] Read env from /proc/2427536/environ
[2025-03-19 15:44:23Z WARN JobExtension] Ignore exception during read process environment variables: Access to the path '/proc/2427536/environ' is denied.
[2025-03-19 15:44:23Z INFO JobExtension] Inspecting process environment variables. PID: 2427537 (systemd-udevd)
[2025-03-19 15:44:23Z INFO LinuxProcessExtensions] Read env from /proc/2427537/environ
[2025-03-19 15:44:23Z WARN JobExtension] Ignore exception during read process environment variables: Access to the path '/proc/2427537/environ' is denied.
[2025-03-19 15:44:23Z INFO JobExtension] Inspecting process environment variables. PID: 2427538 (systemd-udevd)
[2025-03-19 15:44:23Z INFO LinuxProcessExtensions] Read env from /proc/2427538/environ
[2025-03-19 15:44:23Z WARN JobExtension] Ignore exception during read process environment variables: Access to the path '/proc/2427538/environ' is denied.
[2025-03-19 15:44:23Z INFO JobExtension] Inspecting process environment variables. PID: 2427539 (systemd-udevd)
[2025-03-19 15:44:23Z INFO LinuxProcessExtensions] Read env from /proc/2427539/environ
[2025-03-19 15:44:23Z WARN JobExtension] Ignore exception during read process environment variables: Access to the path '/proc/2427539/environ' is denied.
[2025-03-19 15:44:23Z INFO JobExtension] Inspecting process environment variables. PID: 2427540 (systemd-udevd)
[2025-03-19 15:44:23Z INFO LinuxProcessExtensions] Read env from /proc/2427540/environ
[2025-03-19 15:44:23Z WARN JobExtension] Ignore exception during read process environment variables: Access to the path '/proc/2427540/environ' is denied.
[2025-03-19 15:44:23Z INFO JobExtension] Inspecting process environment variables. PID: 2427541 (systemd-udevd)
[2025-03-19 15:44:23Z INFO LinuxProcessExtensions] Read env from /proc/2427541/environ
[2025-03-19 15:44:23Z WARN JobExtension] Ignore exception during read process environment variables: Access to the path '/proc/2427541/environ' is denied.
[2025-03-19 15:44:23Z INFO JobExtension] Inspecting process environment variables. PID: 2427542 (systemd-udevd)
[2025-03-19 15:44:23Z INFO LinuxProcessExtensions] Read env from /proc/2427542/environ
[2025-03-19 15:44:23Z WARN JobExtension] Ignore exception during read process environment variables: Access to the path '/proc/2427542/environ' is denied.
[2025-03-19 15:44:23Z INFO JobExtension] Inspecting process environment variables. PID: 2427543 (systemd-udevd)
[2025-03-19 15:44:23Z INFO LinuxProcessExtensions] Read env from /proc/2427543/environ
[2025-03-19 15:44:23Z WARN JobExtension] Ignore exception during read process environment variables: Access to the path '/proc/2427543/environ' is denied.
[2025-03-19 15:44:23Z INFO JobExtension] Inspecting process environment variables. PID: 2427544 (systemd-udevd)
[2025-03-19 15:44:23Z INFO LinuxProcessExtensions] Read env from /proc/2427544/environ
[2025-03-19 15:44:23Z WARN JobExtension] Ignore exception during read process environment variables: Access to the path '/proc/2427544/environ' is denied.
[2025-03-19 15:44:23Z INFO JobExtension] Inspecting process environment variables. PID: 2427545 (systemd-udevd)
[2025-03-19 15:44:23Z INFO LinuxProcessExtensions] Read env from /proc/2427545/environ
[2025-03-19 15:44:23Z WARN JobExtension] Ignore exception during read process environment variables: Access to the path '/proc/2427545/environ' is denied.
[2025-03-19 15:44:23Z INFO JobExtension] Inspecting process environment variables. PID: 2427546 (systemd-udevd)
[2025-03-19 15:44:23Z INFO LinuxProcessExtensions] Read env from /proc/2427546/environ
[2025-03-19 15:44:23Z WARN JobExtension] Ignore exception during read process environment variables: Access to the path '/proc/2427546/environ' is denied.
[2025-03-19 15:44:23Z INFO JobExtension] Inspecting process environment variables. PID: 2427547 (systemd-udevd)
[2025-03-19 15:44:23Z INFO LinuxProcessExtensions] Read env from /proc/2427547/environ
[2025-03-19 15:44:23Z WARN JobExtension] Ignore exception during read process environment variables: Access to the path '/proc/2427547/environ' is denied.
[2025-03-19 15:44:23Z INFO JobExtension] Inspecting process environment variables. PID: 2427548 (systemd-udevd)
[2025-03-19 15:44:23Z INFO LinuxProcessExtensions] Read env from /proc/2427548/environ
[2025-03-19 15:44:23Z WARN JobExtension] Ignore exception during read process environment variables: Access to the path '/proc/2427548/environ' is denied.
[2025-03-19 15:44:23Z INFO JobExtension] Inspecting process environment variables. PID: 2427549 (systemd-udevd)
[2025-03-19 15:44:23Z INFO LinuxProcessExtensions] Read env from /proc/2427549/environ
[2025-03-19 15:44:23Z WARN JobExtension] Ignore exception during read process environment variables: Access to the path '/proc/2427549/environ' is denied.
[2025-03-19 15:44:23Z INFO JobExtension] Inspecting process environment variables. PID: 2427550 (systemd-udevd)
[2025-03-19 15:44:23Z INFO LinuxProcessExtensions] Read env from /proc/2427550/environ
[2025-03-19 15:44:23Z WARN JobExtension] Ignore exception during read process environment variables: Access to the path '/proc/2427550/environ' is denied.
[2025-03-19 15:44:23Z INFO JobExtension] Inspecting process environment variables. PID: 2427551 (systemd-udevd)
[2025-03-19 15:44:23Z INFO LinuxProcessExtensions] Read env from /proc/2427551/environ
[2025-03-19 15:44:23Z WARN JobExtension] Ignore exception during read process environment variables: Access to the path '/proc/2427551/environ' is denied.
[2025-03-19 15:44:23Z INFO JobExtension] Inspecting process environment variables. PID: 2427552 (systemd-udevd)
[2025-03-19 15:44:23Z INFO LinuxProcessExtensions] Read env from /proc/2427552/environ
[2025-03-19 15:44:23Z WARN JobExtension] Ignore exception during read process environment variables: Access to the path '/proc/2427552/environ' is denied.
[2025-03-19 15:44:23Z INFO JobExtension] Inspecting process environment variables. PID: 2427553 (systemd-udevd)
[2025-03-19 15:44:23Z INFO LinuxProcessExtensions] Read env from /proc/2427553/environ
[2025-03-19 15:44:23Z WARN JobExtension] Ignore exception during read process environment variables: Access to the path '/proc/2427553/environ' is denied.
[2025-03-19 15:44:23Z INFO JobExtension] Inspecting process environment variables. PID: 2427554 (systemd-udevd)
[2025-03-19 15:44:23Z INFO LinuxProcessExtensions] Read env from /proc/2427554/environ
[2025-03-19 15:44:23Z WARN JobExtension] Ignore exception during read process environment variables: Access to the path '/proc/2427554/environ' is denied.
[2025-03-19 15:44:23Z INFO JobExtension] Inspecting process environment variables. PID: 2427555 (systemd-udevd)
[2025-03-19 15:44:23Z INFO LinuxProcessExtensions] Read env from /proc/2427555/environ
[2025-03-19 15:44:23Z WARN JobExtension] Ignore exception during read process environment variables: Access to the path '/proc/2427555/environ' is denied.
[2025-03-19 15:44:23Z INFO JobExtension] Inspecting process environment variables. PID: 2427556 (systemd-udevd)
[2025-03-19 15:44:23Z INFO LinuxProcessExtensions] Read env from /proc/2427556/environ
[2025-03-19 15:44:23Z WARN JobExtension] Ignore exception during read process environment variables: Access to the path '/proc/2427556/environ' is denied.
[2025-03-19 15:44:23Z INFO JobExtension] Inspecting process environment variables. PID: 2427557 (systemd-udevd)
[2025-03-19 15:44:23Z INFO LinuxProcessExtensions] Read env from /proc/2427557/environ
[2025-03-19 15:44:23Z WARN JobExtension] Ignore exception during read process environment variables: Access to the path '/proc/2427557/environ' is denied.
[2025-03-19 15:44:23Z INFO JobExtension] Inspecting process environment variables. PID: 2427558 (systemd-udevd)
[2025-03-19 15:44:23Z INFO LinuxProcessExtensions] Read env from /proc/2427558/environ
[2025-03-19 15:44:23Z WARN JobExtension] Ignore exception during read process environment variables: Access to the path '/proc/2427558/environ' is denied.
[2025-03-19 15:44:23Z INFO JobExtension] Inspecting process environment variables. PID: 2427559 (systemd-udevd)
[2025-03-19 15:44:23Z INFO LinuxProcessExtensions] Read env from /proc/2427559/environ
[2025-03-19 15:44:23Z WARN JobExtension] Ignore exception during read process environment variables: Access to the path '/proc/2427559/environ' is denied.
[2025-03-19 15:44:23Z INFO JobExtension] Inspecting process environment variables. PID: 2427560 (systemd-udevd)
[2025-03-19 15:44:23Z INFO LinuxProcessExtensions] Read env from /proc/2427560/environ
[2025-03-19 15:44:23Z WARN JobExtension] Ignore exception during read process environment variables: Access to the path '/proc/2427560/environ' is denied.
[2025-03-19 15:44:23Z INFO JobExtension] Inspecting process environment variables. PID: 2427561 (systemd-udevd)
[2025-03-19 15:44:23Z INFO LinuxProcessExtensions] Read env from /proc/2427561/environ
[2025-03-19 15:44:23Z WARN JobExtension] Ignore exception during read process environment variables: Access to the path '/proc/2427561/environ' is denied.
[2025-03-19 15:44:23Z INFO JobExtension] Inspecting process environment variables. PID: 2427562 (systemd-udevd)
[2025-03-19 15:44:23Z INFO LinuxProcessExtensions] Read env from /proc/2427562/environ
[2025-03-19 15:44:23Z WARN JobExtension] Ignore exception during read process environment variables: Access to the path '/proc/2427562/environ' is denied.
[2025-03-19 15:44:23Z INFO JobExtension] Inspecting process environment variables. PID: 2427563 (systemd-udevd)
[2025-03-19 15:44:23Z INFO LinuxProcessExtensions] Read env from /proc/2427563/environ
[2025-03-19 15:44:23Z WARN JobExtension] Ignore exception during read process environment variables: Access to the path '/proc/2427563/environ' is denied.
[2025-03-19 15:44:23Z INFO JobExtension] Inspecting process environment variables. PID: 2427564 (systemd-udevd)
[2025-03-19 15:44:23Z INFO LinuxProcessExtensions] Read env from /proc/2427564/environ
[2025-03-19 15:44:23Z WARN JobExtension] Ignore exception during read process environment variables: Access to the path '/proc/2427564/environ' is denied.
[2025-03-19 15:44:23Z INFO JobExtension] Inspecting process environment variables. PID: 2427565 (systemd-udevd)
[2025-03-19 15:44:23Z INFO LinuxProcessExtensions] Read env from /proc/2427565/environ
[2025-03-19 15:44:23Z WARN JobExtension] Ignore exception during read process environment variables: Access to the path '/proc/2427565/environ' is denied.
[2025-03-19 15:44:23Z INFO JobExtension] Inspecting process environment variables. PID: 2427566 (systemd-udevd)
[2025-03-19 15:44:23Z INFO LinuxProcessExtensions] Read env from /proc/2427566/environ
[2025-03-19 15:44:23Z WARN JobExtension] Ignore exception during read process environment variables: Access to the path '/proc/2427566/environ' is denied.
[2025-03-19 15:44:23Z INFO JobExtension] Inspecting process environment variables. PID: 2427567 (systemd-udevd)
[2025-03-19 15:44:23Z INFO LinuxProcessExtensions] Read env from /proc/2427567/environ
[2025-03-19 15:44:23Z WARN JobExtension] Ignore exception during read process environment variables: Access to the path '/proc/2427567/environ' is denied.
[2025-03-19 15:44:23Z INFO JobExtension] Inspecting process environment variables. PID: 2427568 (systemd-udevd)
[2025-03-19 15:44:23Z INFO LinuxProcessExtensions] Read env from /proc/2427568/environ
[2025-03-19 15:44:23Z WARN JobExtension] Ignore exception during read process environment variables: Access to the path '/proc/2427568/environ' is denied.
[2025-03-19 15:44:23Z INFO JobServerQueue] Try to append 1 batches web console lines for record '4dbbcbf8-ddb5-4a11-a4bc-912272f16e48', success rate: 1/1.
[2025-03-19 15:44:23Z INFO JobServerQueue] Try to append 1 batches web console lines for record 'f2fe3a72-b652-43df-9d19-2d3b2ebc429b', success rate: 1/1.
[2025-03-19 15:44:23Z INFO JobExtension] Inspecting process environment variables. PID: 2427569 (systemd-udevd)
[2025-03-19 15:44:23Z INFO LinuxProcessExtensions] Read env from /proc/2427569/environ
[2025-03-19 15:44:23Z WARN JobExtension] Ignore exception during read process environment variables: Access to the path '/proc/2427569/environ' is denied.
[2025-03-19 15:44:23Z INFO JobExtension] Inspecting process environment variables. PID: 2427570 (systemd-udevd)
[2025-03-19 15:44:23Z INFO LinuxProcessExtensions] Read env from /proc/2427570/environ
[2025-03-19 15:44:23Z WARN JobExtension] Ignore exception during read process environment variables: Access to the path '/proc/2427570/environ' is denied.
[2025-03-19 15:44:23Z INFO JobExtension] Inspecting process environment variables. PID: 2427571 (systemd-udevd)
[2025-03-19 15:44:23Z INFO LinuxProcessExtensions] Read env from /proc/2427571/environ
[2025-03-19 15:44:23Z WARN JobExtension] Ignore exception during read process environment variables: Access to the path '/proc/2427571/environ' is denied.
[2025-03-19 15:44:23Z INFO JobExtension] Inspecting process environment variables. PID: 2427572 (systemd-udevd)
[2025-03-19 15:44:23Z INFO LinuxProcessExtensions] Read env from /proc/2427572/environ
[2025-03-19 15:44:23Z WARN JobExtension] Ignore exception during read process environment variables: Access to the path '/proc/2427572/environ' is denied.
[2025-03-19 15:44:23Z INFO JobExtension] Inspecting process environment variables. PID: 2427573 (systemd-udevd)
[2025-03-19 15:44:23Z INFO LinuxProcessExtensions] Read env from /proc/2427573/environ
[2025-03-19 15:44:23Z WARN JobExtension] Ignore exception during read process environment variables: Access to the path '/proc/2427573/environ' is denied.
[2025-03-19 15:44:23Z INFO JobExtension] Inspecting process environment variables. PID: 2427574 (systemd-udevd)
[2025-03-19 15:44:23Z INFO LinuxProcessExtensions] Read env from /proc/2427574/environ
[2025-03-19 15:44:23Z WARN JobExtension] Ignore exception during read process environment variables: Access to the path '/proc/2427574/environ' is denied.
[2025-03-19 15:44:23Z INFO JobExtension] Inspecting process environment variables. PID: 2427575 (systemd-udevd)
[2025-03-19 15:44:23Z INFO LinuxProcessExtensions] Read env from /proc/2427575/environ
[2025-03-19 15:44:23Z WARN JobExtension] Ignore exception during read process environment variables: Access to the path '/proc/2427575/environ' is denied.
[2025-03-19 15:44:23Z INFO JobExtension] Inspecting process environment variables. PID: 2427576 (systemd-udevd)
[2025-03-19 15:44:23Z INFO LinuxProcessExtensions] Read env from /proc/2427576/environ
[2025-03-19 15:44:23Z WARN JobExtension] Ignore exception during read process environment variables: Access to the path '/proc/2427576/environ' is denied.
[2025-03-19 15:44:23Z INFO JobExtension] Inspecting process environment variables. PID: 2427577 (systemd-udevd)
[2025-03-19 15:44:23Z INFO LinuxProcessExtensions] Read env from /proc/2427577/environ
[2025-03-19 15:44:23Z WARN JobExtension] Ignore exception during read process environment variables: Access to the path '/proc/2427577/environ' is denied.
[2025-03-19 15:44:23Z INFO JobExtension] Inspecting process environment variables. PID: 2427578 (systemd-udevd)
[2025-03-19 15:44:23Z INFO LinuxProcessExtensions] Read env from /proc/2427578/environ
[2025-03-19 15:44:23Z WARN JobExtension] Ignore exception during read process environment variables: Access to the path '/proc/2427578/environ' is denied.
[2025-03-19 15:44:23Z INFO JobExtension] Inspecting process environment variables. PID: 2427579 (systemd-udevd)
[2025-03-19 15:44:23Z INFO LinuxProcessExtensions] Read env from /proc/2427579/environ
[2025-03-19 15:44:23Z WARN JobExtension] Ignore exception during read process environment variables: Access to the path '/proc/2427579/environ' is denied.
[2025-03-19 15:44:23Z INFO JobExtension] Inspecting process environment variables. PID: 2427580 (systemd-udevd)
[2025-03-19 15:44:23Z INFO LinuxProcessExtensions] Read env from /proc/2427580/environ
[2025-03-19 15:44:23Z WARN JobExtension] Ignore exception during read process environment variables: Access to the path '/proc/2427580/environ' is denied.
[2025-03-19 15:44:23Z INFO JobExtension] Inspecting process environment variables. PID: 2427581 (systemd-udevd)
[2025-03-19 15:44:23Z INFO LinuxProcessExtensions] Read env from /proc/2427581/environ
[2025-03-19 15:44:23Z WARN JobExtension] Ignore exception during read process environment variables: Access to the path '/proc/2427581/environ' is denied.
[2025-03-19 15:44:23Z INFO JobExtension] Inspecting process environment variables. PID: 2427582 (systemd-udevd)
[2025-03-19 15:44:23Z INFO LinuxProcessExtensions] Read env from /proc/2427582/environ
[2025-03-19 15:44:23Z WARN JobExtension] Ignore exception during read process environment variables: Access to the path '/proc/2427582/environ' is denied.
[2025-03-19 15:44:23Z INFO JobExtension] Inspecting process environment variables. PID: 2427583 (systemd-udevd)
[2025-03-19 15:44:23Z INFO LinuxProcessExtensions] Read env from /proc/2427583/environ
[2025-03-19 15:44:23Z WARN JobExtension] Ignore exception during read process environment variables: Access to the path '/proc/2427583/environ' is denied.
[2025-03-19 15:44:23Z INFO JobExtension] Inspecting process environment variables. PID: 2427584 (systemd-udevd)
[2025-03-19 15:44:23Z INFO LinuxProcessExtensions] Read env from /proc/2427584/environ
[2025-03-19 15:44:23Z WARN JobExtension] Ignore exception during read process environment variables: Access to the path '/proc/2427584/environ' is denied.
[2025-03-19 15:44:23Z INFO JobExtension] Inspecting process environment variables. PID: 2427585 (systemd-udevd)
[2025-03-19 15:44:23Z INFO LinuxProcessExtensions] Read env from /proc/2427585/environ
[2025-03-19 15:44:23Z WARN JobExtension] Ignore exception during read process environment variables: Access to the path '/proc/2427585/environ' is denied.
[2025-03-19 15:44:23Z INFO JobExtension] Inspecting process environment variables. PID: 2427586 (systemd-udevd)
[2025-03-19 15:44:23Z INFO LinuxProcessExtensions] Read env from /proc/2427586/environ
[2025-03-19 15:44:23Z WARN JobExtension] Ignore exception during read process environment variables: Access to the path '/proc/2427586/environ' is denied.
[2025-03-19 15:44:23Z INFO JobExtension] Inspecting process environment variables. PID: 2427587 (systemd-udevd)
[2025-03-19 15:44:23Z INFO LinuxProcessExtensions] Read env from /proc/2427587/environ
[2025-03-19 15:44:23Z WARN JobExtension] Ignore exception during read process environment variables: Access to the path '/proc/2427587/environ' is denied.
[2025-03-19 15:44:23Z INFO JobExtension] Inspecting process environment variables. PID: 2427588 (systemd-udevd)
[2025-03-19 15:44:23Z INFO LinuxProcessExtensions] Read env from /proc/2427588/environ
[2025-03-19 15:44:23Z WARN JobExtension] Ignore exception during read process environment variables: Access to the path '/proc/2427588/environ' is denied.
[2025-03-19 15:44:23Z INFO JobExtension] Inspecting process environment variables. PID: 2427589 (systemd-udevd)
[2025-03-19 15:44:23Z INFO LinuxProcessExtensions] Read env from /proc/2427589/environ
[2025-03-19 15:44:23Z WARN JobExtension] Ignore exception during read process environment variables: Access to the path '/proc/2427589/environ' is denied.
[2025-03-19 15:44:23Z INFO JobExtension] Inspecting process environment variables. PID: 2427590 (systemd-udevd)
[2025-03-19 15:44:23Z INFO LinuxProcessExtensions] Read env from /proc/2427590/environ
[2025-03-19 15:44:23Z WARN JobExtension] Ignore exception during read process environment variables: Access to the path '/proc/2427590/environ' is denied.
[2025-03-19 15:44:23Z INFO JobExtension] Inspecting process environment variables. PID: 2427591 (systemd-udevd)
[2025-03-19 15:44:23Z INFO LinuxProcessExtensions] Read env from /proc/2427591/environ
[2025-03-19 15:44:23Z WARN JobExtension] Ignore exception during read process environment variables: Access to the path '/proc/2427591/environ' is denied.
[2025-03-19 15:44:23Z INFO JobExtension] Inspecting process environment variables. PID: 2427592 (systemd-udevd)
[2025-03-19 15:44:23Z INFO LinuxProcessExtensions] Read env from /proc/2427592/environ
[2025-03-19 15:44:23Z WARN JobExtension] Ignore exception during read process environment variables: Access to the path '/proc/2427592/environ' is denied.
[2025-03-19 15:44:23Z INFO JobExtension] Inspecting process environment variables. PID: 2427593 (systemd-udevd)
[2025-03-19 15:44:23Z INFO LinuxProcessExtensions] Read env from /proc/2427593/environ
[2025-03-19 15:44:23Z WARN JobExtension] Ignore exception during read process environment variables: Access to the path '/proc/2427593/environ' is denied.
[2025-03-19 15:44:23Z INFO JobExtension] Inspecting process environment variables. PID: 2427594 (systemd-udevd)
[2025-03-19 15:44:23Z INFO LinuxProcessExtensions] Read env from /proc/2427594/environ
[2025-03-19 15:44:23Z WARN JobExtension] Ignore exception during read process environment variables: Access to the path '/proc/2427594/environ' is denied.
[2025-03-19 15:44:23Z INFO JobExtension] Inspecting process environment variables. PID: 2427595 (systemd-udevd)
[2025-03-19 15:44:23Z INFO LinuxProcessExtensions] Read env from /proc/2427595/environ
[2025-03-19 15:44:23Z WARN JobExtension] Ignore exception during read process environment variables: Access to the path '/proc/2427595/environ' is denied.
[2025-03-19 15:44:23Z INFO JobExtension] Inspecting process environment variables. PID: 2427596 (systemd-udevd)
[2025-03-19 15:44:23Z INFO LinuxProcessExtensions] Read env from /proc/2427596/environ
[2025-03-19 15:44:23Z WARN JobExtension] Ignore exception during read process environment variables: Access to the path '/proc/2427596/environ' is denied.
[2025-03-19 15:44:23Z INFO JobExtension] Inspecting process environment variables. PID: 2427597 (systemd-udevd)
[2025-03-19 15:44:23Z INFO LinuxProcessExtensions] Read env from /proc/2427597/environ
[2025-03-19 15:44:23Z WARN JobExtension] Ignore exception during read process environment variables: Access to the path '/proc/2427597/environ' is denied.
[2025-03-19 15:44:23Z INFO JobExtension] Inspecting process environment variables. PID: 2427598 (systemd-udevd)
[2025-03-19 15:44:23Z INFO LinuxProcessExtensions] Read env from /proc/2427598/environ
[2025-03-19 15:44:23Z WARN JobExtension] Ignore exception during read process environment variables: Access to the path '/proc/2427598/environ' is denied.
[2025-03-19 15:44:23Z INFO JobExtension] Inspecting process environment variables. PID: 2427599 (systemd-udevd)
[2025-03-19 15:44:23Z INFO LinuxProcessExtensions] Read env from /proc/2427599/environ
[2025-03-19 15:44:23Z WARN JobExtension] Ignore exception during read process environment variables: Access to the path '/proc/2427599/environ' is denied.
[2025-03-19 15:44:23Z INFO JobExtension] Inspecting process environment variables. PID: 2427600 (systemd-udevd)
[2025-03-19 15:44:23Z INFO LinuxProcessExtensions] Read env from /proc/2427600/environ
[2025-03-19 15:44:23Z WARN JobExtension] Ignore exception during read process environment variables: Access to the path '/proc/2427600/environ' is denied.
[2025-03-19 15:44:23Z INFO JobExtension] Inspecting process environment variables. PID: 2427601 (systemd-udevd)
[2025-03-19 15:44:23Z INFO LinuxProcessExtensions] Read env from /proc/2427601/environ
[2025-03-19 15:44:23Z WARN JobExtension] Ignore exception during read process environment variables: Access to the path '/proc/2427601/environ' is denied.
[2025-03-19 15:44:23Z INFO JobExtension] Inspecting process environment variables. PID: 2427602 (systemd-udevd)
[2025-03-19 15:44:23Z INFO LinuxProcessExtensions] Read env from /proc/2427602/environ
[2025-03-19 15:44:23Z WARN JobExtension] Ignore exception during read process environment variables: Access to the path '/proc/2427602/environ' is denied.
[2025-03-19 15:44:23Z INFO JobExtension] Inspecting process environment variables. PID: 2427603 (systemd-udevd)
[2025-03-19 15:44:23Z INFO LinuxProcessExtensions] Read env from /proc/2427603/environ
[2025-03-19 15:44:23Z WARN JobExtension] Ignore exception during read process environment variables: Access to the path '/proc/2427603/environ' is denied.
[2025-03-19 15:44:23Z INFO JobExtension] Inspecting process environment variables. PID: 2427604 (systemd-udevd)
[2025-03-19 15:44:23Z INFO LinuxProcessExtensions] Read env from /proc/2427604/environ
[2025-03-19 15:44:23Z WARN JobExtension] Ignore exception during read process environment variables: Access to the path '/proc/2427604/environ' is denied.
[2025-03-19 15:44:23Z INFO JobExtension] Inspecting process environment variables. PID: 2427605 (systemd-udevd)
[2025-03-19 15:44:23Z INFO LinuxProcessExtensions] Read env from /proc/2427605/environ
[2025-03-19 15:44:23Z WARN JobExtension] Ignore exception during read process environment variables: Access to the path '/proc/2427605/environ' is denied.
[2025-03-19 15:44:23Z INFO JobExtension] Inspecting process environment variables. PID: 2427630 (kworker/2:1-mm_percpu_wq)
[2025-03-19 15:44:23Z INFO LinuxProcessExtensions] Read env from /proc/2427630/environ
[2025-03-19 15:44:23Z WARN JobExtension] Ignore exception during read process environment variables: Access to the path '/proc/2427630/environ' is denied.
[2025-03-19 15:44:23Z INFO JobExtension] Inspecting process environment variables. PID: 2427660 (kworker/22:2-mm_percpu_wq)
[2025-03-19 15:44:23Z INFO LinuxProcessExtensions] Read env from /proc/2427660/environ
[2025-03-19 15:44:23Z WARN JobExtension] Ignore exception during read process environment variables: Access to the path '/proc/2427660/environ' is denied.
[2025-03-19 15:44:23Z INFO JobExtension] Inspecting process environment variables. PID: 2427661 (kworker/21:0-mm_percpu_wq)
[2025-03-19 15:44:23Z INFO LinuxProcessExtensions] Read env from /proc/2427661/environ
[2025-03-19 15:44:23Z WARN JobExtension] Ignore exception during read process environment variables: Access to the path '/proc/2427661/environ' is denied.
[2025-03-19 15:44:23Z INFO JobExtension] Inspecting process environment variables. PID: 2427662 (kworker/28:1-events)
[2025-03-19 15:44:23Z INFO LinuxProcessExtensions] Read env from /proc/2427662/environ
[2025-03-19 15:44:23Z WARN JobExtension] Ignore exception during read process environment variables: Access to the path '/proc/2427662/environ' is denied.
[2025-03-19 15:44:23Z INFO JobExtension] Inspecting process environment variables. PID: 2427663 (kworker/11:1-mm_percpu_wq)
[2025-03-19 15:44:23Z INFO LinuxProcessExtensions] Read env from /proc/2427663/environ
[2025-03-19 15:44:23Z WARN JobExtension] Ignore exception during read process environment variables: Access to the path '/proc/2427663/environ' is denied.
[2025-03-19 15:44:23Z INFO JobExtension] Inspecting process environment variables. PID: 2427718 (kworker/32:0-events)
[2025-03-19 15:44:23Z INFO LinuxProcessExtensions] Read env from /proc/2427718/environ
[2025-03-19 15:44:23Z WARN JobExtension] Ignore exception during read process environment variables: Access to the path '/proc/2427718/environ' is denied.
[2025-03-19 15:44:23Z INFO JobExtension] Inspecting process environment variables. PID: 2427719 (kworker/30:2-mm_percpu_wq)
[2025-03-19 15:44:23Z INFO LinuxProcessExtensions] Read env from /proc/2427719/environ
[2025-03-19 15:44:23Z WARN JobExtension] Ignore exception during read process environment variables: Access to the path '/proc/2427719/environ' is denied.
[2025-03-19 15:44:23Z INFO JobExtension] Inspecting process environment variables. PID: 2427721 (kworker/14:1-mm_percpu_wq)
[2025-03-19 15:44:23Z INFO LinuxProcessExtensions] Read env from /proc/2427721/environ
[2025-03-19 15:44:23Z WARN JobExtension] Ignore exception during read process environment variables: Access to the path '/proc/2427721/environ' is denied.
[2025-03-19 15:44:23Z INFO JobExtension] Inspecting process environment variables. PID: 2427722 (kworker/13:3-events)
[2025-03-19 15:44:23Z INFO LinuxProcessExtensions] Read env from /proc/2427722/environ
[2025-03-19 15:44:23Z WARN JobExtension] Ignore exception during read process environment variables: Access to the path '/proc/2427722/environ' is denied.
[2025-03-19 15:44:23Z INFO JobExtension] Inspecting process environment variables. PID: 2427726 (kworker/8:0-events)
[2025-03-19 15:44:23Z INFO LinuxProcessExtensions] Read env from /proc/2427726/environ
[2025-03-19 15:44:23Z WARN JobExtension] Ignore exception during read process environment variables: Access to the path '/proc/2427726/environ' is denied.
[2025-03-19 15:44:23Z INFO JobExtension] Inspecting process environment variables. PID: 2427735 (kworker/12:2-mm_percpu_wq)
[2025-03-19 15:44:23Z INFO LinuxProcessExtensions] Read env from /proc/2427735/environ
[2025-03-19 15:44:23Z WARN JobExtension] Ignore exception during read process environment variables: Access to the path '/proc/2427735/environ' is denied.
[2025-03-19 15:44:23Z INFO JobExtension] Inspecting process environment variables. PID: 2427748 (kworker/0:1-events)
[2025-03-19 15:44:23Z INFO LinuxProcessExtensions] Read env from /proc/2427748/environ
[2025-03-19 15:44:23Z WARN JobExtension] Ignore exception during read process environment variables: Access to the path '/proc/2427748/environ' is denied.
[2025-03-19 15:44:23Z INFO JobExtension] Inspecting process environment variables. PID: 2427789 (kworker/4:2)
[2025-03-19 15:44:23Z INFO LinuxProcessExtensions] Read env from /proc/2427789/environ
[2025-03-19 15:44:23Z WARN JobExtension] Ignore exception during read process environment variables: Access to the path '/proc/2427789/environ' is denied.
[2025-03-19 15:44:23Z INFO JobExtension] Inspecting process environment variables. PID: 2427852 (kworker/3:0-events)
[2025-03-19 15:44:23Z INFO LinuxProcessExtensions] Read env from /proc/2427852/environ
[2025-03-19 15:44:23Z WARN JobExtension] Ignore exception during read process environment variables: Access to the path '/proc/2427852/environ' is denied.
[2025-03-19 15:44:23Z INFO JobExtension] Inspecting process environment variables. PID: 2427871 (kworker/12:3-events)
[2025-03-19 15:44:23Z INFO LinuxProcessExtensions] Read env from /proc/2427871/environ
[2025-03-19 15:44:23Z WARN JobExtension] Ignore exception during read process environment variables: Access to the path '/proc/2427871/environ' is denied.
[2025-03-19 15:44:23Z INFO JobExtension] Inspecting process environment variables. PID: 2427873 (kworker/1:2-rcu_par_gp)
[2025-03-19 15:44:23Z INFO LinuxProcessExtensions] Read env from /proc/2427873/environ
[2025-03-19 15:44:23Z WARN JobExtension] Ignore exception during read process environment variables: Access to the path '/proc/2427873/environ' is denied.
[2025-03-19 15:44:23Z INFO JobExtension] Inspecting process environment variables. PID: 2427876 (kworker/19:2-events)
[2025-03-19 15:44:23Z INFO LinuxProcessExtensions] Read env from /proc/2427876/environ
[2025-03-19 15:44:23Z WARN JobExtension] Ignore exception during read process environment variables: Access to the path '/proc/2427876/environ' is denied.
[2025-03-19 15:44:23Z INFO JobExtension] Inspecting process environment variables. PID: 2427877 (kworker/u72:3)
[2025-03-19 15:44:23Z INFO LinuxProcessExtensions] Read env from /proc/2427877/environ
[2025-03-19 15:44:23Z WARN JobExtension] Ignore exception during read process environment variables: Access to the path '/proc/2427877/environ' is denied.
[2025-03-19 15:44:23Z INFO JobExtension] Inspecting process environment variables. PID: 2427878 (sleep)
[2025-03-19 15:44:23Z INFO LinuxProcessExtensions] Read env from /proc/2427878/environ
[2025-03-19 15:44:23Z WARN JobExtension] Ignore exception during read process environment variables: Access to the path '/proc/2427878/environ' is denied.
[2025-03-19 15:44:23Z INFO JobExtension] Inspecting process environment variables. PID: 2427890 (kworker/18:0)
[2025-03-19 15:44:23Z INFO LinuxProcessExtensions] Read env from /proc/2427890/environ
[2025-03-19 15:44:23Z WARN JobExtension] Ignore exception during read process environment variables: Access to the path '/proc/2427890/environ' is denied.
[2025-03-19 15:44:23Z INFO JobExtension] Inspecting process environment variables. PID: 2427891 (nm-dispatcher)
[2025-03-19 15:44:23Z INFO LinuxProcessExtensions] Read env from /proc/2427891/environ
[2025-03-19 15:44:23Z WARN JobExtension] Ignore exception during read process environment variables: Access to the path '/proc/2427891/environ' is denied.
[2025-03-19 15:44:23Z INFO ExecutionContext] Publish step telemetry for current step {
  "action": "complete_job",
  "type": "runner",
  "stage": "Post",
  "stepId": "f2fe3a72-b652-43df-9d19-2d3b2ebc429b",
  "result": "succeeded",
  "errorMessages": [],
  "executionTimeInSeconds": 1,
  "startTime": "2025-03-19T15:44:23.0173803Z",
  "finishTime": "2025-03-19T15:44:23.159912Z"
}.
[2025-03-19 15:44:23Z INFO JobRunner] Job result after all job steps finish: Succeeded
[2025-03-19 15:44:23Z INFO JobRunner] Completing the job execution context.
[2025-03-19 15:44:23Z INFO JobRunner] Shutting down the job server queue.
[2025-03-19 15:44:23Z INFO JobServerQueue] Fire signal to shutdown all queues.
[2025-03-19 15:44:23Z INFO JobServerQueue] All queue process task stopped.
[2025-03-19 15:44:23Z INFO JobServerQueue] Web console line queue drained.
[2025-03-19 15:44:23Z INFO JobServerQueue] Uploading 3 files in one shot.
[2025-03-19 15:44:23Z INFO JobServerQueue] Try to upload 3 log files or attachments, success rate: 3/3.
[2025-03-19 15:44:23Z INFO JobServerQueue] File upload queue drained.
[2025-03-19 15:44:23Z INFO JobServerQueue] Starting results-based upload queue...
[2025-03-19 15:44:23Z INFO JobServerQueue] Uploading 3 file(s) in one shot through results service.
[2025-03-19 15:44:23Z INFO JobServerQueue] Got a step log file to send to results service.
[2025-03-19 15:44:23Z INFO JobServerQueue] Starting upload of step log file to results service ResultsLog, /home/jenny/tensorflow-mri/_diag/blocks/352e62ab-c249-47f2-bad9-fb15096f3ea3_4dbbcbf8-ddb5-4a11-a4bc-912272f16e48.1
[2025-03-19 15:44:24Z INFO JobServerQueue] Got a step log file to send to results service.
[2025-03-19 15:44:24Z INFO JobServerQueue] Starting upload of step log file to results service ResultsLog, /home/jenny/tensorflow-mri/_diag/blocks/352e62ab-c249-47f2-bad9-fb15096f3ea3_f2fe3a72-b652-43df-9d19-2d3b2ebc429b.1
[2025-03-19 15:44:24Z INFO JobServerQueue] Got a job log file to send to results service.
[2025-03-19 15:44:24Z INFO JobServerQueue] Starting upload of job log file to results service ResultsLog, /home/jenny/tensorflow-mri/_diag/blocks/352e62ab-c249-47f2-bad9-fb15096f3ea3_b10cc4ca-52bb-535e-8588-295e04879c6d.1
[2025-03-19 15:44:25Z INFO JobServerQueue] Tried to upload 3 file(s) to results, success rate: 3/3.
[2025-03-19 15:44:25Z INFO JobServerQueue] Results upload queue drained.
[2025-03-19 15:44:25Z INFO JobServerQueue] Timeline update queue drained.
[2025-03-19 15:44:25Z INFO JobServerQueue] Disposing job server ...
[2025-03-19 15:44:25Z INFO JobServerQueue] Disposing results server ...
[2025-03-19 15:44:25Z INFO JobServerQueue] All queue process tasks have been stopped, and all queues are drained.
[2025-03-19 15:44:25Z INFO TempDirectoryManager] Cleaning runner temp folder: /home/jenny/tensorflow-mri/_work/_temp
[2025-03-19 15:44:25Z ERR  TempDirectoryManager] System.IO.IOException: Access to the path '/home/jenny/tensorflow-mri/_work/_temp/_github_home/.config/matplotlib' is denied.
   at System.IO.FileSystem.RemoveEmptyDirectory(String fullPath, Boolean topLevel, Boolean throwWhenNotEmpty)
   at System.IO.DirectoryInfo.Delete()
   at GitHub.Runner.Sdk.IOUtil.DeleteDirectory(String path, Boolean contentsOnly, Boolean continueOnContentDeleteError, CancellationToken cancellationToken)
   at GitHub.Runner.Worker.TempDirectoryManager.CleanupTempDirectory()
[2025-03-19 15:44:25Z INFO HostContext] Well known directory 'Bin': '/home/jenny/tensorflow-mri/bin'
[2025-03-19 15:44:25Z INFO HostContext] Well known directory 'Root': '/home/jenny/tensorflow-mri'
[2025-03-19 15:44:25Z INFO HostContext] Well known directory 'Diag': '/home/jenny/tensorflow-mri/_diag'
[2025-03-19 15:44:25Z INFO HostContext] Well known config file 'Telemetry': '/home/jenny/tensorflow-mri/_diag/.telemetry'
[2025-03-19 15:44:25Z INFO JobRunner] Raising job completed against run service
[2025-03-19 15:44:25Z INFO Worker] Job completed.
