[2025-03-19 14:53:06Z INFO HostContext] No proxy settings were found based on environmental variables (http_proxy/https_proxy/HTTP_PROXY/HTTPS_PROXY)
[2025-03-19 14:53:06Z INFO HostContext] Well known directory 'Bin': '/home/jenny/tensorflow-mri/bin'
[2025-03-19 14:53:06Z INFO HostContext] Well known directory 'Root': '/home/jenny/tensorflow-mri'
[2025-03-19 14:53:06Z INFO HostContext] Well known config file 'Credentials': '/home/jenny/tensorflow-mri/.credentials'
[2025-03-19 14:53:06Z INFO HostContext] Well known directory 'Bin': '/home/jenny/tensorflow-mri/bin'
[2025-03-19 14:53:06Z INFO HostContext] Well known directory 'Root': '/home/jenny/tensorflow-mri'
[2025-03-19 14:53:06Z INFO HostContext] Well known config file 'Runner': '/home/jenny/tensorflow-mri/.runner'
[2025-03-19 14:53:06Z INFO Worker] Version: 2.322.0
[2025-03-19 14:53:06Z INFO Worker] Commit: 0edc478ca75d0a753dcbcec7405f3f26db67b1ac
[2025-03-19 14:53:06Z INFO Worker] Culture: en-GB
[2025-03-19 14:53:06Z INFO Worker] UI Culture: en-GB
[2025-03-19 14:53:06Z INFO Worker] Waiting to receive the job message from the channel.
[2025-03-19 14:53:06Z INFO ProcessChannel] Receiving message of length 25332, with hash 'd505a3265ab7d3486a870d5e1d479d0643816a8a7a886499f9ec0b334a43bb65'
[2025-03-19 14:53:06Z INFO Worker] Message received.
[2025-03-19 14:53:06Z INFO Worker] Job message:
 {
  "environmentVariables": [
    {
      "type": 2,
      "file": 1,
      "line": 29,
      "col": 7,
      "map": [
        {
          "key": {
            "type": 0,
            "file": 1,
            "line": 29,
            "col": 7,
            "lit": "PYTHON"
          },
          "value": {
            "type": 3,
            "file": 1,
            "line": 29,
            "col": 15,
            "expr": "format('python{0}', matrix.py_version)"
          }
        }
      ]
    }
  ],
  "fileTable": [
    ".github/workflows/build-package.yml"
  ],
  "mask": [
    {
      "type": "regex",
      "value": "***"
    },
    {
      "type": "regex",
      "value": "***"
    },
    {
      "type": "regex",
      "value": "***"
    },
    {
      "type": "regex",
      "value": "***"
    },
    {
      "type": "regex",
      "value": "***"
    },
    {
      "type": "regex",
      "value": "***"
    },
    {
      "type": "regex",
      "value": "***"
    },
    {
      "type": "regex",
      "value": "***"
    },
    {
      "type": "regex",
      "value": "***"
    },
    {
      "type": "regex",
      "value": "***"
    },
    {
      "type": "regex",
      "value": "***"
    },
    {
      "type": "regex",
      "value": "***"
    },
    {
      "type": "regex",
      "value": "***"
    },
    {
      "type": "regex",
      "value": "***"
    },
    {
      "type": "regex",
      "value": "***"
    },
    {
      "type": "regex",
      "value": "***"
    },
    {
      "type": "regex",
      "value": "***"
    },
    {
      "type": "regex",
      "value": "***"
    }
  ],
  "steps": [
    {
      "type": "action",
      "reference": {
        "type": "repository",
        "name": "actions/checkout",
        "ref": "v4",
        "repositoryType": "GitHub"
      },
      "displayNameToken": {
        "type": 0,
        "file": 1,
        "line": 32,
        "col": 15,
        "lit": "Checkout code"
      },
      "contextName": "__actions_checkout",
      "inputs": {
        "type": 2,
        "file": 1,
        "line": 35,
        "col": 11,
        "map": [
          {
            "key": {
              "type": 0,
              "file": 1,
              "line": 35,
              "col": 11,
              "lit": "lfs"
            },
            "value": {
              "type": 0,
              "file": 1,
              "line": 35,
              "col": 16,
              "lit": "true"
            }
          }
        ]
      },
      "condition": "success()",
      "id": "9807dd77-28ca-4ba6-a9fc-aa5762dfe7fc",
      "name": "__actions_checkout"
    },
    {
      "type": "action",
      "reference": {
        "type": "script"
      },
      "displayNameToken": {
        "type": 0,
        "file": 1,
        "line": 37,
        "col": 15,
        "lit": "Lint code"
      },
      "contextName": "__run",
      "inputs": {
        "type": 2,
        "map": [
          {
            "key": "script",
            "value": {
              "type": 3,
              "file": 1,
              "line": 38,
              "col": 14,
              "expr": "format('make lint PY_VERSION={0}\n', matrix.py_version)"
            }
          }
        ]
      },
      "condition": "success()",
      "id": "4ece0f53-62a0-43dd-8f11-e908b731f6c9",
      "name": "__run"
    },
    {
      "type": "action",
      "reference": {
        "type": "script"
      },
      "displayNameToken": {
        "type": 0,
        "file": 1,
        "line": 41,
        "col": 15,
        "lit": "Compile shared library"
      },
      "contextName": "__run_2",
      "inputs": {
        "type": 2,
        "map": [
          {
            "key": "script",
            "value": {
              "type": 3,
              "file": 1,
              "line": 42,
              "col": 14,
              "expr": "format('make PY_VERSION={0} CXX=/dt9/usr/bin/g++\n', matrix.py_version)"
            }
          }
        ]
      },
      "condition": "success()",
      "id": "452fd052-38df-4d26-8931-ed7140817967",
      "name": "__run_2"
    },
    {
      "type": "action",
      "reference": {
        "type": "script"
      },
      "displayNameToken": {
        "type": 0,
        "file": 1,
        "line": 45,
        "col": 15,
        "lit": "Install required packages"
      },
      "contextName": "__run_3",
      "inputs": {
        "type": 2,
        "map": [
          {
            "key": "script",
            "value": {
              "type": 0,
              "file": 1,
              "line": 46,
              "col": 14,
              "lit": "$PYTHON -m pip install --no-cache-dir -r requirements.txt\n"
            }
          }
        ]
      },
      "condition": "success()",
      "id": "5a108bf3-d907-4372-a675-e55c9e151983",
      "name": "__run_3"
    },
    {
      "type": "action",
      "reference": {
        "type": "script"
      },
      "displayNameToken": {
        "type": 0,
        "file": 1,
        "line": 49,
        "col": 15,
        "lit": "Run test suite"
      },
      "contextName": "__run_4",
      "inputs": {
        "type": 2,
        "map": [
          {
            "key": "script",
            "value": {
              "type": 3,
              "file": 1,
              "line": 50,
              "col": 14,
              "expr": "format('make test PY_VERSION={0}\n', matrix.py_version)"
            }
          }
        ]
      },
      "condition": "success()",
      "id": "f355e6cf-a639-4a09-926b-218b0d80cbc0",
      "name": "__run_4"
    },
    {
      "type": "action",
      "reference": {
        "type": "script"
      },
      "displayNameToken": {
        "type": 0,
        "file": 1,
        "line": 53,
        "col": 15,
        "lit": "Build wheel"
      },
      "contextName": "__run_5",
      "inputs": {
        "type": 2,
        "map": [
          {
            "key": "script",
            "value": {
              "type": 3,
              "file": 1,
              "line": 54,
              "col": 14,
              "expr": "format('make wheel PY_VERSION={0}\n', matrix.py_version)"
            }
          }
        ]
      },
      "condition": "success()",
      "id": "58ba2620-7175-41de-b3d2-44653d081ce6",
      "name": "__run_5"
    },
    {
      "type": "action",
      "reference": {
        "type": "script"
      },
      "displayNameToken": {
        "type": 0,
        "file": 1,
        "line": 57,
        "col": 15,
        "lit": "Build docs"
      },
      "contextName": "__run_6",
      "inputs": {
        "type": 2,
        "map": [
          {
            "key": "script",
            "value": {
              "type": 3,
              "file": 1,
              "line": 58,
              "col": 14,
              "expr": "format('make docs PY_VERSION={0}\n', matrix.py_version)"
            }
          }
        ]
      },
      "condition": "success()",
      "id": "718e7f2e-dd8b-41cd-a9f8-3e9d32890fa9",
      "name": "__run_6"
    },
    {
      "type": "action",
      "reference": {
        "type": "repository",
        "name": "actions/upload-artifact",
        "ref": "v4",
        "repositoryType": "GitHub"
      },
      "displayNameToken": {
        "type": 0,
        "file": 1,
        "line": 61,
        "col": 15,
        "lit": "Upload wheel"
      },
      "contextName": "__actions_upload-artifact",
      "inputs": {
        "type": 2,
        "file": 1,
        "line": 65,
        "col": 11,
        "map": [
          {
            "key": {
              "type": 0,
              "file": 1,
              "line": 65,
              "col": 11,
              "lit": "name"
            },
            "value": {
              "type": 3,
              "file": 1,
              "line": 65,
              "col": 17,
              "expr": "format('wheel-py{0}', matrix.py_version)"
            }
          },
          {
            "key": {
              "type": 0,
              "file": 1,
              "line": 66,
              "col": 11,
              "lit": "path"
            },
            "value": {
              "type": 0,
              "file": 1,
              "line": 66,
              "col": 17,
              "lit": "./artifacts/*.whl"
            }
          }
        ]
      },
      "condition": "success() && (startsWith(github.ref, 'refs/tags'))",
      "id": "10e8d057-ab2c-42df-a51a-b5f558a0aa97",
      "name": "__actions_upload-artifact"
    },
    {
      "type": "action",
      "reference": {
        "type": "repository",
        "name": "actions/upload-artifact",
        "ref": "v4",
        "repositoryType": "GitHub"
      },
      "displayNameToken": {
        "type": 0,
        "file": 1,
        "line": 68,
        "col": 15,
        "lit": "Upload docs"
      },
      "contextName": "__actions_upload-artifact_2",
      "inputs": {
        "type": 2,
        "file": 1,
        "line": 72,
        "col": 11,
        "map": [
          {
            "key": {
              "type": 0,
              "file": 1,
              "line": 72,
              "col": 11,
              "lit": "name"
            },
            "value": {
              "type": 0,
              "file": 1,
              "line": 72,
              "col": 17,
              "lit": "docs"
            }
          },
          {
            "key": {
              "type": 0,
              "file": 1,
              "line": 73,
              "col": 11,
              "lit": "path"
            },
            "value": {
              "type": 0,
              "file": 1,
              "line": 73,
              "col": 17,
              "lit": "./tools/docs/_build/dirhtml"
            }
          }
        ]
      },
      "condition": "success() && (startsWith(github.ref, 'refs/tags') && matrix.py_version == 3.9)",
      "id": "439c0778-1a8c-425a-8971-f7d29c1c4ff7",
      "name": "__actions_upload-artifact_2"
    },
    {
      "type": "action",
      "reference": {
        "type": "repository",
        "name": "pypa/gh-action-pypi-publish",
        "ref": "release/v1.7",
        "repositoryType": "GitHub"
      },
      "displayNameToken": {
        "type": 0,
        "file": 1,
        "line": 75,
        "col": 15,
        "lit": "Publish to Test PyPI"
      },
      "contextName": "__pypa_gh-action-pypi-publish",
      "inputs": {
        "type": 2,
        "file": 1,
        "line": 78,
        "col": 11,
        "map": [
          {
            "key": {
              "type": 0,
              "file": 1,
              "line": 78,
              "col": 11,
              "lit": "password"
            },
            "value": {
              "type": 3,
              "file": 1,
              "line": 78,
              "col": 21,
              "expr": "secrets.TEST_PYPI_API_TOKEN"
            }
          },
          {
            "key": {
              "type": 0,
              "file": 1,
              "line": 79,
              "col": 11,
              "lit": "repository-url"
            },
            "value": {
              "type": 0,
              "file": 1,
              "line": 79,
              "col": 27,
              "lit": "https://test.pypi.org/legacy/"
            }
          },
          {
            "key": {
              "type": 0,
              "file": 1,
              "line": 80,
              "col": 11,
              "lit": "packages-dir"
            },
            "value": {
              "type": 0,
              "file": 1,
              "line": 80,
              "col": 25,
              "lit": "artifacts/"
            }
          },
          {
            "key": {
              "type": 0,
              "file": 1,
              "line": 81,
              "col": 11,
              "lit": "skip-existing"
            },
            "value": {
              "type": 0,
              "file": 1,
              "line": 81,
              "col": 26,
              "lit": "true"
            }
          }
        ]
      },
      "condition": "success()",
      "id": "44e2dba0-96a0-44a6-bf7c-fe485c9bb45d",
      "name": "__pypa_gh-action-pypi-publish"
    }
  ],
  "variables": {
    "Actions.EnableHttpRedirects": {
      "value": "true"
    },
    "DistributedTask.AddWarningToNode12Action": {
      "value": "true"
    },
    "DistributedTask.AddWarningToNode16Action": {
      "value": "true"
    },
    "DistributedTask.AllowRunnerContainerHooks": {
      "value": "true"
    },
    "DistributedTask.DeprecateStepOutputCommands": {
      "value": "true"
    },
    "DistributedTask.DetailUntarFailure": {
      "value": "true"
    },
    "DistributedTask.EnableCompositeActions": {
      "value": "true"
    },
    "DistributedTask.EnableJobServerQueueTelemetry": {
      "value": "true"
    },
    "DistributedTask.EnhancedAnnotations": {
      "value": "true"
    },
    "DistributedTask.ForceGithubJavascriptActionsToNode16": {
      "value": "true"
    },
    "DistributedTask.ForceGithubJavascriptActionsToNode20": {
      "value": "true"
    },
    "DistributedTask.LogTemplateErrorsAsDebugMessages": {
      "value": "true"
    },
    "DistributedTask.MarkJobAsFailedOnWorkerCrash": {
      "value": "true"
    },
    "DistributedTask.NewActionMetadata": {
      "value": "true"
    },
    "DistributedTask.UploadStepSummary": {
      "value": "true"
    },
    "DistributedTask.UseActionArchiveCache": {
      "value": "true"
    },
    "DistributedTask.UseWhich2": {
      "value": "true"
    },
    "RunService.FixEmbeddedIssues": {
      "value": "true"
    },
    "TEST_PYPI_API_TOKEN": {
      "value": "***",
      "isSecret": true
    },
    "actions_skip_retry_complete_job_upon_known_errors": {
      "value": "false"
    },
    "actions_uses_cache_service_v2": {
      "value": "true"
    },
    "github_token": {
      "value": "***",
      "isSecret": true
    },
    "system.from_run_service": {
      "value": "true"
    },
    "system.github.job": {
      "value": "build"
    },
    "system.github.launch_endpoint": {
      "value": "https://launch.actions.githubusercontent.com"
    },
    "system.github.results_endpoint": {
      "value": "https://results-receiver.actions.githubusercontent.com/"
    },
    "system.github.results_upload_with_sdk": {
      "value": "true"
    },
    "system.github.token": {
      "value": "***",
      "isSecret": true
    },
    "system.github.token.permissions": {
      "value": "{\"Actions\":\"write\",\"Attestations\":\"write\",\"Checks\":\"write\",\"Contents\":\"write\",\"Deployments\":\"write\",\"Discussions\":\"write\",\"Issues\":\"write\",\"Metadata\":\"read\",\"Models\":\"read\",\"Packages\":\"write\",\"Pages\":\"write\",\"PullRequests\":\"write\",\"RepositoryProjects\":\"write\",\"SecurityEvents\":\"write\",\"Statuses\":\"write\"}"
    },
    "system.orchestrationId": {
      "value": "352e62ab-c249-47f2-bad9-fb15096f3ea3.build._3_10"
    },
    "system.phaseDisplayName": {
      "value": "Build package (3.10)"
    },
    "system.runner.lowdiskspacethreshold": {
      "value": "100"
    },
    "system.runnerEnvironment": {
      "value": "self-hosted"
    }
  },
  "messageType": "RunnerJobRequest",
  "plan": {
    "scopeIdentifier": "00000000-0000-0000-0000-000000000000",
    "planType": "actions",
    "version": 0,
    "planId": "352e62ab-c249-47f2-bad9-fb15096f3ea3",
    "planGroup": null,
    "artifactUri": null,
    "artifactLocation": null,
    "definition": null,
    "owner": null
  },
  "timeline": {
    "id": "352e62ab-c249-47f2-bad9-fb15096f3ea3",
    "changeId": 0,
    "location": null
  },
  "jobId": "c7703e6f-efde-5518-bb12-0dcfe0abf4af",
  "jobDisplayName": "Build package (3.10)",
  "jobName": "_3_10",
  "jobContainer": {
    "type": 2,
    "file": 1,
    "line": 22,
    "col": 7,
    "map": [
      {
        "key": {
          "type": 0,
          "file": 1,
          "line": 22,
          "col": 7,
          "lit": "image"
        },
        "value": {
          "type": 0,
          "file": 1,
          "line": 22,
          "col": 14,
          "lit": "ghcr.io/mrphys/tensorflow-manylinux:1.14.0"
        }
      }
    ]
  },
  "requestId": 0,
  "lockedUntil": "0001-01-01T00:00:00",
  "resources": {
    "endpoints": [
      {
        "data": {
          "ServerId": "",
          "ServerName": "",
          "CacheServerUrl": "https://acghubeus2.actions.githubusercontent.com/vt3bImj3043IXjYZVOBEgt9xtkc1LUzoh1ehrojRmktneQJqoL/",
          "FeedStreamUrl": "wss://results-receiver.actions.githubusercontent.com/_ws/ingest.sock",
          "ResultsServiceUrl": "https://results-receiver.actions.githubusercontent.com/",
          "PipelinesServiceUrl": "https://pipelinesghubeus25.actions.githubusercontent.com/vt3bImj3043IXjYZVOBEgt9xtkc1LUzoh1ehrojRmktneQJqoL/",
          "GenerateIdTokenUrl": ""
        },
        "name": "SystemVssConnection",
        "url": "https://run-actions-1-azure-eastus.actions.githubusercontent.com/30/",
        "authorization": {
          "parameters": {
            "AccessToken": "***"
          },
          "scheme": "OAuth"
        },
        "isShared": false,
        "isReady": true
      }
    ]
  },
  "contextData": {
    "github": {
      "t": 2,
      "d": [
        {
          "k": "ref",
          "v": "refs/heads/master"
        },
        {
          "k": "sha",
          "v": "e8cfa19ede9e960bdfb6046d2f0f9694b2923226"
        },
        {
          "k": "repository",
          "v": "mrphys/tensorflow-mri"
        },
        {
          "k": "repository_owner",
          "v": "mrphys"
        },
        {
          "k": "repository_owner_id",
          "v": "53480519"
        },
        {
          "k": "repositoryUrl",
          "v": "git://github.com/mrphys/tensorflow-mri.git"
        },
        {
          "k": "run_id",
          "v": "13949035958"
        },
        {
          "k": "run_number",
          "v": "222"
        },
        {
          "k": "retention_days",
          "v": "90"
        },
        {
          "k": "run_attempt",
          "v": "1"
        },
        {
          "k": "artifact_cache_size_limit",
          "v": "10"
        },
        {
          "k": "repository_visibility",
          "v": "public"
        },
        {
          "k": "actor_id",
          "v": "53479871"
        },
        {
          "k": "actor",
          "v": "jennifersteeden"
        },
        {
          "k": "workflow",
          "v": "build"
        },
        {
          "k": "head_ref",
          "v": ""
        },
        {
          "k": "base_ref",
          "v": ""
        },
        {
          "k": "event_name",
          "v": "push"
        },
        {
          "k": "server_url",
          "v": "https://github.com"
        },
        {
          "k": "api_url",
          "v": "https://api.github.com"
        },
        {
          "k": "graphql_url",
          "v": "https://api.github.com/graphql"
        },
        {
          "k": "ref_name",
          "v": "master"
        },
        {
          "k": "ref_protected",
          "v": true
        },
        {
          "k": "ref_type",
          "v": "branch"
        },
        {
          "k": "secret_source",
          "v": "Actions"
        },
        {
          "k": "event",
          "v": {
            "t": 2,
            "d": [
              {
                "k": "after",
                "v": "e8cfa19ede9e960bdfb6046d2f0f9694b2923226"
              },
              {
                "k": "base_ref",
                "v": null
              },
              {
                "k": "before",
                "v": "0665b941f253dfa9b6c17e477a9100c9ad61eeed"
              },
              {
                "k": "commits",
                "v": {
                  "t": 1,
                  "a": [
                    {
                      "t": 2,
                      "d": [
                        {
                          "k": "author",
                          "v": {
                            "t": 2,
                            "d": [
                              {
                                "k": "email",
                                "v": "jennifer.steeden@ucl.ac.uk"
                              },
                              {
                                "k": "name",
                                "v": "jennifersteeden"
                              },
                              {
                                "k": "username",
                                "v": "jennifersteeden"
                              }
                            ]
                          }
                        },
                        {
                          "k": "committer",
                          "v": {
                            "t": 2,
                            "d": [
                              {
                                "k": "email",
                                "v": "jennifer.steeden@ucl.ac.uk"
                              },
                              {
                                "k": "name",
                                "v": "jennifersteeden"
                              },
                              {
                                "k": "username",
                                "v": "jennifersteeden"
                              }
                            ]
                          }
                        },
                        {
                          "k": "distinct",
                          "v": true
                        },
                        {
                          "k": "id",
                          "v": "e8cfa19ede9e960bdfb6046d2f0f9694b2923226"
                        },
                        {
                          "k": "message",
                          "v": "changing to self-hosted runner"
                        },
                        {
                          "k": "timestamp",
                          "v": "2025-03-19T14:27:52Z"
                        },
                        {
                          "k": "tree_id",
                          "v": "87a23108af1d87dd75c98072c73deec40dd98352"
                        },
                        {
                          "k": "url",
                          "v": "https://github.com/mrphys/tensorflow-mri/commit/e8cfa19ede9e960bdfb6046d2f0f9694b2923226"
                        }
                      ]
                    }
                  ]
                }
              },
              {
                "k": "compare",
                "v": "https://github.com/mrphys/tensorflow-mri/compare/0665b941f253...e8cfa19ede9e"
              },
              {
                "k": "created",
                "v": false
              },
              {
                "k": "deleted",
                "v": false
              },
              {
                "k": "forced",
                "v": false
              },
              {
                "k": "head_commit",
                "v": {
                  "t": 2,
                  "d": [
                    {
                      "k": "author",
                      "v": {
                        "t": 2,
                        "d": [
                          {
                            "k": "email",
                            "v": "jennifer.steeden@ucl.ac.uk"
                          },
                          {
                            "k": "name",
                            "v": "jennifersteeden"
                          },
                          {
                            "k": "username",
                            "v": "jennifersteeden"
                          }
                        ]
                      }
                    },
                    {
                      "k": "committer",
                      "v": {
                        "t": 2,
                        "d": [
                          {
                            "k": "email",
                            "v": "jennifer.steeden@ucl.ac.uk"
                          },
                          {
                            "k": "name",
                            "v": "jennifersteeden"
                          },
                          {
                            "k": "username",
                            "v": "jennifersteeden"
                          }
                        ]
                      }
                    },
                    {
                      "k": "distinct",
                      "v": true
                    },
                    {
                      "k": "id",
                      "v": "e8cfa19ede9e960bdfb6046d2f0f9694b2923226"
                    },
                    {
                      "k": "message",
                      "v": "changing to self-hosted runner"
                    },
                    {
                      "k": "timestamp",
                      "v": "2025-03-19T14:27:52Z"
                    },
                    {
                      "k": "tree_id",
                      "v": "87a23108af1d87dd75c98072c73deec40dd98352"
                    },
                    {
                      "k": "url",
                      "v": "https://github.com/mrphys/tensorflow-mri/commit/e8cfa19ede9e960bdfb6046d2f0f9694b2923226"
                    }
                  ]
                }
              },
              {
                "k": "organization",
                "v": {
                  "t": 2,
                  "d": [
                    {
                      "k": "avatar_url",
                      "v": "https://avatars.githubusercontent.com/u/53480519?v=4"
                    },
                    {
                      "k": "description",
                      "v": ""
                    },
                    {
                      "k": "events_url",
                      "v": "https://api.github.com/orgs/mrphys/events"
                    },
                    {
                      "k": "hooks_url",
                      "v": "https://api.github.com/orgs/mrphys/hooks"
                    },
                    {
                      "k": "id",
                      "v": 53480519.0
                    },
                    {
                      "k": "issues_url",
                      "v": "https://api.github.com/orgs/mrphys/issues"
                    },
                    {
                      "k": "login",
                      "v": "mrphys"
                    },
                    {
                      "k": "members_url",
                      "v": "https://api.github.com/orgs/mrphys/members{/member}"
                    },
                    {
                      "k": "node_id",
                      "v": "MDEyOk9yZ2FuaXphdGlvbjUzNDgwNTE5"
                    },
                    {
                      "k": "public_members_url",
                      "v": "https://api.github.com/orgs/mrphys/public_members{/member}"
                    },
                    {
                      "k": "repos_url",
                      "v": "https://api.github.com/orgs/mrphys/repos"
                    },
                    {
                      "k": "url",
                      "v": "https://api.github.com/orgs/mrphys"
                    }
                  ]
                }
              },
              {
                "k": "pusher",
                "v": {
                  "t": 2,
                  "d": [
                    {
                      "k": "email",
                      "v": "53479871+jennifersteeden@users.noreply.github.com"
                    },
                    {
                      "k": "name",
                      "v": "jennifersteeden"
                    }
                  ]
                }
              },
              {
                "k": "ref",
                "v": "refs/heads/master"
              },
              {
                "k": "repository",
                "v": {
                  "t": 2,
                  "d": [
                    {
                      "k": "allow_forking",
                      "v": true
                    },
                    {
                      "k": "archive_url",
                      "v": "https://api.github.com/repos/mrphys/tensorflow-mri/{archive_format}{/ref}"
                    },
                    {
                      "k": "archived",
                      "v": false
                    },
                    {
                      "k": "assignees_url",
                      "v": "https://api.github.com/repos/mrphys/tensorflow-mri/assignees{/user}"
                    },
                    {
                      "k": "blobs_url",
                      "v": "https://api.github.com/repos/mrphys/tensorflow-mri/git/blobs{/sha}"
                    },
                    {
                      "k": "branches_url",
                      "v": "https://api.github.com/repos/mrphys/tensorflow-mri/branches{/branch}"
                    },
                    {
                      "k": "clone_url",
                      "v": "https://github.com/mrphys/tensorflow-mri.git"
                    },
                    {
                      "k": "collaborators_url",
                      "v": "https://api.github.com/repos/mrphys/tensorflow-mri/collaborators{/collaborator}"
                    },
                    {
                      "k": "comments_url",
                      "v": "https://api.github.com/repos/mrphys/tensorflow-mri/comments{/number}"
                    },
                    {
                      "k": "commits_url",
                      "v": "https://api.github.com/repos/mrphys/tensorflow-mri/commits{/sha}"
                    },
                    {
                      "k": "compare_url",
                      "v": "https://api.github.com/repos/mrphys/tensorflow-mri/compare/{base}...{head}"
                    },
                    {
                      "k": "contents_url",
                      "v": "https://api.github.com/repos/mrphys/tensorflow-mri/contents/{+path}"
                    },
                    {
                      "k": "contributors_url",
                      "v": "https://api.github.com/repos/mrphys/tensorflow-mri/contributors"
                    },
                    {
                      "k": "created_at",
                      "v": 1626866930.0
                    },
                    {
                      "k": "custom_properties",
                      "v": {
                        "t": 2
                      }
                    },
                    {
                      "k": "default_branch",
                      "v": "master"
                    },
                    {
                      "k": "deployments_url",
                      "v": "https://api.github.com/repos/mrphys/tensorflow-mri/deployments"
                    },
                    {
                      "k": "description",
                      "v": "A Library of TensorFlow Operators for Computational MRI"
                    },
                    {
                      "k": "disabled",
                      "v": false
                    },
                    {
                      "k": "downloads_url",
                      "v": "https://api.github.com/repos/mrphys/tensorflow-mri/downloads"
                    },
                    {
                      "k": "events_url",
                      "v": "https://api.github.com/repos/mrphys/tensorflow-mri/events"
                    },
                    {
                      "k": "fork",
                      "v": false
                    },
                    {
                      "k": "forks",
                      "v": 3.0
                    },
                    {
                      "k": "forks_count",
                      "v": 3.0
                    },
                    {
                      "k": "forks_url",
                      "v": "https://api.github.com/repos/mrphys/tensorflow-mri/forks"
                    },
                    {
                      "k": "full_name",
                      "v": "mrphys/tensorflow-mri"
                    },
                    {
                      "k": "git_commits_url",
                      "v": "https://api.github.com/repos/mrphys/tensorflow-mri/git/commits{/sha}"
                    },
                    {
                      "k": "git_refs_url",
                      "v": "https://api.github.com/repos/mrphys/tensorflow-mri/git/refs{/sha}"
                    },
                    {
                      "k": "git_tags_url",
                      "v": "https://api.github.com/repos/mrphys/tensorflow-mri/git/tags{/sha}"
                    },
                    {
                      "k": "git_url",
                      "v": "git://github.com/mrphys/tensorflow-mri.git"
                    },
                    {
                      "k": "has_discussions",
                      "v": false
                    },
                    {
                      "k": "has_downloads",
                      "v": true
                    },
                    {
                      "k": "has_issues",
                      "v": true
                    },
                    {
                      "k": "has_pages",
                      "v": true
                    },
                    {
                      "k": "has_projects",
                      "v": true
                    },
                    {
                      "k": "has_wiki",
                      "v": true
                    },
                    {
                      "k": "homepage",
                      "v": "https://mrphys.github.io/tensorflow-mri/"
                    },
                    {
                      "k": "hooks_url",
                      "v": "https://api.github.com/repos/mrphys/tensorflow-mri/hooks"
                    },
                    {
                      "k": "html_url",
                      "v": "https://github.com/mrphys/tensorflow-mri"
                    },
                    {
                      "k": "id",
                      "v": 388094708.0
                    },
                    {
                      "k": "is_template",
                      "v": false
                    },
                    {
                      "k": "issue_comment_url",
                      "v": "https://api.github.com/repos/mrphys/tensorflow-mri/issues/comments{/number}"
                    },
                    {
                      "k": "issue_events_url",
                      "v": "https://api.github.com/repos/mrphys/tensorflow-mri/issues/events{/number}"
                    },
                    {
                      "k": "issues_url",
                      "v": "https://api.github.com/repos/mrphys/tensorflow-mri/issues{/number}"
                    },
                    {
                      "k": "keys_url",
                      "v": "https://api.github.com/repos/mrphys/tensorflow-mri/keys{/key_id}"
                    },
                    {
                      "k": "labels_url",
                      "v": "https://api.github.com/repos/mrphys/tensorflow-mri/labels{/name}"
                    },
                    {
                      "k": "language",
                      "v": "Jupyter Notebook"
                    },
                    {
                      "k": "languages_url",
                      "v": "https://api.github.com/repos/mrphys/tensorflow-mri/languages"
                    },
                    {
                      "k": "license",
                      "v": {
                        "t": 2,
                        "d": [
                          {
                            "k": "key",
                            "v": "apache-2.0"
                          },
                          {
                            "k": "name",
                            "v": "Apache License 2.0"
                          },
                          {
                            "k": "node_id",
                            "v": "MDc6TGljZW5zZTI="
                          },
                          {
                            "k": "spdx_id",
                            "v": "Apache-2.0"
                          },
                          {
                            "k": "url",
                            "v": "https://api.github.com/licenses/apache-2.0"
                          }
                        ]
                      }
                    },
                    {
                      "k": "master_branch",
                      "v": "master"
                    },
                    {
                      "k": "merges_url",
                      "v": "https://api.github.com/repos/mrphys/tensorflow-mri/merges"
                    },
                    {
                      "k": "milestones_url",
                      "v": "https://api.github.com/repos/mrphys/tensorflow-mri/milestones{/number}"
                    },
                    {
                      "k": "mirror_url",
                      "v": null
                    },
                    {
                      "k": "name",
                      "v": "tensorflow-mri"
                    },
                    {
                      "k": "node_id",
                      "v": "MDEwOlJlcG9zaXRvcnkzODgwOTQ3MDg="
                    },
                    {
                      "k": "notifications_url",
                      "v": "https://api.github.com/repos/mrphys/tensorflow-mri/notifications{?since,all,participating}"
                    },
                    {
                      "k": "open_issues",
                      "v": 8.0
                    },
                    {
                      "k": "open_issues_count",
                      "v": 8.0
                    },
                    {
                      "k": "organization",
                      "v": "mrphys"
                    },
                    {
                      "k": "owner",
                      "v": {
                        "t": 2,
                        "d": [
                          {
                            "k": "avatar_url",
                            "v": "https://avatars.githubusercontent.com/u/53480519?v=4"
                          },
                          {
                            "k": "email",
                            "v": null
                          },
                          {
                            "k": "events_url",
                            "v": "https://api.github.com/users/mrphys/events{/privacy}"
                          },
                          {
                            "k": "followers_url",
                            "v": "https://api.github.com/users/mrphys/followers"
                          },
                          {
                            "k": "following_url",
                            "v": "https://api.github.com/users/mrphys/following{/other_user}"
                          },
                          {
                            "k": "gists_url",
                            "v": "https://api.github.com/users/mrphys/gists{/gist_id}"
                          },
                          {
                            "k": "gravatar_id",
                            "v": ""
                          },
                          {
                            "k": "html_url",
                            "v": "https://github.com/mrphys"
                          },
                          {
                            "k": "id",
                            "v": 53480519.0
                          },
                          {
                            "k": "login",
                            "v": "mrphys"
                          },
                          {
                            "k": "name",
                            "v": "mrphys"
                          },
                          {
                            "k": "node_id",
                            "v": "MDEyOk9yZ2FuaXphdGlvbjUzNDgwNTE5"
                          },
                          {
                            "k": "organizations_url",
                            "v": "https://api.github.com/users/mrphys/orgs"
                          },
                          {
                            "k": "received_events_url",
                            "v": "https://api.github.com/users/mrphys/received_events"
                          },
                          {
                            "k": "repos_url",
                            "v": "https://api.github.com/users/mrphys/repos"
                          },
                          {
                            "k": "site_admin",
                            "v": false
                          },
                          {
                            "k": "starred_url",
                            "v": "https://api.github.com/users/mrphys/starred{/owner}{/repo}"
                          },
                          {
                            "k": "subscriptions_url",
                            "v": "https://api.github.com/users/mrphys/subscriptions"
                          },
                          {
                            "k": "type",
                            "v": "Organization"
                          },
                          {
                            "k": "url",
                            "v": "https://api.github.com/users/mrphys"
                          },
                          {
                            "k": "user_view_type",
                            "v": "public"
                          }
                        ]
                      }
                    },
                    {
                      "k": "private",
                      "v": false
                    },
                    {
                      "k": "pulls_url",
                      "v": "https://api.github.com/repos/mrphys/tensorflow-mri/pulls{/number}"
                    },
                    {
                      "k": "pushed_at",
                      "v": 1742394476.0
                    },
                    {
                      "k": "releases_url",
                      "v": "https://api.github.com/repos/mrphys/tensorflow-mri/releases{/id}"
                    },
                    {
                      "k": "size",
                      "v": 199091.0
                    },
                    {
                      "k": "ssh_url",
                      "v": "git@github.com:mrphys/tensorflow-mri.git"
                    },
                    {
                      "k": "stargazers",
                      "v": 40.0
                    },
                    {
                      "k": "stargazers_count",
                      "v": 40.0
                    },
                    {
                      "k": "stargazers_url",
                      "v": "https://api.github.com/repos/mrphys/tensorflow-mri/stargazers"
                    },
                    {
                      "k": "statuses_url",
                      "v": "https://api.github.com/repos/mrphys/tensorflow-mri/statuses/{sha}"
                    },
                    {
                      "k": "subscribers_url",
                      "v": "https://api.github.com/repos/mrphys/tensorflow-mri/subscribers"
                    },
                    {
                      "k": "subscription_url",
                      "v": "https://api.github.com/repos/mrphys/tensorflow-mri/subscription"
                    },
                    {
                      "k": "svn_url",
                      "v": "https://github.com/mrphys/tensorflow-mri"
                    },
                    {
                      "k": "tags_url",
                      "v": "https://api.github.com/repos/mrphys/tensorflow-mri/tags"
                    },
                    {
                      "k": "teams_url",
                      "v": "https://api.github.com/repos/mrphys/tensorflow-mri/teams"
                    },
                    {
                      "k": "topics",
                      "v": {
                        "t": 1,
                        "a": [
                          "machine-learning",
                          "magnetic-resonance-imaging",
                          "ml",
                          "mri",
                          "python",
                          "tensorflow"
                        ]
                      }
                    },
                    {
                      "k": "trees_url",
                      "v": "https://api.github.com/repos/mrphys/tensorflow-mri/git/trees{/sha}"
                    },
                    {
                      "k": "updated_at",
                      "v": "2025-03-19T13:56:18Z"
                    },
                    {
                      "k": "url",
                      "v": "https://github.com/mrphys/tensorflow-mri"
                    },
                    {
                      "k": "visibility",
                      "v": "public"
                    },
                    {
                      "k": "watchers",
                      "v": 40.0
                    },
                    {
                      "k": "watchers_count",
                      "v": 40.0
                    },
                    {
                      "k": "web_commit_signoff_required",
                      "v": false
                    }
                  ]
                }
              },
              {
                "k": "sender",
                "v": {
                  "t": 2,
                  "d": [
                    {
                      "k": "avatar_url",
                      "v": "https://avatars.githubusercontent.com/u/53479871?v=4"
                    },
                    {
                      "k": "events_url",
                      "v": "https://api.github.com/users/jennifersteeden/events{/privacy}"
                    },
                    {
                      "k": "followers_url",
                      "v": "https://api.github.com/users/jennifersteeden/followers"
                    },
                    {
                      "k": "following_url",
                      "v": "https://api.github.com/users/jennifersteeden/following{/other_user}"
                    },
                    {
                      "k": "gists_url",
                      "v": "https://api.github.com/users/jennifersteeden/gists{/gist_id}"
                    },
                    {
                      "k": "gravatar_id",
                      "v": ""
                    },
                    {
                      "k": "html_url",
                      "v": "https://github.com/jennifersteeden"
                    },
                    {
                      "k": "id",
                      "v": 53479871.0
                    },
                    {
                      "k": "login",
                      "v": "jennifersteeden"
                    },
                    {
                      "k": "node_id",
                      "v": "MDQ6VXNlcjUzNDc5ODcx"
                    },
                    {
                      "k": "organizations_url",
                      "v": "https://api.github.com/users/jennifersteeden/orgs"
                    },
                    {
                      "k": "received_events_url",
                      "v": "https://api.github.com/users/jennifersteeden/received_events"
                    },
                    {
                      "k": "repos_url",
                      "v": "https://api.github.com/users/jennifersteeden/repos"
                    },
                    {
                      "k": "site_admin",
                      "v": false
                    },
                    {
                      "k": "starred_url",
                      "v": "https://api.github.com/users/jennifersteeden/starred{/owner}{/repo}"
                    },
                    {
                      "k": "subscriptions_url",
                      "v": "https://api.github.com/users/jennifersteeden/subscriptions"
                    },
                    {
                      "k": "type",
                      "v": "User"
                    },
                    {
                      "k": "url",
                      "v": "https://api.github.com/users/jennifersteeden"
                    },
                    {
                      "k": "user_view_type",
                      "v": "public"
                    }
                  ]
                }
              }
            ]
          }
        },
        {
          "k": "workflow_ref",
          "v": "mrphys/tensorflow-mri/.github/workflows/build-package.yml@refs/heads/master"
        },
        {
          "k": "workflow_sha",
          "v": "e8cfa19ede9e960bdfb6046d2f0f9694b2923226"
        },
        {
          "k": "repository_id",
          "v": "388094708"
        },
        {
          "k": "triggering_actor",
          "v": "jennifersteeden"
        }
      ]
    },
    "inputs": {
      "t": 2
    },
    "matrix": {
      "t": 2,
      "d": [
        {
          "k": "py_version",
          "v": "3.10"
        }
      ]
    },
    "needs": {
      "t": 2
    },
    "strategy": {
      "t": 2,
      "d": [
        {
          "k": "fail-fast",
          "v": true
        },
        {
          "k": "job-index",
          "v": 2.0
        },
        {
          "k": "job-total",
          "v": 3.0
        },
        {
          "k": "max-parallel",
          "v": 3.0
        }
      ]
    },
    "vars": {
      "t": 2
    }
  }
}
[2025-03-19 14:53:06Z INFO JobRunner] Job ID c7703e6f-efde-5518-bb12-0dcfe0abf4af
[2025-03-19 14:53:06Z INFO ConfigurationStore] currentAssemblyLocation: /home/jenny/tensorflow-mri/bin/Runner.Worker.dll
[2025-03-19 14:53:06Z INFO HostContext] Well known directory 'Bin': '/home/jenny/tensorflow-mri/bin'
[2025-03-19 14:53:06Z INFO ConfigurationStore] binPath: /home/jenny/tensorflow-mri/bin
[2025-03-19 14:53:06Z INFO HostContext] Well known directory 'Bin': '/home/jenny/tensorflow-mri/bin'
[2025-03-19 14:53:06Z INFO HostContext] Well known directory 'Root': '/home/jenny/tensorflow-mri'
[2025-03-19 14:53:06Z INFO ConfigurationStore] RootFolder: /home/jenny/tensorflow-mri
[2025-03-19 14:53:06Z INFO HostContext] Well known directory 'Bin': '/home/jenny/tensorflow-mri/bin'
[2025-03-19 14:53:06Z INFO HostContext] Well known directory 'Root': '/home/jenny/tensorflow-mri'
[2025-03-19 14:53:06Z INFO HostContext] Well known config file 'Runner': '/home/jenny/tensorflow-mri/.runner'
[2025-03-19 14:53:06Z INFO ConfigurationStore] ConfigFilePath: /home/jenny/tensorflow-mri/.runner
[2025-03-19 14:53:06Z INFO HostContext] Well known directory 'Bin': '/home/jenny/tensorflow-mri/bin'
[2025-03-19 14:53:06Z INFO HostContext] Well known directory 'Root': '/home/jenny/tensorflow-mri'
[2025-03-19 14:53:06Z INFO HostContext] Well known config file 'Credentials': '/home/jenny/tensorflow-mri/.credentials'
[2025-03-19 14:53:06Z INFO ConfigurationStore] CredFilePath: /home/jenny/tensorflow-mri/.credentials
[2025-03-19 14:53:06Z INFO HostContext] Well known directory 'Bin': '/home/jenny/tensorflow-mri/bin'
[2025-03-19 14:53:06Z INFO HostContext] Well known directory 'Root': '/home/jenny/tensorflow-mri'
[2025-03-19 14:53:06Z INFO HostContext] Well known config file 'MigratedCredentials': '/home/jenny/tensorflow-mri/.credentials_migrated'
[2025-03-19 14:53:06Z INFO ConfigurationStore] MigratedCredFilePath: /home/jenny/tensorflow-mri/.credentials_migrated
[2025-03-19 14:53:06Z INFO HostContext] Well known directory 'Bin': '/home/jenny/tensorflow-mri/bin'
[2025-03-19 14:53:06Z INFO HostContext] Well known directory 'Root': '/home/jenny/tensorflow-mri'
[2025-03-19 14:53:06Z INFO HostContext] Well known config file 'Service': '/home/jenny/tensorflow-mri/.service'
[2025-03-19 14:53:06Z INFO ConfigurationStore] ServiceConfigFilePath: /home/jenny/tensorflow-mri/.service
[2025-03-19 14:53:06Z INFO ConfigurationStore] Read setting file: 294 chars
[2025-03-19 14:53:06Z INFO JobRunner] Initializing launch client
[2025-03-19 14:53:06Z INFO JobServerQueue] Initializing results client
[2025-03-19 14:53:06Z INFO ResultServer] Creating websocket client ...wss://results-receiver.actions.githubusercontent.com/_ws/ingest.sock
[2025-03-19 14:53:06Z INFO ResultServer] Attempting to start websocket client with delay 00:00:00.
[2025-03-19 14:53:06Z INFO JobServerQueue] Start process web console line queue.
[2025-03-19 14:53:06Z INFO JobServerQueue] Start process file upload queue.
[2025-03-19 14:53:06Z INFO JobServerQueue] Start results file upload queue.
[2025-03-19 14:53:06Z INFO JobServerQueue] Starting results-based upload queue...
[2025-03-19 14:53:06Z INFO JobServerQueue] Start process timeline update queue.
[2025-03-19 14:53:06Z INFO ExecutionContext] Initialize GitHub context
[2025-03-19 14:53:06Z INFO ExecutionContext] Initialize Env context
[2025-03-19 14:53:06Z INFO HostContext] Well known directory 'Bin': '/home/jenny/tensorflow-mri/bin'
[2025-03-19 14:53:06Z INFO HostContext] Well known directory 'Root': '/home/jenny/tensorflow-mri'
[2025-03-19 14:53:06Z INFO HostContext] Well known directory 'Diag': '/home/jenny/tensorflow-mri/_diag'
[2025-03-19 14:53:06Z INFO HostContext] Well known directory 'Bin': '/home/jenny/tensorflow-mri/bin'
[2025-03-19 14:53:06Z INFO HostContext] Well known directory 'Root': '/home/jenny/tensorflow-mri'
[2025-03-19 14:53:06Z INFO HostContext] Well known directory 'Diag': '/home/jenny/tensorflow-mri/_diag'
[2025-03-19 14:53:06Z INFO JobRunner] Starting the job execution context.
[2025-03-19 14:53:06Z INFO HostContext] Well known directory 'Bin': '/home/jenny/tensorflow-mri/bin'
[2025-03-19 14:53:06Z INFO HostContext] Well known directory 'Root': '/home/jenny/tensorflow-mri'
[2025-03-19 14:53:06Z INFO HostContext] Well known directory 'Work': '/home/jenny/tensorflow-mri/_work'
[2025-03-19 14:53:06Z INFO JobRunner] Validating directory permissions for: '/home/jenny/tensorflow-mri/_work'
[2025-03-19 14:53:06Z INFO HostContext] Well known directory 'Bin': '/home/jenny/tensorflow-mri/bin'
[2025-03-19 14:53:06Z INFO HostContext] Well known directory 'Root': '/home/jenny/tensorflow-mri'
[2025-03-19 14:53:06Z INFO HostContext] Well known directory 'Work': '/home/jenny/tensorflow-mri/_work'
[2025-03-19 14:53:06Z INFO HostContext] Well known directory 'Tools': '/home/jenny/tensorflow-mri/_work/_tool'
[2025-03-19 14:53:06Z INFO HostContext] Well known directory 'Bin': '/home/jenny/tensorflow-mri/bin'
[2025-03-19 14:53:06Z INFO HostContext] Well known directory 'Root': '/home/jenny/tensorflow-mri'
[2025-03-19 14:53:06Z INFO HostContext] Well known directory 'Work': '/home/jenny/tensorflow-mri/_work'
[2025-03-19 14:53:06Z INFO HostContext] Well known directory 'Temp': '/home/jenny/tensorflow-mri/_work/_temp'
[2025-03-19 14:53:06Z ERR  TempDirectoryManager] System.IO.IOException: Access to the path '/home/jenny/tensorflow-mri/_work/_temp/_github_home/.config/matplotlib' is denied.
   at System.IO.FileSystem.RemoveEmptyDirectory(String fullPath, Boolean topLevel, Boolean throwWhenNotEmpty)
   at System.IO.DirectoryInfo.Delete()
   at GitHub.Runner.Sdk.IOUtil.DeleteDirectory(String path, Boolean contentsOnly, Boolean continueOnContentDeleteError, CancellationToken cancellationToken)
   at GitHub.Runner.Worker.TempDirectoryManager.InitializeTempDirectory(IExecutionContext jobContext)
[2025-03-19 14:53:06Z INFO JobRunner] Getting job extension.
[2025-03-19 14:53:06Z INFO JobRunner] Initialize job. Getting all job steps.
[2025-03-19 14:53:06Z INFO HostContext] Well known directory 'Bin': '/home/jenny/tensorflow-mri/bin'
[2025-03-19 14:53:06Z INFO HostContext] Well known directory 'Root': '/home/jenny/tensorflow-mri'
[2025-03-19 14:53:06Z INFO HostContext] Well known directory 'Diag': '/home/jenny/tensorflow-mri/_diag'
[2025-03-19 14:53:06Z INFO HostContext] Well known directory 'Bin': '/home/jenny/tensorflow-mri/bin'
[2025-03-19 14:53:06Z INFO HostContext] Well known directory 'Root': '/home/jenny/tensorflow-mri'
[2025-03-19 14:53:06Z INFO HostContext] Well known directory 'Diag': '/home/jenny/tensorflow-mri/_diag'
[2025-03-19 14:53:06Z INFO HostContext] Well known directory 'Bin': '/home/jenny/tensorflow-mri/bin'
[2025-03-19 14:53:06Z INFO HostContext] Well known directory 'Root': '/home/jenny/tensorflow-mri'
[2025-03-19 14:53:06Z INFO HostContext] Well known config file 'Credentials': '/home/jenny/tensorflow-mri/.credentials'
[2025-03-19 14:53:06Z INFO HostContext] Well known directory 'Bin': '/home/jenny/tensorflow-mri/bin'
[2025-03-19 14:53:06Z INFO HostContext] Well known directory 'Root': '/home/jenny/tensorflow-mri'
[2025-03-19 14:53:06Z INFO HostContext] Well known config file 'SetupInfo': '/home/jenny/tensorflow-mri/.setup_info'
[2025-03-19 14:53:06Z INFO HostContext] Well known directory 'Bin': '/home/jenny/tensorflow-mri/bin'
[2025-03-19 14:53:06Z INFO HostContext] Well known directory 'Root': '/home/jenny/tensorflow-mri'
[2025-03-19 14:53:06Z INFO HostContext] Well known directory 'Work': '/home/jenny/tensorflow-mri/_work'
[2025-03-19 14:53:06Z INFO PipelineDirectoryManager] Loading tracking config if exists: /home/jenny/tensorflow-mri/_work/_PipelineMapping/mrphys/tensorflow-mri/PipelineFolder.json
[2025-03-19 14:53:06Z INFO PipelineDirectoryManager] Updating job run properties.
[2025-03-19 14:53:06Z INFO HostContext] Well known directory 'Bin': '/home/jenny/tensorflow-mri/bin'
[2025-03-19 14:53:06Z INFO HostContext] Well known directory 'Root': '/home/jenny/tensorflow-mri'
[2025-03-19 14:53:06Z INFO HostContext] Well known directory 'Work': '/home/jenny/tensorflow-mri/_work'
[2025-03-19 14:53:06Z INFO HostContext] Well known directory 'Bin': '/home/jenny/tensorflow-mri/bin'
[2025-03-19 14:53:06Z INFO HostContext] Well known directory 'Root': '/home/jenny/tensorflow-mri'
[2025-03-19 14:53:06Z INFO HostContext] Well known directory 'Work': '/home/jenny/tensorflow-mri/_work'
[2025-03-19 14:53:06Z INFO HostContext] Well known directory 'Bin': '/home/jenny/tensorflow-mri/bin'
[2025-03-19 14:53:06Z INFO HostContext] Well known directory 'Root': '/home/jenny/tensorflow-mri'
[2025-03-19 14:53:06Z INFO HostContext] Well known directory 'Work': '/home/jenny/tensorflow-mri/_work'
[2025-03-19 14:53:06Z INFO HostContext] Well known directory 'Bin': '/home/jenny/tensorflow-mri/bin'
[2025-03-19 14:53:06Z INFO HostContext] Well known directory 'Root': '/home/jenny/tensorflow-mri'
[2025-03-19 14:53:06Z INFO HostContext] Well known directory 'Work': '/home/jenny/tensorflow-mri/_work'
[2025-03-19 14:53:06Z INFO HostContext] Well known directory 'Bin': '/home/jenny/tensorflow-mri/bin'
[2025-03-19 14:53:06Z INFO HostContext] Well known directory 'Root': '/home/jenny/tensorflow-mri'
[2025-03-19 14:53:06Z INFO HostContext] Well known directory 'Work': '/home/jenny/tensorflow-mri/_work'
[2025-03-19 14:53:06Z INFO HostContext] Well known directory 'Tools': '/home/jenny/tensorflow-mri/_work/_tool'
[2025-03-19 14:53:06Z INFO HostContext] Well known directory 'Bin': '/home/jenny/tensorflow-mri/bin'
[2025-03-19 14:53:06Z INFO HostContext] Well known directory 'Root': '/home/jenny/tensorflow-mri'
[2025-03-19 14:53:06Z INFO HostContext] Well known directory 'Externals': '/home/jenny/tensorflow-mri/externals'
[2025-03-19 14:53:06Z INFO JobExtension] Downloading actions
[2025-03-19 14:53:06Z INFO HostContext] Well known directory 'Bin': '/home/jenny/tensorflow-mri/bin'
[2025-03-19 14:53:06Z INFO HostContext] Well known directory 'Root': '/home/jenny/tensorflow-mri'
[2025-03-19 14:53:06Z INFO HostContext] Well known directory 'Work': '/home/jenny/tensorflow-mri/_work'
[2025-03-19 14:53:06Z INFO HostContext] Well known directory 'Actions': '/home/jenny/tensorflow-mri/_work/_actions'
[2025-03-19 14:53:07Z INFO Worker] Listening for cancel message from the channel.
[2025-03-19 14:53:07Z INFO Worker] Waiting for the job to complete or for a cancel message from the channel.
[2025-03-19 14:53:07Z INFO ResultServer] Successfully started websocket client.
[2025-03-19 14:53:07Z INFO JobServerQueue] Try to append 1 batches web console lines for record 'c96b2e4b-6c5a-4f2d-a377-dd49d3b8e806', success rate: 1/1.
[2025-03-19 14:53:07Z INFO HostContext] Well known directory 'Bin': '/home/jenny/tensorflow-mri/bin'
[2025-03-19 14:53:07Z INFO HostContext] Well known directory 'Root': '/home/jenny/tensorflow-mri'
[2025-03-19 14:53:07Z INFO HostContext] Well known directory 'Work': '/home/jenny/tensorflow-mri/_work'
[2025-03-19 14:53:07Z INFO HostContext] Well known directory 'Actions': '/home/jenny/tensorflow-mri/_work/_actions'
[2025-03-19 14:53:07Z INFO HostContext] Well known directory 'Bin': '/home/jenny/tensorflow-mri/bin'
[2025-03-19 14:53:07Z INFO HostContext] Well known directory 'Root': '/home/jenny/tensorflow-mri'
[2025-03-19 14:53:07Z INFO HostContext] Well known directory 'Work': '/home/jenny/tensorflow-mri/_work'
[2025-03-19 14:53:07Z INFO HostContext] Well known directory 'Actions': '/home/jenny/tensorflow-mri/_work/_actions'
[2025-03-19 14:53:07Z INFO ActionManager] Save archive 'https://api.github.com/repos/actions/checkout/tarball/11bd71901bbe5b1630ceea73d27597364c9af683' into /home/jenny/tensorflow-mri/_work/_actions/_temp_451cd813-fa2e-451a-a575-7f46c7c705b0/bc8a5e79-097b-4719-9bbc-c2adba4750ef.tar.gz.
[2025-03-19 14:53:07Z INFO JobServerQueue] Job timeline record has been updated for the first time.
[2025-03-19 14:53:07Z INFO JobServerQueue] Try to append 1 batches web console lines for record 'c96b2e4b-6c5a-4f2d-a377-dd49d3b8e806', success rate: 1/1.
[2025-03-19 14:53:07Z INFO ActionManager] Request URL: https://api.github.com/repos/actions/checkout/tarball/11bd71901bbe5b1630ceea73d27597364c9af683 X-GitHub-Request-Id: E3F2:11C039:8C64:1B17C:67DADA53 Http Status: OK
[2025-03-19 14:53:07Z INFO ActionManager] Which2: 'tar'
[2025-03-19 14:53:07Z INFO ActionManager] Location: '/usr/bin/tar'
[2025-03-19 14:53:07Z INFO ProcessInvokerWrapper] Starting process:
[2025-03-19 14:53:07Z INFO ProcessInvokerWrapper]   File name: '/usr/bin/tar'
[2025-03-19 14:53:07Z INFO ProcessInvokerWrapper]   Arguments: '-xzf "/home/jenny/tensorflow-mri/_work/_actions/_temp_451cd813-fa2e-451a-a575-7f46c7c705b0/bc8a5e79-097b-4719-9bbc-c2adba4750ef.tar.gz"'
[2025-03-19 14:53:07Z INFO ProcessInvokerWrapper]   Working directory: '/home/jenny/tensorflow-mri/_work/_actions/_temp_451cd813-fa2e-451a-a575-7f46c7c705b0/_staging'
[2025-03-19 14:53:07Z INFO ProcessInvokerWrapper]   Require exit code zero: 'False'
[2025-03-19 14:53:07Z INFO ProcessInvokerWrapper]   Encoding web name:  ; code page: ''
[2025-03-19 14:53:07Z INFO ProcessInvokerWrapper]   Force kill process on cancellation: 'False'
[2025-03-19 14:53:07Z INFO ProcessInvokerWrapper]   Redirected STDIN: 'False'
[2025-03-19 14:53:07Z INFO ProcessInvokerWrapper]   Persist current code page: 'False'
[2025-03-19 14:53:07Z INFO ProcessInvokerWrapper]   Keep redirected STDIN open: 'False'
[2025-03-19 14:53:07Z INFO ProcessInvokerWrapper]   High priority process: 'False'
[2025-03-19 14:53:07Z INFO ProcessInvokerWrapper] Updated oom_score_adj to 500 for PID: 2100921.
[2025-03-19 14:53:07Z INFO ProcessInvokerWrapper] Process started with process id 2100921, waiting for process exit.
[2025-03-19 14:53:07Z INFO ProcessInvokerWrapper] STDOUT/STDERR stream read finished.
[2025-03-19 14:53:07Z INFO ProcessInvokerWrapper] STDOUT/STDERR stream read finished.
[2025-03-19 14:53:07Z INFO ProcessInvokerWrapper] Finished process 2100921 with exit code 0, and elapsed time 00:00:00.0118111.
[2025-03-19 14:53:07Z INFO ActionManager] Finished getting action repository.
[2025-03-19 14:53:07Z INFO HostContext] Well known directory 'Bin': '/home/jenny/tensorflow-mri/bin'
[2025-03-19 14:53:07Z INFO HostContext] Well known directory 'Root': '/home/jenny/tensorflow-mri'
[2025-03-19 14:53:07Z INFO HostContext] Well known directory 'Work': '/home/jenny/tensorflow-mri/_work'
[2025-03-19 14:53:07Z INFO HostContext] Well known directory 'Actions': '/home/jenny/tensorflow-mri/_work/_actions'
[2025-03-19 14:53:07Z INFO HostContext] Well known directory 'Bin': '/home/jenny/tensorflow-mri/bin'
[2025-03-19 14:53:07Z INFO HostContext] Well known directory 'Root': '/home/jenny/tensorflow-mri'
[2025-03-19 14:53:07Z INFO HostContext] Well known directory 'Work': '/home/jenny/tensorflow-mri/_work'
[2025-03-19 14:53:07Z INFO HostContext] Well known directory 'Actions': '/home/jenny/tensorflow-mri/_work/_actions'
[2025-03-19 14:53:07Z INFO ActionManager] Save archive 'https://api.github.com/repos/actions/upload-artifact/tarball/4cec3d8aa04e39d1a68397de0c4cd6fb9dce8ec1' into /home/jenny/tensorflow-mri/_work/_actions/_temp_41da14a4-ff6d-4f7e-bd20-ede5a5c815c4/570b169d-b79d-4a46-b892-9b7c25ec5141.tar.gz.
[2025-03-19 14:53:07Z INFO JobServerQueue] Try to append 1 batches web console lines for record 'c96b2e4b-6c5a-4f2d-a377-dd49d3b8e806', success rate: 1/1.
[2025-03-19 14:53:08Z INFO ActionManager] Request URL: https://api.github.com/repos/actions/upload-artifact/tarball/4cec3d8aa04e39d1a68397de0c4cd6fb9dce8ec1 X-GitHub-Request-Id: E3F4:3EE349:88AB:1ADE4:67DADA53 Http Status: OK
[2025-03-19 14:53:08Z INFO ActionManager] Which2: 'tar'
[2025-03-19 14:53:08Z INFO ActionManager] Location: '/usr/bin/tar'
[2025-03-19 14:53:08Z INFO ProcessInvokerWrapper] Starting process:
[2025-03-19 14:53:08Z INFO ProcessInvokerWrapper]   File name: '/usr/bin/tar'
[2025-03-19 14:53:08Z INFO ProcessInvokerWrapper]   Arguments: '-xzf "/home/jenny/tensorflow-mri/_work/_actions/_temp_41da14a4-ff6d-4f7e-bd20-ede5a5c815c4/570b169d-b79d-4a46-b892-9b7c25ec5141.tar.gz"'
[2025-03-19 14:53:08Z INFO ProcessInvokerWrapper]   Working directory: '/home/jenny/tensorflow-mri/_work/_actions/_temp_41da14a4-ff6d-4f7e-bd20-ede5a5c815c4/_staging'
[2025-03-19 14:53:08Z INFO ProcessInvokerWrapper]   Require exit code zero: 'False'
[2025-03-19 14:53:08Z INFO ProcessInvokerWrapper]   Encoding web name:  ; code page: ''
[2025-03-19 14:53:08Z INFO ProcessInvokerWrapper]   Force kill process on cancellation: 'False'
[2025-03-19 14:53:08Z INFO ProcessInvokerWrapper]   Redirected STDIN: 'False'
[2025-03-19 14:53:08Z INFO ProcessInvokerWrapper]   Persist current code page: 'False'
[2025-03-19 14:53:08Z INFO ProcessInvokerWrapper]   Keep redirected STDIN open: 'False'
[2025-03-19 14:53:08Z INFO ProcessInvokerWrapper]   High priority process: 'False'
[2025-03-19 14:53:08Z INFO ProcessInvokerWrapper] Updated oom_score_adj to 500 for PID: 2100932.
[2025-03-19 14:53:08Z INFO ProcessInvokerWrapper] Process started with process id 2100932, waiting for process exit.
[2025-03-19 14:53:08Z INFO ProcessInvokerWrapper] STDOUT/STDERR stream read finished.
[2025-03-19 14:53:08Z INFO ProcessInvokerWrapper] STDOUT/STDERR stream read finished.
[2025-03-19 14:53:08Z INFO ProcessInvokerWrapper] Finished process 2100932 with exit code 0, and elapsed time 00:00:00.0485067.
[2025-03-19 14:53:08Z INFO ActionManager] Finished getting action repository.
[2025-03-19 14:53:08Z INFO HostContext] Well known directory 'Bin': '/home/jenny/tensorflow-mri/bin'
[2025-03-19 14:53:08Z INFO HostContext] Well known directory 'Root': '/home/jenny/tensorflow-mri'
[2025-03-19 14:53:08Z INFO HostContext] Well known directory 'Work': '/home/jenny/tensorflow-mri/_work'
[2025-03-19 14:53:08Z INFO HostContext] Well known directory 'Actions': '/home/jenny/tensorflow-mri/_work/_actions'
[2025-03-19 14:53:08Z INFO HostContext] Well known directory 'Bin': '/home/jenny/tensorflow-mri/bin'
[2025-03-19 14:53:08Z INFO HostContext] Well known directory 'Root': '/home/jenny/tensorflow-mri'
[2025-03-19 14:53:08Z INFO HostContext] Well known directory 'Work': '/home/jenny/tensorflow-mri/_work'
[2025-03-19 14:53:08Z INFO HostContext] Well known directory 'Actions': '/home/jenny/tensorflow-mri/_work/_actions'
[2025-03-19 14:53:08Z INFO HostContext] Well known directory 'Bin': '/home/jenny/tensorflow-mri/bin'
[2025-03-19 14:53:08Z INFO HostContext] Well known directory 'Root': '/home/jenny/tensorflow-mri'
[2025-03-19 14:53:08Z INFO HostContext] Well known directory 'Work': '/home/jenny/tensorflow-mri/_work'
[2025-03-19 14:53:08Z INFO HostContext] Well known directory 'Actions': '/home/jenny/tensorflow-mri/_work/_actions'
[2025-03-19 14:53:08Z INFO ActionManager] Save archive 'https://api.github.com/repos/pypa/gh-action-pypi-publish/tarball/22b4d1f12511f2696162c08546dafbaa903448a2' into /home/jenny/tensorflow-mri/_work/_actions/_temp_2a65d8f6-2e4b-43d2-8a0a-c760d564b2d7/25e8c500-c49a-4f27-83d8-d4f0e0990574.tar.gz.
[2025-03-19 14:53:08Z INFO JobServerQueue] Try to append 1 batches web console lines for record 'c96b2e4b-6c5a-4f2d-a377-dd49d3b8e806', success rate: 1/1.
[2025-03-19 14:53:08Z INFO ActionManager] Request URL: https://api.github.com/repos/pypa/gh-action-pypi-publish/tarball/22b4d1f12511f2696162c08546dafbaa903448a2 X-GitHub-Request-Id: E404:461D1:8077:1A590:67DADA54 Http Status: OK
[2025-03-19 14:53:08Z INFO ActionManager] Which2: 'tar'
[2025-03-19 14:53:08Z INFO ActionManager] Location: '/usr/bin/tar'
[2025-03-19 14:53:08Z INFO ProcessInvokerWrapper] Starting process:
[2025-03-19 14:53:08Z INFO ProcessInvokerWrapper]   File name: '/usr/bin/tar'
[2025-03-19 14:53:08Z INFO ProcessInvokerWrapper]   Arguments: '-xzf "/home/jenny/tensorflow-mri/_work/_actions/_temp_2a65d8f6-2e4b-43d2-8a0a-c760d564b2d7/25e8c500-c49a-4f27-83d8-d4f0e0990574.tar.gz"'
[2025-03-19 14:53:08Z INFO ProcessInvokerWrapper]   Working directory: '/home/jenny/tensorflow-mri/_work/_actions/_temp_2a65d8f6-2e4b-43d2-8a0a-c760d564b2d7/_staging'
[2025-03-19 14:53:08Z INFO ProcessInvokerWrapper]   Require exit code zero: 'False'
[2025-03-19 14:53:08Z INFO ProcessInvokerWrapper]   Encoding web name:  ; code page: ''
[2025-03-19 14:53:08Z INFO ProcessInvokerWrapper]   Force kill process on cancellation: 'False'
[2025-03-19 14:53:08Z INFO ProcessInvokerWrapper]   Redirected STDIN: 'False'
[2025-03-19 14:53:08Z INFO ProcessInvokerWrapper]   Persist current code page: 'False'
[2025-03-19 14:53:08Z INFO ProcessInvokerWrapper]   Keep redirected STDIN open: 'False'
[2025-03-19 14:53:08Z INFO ProcessInvokerWrapper]   High priority process: 'False'
[2025-03-19 14:53:08Z INFO ProcessInvokerWrapper] Updated oom_score_adj to 500 for PID: 2100934.
[2025-03-19 14:53:08Z INFO ProcessInvokerWrapper] Process started with process id 2100934, waiting for process exit.
[2025-03-19 14:53:08Z INFO ProcessInvokerWrapper] STDOUT/STDERR stream read finished.
[2025-03-19 14:53:08Z INFO ProcessInvokerWrapper] STDOUT/STDERR stream read finished.
[2025-03-19 14:53:08Z INFO ProcessInvokerWrapper] Finished process 2100934 with exit code 0, and elapsed time 00:00:00.0034063.
[2025-03-19 14:53:08Z INFO ActionManager] Finished getting action repository.
[2025-03-19 14:53:08Z INFO HostContext] Well known directory 'Bin': '/home/jenny/tensorflow-mri/bin'
[2025-03-19 14:53:08Z INFO HostContext] Well known directory 'Root': '/home/jenny/tensorflow-mri'
[2025-03-19 14:53:08Z INFO HostContext] Well known directory 'Work': '/home/jenny/tensorflow-mri/_work'
[2025-03-19 14:53:08Z INFO HostContext] Well known directory 'Actions': '/home/jenny/tensorflow-mri/_work/_actions'
[2025-03-19 14:53:08Z INFO ActionManifestManager] Load schema file with definitions: [
  "null",
  "boolean",
  "number",
  "string",
  "sequence",
  "mapping",
  "any",
  "action-root",
  "inputs",
  "input",
  "outputs",
  "output-definition",
  "runs",
  "container-runs",
  "container-runs-args",
  "container-runs-env",
  "node-runs",
  "plugin-runs",
  "composite-runs",
  "composite-steps",
  "composite-step",
  "run-step",
  "uses-step",
  "container-runs-context",
  "output-value",
  "input-default-context",
  "non-empty-string",
  "string-steps-context",
  "boolean-steps-context",
  "step-env",
  "step-if",
  "step-with"
]
[2025-03-19 14:53:08Z INFO HostContext] Well known directory 'Bin': '/home/jenny/tensorflow-mri/bin'
[2025-03-19 14:53:08Z INFO HostContext] Well known directory 'Root': '/home/jenny/tensorflow-mri'
[2025-03-19 14:53:08Z INFO HostContext] Well known directory 'Work': '/home/jenny/tensorflow-mri/_work'
[2025-03-19 14:53:08Z INFO HostContext] Well known directory 'Actions': '/home/jenny/tensorflow-mri/_work/_actions'
[2025-03-19 14:53:08Z INFO ActionManifestManager] Loaded action.yml file: {
  "name": "Checkout",
  "description": "Checkout a Git repository at a particular version",
  "inputs": {
    "type": 2,
    "map": [
      {
        "key": {
          "type": 0,
          "file": 2,
          "line": 4,
          "col": 3,
          "lit": "repository"
        },
        "value": {
          "type": 3,
          "file": 2,
          "line": 6,
          "col": 14,
          "expr": "github.repository"
        }
      },
      {
        "key": {
          "type": 0,
          "file": 2,
          "line": 7,
          "col": 3,
          "lit": "ref"
        },
        "value": ""
      },
      {
        "key": {
          "type": 0,
          "file": 2,
          "line": 12,
          "col": 3,
          "lit": "token"
        },
        "value": {
          "type": 3,
          "file": 2,
          "line": 24,
          "col": 14,
          "expr": "github.token"
        }
      },
      {
        "key": {
          "type": 0,
          "file": 2,
          "line": 25,
          "col": 3,
          "lit": "ssh-key"
        },
        "value": ""
      },
      {
        "key": {
          "type": 0,
          "file": 2,
          "line": 37,
          "col": 3,
          "lit": "ssh-known-hosts"
        },
        "value": ""
      },
      {
        "key": {
          "type": 0,
          "file": 2,
          "line": 42,
          "col": 3,
          "lit": "ssh-strict"
        },
        "value": {
          "type": 0,
          "file": 2,
          "line": 47,
          "col": 14,
          "lit": "true"
        }
      },
      {
        "key": {
          "type": 0,
          "file": 2,
          "line": 48,
          "col": 3,
          "lit": "ssh-user"
        },
        "value": {
          "type": 0,
          "file": 2,
          "line": 51,
          "col": 14,
          "lit": "git"
        }
      },
      {
        "key": {
          "type": 0,
          "file": 2,
          "line": 52,
          "col": 3,
          "lit": "persist-credentials"
        },
        "value": {
          "type": 0,
          "file": 2,
          "line": 54,
          "col": 14,
          "lit": "true"
        }
      },
      {
        "key": {
          "type": 0,
          "file": 2,
          "line": 55,
          "col": 3,
          "lit": "path"
        },
        "value": ""
      },
      {
        "key": {
          "type": 0,
          "file": 2,
          "line": 57,
          "col": 3,
          "lit": "clean"
        },
        "value": {
          "type": 0,
          "file": 2,
          "line": 59,
          "col": 14,
          "lit": "true"
        }
      },
      {
        "key": {
          "type": 0,
          "file": 2,
          "line": 60,
          "col": 3,
          "lit": "filter"
        },
        "value": {
          "type": 0,
          "file": 2,
          "line": 64,
          "col": 14,
          "lit": ""
        }
      },
      {
        "key": {
          "type": 0,
          "file": 2,
          "line": 65,
          "col": 3,
          "lit": "sparse-checkout"
        },
        "value": {
          "type": 0,
          "file": 2,
          "line": 69,
          "col": 14,
          "lit": ""
        }
      },
      {
        "key": {
          "type": 0,
          "file": 2,
          "line": 70,
          "col": 3,
          "lit": "sparse-checkout-cone-mode"
        },
        "value": {
          "type": 0,
          "file": 2,
          "line": 73,
          "col": 14,
          "lit": "true"
        }
      },
      {
        "key": {
          "type": 0,
          "file": 2,
          "line": 74,
          "col": 3,
          "lit": "fetch-depth"
        },
        "value": {
          "type": 0,
          "file": 2,
          "line": 76,
          "col": 14,
          "lit": "1"
        }
      },
      {
        "key": {
          "type": 0,
          "file": 2,
          "line": 77,
          "col": 3,
          "lit": "fetch-tags"
        },
        "value": {
          "type": 0,
          "file": 2,
          "line": 79,
          "col": 14,
          "lit": "false"
        }
      },
      {
        "key": {
          "type": 0,
          "file": 2,
          "line": 80,
          "col": 3,
          "lit": "show-progress"
        },
        "value": {
          "type": 0,
          "file": 2,
          "line": 82,
          "col": 14,
          "lit": "true"
        }
      },
      {
        "key": {
          "type": 0,
          "file": 2,
          "line": 83,
          "col": 3,
          "lit": "lfs"
        },
        "value": {
          "type": 0,
          "file": 2,
          "line": 85,
          "col": 14,
          "lit": "false"
        }
      },
      {
        "key": {
          "type": 0,
          "file": 2,
          "line": 86,
          "col": 3,
          "lit": "submodules"
        },
        "value": {
          "type": 0,
          "file": 2,
          "line": 94,
          "col": 14,
          "lit": "false"
        }
      },
      {
        "key": {
          "type": 0,
          "file": 2,
          "line": 95,
          "col": 3,
          "lit": "set-safe-directory"
        },
        "value": {
          "type": 0,
          "file": 2,
          "line": 97,
          "col": 14,
          "lit": "true"
        }
      },
      {
        "key": {
          "type": 0,
          "file": 2,
          "line": 98,
          "col": 3,
          "lit": "github-server-url"
        },
        "value": ""
      }
    ]
  },
  "execution": {
    "executionType": "nodeJS",
    "hasPre": false,
    "hasPost": true,
    "script": "dist/index.js",
    "pre": null,
    "post": "dist/index.js",
    "nodeVersion": "node20",
    "cleanupCondition": "always()",
    "initCondition": "always()"
  },
  "deprecated": null
}
[2025-03-19 14:53:08Z INFO ActionManager] Action node.js file: dist/index.js, no more preparation.
[2025-03-19 14:53:08Z INFO HostContext] Well known directory 'Bin': '/home/jenny/tensorflow-mri/bin'
[2025-03-19 14:53:08Z INFO HostContext] Well known directory 'Root': '/home/jenny/tensorflow-mri'
[2025-03-19 14:53:08Z INFO HostContext] Well known directory 'Work': '/home/jenny/tensorflow-mri/_work'
[2025-03-19 14:53:08Z INFO HostContext] Well known directory 'Actions': '/home/jenny/tensorflow-mri/_work/_actions'
[2025-03-19 14:53:08Z INFO ActionManager] Load action that reference repository from '/home/jenny/tensorflow-mri/_work/_actions/actions/checkout/v4'
[2025-03-19 14:53:08Z INFO HostContext] Well known directory 'Bin': '/home/jenny/tensorflow-mri/bin'
[2025-03-19 14:53:08Z INFO HostContext] Well known directory 'Root': '/home/jenny/tensorflow-mri'
[2025-03-19 14:53:08Z INFO HostContext] Well known directory 'Work': '/home/jenny/tensorflow-mri/_work'
[2025-03-19 14:53:08Z INFO HostContext] Well known directory 'Actions': '/home/jenny/tensorflow-mri/_work/_actions'
[2025-03-19 14:53:08Z INFO ActionManifestManager] Loaded action.yml file: {
  "name": "Checkout",
  "description": "Checkout a Git repository at a particular version",
  "inputs": {
    "type": 2,
    "map": [
      {
        "key": {
          "type": 0,
          "file": 2,
          "line": 4,
          "col": 3,
          "lit": "repository"
        },
        "value": {
          "type": 3,
          "file": 2,
          "line": 6,
          "col": 14,
          "expr": "github.repository"
        }
      },
      {
        "key": {
          "type": 0,
          "file": 2,
          "line": 7,
          "col": 3,
          "lit": "ref"
        },
        "value": ""
      },
      {
        "key": {
          "type": 0,
          "file": 2,
          "line": 12,
          "col": 3,
          "lit": "token"
        },
        "value": {
          "type": 3,
          "file": 2,
          "line": 24,
          "col": 14,
          "expr": "github.token"
        }
      },
      {
        "key": {
          "type": 0,
          "file": 2,
          "line": 25,
          "col": 3,
          "lit": "ssh-key"
        },
        "value": ""
      },
      {
        "key": {
          "type": 0,
          "file": 2,
          "line": 37,
          "col": 3,
          "lit": "ssh-known-hosts"
        },
        "value": ""
      },
      {
        "key": {
          "type": 0,
          "file": 2,
          "line": 42,
          "col": 3,
          "lit": "ssh-strict"
        },
        "value": {
          "type": 0,
          "file": 2,
          "line": 47,
          "col": 14,
          "lit": "true"
        }
      },
      {
        "key": {
          "type": 0,
          "file": 2,
          "line": 48,
          "col": 3,
          "lit": "ssh-user"
        },
        "value": {
          "type": 0,
          "file": 2,
          "line": 51,
          "col": 14,
          "lit": "git"
        }
      },
      {
        "key": {
          "type": 0,
          "file": 2,
          "line": 52,
          "col": 3,
          "lit": "persist-credentials"
        },
        "value": {
          "type": 0,
          "file": 2,
          "line": 54,
          "col": 14,
          "lit": "true"
        }
      },
      {
        "key": {
          "type": 0,
          "file": 2,
          "line": 55,
          "col": 3,
          "lit": "path"
        },
        "value": ""
      },
      {
        "key": {
          "type": 0,
          "file": 2,
          "line": 57,
          "col": 3,
          "lit": "clean"
        },
        "value": {
          "type": 0,
          "file": 2,
          "line": 59,
          "col": 14,
          "lit": "true"
        }
      },
      {
        "key": {
          "type": 0,
          "file": 2,
          "line": 60,
          "col": 3,
          "lit": "filter"
        },
        "value": {
          "type": 0,
          "file": 2,
          "line": 64,
          "col": 14,
          "lit": ""
        }
      },
      {
        "key": {
          "type": 0,
          "file": 2,
          "line": 65,
          "col": 3,
          "lit": "sparse-checkout"
        },
        "value": {
          "type": 0,
          "file": 2,
          "line": 69,
          "col": 14,
          "lit": ""
        }
      },
      {
        "key": {
          "type": 0,
          "file": 2,
          "line": 70,
          "col": 3,
          "lit": "sparse-checkout-cone-mode"
        },
        "value": {
          "type": 0,
          "file": 2,
          "line": 73,
          "col": 14,
          "lit": "true"
        }
      },
      {
        "key": {
          "type": 0,
          "file": 2,
          "line": 74,
          "col": 3,
          "lit": "fetch-depth"
        },
        "value": {
          "type": 0,
          "file": 2,
          "line": 76,
          "col": 14,
          "lit": "1"
        }
      },
      {
        "key": {
          "type": 0,
          "file": 2,
          "line": 77,
          "col": 3,
          "lit": "fetch-tags"
        },
        "value": {
          "type": 0,
          "file": 2,
          "line": 79,
          "col": 14,
          "lit": "false"
        }
      },
      {
        "key": {
          "type": 0,
          "file": 2,
          "line": 80,
          "col": 3,
          "lit": "show-progress"
        },
        "value": {
          "type": 0,
          "file": 2,
          "line": 82,
          "col": 14,
          "lit": "true"
        }
      },
      {
        "key": {
          "type": 0,
          "file": 2,
          "line": 83,
          "col": 3,
          "lit": "lfs"
        },
        "value": {
          "type": 0,
          "file": 2,
          "line": 85,
          "col": 14,
          "lit": "false"
        }
      },
      {
        "key": {
          "type": 0,
          "file": 2,
          "line": 86,
          "col": 3,
          "lit": "submodules"
        },
        "value": {
          "type": 0,
          "file": 2,
          "line": 94,
          "col": 14,
          "lit": "false"
        }
      },
      {
        "key": {
          "type": 0,
          "file": 2,
          "line": 95,
          "col": 3,
          "lit": "set-safe-directory"
        },
        "value": {
          "type": 0,
          "file": 2,
          "line": 97,
          "col": 14,
          "lit": "true"
        }
      },
      {
        "key": {
          "type": 0,
          "file": 2,
          "line": 98,
          "col": 3,
          "lit": "github-server-url"
        },
        "value": ""
      }
    ]
  },
  "execution": {
    "executionType": "nodeJS",
    "hasPre": false,
    "hasPost": true,
    "script": "dist/index.js",
    "pre": null,
    "post": "dist/index.js",
    "nodeVersion": "node20",
    "cleanupCondition": "always()",
    "initCondition": "always()"
  },
  "deprecated": null
}
[2025-03-19 14:53:08Z INFO ActionManager] Action pre node.js file: N/A.
[2025-03-19 14:53:08Z INFO ActionManager] Action node.js file: dist/index.js.
[2025-03-19 14:53:08Z INFO ActionManager] Action post node.js file: dist/index.js.
[2025-03-19 14:53:08Z INFO HostContext] Well known directory 'Bin': '/home/jenny/tensorflow-mri/bin'
[2025-03-19 14:53:08Z INFO HostContext] Well known directory 'Root': '/home/jenny/tensorflow-mri'
[2025-03-19 14:53:08Z INFO HostContext] Well known directory 'Work': '/home/jenny/tensorflow-mri/_work'
[2025-03-19 14:53:08Z INFO HostContext] Well known directory 'Actions': '/home/jenny/tensorflow-mri/_work/_actions'
[2025-03-19 14:53:08Z INFO HostContext] Well known directory 'Bin': '/home/jenny/tensorflow-mri/bin'
[2025-03-19 14:53:08Z INFO HostContext] Well known directory 'Root': '/home/jenny/tensorflow-mri'
[2025-03-19 14:53:08Z INFO HostContext] Well known directory 'Work': '/home/jenny/tensorflow-mri/_work'
[2025-03-19 14:53:08Z INFO HostContext] Well known directory 'Actions': '/home/jenny/tensorflow-mri/_work/_actions'
[2025-03-19 14:53:08Z INFO ActionManifestManager] Ignore action property author.
[2025-03-19 14:53:08Z INFO ActionManifestManager] Loaded action.yml file: {
  "name": "Upload a Build Artifact",
  "description": "Upload a build artifact that can be used by subsequent workflow steps",
  "inputs": {
    "type": 2,
    "map": [
      {
        "key": {
          "type": 0,
          "file": 3,
          "line": 5,
          "col": 3,
          "lit": "name"
        },
        "value": {
          "type": 0,
          "file": 3,
          "line": 7,
          "col": 14,
          "lit": "artifact"
        }
      },
      {
        "key": {
          "type": 0,
          "file": 3,
          "line": 8,
          "col": 3,
          "lit": "path"
        },
        "value": ""
      },
      {
        "key": {
          "type": 0,
          "file": 3,
          "line": 11,
          "col": 3,
          "lit": "if-no-files-found"
        },
        "value": {
          "type": 0,
          "file": 3,
          "line": 19,
          "col": 14,
          "lit": "warn"
        }
      },
      {
        "key": {
          "type": 0,
          "file": 3,
          "line": 20,
          "col": 3,
          "lit": "retention-days"
        },
        "value": ""
      },
      {
        "key": {
          "type": 0,
          "file": 3,
          "line": 26,
          "col": 3,
          "lit": "compression-level"
        },
        "value": {
          "type": 0,
          "file": 3,
          "line": 36,
          "col": 14,
          "lit": "6"
        }
      },
      {
        "key": {
          "type": 0,
          "file": 3,
          "line": 37,
          "col": 3,
          "lit": "overwrite"
        },
        "value": {
          "type": 0,
          "file": 3,
          "line": 42,
          "col": 14,
          "lit": "false"
        }
      },
      {
        "key": {
          "type": 0,
          "file": 3,
          "line": 43,
          "col": 3,
          "lit": "include-hidden-files"
        },
        "value": {
          "type": 0,
          "file": 3,
          "line": 47,
          "col": 14,
          "lit": "false"
        }
      }
    ]
  },
  "execution": {
    "executionType": "nodeJS",
    "hasPre": false,
    "hasPost": false,
    "script": "dist/upload/index.js",
    "pre": null,
    "post": null,
    "nodeVersion": "node20",
    "cleanupCondition": "always()",
    "initCondition": "always()"
  },
  "deprecated": null
}
[2025-03-19 14:53:08Z INFO ActionManager] Action node.js file: dist/upload/index.js, no more preparation.
[2025-03-19 14:53:08Z INFO HostContext] Well known directory 'Bin': '/home/jenny/tensorflow-mri/bin'
[2025-03-19 14:53:08Z INFO HostContext] Well known directory 'Root': '/home/jenny/tensorflow-mri'
[2025-03-19 14:53:08Z INFO HostContext] Well known directory 'Work': '/home/jenny/tensorflow-mri/_work'
[2025-03-19 14:53:08Z INFO HostContext] Well known directory 'Actions': '/home/jenny/tensorflow-mri/_work/_actions'
[2025-03-19 14:53:08Z INFO ActionManager] Load action that reference repository from '/home/jenny/tensorflow-mri/_work/_actions/actions/upload-artifact/v4'
[2025-03-19 14:53:08Z INFO HostContext] Well known directory 'Bin': '/home/jenny/tensorflow-mri/bin'
[2025-03-19 14:53:08Z INFO HostContext] Well known directory 'Root': '/home/jenny/tensorflow-mri'
[2025-03-19 14:53:08Z INFO HostContext] Well known directory 'Work': '/home/jenny/tensorflow-mri/_work'
[2025-03-19 14:53:08Z INFO HostContext] Well known directory 'Actions': '/home/jenny/tensorflow-mri/_work/_actions'
[2025-03-19 14:53:08Z INFO ActionManifestManager] Ignore action property author.
[2025-03-19 14:53:08Z INFO ActionManifestManager] Loaded action.yml file: {
  "name": "Upload a Build Artifact",
  "description": "Upload a build artifact that can be used by subsequent workflow steps",
  "inputs": {
    "type": 2,
    "map": [
      {
        "key": {
          "type": 0,
          "file": 3,
          "line": 5,
          "col": 3,
          "lit": "name"
        },
        "value": {
          "type": 0,
          "file": 3,
          "line": 7,
          "col": 14,
          "lit": "artifact"
        }
      },
      {
        "key": {
          "type": 0,
          "file": 3,
          "line": 8,
          "col": 3,
          "lit": "path"
        },
        "value": ""
      },
      {
        "key": {
          "type": 0,
          "file": 3,
          "line": 11,
          "col": 3,
          "lit": "if-no-files-found"
        },
        "value": {
          "type": 0,
          "file": 3,
          "line": 19,
          "col": 14,
          "lit": "warn"
        }
      },
      {
        "key": {
          "type": 0,
          "file": 3,
          "line": 20,
          "col": 3,
          "lit": "retention-days"
        },
        "value": ""
      },
      {
        "key": {
          "type": 0,
          "file": 3,
          "line": 26,
          "col": 3,
          "lit": "compression-level"
        },
        "value": {
          "type": 0,
          "file": 3,
          "line": 36,
          "col": 14,
          "lit": "6"
        }
      },
      {
        "key": {
          "type": 0,
          "file": 3,
          "line": 37,
          "col": 3,
          "lit": "overwrite"
        },
        "value": {
          "type": 0,
          "file": 3,
          "line": 42,
          "col": 14,
          "lit": "false"
        }
      },
      {
        "key": {
          "type": 0,
          "file": 3,
          "line": 43,
          "col": 3,
          "lit": "include-hidden-files"
        },
        "value": {
          "type": 0,
          "file": 3,
          "line": 47,
          "col": 14,
          "lit": "false"
        }
      }
    ]
  },
  "execution": {
    "executionType": "nodeJS",
    "hasPre": false,
    "hasPost": false,
    "script": "dist/upload/index.js",
    "pre": null,
    "post": null,
    "nodeVersion": "node20",
    "cleanupCondition": "always()",
    "initCondition": "always()"
  },
  "deprecated": null
}
[2025-03-19 14:53:08Z INFO ActionManager] Action pre node.js file: N/A.
[2025-03-19 14:53:08Z INFO ActionManager] Action node.js file: dist/upload/index.js.
[2025-03-19 14:53:08Z INFO ActionManager] Action post node.js file: N/A.
[2025-03-19 14:53:08Z INFO HostContext] Well known directory 'Bin': '/home/jenny/tensorflow-mri/bin'
[2025-03-19 14:53:08Z INFO HostContext] Well known directory 'Root': '/home/jenny/tensorflow-mri'
[2025-03-19 14:53:08Z INFO HostContext] Well known directory 'Work': '/home/jenny/tensorflow-mri/_work'
[2025-03-19 14:53:08Z INFO HostContext] Well known directory 'Actions': '/home/jenny/tensorflow-mri/_work/_actions'
[2025-03-19 14:53:08Z INFO HostContext] Well known directory 'Bin': '/home/jenny/tensorflow-mri/bin'
[2025-03-19 14:53:08Z INFO HostContext] Well known directory 'Root': '/home/jenny/tensorflow-mri'
[2025-03-19 14:53:08Z INFO HostContext] Well known directory 'Work': '/home/jenny/tensorflow-mri/_work'
[2025-03-19 14:53:08Z INFO HostContext] Well known directory 'Actions': '/home/jenny/tensorflow-mri/_work/_actions'
[2025-03-19 14:53:08Z INFO ActionManifestManager] Ignore action property author.
[2025-03-19 14:53:08Z INFO ActionManifestManager] Loaded action.yml file: {
  "name": "Upload a Build Artifact",
  "description": "Upload a build artifact that can be used by subsequent workflow steps",
  "inputs": {
    "type": 2,
    "map": [
      {
        "key": {
          "type": 0,
          "file": 3,
          "line": 5,
          "col": 3,
          "lit": "name"
        },
        "value": {
          "type": 0,
          "file": 3,
          "line": 7,
          "col": 14,
          "lit": "artifact"
        }
      },
      {
        "key": {
          "type": 0,
          "file": 3,
          "line": 8,
          "col": 3,
          "lit": "path"
        },
        "value": ""
      },
      {
        "key": {
          "type": 0,
          "file": 3,
          "line": 11,
          "col": 3,
          "lit": "if-no-files-found"
        },
        "value": {
          "type": 0,
          "file": 3,
          "line": 19,
          "col": 14,
          "lit": "warn"
        }
      },
      {
        "key": {
          "type": 0,
          "file": 3,
          "line": 20,
          "col": 3,
          "lit": "retention-days"
        },
        "value": ""
      },
      {
        "key": {
          "type": 0,
          "file": 3,
          "line": 26,
          "col": 3,
          "lit": "compression-level"
        },
        "value": {
          "type": 0,
          "file": 3,
          "line": 36,
          "col": 14,
          "lit": "6"
        }
      },
      {
        "key": {
          "type": 0,
          "file": 3,
          "line": 37,
          "col": 3,
          "lit": "overwrite"
        },
        "value": {
          "type": 0,
          "file": 3,
          "line": 42,
          "col": 14,
          "lit": "false"
        }
      },
      {
        "key": {
          "type": 0,
          "file": 3,
          "line": 43,
          "col": 3,
          "lit": "include-hidden-files"
        },
        "value": {
          "type": 0,
          "file": 3,
          "line": 47,
          "col": 14,
          "lit": "false"
        }
      }
    ]
  },
  "execution": {
    "executionType": "nodeJS",
    "hasPre": false,
    "hasPost": false,
    "script": "dist/upload/index.js",
    "pre": null,
    "post": null,
    "nodeVersion": "node20",
    "cleanupCondition": "always()",
    "initCondition": "always()"
  },
  "deprecated": null
}
[2025-03-19 14:53:08Z INFO ActionManager] Action node.js file: dist/upload/index.js, no more preparation.
[2025-03-19 14:53:08Z INFO HostContext] Well known directory 'Bin': '/home/jenny/tensorflow-mri/bin'
[2025-03-19 14:53:08Z INFO HostContext] Well known directory 'Root': '/home/jenny/tensorflow-mri'
[2025-03-19 14:53:08Z INFO HostContext] Well known directory 'Work': '/home/jenny/tensorflow-mri/_work'
[2025-03-19 14:53:08Z INFO HostContext] Well known directory 'Actions': '/home/jenny/tensorflow-mri/_work/_actions'
[2025-03-19 14:53:08Z INFO ActionManager] Load action that reference repository from '/home/jenny/tensorflow-mri/_work/_actions/actions/upload-artifact/v4'
[2025-03-19 14:53:08Z INFO HostContext] Well known directory 'Bin': '/home/jenny/tensorflow-mri/bin'
[2025-03-19 14:53:08Z INFO HostContext] Well known directory 'Root': '/home/jenny/tensorflow-mri'
[2025-03-19 14:53:08Z INFO HostContext] Well known directory 'Work': '/home/jenny/tensorflow-mri/_work'
[2025-03-19 14:53:08Z INFO HostContext] Well known directory 'Actions': '/home/jenny/tensorflow-mri/_work/_actions'
[2025-03-19 14:53:08Z INFO ActionManifestManager] Ignore action property author.
[2025-03-19 14:53:08Z INFO ActionManifestManager] Loaded action.yml file: {
  "name": "Upload a Build Artifact",
  "description": "Upload a build artifact that can be used by subsequent workflow steps",
  "inputs": {
    "type": 2,
    "map": [
      {
        "key": {
          "type": 0,
          "file": 3,
          "line": 5,
          "col": 3,
          "lit": "name"
        },
        "value": {
          "type": 0,
          "file": 3,
          "line": 7,
          "col": 14,
          "lit": "artifact"
        }
      },
      {
        "key": {
          "type": 0,
          "file": 3,
          "line": 8,
          "col": 3,
          "lit": "path"
        },
        "value": ""
      },
      {
        "key": {
          "type": 0,
          "file": 3,
          "line": 11,
          "col": 3,
          "lit": "if-no-files-found"
        },
        "value": {
          "type": 0,
          "file": 3,
          "line": 19,
          "col": 14,
          "lit": "warn"
        }
      },
      {
        "key": {
          "type": 0,
          "file": 3,
          "line": 20,
          "col": 3,
          "lit": "retention-days"
        },
        "value": ""
      },
      {
        "key": {
          "type": 0,
          "file": 3,
          "line": 26,
          "col": 3,
          "lit": "compression-level"
        },
        "value": {
          "type": 0,
          "file": 3,
          "line": 36,
          "col": 14,
          "lit": "6"
        }
      },
      {
        "key": {
          "type": 0,
          "file": 3,
          "line": 37,
          "col": 3,
          "lit": "overwrite"
        },
        "value": {
          "type": 0,
          "file": 3,
          "line": 42,
          "col": 14,
          "lit": "false"
        }
      },
      {
        "key": {
          "type": 0,
          "file": 3,
          "line": 43,
          "col": 3,
          "lit": "include-hidden-files"
        },
        "value": {
          "type": 0,
          "file": 3,
          "line": 47,
          "col": 14,
          "lit": "false"
        }
      }
    ]
  },
  "execution": {
    "executionType": "nodeJS",
    "hasPre": false,
    "hasPost": false,
    "script": "dist/upload/index.js",
    "pre": null,
    "post": null,
    "nodeVersion": "node20",
    "cleanupCondition": "always()",
    "initCondition": "always()"
  },
  "deprecated": null
}
[2025-03-19 14:53:08Z INFO ActionManager] Action pre node.js file: N/A.
[2025-03-19 14:53:08Z INFO ActionManager] Action node.js file: dist/upload/index.js.
[2025-03-19 14:53:08Z INFO ActionManager] Action post node.js file: N/A.
[2025-03-19 14:53:08Z INFO HostContext] Well known directory 'Bin': '/home/jenny/tensorflow-mri/bin'
[2025-03-19 14:53:08Z INFO HostContext] Well known directory 'Root': '/home/jenny/tensorflow-mri'
[2025-03-19 14:53:08Z INFO HostContext] Well known directory 'Work': '/home/jenny/tensorflow-mri/_work'
[2025-03-19 14:53:08Z INFO HostContext] Well known directory 'Actions': '/home/jenny/tensorflow-mri/_work/_actions'
[2025-03-19 14:53:08Z INFO HostContext] Well known directory 'Bin': '/home/jenny/tensorflow-mri/bin'
[2025-03-19 14:53:08Z INFO HostContext] Well known directory 'Root': '/home/jenny/tensorflow-mri'
[2025-03-19 14:53:08Z INFO HostContext] Well known directory 'Work': '/home/jenny/tensorflow-mri/_work'
[2025-03-19 14:53:08Z INFO HostContext] Well known directory 'Actions': '/home/jenny/tensorflow-mri/_work/_actions'
[2025-03-19 14:53:08Z INFO ActionManifestManager] Ignore action property branding.
[2025-03-19 14:53:08Z INFO ActionManifestManager] Loaded action.yml file: {
  "name": "pypi-publish",
  "description": "Upload Python distribution packages to PyPI",
  "inputs": {
    "type": 2,
    "map": [
      {
        "key": {
          "type": 0,
          "file": 4,
          "line": 5,
          "col": 3,
          "lit": "user"
        },
        "value": {
          "type": 0,
          "file": 4,
          "line": 8,
          "col": 14,
          "lit": "__token__"
        }
      },
      {
        "key": {
          "type": 0,
          "file": 4,
          "line": 9,
          "col": 3,
          "lit": "password"
        },
        "value": ""
      },
      {
        "key": {
          "type": 0,
          "file": 4,
          "line": 12,
          "col": 3,
          "lit": "repository-url"
        },
        "value": ""
      },
      {
        "key": {
          "type": 0,
          "file": 4,
          "line": 15,
          "col": 3,
          "lit": "repository_url"
        },
        "value": ""
      },
      {
        "key": {
          "type": 0,
          "file": 4,
          "line": 23,
          "col": 3,
          "lit": "packages-dir"
        },
        "value": ""
      },
      {
        "key": {
          "type": 0,
          "file": 4,
          "line": 27,
          "col": 3,
          "lit": "packages_dir"
        },
        "value": {
          "type": 0,
          "file": 4,
          "line": 35,
          "col": 14,
          "lit": "dist"
        }
      },
      {
        "key": {
          "type": 0,
          "file": 4,
          "line": 36,
          "col": 3,
          "lit": "verify-metadata"
        },
        "value": ""
      },
      {
        "key": {
          "type": 0,
          "file": 4,
          "line": 40,
          "col": 3,
          "lit": "verify_metadata"
        },
        "value": {
          "type": 0,
          "file": 4,
          "line": 48,
          "col": 14,
          "lit": "true"
        }
      },
      {
        "key": {
          "type": 0,
          "file": 4,
          "line": 49,
          "col": 3,
          "lit": "skip-existing"
        },
        "value": ""
      },
      {
        "key": {
          "type": 0,
          "file": 4,
          "line": 55,
          "col": 3,
          "lit": "skip_existing"
        },
        "value": {
          "type": 0,
          "file": 4,
          "line": 64,
          "col": 14,
          "lit": "false"
        }
      },
      {
        "key": {
          "type": 0,
          "file": 4,
          "line": 65,
          "col": 3,
          "lit": "verbose"
        },
        "value": {
          "type": 0,
          "file": 4,
          "line": 68,
          "col": 14,
          "lit": "false"
        }
      },
      {
        "key": {
          "type": 0,
          "file": 4,
          "line": 69,
          "col": 3,
          "lit": "print-hash"
        },
        "value": ""
      },
      {
        "key": {
          "type": 0,
          "file": 4,
          "line": 73,
          "col": 3,
          "lit": "print_hash"
        },
        "value": {
          "type": 0,
          "file": 4,
          "line": 81,
          "col": 14,
          "lit": "false"
        }
      }
    ]
  },
  "execution": {
    "executionType": "container",
    "hasPre": false,
    "hasPost": false,
    "image": "Dockerfile",
    "entryPoint": null,
    "arguments": {
      "type": 1,
      "file": 4,
      "line": 89,
      "col": 3,
      "seq": [
        {
          "type": 3,
          "file": 4,
          "line": 89,
          "col": 5,
          "expr": "inputs.user"
        },
        {
          "type": 3,
          "file": 4,
          "line": 90,
          "col": 5,
          "expr": "inputs.password"
        },
        {
          "type": 3,
          "file": 4,
          "line": 91,
          "col": 5,
          "expr": "inputs.repository-url"
        },
        {
          "type": 3,
          "file": 4,
          "line": 92,
          "col": 5,
          "expr": "inputs.packages-dir"
        },
        {
          "type": 3,
          "file": 4,
          "line": 93,
          "col": 5,
          "expr": "inputs.verify-metadata"
        },
        {
          "type": 3,
          "file": 4,
          "line": 94,
          "col": 5,
          "expr": "inputs.skip-existing"
        },
        {
          "type": 3,
          "file": 4,
          "line": 95,
          "col": 5,
          "expr": "inputs.verbose"
        },
        {
          "type": 3,
          "file": 4,
          "line": 96,
          "col": 5,
          "expr": "inputs.print-hash"
        }
      ]
    },
    "environment": null,
    "pre": null,
    "post": null,
    "cleanupCondition": "always()",
    "initCondition": "always()"
  },
  "deprecated": {
    "repository_url": "The inputs have been normalized to use kebab-case. Use `repository-url` instead.",
    "packages_dir": "The inputs have been normalized to use kebab-case. Use `packages-dir` instead.",
    "verify_metadata": "The inputs have been normalized to use kebab-case. Use `verify-metadata` instead.",
    "skip_existing": "The inputs have been normalized to use kebab-case. Use `skip-existing` instead.",
    "print_hash": "The inputs have been normalized to use kebab-case. Use `print-hash` instead."
  }
}
[2025-03-19 14:53:08Z INFO ActionManager] Action __pypa_gh-action-pypi-publish (44e2dba0-96a0-44a6-bf7c-fe485c9bb45d) from repository 'pypa/gh-action-pypi-publish@release/v1.7' needs to build image '/home/jenny/tensorflow-mri/_work/_actions/pypa/gh-action-pypi-publish/release/v1.7/Dockerfile'
[2025-03-19 14:53:08Z INFO HostContext] Well known directory 'Bin': '/home/jenny/tensorflow-mri/bin'
[2025-03-19 14:53:08Z INFO HostContext] Well known directory 'Root': '/home/jenny/tensorflow-mri'
[2025-03-19 14:53:08Z INFO HostContext] Well known directory 'Work': '/home/jenny/tensorflow-mri/_work'
[2025-03-19 14:53:08Z INFO HostContext] Well known directory 'Actions': '/home/jenny/tensorflow-mri/_work/_actions'
[2025-03-19 14:53:08Z INFO ActionManager] Load action that reference repository from '/home/jenny/tensorflow-mri/_work/_actions/pypa/gh-action-pypi-publish/release/v1.7'
[2025-03-19 14:53:08Z INFO HostContext] Well known directory 'Bin': '/home/jenny/tensorflow-mri/bin'
[2025-03-19 14:53:08Z INFO HostContext] Well known directory 'Root': '/home/jenny/tensorflow-mri'
[2025-03-19 14:53:08Z INFO HostContext] Well known directory 'Work': '/home/jenny/tensorflow-mri/_work'
[2025-03-19 14:53:08Z INFO HostContext] Well known directory 'Actions': '/home/jenny/tensorflow-mri/_work/_actions'
[2025-03-19 14:53:08Z INFO ActionManifestManager] Ignore action property branding.
[2025-03-19 14:53:08Z INFO ActionManifestManager] Loaded action.yml file: {
  "name": "pypi-publish",
  "description": "Upload Python distribution packages to PyPI",
  "inputs": {
    "type": 2,
    "map": [
      {
        "key": {
          "type": 0,
          "file": 4,
          "line": 5,
          "col": 3,
          "lit": "user"
        },
        "value": {
          "type": 0,
          "file": 4,
          "line": 8,
          "col": 14,
          "lit": "__token__"
        }
      },
      {
        "key": {
          "type": 0,
          "file": 4,
          "line": 9,
          "col": 3,
          "lit": "password"
        },
        "value": ""
      },
      {
        "key": {
          "type": 0,
          "file": 4,
          "line": 12,
          "col": 3,
          "lit": "repository-url"
        },
        "value": ""
      },
      {
        "key": {
          "type": 0,
          "file": 4,
          "line": 15,
          "col": 3,
          "lit": "repository_url"
        },
        "value": ""
      },
      {
        "key": {
          "type": 0,
          "file": 4,
          "line": 23,
          "col": 3,
          "lit": "packages-dir"
        },
        "value": ""
      },
      {
        "key": {
          "type": 0,
          "file": 4,
          "line": 27,
          "col": 3,
          "lit": "packages_dir"
        },
        "value": {
          "type": 0,
          "file": 4,
          "line": 35,
          "col": 14,
          "lit": "dist"
        }
      },
      {
        "key": {
          "type": 0,
          "file": 4,
          "line": 36,
          "col": 3,
          "lit": "verify-metadata"
        },
        "value": ""
      },
      {
        "key": {
          "type": 0,
          "file": 4,
          "line": 40,
          "col": 3,
          "lit": "verify_metadata"
        },
        "value": {
          "type": 0,
          "file": 4,
          "line": 48,
          "col": 14,
          "lit": "true"
        }
      },
      {
        "key": {
          "type": 0,
          "file": 4,
          "line": 49,
          "col": 3,
          "lit": "skip-existing"
        },
        "value": ""
      },
      {
        "key": {
          "type": 0,
          "file": 4,
          "line": 55,
          "col": 3,
          "lit": "skip_existing"
        },
        "value": {
          "type": 0,
          "file": 4,
          "line": 64,
          "col": 14,
          "lit": "false"
        }
      },
      {
        "key": {
          "type": 0,
          "file": 4,
          "line": 65,
          "col": 3,
          "lit": "verbose"
        },
        "value": {
          "type": 0,
          "file": 4,
          "line": 68,
          "col": 14,
          "lit": "false"
        }
      },
      {
        "key": {
          "type": 0,
          "file": 4,
          "line": 69,
          "col": 3,
          "lit": "print-hash"
        },
        "value": ""
      },
      {
        "key": {
          "type": 0,
          "file": 4,
          "line": 73,
          "col": 3,
          "lit": "print_hash"
        },
        "value": {
          "type": 0,
          "file": 4,
          "line": 81,
          "col": 14,
          "lit": "false"
        }
      }
    ]
  },
  "execution": {
    "executionType": "container",
    "hasPre": false,
    "hasPost": false,
    "image": "Dockerfile",
    "entryPoint": null,
    "arguments": {
      "type": 1,
      "file": 4,
      "line": 89,
      "col": 3,
      "seq": [
        {
          "type": 3,
          "file": 4,
          "line": 89,
          "col": 5,
          "expr": "inputs.user"
        },
        {
          "type": 3,
          "file": 4,
          "line": 90,
          "col": 5,
          "expr": "inputs.password"
        },
        {
          "type": 3,
          "file": 4,
          "line": 91,
          "col": 5,
          "expr": "inputs.repository-url"
        },
        {
          "type": 3,
          "file": 4,
          "line": 92,
          "col": 5,
          "expr": "inputs.packages-dir"
        },
        {
          "type": 3,
          "file": 4,
          "line": 93,
          "col": 5,
          "expr": "inputs.verify-metadata"
        },
        {
          "type": 3,
          "file": 4,
          "line": 94,
          "col": 5,
          "expr": "inputs.skip-existing"
        },
        {
          "type": 3,
          "file": 4,
          "line": 95,
          "col": 5,
          "expr": "inputs.verbose"
        },
        {
          "type": 3,
          "file": 4,
          "line": 96,
          "col": 5,
          "expr": "inputs.print-hash"
        }
      ]
    },
    "environment": null,
    "pre": null,
    "post": null,
    "cleanupCondition": "always()",
    "initCondition": "always()"
  },
  "deprecated": {
    "repository_url": "The inputs have been normalized to use kebab-case. Use `repository-url` instead.",
    "packages_dir": "The inputs have been normalized to use kebab-case. Use `packages-dir` instead.",
    "verify_metadata": "The inputs have been normalized to use kebab-case. Use `verify-metadata` instead.",
    "skip_existing": "The inputs have been normalized to use kebab-case. Use `skip-existing` instead.",
    "print_hash": "The inputs have been normalized to use kebab-case. Use `print-hash` instead."
  }
}
[2025-03-19 14:53:08Z INFO ActionManager] Action container Dockerfile/image: Dockerfile.
[2025-03-19 14:53:08Z INFO ActionManager] Action container args:  {
  "type": 1,
  "file": 4,
  "line": 89,
  "col": 3,
  "seq": [
    {
      "type": 3,
      "file": 4,
      "line": 89,
      "col": 5,
      "expr": "inputs.user"
    },
    {
      "type": 3,
      "file": 4,
      "line": 90,
      "col": 5,
      "expr": "inputs.password"
    },
    {
      "type": 3,
      "file": 4,
      "line": 91,
      "col": 5,
      "expr": "inputs.repository-url"
    },
    {
      "type": 3,
      "file": 4,
      "line": 92,
      "col": 5,
      "expr": "inputs.packages-dir"
    },
    {
      "type": 3,
      "file": 4,
      "line": 93,
      "col": 5,
      "expr": "inputs.verify-metadata"
    },
    {
      "type": 3,
      "file": 4,
      "line": 94,
      "col": 5,
      "expr": "inputs.skip-existing"
    },
    {
      "type": 3,
      "file": 4,
      "line": 95,
      "col": 5,
      "expr": "inputs.verbose"
    },
    {
      "type": 3,
      "file": 4,
      "line": 96,
      "col": 5,
      "expr": "inputs.print-hash"
    }
  ]
}.
[2025-03-19 14:53:08Z INFO ActionManager] 1 steps need to build image from '/home/jenny/tensorflow-mri/_work/_actions/pypa/gh-action-pypi-publish/release/v1.7/Dockerfile'
[2025-03-19 14:53:08Z INFO DockerCommandManager] Which2: 'docker'
[2025-03-19 14:53:08Z INFO DockerCommandManager] Location: '/usr/bin/docker'
[2025-03-19 14:53:08Z INFO HostContext] Well known directory 'Bin': '/home/jenny/tensorflow-mri/bin'
[2025-03-19 14:53:08Z INFO HostContext] Well known directory 'Root': '/home/jenny/tensorflow-mri'
[2025-03-19 14:53:08Z INFO JobExtension] Adding .
[2025-03-19 14:53:08Z INFO JobExtension] Adding .
[2025-03-19 14:53:08Z INFO JobExtension] Adding .
[2025-03-19 14:53:08Z INFO JobExtension] Adding .
[2025-03-19 14:53:08Z INFO JobExtension] Adding .
[2025-03-19 14:53:08Z INFO JobExtension] Adding .
[2025-03-19 14:53:08Z INFO JobExtension] Adding .
[2025-03-19 14:53:08Z INFO JobExtension] Adding .
[2025-03-19 14:53:08Z INFO JobExtension] Adding .
[2025-03-19 14:53:08Z INFO JobExtension] Adding .
[2025-03-19 14:53:08Z INFO HostContext] Well known directory 'Bin': '/home/jenny/tensorflow-mri/bin'
[2025-03-19 14:53:08Z INFO HostContext] Well known directory 'Root': '/home/jenny/tensorflow-mri'
[2025-03-19 14:53:08Z INFO HostContext] Well known directory 'Diag': '/home/jenny/tensorflow-mri/_diag'
[2025-03-19 14:53:08Z INFO HostContext] Well known directory 'Bin': '/home/jenny/tensorflow-mri/bin'
[2025-03-19 14:53:08Z INFO HostContext] Well known directory 'Root': '/home/jenny/tensorflow-mri'
[2025-03-19 14:53:08Z INFO HostContext] Well known directory 'Diag': '/home/jenny/tensorflow-mri/_diag'
[2025-03-19 14:53:08Z INFO HostContext] Well known directory 'Bin': '/home/jenny/tensorflow-mri/bin'
[2025-03-19 14:53:08Z INFO HostContext] Well known directory 'Root': '/home/jenny/tensorflow-mri'
[2025-03-19 14:53:08Z INFO HostContext] Well known directory 'Diag': '/home/jenny/tensorflow-mri/_diag'
[2025-03-19 14:53:08Z INFO HostContext] Well known directory 'Bin': '/home/jenny/tensorflow-mri/bin'
[2025-03-19 14:53:08Z INFO HostContext] Well known directory 'Root': '/home/jenny/tensorflow-mri'
[2025-03-19 14:53:08Z INFO HostContext] Well known directory 'Diag': '/home/jenny/tensorflow-mri/_diag'
[2025-03-19 14:53:08Z INFO HostContext] Well known directory 'Bin': '/home/jenny/tensorflow-mri/bin'
[2025-03-19 14:53:08Z INFO HostContext] Well known directory 'Root': '/home/jenny/tensorflow-mri'
[2025-03-19 14:53:08Z INFO HostContext] Well known directory 'Diag': '/home/jenny/tensorflow-mri/_diag'
[2025-03-19 14:53:08Z INFO HostContext] Well known directory 'Bin': '/home/jenny/tensorflow-mri/bin'
[2025-03-19 14:53:08Z INFO HostContext] Well known directory 'Root': '/home/jenny/tensorflow-mri'
[2025-03-19 14:53:08Z INFO HostContext] Well known directory 'Diag': '/home/jenny/tensorflow-mri/_diag'
[2025-03-19 14:53:08Z INFO HostContext] Well known directory 'Bin': '/home/jenny/tensorflow-mri/bin'
[2025-03-19 14:53:08Z INFO HostContext] Well known directory 'Root': '/home/jenny/tensorflow-mri'
[2025-03-19 14:53:08Z INFO HostContext] Well known directory 'Diag': '/home/jenny/tensorflow-mri/_diag'
[2025-03-19 14:53:08Z INFO HostContext] Well known directory 'Bin': '/home/jenny/tensorflow-mri/bin'
[2025-03-19 14:53:08Z INFO HostContext] Well known directory 'Root': '/home/jenny/tensorflow-mri'
[2025-03-19 14:53:08Z INFO HostContext] Well known directory 'Diag': '/home/jenny/tensorflow-mri/_diag'
[2025-03-19 14:53:08Z INFO HostContext] Well known directory 'Bin': '/home/jenny/tensorflow-mri/bin'
[2025-03-19 14:53:08Z INFO HostContext] Well known directory 'Root': '/home/jenny/tensorflow-mri'
[2025-03-19 14:53:08Z INFO HostContext] Well known directory 'Diag': '/home/jenny/tensorflow-mri/_diag'
[2025-03-19 14:53:08Z INFO HostContext] Well known directory 'Bin': '/home/jenny/tensorflow-mri/bin'
[2025-03-19 14:53:08Z INFO HostContext] Well known directory 'Root': '/home/jenny/tensorflow-mri'
[2025-03-19 14:53:08Z INFO HostContext] Well known directory 'Diag': '/home/jenny/tensorflow-mri/_diag'
[2025-03-19 14:53:08Z INFO HostContext] Well known directory 'Bin': '/home/jenny/tensorflow-mri/bin'
[2025-03-19 14:53:08Z INFO HostContext] Well known directory 'Root': '/home/jenny/tensorflow-mri'
[2025-03-19 14:53:08Z INFO HostContext] Well known directory 'Diag': '/home/jenny/tensorflow-mri/_diag'
[2025-03-19 14:53:08Z INFO HostContext] Well known directory 'Bin': '/home/jenny/tensorflow-mri/bin'
[2025-03-19 14:53:08Z INFO HostContext] Well known directory 'Root': '/home/jenny/tensorflow-mri'
[2025-03-19 14:53:08Z INFO HostContext] Well known directory 'Diag': '/home/jenny/tensorflow-mri/_diag'
[2025-03-19 14:53:08Z INFO HostContext] Well known directory 'Bin': '/home/jenny/tensorflow-mri/bin'
[2025-03-19 14:53:08Z INFO HostContext] Well known directory 'Root': '/home/jenny/tensorflow-mri'
[2025-03-19 14:53:08Z INFO HostContext] Well known directory 'Diag': '/home/jenny/tensorflow-mri/_diag'
[2025-03-19 14:53:08Z INFO HostContext] Well known directory 'Bin': '/home/jenny/tensorflow-mri/bin'
[2025-03-19 14:53:08Z INFO HostContext] Well known directory 'Root': '/home/jenny/tensorflow-mri'
[2025-03-19 14:53:08Z INFO HostContext] Well known directory 'Diag': '/home/jenny/tensorflow-mri/_diag'
[2025-03-19 14:53:08Z INFO HostContext] Well known directory 'Bin': '/home/jenny/tensorflow-mri/bin'
[2025-03-19 14:53:08Z INFO HostContext] Well known directory 'Root': '/home/jenny/tensorflow-mri'
[2025-03-19 14:53:08Z INFO HostContext] Well known directory 'Diag': '/home/jenny/tensorflow-mri/_diag'
[2025-03-19 14:53:08Z INFO HostContext] Well known directory 'Bin': '/home/jenny/tensorflow-mri/bin'
[2025-03-19 14:53:08Z INFO HostContext] Well known directory 'Root': '/home/jenny/tensorflow-mri'
[2025-03-19 14:53:08Z INFO HostContext] Well known directory 'Diag': '/home/jenny/tensorflow-mri/_diag'
[2025-03-19 14:53:08Z INFO HostContext] Well known directory 'Bin': '/home/jenny/tensorflow-mri/bin'
[2025-03-19 14:53:08Z INFO HostContext] Well known directory 'Root': '/home/jenny/tensorflow-mri'
[2025-03-19 14:53:08Z INFO HostContext] Well known directory 'Diag': '/home/jenny/tensorflow-mri/_diag'
[2025-03-19 14:53:08Z INFO HostContext] Well known directory 'Bin': '/home/jenny/tensorflow-mri/bin'
[2025-03-19 14:53:08Z INFO HostContext] Well known directory 'Root': '/home/jenny/tensorflow-mri'
[2025-03-19 14:53:08Z INFO HostContext] Well known directory 'Diag': '/home/jenny/tensorflow-mri/_diag'
[2025-03-19 14:53:08Z INFO HostContext] Well known directory 'Bin': '/home/jenny/tensorflow-mri/bin'
[2025-03-19 14:53:08Z INFO HostContext] Well known directory 'Root': '/home/jenny/tensorflow-mri'
[2025-03-19 14:53:08Z INFO HostContext] Well known directory 'Diag': '/home/jenny/tensorflow-mri/_diag'
[2025-03-19 14:53:08Z INFO HostContext] Well known directory 'Bin': '/home/jenny/tensorflow-mri/bin'
[2025-03-19 14:53:08Z INFO HostContext] Well known directory 'Root': '/home/jenny/tensorflow-mri'
[2025-03-19 14:53:08Z INFO HostContext] Well known directory 'Diag': '/home/jenny/tensorflow-mri/_diag'
[2025-03-19 14:53:08Z INFO HostContext] Well known directory 'Bin': '/home/jenny/tensorflow-mri/bin'
[2025-03-19 14:53:08Z INFO HostContext] Well known directory 'Root': '/home/jenny/tensorflow-mri'
[2025-03-19 14:53:08Z INFO HostContext] Well known directory 'Diag': '/home/jenny/tensorflow-mri/_diag'
[2025-03-19 14:53:08Z INFO HostContext] Well known directory 'Bin': '/home/jenny/tensorflow-mri/bin'
[2025-03-19 14:53:08Z INFO HostContext] Well known directory 'Root': '/home/jenny/tensorflow-mri'
[2025-03-19 14:53:08Z INFO HostContext] Well known directory 'Diag': '/home/jenny/tensorflow-mri/_diag'
[2025-03-19 14:53:08Z INFO HostContext] Well known directory 'Bin': '/home/jenny/tensorflow-mri/bin'
[2025-03-19 14:53:08Z INFO HostContext] Well known directory 'Root': '/home/jenny/tensorflow-mri'
[2025-03-19 14:53:08Z INFO HostContext] Well known directory 'Diag': '/home/jenny/tensorflow-mri/_diag'
[2025-03-19 14:53:08Z INFO HostContext] Well known directory 'Bin': '/home/jenny/tensorflow-mri/bin'
[2025-03-19 14:53:08Z INFO HostContext] Well known directory 'Root': '/home/jenny/tensorflow-mri'
[2025-03-19 14:53:08Z INFO HostContext] Well known directory 'Diag': '/home/jenny/tensorflow-mri/_diag'
[2025-03-19 14:53:08Z INFO JobExtension] Total accessible running process: 576.
[2025-03-19 14:53:08Z INFO HostContext] Well known directory 'Bin': '/home/jenny/tensorflow-mri/bin'
[2025-03-19 14:53:08Z INFO HostContext] Well known directory 'Root': '/home/jenny/tensorflow-mri'
[2025-03-19 14:53:08Z INFO HostContext] Well known directory 'Work': '/home/jenny/tensorflow-mri/_work'
[2025-03-19 14:53:08Z INFO JobExtension] Start checking service connectivity in background.
[2025-03-19 14:53:08Z INFO ExecutionContext] Publish step telemetry for current step {
  "action": "setup_job",
  "type": "runner",
  "stage": "Pre",
  "stepId": "c96b2e4b-6c5a-4f2d-a377-dd49d3b8e806",
  "result": "succeeded",
  "errorMessages": [],
  "executionTimeInSeconds": 2,
  "startTime": "2025-03-19T14:53:06.8539987Z",
  "finishTime": "2025-03-19T14:53:08.8467208Z"
}.
[2025-03-19 14:53:08Z INFO JobRunner] Total job steps: 12.
[2025-03-19 14:53:08Z INFO JobRunner] Run all job steps.
[2025-03-19 14:53:08Z INFO StepsRunner] Processing step: DisplayName='Build pypa/gh-action-pypi-publish@release/v1.7'
[2025-03-19 14:53:08Z INFO StepsRunner] Evaluating: success()
[2025-03-19 14:53:08Z INFO StepsRunner] Result: true
[2025-03-19 14:53:08Z INFO StepsRunner] Starting the step.
[2025-03-19 14:53:08Z INFO ProcessInvokerWrapper] Starting process:
[2025-03-19 14:53:08Z INFO ProcessInvokerWrapper]   File name: '/usr/bin/docker'
[2025-03-19 14:53:08Z INFO ProcessInvokerWrapper]   Arguments: 'build -t 6d202f:a48aeacccfba4c0090aefa911393c7af -f "/home/jenny/tensorflow-mri/_work/_actions/pypa/gh-action-pypi-publish/release/v1.7/Dockerfile" "/home/jenny/tensorflow-mri/_work/_actions/pypa/gh-action-pypi-publish/release/v1.7"'
[2025-03-19 14:53:08Z INFO ProcessInvokerWrapper]   Working directory: '/home/jenny/tensorflow-mri/_work/_actions/pypa/gh-action-pypi-publish/release/v1.7'
[2025-03-19 14:53:08Z INFO ProcessInvokerWrapper]   Require exit code zero: 'False'
[2025-03-19 14:53:08Z INFO ProcessInvokerWrapper]   Encoding web name:  ; code page: ''
[2025-03-19 14:53:08Z INFO ProcessInvokerWrapper]   Force kill process on cancellation: 'False'
[2025-03-19 14:53:08Z INFO ProcessInvokerWrapper]   Redirected STDIN: 'False'
[2025-03-19 14:53:08Z INFO ProcessInvokerWrapper]   Persist current code page: 'False'
[2025-03-19 14:53:08Z INFO ProcessInvokerWrapper]   Keep redirected STDIN open: 'False'
[2025-03-19 14:53:08Z INFO ProcessInvokerWrapper]   High priority process: 'False'
[2025-03-19 14:53:08Z INFO ProcessInvokerWrapper] Updated oom_score_adj to 500 for PID: 2100943.
[2025-03-19 14:53:08Z INFO ProcessInvokerWrapper] Process started with process id 2100943, waiting for process exit.
[2025-03-19 14:53:08Z INFO JobServerQueue] Try to append 1 batches web console lines for record 'c96b2e4b-6c5a-4f2d-a377-dd49d3b8e806', success rate: 1/1.
[2025-03-19 14:53:08Z INFO JobServerQueue] Try to append 1 batches web console lines for record '6be8cdb6-4610-47da-bfcf-c4c83e06230d', success rate: 1/1.
[2025-03-19 14:53:09Z INFO JobServerQueue] Try to append 1 batches web console lines for record '6be8cdb6-4610-47da-bfcf-c4c83e06230d', success rate: 1/1.
[2025-03-19 14:53:09Z INFO JobServerQueue] Try to append 1 batches web console lines for record '6be8cdb6-4610-47da-bfcf-c4c83e06230d', success rate: 1/1.
[2025-03-19 14:53:09Z INFO JobServerQueue] Try to upload 1 log files or attachments, success rate: 1/1.
[2025-03-19 14:53:09Z INFO ProcessInvokerWrapper] STDOUT/STDERR stream read finished.
[2025-03-19 14:53:09Z INFO ProcessInvokerWrapper] STDOUT/STDERR stream read finished.
[2025-03-19 14:53:09Z INFO ProcessInvokerWrapper] Finished process 2100943 with exit code 0, and elapsed time 00:00:00.9241186.
[2025-03-19 14:53:09Z INFO ActionManager] Prepared docker image '6d202f:a48aeacccfba4c0090aefa911393c7af' for action 44e2dba0-96a0-44a6-bf7c-fe485c9bb45d (/home/jenny/tensorflow-mri/_work/_actions/pypa/gh-action-pypi-publish/release/v1.7/Dockerfile)
[2025-03-19 14:53:09Z INFO JobServerQueue] Got a step log file to send to results service.
[2025-03-19 14:53:09Z INFO JobServerQueue] Starting upload of step log file to results service ResultsLog, /home/jenny/tensorflow-mri/_diag/blocks/352e62ab-c249-47f2-bad9-fb15096f3ea3_c96b2e4b-6c5a-4f2d-a377-dd49d3b8e806.1
[2025-03-19 14:53:09Z INFO StepsRunner] Step result: 
[2025-03-19 14:53:09Z INFO ExecutionContext] Publish step telemetry for current step {
  "action": "build_pypa/gh-action-pypi-publish@release/v1.7",
  "type": "runner",
  "stage": "Pre",
  "stepId": "6be8cdb6-4610-47da-bfcf-c4c83e06230d",
  "stepContextName": "6be8cdb6461047dabfcfc4c83e06230d",
  "result": "succeeded",
  "errorMessages": [],
  "executionTimeInSeconds": 1,
  "startTime": "2025-03-19T14:53:08.8567409Z",
  "finishTime": "2025-03-19T14:53:09.8014947Z"
}.
[2025-03-19 14:53:09Z INFO StepsRunner] No need for updating job result with current step result 'Succeeded'.
[2025-03-19 14:53:09Z INFO StepsRunner] Current state: job state = ''
[2025-03-19 14:53:09Z INFO StepsRunner] Processing step: DisplayName='Initialize containers'
[2025-03-19 14:53:09Z INFO StepsRunner] Evaluating: success()
[2025-03-19 14:53:09Z INFO StepsRunner] Result: true
[2025-03-19 14:53:09Z INFO StepsRunner] Starting the step.
[2025-03-19 14:53:09Z INFO ExecutionContext] Reserve record order 14 to 26 for post job actions.
[2025-03-19 14:53:09Z INFO HostContext] Well known directory 'Bin': '/home/jenny/tensorflow-mri/bin'
[2025-03-19 14:53:09Z INFO HostContext] Well known directory 'Root': '/home/jenny/tensorflow-mri'
[2025-03-19 14:53:09Z INFO HostContext] Well known directory 'Diag': '/home/jenny/tensorflow-mri/_diag'
[2025-03-19 14:53:09Z INFO HostContext] Well known directory 'Bin': '/home/jenny/tensorflow-mri/bin'
[2025-03-19 14:53:09Z INFO HostContext] Well known directory 'Root': '/home/jenny/tensorflow-mri'
[2025-03-19 14:53:09Z INFO HostContext] Well known directory 'Diag': '/home/jenny/tensorflow-mri/_diag'
[2025-03-19 14:53:09Z INFO ProcessInvokerWrapper] Starting process:
[2025-03-19 14:53:09Z INFO ProcessInvokerWrapper]   File name: '/usr/bin/docker'
[2025-03-19 14:53:09Z INFO ProcessInvokerWrapper]   Arguments: 'version --format '{{.Server.APIVersion}}''
[2025-03-19 14:53:09Z INFO ProcessInvokerWrapper]   Working directory: '/home/jenny/tensorflow-mri/_work/tensorflow-mri/tensorflow-mri'
[2025-03-19 14:53:09Z INFO ProcessInvokerWrapper]   Require exit code zero: 'True'
[2025-03-19 14:53:09Z INFO ProcessInvokerWrapper]   Encoding web name:  ; code page: ''
[2025-03-19 14:53:09Z INFO ProcessInvokerWrapper]   Force kill process on cancellation: 'False'
[2025-03-19 14:53:09Z INFO ProcessInvokerWrapper]   Redirected STDIN: 'False'
[2025-03-19 14:53:09Z INFO ProcessInvokerWrapper]   Persist current code page: 'False'
[2025-03-19 14:53:09Z INFO ProcessInvokerWrapper]   Keep redirected STDIN open: 'False'
[2025-03-19 14:53:09Z INFO ProcessInvokerWrapper]   High priority process: 'False'
[2025-03-19 14:53:09Z INFO ProcessInvokerWrapper] Updated oom_score_adj to 500 for PID: 2101027.
[2025-03-19 14:53:09Z INFO ProcessInvokerWrapper] Process started with process id 2101027, waiting for process exit.
[2025-03-19 14:53:09Z INFO ProcessInvokerWrapper] STDOUT/STDERR stream read finished.
[2025-03-19 14:53:09Z INFO ProcessInvokerWrapper] STDOUT/STDERR stream read finished.
[2025-03-19 14:53:09Z INFO ProcessInvokerWrapper] Finished process 2101027 with exit code 0, and elapsed time 00:00:00.0249977.
[2025-03-19 14:53:09Z INFO ProcessInvokerWrapper] Starting process:
[2025-03-19 14:53:09Z INFO ProcessInvokerWrapper]   File name: '/usr/bin/docker'
[2025-03-19 14:53:09Z INFO ProcessInvokerWrapper]   Arguments: 'version --format '{{.Client.APIVersion}}''
[2025-03-19 14:53:09Z INFO ProcessInvokerWrapper]   Working directory: '/home/jenny/tensorflow-mri/_work/tensorflow-mri/tensorflow-mri'
[2025-03-19 14:53:09Z INFO ProcessInvokerWrapper]   Require exit code zero: 'True'
[2025-03-19 14:53:09Z INFO ProcessInvokerWrapper]   Encoding web name:  ; code page: ''
[2025-03-19 14:53:09Z INFO ProcessInvokerWrapper]   Force kill process on cancellation: 'False'
[2025-03-19 14:53:09Z INFO ProcessInvokerWrapper]   Redirected STDIN: 'False'
[2025-03-19 14:53:09Z INFO ProcessInvokerWrapper]   Persist current code page: 'False'
[2025-03-19 14:53:09Z INFO ProcessInvokerWrapper]   Keep redirected STDIN open: 'False'
[2025-03-19 14:53:09Z INFO ProcessInvokerWrapper]   High priority process: 'False'
[2025-03-19 14:53:09Z INFO ProcessInvokerWrapper] Updated oom_score_adj to 500 for PID: 2101044.
[2025-03-19 14:53:09Z INFO ProcessInvokerWrapper] Process started with process id 2101044, waiting for process exit.
[2025-03-19 14:53:09Z INFO ProcessInvokerWrapper] STDOUT/STDERR stream read finished.
[2025-03-19 14:53:09Z INFO ProcessInvokerWrapper] STDOUT/STDERR stream read finished.
[2025-03-19 14:53:09Z INFO ProcessInvokerWrapper] Finished process 2101044 with exit code 0, and elapsed time 00:00:00.0208181.
[2025-03-19 14:53:09Z INFO ProcessInvokerWrapper] Starting process:
[2025-03-19 14:53:09Z INFO ProcessInvokerWrapper]   File name: '/usr/bin/docker'
[2025-03-19 14:53:09Z INFO ProcessInvokerWrapper]   Arguments: 'ps --all --quiet --no-trunc --filter "label=6d202f"'
[2025-03-19 14:53:09Z INFO ProcessInvokerWrapper]   Working directory: '/home/jenny/tensorflow-mri/_work/tensorflow-mri/tensorflow-mri'
[2025-03-19 14:53:09Z INFO ProcessInvokerWrapper]   Require exit code zero: 'True'
[2025-03-19 14:53:09Z INFO ProcessInvokerWrapper]   Encoding web name:  ; code page: ''
[2025-03-19 14:53:09Z INFO ProcessInvokerWrapper]   Force kill process on cancellation: 'False'
[2025-03-19 14:53:09Z INFO ProcessInvokerWrapper]   Redirected STDIN: 'False'
[2025-03-19 14:53:09Z INFO ProcessInvokerWrapper]   Persist current code page: 'False'
[2025-03-19 14:53:09Z INFO ProcessInvokerWrapper]   Keep redirected STDIN open: 'False'
[2025-03-19 14:53:09Z INFO ProcessInvokerWrapper]   High priority process: 'False'
[2025-03-19 14:53:09Z INFO ProcessInvokerWrapper] Updated oom_score_adj to 500 for PID: 2101062.
[2025-03-19 14:53:09Z INFO ProcessInvokerWrapper] Process started with process id 2101062, waiting for process exit.
[2025-03-19 14:53:09Z INFO JobServerQueue] Try to append 1 batches web console lines for record '6be8cdb6-4610-47da-bfcf-c4c83e06230d', success rate: 1/1.
[2025-03-19 14:53:09Z INFO JobServerQueue] Try to append 1 batches web console lines for record 'fc4d9487-f801-4ac5-8ca3-5fbcff17cda6', success rate: 1/1.
[2025-03-19 14:53:09Z INFO ProcessInvokerWrapper] STDOUT/STDERR stream read finished.
[2025-03-19 14:53:09Z INFO ProcessInvokerWrapper] STDOUT/STDERR stream read finished.
[2025-03-19 14:53:09Z INFO ProcessInvokerWrapper] Finished process 2101062 with exit code 0, and elapsed time 00:00:00.0154644.
[2025-03-19 14:53:09Z INFO ProcessInvokerWrapper] Starting process:
[2025-03-19 14:53:09Z INFO ProcessInvokerWrapper]   File name: '/usr/bin/docker'
[2025-03-19 14:53:09Z INFO ProcessInvokerWrapper]   Arguments: 'network prune --force --filter "label=6d202f"'
[2025-03-19 14:53:09Z INFO ProcessInvokerWrapper]   Working directory: '/home/jenny/tensorflow-mri/_work/tensorflow-mri/tensorflow-mri'
[2025-03-19 14:53:09Z INFO ProcessInvokerWrapper]   Require exit code zero: 'False'
[2025-03-19 14:53:09Z INFO ProcessInvokerWrapper]   Encoding web name:  ; code page: ''
[2025-03-19 14:53:09Z INFO ProcessInvokerWrapper]   Force kill process on cancellation: 'False'
[2025-03-19 14:53:09Z INFO ProcessInvokerWrapper]   Redirected STDIN: 'False'
[2025-03-19 14:53:09Z INFO ProcessInvokerWrapper]   Persist current code page: 'False'
[2025-03-19 14:53:09Z INFO ProcessInvokerWrapper]   Keep redirected STDIN open: 'False'
[2025-03-19 14:53:09Z INFO ProcessInvokerWrapper]   High priority process: 'False'
[2025-03-19 14:53:09Z INFO ProcessInvokerWrapper] Updated oom_score_adj to 500 for PID: 2101071.
[2025-03-19 14:53:09Z INFO ProcessInvokerWrapper] Process started with process id 2101071, waiting for process exit.
[2025-03-19 14:53:09Z INFO ProcessInvokerWrapper] STDOUT/STDERR stream read finished.
[2025-03-19 14:53:09Z INFO ProcessInvokerWrapper] STDOUT/STDERR stream read finished.
[2025-03-19 14:53:09Z INFO ProcessInvokerWrapper] Finished process 2101071 with exit code 0, and elapsed time 00:00:00.0150864.
[2025-03-19 14:53:09Z INFO ProcessInvokerWrapper] Starting process:
[2025-03-19 14:53:09Z INFO ProcessInvokerWrapper]   File name: '/usr/bin/docker'
[2025-03-19 14:53:09Z INFO ProcessInvokerWrapper]   Arguments: 'network create --label 6d202f github_network_0c10a910844c43d3b9e009e11553ca48'
[2025-03-19 14:53:09Z INFO ProcessInvokerWrapper]   Working directory: '/home/jenny/tensorflow-mri/_work/tensorflow-mri/tensorflow-mri'
[2025-03-19 14:53:09Z INFO ProcessInvokerWrapper]   Require exit code zero: 'False'
[2025-03-19 14:53:09Z INFO ProcessInvokerWrapper]   Encoding web name:  ; code page: ''
[2025-03-19 14:53:09Z INFO ProcessInvokerWrapper]   Force kill process on cancellation: 'False'
[2025-03-19 14:53:09Z INFO ProcessInvokerWrapper]   Redirected STDIN: 'False'
[2025-03-19 14:53:09Z INFO ProcessInvokerWrapper]   Persist current code page: 'False'
[2025-03-19 14:53:09Z INFO ProcessInvokerWrapper]   Keep redirected STDIN open: 'False'
[2025-03-19 14:53:09Z INFO ProcessInvokerWrapper]   High priority process: 'False'
[2025-03-19 14:53:09Z INFO ProcessInvokerWrapper] Updated oom_score_adj to 500 for PID: 2101081.
[2025-03-19 14:53:09Z INFO ProcessInvokerWrapper] Process started with process id 2101081, waiting for process exit.
[2025-03-19 14:53:09Z INFO ProcessInvokerWrapper] STDOUT/STDERR stream read finished.
[2025-03-19 14:53:09Z INFO ProcessInvokerWrapper] STDOUT/STDERR stream read finished.
[2025-03-19 14:53:09Z INFO ProcessInvokerWrapper] Finished process 2101081 with exit code 0, and elapsed time 00:00:00.0611157.
[2025-03-19 14:53:09Z INFO ContainerOperationProvider] Container name: ceeb7c78afa34a58a827bcfeb29d6bcc
[2025-03-19 14:53:09Z INFO ContainerOperationProvider] Container image: ghcr.io/mrphys/tensorflow-manylinux:1.14.0
[2025-03-19 14:53:09Z INFO ContainerOperationProvider] Container options: 
[2025-03-19 14:53:09Z INFO HostContext] Well known directory 'Bin': '/home/jenny/tensorflow-mri/bin'
[2025-03-19 14:53:09Z INFO HostContext] Well known directory 'Root': '/home/jenny/tensorflow-mri'
[2025-03-19 14:53:09Z INFO HostContext] Well known directory 'Work': '/home/jenny/tensorflow-mri/_work'
[2025-03-19 14:53:09Z INFO HostContext] Well known directory 'Temp': '/home/jenny/tensorflow-mri/_work/_temp'
[2025-03-19 14:53:09Z INFO ProcessInvokerWrapper] Starting process:
[2025-03-19 14:53:09Z INFO ProcessInvokerWrapper]   File name: '/usr/bin/docker'
[2025-03-19 14:53:09Z INFO ProcessInvokerWrapper]   Arguments: '--config /home/jenny/tensorflow-mri/_work/_temp/.docker_a7728433-3a5e-488d-8e84-ff31da54fdce login ghcr.io -u jennifersteeden --password-stdin'
[2025-03-19 14:53:09Z INFO ProcessInvokerWrapper]   Working directory: '/home/jenny/tensorflow-mri/_work/tensorflow-mri/tensorflow-mri'
[2025-03-19 14:53:09Z INFO ProcessInvokerWrapper]   Require exit code zero: 'False'
[2025-03-19 14:53:09Z INFO ProcessInvokerWrapper]   Encoding web name:  ; code page: ''
[2025-03-19 14:53:09Z INFO ProcessInvokerWrapper]   Force kill process on cancellation: 'False'
[2025-03-19 14:53:09Z INFO ProcessInvokerWrapper]   Redirected STDIN: 'True'
[2025-03-19 14:53:09Z INFO ProcessInvokerWrapper]   Persist current code page: 'False'
[2025-03-19 14:53:09Z INFO ProcessInvokerWrapper]   Keep redirected STDIN open: 'False'
[2025-03-19 14:53:09Z INFO ProcessInvokerWrapper]   High priority process: 'False'
[2025-03-19 14:53:09Z INFO ProcessInvokerWrapper] Updated oom_score_adj to 500 for PID: 2101141.
[2025-03-19 14:53:09Z INFO ProcessInvokerWrapper] Process started with process id 2101141, waiting for process exit.
[2025-03-19 14:53:09Z INFO ProcessInvokerWrapper] Close STDIN after the first redirect finished.
[2025-03-19 14:53:09Z INFO ProcessInvokerWrapper] STDIN stream write finished.
[2025-03-19 14:53:10Z INFO JobServerQueue] Try to append 1 batches web console lines for record 'fc4d9487-f801-4ac5-8ca3-5fbcff17cda6', success rate: 1/1.
[2025-03-19 14:53:10Z INFO ProcessInvokerWrapper] STDOUT/STDERR stream read finished.
[2025-03-19 14:53:10Z INFO ProcessInvokerWrapper] STDOUT/STDERR stream read finished.
[2025-03-19 14:53:10Z INFO ProcessInvokerWrapper] Finished process 2101141 with exit code 0, and elapsed time 00:00:00.3641484.
[2025-03-19 14:53:10Z INFO ProcessInvokerWrapper] Starting process:
[2025-03-19 14:53:10Z INFO ProcessInvokerWrapper]   File name: '/usr/bin/docker'
[2025-03-19 14:53:10Z INFO ProcessInvokerWrapper]   Arguments: '--config /home/jenny/tensorflow-mri/_work/_temp/.docker_a7728433-3a5e-488d-8e84-ff31da54fdce pull ghcr.io/mrphys/tensorflow-manylinux:1.14.0'
[2025-03-19 14:53:10Z INFO ProcessInvokerWrapper]   Working directory: '/home/jenny/tensorflow-mri/_work/tensorflow-mri/tensorflow-mri'
[2025-03-19 14:53:10Z INFO ProcessInvokerWrapper]   Require exit code zero: 'False'
[2025-03-19 14:53:10Z INFO ProcessInvokerWrapper]   Encoding web name:  ; code page: ''
[2025-03-19 14:53:10Z INFO ProcessInvokerWrapper]   Force kill process on cancellation: 'False'
[2025-03-19 14:53:10Z INFO ProcessInvokerWrapper]   Redirected STDIN: 'False'
[2025-03-19 14:53:10Z INFO ProcessInvokerWrapper]   Persist current code page: 'False'
[2025-03-19 14:53:10Z INFO ProcessInvokerWrapper]   Keep redirected STDIN open: 'False'
[2025-03-19 14:53:10Z INFO ProcessInvokerWrapper]   High priority process: 'False'
[2025-03-19 14:53:10Z INFO ProcessInvokerWrapper] Updated oom_score_adj to 500 for PID: 2101160.
[2025-03-19 14:53:10Z INFO ProcessInvokerWrapper] Process started with process id 2101160, waiting for process exit.
[2025-03-19 14:53:10Z INFO JobServerQueue] Try to append 1 batches web console lines for record 'fc4d9487-f801-4ac5-8ca3-5fbcff17cda6', success rate: 1/1.
[2025-03-19 14:53:10Z INFO ProcessInvokerWrapper] STDOUT/STDERR stream read finished.
[2025-03-19 14:53:10Z INFO ProcessInvokerWrapper] STDOUT/STDERR stream read finished.
[2025-03-19 14:53:10Z INFO ProcessInvokerWrapper] Finished process 2101160 with exit code 0, and elapsed time 00:00:00.4385623.
[2025-03-19 14:53:10Z INFO HostContext] Well known directory 'Bin': '/home/jenny/tensorflow-mri/bin'
[2025-03-19 14:53:10Z INFO HostContext] Well known directory 'Root': '/home/jenny/tensorflow-mri'
[2025-03-19 14:53:10Z INFO HostContext] Well known directory 'Work': '/home/jenny/tensorflow-mri/_work'
[2025-03-19 14:53:10Z INFO HostContext] Well known directory 'Bin': '/home/jenny/tensorflow-mri/bin'
[2025-03-19 14:53:10Z INFO HostContext] Well known directory 'Root': '/home/jenny/tensorflow-mri'
[2025-03-19 14:53:10Z INFO HostContext] Well known directory 'Work': '/home/jenny/tensorflow-mri/_work'
[2025-03-19 14:53:10Z INFO HostContext] Well known directory 'Bin': '/home/jenny/tensorflow-mri/bin'
[2025-03-19 14:53:10Z INFO HostContext] Well known directory 'Root': '/home/jenny/tensorflow-mri'
[2025-03-19 14:53:10Z INFO HostContext] Well known directory 'Externals': '/home/jenny/tensorflow-mri/externals'
[2025-03-19 14:53:10Z INFO HostContext] Well known directory 'Bin': '/home/jenny/tensorflow-mri/bin'
[2025-03-19 14:53:10Z INFO HostContext] Well known directory 'Root': '/home/jenny/tensorflow-mri'
[2025-03-19 14:53:10Z INFO HostContext] Well known directory 'Externals': '/home/jenny/tensorflow-mri/externals'
[2025-03-19 14:53:10Z INFO HostContext] Well known directory 'Bin': '/home/jenny/tensorflow-mri/bin'
[2025-03-19 14:53:10Z INFO HostContext] Well known directory 'Root': '/home/jenny/tensorflow-mri'
[2025-03-19 14:53:10Z INFO HostContext] Well known directory 'Work': '/home/jenny/tensorflow-mri/_work'
[2025-03-19 14:53:10Z INFO HostContext] Well known directory 'Temp': '/home/jenny/tensorflow-mri/_work/_temp'
[2025-03-19 14:53:10Z INFO HostContext] Well known directory 'Bin': '/home/jenny/tensorflow-mri/bin'
[2025-03-19 14:53:10Z INFO HostContext] Well known directory 'Root': '/home/jenny/tensorflow-mri'
[2025-03-19 14:53:10Z INFO HostContext] Well known directory 'Work': '/home/jenny/tensorflow-mri/_work'
[2025-03-19 14:53:10Z INFO HostContext] Well known directory 'Temp': '/home/jenny/tensorflow-mri/_work/_temp'
[2025-03-19 14:53:10Z INFO HostContext] Well known directory 'Bin': '/home/jenny/tensorflow-mri/bin'
[2025-03-19 14:53:10Z INFO HostContext] Well known directory 'Root': '/home/jenny/tensorflow-mri'
[2025-03-19 14:53:10Z INFO HostContext] Well known directory 'Work': '/home/jenny/tensorflow-mri/_work'
[2025-03-19 14:53:10Z INFO HostContext] Well known directory 'Actions': '/home/jenny/tensorflow-mri/_work/_actions'
[2025-03-19 14:53:10Z INFO HostContext] Well known directory 'Bin': '/home/jenny/tensorflow-mri/bin'
[2025-03-19 14:53:10Z INFO HostContext] Well known directory 'Root': '/home/jenny/tensorflow-mri'
[2025-03-19 14:53:10Z INFO HostContext] Well known directory 'Work': '/home/jenny/tensorflow-mri/_work'
[2025-03-19 14:53:10Z INFO HostContext] Well known directory 'Actions': '/home/jenny/tensorflow-mri/_work/_actions'
[2025-03-19 14:53:10Z INFO HostContext] Well known directory 'Bin': '/home/jenny/tensorflow-mri/bin'
[2025-03-19 14:53:10Z INFO HostContext] Well known directory 'Root': '/home/jenny/tensorflow-mri'
[2025-03-19 14:53:10Z INFO HostContext] Well known directory 'Work': '/home/jenny/tensorflow-mri/_work'
[2025-03-19 14:53:10Z INFO HostContext] Well known directory 'Tools': '/home/jenny/tensorflow-mri/_work/_tool'
[2025-03-19 14:53:10Z INFO HostContext] Well known directory 'Bin': '/home/jenny/tensorflow-mri/bin'
[2025-03-19 14:53:10Z INFO HostContext] Well known directory 'Root': '/home/jenny/tensorflow-mri'
[2025-03-19 14:53:10Z INFO HostContext] Well known directory 'Work': '/home/jenny/tensorflow-mri/_work'
[2025-03-19 14:53:10Z INFO HostContext] Well known directory 'Tools': '/home/jenny/tensorflow-mri/_work/_tool'
[2025-03-19 14:53:10Z INFO HostContext] Well known directory 'Bin': '/home/jenny/tensorflow-mri/bin'
[2025-03-19 14:53:10Z INFO HostContext] Well known directory 'Root': '/home/jenny/tensorflow-mri'
[2025-03-19 14:53:10Z INFO HostContext] Well known directory 'Work': '/home/jenny/tensorflow-mri/_work'
[2025-03-19 14:53:10Z INFO HostContext] Well known directory 'Temp': '/home/jenny/tensorflow-mri/_work/_temp'
[2025-03-19 14:53:10Z INFO JobServerQueue] Try to upload 1 log files or attachments, success rate: 1/1.
[2025-03-19 14:53:10Z INFO HostContext] Well known directory 'Bin': '/home/jenny/tensorflow-mri/bin'
[2025-03-19 14:53:10Z INFO HostContext] Well known directory 'Root': '/home/jenny/tensorflow-mri'
[2025-03-19 14:53:10Z INFO HostContext] Well known directory 'Work': '/home/jenny/tensorflow-mri/_work'
[2025-03-19 14:53:10Z INFO HostContext] Well known directory 'Temp': '/home/jenny/tensorflow-mri/_work/_temp'
[2025-03-19 14:53:10Z INFO ProcessInvokerWrapper] Starting process:
[2025-03-19 14:53:10Z INFO ProcessInvokerWrapper]   File name: '/usr/bin/docker'
[2025-03-19 14:53:10Z INFO ProcessInvokerWrapper]   Arguments: 'create --name ceeb7c78afa34a58a827bcfeb29d6bcc_ghcriomrphystensorflowmanylinux1140_84e91c --label 6d202f --workdir /__w/tensorflow-mri/tensorflow-mri --network github_network_0c10a910844c43d3b9e009e11553ca48  -e "HOME=/github/home" -e GITHUB_ACTIONS=true -e CI=true -v "/var/run/docker.sock":"/var/run/docker.sock" -v "/home/jenny/tensorflow-mri/_work":"/__w" -v "/home/jenny/tensorflow-mri/externals":"/__e":ro -v "/home/jenny/tensorflow-mri/_work/_temp":"/__w/_temp" -v "/home/jenny/tensorflow-mri/_work/_actions":"/__w/_actions" -v "/home/jenny/tensorflow-mri/_work/_tool":"/__w/_tool" -v "/home/jenny/tensorflow-mri/_work/_temp/_github_home":"/github/home" -v "/home/jenny/tensorflow-mri/_work/_temp/_github_workflow":"/github/workflow" --entrypoint "tail" ghcr.io/mrphys/tensorflow-manylinux:1.14.0 "-f" "/dev/null"'
[2025-03-19 14:53:10Z INFO ProcessInvokerWrapper]   Working directory: '/home/jenny/tensorflow-mri/_work/tensorflow-mri/tensorflow-mri'
[2025-03-19 14:53:10Z INFO ProcessInvokerWrapper]   Require exit code zero: 'True'
[2025-03-19 14:53:10Z INFO ProcessInvokerWrapper]   Encoding web name:  ; code page: ''
[2025-03-19 14:53:10Z INFO ProcessInvokerWrapper]   Force kill process on cancellation: 'False'
[2025-03-19 14:53:10Z INFO ProcessInvokerWrapper]   Redirected STDIN: 'False'
[2025-03-19 14:53:10Z INFO ProcessInvokerWrapper]   Persist current code page: 'False'
[2025-03-19 14:53:10Z INFO ProcessInvokerWrapper]   Keep redirected STDIN open: 'False'
[2025-03-19 14:53:10Z INFO ProcessInvokerWrapper]   High priority process: 'False'
[2025-03-19 14:53:10Z INFO ProcessInvokerWrapper] Updated oom_score_adj to 500 for PID: 2101192.
[2025-03-19 14:53:10Z INFO ProcessInvokerWrapper] Process started with process id 2101192, waiting for process exit.
[2025-03-19 14:53:10Z INFO ProcessInvokerWrapper] STDOUT/STDERR stream read finished.
[2025-03-19 14:53:10Z INFO ProcessInvokerWrapper] STDOUT/STDERR stream read finished.
[2025-03-19 14:53:10Z INFO ProcessInvokerWrapper] Finished process 2101192 with exit code 0, and elapsed time 00:00:00.0595871.
[2025-03-19 14:53:10Z INFO ProcessInvokerWrapper] Starting process:
[2025-03-19 14:53:10Z INFO ProcessInvokerWrapper]   File name: '/usr/bin/docker'
[2025-03-19 14:53:10Z INFO ProcessInvokerWrapper]   Arguments: 'start 98709747defd71f590e88976ccf2d4f2d9f37be0533238a9a2a3ab2449ec80c0'
[2025-03-19 14:53:10Z INFO ProcessInvokerWrapper]   Working directory: '/home/jenny/tensorflow-mri/_work/tensorflow-mri/tensorflow-mri'
[2025-03-19 14:53:10Z INFO ProcessInvokerWrapper]   Require exit code zero: 'False'
[2025-03-19 14:53:10Z INFO ProcessInvokerWrapper]   Encoding web name:  ; code page: ''
[2025-03-19 14:53:10Z INFO ProcessInvokerWrapper]   Force kill process on cancellation: 'False'
[2025-03-19 14:53:10Z INFO ProcessInvokerWrapper]   Redirected STDIN: 'False'
[2025-03-19 14:53:10Z INFO ProcessInvokerWrapper]   Persist current code page: 'False'
[2025-03-19 14:53:10Z INFO ProcessInvokerWrapper]   Keep redirected STDIN open: 'False'
[2025-03-19 14:53:10Z INFO ProcessInvokerWrapper]   High priority process: 'False'
[2025-03-19 14:53:10Z INFO ProcessInvokerWrapper] Updated oom_score_adj to 500 for PID: 2101203.
[2025-03-19 14:53:10Z INFO ProcessInvokerWrapper] Process started with process id 2101203, waiting for process exit.
[2025-03-19 14:53:10Z INFO JobServerQueue] Try to append 1 batches web console lines for record 'fc4d9487-f801-4ac5-8ca3-5fbcff17cda6', success rate: 1/1.
[2025-03-19 14:53:11Z INFO ProcessInvokerWrapper] STDOUT/STDERR stream read finished.
[2025-03-19 14:53:11Z INFO ProcessInvokerWrapper] STDOUT/STDERR stream read finished.
[2025-03-19 14:53:11Z INFO ProcessInvokerWrapper] Finished process 2101203 with exit code 0, and elapsed time 00:00:00.1908615.
[2025-03-19 14:53:11Z INFO ProcessInvokerWrapper] Starting process:
[2025-03-19 14:53:11Z INFO ProcessInvokerWrapper]   File name: '/usr/bin/docker'
[2025-03-19 14:53:11Z INFO ProcessInvokerWrapper]   Arguments: 'ps --all --filter id=98709747defd71f590e88976ccf2d4f2d9f37be0533238a9a2a3ab2449ec80c0 --filter status=running --no-trunc --format "{{.ID}} {{.Status}}"'
[2025-03-19 14:53:11Z INFO ProcessInvokerWrapper]   Working directory: '/home/jenny/tensorflow-mri/_work/tensorflow-mri/tensorflow-mri'
[2025-03-19 14:53:11Z INFO ProcessInvokerWrapper]   Require exit code zero: 'True'
[2025-03-19 14:53:11Z INFO ProcessInvokerWrapper]   Encoding web name:  ; code page: ''
[2025-03-19 14:53:11Z INFO ProcessInvokerWrapper]   Force kill process on cancellation: 'False'
[2025-03-19 14:53:11Z INFO ProcessInvokerWrapper]   Redirected STDIN: 'False'
[2025-03-19 14:53:11Z INFO ProcessInvokerWrapper]   Persist current code page: 'False'
[2025-03-19 14:53:11Z INFO ProcessInvokerWrapper]   Keep redirected STDIN open: 'False'
[2025-03-19 14:53:11Z INFO ProcessInvokerWrapper]   High priority process: 'False'
[2025-03-19 14:53:11Z INFO ProcessInvokerWrapper] Updated oom_score_adj to 500 for PID: 2101356.
[2025-03-19 14:53:11Z INFO ProcessInvokerWrapper] Process started with process id 2101356, waiting for process exit.
[2025-03-19 14:53:11Z INFO ProcessInvokerWrapper] STDOUT/STDERR stream read finished.
[2025-03-19 14:53:11Z INFO ProcessInvokerWrapper] STDOUT/STDERR stream read finished.
[2025-03-19 14:53:11Z INFO ProcessInvokerWrapper] Finished process 2101356 with exit code 0, and elapsed time 00:00:00.0111741.
[2025-03-19 14:53:11Z INFO ProcessInvokerWrapper] Starting process:
[2025-03-19 14:53:11Z INFO ProcessInvokerWrapper]   File name: '/usr/bin/docker'
[2025-03-19 14:53:11Z INFO ProcessInvokerWrapper]   Arguments: 'inspect --format "{{range .Config.Env}}{{println .}}{{end}}" 98709747defd71f590e88976ccf2d4f2d9f37be0533238a9a2a3ab2449ec80c0'
[2025-03-19 14:53:11Z INFO ProcessInvokerWrapper]   Working directory: '/home/jenny/tensorflow-mri/_work/tensorflow-mri/tensorflow-mri'
[2025-03-19 14:53:11Z INFO ProcessInvokerWrapper]   Require exit code zero: 'True'
[2025-03-19 14:53:11Z INFO ProcessInvokerWrapper]   Encoding web name:  ; code page: ''
[2025-03-19 14:53:11Z INFO ProcessInvokerWrapper]   Force kill process on cancellation: 'False'
[2025-03-19 14:53:11Z INFO ProcessInvokerWrapper]   Redirected STDIN: 'False'
[2025-03-19 14:53:11Z INFO ProcessInvokerWrapper]   Persist current code page: 'False'
[2025-03-19 14:53:11Z INFO ProcessInvokerWrapper]   Keep redirected STDIN open: 'False'
[2025-03-19 14:53:11Z INFO ProcessInvokerWrapper]   High priority process: 'False'
[2025-03-19 14:53:11Z INFO ProcessInvokerWrapper] Updated oom_score_adj to 500 for PID: 2101367.
[2025-03-19 14:53:11Z INFO ProcessInvokerWrapper] Process started with process id 2101367, waiting for process exit.
[2025-03-19 14:53:11Z INFO ProcessInvokerWrapper] STDOUT/STDERR stream read finished.
[2025-03-19 14:53:11Z INFO ProcessInvokerWrapper] STDOUT/STDERR stream read finished.
[2025-03-19 14:53:11Z INFO ProcessInvokerWrapper] Finished process 2101367 with exit code 0, and elapsed time 00:00:00.0110059.
[2025-03-19 14:53:11Z INFO StepsRunner] Step result: 
[2025-03-19 14:53:11Z INFO ExecutionContext] Publish step telemetry for current step {
  "action": "initialize_containers",
  "type": "runner",
  "stage": "Pre",
  "stepId": "fc4d9487-f801-4ac5-8ca3-5fbcff17cda6",
  "stepContextName": "fc4d9487f8014ac58ca35fbcff17cda6",
  "result": "succeeded",
  "errorMessages": [],
  "executionTimeInSeconds": 2,
  "startTime": "2025-03-19T14:53:09.8055658Z",
  "finishTime": "2025-03-19T14:53:11.0666567Z"
}.
[2025-03-19 14:53:11Z INFO StepsRunner] No need for updating job result with current step result 'Succeeded'.
[2025-03-19 14:53:11Z INFO StepsRunner] Current state: job state = ''
[2025-03-19 14:53:11Z INFO StepsRunner] Processing step: DisplayName='Checkout code'
[2025-03-19 14:53:11Z INFO StepsRunner] Evaluating: success()
[2025-03-19 14:53:11Z INFO StepsRunner] Result: true
[2025-03-19 14:53:11Z INFO StepsRunner] Starting the step.
[2025-03-19 14:53:11Z INFO HostContext] Well known directory 'Bin': '/home/jenny/tensorflow-mri/bin'
[2025-03-19 14:53:11Z INFO HostContext] Well known directory 'Root': '/home/jenny/tensorflow-mri'
[2025-03-19 14:53:11Z INFO HostContext] Well known directory 'Work': '/home/jenny/tensorflow-mri/_work'
[2025-03-19 14:53:11Z INFO HostContext] Well known directory 'Actions': '/home/jenny/tensorflow-mri/_work/_actions'
[2025-03-19 14:53:11Z INFO ActionManager] Load action that reference repository from '/home/jenny/tensorflow-mri/_work/_actions/actions/checkout/v4'
[2025-03-19 14:53:11Z INFO HostContext] Well known directory 'Bin': '/home/jenny/tensorflow-mri/bin'
[2025-03-19 14:53:11Z INFO HostContext] Well known directory 'Root': '/home/jenny/tensorflow-mri'
[2025-03-19 14:53:11Z INFO HostContext] Well known directory 'Work': '/home/jenny/tensorflow-mri/_work'
[2025-03-19 14:53:11Z INFO HostContext] Well known directory 'Actions': '/home/jenny/tensorflow-mri/_work/_actions'
[2025-03-19 14:53:11Z INFO ActionManifestManager] Loaded action.yml file: {
  "name": "Checkout",
  "description": "Checkout a Git repository at a particular version",
  "inputs": {
    "type": 2,
    "map": [
      {
        "key": {
          "type": 0,
          "file": 2,
          "line": 4,
          "col": 3,
          "lit": "repository"
        },
        "value": {
          "type": 3,
          "file": 2,
          "line": 6,
          "col": 14,
          "expr": "github.repository"
        }
      },
      {
        "key": {
          "type": 0,
          "file": 2,
          "line": 7,
          "col": 3,
          "lit": "ref"
        },
        "value": ""
      },
      {
        "key": {
          "type": 0,
          "file": 2,
          "line": 12,
          "col": 3,
          "lit": "token"
        },
        "value": {
          "type": 3,
          "file": 2,
          "line": 24,
          "col": 14,
          "expr": "github.token"
        }
      },
      {
        "key": {
          "type": 0,
          "file": 2,
          "line": 25,
          "col": 3,
          "lit": "ssh-key"
        },
        "value": ""
      },
      {
        "key": {
          "type": 0,
          "file": 2,
          "line": 37,
          "col": 3,
          "lit": "ssh-known-hosts"
        },
        "value": ""
      },
      {
        "key": {
          "type": 0,
          "file": 2,
          "line": 42,
          "col": 3,
          "lit": "ssh-strict"
        },
        "value": {
          "type": 0,
          "file": 2,
          "line": 47,
          "col": 14,
          "lit": "true"
        }
      },
      {
        "key": {
          "type": 0,
          "file": 2,
          "line": 48,
          "col": 3,
          "lit": "ssh-user"
        },
        "value": {
          "type": 0,
          "file": 2,
          "line": 51,
          "col": 14,
          "lit": "git"
        }
      },
      {
        "key": {
          "type": 0,
          "file": 2,
          "line": 52,
          "col": 3,
          "lit": "persist-credentials"
        },
        "value": {
          "type": 0,
          "file": 2,
          "line": 54,
          "col": 14,
          "lit": "true"
        }
      },
      {
        "key": {
          "type": 0,
          "file": 2,
          "line": 55,
          "col": 3,
          "lit": "path"
        },
        "value": ""
      },
      {
        "key": {
          "type": 0,
          "file": 2,
          "line": 57,
          "col": 3,
          "lit": "clean"
        },
        "value": {
          "type": 0,
          "file": 2,
          "line": 59,
          "col": 14,
          "lit": "true"
        }
      },
      {
        "key": {
          "type": 0,
          "file": 2,
          "line": 60,
          "col": 3,
          "lit": "filter"
        },
        "value": {
          "type": 0,
          "file": 2,
          "line": 64,
          "col": 14,
          "lit": ""
        }
      },
      {
        "key": {
          "type": 0,
          "file": 2,
          "line": 65,
          "col": 3,
          "lit": "sparse-checkout"
        },
        "value": {
          "type": 0,
          "file": 2,
          "line": 69,
          "col": 14,
          "lit": ""
        }
      },
      {
        "key": {
          "type": 0,
          "file": 2,
          "line": 70,
          "col": 3,
          "lit": "sparse-checkout-cone-mode"
        },
        "value": {
          "type": 0,
          "file": 2,
          "line": 73,
          "col": 14,
          "lit": "true"
        }
      },
      {
        "key": {
          "type": 0,
          "file": 2,
          "line": 74,
          "col": 3,
          "lit": "fetch-depth"
        },
        "value": {
          "type": 0,
          "file": 2,
          "line": 76,
          "col": 14,
          "lit": "1"
        }
      },
      {
        "key": {
          "type": 0,
          "file": 2,
          "line": 77,
          "col": 3,
          "lit": "fetch-tags"
        },
        "value": {
          "type": 0,
          "file": 2,
          "line": 79,
          "col": 14,
          "lit": "false"
        }
      },
      {
        "key": {
          "type": 0,
          "file": 2,
          "line": 80,
          "col": 3,
          "lit": "show-progress"
        },
        "value": {
          "type": 0,
          "file": 2,
          "line": 82,
          "col": 14,
          "lit": "true"
        }
      },
      {
        "key": {
          "type": 0,
          "file": 2,
          "line": 83,
          "col": 3,
          "lit": "lfs"
        },
        "value": {
          "type": 0,
          "file": 2,
          "line": 85,
          "col": 14,
          "lit": "false"
        }
      },
      {
        "key": {
          "type": 0,
          "file": 2,
          "line": 86,
          "col": 3,
          "lit": "submodules"
        },
        "value": {
          "type": 0,
          "file": 2,
          "line": 94,
          "col": 14,
          "lit": "false"
        }
      },
      {
        "key": {
          "type": 0,
          "file": 2,
          "line": 95,
          "col": 3,
          "lit": "set-safe-directory"
        },
        "value": {
          "type": 0,
          "file": 2,
          "line": 97,
          "col": 14,
          "lit": "true"
        }
      },
      {
        "key": {
          "type": 0,
          "file": 2,
          "line": 98,
          "col": 3,
          "lit": "github-server-url"
        },
        "value": ""
      }
    ]
  },
  "execution": {
    "executionType": "nodeJS",
    "hasPre": false,
    "hasPost": true,
    "script": "dist/index.js",
    "pre": null,
    "post": "dist/index.js",
    "nodeVersion": "node20",
    "cleanupCondition": "always()",
    "initCondition": "always()"
  },
  "deprecated": null
}
[2025-03-19 14:53:11Z INFO ActionManager] Action pre node.js file: N/A.
[2025-03-19 14:53:11Z INFO ActionManager] Action node.js file: dist/index.js.
[2025-03-19 14:53:11Z INFO ActionManager] Action post node.js file: dist/index.js.
[2025-03-19 14:53:11Z INFO HostContext] Well known directory 'Bin': '/home/jenny/tensorflow-mri/bin'
[2025-03-19 14:53:11Z INFO HostContext] Well known directory 'Root': '/home/jenny/tensorflow-mri'
[2025-03-19 14:53:11Z INFO HostContext] Well known directory 'Diag': '/home/jenny/tensorflow-mri/_diag'
[2025-03-19 14:53:11Z INFO HostContext] Well known directory 'Bin': '/home/jenny/tensorflow-mri/bin'
[2025-03-19 14:53:11Z INFO HostContext] Well known directory 'Root': '/home/jenny/tensorflow-mri'
[2025-03-19 14:53:11Z INFO HostContext] Well known directory 'Diag': '/home/jenny/tensorflow-mri/_diag'
[2025-03-19 14:53:11Z INFO HostContext] Well known directory 'Bin': '/home/jenny/tensorflow-mri/bin'
[2025-03-19 14:53:11Z INFO HostContext] Well known directory 'Root': '/home/jenny/tensorflow-mri'
[2025-03-19 14:53:11Z INFO HostContext] Well known directory 'Work': '/home/jenny/tensorflow-mri/_work'
[2025-03-19 14:53:11Z INFO HostContext] Well known directory 'Temp': '/home/jenny/tensorflow-mri/_work/_temp'
[2025-03-19 14:53:11Z INFO ExecutionContext] Write event payload to /home/jenny/tensorflow-mri/_work/_temp/_github_workflow/event.json
[2025-03-19 14:53:11Z INFO HostContext] Well known directory 'Bin': '/home/jenny/tensorflow-mri/bin'
[2025-03-19 14:53:11Z INFO HostContext] Well known directory 'Root': '/home/jenny/tensorflow-mri'
[2025-03-19 14:53:11Z INFO HostContext] Well known directory 'Work': '/home/jenny/tensorflow-mri/_work'
[2025-03-19 14:53:11Z INFO HostContext] Well known directory 'Temp': '/home/jenny/tensorflow-mri/_work/_temp'
[2025-03-19 14:53:11Z INFO ExtensionManager] Getting extensions for interface: 'GitHub.Runner.Worker.IFileCommandExtension'
[2025-03-19 14:53:11Z INFO ExtensionManager] Creating instance: GitHub.Runner.Worker.AddPathFileCommand, Runner.Worker
[2025-03-19 14:53:11Z INFO ExtensionManager] Creating instance: GitHub.Runner.Worker.SetEnvFileCommand, Runner.Worker
[2025-03-19 14:53:11Z INFO ExtensionManager] Creating instance: GitHub.Runner.Worker.CreateStepSummaryCommand, Runner.Worker
[2025-03-19 14:53:11Z INFO ExtensionManager] Creating instance: GitHub.Runner.Worker.SaveStateFileCommand, Runner.Worker
[2025-03-19 14:53:11Z INFO ExtensionManager] Creating instance: GitHub.Runner.Worker.SetOutputFileCommand, Runner.Worker
[2025-03-19 14:53:11Z INFO ActionManifestManager] Input 'repository': default value evaluate result: {
  "type": 0,
  "file": 2,
  "line": 6,
  "col": 14,
  "lit": "mrphys/tensorflow-mri"
}
[2025-03-19 14:53:11Z INFO ActionManifestManager] Input 'ref': default value evaluate result: ""
[2025-03-19 14:53:11Z INFO ActionManifestManager] Input 'token': default value evaluate result: {
  "type": 0,
  "file": 2,
  "line": 24,
  "col": 14,
  "lit": "***"
}
[2025-03-19 14:53:11Z INFO ActionManifestManager] Input 'ssh-key': default value evaluate result: ""
[2025-03-19 14:53:11Z INFO ActionManifestManager] Input 'ssh-known-hosts': default value evaluate result: ""
[2025-03-19 14:53:11Z INFO ActionManifestManager] Input 'ssh-strict': default value evaluate result: {
  "type": 0,
  "file": 2,
  "line": 47,
  "col": 14,
  "lit": "true"
}
[2025-03-19 14:53:11Z INFO ActionManifestManager] Input 'ssh-user': default value evaluate result: {
  "type": 0,
  "file": 2,
  "line": 51,
  "col": 14,
  "lit": "git"
}
[2025-03-19 14:53:11Z INFO ActionManifestManager] Input 'persist-credentials': default value evaluate result: {
  "type": 0,
  "file": 2,
  "line": 54,
  "col": 14,
  "lit": "true"
}
[2025-03-19 14:53:11Z INFO ActionManifestManager] Input 'path': default value evaluate result: ""
[2025-03-19 14:53:11Z INFO ActionManifestManager] Input 'clean': default value evaluate result: {
  "type": 0,
  "file": 2,
  "line": 59,
  "col": 14,
  "lit": "true"
}
[2025-03-19 14:53:11Z INFO ActionManifestManager] Input 'filter': default value evaluate result: {
  "type": 0,
  "file": 2,
  "line": 64,
  "col": 14,
  "lit": ""
}
[2025-03-19 14:53:11Z INFO ActionManifestManager] Input 'sparse-checkout': default value evaluate result: {
  "type": 0,
  "file": 2,
  "line": 69,
  "col": 14,
  "lit": ""
}
[2025-03-19 14:53:11Z INFO ActionManifestManager] Input 'sparse-checkout-cone-mode': default value evaluate result: {
  "type": 0,
  "file": 2,
  "line": 73,
  "col": 14,
  "lit": "true"
}
[2025-03-19 14:53:11Z INFO ActionManifestManager] Input 'fetch-depth': default value evaluate result: {
  "type": 0,
  "file": 2,
  "line": 76,
  "col": 14,
  "lit": "1"
}
[2025-03-19 14:53:11Z INFO ActionManifestManager] Input 'fetch-tags': default value evaluate result: {
  "type": 0,
  "file": 2,
  "line": 79,
  "col": 14,
  "lit": "false"
}
[2025-03-19 14:53:11Z INFO ActionManifestManager] Input 'show-progress': default value evaluate result: {
  "type": 0,
  "file": 2,
  "line": 82,
  "col": 14,
  "lit": "true"
}
[2025-03-19 14:53:11Z INFO ActionManifestManager] Input 'submodules': default value evaluate result: {
  "type": 0,
  "file": 2,
  "line": 94,
  "col": 14,
  "lit": "false"
}
[2025-03-19 14:53:11Z INFO ActionManifestManager] Input 'set-safe-directory': default value evaluate result: {
  "type": 0,
  "file": 2,
  "line": 97,
  "col": 14,
  "lit": "true"
}
[2025-03-19 14:53:11Z INFO ActionManifestManager] Input 'github-server-url': default value evaluate result: ""
[2025-03-19 14:53:11Z INFO ExtensionManager] Getting extensions for interface: 'GitHub.Runner.Worker.IActionCommandExtension'
[2025-03-19 14:53:11Z INFO ExtensionManager] Creating instance: GitHub.Runner.Worker.InternalPluginSetRepoPathCommandExtension, Runner.Worker
[2025-03-19 14:53:11Z INFO ExtensionManager] Creating instance: GitHub.Runner.Worker.SetEnvCommandExtension, Runner.Worker
[2025-03-19 14:53:11Z INFO ExtensionManager] Creating instance: GitHub.Runner.Worker.SetOutputCommandExtension, Runner.Worker
[2025-03-19 14:53:11Z INFO ExtensionManager] Creating instance: GitHub.Runner.Worker.SaveStateCommandExtension, Runner.Worker
[2025-03-19 14:53:11Z INFO ExtensionManager] Creating instance: GitHub.Runner.Worker.AddPathCommandExtension, Runner.Worker
[2025-03-19 14:53:11Z INFO ExtensionManager] Creating instance: GitHub.Runner.Worker.AddMaskCommandExtension, Runner.Worker
[2025-03-19 14:53:11Z INFO ExtensionManager] Creating instance: GitHub.Runner.Worker.AddMatcherCommandExtension, Runner.Worker
[2025-03-19 14:53:11Z INFO ExtensionManager] Creating instance: GitHub.Runner.Worker.RemoveMatcherCommandExtension, Runner.Worker
[2025-03-19 14:53:11Z INFO ExtensionManager] Creating instance: GitHub.Runner.Worker.WarningCommandExtension, Runner.Worker
[2025-03-19 14:53:11Z INFO ExtensionManager] Creating instance: GitHub.Runner.Worker.ErrorCommandExtension, Runner.Worker
[2025-03-19 14:53:11Z INFO ExtensionManager] Creating instance: GitHub.Runner.Worker.NoticeCommandExtension, Runner.Worker
[2025-03-19 14:53:11Z INFO ExtensionManager] Creating instance: GitHub.Runner.Worker.DebugCommandExtension, Runner.Worker
[2025-03-19 14:53:11Z INFO ExtensionManager] Creating instance: GitHub.Runner.Worker.GroupCommandExtension, Runner.Worker
[2025-03-19 14:53:11Z INFO ExtensionManager] Creating instance: GitHub.Runner.Worker.EndGroupCommandExtension, Runner.Worker
[2025-03-19 14:53:11Z INFO ExtensionManager] Creating instance: GitHub.Runner.Worker.EchoCommandExtension, Runner.Worker
[2025-03-19 14:53:11Z INFO ActionCommandManager] Register action command extension for command internal-set-repo-path
[2025-03-19 14:53:11Z INFO ActionCommandManager] Register action command extension for command set-env
[2025-03-19 14:53:11Z INFO ActionCommandManager] Register action command extension for command set-output
[2025-03-19 14:53:11Z INFO ActionCommandManager] Register action command extension for command save-state
[2025-03-19 14:53:11Z INFO ActionCommandManager] Register action command extension for command add-path
[2025-03-19 14:53:11Z INFO ActionCommandManager] Register action command extension for command add-mask
[2025-03-19 14:53:11Z INFO ActionCommandManager] Register action command extension for command add-matcher
[2025-03-19 14:53:11Z INFO ActionCommandManager] Register action command extension for command remove-matcher
[2025-03-19 14:53:11Z INFO ActionCommandManager] Register action command extension for command warning
[2025-03-19 14:53:11Z INFO ActionCommandManager] Register action command extension for command error
[2025-03-19 14:53:11Z INFO ActionCommandManager] Register action command extension for command notice
[2025-03-19 14:53:11Z INFO ActionCommandManager] Register action command extension for command debug
[2025-03-19 14:53:11Z INFO ActionCommandManager] Register action command extension for command group
[2025-03-19 14:53:11Z INFO ActionCommandManager] Register action command extension for command endgroup
[2025-03-19 14:53:11Z INFO ActionCommandManager] Register action command extension for command echo
[2025-03-19 14:53:11Z INFO HostContext] Well known directory 'Bin': '/home/jenny/tensorflow-mri/bin'
[2025-03-19 14:53:11Z INFO HostContext] Well known directory 'Root': '/home/jenny/tensorflow-mri'
[2025-03-19 14:53:11Z INFO HostContext] Well known directory 'Work': '/home/jenny/tensorflow-mri/_work'
[2025-03-19 14:53:11Z INFO ProcessInvokerWrapper] Starting process:
[2025-03-19 14:53:11Z INFO ProcessInvokerWrapper]   File name: '/usr/bin/docker'
[2025-03-19 14:53:11Z INFO ProcessInvokerWrapper]   Arguments: 'exec  98709747defd71f590e88976ccf2d4f2d9f37be0533238a9a2a3ab2449ec80c0 sh -c "cat /etc/*release | grep ^ID"'
[2025-03-19 14:53:11Z INFO ProcessInvokerWrapper]   Working directory: '/home/jenny/tensorflow-mri/_work'
[2025-03-19 14:53:11Z INFO ProcessInvokerWrapper]   Require exit code zero: 'False'
[2025-03-19 14:53:11Z INFO ProcessInvokerWrapper]   Encoding web name:  ; code page: ''
[2025-03-19 14:53:11Z INFO ProcessInvokerWrapper]   Force kill process on cancellation: 'False'
[2025-03-19 14:53:11Z INFO ProcessInvokerWrapper]   Redirected STDIN: 'False'
[2025-03-19 14:53:11Z INFO ProcessInvokerWrapper]   Persist current code page: 'False'
[2025-03-19 14:53:11Z INFO ProcessInvokerWrapper]   Keep redirected STDIN open: 'False'
[2025-03-19 14:53:11Z INFO ProcessInvokerWrapper]   High priority process: 'False'
[2025-03-19 14:53:11Z INFO ProcessInvokerWrapper] Updated oom_score_adj to 500 for PID: 2101377.
[2025-03-19 14:53:11Z INFO ProcessInvokerWrapper] Process started with process id 2101377, waiting for process exit.
[2025-03-19 14:53:11Z INFO ProcessInvokerWrapper] STDOUT/STDERR stream read finished.
[2025-03-19 14:53:11Z INFO ProcessInvokerWrapper] STDOUT/STDERR stream read finished.
[2025-03-19 14:53:11Z INFO ProcessInvokerWrapper] Finished process 2101377 with exit code 0, and elapsed time 00:00:00.0377210.
[2025-03-19 14:53:11Z INFO JobServerQueue] Try to append 1 batches web console lines for record 'fc4d9487-f801-4ac5-8ca3-5fbcff17cda6', success rate: 1/1.
[2025-03-19 14:53:11Z INFO JobServerQueue] Try to append 1 batches web console lines for record '9807dd77-28ca-4ba6-a9fc-aa5762dfe7fc', success rate: 1/1.
[2025-03-19 14:53:11Z INFO HostContext] Well known directory 'Bin': '/home/jenny/tensorflow-mri/bin'
[2025-03-19 14:53:11Z INFO HostContext] Well known directory 'Root': '/home/jenny/tensorflow-mri'
[2025-03-19 14:53:11Z INFO HostContext] Well known directory 'Externals': '/home/jenny/tensorflow-mri/externals'
[2025-03-19 14:53:11Z INFO HostContext] Well known directory 'Bin': '/home/jenny/tensorflow-mri/bin'
[2025-03-19 14:53:11Z INFO HostContext] Well known directory 'Root': '/home/jenny/tensorflow-mri'
[2025-03-19 14:53:11Z INFO HostContext] Well known directory 'Work': '/home/jenny/tensorflow-mri/_work'
[2025-03-19 14:53:11Z INFO ProcessInvokerWrapper] Starting process:
[2025-03-19 14:53:11Z INFO ProcessInvokerWrapper]   File name: '/usr/bin/docker'
[2025-03-19 14:53:11Z INFO ProcessInvokerWrapper]   Arguments: 'exec -i --workdir /__w/tensorflow-mri/tensorflow-mri -e "PYTHON" -e "INPUT_LFS" -e "INPUT_REPOSITORY" -e "INPUT_REF" -e "INPUT_TOKEN" -e "INPUT_SSH-KEY" -e "INPUT_SSH-KNOWN-HOSTS" -e "INPUT_SSH-STRICT" -e "INPUT_SSH-USER" -e "INPUT_PERSIST-CREDENTIALS" -e "INPUT_PATH" -e "INPUT_CLEAN" -e "INPUT_FILTER" -e "INPUT_SPARSE-CHECKOUT" -e "INPUT_SPARSE-CHECKOUT-CONE-MODE" -e "INPUT_FETCH-DEPTH" -e "INPUT_FETCH-TAGS" -e "INPUT_SHOW-PROGRESS" -e "INPUT_SUBMODULES" -e "INPUT_SET-SAFE-DIRECTORY" -e "INPUT_GITHUB-SERVER-URL" -e "GITHUB_JOB" -e "GITHUB_REF" -e "GITHUB_SHA" -e "GITHUB_REPOSITORY" -e "GITHUB_REPOSITORY_OWNER" -e "GITHUB_REPOSITORY_OWNER_ID" -e "GITHUB_RUN_ID" -e "GITHUB_RUN_NUMBER" -e "GITHUB_RETENTION_DAYS" -e "GITHUB_RUN_ATTEMPT" -e "GITHUB_ACTOR_ID" -e "GITHUB_ACTOR" -e "GITHUB_WORKFLOW" -e "GITHUB_HEAD_REF" -e "GITHUB_BASE_REF" -e "GITHUB_EVENT_NAME" -e "GITHUB_SERVER_URL" -e "GITHUB_API_URL" -e "GITHUB_GRAPHQL_URL" -e "GITHUB_REF_NAME" -e "GITHUB_REF_PROTECTED" -e "GITHUB_REF_TYPE" -e "GITHUB_WORKFLOW_REF" -e "GITHUB_WORKFLOW_SHA" -e "GITHUB_REPOSITORY_ID" -e "GITHUB_TRIGGERING_ACTOR" -e "GITHUB_WORKSPACE" -e "GITHUB_ACTION" -e "GITHUB_EVENT_PATH" -e "GITHUB_ACTION_REPOSITORY" -e "GITHUB_ACTION_REF" -e "GITHUB_PATH" -e "GITHUB_ENV" -e "GITHUB_STEP_SUMMARY" -e "GITHUB_STATE" -e "GITHUB_OUTPUT" -e "RUNNER_OS" -e "RUNNER_ARCH" -e "RUNNER_NAME" -e "RUNNER_ENVIRONMENT" -e "RUNNER_TOOL_CACHE" -e "RUNNER_TEMP" -e "RUNNER_WORKSPACE" -e "ACTIONS_RUNTIME_URL" -e "ACTIONS_RUNTIME_TOKEN" -e "ACTIONS_CACHE_URL" -e "ACTIONS_RESULTS_URL" -e "ACTIONS_CACHE_SERVICE_V2" 98709747defd71f590e88976ccf2d4f2d9f37be0533238a9a2a3ab2449ec80c0 /__e/node20/bin/node /__w/_actions/actions/checkout/v4/dist/index.js'
[2025-03-19 14:53:11Z INFO ProcessInvokerWrapper]   Working directory: '/home/jenny/tensorflow-mri/_work'
[2025-03-19 14:53:11Z INFO ProcessInvokerWrapper]   Require exit code zero: 'False'
[2025-03-19 14:53:11Z INFO ProcessInvokerWrapper]   Encoding web name:  ; code page: ''
[2025-03-19 14:53:11Z INFO ProcessInvokerWrapper]   Force kill process on cancellation: 'False'
[2025-03-19 14:53:11Z INFO ProcessInvokerWrapper]   Redirected STDIN: 'False'
[2025-03-19 14:53:11Z INFO ProcessInvokerWrapper]   Persist current code page: 'False'
[2025-03-19 14:53:11Z INFO ProcessInvokerWrapper]   Keep redirected STDIN open: 'False'
[2025-03-19 14:53:11Z INFO ProcessInvokerWrapper]   High priority process: 'False'
[2025-03-19 14:53:11Z INFO ProcessInvokerWrapper] Updated oom_score_adj to 500 for PID: 2101405.
[2025-03-19 14:53:11Z INFO ProcessInvokerWrapper] Process started with process id 2101405, waiting for process exit.
[2025-03-19 14:53:11Z INFO AddMaskCommandExtension] Add new secret mask with length of 76
[2025-03-19 14:53:11Z INFO JobServerQueue] Try to append 1 batches web console lines for record '9807dd77-28ca-4ba6-a9fc-aa5762dfe7fc', success rate: 1/1.
[2025-03-19 14:53:11Z INFO JobServerQueue] Tried to upload 1 file(s) to results, success rate: 1/1.
[2025-03-19 14:53:11Z INFO JobServerQueue] Try to upload 1 log files or attachments, success rate: 1/1.
[2025-03-19 14:53:12Z INFO JobServerQueue] Got a step log file to send to results service.
[2025-03-19 14:53:12Z INFO JobServerQueue] Starting upload of step log file to results service ResultsLog, /home/jenny/tensorflow-mri/_diag/blocks/352e62ab-c249-47f2-bad9-fb15096f3ea3_6be8cdb6-4610-47da-bfcf-c4c83e06230d.1
[2025-03-19 14:53:12Z INFO JobServerQueue] Got a step log file to send to results service.
[2025-03-19 14:53:12Z INFO JobServerQueue] Starting upload of step log file to results service ResultsLog, /home/jenny/tensorflow-mri/_diag/blocks/352e62ab-c249-47f2-bad9-fb15096f3ea3_fc4d9487-f801-4ac5-8ca3-5fbcff17cda6.1
[2025-03-19 14:53:13Z INFO JobServerQueue] Tried to upload 2 file(s) to results, success rate: 2/2.
[2025-03-19 14:53:13Z INFO JobServerQueue] Try to append 1 batches web console lines for record '9807dd77-28ca-4ba6-a9fc-aa5762dfe7fc', success rate: 1/1.
[2025-03-19 14:53:13Z INFO JobServerQueue] Try to append 1 batches web console lines for record '9807dd77-28ca-4ba6-a9fc-aa5762dfe7fc', success rate: 1/1.
[2025-03-19 14:53:14Z INFO JobServerQueue] Try to append 1 batches web console lines for record '9807dd77-28ca-4ba6-a9fc-aa5762dfe7fc', success rate: 1/1.
[2025-03-19 14:53:14Z INFO JobServerQueue] Try to append 1 batches web console lines for record '9807dd77-28ca-4ba6-a9fc-aa5762dfe7fc', success rate: 1/1.
[2025-03-19 14:53:18Z INFO HostContext] Well known directory 'Bin': '/home/jenny/tensorflow-mri/bin'
[2025-03-19 14:53:18Z INFO HostContext] Well known directory 'Root': '/home/jenny/tensorflow-mri'
[2025-03-19 14:53:18Z INFO HostContext] Well known directory 'Work': '/home/jenny/tensorflow-mri/_work'
[2025-03-19 14:53:28Z INFO JobServerQueue] Try to append 1 batches web console lines for record '9807dd77-28ca-4ba6-a9fc-aa5762dfe7fc', success rate: 1/1.
[2025-03-19 14:53:28Z INFO HostContext] Well known directory 'Bin': '/home/jenny/tensorflow-mri/bin'
[2025-03-19 14:53:28Z INFO HostContext] Well known directory 'Root': '/home/jenny/tensorflow-mri'
[2025-03-19 14:53:28Z INFO HostContext] Well known directory 'Work': '/home/jenny/tensorflow-mri/_work'
[2025-03-19 14:53:38Z INFO HostContext] Well known directory 'Bin': '/home/jenny/tensorflow-mri/bin'
[2025-03-19 14:53:38Z INFO HostContext] Well known directory 'Root': '/home/jenny/tensorflow-mri'
[2025-03-19 14:53:38Z INFO HostContext] Well known directory 'Work': '/home/jenny/tensorflow-mri/_work'
[2025-03-19 14:53:48Z INFO HostContext] Well known directory 'Bin': '/home/jenny/tensorflow-mri/bin'
[2025-03-19 14:53:48Z INFO HostContext] Well known directory 'Root': '/home/jenny/tensorflow-mri'
[2025-03-19 14:53:48Z INFO HostContext] Well known directory 'Work': '/home/jenny/tensorflow-mri/_work'
[2025-03-19 14:53:58Z INFO HostContext] Well known directory 'Bin': '/home/jenny/tensorflow-mri/bin'
[2025-03-19 14:53:58Z INFO HostContext] Well known directory 'Root': '/home/jenny/tensorflow-mri'
[2025-03-19 14:53:58Z INFO HostContext] Well known directory 'Work': '/home/jenny/tensorflow-mri/_work'
[2025-03-19 14:54:07Z INFO JobServerQueue] Stop aggressive process web console line queue.
[2025-03-19 14:54:08Z INFO HostContext] Well known directory 'Bin': '/home/jenny/tensorflow-mri/bin'
[2025-03-19 14:54:08Z INFO HostContext] Well known directory 'Root': '/home/jenny/tensorflow-mri'
[2025-03-19 14:54:08Z INFO HostContext] Well known directory 'Work': '/home/jenny/tensorflow-mri/_work'
[2025-03-19 14:54:18Z INFO HostContext] Well known directory 'Bin': '/home/jenny/tensorflow-mri/bin'
[2025-03-19 14:54:18Z INFO HostContext] Well known directory 'Root': '/home/jenny/tensorflow-mri'
[2025-03-19 14:54:18Z INFO HostContext] Well known directory 'Work': '/home/jenny/tensorflow-mri/_work'
[2025-03-19 14:54:28Z INFO HostContext] Well known directory 'Bin': '/home/jenny/tensorflow-mri/bin'
[2025-03-19 14:54:28Z INFO HostContext] Well known directory 'Root': '/home/jenny/tensorflow-mri'
[2025-03-19 14:54:28Z INFO HostContext] Well known directory 'Work': '/home/jenny/tensorflow-mri/_work'
[2025-03-19 14:54:38Z INFO HostContext] Well known directory 'Bin': '/home/jenny/tensorflow-mri/bin'
[2025-03-19 14:54:38Z INFO HostContext] Well known directory 'Root': '/home/jenny/tensorflow-mri'
[2025-03-19 14:54:38Z INFO HostContext] Well known directory 'Work': '/home/jenny/tensorflow-mri/_work'
[2025-03-19 14:54:48Z INFO JobServerQueue] Try to append 1 batches web console lines for record '9807dd77-28ca-4ba6-a9fc-aa5762dfe7fc', success rate: 1/1.
[2025-03-19 14:54:48Z INFO HostContext] Well known directory 'Bin': '/home/jenny/tensorflow-mri/bin'
[2025-03-19 14:54:48Z INFO HostContext] Well known directory 'Root': '/home/jenny/tensorflow-mri'
[2025-03-19 14:54:48Z INFO HostContext] Well known directory 'Work': '/home/jenny/tensorflow-mri/_work'
[2025-03-19 14:54:50Z INFO JobServerQueue] Try to append 1 batches web console lines for record '9807dd77-28ca-4ba6-a9fc-aa5762dfe7fc', success rate: 1/1.
[2025-03-19 14:54:50Z INFO JobServerQueue] Try to append 1 batches web console lines for record '9807dd77-28ca-4ba6-a9fc-aa5762dfe7fc', success rate: 1/1.
[2025-03-19 14:54:51Z INFO JobServerQueue] Try to append 1 batches web console lines for record '9807dd77-28ca-4ba6-a9fc-aa5762dfe7fc', success rate: 1/1.
[2025-03-19 14:54:51Z INFO JobServerQueue] Try to append 1 batches web console lines for record '9807dd77-28ca-4ba6-a9fc-aa5762dfe7fc', success rate: 1/1.
[2025-03-19 14:54:52Z INFO JobServerQueue] Try to append 1 batches web console lines for record '9807dd77-28ca-4ba6-a9fc-aa5762dfe7fc', success rate: 1/1.
[2025-03-19 14:54:53Z INFO JobServerQueue] Try to append 1 batches web console lines for record '9807dd77-28ca-4ba6-a9fc-aa5762dfe7fc', success rate: 1/1.
[2025-03-19 14:54:54Z INFO JobServerQueue] Try to append 1 batches web console lines for record '9807dd77-28ca-4ba6-a9fc-aa5762dfe7fc', success rate: 1/1.
[2025-03-19 14:54:54Z INFO ProcessInvokerWrapper] STDOUT/STDERR stream read finished.
[2025-03-19 14:54:54Z INFO ProcessInvokerWrapper] STDOUT/STDERR stream read finished.
[2025-03-19 14:54:54Z INFO ProcessInvokerWrapper] Finished process 2101405 with exit code 0, and elapsed time 00:01:43.2598977.
[2025-03-19 14:54:54Z INFO CreateStepSummaryCommand] Step Summary file (/home/jenny/tensorflow-mri/_work/_temp/_runner_file_commands/step_summary_c9cced07-3052-4647-b690-f1455f96ba91) is empty; skipping attachment upload
[2025-03-19 14:54:54Z INFO StepsRunner] Step result: 
[2025-03-19 14:54:54Z INFO ExecutionContext] Publish step telemetry for current step {
  "action": "actions/checkout",
  "ref": "v4",
  "type": "node20",
  "stage": "Main",
  "stepId": "9807dd77-28ca-4ba6-a9fc-aa5762dfe7fc",
  "stepContextName": "__actions_checkout",
  "hasPreStep": false,
  "hasPostStep": true,
  "result": "succeeded",
  "errorMessages": [
    "no submodule mapping found in .gitmodules for path 'actions-runner/_work/tensorflow-mri/tensorflow-mri/main'",
    "Unable to clean or reset the repository. The repository will be recreated instead."
  ],
  "executionTimeInSeconds": 104,
  "startTime": "2025-03-19T14:53:11.0673125Z",
  "finishTime": "2025-03-19T14:54:54.4013478Z"
}.
[2025-03-19 14:54:54Z INFO StepsRunner] No need for updating job result with current step result 'Succeeded'.
[2025-03-19 14:54:54Z INFO StepsRunner] Current state: job state = ''
[2025-03-19 14:54:54Z INFO StepsRunner] Processing step: DisplayName='Lint code'
[2025-03-19 14:54:54Z INFO StepsRunner] Evaluating: success()
[2025-03-19 14:54:54Z INFO StepsRunner] Result: true
[2025-03-19 14:54:54Z INFO StepsRunner] Starting the step.
[2025-03-19 14:54:54Z INFO HostContext] Well known directory 'Bin': '/home/jenny/tensorflow-mri/bin'
[2025-03-19 14:54:54Z INFO HostContext] Well known directory 'Root': '/home/jenny/tensorflow-mri'
[2025-03-19 14:54:54Z INFO HostContext] Well known directory 'Work': '/home/jenny/tensorflow-mri/_work'
[2025-03-19 14:54:54Z INFO HostContext] Well known directory 'Temp': '/home/jenny/tensorflow-mri/_work/_temp'
[2025-03-19 14:54:54Z INFO ExecutionContext] Write event payload to /home/jenny/tensorflow-mri/_work/_temp/_github_workflow/event.json
[2025-03-19 14:54:54Z INFO HostContext] Well known directory 'Bin': '/home/jenny/tensorflow-mri/bin'
[2025-03-19 14:54:54Z INFO HostContext] Well known directory 'Root': '/home/jenny/tensorflow-mri'
[2025-03-19 14:54:54Z INFO HostContext] Well known directory 'Work': '/home/jenny/tensorflow-mri/_work'
[2025-03-19 14:54:54Z INFO HostContext] Well known directory 'Temp': '/home/jenny/tensorflow-mri/_work/_temp'
[2025-03-19 14:54:54Z INFO ExtensionManager] Getting extensions for interface: 'GitHub.Runner.Worker.IFileCommandExtension'
[2025-03-19 14:54:54Z INFO ExtensionManager] Getting extensions for interface: 'GitHub.Runner.Worker.IActionCommandExtension'
[2025-03-19 14:54:54Z INFO ActionCommandManager] Register action command extension for command internal-set-repo-path
[2025-03-19 14:54:54Z INFO ActionCommandManager] Register action command extension for command set-env
[2025-03-19 14:54:54Z INFO ActionCommandManager] Register action command extension for command set-output
[2025-03-19 14:54:54Z INFO ActionCommandManager] Register action command extension for command save-state
[2025-03-19 14:54:54Z INFO ActionCommandManager] Register action command extension for command add-path
[2025-03-19 14:54:54Z INFO ActionCommandManager] Register action command extension for command add-mask
[2025-03-19 14:54:54Z INFO ActionCommandManager] Register action command extension for command add-matcher
[2025-03-19 14:54:54Z INFO ActionCommandManager] Register action command extension for command remove-matcher
[2025-03-19 14:54:54Z INFO ActionCommandManager] Register action command extension for command warning
[2025-03-19 14:54:54Z INFO ActionCommandManager] Register action command extension for command error
[2025-03-19 14:54:54Z INFO ActionCommandManager] Register action command extension for command notice
[2025-03-19 14:54:54Z INFO ActionCommandManager] Register action command extension for command debug
[2025-03-19 14:54:54Z INFO ActionCommandManager] Register action command extension for command group
[2025-03-19 14:54:54Z INFO ActionCommandManager] Register action command extension for command endgroup
[2025-03-19 14:54:54Z INFO ActionCommandManager] Register action command extension for command echo
[2025-03-19 14:54:54Z INFO HostContext] Well known directory 'Bin': '/home/jenny/tensorflow-mri/bin'
[2025-03-19 14:54:54Z INFO HostContext] Well known directory 'Root': '/home/jenny/tensorflow-mri'
[2025-03-19 14:54:54Z INFO HostContext] Well known directory 'Work': '/home/jenny/tensorflow-mri/_work'
[2025-03-19 14:54:54Z INFO HostContext] Well known directory 'Temp': '/home/jenny/tensorflow-mri/_work/_temp'
[2025-03-19 14:54:54Z INFO ScriptHandler] Which2: 'bash'
[2025-03-19 14:54:54Z INFO ScriptHandler] Location: '/usr/bin/bash'
[2025-03-19 14:54:54Z INFO HostContext] Well known directory 'Bin': '/home/jenny/tensorflow-mri/bin'
[2025-03-19 14:54:54Z INFO HostContext] Well known directory 'Root': '/home/jenny/tensorflow-mri'
[2025-03-19 14:54:54Z INFO HostContext] Well known directory 'Work': '/home/jenny/tensorflow-mri/_work'
[2025-03-19 14:54:54Z INFO ProcessInvokerWrapper] Starting process:
[2025-03-19 14:54:54Z INFO ProcessInvokerWrapper]   File name: '/usr/bin/docker'
[2025-03-19 14:54:54Z INFO ProcessInvokerWrapper]   Arguments: 'exec -i --workdir /__w/tensorflow-mri/tensorflow-mri -e "PYTHON" -e "GITHUB_JOB" -e "GITHUB_REF" -e "GITHUB_SHA" -e "GITHUB_REPOSITORY" -e "GITHUB_REPOSITORY_OWNER" -e "GITHUB_REPOSITORY_OWNER_ID" -e "GITHUB_RUN_ID" -e "GITHUB_RUN_NUMBER" -e "GITHUB_RETENTION_DAYS" -e "GITHUB_RUN_ATTEMPT" -e "GITHUB_ACTOR_ID" -e "GITHUB_ACTOR" -e "GITHUB_WORKFLOW" -e "GITHUB_HEAD_REF" -e "GITHUB_BASE_REF" -e "GITHUB_EVENT_NAME" -e "GITHUB_SERVER_URL" -e "GITHUB_API_URL" -e "GITHUB_GRAPHQL_URL" -e "GITHUB_REF_NAME" -e "GITHUB_REF_PROTECTED" -e "GITHUB_REF_TYPE" -e "GITHUB_WORKFLOW_REF" -e "GITHUB_WORKFLOW_SHA" -e "GITHUB_REPOSITORY_ID" -e "GITHUB_TRIGGERING_ACTOR" -e "GITHUB_WORKSPACE" -e "GITHUB_ACTION" -e "GITHUB_EVENT_PATH" -e "GITHUB_ACTION_REPOSITORY" -e "GITHUB_ACTION_REF" -e "GITHUB_PATH" -e "GITHUB_ENV" -e "GITHUB_STEP_SUMMARY" -e "GITHUB_STATE" -e "GITHUB_OUTPUT" -e "RUNNER_OS" -e "RUNNER_ARCH" -e "RUNNER_NAME" -e "RUNNER_ENVIRONMENT" -e "RUNNER_TOOL_CACHE" -e "RUNNER_TEMP" -e "RUNNER_WORKSPACE" 98709747defd71f590e88976ccf2d4f2d9f37be0533238a9a2a3ab2449ec80c0 sh -e /__w/_temp/5e3501d7-c97c-411f-b27e-85cf87c8055f.sh'
[2025-03-19 14:54:54Z INFO ProcessInvokerWrapper]   Working directory: '/home/jenny/tensorflow-mri/_work'
[2025-03-19 14:54:54Z INFO ProcessInvokerWrapper]   Require exit code zero: 'False'
[2025-03-19 14:54:54Z INFO ProcessInvokerWrapper]   Encoding web name:  ; code page: ''
[2025-03-19 14:54:54Z INFO ProcessInvokerWrapper]   Force kill process on cancellation: 'False'
[2025-03-19 14:54:54Z INFO ProcessInvokerWrapper]   Redirected STDIN: 'False'
[2025-03-19 14:54:54Z INFO ProcessInvokerWrapper]   Persist current code page: 'False'
[2025-03-19 14:54:54Z INFO ProcessInvokerWrapper]   Keep redirected STDIN open: 'False'
[2025-03-19 14:54:54Z INFO ProcessInvokerWrapper]   High priority process: 'False'
[2025-03-19 14:54:54Z INFO ProcessInvokerWrapper] Updated oom_score_adj to 500 for PID: 2102570.
[2025-03-19 14:54:54Z INFO ProcessInvokerWrapper] Process started with process id 2102570, waiting for process exit.
[2025-03-19 14:54:54Z INFO JobServerQueue] Try to upload 1 log files or attachments, success rate: 1/1.
[2025-03-19 14:54:54Z INFO JobServerQueue] Try to append 1 batches web console lines for record '9807dd77-28ca-4ba6-a9fc-aa5762dfe7fc', success rate: 1/1.
[2025-03-19 14:54:54Z INFO JobServerQueue] Try to append 1 batches web console lines for record '4ece0f53-62a0-43dd-8f11-e908b731f6c9', success rate: 1/1.
[2025-03-19 14:54:55Z INFO JobServerQueue] Got a step log file to send to results service.
[2025-03-19 14:54:55Z INFO JobServerQueue] Starting upload of step log file to results service ResultsLog, /home/jenny/tensorflow-mri/_diag/blocks/352e62ab-c249-47f2-bad9-fb15096f3ea3_9807dd77-28ca-4ba6-a9fc-aa5762dfe7fc.1
[2025-03-19 14:54:55Z INFO JobServerQueue] Tried to upload 1 file(s) to results, success rate: 1/1.
[2025-03-19 14:54:56Z INFO JobServerQueue] Try to append 1 batches web console lines for record '4ece0f53-62a0-43dd-8f11-e908b731f6c9', success rate: 1/1.
[2025-03-19 14:54:58Z INFO JobServerQueue] Try to append 1 batches web console lines for record '4ece0f53-62a0-43dd-8f11-e908b731f6c9', success rate: 1/1.
[2025-03-19 14:54:58Z INFO HostContext] Well known directory 'Bin': '/home/jenny/tensorflow-mri/bin'
[2025-03-19 14:54:58Z INFO HostContext] Well known directory 'Root': '/home/jenny/tensorflow-mri'
[2025-03-19 14:54:58Z INFO HostContext] Well known directory 'Work': '/home/jenny/tensorflow-mri/_work'
[2025-03-19 14:55:08Z INFO HostContext] Well known directory 'Bin': '/home/jenny/tensorflow-mri/bin'
[2025-03-19 14:55:08Z INFO HostContext] Well known directory 'Root': '/home/jenny/tensorflow-mri'
[2025-03-19 14:55:08Z INFO HostContext] Well known directory 'Work': '/home/jenny/tensorflow-mri/_work'
[2025-03-19 14:55:18Z INFO HostContext] Well known directory 'Bin': '/home/jenny/tensorflow-mri/bin'
[2025-03-19 14:55:18Z INFO HostContext] Well known directory 'Root': '/home/jenny/tensorflow-mri'
[2025-03-19 14:55:18Z INFO HostContext] Well known directory 'Work': '/home/jenny/tensorflow-mri/_work'
[2025-03-19 14:55:28Z INFO HostContext] Well known directory 'Bin': '/home/jenny/tensorflow-mri/bin'
[2025-03-19 14:55:28Z INFO HostContext] Well known directory 'Root': '/home/jenny/tensorflow-mri'
[2025-03-19 14:55:28Z INFO HostContext] Well known directory 'Work': '/home/jenny/tensorflow-mri/_work'
[2025-03-19 14:55:29Z INFO JobServerQueue] Try to append 1 batches web console lines for record '4ece0f53-62a0-43dd-8f11-e908b731f6c9', success rate: 1/1.
[2025-03-19 14:55:35Z INFO ProcessInvokerWrapper] STDOUT/STDERR stream read finished.
[2025-03-19 14:55:35Z INFO ProcessInvokerWrapper] STDOUT/STDERR stream read finished.
[2025-03-19 14:55:35Z INFO ProcessInvokerWrapper] Finished process 2102570 with exit code 0, and elapsed time 00:00:41.1423924.
[2025-03-19 14:55:35Z INFO CreateStepSummaryCommand] Step Summary file (/home/jenny/tensorflow-mri/_work/_temp/_runner_file_commands/step_summary_541d4f08-981a-43de-b0ef-b20a2d5a59a8) is empty; skipping attachment upload
[2025-03-19 14:55:35Z INFO StepsRunner] Step result: 
[2025-03-19 14:55:35Z INFO ExecutionContext] Publish step telemetry for current step {
  "action": "sh",
  "type": "run",
  "stage": "Main",
  "stepId": "4ece0f53-62a0-43dd-8f11-e908b731f6c9",
  "stepContextName": "__run",
  "result": "succeeded",
  "errorMessages": [],
  "executionTimeInSeconds": 42,
  "startTime": "2025-03-19T14:54:54.4026839Z",
  "finishTime": "2025-03-19T14:55:35.5529339Z"
}.
[2025-03-19 14:55:35Z INFO StepsRunner] No need for updating job result with current step result 'Succeeded'.
[2025-03-19 14:55:35Z INFO StepsRunner] Current state: job state = ''
[2025-03-19 14:55:35Z INFO StepsRunner] Processing step: DisplayName='Compile shared library'
[2025-03-19 14:55:35Z INFO StepsRunner] Evaluating: success()
[2025-03-19 14:55:35Z INFO StepsRunner] Result: true
[2025-03-19 14:55:35Z INFO StepsRunner] Starting the step.
[2025-03-19 14:55:35Z INFO HostContext] Well known directory 'Bin': '/home/jenny/tensorflow-mri/bin'
[2025-03-19 14:55:35Z INFO HostContext] Well known directory 'Root': '/home/jenny/tensorflow-mri'
[2025-03-19 14:55:35Z INFO HostContext] Well known directory 'Work': '/home/jenny/tensorflow-mri/_work'
[2025-03-19 14:55:35Z INFO HostContext] Well known directory 'Temp': '/home/jenny/tensorflow-mri/_work/_temp'
[2025-03-19 14:55:35Z INFO ExecutionContext] Write event payload to /home/jenny/tensorflow-mri/_work/_temp/_github_workflow/event.json
[2025-03-19 14:55:35Z INFO HostContext] Well known directory 'Bin': '/home/jenny/tensorflow-mri/bin'
[2025-03-19 14:55:35Z INFO HostContext] Well known directory 'Root': '/home/jenny/tensorflow-mri'
[2025-03-19 14:55:35Z INFO HostContext] Well known directory 'Work': '/home/jenny/tensorflow-mri/_work'
[2025-03-19 14:55:35Z INFO HostContext] Well known directory 'Temp': '/home/jenny/tensorflow-mri/_work/_temp'
[2025-03-19 14:55:35Z INFO ExtensionManager] Getting extensions for interface: 'GitHub.Runner.Worker.IFileCommandExtension'
[2025-03-19 14:55:35Z INFO ExtensionManager] Getting extensions for interface: 'GitHub.Runner.Worker.IActionCommandExtension'
[2025-03-19 14:55:35Z INFO ActionCommandManager] Register action command extension for command internal-set-repo-path
[2025-03-19 14:55:35Z INFO ActionCommandManager] Register action command extension for command set-env
[2025-03-19 14:55:35Z INFO ActionCommandManager] Register action command extension for command set-output
[2025-03-19 14:55:35Z INFO ActionCommandManager] Register action command extension for command save-state
[2025-03-19 14:55:35Z INFO ActionCommandManager] Register action command extension for command add-path
[2025-03-19 14:55:35Z INFO ActionCommandManager] Register action command extension for command add-mask
[2025-03-19 14:55:35Z INFO ActionCommandManager] Register action command extension for command add-matcher
[2025-03-19 14:55:35Z INFO ActionCommandManager] Register action command extension for command remove-matcher
[2025-03-19 14:55:35Z INFO ActionCommandManager] Register action command extension for command warning
[2025-03-19 14:55:35Z INFO ActionCommandManager] Register action command extension for command error
[2025-03-19 14:55:35Z INFO ActionCommandManager] Register action command extension for command notice
[2025-03-19 14:55:35Z INFO ActionCommandManager] Register action command extension for command debug
[2025-03-19 14:55:35Z INFO ActionCommandManager] Register action command extension for command group
[2025-03-19 14:55:35Z INFO ActionCommandManager] Register action command extension for command endgroup
[2025-03-19 14:55:35Z INFO ActionCommandManager] Register action command extension for command echo
[2025-03-19 14:55:35Z INFO HostContext] Well known directory 'Bin': '/home/jenny/tensorflow-mri/bin'
[2025-03-19 14:55:35Z INFO HostContext] Well known directory 'Root': '/home/jenny/tensorflow-mri'
[2025-03-19 14:55:35Z INFO HostContext] Well known directory 'Work': '/home/jenny/tensorflow-mri/_work'
[2025-03-19 14:55:35Z INFO HostContext] Well known directory 'Temp': '/home/jenny/tensorflow-mri/_work/_temp'
[2025-03-19 14:55:35Z INFO ScriptHandler] Which2: 'bash'
[2025-03-19 14:55:35Z INFO ScriptHandler] Location: '/usr/bin/bash'
[2025-03-19 14:55:35Z INFO HostContext] Well known directory 'Bin': '/home/jenny/tensorflow-mri/bin'
[2025-03-19 14:55:35Z INFO HostContext] Well known directory 'Root': '/home/jenny/tensorflow-mri'
[2025-03-19 14:55:35Z INFO HostContext] Well known directory 'Work': '/home/jenny/tensorflow-mri/_work'
[2025-03-19 14:55:35Z INFO ProcessInvokerWrapper] Starting process:
[2025-03-19 14:55:35Z INFO ProcessInvokerWrapper]   File name: '/usr/bin/docker'
[2025-03-19 14:55:35Z INFO ProcessInvokerWrapper]   Arguments: 'exec -i --workdir /__w/tensorflow-mri/tensorflow-mri -e "PYTHON" -e "GITHUB_JOB" -e "GITHUB_REF" -e "GITHUB_SHA" -e "GITHUB_REPOSITORY" -e "GITHUB_REPOSITORY_OWNER" -e "GITHUB_REPOSITORY_OWNER_ID" -e "GITHUB_RUN_ID" -e "GITHUB_RUN_NUMBER" -e "GITHUB_RETENTION_DAYS" -e "GITHUB_RUN_ATTEMPT" -e "GITHUB_ACTOR_ID" -e "GITHUB_ACTOR" -e "GITHUB_WORKFLOW" -e "GITHUB_HEAD_REF" -e "GITHUB_BASE_REF" -e "GITHUB_EVENT_NAME" -e "GITHUB_SERVER_URL" -e "GITHUB_API_URL" -e "GITHUB_GRAPHQL_URL" -e "GITHUB_REF_NAME" -e "GITHUB_REF_PROTECTED" -e "GITHUB_REF_TYPE" -e "GITHUB_WORKFLOW_REF" -e "GITHUB_WORKFLOW_SHA" -e "GITHUB_REPOSITORY_ID" -e "GITHUB_TRIGGERING_ACTOR" -e "GITHUB_WORKSPACE" -e "GITHUB_ACTION" -e "GITHUB_EVENT_PATH" -e "GITHUB_ACTION_REPOSITORY" -e "GITHUB_ACTION_REF" -e "GITHUB_PATH" -e "GITHUB_ENV" -e "GITHUB_STEP_SUMMARY" -e "GITHUB_STATE" -e "GITHUB_OUTPUT" -e "RUNNER_OS" -e "RUNNER_ARCH" -e "RUNNER_NAME" -e "RUNNER_ENVIRONMENT" -e "RUNNER_TOOL_CACHE" -e "RUNNER_TEMP" -e "RUNNER_WORKSPACE" 98709747defd71f590e88976ccf2d4f2d9f37be0533238a9a2a3ab2449ec80c0 sh -e /__w/_temp/dd28dfd7-dbe4-4cde-a28d-f7ed8e1ff588.sh'
[2025-03-19 14:55:35Z INFO ProcessInvokerWrapper]   Working directory: '/home/jenny/tensorflow-mri/_work'
[2025-03-19 14:55:35Z INFO ProcessInvokerWrapper]   Require exit code zero: 'False'
[2025-03-19 14:55:35Z INFO ProcessInvokerWrapper]   Encoding web name:  ; code page: ''
[2025-03-19 14:55:35Z INFO ProcessInvokerWrapper]   Force kill process on cancellation: 'False'
[2025-03-19 14:55:35Z INFO ProcessInvokerWrapper]   Redirected STDIN: 'False'
[2025-03-19 14:55:35Z INFO ProcessInvokerWrapper]   Persist current code page: 'False'
[2025-03-19 14:55:35Z INFO ProcessInvokerWrapper]   Keep redirected STDIN open: 'False'
[2025-03-19 14:55:35Z INFO ProcessInvokerWrapper]   High priority process: 'False'
[2025-03-19 14:55:35Z INFO ProcessInvokerWrapper] Updated oom_score_adj to 500 for PID: 2102964.
[2025-03-19 14:55:35Z INFO ProcessInvokerWrapper] Process started with process id 2102964, waiting for process exit.
[2025-03-19 14:55:35Z INFO JobServerQueue] Try to upload 1 log files or attachments, success rate: 1/1.
[2025-03-19 14:55:35Z INFO JobServerQueue] Try to append 1 batches web console lines for record '452fd052-38df-4d26-8931-ed7140817967', success rate: 1/1.
[2025-03-19 14:55:35Z INFO JobServerQueue] Got a step log file to send to results service.
[2025-03-19 14:55:35Z INFO JobServerQueue] Starting upload of step log file to results service ResultsLog, /home/jenny/tensorflow-mri/_diag/blocks/352e62ab-c249-47f2-bad9-fb15096f3ea3_4ece0f53-62a0-43dd-8f11-e908b731f6c9.1
[2025-03-19 14:55:36Z INFO JobServerQueue] Tried to upload 1 file(s) to results, success rate: 1/1.
[2025-03-19 14:55:36Z INFO JobServerQueue] Try to append 1 batches web console lines for record '452fd052-38df-4d26-8931-ed7140817967', success rate: 1/1.
[2025-03-19 14:55:37Z INFO JobServerQueue] Try to append 1 batches web console lines for record '452fd052-38df-4d26-8931-ed7140817967', success rate: 1/1.
[2025-03-19 14:55:38Z INFO HostContext] Well known directory 'Bin': '/home/jenny/tensorflow-mri/bin'
[2025-03-19 14:55:38Z INFO HostContext] Well known directory 'Root': '/home/jenny/tensorflow-mri'
[2025-03-19 14:55:38Z INFO HostContext] Well known directory 'Work': '/home/jenny/tensorflow-mri/_work'
[2025-03-19 14:55:39Z INFO JobServerQueue] Try to append 1 batches web console lines for record '452fd052-38df-4d26-8931-ed7140817967', success rate: 1/1.
[2025-03-19 14:55:45Z INFO JobServerQueue] Try to append 2 batches web console lines for record '452fd052-38df-4d26-8931-ed7140817967', success rate: 2/2.
[2025-03-19 14:55:45Z INFO ProcessInvokerWrapper] STDOUT/STDERR stream read finished.
[2025-03-19 14:55:45Z INFO ProcessInvokerWrapper] STDOUT/STDERR stream read finished.
[2025-03-19 14:55:45Z INFO ProcessInvokerWrapper] Finished process 2102964 with exit code 0, and elapsed time 00:00:09.9373856.
[2025-03-19 14:55:45Z INFO CreateStepSummaryCommand] Step Summary file (/home/jenny/tensorflow-mri/_work/_temp/_runner_file_commands/step_summary_9bf9c5b8-2a88-4861-80e2-a483cf7260b3) is empty; skipping attachment upload
[2025-03-19 14:55:45Z INFO StepsRunner] Step result: 
[2025-03-19 14:55:45Z INFO ExecutionContext] Publish step telemetry for current step {
  "action": "sh",
  "type": "run",
  "stage": "Main",
  "stepId": "452fd052-38df-4d26-8931-ed7140817967",
  "stepContextName": "__run_2",
  "result": "succeeded",
  "errorMessages": [],
  "executionTimeInSeconds": 10,
  "startTime": "2025-03-19T14:55:35.5534096Z",
  "finishTime": "2025-03-19T14:55:45.4947678Z"
}.
[2025-03-19 14:55:45Z INFO StepsRunner] No need for updating job result with current step result 'Succeeded'.
[2025-03-19 14:55:45Z INFO StepsRunner] Current state: job state = ''
[2025-03-19 14:55:45Z INFO StepsRunner] Processing step: DisplayName='Install required packages'
[2025-03-19 14:55:45Z INFO StepsRunner] Evaluating: success()
[2025-03-19 14:55:45Z INFO StepsRunner] Result: true
[2025-03-19 14:55:45Z INFO StepsRunner] Starting the step.
[2025-03-19 14:55:45Z INFO HostContext] Well known directory 'Bin': '/home/jenny/tensorflow-mri/bin'
[2025-03-19 14:55:45Z INFO HostContext] Well known directory 'Root': '/home/jenny/tensorflow-mri'
[2025-03-19 14:55:45Z INFO HostContext] Well known directory 'Work': '/home/jenny/tensorflow-mri/_work'
[2025-03-19 14:55:45Z INFO HostContext] Well known directory 'Temp': '/home/jenny/tensorflow-mri/_work/_temp'
[2025-03-19 14:55:45Z INFO ExecutionContext] Write event payload to /home/jenny/tensorflow-mri/_work/_temp/_github_workflow/event.json
[2025-03-19 14:55:45Z INFO HostContext] Well known directory 'Bin': '/home/jenny/tensorflow-mri/bin'
[2025-03-19 14:55:45Z INFO HostContext] Well known directory 'Root': '/home/jenny/tensorflow-mri'
[2025-03-19 14:55:45Z INFO HostContext] Well known directory 'Work': '/home/jenny/tensorflow-mri/_work'
[2025-03-19 14:55:45Z INFO HostContext] Well known directory 'Temp': '/home/jenny/tensorflow-mri/_work/_temp'
[2025-03-19 14:55:45Z INFO ExtensionManager] Getting extensions for interface: 'GitHub.Runner.Worker.IFileCommandExtension'
[2025-03-19 14:55:45Z INFO ExtensionManager] Getting extensions for interface: 'GitHub.Runner.Worker.IActionCommandExtension'
[2025-03-19 14:55:45Z INFO ActionCommandManager] Register action command extension for command internal-set-repo-path
[2025-03-19 14:55:45Z INFO ActionCommandManager] Register action command extension for command set-env
[2025-03-19 14:55:45Z INFO ActionCommandManager] Register action command extension for command set-output
[2025-03-19 14:55:45Z INFO ActionCommandManager] Register action command extension for command save-state
[2025-03-19 14:55:45Z INFO ActionCommandManager] Register action command extension for command add-path
[2025-03-19 14:55:45Z INFO ActionCommandManager] Register action command extension for command add-mask
[2025-03-19 14:55:45Z INFO ActionCommandManager] Register action command extension for command add-matcher
[2025-03-19 14:55:45Z INFO ActionCommandManager] Register action command extension for command remove-matcher
[2025-03-19 14:55:45Z INFO ActionCommandManager] Register action command extension for command warning
[2025-03-19 14:55:45Z INFO ActionCommandManager] Register action command extension for command error
[2025-03-19 14:55:45Z INFO ActionCommandManager] Register action command extension for command notice
[2025-03-19 14:55:45Z INFO ActionCommandManager] Register action command extension for command debug
[2025-03-19 14:55:45Z INFO ActionCommandManager] Register action command extension for command group
[2025-03-19 14:55:45Z INFO ActionCommandManager] Register action command extension for command endgroup
[2025-03-19 14:55:45Z INFO ActionCommandManager] Register action command extension for command echo
[2025-03-19 14:55:45Z INFO HostContext] Well known directory 'Bin': '/home/jenny/tensorflow-mri/bin'
[2025-03-19 14:55:45Z INFO HostContext] Well known directory 'Root': '/home/jenny/tensorflow-mri'
[2025-03-19 14:55:45Z INFO HostContext] Well known directory 'Work': '/home/jenny/tensorflow-mri/_work'
[2025-03-19 14:55:45Z INFO HostContext] Well known directory 'Temp': '/home/jenny/tensorflow-mri/_work/_temp'
[2025-03-19 14:55:45Z INFO ScriptHandler] Which2: 'bash'
[2025-03-19 14:55:45Z INFO ScriptHandler] Location: '/usr/bin/bash'
[2025-03-19 14:55:45Z INFO HostContext] Well known directory 'Bin': '/home/jenny/tensorflow-mri/bin'
[2025-03-19 14:55:45Z INFO HostContext] Well known directory 'Root': '/home/jenny/tensorflow-mri'
[2025-03-19 14:55:45Z INFO HostContext] Well known directory 'Work': '/home/jenny/tensorflow-mri/_work'
[2025-03-19 14:55:45Z INFO ProcessInvokerWrapper] Starting process:
[2025-03-19 14:55:45Z INFO ProcessInvokerWrapper]   File name: '/usr/bin/docker'
[2025-03-19 14:55:45Z INFO ProcessInvokerWrapper]   Arguments: 'exec -i --workdir /__w/tensorflow-mri/tensorflow-mri -e "PYTHON" -e "GITHUB_JOB" -e "GITHUB_REF" -e "GITHUB_SHA" -e "GITHUB_REPOSITORY" -e "GITHUB_REPOSITORY_OWNER" -e "GITHUB_REPOSITORY_OWNER_ID" -e "GITHUB_RUN_ID" -e "GITHUB_RUN_NUMBER" -e "GITHUB_RETENTION_DAYS" -e "GITHUB_RUN_ATTEMPT" -e "GITHUB_ACTOR_ID" -e "GITHUB_ACTOR" -e "GITHUB_WORKFLOW" -e "GITHUB_HEAD_REF" -e "GITHUB_BASE_REF" -e "GITHUB_EVENT_NAME" -e "GITHUB_SERVER_URL" -e "GITHUB_API_URL" -e "GITHUB_GRAPHQL_URL" -e "GITHUB_REF_NAME" -e "GITHUB_REF_PROTECTED" -e "GITHUB_REF_TYPE" -e "GITHUB_WORKFLOW_REF" -e "GITHUB_WORKFLOW_SHA" -e "GITHUB_REPOSITORY_ID" -e "GITHUB_TRIGGERING_ACTOR" -e "GITHUB_WORKSPACE" -e "GITHUB_ACTION" -e "GITHUB_EVENT_PATH" -e "GITHUB_ACTION_REPOSITORY" -e "GITHUB_ACTION_REF" -e "GITHUB_PATH" -e "GITHUB_ENV" -e "GITHUB_STEP_SUMMARY" -e "GITHUB_STATE" -e "GITHUB_OUTPUT" -e "RUNNER_OS" -e "RUNNER_ARCH" -e "RUNNER_NAME" -e "RUNNER_ENVIRONMENT" -e "RUNNER_TOOL_CACHE" -e "RUNNER_TEMP" -e "RUNNER_WORKSPACE" 98709747defd71f590e88976ccf2d4f2d9f37be0533238a9a2a3ab2449ec80c0 sh -e /__w/_temp/9dc87e05-94a3-4eb8-a7e8-0ea438fea539.sh'
[2025-03-19 14:55:45Z INFO ProcessInvokerWrapper]   Working directory: '/home/jenny/tensorflow-mri/_work'
[2025-03-19 14:55:45Z INFO ProcessInvokerWrapper]   Require exit code zero: 'False'
[2025-03-19 14:55:45Z INFO ProcessInvokerWrapper]   Encoding web name:  ; code page: ''
[2025-03-19 14:55:45Z INFO ProcessInvokerWrapper]   Force kill process on cancellation: 'False'
[2025-03-19 14:55:45Z INFO ProcessInvokerWrapper]   Redirected STDIN: 'False'
[2025-03-19 14:55:45Z INFO ProcessInvokerWrapper]   Persist current code page: 'False'
[2025-03-19 14:55:45Z INFO ProcessInvokerWrapper]   Keep redirected STDIN open: 'False'
[2025-03-19 14:55:45Z INFO ProcessInvokerWrapper]   High priority process: 'False'
[2025-03-19 14:55:45Z INFO ProcessInvokerWrapper] Updated oom_score_adj to 500 for PID: 2103174.
[2025-03-19 14:55:45Z INFO ProcessInvokerWrapper] Process started with process id 2103174, waiting for process exit.
[2025-03-19 14:55:45Z INFO JobServerQueue] Try to upload 1 log files or attachments, success rate: 1/1.
[2025-03-19 14:55:45Z INFO JobServerQueue] Try to append 1 batches web console lines for record '452fd052-38df-4d26-8931-ed7140817967', success rate: 1/1.
[2025-03-19 14:55:45Z INFO JobServerQueue] Try to append 1 batches web console lines for record '5a108bf3-d907-4372-a675-e55c9e151983', success rate: 1/1.
[2025-03-19 14:55:46Z INFO JobServerQueue] Got a step log file to send to results service.
[2025-03-19 14:55:46Z INFO JobServerQueue] Starting upload of step log file to results service ResultsLog, /home/jenny/tensorflow-mri/_diag/blocks/352e62ab-c249-47f2-bad9-fb15096f3ea3_452fd052-38df-4d26-8931-ed7140817967.1
[2025-03-19 14:55:46Z INFO JobServerQueue] Try to append 1 batches web console lines for record '5a108bf3-d907-4372-a675-e55c9e151983', success rate: 1/1.
[2025-03-19 14:55:46Z INFO JobServerQueue] Tried to upload 1 file(s) to results, success rate: 1/1.
[2025-03-19 14:55:47Z INFO JobServerQueue] Try to append 1 batches web console lines for record '5a108bf3-d907-4372-a675-e55c9e151983', success rate: 1/1.
[2025-03-19 14:55:47Z INFO JobServerQueue] Try to append 1 batches web console lines for record '5a108bf3-d907-4372-a675-e55c9e151983', success rate: 1/1.
[2025-03-19 14:55:48Z INFO HostContext] Well known directory 'Bin': '/home/jenny/tensorflow-mri/bin'
[2025-03-19 14:55:48Z INFO HostContext] Well known directory 'Root': '/home/jenny/tensorflow-mri'
[2025-03-19 14:55:48Z INFO HostContext] Well known directory 'Work': '/home/jenny/tensorflow-mri/_work'
[2025-03-19 14:55:49Z INFO JobServerQueue] Try to append 1 batches web console lines for record '5a108bf3-d907-4372-a675-e55c9e151983', success rate: 1/1.
[2025-03-19 14:55:50Z INFO JobServerQueue] Try to append 1 batches web console lines for record '5a108bf3-d907-4372-a675-e55c9e151983', success rate: 1/1.
[2025-03-19 14:55:51Z INFO JobServerQueue] Try to append 1 batches web console lines for record '5a108bf3-d907-4372-a675-e55c9e151983', success rate: 1/1.
[2025-03-19 14:55:51Z INFO JobServerQueue] Try to append 1 batches web console lines for record '5a108bf3-d907-4372-a675-e55c9e151983', success rate: 1/1.
[2025-03-19 14:55:53Z INFO JobServerQueue] Try to append 1 batches web console lines for record '5a108bf3-d907-4372-a675-e55c9e151983', success rate: 1/1.
[2025-03-19 14:55:54Z INFO JobServerQueue] Try to append 1 batches web console lines for record '5a108bf3-d907-4372-a675-e55c9e151983', success rate: 1/1.
[2025-03-19 14:55:55Z INFO JobServerQueue] Try to append 1 batches web console lines for record '5a108bf3-d907-4372-a675-e55c9e151983', success rate: 1/1.
[2025-03-19 14:55:55Z INFO JobServerQueue] Try to append 1 batches web console lines for record '5a108bf3-d907-4372-a675-e55c9e151983', success rate: 1/1.
[2025-03-19 14:55:56Z INFO JobServerQueue] Try to append 1 batches web console lines for record '5a108bf3-d907-4372-a675-e55c9e151983', success rate: 1/1.
[2025-03-19 14:55:56Z INFO JobServerQueue] Try to append 1 batches web console lines for record '5a108bf3-d907-4372-a675-e55c9e151983', success rate: 1/1.
[2025-03-19 14:55:57Z INFO JobServerQueue] Try to append 1 batches web console lines for record '5a108bf3-d907-4372-a675-e55c9e151983', success rate: 1/1.
[2025-03-19 14:55:57Z INFO JobServerQueue] Try to append 1 batches web console lines for record '5a108bf3-d907-4372-a675-e55c9e151983', success rate: 1/1.
[2025-03-19 14:55:58Z INFO JobServerQueue] Try to append 1 batches web console lines for record '5a108bf3-d907-4372-a675-e55c9e151983', success rate: 1/1.
[2025-03-19 14:55:58Z INFO JobServerQueue] Try to append 1 batches web console lines for record '5a108bf3-d907-4372-a675-e55c9e151983', success rate: 1/1.
[2025-03-19 14:55:58Z INFO HostContext] Well known directory 'Bin': '/home/jenny/tensorflow-mri/bin'
[2025-03-19 14:55:58Z INFO HostContext] Well known directory 'Root': '/home/jenny/tensorflow-mri'
[2025-03-19 14:55:58Z INFO HostContext] Well known directory 'Work': '/home/jenny/tensorflow-mri/_work'
[2025-03-19 14:55:59Z INFO JobServerQueue] Try to append 1 batches web console lines for record '5a108bf3-d907-4372-a675-e55c9e151983', success rate: 1/1.
[2025-03-19 14:55:59Z INFO JobServerQueue] Try to append 1 batches web console lines for record '5a108bf3-d907-4372-a675-e55c9e151983', success rate: 1/1.
[2025-03-19 14:56:00Z INFO JobServerQueue] Try to append 1 batches web console lines for record '5a108bf3-d907-4372-a675-e55c9e151983', success rate: 1/1.
[2025-03-19 14:56:00Z INFO JobServerQueue] Try to append 1 batches web console lines for record '5a108bf3-d907-4372-a675-e55c9e151983', success rate: 1/1.
[2025-03-19 14:56:01Z INFO JobServerQueue] Try to append 1 batches web console lines for record '5a108bf3-d907-4372-a675-e55c9e151983', success rate: 1/1.
[2025-03-19 14:56:01Z INFO JobServerQueue] Try to append 1 batches web console lines for record '5a108bf3-d907-4372-a675-e55c9e151983', success rate: 1/1.
[2025-03-19 14:56:02Z INFO JobServerQueue] Try to append 1 batches web console lines for record '5a108bf3-d907-4372-a675-e55c9e151983', success rate: 1/1.
[2025-03-19 14:56:02Z INFO JobServerQueue] Try to append 1 batches web console lines for record '5a108bf3-d907-4372-a675-e55c9e151983', success rate: 1/1.
[2025-03-19 14:56:03Z INFO JobServerQueue] Try to append 1 batches web console lines for record '5a108bf3-d907-4372-a675-e55c9e151983', success rate: 1/1.
[2025-03-19 14:56:03Z INFO JobServerQueue] Try to append 1 batches web console lines for record '5a108bf3-d907-4372-a675-e55c9e151983', success rate: 1/1.
[2025-03-19 14:56:04Z INFO JobServerQueue] Try to append 1 batches web console lines for record '5a108bf3-d907-4372-a675-e55c9e151983', success rate: 1/1.
[2025-03-19 14:56:04Z INFO JobServerQueue] Try to append 1 batches web console lines for record '5a108bf3-d907-4372-a675-e55c9e151983', success rate: 1/1.
[2025-03-19 14:56:05Z INFO JobServerQueue] Try to append 1 batches web console lines for record '5a108bf3-d907-4372-a675-e55c9e151983', success rate: 1/1.
[2025-03-19 14:56:05Z INFO JobServerQueue] Try to append 1 batches web console lines for record '5a108bf3-d907-4372-a675-e55c9e151983', success rate: 1/1.
[2025-03-19 14:56:06Z INFO JobServerQueue] Try to append 1 batches web console lines for record '5a108bf3-d907-4372-a675-e55c9e151983', success rate: 1/1.
[2025-03-19 14:56:06Z INFO JobServerQueue] Try to append 1 batches web console lines for record '5a108bf3-d907-4372-a675-e55c9e151983', success rate: 1/1.
[2025-03-19 14:56:07Z INFO JobServerQueue] Try to append 1 batches web console lines for record '5a108bf3-d907-4372-a675-e55c9e151983', success rate: 1/1.
[2025-03-19 14:56:07Z INFO JobServerQueue] Try to append 1 batches web console lines for record '5a108bf3-d907-4372-a675-e55c9e151983', success rate: 1/1.
[2025-03-19 14:56:08Z INFO JobServerQueue] Try to append 1 batches web console lines for record '5a108bf3-d907-4372-a675-e55c9e151983', success rate: 1/1.
[2025-03-19 14:56:08Z INFO HostContext] Well known directory 'Bin': '/home/jenny/tensorflow-mri/bin'
[2025-03-19 14:56:08Z INFO HostContext] Well known directory 'Root': '/home/jenny/tensorflow-mri'
[2025-03-19 14:56:08Z INFO HostContext] Well known directory 'Work': '/home/jenny/tensorflow-mri/_work'
[2025-03-19 14:56:09Z INFO JobServerQueue] Try to append 1 batches web console lines for record '5a108bf3-d907-4372-a675-e55c9e151983', success rate: 1/1.
[2025-03-19 14:56:09Z INFO JobServerQueue] Try to append 1 batches web console lines for record '5a108bf3-d907-4372-a675-e55c9e151983', success rate: 1/1.
[2025-03-19 14:56:10Z INFO JobServerQueue] Try to append 1 batches web console lines for record '5a108bf3-d907-4372-a675-e55c9e151983', success rate: 1/1.
[2025-03-19 14:56:10Z INFO JobServerQueue] Try to append 1 batches web console lines for record '5a108bf3-d907-4372-a675-e55c9e151983', success rate: 1/1.
[2025-03-19 14:56:11Z INFO JobServerQueue] Try to append 1 batches web console lines for record '5a108bf3-d907-4372-a675-e55c9e151983', success rate: 1/1.
[2025-03-19 14:56:12Z INFO JobServerQueue] Try to append 1 batches web console lines for record '5a108bf3-d907-4372-a675-e55c9e151983', success rate: 1/1.
[2025-03-19 14:56:12Z INFO JobServerQueue] Try to append 1 batches web console lines for record '5a108bf3-d907-4372-a675-e55c9e151983', success rate: 1/1.
[2025-03-19 14:56:13Z INFO JobServerQueue] Try to append 1 batches web console lines for record '5a108bf3-d907-4372-a675-e55c9e151983', success rate: 1/1.
[2025-03-19 14:56:18Z INFO HostContext] Well known directory 'Bin': '/home/jenny/tensorflow-mri/bin'
[2025-03-19 14:56:18Z INFO HostContext] Well known directory 'Root': '/home/jenny/tensorflow-mri'
[2025-03-19 14:56:18Z INFO HostContext] Well known directory 'Work': '/home/jenny/tensorflow-mri/_work'
[2025-03-19 14:56:28Z INFO HostContext] Well known directory 'Bin': '/home/jenny/tensorflow-mri/bin'
[2025-03-19 14:56:28Z INFO HostContext] Well known directory 'Root': '/home/jenny/tensorflow-mri'
[2025-03-19 14:56:28Z INFO HostContext] Well known directory 'Work': '/home/jenny/tensorflow-mri/_work'
[2025-03-19 14:56:29Z INFO JobServerQueue] Try to append 1 batches web console lines for record '5a108bf3-d907-4372-a675-e55c9e151983', success rate: 1/1.
[2025-03-19 14:56:29Z INFO ProcessInvokerWrapper] STDOUT/STDERR stream read finished.
[2025-03-19 14:56:29Z INFO ProcessInvokerWrapper] STDOUT/STDERR stream read finished.
[2025-03-19 14:56:29Z INFO ProcessInvokerWrapper] Finished process 2103174 with exit code 0, and elapsed time 00:00:44.4328412.
[2025-03-19 14:56:29Z INFO CreateStepSummaryCommand] Step Summary file (/home/jenny/tensorflow-mri/_work/_temp/_runner_file_commands/step_summary_f495d1eb-c0f2-4ce9-aa1c-8affcba16dad) is empty; skipping attachment upload
[2025-03-19 14:56:29Z INFO StepsRunner] Step result: 
[2025-03-19 14:56:29Z INFO ExecutionContext] Publish step telemetry for current step {
  "action": "sh",
  "type": "run",
  "stage": "Main",
  "stepId": "5a108bf3-d907-4372-a675-e55c9e151983",
  "stepContextName": "__run_3",
  "result": "succeeded",
  "errorMessages": [],
  "executionTimeInSeconds": 45,
  "startTime": "2025-03-19T14:55:45.4953229Z",
  "finishTime": "2025-03-19T14:56:29.9320764Z"
}.
[2025-03-19 14:56:29Z INFO StepsRunner] No need for updating job result with current step result 'Succeeded'.
[2025-03-19 14:56:29Z INFO StepsRunner] Current state: job state = ''
[2025-03-19 14:56:29Z INFO StepsRunner] Processing step: DisplayName='Run test suite'
[2025-03-19 14:56:29Z INFO StepsRunner] Evaluating: success()
[2025-03-19 14:56:29Z INFO StepsRunner] Result: true
[2025-03-19 14:56:29Z INFO StepsRunner] Starting the step.
[2025-03-19 14:56:29Z INFO HostContext] Well known directory 'Bin': '/home/jenny/tensorflow-mri/bin'
[2025-03-19 14:56:29Z INFO HostContext] Well known directory 'Root': '/home/jenny/tensorflow-mri'
[2025-03-19 14:56:29Z INFO HostContext] Well known directory 'Work': '/home/jenny/tensorflow-mri/_work'
[2025-03-19 14:56:29Z INFO HostContext] Well known directory 'Temp': '/home/jenny/tensorflow-mri/_work/_temp'
[2025-03-19 14:56:29Z INFO ExecutionContext] Write event payload to /home/jenny/tensorflow-mri/_work/_temp/_github_workflow/event.json
[2025-03-19 14:56:29Z INFO HostContext] Well known directory 'Bin': '/home/jenny/tensorflow-mri/bin'
[2025-03-19 14:56:29Z INFO HostContext] Well known directory 'Root': '/home/jenny/tensorflow-mri'
[2025-03-19 14:56:29Z INFO HostContext] Well known directory 'Work': '/home/jenny/tensorflow-mri/_work'
[2025-03-19 14:56:29Z INFO HostContext] Well known directory 'Temp': '/home/jenny/tensorflow-mri/_work/_temp'
[2025-03-19 14:56:29Z INFO ExtensionManager] Getting extensions for interface: 'GitHub.Runner.Worker.IFileCommandExtension'
[2025-03-19 14:56:29Z INFO ExtensionManager] Getting extensions for interface: 'GitHub.Runner.Worker.IActionCommandExtension'
[2025-03-19 14:56:29Z INFO ActionCommandManager] Register action command extension for command internal-set-repo-path
[2025-03-19 14:56:29Z INFO ActionCommandManager] Register action command extension for command set-env
[2025-03-19 14:56:29Z INFO ActionCommandManager] Register action command extension for command set-output
[2025-03-19 14:56:29Z INFO ActionCommandManager] Register action command extension for command save-state
[2025-03-19 14:56:29Z INFO ActionCommandManager] Register action command extension for command add-path
[2025-03-19 14:56:29Z INFO ActionCommandManager] Register action command extension for command add-mask
[2025-03-19 14:56:29Z INFO ActionCommandManager] Register action command extension for command add-matcher
[2025-03-19 14:56:29Z INFO ActionCommandManager] Register action command extension for command remove-matcher
[2025-03-19 14:56:29Z INFO ActionCommandManager] Register action command extension for command warning
[2025-03-19 14:56:29Z INFO ActionCommandManager] Register action command extension for command error
[2025-03-19 14:56:29Z INFO ActionCommandManager] Register action command extension for command notice
[2025-03-19 14:56:29Z INFO ActionCommandManager] Register action command extension for command debug
[2025-03-19 14:56:29Z INFO ActionCommandManager] Register action command extension for command group
[2025-03-19 14:56:29Z INFO ActionCommandManager] Register action command extension for command endgroup
[2025-03-19 14:56:29Z INFO ActionCommandManager] Register action command extension for command echo
[2025-03-19 14:56:29Z INFO HostContext] Well known directory 'Bin': '/home/jenny/tensorflow-mri/bin'
[2025-03-19 14:56:29Z INFO HostContext] Well known directory 'Root': '/home/jenny/tensorflow-mri'
[2025-03-19 14:56:29Z INFO HostContext] Well known directory 'Work': '/home/jenny/tensorflow-mri/_work'
[2025-03-19 14:56:29Z INFO HostContext] Well known directory 'Temp': '/home/jenny/tensorflow-mri/_work/_temp'
[2025-03-19 14:56:29Z INFO ScriptHandler] Which2: 'bash'
[2025-03-19 14:56:29Z INFO ScriptHandler] Location: '/usr/bin/bash'
[2025-03-19 14:56:29Z INFO HostContext] Well known directory 'Bin': '/home/jenny/tensorflow-mri/bin'
[2025-03-19 14:56:29Z INFO HostContext] Well known directory 'Root': '/home/jenny/tensorflow-mri'
[2025-03-19 14:56:29Z INFO HostContext] Well known directory 'Work': '/home/jenny/tensorflow-mri/_work'
[2025-03-19 14:56:29Z INFO ProcessInvokerWrapper] Starting process:
[2025-03-19 14:56:29Z INFO ProcessInvokerWrapper]   File name: '/usr/bin/docker'
[2025-03-19 14:56:29Z INFO ProcessInvokerWrapper]   Arguments: 'exec -i --workdir /__w/tensorflow-mri/tensorflow-mri -e "PYTHON" -e "GITHUB_JOB" -e "GITHUB_REF" -e "GITHUB_SHA" -e "GITHUB_REPOSITORY" -e "GITHUB_REPOSITORY_OWNER" -e "GITHUB_REPOSITORY_OWNER_ID" -e "GITHUB_RUN_ID" -e "GITHUB_RUN_NUMBER" -e "GITHUB_RETENTION_DAYS" -e "GITHUB_RUN_ATTEMPT" -e "GITHUB_ACTOR_ID" -e "GITHUB_ACTOR" -e "GITHUB_WORKFLOW" -e "GITHUB_HEAD_REF" -e "GITHUB_BASE_REF" -e "GITHUB_EVENT_NAME" -e "GITHUB_SERVER_URL" -e "GITHUB_API_URL" -e "GITHUB_GRAPHQL_URL" -e "GITHUB_REF_NAME" -e "GITHUB_REF_PROTECTED" -e "GITHUB_REF_TYPE" -e "GITHUB_WORKFLOW_REF" -e "GITHUB_WORKFLOW_SHA" -e "GITHUB_REPOSITORY_ID" -e "GITHUB_TRIGGERING_ACTOR" -e "GITHUB_WORKSPACE" -e "GITHUB_ACTION" -e "GITHUB_EVENT_PATH" -e "GITHUB_ACTION_REPOSITORY" -e "GITHUB_ACTION_REF" -e "GITHUB_PATH" -e "GITHUB_ENV" -e "GITHUB_STEP_SUMMARY" -e "GITHUB_STATE" -e "GITHUB_OUTPUT" -e "RUNNER_OS" -e "RUNNER_ARCH" -e "RUNNER_NAME" -e "RUNNER_ENVIRONMENT" -e "RUNNER_TOOL_CACHE" -e "RUNNER_TEMP" -e "RUNNER_WORKSPACE" 98709747defd71f590e88976ccf2d4f2d9f37be0533238a9a2a3ab2449ec80c0 sh -e /__w/_temp/7622108d-80e3-4edc-a5ab-7ac7c73b6e68.sh'
[2025-03-19 14:56:29Z INFO ProcessInvokerWrapper]   Working directory: '/home/jenny/tensorflow-mri/_work'
[2025-03-19 14:56:29Z INFO ProcessInvokerWrapper]   Require exit code zero: 'False'
[2025-03-19 14:56:29Z INFO ProcessInvokerWrapper]   Encoding web name:  ; code page: ''
[2025-03-19 14:56:29Z INFO ProcessInvokerWrapper]   Force kill process on cancellation: 'False'
[2025-03-19 14:56:29Z INFO ProcessInvokerWrapper]   Redirected STDIN: 'False'
[2025-03-19 14:56:29Z INFO ProcessInvokerWrapper]   Persist current code page: 'False'
[2025-03-19 14:56:29Z INFO ProcessInvokerWrapper]   Keep redirected STDIN open: 'False'
[2025-03-19 14:56:29Z INFO ProcessInvokerWrapper]   High priority process: 'False'
[2025-03-19 14:56:29Z INFO ProcessInvokerWrapper] Updated oom_score_adj to 500 for PID: 2103569.
[2025-03-19 14:56:29Z INFO ProcessInvokerWrapper] Process started with process id 2103569, waiting for process exit.
[2025-03-19 14:56:30Z INFO JobServerQueue] Try to append 1 batches web console lines for record 'f355e6cf-a639-4a09-926b-218b0d80cbc0', success rate: 1/1.
[2025-03-19 14:56:30Z INFO JobServerQueue] Got a step log file to send to results service.
[2025-03-19 14:56:30Z INFO JobServerQueue] Starting upload of step log file to results service ResultsLog, /home/jenny/tensorflow-mri/_diag/blocks/352e62ab-c249-47f2-bad9-fb15096f3ea3_5a108bf3-d907-4372-a675-e55c9e151983.1
[2025-03-19 14:56:30Z INFO JobServerQueue] Try to upload 1 log files or attachments, success rate: 1/1.
[2025-03-19 14:56:31Z INFO JobServerQueue] Tried to upload 1 file(s) to results, success rate: 1/1.
[2025-03-19 14:56:32Z INFO JobServerQueue] Try to append 1 batches web console lines for record 'f355e6cf-a639-4a09-926b-218b0d80cbc0', success rate: 1/1.
[2025-03-19 14:56:33Z INFO JobServerQueue] Try to append 1 batches web console lines for record 'f355e6cf-a639-4a09-926b-218b0d80cbc0', success rate: 1/1.
[2025-03-19 14:56:34Z INFO JobServerQueue] Try to append 1 batches web console lines for record 'f355e6cf-a639-4a09-926b-218b0d80cbc0', success rate: 1/1.
[2025-03-19 14:56:38Z INFO HostContext] Well known directory 'Bin': '/home/jenny/tensorflow-mri/bin'
[2025-03-19 14:56:38Z INFO HostContext] Well known directory 'Root': '/home/jenny/tensorflow-mri'
[2025-03-19 14:56:38Z INFO HostContext] Well known directory 'Work': '/home/jenny/tensorflow-mri/_work'
[2025-03-19 14:56:42Z INFO JobServerQueue] Try to append 1 batches web console lines for record 'f355e6cf-a639-4a09-926b-218b0d80cbc0', success rate: 1/1.
[2025-03-19 14:56:42Z INFO JobServerQueue] Try to append 1 batches web console lines for record 'f355e6cf-a639-4a09-926b-218b0d80cbc0', success rate: 1/1.
[2025-03-19 14:56:43Z INFO JobServerQueue] Try to append 1 batches web console lines for record 'f355e6cf-a639-4a09-926b-218b0d80cbc0', success rate: 1/1.
[2025-03-19 14:56:43Z INFO JobServerQueue] Try to append 1 batches web console lines for record 'f355e6cf-a639-4a09-926b-218b0d80cbc0', success rate: 1/1.
[2025-03-19 14:56:44Z INFO JobServerQueue] Try to append 1 batches web console lines for record 'f355e6cf-a639-4a09-926b-218b0d80cbc0', success rate: 1/1.
[2025-03-19 14:56:44Z INFO JobServerQueue] Try to append 1 batches web console lines for record 'f355e6cf-a639-4a09-926b-218b0d80cbc0', success rate: 1/1.
[2025-03-19 14:56:45Z INFO JobServerQueue] Try to append 1 batches web console lines for record 'f355e6cf-a639-4a09-926b-218b0d80cbc0', success rate: 1/1.
[2025-03-19 14:56:45Z INFO JobServerQueue] Try to append 1 batches web console lines for record 'f355e6cf-a639-4a09-926b-218b0d80cbc0', success rate: 1/1.
[2025-03-19 14:56:46Z INFO JobServerQueue] Try to append 1 batches web console lines for record 'f355e6cf-a639-4a09-926b-218b0d80cbc0', success rate: 1/1.
[2025-03-19 14:56:46Z INFO JobServerQueue] Try to append 1 batches web console lines for record 'f355e6cf-a639-4a09-926b-218b0d80cbc0', success rate: 1/1.
[2025-03-19 14:56:47Z INFO JobServerQueue] Try to append 1 batches web console lines for record 'f355e6cf-a639-4a09-926b-218b0d80cbc0', success rate: 1/1.
[2025-03-19 14:56:47Z INFO JobServerQueue] Try to append 1 batches web console lines for record 'f355e6cf-a639-4a09-926b-218b0d80cbc0', success rate: 1/1.
[2025-03-19 14:56:48Z INFO JobServerQueue] Try to append 1 batches web console lines for record 'f355e6cf-a639-4a09-926b-218b0d80cbc0', success rate: 1/1.
[2025-03-19 14:56:48Z INFO JobServerQueue] Try to append 1 batches web console lines for record 'f355e6cf-a639-4a09-926b-218b0d80cbc0', success rate: 1/1.
[2025-03-19 14:56:48Z INFO HostContext] Well known directory 'Bin': '/home/jenny/tensorflow-mri/bin'
[2025-03-19 14:56:48Z INFO HostContext] Well known directory 'Root': '/home/jenny/tensorflow-mri'
[2025-03-19 14:56:48Z INFO HostContext] Well known directory 'Work': '/home/jenny/tensorflow-mri/_work'
[2025-03-19 14:56:49Z INFO JobServerQueue] Try to append 1 batches web console lines for record 'f355e6cf-a639-4a09-926b-218b0d80cbc0', success rate: 1/1.
[2025-03-19 14:56:49Z INFO JobServerQueue] Try to append 1 batches web console lines for record 'f355e6cf-a639-4a09-926b-218b0d80cbc0', success rate: 1/1.
[2025-03-19 14:56:50Z INFO JobServerQueue] Try to append 1 batches web console lines for record 'f355e6cf-a639-4a09-926b-218b0d80cbc0', success rate: 1/1.
[2025-03-19 14:56:50Z INFO JobServerQueue] Try to append 1 batches web console lines for record 'f355e6cf-a639-4a09-926b-218b0d80cbc0', success rate: 1/1.
[2025-03-19 14:56:51Z INFO JobServerQueue] Try to append 1 batches web console lines for record 'f355e6cf-a639-4a09-926b-218b0d80cbc0', success rate: 1/1.
[2025-03-19 14:56:51Z INFO JobServerQueue] Try to append 1 batches web console lines for record 'f355e6cf-a639-4a09-926b-218b0d80cbc0', success rate: 1/1.
[2025-03-19 14:56:52Z INFO JobServerQueue] Try to append 1 batches web console lines for record 'f355e6cf-a639-4a09-926b-218b0d80cbc0', success rate: 1/1.
[2025-03-19 14:56:52Z INFO JobServerQueue] Try to append 1 batches web console lines for record 'f355e6cf-a639-4a09-926b-218b0d80cbc0', success rate: 1/1.
[2025-03-19 14:56:53Z INFO JobServerQueue] Try to append 1 batches web console lines for record 'f355e6cf-a639-4a09-926b-218b0d80cbc0', success rate: 1/1.
[2025-03-19 14:56:53Z INFO JobServerQueue] Try to append 1 batches web console lines for record 'f355e6cf-a639-4a09-926b-218b0d80cbc0', success rate: 1/1.
[2025-03-19 14:56:54Z INFO JobServerQueue] Try to append 1 batches web console lines for record 'f355e6cf-a639-4a09-926b-218b0d80cbc0', success rate: 1/1.
[2025-03-19 14:56:54Z INFO JobServerQueue] Try to append 1 batches web console lines for record 'f355e6cf-a639-4a09-926b-218b0d80cbc0', success rate: 1/1.
[2025-03-19 14:56:55Z INFO JobServerQueue] Try to append 1 batches web console lines for record 'f355e6cf-a639-4a09-926b-218b0d80cbc0', success rate: 1/1.
[2025-03-19 14:56:55Z INFO JobServerQueue] Try to append 1 batches web console lines for record 'f355e6cf-a639-4a09-926b-218b0d80cbc0', success rate: 1/1.
[2025-03-19 14:56:56Z INFO JobServerQueue] Try to append 1 batches web console lines for record 'f355e6cf-a639-4a09-926b-218b0d80cbc0', success rate: 1/1.
[2025-03-19 14:56:56Z INFO JobServerQueue] Try to append 1 batches web console lines for record 'f355e6cf-a639-4a09-926b-218b0d80cbc0', success rate: 1/1.
[2025-03-19 14:56:57Z INFO JobServerQueue] Try to append 1 batches web console lines for record 'f355e6cf-a639-4a09-926b-218b0d80cbc0', success rate: 1/1.
[2025-03-19 14:56:57Z INFO JobServerQueue] Try to append 1 batches web console lines for record 'f355e6cf-a639-4a09-926b-218b0d80cbc0', success rate: 1/1.
[2025-03-19 14:56:58Z INFO JobServerQueue] Try to append 1 batches web console lines for record 'f355e6cf-a639-4a09-926b-218b0d80cbc0', success rate: 1/1.
[2025-03-19 14:56:58Z INFO JobServerQueue] Try to append 1 batches web console lines for record 'f355e6cf-a639-4a09-926b-218b0d80cbc0', success rate: 1/1.
[2025-03-19 14:56:58Z INFO HostContext] Well known directory 'Bin': '/home/jenny/tensorflow-mri/bin'
[2025-03-19 14:56:58Z INFO HostContext] Well known directory 'Root': '/home/jenny/tensorflow-mri'
[2025-03-19 14:56:58Z INFO HostContext] Well known directory 'Work': '/home/jenny/tensorflow-mri/_work'
[2025-03-19 14:56:59Z INFO JobServerQueue] Try to append 1 batches web console lines for record 'f355e6cf-a639-4a09-926b-218b0d80cbc0', success rate: 1/1.
[2025-03-19 14:56:59Z INFO JobServerQueue] Try to append 1 batches web console lines for record 'f355e6cf-a639-4a09-926b-218b0d80cbc0', success rate: 1/1.
[2025-03-19 14:57:00Z INFO JobServerQueue] Try to append 1 batches web console lines for record 'f355e6cf-a639-4a09-926b-218b0d80cbc0', success rate: 1/1.
[2025-03-19 14:57:00Z INFO JobServerQueue] Try to append 1 batches web console lines for record 'f355e6cf-a639-4a09-926b-218b0d80cbc0', success rate: 1/1.
[2025-03-19 14:57:01Z INFO JobServerQueue] Try to append 1 batches web console lines for record 'f355e6cf-a639-4a09-926b-218b0d80cbc0', success rate: 1/1.
[2025-03-19 14:57:01Z INFO JobServerQueue] Try to append 1 batches web console lines for record 'f355e6cf-a639-4a09-926b-218b0d80cbc0', success rate: 1/1.
[2025-03-19 14:57:02Z INFO JobServerQueue] Try to append 1 batches web console lines for record 'f355e6cf-a639-4a09-926b-218b0d80cbc0', success rate: 1/1.
[2025-03-19 14:57:02Z INFO JobServerQueue] Try to append 1 batches web console lines for record 'f355e6cf-a639-4a09-926b-218b0d80cbc0', success rate: 1/1.
[2025-03-19 14:57:03Z INFO JobServerQueue] Try to append 1 batches web console lines for record 'f355e6cf-a639-4a09-926b-218b0d80cbc0', success rate: 1/1.
[2025-03-19 14:57:03Z INFO JobServerQueue] Try to append 1 batches web console lines for record 'f355e6cf-a639-4a09-926b-218b0d80cbc0', success rate: 1/1.
[2025-03-19 14:57:04Z INFO JobServerQueue] Try to append 1 batches web console lines for record 'f355e6cf-a639-4a09-926b-218b0d80cbc0', success rate: 1/1.
[2025-03-19 14:57:04Z INFO JobServerQueue] Try to append 1 batches web console lines for record 'f355e6cf-a639-4a09-926b-218b0d80cbc0', success rate: 1/1.
[2025-03-19 14:57:05Z INFO JobServerQueue] Try to append 1 batches web console lines for record 'f355e6cf-a639-4a09-926b-218b0d80cbc0', success rate: 1/1.
[2025-03-19 14:57:05Z INFO JobServerQueue] Try to append 1 batches web console lines for record 'f355e6cf-a639-4a09-926b-218b0d80cbc0', success rate: 1/1.
[2025-03-19 14:57:06Z INFO JobServerQueue] Try to append 1 batches web console lines for record 'f355e6cf-a639-4a09-926b-218b0d80cbc0', success rate: 1/1.
[2025-03-19 14:57:06Z INFO JobServerQueue] Try to append 1 batches web console lines for record 'f355e6cf-a639-4a09-926b-218b0d80cbc0', success rate: 1/1.
[2025-03-19 14:57:07Z INFO JobServerQueue] Try to append 1 batches web console lines for record 'f355e6cf-a639-4a09-926b-218b0d80cbc0', success rate: 1/1.
[2025-03-19 14:57:07Z INFO JobServerQueue] Try to append 1 batches web console lines for record 'f355e6cf-a639-4a09-926b-218b0d80cbc0', success rate: 1/1.
[2025-03-19 14:57:08Z INFO JobServerQueue] Try to append 1 batches web console lines for record 'f355e6cf-a639-4a09-926b-218b0d80cbc0', success rate: 1/1.
[2025-03-19 14:57:08Z INFO JobServerQueue] Try to append 1 batches web console lines for record 'f355e6cf-a639-4a09-926b-218b0d80cbc0', success rate: 1/1.
[2025-03-19 14:57:08Z INFO HostContext] Well known directory 'Bin': '/home/jenny/tensorflow-mri/bin'
[2025-03-19 14:57:08Z INFO HostContext] Well known directory 'Root': '/home/jenny/tensorflow-mri'
[2025-03-19 14:57:08Z INFO HostContext] Well known directory 'Work': '/home/jenny/tensorflow-mri/_work'
[2025-03-19 14:57:09Z INFO JobServerQueue] Try to append 1 batches web console lines for record 'f355e6cf-a639-4a09-926b-218b0d80cbc0', success rate: 1/1.
[2025-03-19 14:57:09Z INFO JobServerQueue] Try to append 1 batches web console lines for record 'f355e6cf-a639-4a09-926b-218b0d80cbc0', success rate: 1/1.
[2025-03-19 14:57:10Z INFO JobServerQueue] Try to append 1 batches web console lines for record 'f355e6cf-a639-4a09-926b-218b0d80cbc0', success rate: 1/1.
[2025-03-19 14:57:10Z INFO JobServerQueue] Try to append 1 batches web console lines for record 'f355e6cf-a639-4a09-926b-218b0d80cbc0', success rate: 1/1.
[2025-03-19 14:57:11Z INFO JobServerQueue] Try to append 1 batches web console lines for record 'f355e6cf-a639-4a09-926b-218b0d80cbc0', success rate: 1/1.
[2025-03-19 14:57:11Z INFO JobServerQueue] Try to append 1 batches web console lines for record 'f355e6cf-a639-4a09-926b-218b0d80cbc0', success rate: 1/1.
[2025-03-19 14:57:12Z INFO JobServerQueue] Try to append 1 batches web console lines for record 'f355e6cf-a639-4a09-926b-218b0d80cbc0', success rate: 1/1.
[2025-03-19 14:57:12Z INFO JobServerQueue] Try to append 1 batches web console lines for record 'f355e6cf-a639-4a09-926b-218b0d80cbc0', success rate: 1/1.
[2025-03-19 14:57:13Z INFO JobServerQueue] Try to append 1 batches web console lines for record 'f355e6cf-a639-4a09-926b-218b0d80cbc0', success rate: 1/1.
[2025-03-19 14:57:13Z INFO JobServerQueue] Try to append 1 batches web console lines for record 'f355e6cf-a639-4a09-926b-218b0d80cbc0', success rate: 1/1.
[2025-03-19 14:57:14Z INFO JobServerQueue] Try to append 1 batches web console lines for record 'f355e6cf-a639-4a09-926b-218b0d80cbc0', success rate: 1/1.
[2025-03-19 14:57:14Z INFO JobServerQueue] Try to append 1 batches web console lines for record 'f355e6cf-a639-4a09-926b-218b0d80cbc0', success rate: 1/1.
[2025-03-19 14:57:15Z INFO JobServerQueue] Try to append 1 batches web console lines for record 'f355e6cf-a639-4a09-926b-218b0d80cbc0', success rate: 1/1.
[2025-03-19 14:57:15Z INFO JobServerQueue] Try to append 1 batches web console lines for record 'f355e6cf-a639-4a09-926b-218b0d80cbc0', success rate: 1/1.
[2025-03-19 14:57:16Z INFO JobServerQueue] Try to append 1 batches web console lines for record 'f355e6cf-a639-4a09-926b-218b0d80cbc0', success rate: 1/1.
[2025-03-19 14:57:16Z INFO JobServerQueue] Try to append 1 batches web console lines for record 'f355e6cf-a639-4a09-926b-218b0d80cbc0', success rate: 1/1.
[2025-03-19 14:57:17Z INFO JobServerQueue] Try to append 1 batches web console lines for record 'f355e6cf-a639-4a09-926b-218b0d80cbc0', success rate: 1/1.
[2025-03-19 14:57:17Z INFO JobServerQueue] Try to append 1 batches web console lines for record 'f355e6cf-a639-4a09-926b-218b0d80cbc0', success rate: 1/1.
[2025-03-19 14:57:18Z INFO JobServerQueue] Try to append 1 batches web console lines for record 'f355e6cf-a639-4a09-926b-218b0d80cbc0', success rate: 1/1.
[2025-03-19 14:57:18Z INFO JobServerQueue] Try to append 1 batches web console lines for record 'f355e6cf-a639-4a09-926b-218b0d80cbc0', success rate: 1/1.
[2025-03-19 14:57:18Z INFO HostContext] Well known directory 'Bin': '/home/jenny/tensorflow-mri/bin'
[2025-03-19 14:57:18Z INFO HostContext] Well known directory 'Root': '/home/jenny/tensorflow-mri'
[2025-03-19 14:57:18Z INFO HostContext] Well known directory 'Work': '/home/jenny/tensorflow-mri/_work'
[2025-03-19 14:57:19Z INFO JobServerQueue] Try to append 1 batches web console lines for record 'f355e6cf-a639-4a09-926b-218b0d80cbc0', success rate: 1/1.
[2025-03-19 14:57:19Z INFO JobServerQueue] Try to append 1 batches web console lines for record 'f355e6cf-a639-4a09-926b-218b0d80cbc0', success rate: 1/1.
[2025-03-19 14:57:20Z INFO JobServerQueue] Try to append 1 batches web console lines for record 'f355e6cf-a639-4a09-926b-218b0d80cbc0', success rate: 1/1.
[2025-03-19 14:57:20Z INFO JobServerQueue] Try to append 1 batches web console lines for record 'f355e6cf-a639-4a09-926b-218b0d80cbc0', success rate: 1/1.
[2025-03-19 14:57:21Z INFO JobServerQueue] Try to append 1 batches web console lines for record 'f355e6cf-a639-4a09-926b-218b0d80cbc0', success rate: 1/1.
[2025-03-19 14:57:21Z INFO JobServerQueue] Try to append 1 batches web console lines for record 'f355e6cf-a639-4a09-926b-218b0d80cbc0', success rate: 1/1.
[2025-03-19 14:57:22Z INFO JobServerQueue] Try to append 1 batches web console lines for record 'f355e6cf-a639-4a09-926b-218b0d80cbc0', success rate: 1/1.
[2025-03-19 14:57:22Z INFO JobServerQueue] Try to append 1 batches web console lines for record 'f355e6cf-a639-4a09-926b-218b0d80cbc0', success rate: 1/1.
[2025-03-19 14:57:23Z INFO JobServerQueue] Try to append 1 batches web console lines for record 'f355e6cf-a639-4a09-926b-218b0d80cbc0', success rate: 1/1.
[2025-03-19 14:57:23Z INFO JobServerQueue] Try to append 1 batches web console lines for record 'f355e6cf-a639-4a09-926b-218b0d80cbc0', success rate: 1/1.
[2025-03-19 14:57:24Z INFO JobServerQueue] Try to append 1 batches web console lines for record 'f355e6cf-a639-4a09-926b-218b0d80cbc0', success rate: 1/1.
[2025-03-19 14:57:24Z INFO JobServerQueue] Try to append 1 batches web console lines for record 'f355e6cf-a639-4a09-926b-218b0d80cbc0', success rate: 1/1.
[2025-03-19 14:57:25Z INFO JobServerQueue] Try to append 1 batches web console lines for record 'f355e6cf-a639-4a09-926b-218b0d80cbc0', success rate: 1/1.
[2025-03-19 14:57:25Z INFO JobServerQueue] Try to append 1 batches web console lines for record 'f355e6cf-a639-4a09-926b-218b0d80cbc0', success rate: 1/1.
[2025-03-19 14:57:26Z INFO JobServerQueue] Try to append 1 batches web console lines for record 'f355e6cf-a639-4a09-926b-218b0d80cbc0', success rate: 1/1.
[2025-03-19 14:57:26Z INFO JobServerQueue] Try to append 1 batches web console lines for record 'f355e6cf-a639-4a09-926b-218b0d80cbc0', success rate: 1/1.
[2025-03-19 14:57:27Z INFO JobServerQueue] Try to append 1 batches web console lines for record 'f355e6cf-a639-4a09-926b-218b0d80cbc0', success rate: 1/1.
[2025-03-19 14:57:27Z INFO JobServerQueue] Try to append 1 batches web console lines for record 'f355e6cf-a639-4a09-926b-218b0d80cbc0', success rate: 1/1.
[2025-03-19 14:57:28Z INFO JobServerQueue] Try to append 1 batches web console lines for record 'f355e6cf-a639-4a09-926b-218b0d80cbc0', success rate: 1/1.
[2025-03-19 14:57:28Z INFO HostContext] Well known directory 'Bin': '/home/jenny/tensorflow-mri/bin'
[2025-03-19 14:57:28Z INFO JobServerQueue] Try to append 1 batches web console lines for record 'f355e6cf-a639-4a09-926b-218b0d80cbc0', success rate: 1/1.
[2025-03-19 14:57:28Z INFO HostContext] Well known directory 'Root': '/home/jenny/tensorflow-mri'
[2025-03-19 14:57:28Z INFO HostContext] Well known directory 'Work': '/home/jenny/tensorflow-mri/_work'
[2025-03-19 14:57:29Z INFO JobServerQueue] Try to append 1 batches web console lines for record 'f355e6cf-a639-4a09-926b-218b0d80cbc0', success rate: 1/1.
[2025-03-19 14:57:29Z INFO JobServerQueue] Try to append 1 batches web console lines for record 'f355e6cf-a639-4a09-926b-218b0d80cbc0', success rate: 1/1.
[2025-03-19 14:57:30Z INFO JobServerQueue] Try to append 1 batches web console lines for record 'f355e6cf-a639-4a09-926b-218b0d80cbc0', success rate: 1/1.
[2025-03-19 14:57:30Z INFO JobServerQueue] Try to append 1 batches web console lines for record 'f355e6cf-a639-4a09-926b-218b0d80cbc0', success rate: 1/1.
[2025-03-19 14:57:31Z INFO JobServerQueue] Try to append 1 batches web console lines for record 'f355e6cf-a639-4a09-926b-218b0d80cbc0', success rate: 1/1.
[2025-03-19 14:57:31Z INFO JobServerQueue] Try to append 1 batches web console lines for record 'f355e6cf-a639-4a09-926b-218b0d80cbc0', success rate: 1/1.
[2025-03-19 14:57:32Z INFO JobServerQueue] Try to append 1 batches web console lines for record 'f355e6cf-a639-4a09-926b-218b0d80cbc0', success rate: 1/1.
[2025-03-19 14:57:32Z INFO JobServerQueue] Try to append 1 batches web console lines for record 'f355e6cf-a639-4a09-926b-218b0d80cbc0', success rate: 1/1.
[2025-03-19 14:57:33Z INFO JobServerQueue] Try to append 1 batches web console lines for record 'f355e6cf-a639-4a09-926b-218b0d80cbc0', success rate: 1/1.
[2025-03-19 14:57:33Z INFO JobServerQueue] Try to append 1 batches web console lines for record 'f355e6cf-a639-4a09-926b-218b0d80cbc0', success rate: 1/1.
[2025-03-19 14:57:34Z INFO JobServerQueue] Try to append 1 batches web console lines for record 'f355e6cf-a639-4a09-926b-218b0d80cbc0', success rate: 1/1.
[2025-03-19 14:57:34Z INFO JobServerQueue] Try to append 1 batches web console lines for record 'f355e6cf-a639-4a09-926b-218b0d80cbc0', success rate: 1/1.
[2025-03-19 14:57:35Z INFO JobServerQueue] Try to append 1 batches web console lines for record 'f355e6cf-a639-4a09-926b-218b0d80cbc0', success rate: 1/1.
[2025-03-19 14:57:35Z INFO JobServerQueue] Try to append 1 batches web console lines for record 'f355e6cf-a639-4a09-926b-218b0d80cbc0', success rate: 1/1.
[2025-03-19 14:57:36Z INFO JobServerQueue] Try to append 1 batches web console lines for record 'f355e6cf-a639-4a09-926b-218b0d80cbc0', success rate: 1/1.
[2025-03-19 14:57:36Z INFO JobServerQueue] Try to append 1 batches web console lines for record 'f355e6cf-a639-4a09-926b-218b0d80cbc0', success rate: 1/1.
[2025-03-19 14:57:37Z INFO JobServerQueue] Try to append 1 batches web console lines for record 'f355e6cf-a639-4a09-926b-218b0d80cbc0', success rate: 1/1.
[2025-03-19 14:57:37Z INFO JobServerQueue] Try to append 1 batches web console lines for record 'f355e6cf-a639-4a09-926b-218b0d80cbc0', success rate: 1/1.
[2025-03-19 14:57:38Z INFO JobServerQueue] Try to append 1 batches web console lines for record 'f355e6cf-a639-4a09-926b-218b0d80cbc0', success rate: 1/1.
[2025-03-19 14:57:38Z INFO JobServerQueue] Try to append 1 batches web console lines for record 'f355e6cf-a639-4a09-926b-218b0d80cbc0', success rate: 1/1.
[2025-03-19 14:57:38Z INFO HostContext] Well known directory 'Bin': '/home/jenny/tensorflow-mri/bin'
[2025-03-19 14:57:38Z INFO HostContext] Well known directory 'Root': '/home/jenny/tensorflow-mri'
[2025-03-19 14:57:38Z INFO HostContext] Well known directory 'Work': '/home/jenny/tensorflow-mri/_work'
[2025-03-19 14:57:39Z INFO JobServerQueue] Try to append 1 batches web console lines for record 'f355e6cf-a639-4a09-926b-218b0d80cbc0', success rate: 1/1.
[2025-03-19 14:57:39Z INFO JobServerQueue] Try to append 1 batches web console lines for record 'f355e6cf-a639-4a09-926b-218b0d80cbc0', success rate: 1/1.
[2025-03-19 14:57:40Z INFO JobServerQueue] Try to append 1 batches web console lines for record 'f355e6cf-a639-4a09-926b-218b0d80cbc0', success rate: 1/1.
[2025-03-19 14:57:40Z INFO JobServerQueue] Try to append 1 batches web console lines for record 'f355e6cf-a639-4a09-926b-218b0d80cbc0', success rate: 1/1.
[2025-03-19 14:57:41Z INFO JobServerQueue] Try to append 1 batches web console lines for record 'f355e6cf-a639-4a09-926b-218b0d80cbc0', success rate: 1/1.
[2025-03-19 14:57:41Z INFO JobServerQueue] Try to append 1 batches web console lines for record 'f355e6cf-a639-4a09-926b-218b0d80cbc0', success rate: 1/1.
[2025-03-19 14:57:42Z INFO JobServerQueue] Try to append 1 batches web console lines for record 'f355e6cf-a639-4a09-926b-218b0d80cbc0', success rate: 1/1.
[2025-03-19 14:57:42Z INFO JobServerQueue] Try to append 1 batches web console lines for record 'f355e6cf-a639-4a09-926b-218b0d80cbc0', success rate: 1/1.
[2025-03-19 14:57:43Z INFO JobServerQueue] Try to append 1 batches web console lines for record 'f355e6cf-a639-4a09-926b-218b0d80cbc0', success rate: 1/1.
[2025-03-19 14:57:43Z INFO JobServerQueue] Try to append 1 batches web console lines for record 'f355e6cf-a639-4a09-926b-218b0d80cbc0', success rate: 1/1.
[2025-03-19 14:57:44Z INFO JobServerQueue] Try to append 1 batches web console lines for record 'f355e6cf-a639-4a09-926b-218b0d80cbc0', success rate: 1/1.
[2025-03-19 14:57:44Z INFO JobServerQueue] Try to append 1 batches web console lines for record 'f355e6cf-a639-4a09-926b-218b0d80cbc0', success rate: 1/1.
[2025-03-19 14:57:45Z INFO JobServerQueue] Try to append 1 batches web console lines for record 'f355e6cf-a639-4a09-926b-218b0d80cbc0', success rate: 1/1.
[2025-03-19 14:57:45Z INFO JobServerQueue] Try to append 1 batches web console lines for record 'f355e6cf-a639-4a09-926b-218b0d80cbc0', success rate: 1/1.
[2025-03-19 14:57:46Z INFO JobServerQueue] Try to append 1 batches web console lines for record 'f355e6cf-a639-4a09-926b-218b0d80cbc0', success rate: 1/1.
[2025-03-19 14:57:46Z INFO JobServerQueue] Try to append 1 batches web console lines for record 'f355e6cf-a639-4a09-926b-218b0d80cbc0', success rate: 1/1.
[2025-03-19 14:57:47Z INFO JobServerQueue] Try to append 1 batches web console lines for record 'f355e6cf-a639-4a09-926b-218b0d80cbc0', success rate: 1/1.
[2025-03-19 14:57:47Z INFO JobServerQueue] Try to append 1 batches web console lines for record 'f355e6cf-a639-4a09-926b-218b0d80cbc0', success rate: 1/1.
[2025-03-19 14:57:48Z INFO JobServerQueue] Try to append 1 batches web console lines for record 'f355e6cf-a639-4a09-926b-218b0d80cbc0', success rate: 1/1.
[2025-03-19 14:57:48Z INFO HostContext] Well known directory 'Bin': '/home/jenny/tensorflow-mri/bin'
[2025-03-19 14:57:48Z INFO JobServerQueue] Try to append 1 batches web console lines for record 'f355e6cf-a639-4a09-926b-218b0d80cbc0', success rate: 1/1.
[2025-03-19 14:57:48Z INFO HostContext] Well known directory 'Root': '/home/jenny/tensorflow-mri'
[2025-03-19 14:57:48Z INFO HostContext] Well known directory 'Work': '/home/jenny/tensorflow-mri/_work'
[2025-03-19 14:57:49Z INFO JobServerQueue] Try to append 1 batches web console lines for record 'f355e6cf-a639-4a09-926b-218b0d80cbc0', success rate: 1/1.
[2025-03-19 14:57:49Z INFO JobServerQueue] Try to append 1 batches web console lines for record 'f355e6cf-a639-4a09-926b-218b0d80cbc0', success rate: 1/1.
[2025-03-19 14:57:50Z INFO JobServerQueue] Try to append 1 batches web console lines for record 'f355e6cf-a639-4a09-926b-218b0d80cbc0', success rate: 1/1.
[2025-03-19 14:57:50Z INFO JobServerQueue] Try to append 1 batches web console lines for record 'f355e6cf-a639-4a09-926b-218b0d80cbc0', success rate: 1/1.
[2025-03-19 14:57:51Z INFO JobServerQueue] Try to append 1 batches web console lines for record 'f355e6cf-a639-4a09-926b-218b0d80cbc0', success rate: 1/1.
[2025-03-19 14:57:51Z INFO JobServerQueue] Try to append 1 batches web console lines for record 'f355e6cf-a639-4a09-926b-218b0d80cbc0', success rate: 1/1.
[2025-03-19 14:57:52Z INFO JobServerQueue] Try to append 1 batches web console lines for record 'f355e6cf-a639-4a09-926b-218b0d80cbc0', success rate: 1/1.
[2025-03-19 14:57:52Z INFO JobServerQueue] Try to append 1 batches web console lines for record 'f355e6cf-a639-4a09-926b-218b0d80cbc0', success rate: 1/1.
[2025-03-19 14:57:53Z INFO JobServerQueue] Try to append 1 batches web console lines for record 'f355e6cf-a639-4a09-926b-218b0d80cbc0', success rate: 1/1.
[2025-03-19 14:57:53Z INFO JobServerQueue] Try to append 1 batches web console lines for record 'f355e6cf-a639-4a09-926b-218b0d80cbc0', success rate: 1/1.
[2025-03-19 14:57:54Z INFO JobServerQueue] Try to append 1 batches web console lines for record 'f355e6cf-a639-4a09-926b-218b0d80cbc0', success rate: 1/1.
[2025-03-19 14:57:54Z INFO JobServerQueue] Try to append 1 batches web console lines for record 'f355e6cf-a639-4a09-926b-218b0d80cbc0', success rate: 1/1.
[2025-03-19 14:57:55Z INFO JobServerQueue] Try to append 1 batches web console lines for record 'f355e6cf-a639-4a09-926b-218b0d80cbc0', success rate: 1/1.
[2025-03-19 14:57:55Z INFO JobServerQueue] Try to append 1 batches web console lines for record 'f355e6cf-a639-4a09-926b-218b0d80cbc0', success rate: 1/1.
[2025-03-19 14:57:56Z INFO JobServerQueue] Try to append 1 batches web console lines for record 'f355e6cf-a639-4a09-926b-218b0d80cbc0', success rate: 1/1.
[2025-03-19 14:57:56Z INFO JobServerQueue] Try to append 1 batches web console lines for record 'f355e6cf-a639-4a09-926b-218b0d80cbc0', success rate: 1/1.
[2025-03-19 14:57:57Z INFO JobServerQueue] Try to append 1 batches web console lines for record 'f355e6cf-a639-4a09-926b-218b0d80cbc0', success rate: 1/1.
[2025-03-19 14:57:57Z INFO JobServerQueue] Try to append 1 batches web console lines for record 'f355e6cf-a639-4a09-926b-218b0d80cbc0', success rate: 1/1.
[2025-03-19 14:57:58Z INFO JobServerQueue] Try to append 1 batches web console lines for record 'f355e6cf-a639-4a09-926b-218b0d80cbc0', success rate: 1/1.
[2025-03-19 14:57:58Z INFO HostContext] Well known directory 'Bin': '/home/jenny/tensorflow-mri/bin'
[2025-03-19 14:57:58Z INFO HostContext] Well known directory 'Root': '/home/jenny/tensorflow-mri'
[2025-03-19 14:57:58Z INFO JobServerQueue] Try to append 1 batches web console lines for record 'f355e6cf-a639-4a09-926b-218b0d80cbc0', success rate: 1/1.
[2025-03-19 14:57:58Z INFO HostContext] Well known directory 'Work': '/home/jenny/tensorflow-mri/_work'
[2025-03-19 14:57:59Z INFO JobServerQueue] Try to append 1 batches web console lines for record 'f355e6cf-a639-4a09-926b-218b0d80cbc0', success rate: 1/1.
[2025-03-19 14:57:59Z INFO JobServerQueue] Try to append 1 batches web console lines for record 'f355e6cf-a639-4a09-926b-218b0d80cbc0', success rate: 1/1.
[2025-03-19 14:58:00Z INFO JobServerQueue] Try to append 1 batches web console lines for record 'f355e6cf-a639-4a09-926b-218b0d80cbc0', success rate: 1/1.
[2025-03-19 14:58:00Z INFO JobServerQueue] Try to append 1 batches web console lines for record 'f355e6cf-a639-4a09-926b-218b0d80cbc0', success rate: 1/1.
[2025-03-19 14:58:01Z INFO JobServerQueue] Try to append 1 batches web console lines for record 'f355e6cf-a639-4a09-926b-218b0d80cbc0', success rate: 1/1.
[2025-03-19 14:58:01Z INFO JobServerQueue] Try to append 1 batches web console lines for record 'f355e6cf-a639-4a09-926b-218b0d80cbc0', success rate: 1/1.
[2025-03-19 14:58:02Z INFO JobServerQueue] Try to append 1 batches web console lines for record 'f355e6cf-a639-4a09-926b-218b0d80cbc0', success rate: 1/1.
[2025-03-19 14:58:02Z INFO JobServerQueue] Try to append 1 batches web console lines for record 'f355e6cf-a639-4a09-926b-218b0d80cbc0', success rate: 1/1.
[2025-03-19 14:58:03Z INFO JobServerQueue] Try to append 1 batches web console lines for record 'f355e6cf-a639-4a09-926b-218b0d80cbc0', success rate: 1/1.
[2025-03-19 14:58:03Z INFO JobServerQueue] Try to append 1 batches web console lines for record 'f355e6cf-a639-4a09-926b-218b0d80cbc0', success rate: 1/1.
[2025-03-19 14:58:04Z INFO JobServerQueue] Try to append 1 batches web console lines for record 'f355e6cf-a639-4a09-926b-218b0d80cbc0', success rate: 1/1.
[2025-03-19 14:58:04Z INFO JobServerQueue] Try to append 1 batches web console lines for record 'f355e6cf-a639-4a09-926b-218b0d80cbc0', success rate: 1/1.
[2025-03-19 14:58:05Z INFO JobServerQueue] Try to append 1 batches web console lines for record 'f355e6cf-a639-4a09-926b-218b0d80cbc0', success rate: 1/1.
[2025-03-19 14:58:05Z INFO JobServerQueue] Try to append 1 batches web console lines for record 'f355e6cf-a639-4a09-926b-218b0d80cbc0', success rate: 1/1.
[2025-03-19 14:58:06Z INFO JobServerQueue] Try to append 1 batches web console lines for record 'f355e6cf-a639-4a09-926b-218b0d80cbc0', success rate: 1/1.
[2025-03-19 14:58:07Z INFO JobServerQueue] Try to append 1 batches web console lines for record 'f355e6cf-a639-4a09-926b-218b0d80cbc0', success rate: 1/1.
[2025-03-19 14:58:07Z INFO JobServerQueue] Try to append 1 batches web console lines for record 'f355e6cf-a639-4a09-926b-218b0d80cbc0', success rate: 1/1.
[2025-03-19 14:58:08Z INFO HostContext] Well known directory 'Bin': '/home/jenny/tensorflow-mri/bin'
[2025-03-19 14:58:08Z INFO HostContext] Well known directory 'Root': '/home/jenny/tensorflow-mri'
[2025-03-19 14:58:08Z INFO HostContext] Well known directory 'Work': '/home/jenny/tensorflow-mri/_work'
[2025-03-19 14:58:09Z INFO JobServerQueue] Try to append 1 batches web console lines for record 'f355e6cf-a639-4a09-926b-218b0d80cbc0', success rate: 1/1.
[2025-03-19 14:58:09Z INFO JobServerQueue] Try to append 1 batches web console lines for record 'f355e6cf-a639-4a09-926b-218b0d80cbc0', success rate: 1/1.
[2025-03-19 14:58:10Z INFO JobServerQueue] Try to append 1 batches web console lines for record 'f355e6cf-a639-4a09-926b-218b0d80cbc0', success rate: 1/1.
[2025-03-19 14:58:11Z INFO JobServerQueue] Try to append 1 batches web console lines for record 'f355e6cf-a639-4a09-926b-218b0d80cbc0', success rate: 1/1.
[2025-03-19 14:58:12Z INFO JobServerQueue] Try to append 1 batches web console lines for record 'f355e6cf-a639-4a09-926b-218b0d80cbc0', success rate: 1/1.
[2025-03-19 14:58:12Z INFO JobServerQueue] Try to append 1 batches web console lines for record 'f355e6cf-a639-4a09-926b-218b0d80cbc0', success rate: 1/1.
[2025-03-19 14:58:13Z INFO JobServerQueue] Try to append 1 batches web console lines for record 'f355e6cf-a639-4a09-926b-218b0d80cbc0', success rate: 1/1.
[2025-03-19 14:58:13Z INFO JobServerQueue] Try to append 1 batches web console lines for record 'f355e6cf-a639-4a09-926b-218b0d80cbc0', success rate: 1/1.
[2025-03-19 14:58:14Z INFO JobServerQueue] Try to append 1 batches web console lines for record 'f355e6cf-a639-4a09-926b-218b0d80cbc0', success rate: 1/1.
[2025-03-19 14:58:15Z INFO JobServerQueue] Try to append 1 batches web console lines for record 'f355e6cf-a639-4a09-926b-218b0d80cbc0', success rate: 1/1.
[2025-03-19 14:58:16Z INFO JobServerQueue] Try to append 1 batches web console lines for record 'f355e6cf-a639-4a09-926b-218b0d80cbc0', success rate: 1/1.
[2025-03-19 14:58:16Z INFO JobServerQueue] Try to append 1 batches web console lines for record 'f355e6cf-a639-4a09-926b-218b0d80cbc0', success rate: 1/1.
[2025-03-19 14:58:18Z INFO HostContext] Well known directory 'Bin': '/home/jenny/tensorflow-mri/bin'
[2025-03-19 14:58:18Z INFO HostContext] Well known directory 'Root': '/home/jenny/tensorflow-mri'
[2025-03-19 14:58:18Z INFO HostContext] Well known directory 'Work': '/home/jenny/tensorflow-mri/_work'
[2025-03-19 14:58:18Z INFO JobServerQueue] Try to append 1 batches web console lines for record 'f355e6cf-a639-4a09-926b-218b0d80cbc0', success rate: 1/1.
[2025-03-19 14:58:19Z INFO JobServerQueue] Try to append 1 batches web console lines for record 'f355e6cf-a639-4a09-926b-218b0d80cbc0', success rate: 1/1.
[2025-03-19 14:58:20Z INFO JobServerQueue] Try to append 1 batches web console lines for record 'f355e6cf-a639-4a09-926b-218b0d80cbc0', success rate: 1/1.
[2025-03-19 14:58:20Z INFO JobServerQueue] Try to append 1 batches web console lines for record 'f355e6cf-a639-4a09-926b-218b0d80cbc0', success rate: 1/1.
[2025-03-19 14:58:21Z INFO JobServerQueue] Try to append 1 batches web console lines for record 'f355e6cf-a639-4a09-926b-218b0d80cbc0', success rate: 1/1.
[2025-03-19 14:58:21Z INFO JobServerQueue] Try to append 1 batches web console lines for record 'f355e6cf-a639-4a09-926b-218b0d80cbc0', success rate: 1/1.
[2025-03-19 14:58:22Z INFO JobServerQueue] Try to append 1 batches web console lines for record 'f355e6cf-a639-4a09-926b-218b0d80cbc0', success rate: 1/1.
[2025-03-19 14:58:22Z INFO JobServerQueue] Try to append 1 batches web console lines for record 'f355e6cf-a639-4a09-926b-218b0d80cbc0', success rate: 1/1.
[2025-03-19 14:58:23Z INFO JobServerQueue] Try to append 1 batches web console lines for record 'f355e6cf-a639-4a09-926b-218b0d80cbc0', success rate: 1/1.
[2025-03-19 14:58:23Z INFO JobServerQueue] Try to append 1 batches web console lines for record 'f355e6cf-a639-4a09-926b-218b0d80cbc0', success rate: 1/1.
[2025-03-19 14:58:24Z INFO JobServerQueue] Try to append 1 batches web console lines for record 'f355e6cf-a639-4a09-926b-218b0d80cbc0', success rate: 1/1.
[2025-03-19 14:58:24Z INFO JobServerQueue] Try to append 1 batches web console lines for record 'f355e6cf-a639-4a09-926b-218b0d80cbc0', success rate: 1/1.
[2025-03-19 14:58:25Z INFO JobServerQueue] Try to append 1 batches web console lines for record 'f355e6cf-a639-4a09-926b-218b0d80cbc0', success rate: 1/1.
[2025-03-19 14:58:25Z INFO JobServerQueue] Try to append 1 batches web console lines for record 'f355e6cf-a639-4a09-926b-218b0d80cbc0', success rate: 1/1.
[2025-03-19 14:58:26Z INFO JobServerQueue] Try to append 1 batches web console lines for record 'f355e6cf-a639-4a09-926b-218b0d80cbc0', success rate: 1/1.
[2025-03-19 14:58:26Z INFO JobServerQueue] Try to append 1 batches web console lines for record 'f355e6cf-a639-4a09-926b-218b0d80cbc0', success rate: 1/1.
[2025-03-19 14:58:27Z INFO JobServerQueue] Try to append 1 batches web console lines for record 'f355e6cf-a639-4a09-926b-218b0d80cbc0', success rate: 1/1.
[2025-03-19 14:58:27Z INFO JobServerQueue] Try to append 1 batches web console lines for record 'f355e6cf-a639-4a09-926b-218b0d80cbc0', success rate: 1/1.
[2025-03-19 14:58:28Z INFO JobServerQueue] Try to append 1 batches web console lines for record 'f355e6cf-a639-4a09-926b-218b0d80cbc0', success rate: 1/1.
[2025-03-19 14:58:28Z INFO HostContext] Well known directory 'Bin': '/home/jenny/tensorflow-mri/bin'
[2025-03-19 14:58:28Z INFO HostContext] Well known directory 'Root': '/home/jenny/tensorflow-mri'
[2025-03-19 14:58:28Z INFO HostContext] Well known directory 'Work': '/home/jenny/tensorflow-mri/_work'
[2025-03-19 14:58:28Z INFO JobServerQueue] Try to append 1 batches web console lines for record 'f355e6cf-a639-4a09-926b-218b0d80cbc0', success rate: 1/1.
[2025-03-19 14:58:29Z INFO JobServerQueue] Try to append 1 batches web console lines for record 'f355e6cf-a639-4a09-926b-218b0d80cbc0', success rate: 1/1.
[2025-03-19 14:58:29Z INFO JobServerQueue] Try to append 1 batches web console lines for record 'f355e6cf-a639-4a09-926b-218b0d80cbc0', success rate: 1/1.
[2025-03-19 14:58:30Z INFO JobServerQueue] Try to append 1 batches web console lines for record 'f355e6cf-a639-4a09-926b-218b0d80cbc0', success rate: 1/1.
[2025-03-19 14:58:30Z INFO JobServerQueue] Try to append 1 batches web console lines for record 'f355e6cf-a639-4a09-926b-218b0d80cbc0', success rate: 1/1.
[2025-03-19 14:58:31Z INFO JobServerQueue] Try to append 1 batches web console lines for record 'f355e6cf-a639-4a09-926b-218b0d80cbc0', success rate: 1/1.
[2025-03-19 14:58:32Z INFO JobServerQueue] Try to append 1 batches web console lines for record 'f355e6cf-a639-4a09-926b-218b0d80cbc0', success rate: 1/1.
[2025-03-19 14:58:34Z INFO JobServerQueue] Try to append 1 batches web console lines for record 'f355e6cf-a639-4a09-926b-218b0d80cbc0', success rate: 1/1.
[2025-03-19 14:58:35Z INFO JobServerQueue] Try to append 1 batches web console lines for record 'f355e6cf-a639-4a09-926b-218b0d80cbc0', success rate: 1/1.
[2025-03-19 14:58:35Z INFO JobServerQueue] Try to append 1 batches web console lines for record 'f355e6cf-a639-4a09-926b-218b0d80cbc0', success rate: 1/1.
[2025-03-19 14:58:36Z INFO JobServerQueue] Try to append 1 batches web console lines for record 'f355e6cf-a639-4a09-926b-218b0d80cbc0', success rate: 1/1.
[2025-03-19 14:58:36Z INFO JobServerQueue] Try to append 1 batches web console lines for record 'f355e6cf-a639-4a09-926b-218b0d80cbc0', success rate: 1/1.
[2025-03-19 14:58:37Z INFO JobServerQueue] Try to append 1 batches web console lines for record 'f355e6cf-a639-4a09-926b-218b0d80cbc0', success rate: 1/1.
[2025-03-19 14:58:37Z INFO JobServerQueue] Try to append 1 batches web console lines for record 'f355e6cf-a639-4a09-926b-218b0d80cbc0', success rate: 1/1.
[2025-03-19 14:58:38Z INFO JobServerQueue] Try to append 1 batches web console lines for record 'f355e6cf-a639-4a09-926b-218b0d80cbc0', success rate: 1/1.
[2025-03-19 14:58:38Z INFO JobServerQueue] Try to append 1 batches web console lines for record 'f355e6cf-a639-4a09-926b-218b0d80cbc0', success rate: 1/1.
[2025-03-19 14:58:38Z INFO HostContext] Well known directory 'Bin': '/home/jenny/tensorflow-mri/bin'
[2025-03-19 14:58:38Z INFO HostContext] Well known directory 'Root': '/home/jenny/tensorflow-mri'
[2025-03-19 14:58:38Z INFO HostContext] Well known directory 'Work': '/home/jenny/tensorflow-mri/_work'
[2025-03-19 14:58:39Z INFO JobServerQueue] Try to append 1 batches web console lines for record 'f355e6cf-a639-4a09-926b-218b0d80cbc0', success rate: 1/1.
[2025-03-19 14:58:39Z INFO JobServerQueue] Try to append 1 batches web console lines for record 'f355e6cf-a639-4a09-926b-218b0d80cbc0', success rate: 1/1.
[2025-03-19 14:58:40Z INFO JobServerQueue] Try to append 1 batches web console lines for record 'f355e6cf-a639-4a09-926b-218b0d80cbc0', success rate: 1/1.
[2025-03-19 14:58:40Z INFO JobServerQueue] Try to append 1 batches web console lines for record 'f355e6cf-a639-4a09-926b-218b0d80cbc0', success rate: 1/1.
[2025-03-19 14:58:41Z INFO JobServerQueue] Try to append 1 batches web console lines for record 'f355e6cf-a639-4a09-926b-218b0d80cbc0', success rate: 1/1.
[2025-03-19 14:58:41Z INFO JobServerQueue] Try to append 1 batches web console lines for record 'f355e6cf-a639-4a09-926b-218b0d80cbc0', success rate: 1/1.
[2025-03-19 14:58:42Z INFO JobServerQueue] Try to append 1 batches web console lines for record 'f355e6cf-a639-4a09-926b-218b0d80cbc0', success rate: 1/1.
[2025-03-19 14:58:42Z INFO JobServerQueue] Try to append 1 batches web console lines for record 'f355e6cf-a639-4a09-926b-218b0d80cbc0', success rate: 1/1.
[2025-03-19 14:58:43Z INFO JobServerQueue] Try to append 1 batches web console lines for record 'f355e6cf-a639-4a09-926b-218b0d80cbc0', success rate: 1/1.
[2025-03-19 14:58:43Z INFO JobServerQueue] Try to append 1 batches web console lines for record 'f355e6cf-a639-4a09-926b-218b0d80cbc0', success rate: 1/1.
[2025-03-19 14:58:44Z INFO JobServerQueue] Try to append 1 batches web console lines for record 'f355e6cf-a639-4a09-926b-218b0d80cbc0', success rate: 1/1.
[2025-03-19 14:58:44Z INFO JobServerQueue] Try to append 1 batches web console lines for record 'f355e6cf-a639-4a09-926b-218b0d80cbc0', success rate: 1/1.
[2025-03-19 14:58:45Z INFO JobServerQueue] Try to append 1 batches web console lines for record 'f355e6cf-a639-4a09-926b-218b0d80cbc0', success rate: 1/1.
[2025-03-19 14:58:45Z INFO JobServerQueue] Try to append 1 batches web console lines for record 'f355e6cf-a639-4a09-926b-218b0d80cbc0', success rate: 1/1.
[2025-03-19 14:58:46Z INFO JobServerQueue] Try to append 1 batches web console lines for record 'f355e6cf-a639-4a09-926b-218b0d80cbc0', success rate: 1/1.
[2025-03-19 14:58:47Z INFO JobServerQueue] Try to append 1 batches web console lines for record 'f355e6cf-a639-4a09-926b-218b0d80cbc0', success rate: 1/1.
[2025-03-19 14:58:47Z INFO JobServerQueue] Try to append 1 batches web console lines for record 'f355e6cf-a639-4a09-926b-218b0d80cbc0', success rate: 1/1.
[2025-03-19 14:58:48Z INFO JobServerQueue] Try to append 1 batches web console lines for record 'f355e6cf-a639-4a09-926b-218b0d80cbc0', success rate: 1/1.
[2025-03-19 14:58:48Z INFO HostContext] Well known directory 'Bin': '/home/jenny/tensorflow-mri/bin'
[2025-03-19 14:58:48Z INFO HostContext] Well known directory 'Root': '/home/jenny/tensorflow-mri'
[2025-03-19 14:58:48Z INFO HostContext] Well known directory 'Work': '/home/jenny/tensorflow-mri/_work'
[2025-03-19 14:58:49Z INFO JobServerQueue] Try to append 1 batches web console lines for record 'f355e6cf-a639-4a09-926b-218b0d80cbc0', success rate: 1/1.
[2025-03-19 14:58:50Z INFO JobServerQueue] Try to append 1 batches web console lines for record 'f355e6cf-a639-4a09-926b-218b0d80cbc0', success rate: 1/1.
[2025-03-19 14:58:52Z INFO JobServerQueue] Try to append 1 batches web console lines for record 'f355e6cf-a639-4a09-926b-218b0d80cbc0', success rate: 1/1.
[2025-03-19 14:58:53Z INFO JobServerQueue] Try to append 1 batches web console lines for record 'f355e6cf-a639-4a09-926b-218b0d80cbc0', success rate: 1/1.
[2025-03-19 14:58:54Z INFO JobServerQueue] Try to append 1 batches web console lines for record 'f355e6cf-a639-4a09-926b-218b0d80cbc0', success rate: 1/1.
[2025-03-19 14:58:55Z INFO JobServerQueue] Try to append 1 batches web console lines for record 'f355e6cf-a639-4a09-926b-218b0d80cbc0', success rate: 1/1.
[2025-03-19 14:58:57Z INFO JobServerQueue] Try to append 1 batches web console lines for record 'f355e6cf-a639-4a09-926b-218b0d80cbc0', success rate: 1/1.
[2025-03-19 14:58:58Z INFO JobServerQueue] Try to append 1 batches web console lines for record 'f355e6cf-a639-4a09-926b-218b0d80cbc0', success rate: 1/1.
[2025-03-19 14:58:58Z INFO JobServerQueue] Try to append 1 batches web console lines for record 'f355e6cf-a639-4a09-926b-218b0d80cbc0', success rate: 1/1.
[2025-03-19 14:58:58Z INFO HostContext] Well known directory 'Bin': '/home/jenny/tensorflow-mri/bin'
[2025-03-19 14:58:58Z INFO HostContext] Well known directory 'Root': '/home/jenny/tensorflow-mri'
[2025-03-19 14:58:58Z INFO HostContext] Well known directory 'Work': '/home/jenny/tensorflow-mri/_work'
[2025-03-19 14:58:59Z INFO JobServerQueue] Try to append 1 batches web console lines for record 'f355e6cf-a639-4a09-926b-218b0d80cbc0', success rate: 1/1.
[2025-03-19 14:59:01Z INFO JobServerQueue] Try to append 1 batches web console lines for record 'f355e6cf-a639-4a09-926b-218b0d80cbc0', success rate: 1/1.
[2025-03-19 14:59:01Z INFO JobServerQueue] Try to append 1 batches web console lines for record 'f355e6cf-a639-4a09-926b-218b0d80cbc0', success rate: 1/1.
[2025-03-19 14:59:02Z INFO JobServerQueue] Try to append 1 batches web console lines for record 'f355e6cf-a639-4a09-926b-218b0d80cbc0', success rate: 1/1.
[2025-03-19 14:59:02Z INFO JobServerQueue] Try to append 1 batches web console lines for record 'f355e6cf-a639-4a09-926b-218b0d80cbc0', success rate: 1/1.
[2025-03-19 14:59:03Z INFO JobServerQueue] Try to append 1 batches web console lines for record 'f355e6cf-a639-4a09-926b-218b0d80cbc0', success rate: 1/1.
[2025-03-19 14:59:06Z INFO JobServerQueue] Try to append 1 batches web console lines for record 'f355e6cf-a639-4a09-926b-218b0d80cbc0', success rate: 1/1.
[2025-03-19 14:59:08Z INFO HostContext] Well known directory 'Bin': '/home/jenny/tensorflow-mri/bin'
[2025-03-19 14:59:08Z INFO HostContext] Well known directory 'Root': '/home/jenny/tensorflow-mri'
[2025-03-19 14:59:08Z INFO HostContext] Well known directory 'Work': '/home/jenny/tensorflow-mri/_work'
[2025-03-19 14:59:09Z INFO JobServerQueue] Try to append 1 batches web console lines for record 'f355e6cf-a639-4a09-926b-218b0d80cbc0', success rate: 1/1.
[2025-03-19 14:59:09Z INFO JobServerQueue] Try to append 1 batches web console lines for record 'f355e6cf-a639-4a09-926b-218b0d80cbc0', success rate: 1/1.
[2025-03-19 14:59:12Z INFO JobServerQueue] Try to append 1 batches web console lines for record 'f355e6cf-a639-4a09-926b-218b0d80cbc0', success rate: 1/1.
[2025-03-19 14:59:13Z INFO JobServerQueue] Try to append 1 batches web console lines for record 'f355e6cf-a639-4a09-926b-218b0d80cbc0', success rate: 1/1.
[2025-03-19 14:59:14Z INFO JobServerQueue] Try to append 1 batches web console lines for record 'f355e6cf-a639-4a09-926b-218b0d80cbc0', success rate: 1/1.
[2025-03-19 14:59:15Z INFO JobServerQueue] Try to append 1 batches web console lines for record 'f355e6cf-a639-4a09-926b-218b0d80cbc0', success rate: 1/1.
[2025-03-19 14:59:16Z INFO JobServerQueue] Try to append 1 batches web console lines for record 'f355e6cf-a639-4a09-926b-218b0d80cbc0', success rate: 1/1.
[2025-03-19 14:59:16Z INFO JobServerQueue] Try to append 1 batches web console lines for record 'f355e6cf-a639-4a09-926b-218b0d80cbc0', success rate: 1/1.
[2025-03-19 14:59:17Z INFO JobServerQueue] Try to append 1 batches web console lines for record 'f355e6cf-a639-4a09-926b-218b0d80cbc0', success rate: 1/1.
[2025-03-19 14:59:17Z INFO JobServerQueue] Try to append 1 batches web console lines for record 'f355e6cf-a639-4a09-926b-218b0d80cbc0', success rate: 1/1.
[2025-03-19 14:59:18Z INFO JobServerQueue] Try to append 1 batches web console lines for record 'f355e6cf-a639-4a09-926b-218b0d80cbc0', success rate: 1/1.
[2025-03-19 14:59:18Z INFO HostContext] Well known directory 'Bin': '/home/jenny/tensorflow-mri/bin'
[2025-03-19 14:59:18Z INFO HostContext] Well known directory 'Root': '/home/jenny/tensorflow-mri'
[2025-03-19 14:59:18Z INFO HostContext] Well known directory 'Work': '/home/jenny/tensorflow-mri/_work'
[2025-03-19 14:59:18Z INFO JobServerQueue] Try to append 1 batches web console lines for record 'f355e6cf-a639-4a09-926b-218b0d80cbc0', success rate: 1/1.
[2025-03-19 14:59:19Z INFO JobServerQueue] Try to append 1 batches web console lines for record 'f355e6cf-a639-4a09-926b-218b0d80cbc0', success rate: 1/1.
[2025-03-19 14:59:19Z INFO JobServerQueue] Try to append 1 batches web console lines for record 'f355e6cf-a639-4a09-926b-218b0d80cbc0', success rate: 1/1.
[2025-03-19 14:59:23Z INFO JobServerQueue] Try to append 1 batches web console lines for record 'f355e6cf-a639-4a09-926b-218b0d80cbc0', success rate: 1/1.
[2025-03-19 14:59:28Z INFO JobServerQueue] Try to append 1 batches web console lines for record 'f355e6cf-a639-4a09-926b-218b0d80cbc0', success rate: 1/1.
[2025-03-19 14:59:28Z INFO HostContext] Well known directory 'Bin': '/home/jenny/tensorflow-mri/bin'
[2025-03-19 14:59:28Z INFO HostContext] Well known directory 'Root': '/home/jenny/tensorflow-mri'
[2025-03-19 14:59:28Z INFO HostContext] Well known directory 'Work': '/home/jenny/tensorflow-mri/_work'
[2025-03-19 14:59:32Z INFO JobServerQueue] Try to append 1 batches web console lines for record 'f355e6cf-a639-4a09-926b-218b0d80cbc0', success rate: 1/1.
[2025-03-19 14:59:33Z INFO JobServerQueue] Try to append 1 batches web console lines for record 'f355e6cf-a639-4a09-926b-218b0d80cbc0', success rate: 1/1.
[2025-03-19 14:59:33Z INFO JobServerQueue] Try to append 1 batches web console lines for record 'f355e6cf-a639-4a09-926b-218b0d80cbc0', success rate: 1/1.
[2025-03-19 14:59:35Z INFO JobServerQueue] Try to append 1 batches web console lines for record 'f355e6cf-a639-4a09-926b-218b0d80cbc0', success rate: 1/1.
[2025-03-19 14:59:36Z INFO JobServerQueue] Try to append 1 batches web console lines for record 'f355e6cf-a639-4a09-926b-218b0d80cbc0', success rate: 1/1.
[2025-03-19 14:59:37Z INFO JobServerQueue] Try to append 1 batches web console lines for record 'f355e6cf-a639-4a09-926b-218b0d80cbc0', success rate: 1/1.
[2025-03-19 14:59:37Z INFO JobServerQueue] Try to append 1 batches web console lines for record 'f355e6cf-a639-4a09-926b-218b0d80cbc0', success rate: 1/1.
[2025-03-19 14:59:38Z INFO HostContext] Well known directory 'Bin': '/home/jenny/tensorflow-mri/bin'
[2025-03-19 14:59:38Z INFO HostContext] Well known directory 'Root': '/home/jenny/tensorflow-mri'
[2025-03-19 14:59:38Z INFO HostContext] Well known directory 'Work': '/home/jenny/tensorflow-mri/_work'
[2025-03-19 14:59:39Z INFO JobServerQueue] Try to append 1 batches web console lines for record 'f355e6cf-a639-4a09-926b-218b0d80cbc0', success rate: 1/1.
[2025-03-19 14:59:40Z INFO JobServerQueue] Try to append 1 batches web console lines for record 'f355e6cf-a639-4a09-926b-218b0d80cbc0', success rate: 1/1.
[2025-03-19 14:59:41Z INFO JobServerQueue] Try to append 1 batches web console lines for record 'f355e6cf-a639-4a09-926b-218b0d80cbc0', success rate: 1/1.
[2025-03-19 14:59:41Z INFO JobServerQueue] Try to append 1 batches web console lines for record 'f355e6cf-a639-4a09-926b-218b0d80cbc0', success rate: 1/1.
[2025-03-19 14:59:42Z INFO JobServerQueue] Try to append 1 batches web console lines for record 'f355e6cf-a639-4a09-926b-218b0d80cbc0', success rate: 1/1.
[2025-03-19 14:59:43Z INFO JobServerQueue] Try to append 1 batches web console lines for record 'f355e6cf-a639-4a09-926b-218b0d80cbc0', success rate: 1/1.
[2025-03-19 14:59:43Z INFO JobServerQueue] Try to append 1 batches web console lines for record 'f355e6cf-a639-4a09-926b-218b0d80cbc0', success rate: 1/1.
[2025-03-19 14:59:45Z INFO JobServerQueue] Try to append 1 batches web console lines for record 'f355e6cf-a639-4a09-926b-218b0d80cbc0', success rate: 1/1.
[2025-03-19 14:59:46Z INFO JobServerQueue] Try to append 1 batches web console lines for record 'f355e6cf-a639-4a09-926b-218b0d80cbc0', success rate: 1/1.
[2025-03-19 14:59:46Z INFO JobServerQueue] Try to append 1 batches web console lines for record 'f355e6cf-a639-4a09-926b-218b0d80cbc0', success rate: 1/1.
[2025-03-19 14:59:47Z INFO JobServerQueue] Try to append 1 batches web console lines for record 'f355e6cf-a639-4a09-926b-218b0d80cbc0', success rate: 1/1.
[2025-03-19 14:59:47Z INFO JobServerQueue] Try to append 1 batches web console lines for record 'f355e6cf-a639-4a09-926b-218b0d80cbc0', success rate: 1/1.
[2025-03-19 14:59:48Z INFO JobServerQueue] Try to append 1 batches web console lines for record 'f355e6cf-a639-4a09-926b-218b0d80cbc0', success rate: 1/1.
[2025-03-19 14:59:48Z INFO HostContext] Well known directory 'Bin': '/home/jenny/tensorflow-mri/bin'
[2025-03-19 14:59:48Z INFO HostContext] Well known directory 'Root': '/home/jenny/tensorflow-mri'
[2025-03-19 14:59:48Z INFO HostContext] Well known directory 'Work': '/home/jenny/tensorflow-mri/_work'
[2025-03-19 14:59:48Z INFO JobServerQueue] Try to append 1 batches web console lines for record 'f355e6cf-a639-4a09-926b-218b0d80cbc0', success rate: 1/1.
[2025-03-19 14:59:49Z INFO JobServerQueue] Try to append 1 batches web console lines for record 'f355e6cf-a639-4a09-926b-218b0d80cbc0', success rate: 1/1.
[2025-03-19 14:59:49Z INFO JobServerQueue] Try to append 1 batches web console lines for record 'f355e6cf-a639-4a09-926b-218b0d80cbc0', success rate: 1/1.
[2025-03-19 14:59:50Z INFO JobServerQueue] Try to append 1 batches web console lines for record 'f355e6cf-a639-4a09-926b-218b0d80cbc0', success rate: 1/1.
[2025-03-19 14:59:50Z INFO JobServerQueue] Try to append 1 batches web console lines for record 'f355e6cf-a639-4a09-926b-218b0d80cbc0', success rate: 1/1.
[2025-03-19 14:59:51Z INFO JobServerQueue] Try to append 1 batches web console lines for record 'f355e6cf-a639-4a09-926b-218b0d80cbc0', success rate: 1/1.
[2025-03-19 14:59:51Z INFO JobServerQueue] Try to append 1 batches web console lines for record 'f355e6cf-a639-4a09-926b-218b0d80cbc0', success rate: 1/1.
[2025-03-19 14:59:52Z INFO JobServerQueue] Try to append 1 batches web console lines for record 'f355e6cf-a639-4a09-926b-218b0d80cbc0', success rate: 1/1.
[2025-03-19 14:59:52Z INFO JobServerQueue] Try to append 1 batches web console lines for record 'f355e6cf-a639-4a09-926b-218b0d80cbc0', success rate: 1/1.
[2025-03-19 14:59:53Z INFO JobServerQueue] Try to append 1 batches web console lines for record 'f355e6cf-a639-4a09-926b-218b0d80cbc0', success rate: 1/1.
[2025-03-19 14:59:53Z INFO JobServerQueue] Try to append 1 batches web console lines for record 'f355e6cf-a639-4a09-926b-218b0d80cbc0', success rate: 1/1.
[2025-03-19 14:59:54Z INFO JobServerQueue] Try to append 1 batches web console lines for record 'f355e6cf-a639-4a09-926b-218b0d80cbc0', success rate: 1/1.
[2025-03-19 14:59:54Z INFO JobServerQueue] Try to append 1 batches web console lines for record 'f355e6cf-a639-4a09-926b-218b0d80cbc0', success rate: 1/1.
[2025-03-19 14:59:55Z INFO JobServerQueue] Try to append 1 batches web console lines for record 'f355e6cf-a639-4a09-926b-218b0d80cbc0', success rate: 1/1.
[2025-03-19 14:59:55Z INFO JobServerQueue] Try to append 1 batches web console lines for record 'f355e6cf-a639-4a09-926b-218b0d80cbc0', success rate: 1/1.
[2025-03-19 14:59:56Z INFO JobServerQueue] Try to append 1 batches web console lines for record 'f355e6cf-a639-4a09-926b-218b0d80cbc0', success rate: 1/1.
[2025-03-19 14:59:56Z INFO JobServerQueue] Try to append 1 batches web console lines for record 'f355e6cf-a639-4a09-926b-218b0d80cbc0', success rate: 1/1.
[2025-03-19 14:59:57Z INFO JobServerQueue] Try to append 1 batches web console lines for record 'f355e6cf-a639-4a09-926b-218b0d80cbc0', success rate: 1/1.
[2025-03-19 14:59:57Z INFO JobServerQueue] Try to append 1 batches web console lines for record 'f355e6cf-a639-4a09-926b-218b0d80cbc0', success rate: 1/1.
[2025-03-19 14:59:58Z INFO JobServerQueue] Try to append 1 batches web console lines for record 'f355e6cf-a639-4a09-926b-218b0d80cbc0', success rate: 1/1.
[2025-03-19 14:59:58Z INFO HostContext] Well known directory 'Bin': '/home/jenny/tensorflow-mri/bin'
[2025-03-19 14:59:58Z INFO HostContext] Well known directory 'Root': '/home/jenny/tensorflow-mri'
[2025-03-19 14:59:58Z INFO HostContext] Well known directory 'Work': '/home/jenny/tensorflow-mri/_work'
[2025-03-19 14:59:58Z INFO JobServerQueue] Try to append 1 batches web console lines for record 'f355e6cf-a639-4a09-926b-218b0d80cbc0', success rate: 1/1.
[2025-03-19 14:59:59Z INFO JobServerQueue] Try to append 1 batches web console lines for record 'f355e6cf-a639-4a09-926b-218b0d80cbc0', success rate: 1/1.
[2025-03-19 14:59:59Z INFO JobServerQueue] Try to append 1 batches web console lines for record 'f355e6cf-a639-4a09-926b-218b0d80cbc0', success rate: 1/1.
[2025-03-19 15:00:00Z INFO JobServerQueue] Try to append 1 batches web console lines for record 'f355e6cf-a639-4a09-926b-218b0d80cbc0', success rate: 1/1.
[2025-03-19 15:00:01Z INFO JobServerQueue] Try to append 1 batches web console lines for record 'f355e6cf-a639-4a09-926b-218b0d80cbc0', success rate: 1/1.
[2025-03-19 15:00:02Z INFO JobServerQueue] Try to append 1 batches web console lines for record 'f355e6cf-a639-4a09-926b-218b0d80cbc0', success rate: 1/1.
[2025-03-19 15:00:03Z INFO JobServerQueue] Try to append 1 batches web console lines for record 'f355e6cf-a639-4a09-926b-218b0d80cbc0', success rate: 1/1.
[2025-03-19 15:00:04Z INFO JobServerQueue] Try to append 1 batches web console lines for record 'f355e6cf-a639-4a09-926b-218b0d80cbc0', success rate: 1/1.
[2025-03-19 15:00:05Z INFO JobServerQueue] Try to append 1 batches web console lines for record 'f355e6cf-a639-4a09-926b-218b0d80cbc0', success rate: 1/1.
[2025-03-19 15:00:06Z INFO JobServerQueue] Try to append 1 batches web console lines for record 'f355e6cf-a639-4a09-926b-218b0d80cbc0', success rate: 1/1.
[2025-03-19 15:00:08Z INFO HostContext] Well known directory 'Bin': '/home/jenny/tensorflow-mri/bin'
[2025-03-19 15:00:08Z INFO HostContext] Well known directory 'Root': '/home/jenny/tensorflow-mri'
[2025-03-19 15:00:08Z INFO HostContext] Well known directory 'Work': '/home/jenny/tensorflow-mri/_work'
[2025-03-19 15:00:18Z INFO HostContext] Well known directory 'Bin': '/home/jenny/tensorflow-mri/bin'
[2025-03-19 15:00:18Z INFO HostContext] Well known directory 'Root': '/home/jenny/tensorflow-mri'
[2025-03-19 15:00:18Z INFO HostContext] Well known directory 'Work': '/home/jenny/tensorflow-mri/_work'
[2025-03-19 15:00:28Z INFO HostContext] Well known directory 'Bin': '/home/jenny/tensorflow-mri/bin'
[2025-03-19 15:00:28Z INFO HostContext] Well known directory 'Root': '/home/jenny/tensorflow-mri'
[2025-03-19 15:00:28Z INFO HostContext] Well known directory 'Work': '/home/jenny/tensorflow-mri/_work'
[2025-03-19 15:00:38Z INFO HostContext] Well known directory 'Bin': '/home/jenny/tensorflow-mri/bin'
[2025-03-19 15:00:38Z INFO HostContext] Well known directory 'Root': '/home/jenny/tensorflow-mri'
[2025-03-19 15:00:38Z INFO HostContext] Well known directory 'Work': '/home/jenny/tensorflow-mri/_work'
[2025-03-19 15:00:44Z INFO JobServerQueue] Try to append 1 batches web console lines for record 'f355e6cf-a639-4a09-926b-218b0d80cbc0', success rate: 1/1.
[2025-03-19 15:00:48Z INFO HostContext] Well known directory 'Bin': '/home/jenny/tensorflow-mri/bin'
[2025-03-19 15:00:48Z INFO HostContext] Well known directory 'Root': '/home/jenny/tensorflow-mri'
[2025-03-19 15:00:48Z INFO HostContext] Well known directory 'Work': '/home/jenny/tensorflow-mri/_work'
[2025-03-19 15:00:58Z INFO HostContext] Well known directory 'Bin': '/home/jenny/tensorflow-mri/bin'
[2025-03-19 15:00:58Z INFO HostContext] Well known directory 'Root': '/home/jenny/tensorflow-mri'
[2025-03-19 15:00:58Z INFO HostContext] Well known directory 'Work': '/home/jenny/tensorflow-mri/_work'
[2025-03-19 15:01:08Z INFO HostContext] Well known directory 'Bin': '/home/jenny/tensorflow-mri/bin'
[2025-03-19 15:01:08Z INFO HostContext] Well known directory 'Root': '/home/jenny/tensorflow-mri'
[2025-03-19 15:01:08Z INFO HostContext] Well known directory 'Work': '/home/jenny/tensorflow-mri/_work'
[2025-03-19 15:01:18Z INFO HostContext] Well known directory 'Bin': '/home/jenny/tensorflow-mri/bin'
[2025-03-19 15:01:18Z INFO HostContext] Well known directory 'Root': '/home/jenny/tensorflow-mri'
[2025-03-19 15:01:18Z INFO HostContext] Well known directory 'Work': '/home/jenny/tensorflow-mri/_work'
[2025-03-19 15:01:28Z INFO HostContext] Well known directory 'Bin': '/home/jenny/tensorflow-mri/bin'
[2025-03-19 15:01:28Z INFO HostContext] Well known directory 'Root': '/home/jenny/tensorflow-mri'
[2025-03-19 15:01:28Z INFO HostContext] Well known directory 'Work': '/home/jenny/tensorflow-mri/_work'
[2025-03-19 15:01:38Z INFO HostContext] Well known directory 'Bin': '/home/jenny/tensorflow-mri/bin'
[2025-03-19 15:01:38Z INFO HostContext] Well known directory 'Root': '/home/jenny/tensorflow-mri'
[2025-03-19 15:01:38Z INFO HostContext] Well known directory 'Work': '/home/jenny/tensorflow-mri/_work'
[2025-03-19 15:01:48Z INFO HostContext] Well known directory 'Bin': '/home/jenny/tensorflow-mri/bin'
[2025-03-19 15:01:48Z INFO HostContext] Well known directory 'Root': '/home/jenny/tensorflow-mri'
[2025-03-19 15:01:48Z INFO HostContext] Well known directory 'Work': '/home/jenny/tensorflow-mri/_work'
[2025-03-19 15:01:58Z INFO HostContext] Well known directory 'Bin': '/home/jenny/tensorflow-mri/bin'
[2025-03-19 15:01:58Z INFO HostContext] Well known directory 'Root': '/home/jenny/tensorflow-mri'
[2025-03-19 15:01:58Z INFO HostContext] Well known directory 'Work': '/home/jenny/tensorflow-mri/_work'
[2025-03-19 15:02:08Z INFO HostContext] Well known directory 'Bin': '/home/jenny/tensorflow-mri/bin'
[2025-03-19 15:02:08Z INFO HostContext] Well known directory 'Root': '/home/jenny/tensorflow-mri'
[2025-03-19 15:02:08Z INFO HostContext] Well known directory 'Work': '/home/jenny/tensorflow-mri/_work'
[2025-03-19 15:02:18Z INFO HostContext] Well known directory 'Bin': '/home/jenny/tensorflow-mri/bin'
[2025-03-19 15:02:18Z INFO HostContext] Well known directory 'Root': '/home/jenny/tensorflow-mri'
[2025-03-19 15:02:18Z INFO HostContext] Well known directory 'Work': '/home/jenny/tensorflow-mri/_work'
[2025-03-19 15:02:21Z INFO JobServerQueue] Try to append 1 batches web console lines for record 'f355e6cf-a639-4a09-926b-218b0d80cbc0', success rate: 1/1.
[2025-03-19 15:02:28Z INFO HostContext] Well known directory 'Bin': '/home/jenny/tensorflow-mri/bin'
[2025-03-19 15:02:28Z INFO HostContext] Well known directory 'Root': '/home/jenny/tensorflow-mri'
[2025-03-19 15:02:28Z INFO HostContext] Well known directory 'Work': '/home/jenny/tensorflow-mri/_work'
[2025-03-19 15:02:38Z INFO HostContext] Well known directory 'Bin': '/home/jenny/tensorflow-mri/bin'
[2025-03-19 15:02:38Z INFO HostContext] Well known directory 'Root': '/home/jenny/tensorflow-mri'
[2025-03-19 15:02:38Z INFO HostContext] Well known directory 'Work': '/home/jenny/tensorflow-mri/_work'
[2025-03-19 15:02:48Z INFO HostContext] Well known directory 'Bin': '/home/jenny/tensorflow-mri/bin'
[2025-03-19 15:02:48Z INFO HostContext] Well known directory 'Root': '/home/jenny/tensorflow-mri'
[2025-03-19 15:02:48Z INFO HostContext] Well known directory 'Work': '/home/jenny/tensorflow-mri/_work'
[2025-03-19 15:02:52Z INFO JobServerQueue] Try to append 1 batches web console lines for record 'f355e6cf-a639-4a09-926b-218b0d80cbc0', success rate: 1/1.
[2025-03-19 15:02:58Z INFO HostContext] Well known directory 'Bin': '/home/jenny/tensorflow-mri/bin'
[2025-03-19 15:02:58Z INFO HostContext] Well known directory 'Root': '/home/jenny/tensorflow-mri'
[2025-03-19 15:02:58Z INFO HostContext] Well known directory 'Work': '/home/jenny/tensorflow-mri/_work'
[2025-03-19 15:03:08Z INFO HostContext] Well known directory 'Bin': '/home/jenny/tensorflow-mri/bin'
[2025-03-19 15:03:08Z INFO HostContext] Well known directory 'Root': '/home/jenny/tensorflow-mri'
[2025-03-19 15:03:08Z INFO HostContext] Well known directory 'Work': '/home/jenny/tensorflow-mri/_work'
[2025-03-19 15:03:18Z INFO HostContext] Well known directory 'Bin': '/home/jenny/tensorflow-mri/bin'
[2025-03-19 15:03:18Z INFO HostContext] Well known directory 'Root': '/home/jenny/tensorflow-mri'
[2025-03-19 15:03:18Z INFO HostContext] Well known directory 'Work': '/home/jenny/tensorflow-mri/_work'
[2025-03-19 15:03:28Z INFO HostContext] Well known directory 'Bin': '/home/jenny/tensorflow-mri/bin'
[2025-03-19 15:03:28Z INFO HostContext] Well known directory 'Root': '/home/jenny/tensorflow-mri'
[2025-03-19 15:03:28Z INFO HostContext] Well known directory 'Work': '/home/jenny/tensorflow-mri/_work'
[2025-03-19 15:03:38Z INFO HostContext] Well known directory 'Bin': '/home/jenny/tensorflow-mri/bin'
[2025-03-19 15:03:38Z INFO HostContext] Well known directory 'Root': '/home/jenny/tensorflow-mri'
[2025-03-19 15:03:38Z INFO HostContext] Well known directory 'Work': '/home/jenny/tensorflow-mri/_work'
[2025-03-19 15:03:48Z INFO HostContext] Well known directory 'Bin': '/home/jenny/tensorflow-mri/bin'
[2025-03-19 15:03:48Z INFO HostContext] Well known directory 'Root': '/home/jenny/tensorflow-mri'
[2025-03-19 15:03:48Z INFO HostContext] Well known directory 'Work': '/home/jenny/tensorflow-mri/_work'
[2025-03-19 15:03:58Z INFO HostContext] Well known directory 'Bin': '/home/jenny/tensorflow-mri/bin'
[2025-03-19 15:03:58Z INFO HostContext] Well known directory 'Root': '/home/jenny/tensorflow-mri'
[2025-03-19 15:03:58Z INFO HostContext] Well known directory 'Work': '/home/jenny/tensorflow-mri/_work'
[2025-03-19 15:04:08Z INFO HostContext] Well known directory 'Bin': '/home/jenny/tensorflow-mri/bin'
[2025-03-19 15:04:08Z INFO HostContext] Well known directory 'Root': '/home/jenny/tensorflow-mri'
[2025-03-19 15:04:08Z INFO HostContext] Well known directory 'Work': '/home/jenny/tensorflow-mri/_work'
[2025-03-19 15:04:18Z INFO HostContext] Well known directory 'Bin': '/home/jenny/tensorflow-mri/bin'
[2025-03-19 15:04:18Z INFO HostContext] Well known directory 'Root': '/home/jenny/tensorflow-mri'
[2025-03-19 15:04:18Z INFO HostContext] Well known directory 'Work': '/home/jenny/tensorflow-mri/_work'
[2025-03-19 15:04:28Z INFO HostContext] Well known directory 'Bin': '/home/jenny/tensorflow-mri/bin'
[2025-03-19 15:04:28Z INFO HostContext] Well known directory 'Root': '/home/jenny/tensorflow-mri'
[2025-03-19 15:04:28Z INFO HostContext] Well known directory 'Work': '/home/jenny/tensorflow-mri/_work'
[2025-03-19 15:04:38Z INFO HostContext] Well known directory 'Bin': '/home/jenny/tensorflow-mri/bin'
[2025-03-19 15:04:38Z INFO HostContext] Well known directory 'Root': '/home/jenny/tensorflow-mri'
[2025-03-19 15:04:38Z INFO HostContext] Well known directory 'Work': '/home/jenny/tensorflow-mri/_work'
[2025-03-19 15:04:48Z INFO HostContext] Well known directory 'Bin': '/home/jenny/tensorflow-mri/bin'
[2025-03-19 15:04:48Z INFO HostContext] Well known directory 'Root': '/home/jenny/tensorflow-mri'
[2025-03-19 15:04:48Z INFO HostContext] Well known directory 'Work': '/home/jenny/tensorflow-mri/_work'
[2025-03-19 15:04:58Z INFO HostContext] Well known directory 'Bin': '/home/jenny/tensorflow-mri/bin'
[2025-03-19 15:04:58Z INFO HostContext] Well known directory 'Root': '/home/jenny/tensorflow-mri'
[2025-03-19 15:04:58Z INFO HostContext] Well known directory 'Work': '/home/jenny/tensorflow-mri/_work'
[2025-03-19 15:05:08Z INFO HostContext] Well known directory 'Bin': '/home/jenny/tensorflow-mri/bin'
[2025-03-19 15:05:08Z INFO HostContext] Well known directory 'Root': '/home/jenny/tensorflow-mri'
[2025-03-19 15:05:08Z INFO HostContext] Well known directory 'Work': '/home/jenny/tensorflow-mri/_work'
[2025-03-19 15:05:18Z INFO HostContext] Well known directory 'Bin': '/home/jenny/tensorflow-mri/bin'
[2025-03-19 15:05:18Z INFO HostContext] Well known directory 'Root': '/home/jenny/tensorflow-mri'
[2025-03-19 15:05:18Z INFO HostContext] Well known directory 'Work': '/home/jenny/tensorflow-mri/_work'
[2025-03-19 15:05:28Z INFO HostContext] Well known directory 'Bin': '/home/jenny/tensorflow-mri/bin'
[2025-03-19 15:05:28Z INFO HostContext] Well known directory 'Root': '/home/jenny/tensorflow-mri'
[2025-03-19 15:05:28Z INFO HostContext] Well known directory 'Work': '/home/jenny/tensorflow-mri/_work'
[2025-03-19 15:05:38Z INFO HostContext] Well known directory 'Bin': '/home/jenny/tensorflow-mri/bin'
[2025-03-19 15:05:38Z INFO HostContext] Well known directory 'Root': '/home/jenny/tensorflow-mri'
[2025-03-19 15:05:38Z INFO HostContext] Well known directory 'Work': '/home/jenny/tensorflow-mri/_work'
[2025-03-19 15:05:48Z INFO HostContext] Well known directory 'Bin': '/home/jenny/tensorflow-mri/bin'
[2025-03-19 15:05:48Z INFO HostContext] Well known directory 'Root': '/home/jenny/tensorflow-mri'
[2025-03-19 15:05:48Z INFO HostContext] Well known directory 'Work': '/home/jenny/tensorflow-mri/_work'
[2025-03-19 15:05:49Z INFO JobServerQueue] Try to append 1 batches web console lines for record 'f355e6cf-a639-4a09-926b-218b0d80cbc0', success rate: 1/1.
[2025-03-19 15:05:52Z INFO JobServerQueue] Try to append 1 batches web console lines for record 'f355e6cf-a639-4a09-926b-218b0d80cbc0', success rate: 1/1.
[2025-03-19 15:05:53Z INFO JobServerQueue] Try to append 1 batches web console lines for record 'f355e6cf-a639-4a09-926b-218b0d80cbc0', success rate: 1/1.
[2025-03-19 15:05:53Z INFO JobServerQueue] Try to append 1 batches web console lines for record 'f355e6cf-a639-4a09-926b-218b0d80cbc0', success rate: 1/1.
[2025-03-19 15:05:54Z INFO JobServerQueue] Try to append 1 batches web console lines for record 'f355e6cf-a639-4a09-926b-218b0d80cbc0', success rate: 1/1.
[2025-03-19 15:05:54Z INFO JobServerQueue] Try to append 1 batches web console lines for record 'f355e6cf-a639-4a09-926b-218b0d80cbc0', success rate: 1/1.
[2025-03-19 15:05:55Z INFO JobServerQueue] Try to append 1 batches web console lines for record 'f355e6cf-a639-4a09-926b-218b0d80cbc0', success rate: 1/1.
[2025-03-19 15:05:58Z INFO HostContext] Well known directory 'Bin': '/home/jenny/tensorflow-mri/bin'
[2025-03-19 15:05:58Z INFO HostContext] Well known directory 'Root': '/home/jenny/tensorflow-mri'
[2025-03-19 15:05:58Z INFO HostContext] Well known directory 'Work': '/home/jenny/tensorflow-mri/_work'
[2025-03-19 15:06:04Z INFO JobServerQueue] Try to append 1 batches web console lines for record 'f355e6cf-a639-4a09-926b-218b0d80cbc0', success rate: 1/1.
[2025-03-19 15:06:08Z INFO HostContext] Well known directory 'Bin': '/home/jenny/tensorflow-mri/bin'
[2025-03-19 15:06:08Z INFO HostContext] Well known directory 'Root': '/home/jenny/tensorflow-mri'
[2025-03-19 15:06:08Z INFO HostContext] Well known directory 'Work': '/home/jenny/tensorflow-mri/_work'
[2025-03-19 15:06:18Z INFO HostContext] Well known directory 'Bin': '/home/jenny/tensorflow-mri/bin'
[2025-03-19 15:06:18Z INFO HostContext] Well known directory 'Root': '/home/jenny/tensorflow-mri'
[2025-03-19 15:06:18Z INFO HostContext] Well known directory 'Work': '/home/jenny/tensorflow-mri/_work'
[2025-03-19 15:06:28Z INFO HostContext] Well known directory 'Bin': '/home/jenny/tensorflow-mri/bin'
[2025-03-19 15:06:28Z INFO HostContext] Well known directory 'Root': '/home/jenny/tensorflow-mri'
[2025-03-19 15:06:28Z INFO HostContext] Well known directory 'Work': '/home/jenny/tensorflow-mri/_work'
[2025-03-19 15:06:33Z INFO JobServerQueue] Try to append 1 batches web console lines for record 'f355e6cf-a639-4a09-926b-218b0d80cbc0', success rate: 1/1.
[2025-03-19 15:06:38Z INFO HostContext] Well known directory 'Bin': '/home/jenny/tensorflow-mri/bin'
[2025-03-19 15:06:38Z INFO HostContext] Well known directory 'Root': '/home/jenny/tensorflow-mri'
[2025-03-19 15:06:38Z INFO HostContext] Well known directory 'Work': '/home/jenny/tensorflow-mri/_work'
[2025-03-19 15:06:48Z INFO HostContext] Well known directory 'Bin': '/home/jenny/tensorflow-mri/bin'
[2025-03-19 15:06:48Z INFO HostContext] Well known directory 'Root': '/home/jenny/tensorflow-mri'
[2025-03-19 15:06:48Z INFO HostContext] Well known directory 'Work': '/home/jenny/tensorflow-mri/_work'
[2025-03-19 15:06:58Z INFO HostContext] Well known directory 'Bin': '/home/jenny/tensorflow-mri/bin'
[2025-03-19 15:06:58Z INFO HostContext] Well known directory 'Root': '/home/jenny/tensorflow-mri'
[2025-03-19 15:06:58Z INFO HostContext] Well known directory 'Work': '/home/jenny/tensorflow-mri/_work'
[2025-03-19 15:07:08Z INFO HostContext] Well known directory 'Bin': '/home/jenny/tensorflow-mri/bin'
[2025-03-19 15:07:08Z INFO HostContext] Well known directory 'Root': '/home/jenny/tensorflow-mri'
[2025-03-19 15:07:08Z INFO HostContext] Well known directory 'Work': '/home/jenny/tensorflow-mri/_work'
[2025-03-19 15:07:18Z INFO HostContext] Well known directory 'Bin': '/home/jenny/tensorflow-mri/bin'
[2025-03-19 15:07:18Z INFO HostContext] Well known directory 'Root': '/home/jenny/tensorflow-mri'
[2025-03-19 15:07:18Z INFO HostContext] Well known directory 'Work': '/home/jenny/tensorflow-mri/_work'
[2025-03-19 15:07:28Z INFO HostContext] Well known directory 'Bin': '/home/jenny/tensorflow-mri/bin'
[2025-03-19 15:07:28Z INFO HostContext] Well known directory 'Root': '/home/jenny/tensorflow-mri'
[2025-03-19 15:07:28Z INFO HostContext] Well known directory 'Work': '/home/jenny/tensorflow-mri/_work'
[2025-03-19 15:07:38Z INFO HostContext] Well known directory 'Bin': '/home/jenny/tensorflow-mri/bin'
[2025-03-19 15:07:38Z INFO HostContext] Well known directory 'Root': '/home/jenny/tensorflow-mri'
[2025-03-19 15:07:38Z INFO HostContext] Well known directory 'Work': '/home/jenny/tensorflow-mri/_work'
[2025-03-19 15:07:48Z INFO HostContext] Well known directory 'Bin': '/home/jenny/tensorflow-mri/bin'
[2025-03-19 15:07:48Z INFO HostContext] Well known directory 'Root': '/home/jenny/tensorflow-mri'
[2025-03-19 15:07:48Z INFO HostContext] Well known directory 'Work': '/home/jenny/tensorflow-mri/_work'
[2025-03-19 15:07:58Z INFO HostContext] Well known directory 'Bin': '/home/jenny/tensorflow-mri/bin'
[2025-03-19 15:07:58Z INFO HostContext] Well known directory 'Root': '/home/jenny/tensorflow-mri'
[2025-03-19 15:07:58Z INFO HostContext] Well known directory 'Work': '/home/jenny/tensorflow-mri/_work'
[2025-03-19 15:08:08Z INFO HostContext] Well known directory 'Bin': '/home/jenny/tensorflow-mri/bin'
[2025-03-19 15:08:08Z INFO HostContext] Well known directory 'Root': '/home/jenny/tensorflow-mri'
[2025-03-19 15:08:08Z INFO HostContext] Well known directory 'Work': '/home/jenny/tensorflow-mri/_work'
[2025-03-19 15:08:08Z INFO JobServerQueue] Try to append 1 batches web console lines for record 'f355e6cf-a639-4a09-926b-218b0d80cbc0', success rate: 1/1.
[2025-03-19 15:08:12Z INFO JobServerQueue] Try to append 1 batches web console lines for record 'f355e6cf-a639-4a09-926b-218b0d80cbc0', success rate: 1/1.
[2025-03-19 15:08:18Z INFO HostContext] Well known directory 'Bin': '/home/jenny/tensorflow-mri/bin'
[2025-03-19 15:08:18Z INFO HostContext] Well known directory 'Root': '/home/jenny/tensorflow-mri'
[2025-03-19 15:08:18Z INFO HostContext] Well known directory 'Work': '/home/jenny/tensorflow-mri/_work'
[2025-03-19 15:08:28Z INFO HostContext] Well known directory 'Bin': '/home/jenny/tensorflow-mri/bin'
[2025-03-19 15:08:28Z INFO HostContext] Well known directory 'Root': '/home/jenny/tensorflow-mri'
[2025-03-19 15:08:28Z INFO HostContext] Well known directory 'Work': '/home/jenny/tensorflow-mri/_work'
[2025-03-19 15:08:38Z INFO HostContext] Well known directory 'Bin': '/home/jenny/tensorflow-mri/bin'
[2025-03-19 15:08:38Z INFO HostContext] Well known directory 'Root': '/home/jenny/tensorflow-mri'
[2025-03-19 15:08:38Z INFO HostContext] Well known directory 'Work': '/home/jenny/tensorflow-mri/_work'
[2025-03-19 15:08:48Z INFO HostContext] Well known directory 'Bin': '/home/jenny/tensorflow-mri/bin'
[2025-03-19 15:08:48Z INFO HostContext] Well known directory 'Root': '/home/jenny/tensorflow-mri'
[2025-03-19 15:08:48Z INFO HostContext] Well known directory 'Work': '/home/jenny/tensorflow-mri/_work'
[2025-03-19 15:08:52Z INFO JobServerQueue] Try to append 1 batches web console lines for record 'f355e6cf-a639-4a09-926b-218b0d80cbc0', success rate: 1/1.
[2025-03-19 15:08:52Z INFO JobServerQueue] Try to append 1 batches web console lines for record 'f355e6cf-a639-4a09-926b-218b0d80cbc0', success rate: 1/1.
[2025-03-19 15:08:53Z INFO JobServerQueue] Try to append 1 batches web console lines for record 'f355e6cf-a639-4a09-926b-218b0d80cbc0', success rate: 1/1.
[2025-03-19 15:08:54Z INFO JobServerQueue] Try to append 1 batches web console lines for record 'f355e6cf-a639-4a09-926b-218b0d80cbc0', success rate: 1/1.
[2025-03-19 15:08:55Z INFO JobServerQueue] Try to append 1 batches web console lines for record 'f355e6cf-a639-4a09-926b-218b0d80cbc0', success rate: 1/1.
[2025-03-19 15:08:57Z INFO JobServerQueue] Try to append 1 batches web console lines for record 'f355e6cf-a639-4a09-926b-218b0d80cbc0', success rate: 1/1.
[2025-03-19 15:08:57Z INFO JobServerQueue] Try to append 1 batches web console lines for record 'f355e6cf-a639-4a09-926b-218b0d80cbc0', success rate: 1/1.
[2025-03-19 15:08:58Z INFO HostContext] Well known directory 'Bin': '/home/jenny/tensorflow-mri/bin'
[2025-03-19 15:08:58Z INFO HostContext] Well known directory 'Root': '/home/jenny/tensorflow-mri'
[2025-03-19 15:08:58Z INFO HostContext] Well known directory 'Work': '/home/jenny/tensorflow-mri/_work'
[2025-03-19 15:09:08Z INFO HostContext] Well known directory 'Bin': '/home/jenny/tensorflow-mri/bin'
[2025-03-19 15:09:08Z INFO HostContext] Well known directory 'Root': '/home/jenny/tensorflow-mri'
[2025-03-19 15:09:08Z INFO HostContext] Well known directory 'Work': '/home/jenny/tensorflow-mri/_work'
[2025-03-19 15:09:18Z INFO HostContext] Well known directory 'Bin': '/home/jenny/tensorflow-mri/bin'
[2025-03-19 15:09:18Z INFO HostContext] Well known directory 'Root': '/home/jenny/tensorflow-mri'
[2025-03-19 15:09:18Z INFO HostContext] Well known directory 'Work': '/home/jenny/tensorflow-mri/_work'
[2025-03-19 15:09:28Z INFO HostContext] Well known directory 'Bin': '/home/jenny/tensorflow-mri/bin'
[2025-03-19 15:09:28Z INFO HostContext] Well known directory 'Root': '/home/jenny/tensorflow-mri'
[2025-03-19 15:09:28Z INFO HostContext] Well known directory 'Work': '/home/jenny/tensorflow-mri/_work'
[2025-03-19 15:09:38Z INFO HostContext] Well known directory 'Bin': '/home/jenny/tensorflow-mri/bin'
[2025-03-19 15:09:38Z INFO HostContext] Well known directory 'Root': '/home/jenny/tensorflow-mri'
[2025-03-19 15:09:38Z INFO HostContext] Well known directory 'Work': '/home/jenny/tensorflow-mri/_work'
[2025-03-19 15:09:48Z INFO HostContext] Well known directory 'Bin': '/home/jenny/tensorflow-mri/bin'
[2025-03-19 15:09:48Z INFO HostContext] Well known directory 'Root': '/home/jenny/tensorflow-mri'
[2025-03-19 15:09:48Z INFO HostContext] Well known directory 'Work': '/home/jenny/tensorflow-mri/_work'
[2025-03-19 15:09:58Z INFO HostContext] Well known directory 'Bin': '/home/jenny/tensorflow-mri/bin'
[2025-03-19 15:09:58Z INFO HostContext] Well known directory 'Root': '/home/jenny/tensorflow-mri'
[2025-03-19 15:09:58Z INFO HostContext] Well known directory 'Work': '/home/jenny/tensorflow-mri/_work'
[2025-03-19 15:10:08Z INFO HostContext] Well known directory 'Bin': '/home/jenny/tensorflow-mri/bin'
[2025-03-19 15:10:08Z INFO HostContext] Well known directory 'Root': '/home/jenny/tensorflow-mri'
[2025-03-19 15:10:08Z INFO HostContext] Well known directory 'Work': '/home/jenny/tensorflow-mri/_work'
[2025-03-19 15:10:18Z INFO HostContext] Well known directory 'Bin': '/home/jenny/tensorflow-mri/bin'
[2025-03-19 15:10:18Z INFO HostContext] Well known directory 'Root': '/home/jenny/tensorflow-mri'
[2025-03-19 15:10:18Z INFO HostContext] Well known directory 'Work': '/home/jenny/tensorflow-mri/_work'
[2025-03-19 15:10:28Z INFO HostContext] Well known directory 'Bin': '/home/jenny/tensorflow-mri/bin'
[2025-03-19 15:10:28Z INFO HostContext] Well known directory 'Root': '/home/jenny/tensorflow-mri'
[2025-03-19 15:10:28Z INFO HostContext] Well known directory 'Work': '/home/jenny/tensorflow-mri/_work'
[2025-03-19 15:10:38Z INFO HostContext] Well known directory 'Bin': '/home/jenny/tensorflow-mri/bin'
[2025-03-19 15:10:38Z INFO HostContext] Well known directory 'Root': '/home/jenny/tensorflow-mri'
[2025-03-19 15:10:38Z INFO HostContext] Well known directory 'Work': '/home/jenny/tensorflow-mri/_work'
[2025-03-19 15:10:48Z INFO HostContext] Well known directory 'Bin': '/home/jenny/tensorflow-mri/bin'
[2025-03-19 15:10:48Z INFO HostContext] Well known directory 'Root': '/home/jenny/tensorflow-mri'
[2025-03-19 15:10:48Z INFO HostContext] Well known directory 'Work': '/home/jenny/tensorflow-mri/_work'
[2025-03-19 15:10:58Z INFO HostContext] Well known directory 'Bin': '/home/jenny/tensorflow-mri/bin'
[2025-03-19 15:10:58Z INFO HostContext] Well known directory 'Root': '/home/jenny/tensorflow-mri'
[2025-03-19 15:10:58Z INFO HostContext] Well known directory 'Work': '/home/jenny/tensorflow-mri/_work'
[2025-03-19 15:11:08Z INFO HostContext] Well known directory 'Bin': '/home/jenny/tensorflow-mri/bin'
[2025-03-19 15:11:08Z INFO HostContext] Well known directory 'Root': '/home/jenny/tensorflow-mri'
[2025-03-19 15:11:08Z INFO HostContext] Well known directory 'Work': '/home/jenny/tensorflow-mri/_work'
[2025-03-19 15:11:13Z INFO JobServerQueue] Try to append 1 batches web console lines for record 'f355e6cf-a639-4a09-926b-218b0d80cbc0', success rate: 1/1.
[2025-03-19 15:11:18Z INFO HostContext] Well known directory 'Bin': '/home/jenny/tensorflow-mri/bin'
[2025-03-19 15:11:18Z INFO HostContext] Well known directory 'Root': '/home/jenny/tensorflow-mri'
[2025-03-19 15:11:18Z INFO HostContext] Well known directory 'Work': '/home/jenny/tensorflow-mri/_work'
[2025-03-19 15:11:28Z INFO HostContext] Well known directory 'Bin': '/home/jenny/tensorflow-mri/bin'
[2025-03-19 15:11:28Z INFO HostContext] Well known directory 'Root': '/home/jenny/tensorflow-mri'
[2025-03-19 15:11:28Z INFO HostContext] Well known directory 'Work': '/home/jenny/tensorflow-mri/_work'
[2025-03-19 15:11:38Z INFO HostContext] Well known directory 'Bin': '/home/jenny/tensorflow-mri/bin'
[2025-03-19 15:11:38Z INFO HostContext] Well known directory 'Root': '/home/jenny/tensorflow-mri'
[2025-03-19 15:11:38Z INFO HostContext] Well known directory 'Work': '/home/jenny/tensorflow-mri/_work'
[2025-03-19 15:11:48Z INFO HostContext] Well known directory 'Bin': '/home/jenny/tensorflow-mri/bin'
[2025-03-19 15:11:48Z INFO HostContext] Well known directory 'Root': '/home/jenny/tensorflow-mri'
[2025-03-19 15:11:48Z INFO HostContext] Well known directory 'Work': '/home/jenny/tensorflow-mri/_work'
[2025-03-19 15:11:58Z INFO HostContext] Well known directory 'Bin': '/home/jenny/tensorflow-mri/bin'
[2025-03-19 15:11:58Z INFO HostContext] Well known directory 'Root': '/home/jenny/tensorflow-mri'
[2025-03-19 15:11:58Z INFO HostContext] Well known directory 'Work': '/home/jenny/tensorflow-mri/_work'
[2025-03-19 15:12:08Z INFO HostContext] Well known directory 'Bin': '/home/jenny/tensorflow-mri/bin'
[2025-03-19 15:12:08Z INFO HostContext] Well known directory 'Root': '/home/jenny/tensorflow-mri'
[2025-03-19 15:12:08Z INFO HostContext] Well known directory 'Work': '/home/jenny/tensorflow-mri/_work'
[2025-03-19 15:12:18Z INFO HostContext] Well known directory 'Bin': '/home/jenny/tensorflow-mri/bin'
[2025-03-19 15:12:18Z INFO HostContext] Well known directory 'Root': '/home/jenny/tensorflow-mri'
[2025-03-19 15:12:18Z INFO HostContext] Well known directory 'Work': '/home/jenny/tensorflow-mri/_work'
[2025-03-19 15:12:28Z INFO HostContext] Well known directory 'Bin': '/home/jenny/tensorflow-mri/bin'
[2025-03-19 15:12:28Z INFO HostContext] Well known directory 'Root': '/home/jenny/tensorflow-mri'
[2025-03-19 15:12:28Z INFO HostContext] Well known directory 'Work': '/home/jenny/tensorflow-mri/_work'
[2025-03-19 15:12:38Z INFO HostContext] Well known directory 'Bin': '/home/jenny/tensorflow-mri/bin'
[2025-03-19 15:12:38Z INFO HostContext] Well known directory 'Root': '/home/jenny/tensorflow-mri'
[2025-03-19 15:12:38Z INFO HostContext] Well known directory 'Work': '/home/jenny/tensorflow-mri/_work'
[2025-03-19 15:12:48Z INFO HostContext] Well known directory 'Bin': '/home/jenny/tensorflow-mri/bin'
[2025-03-19 15:12:48Z INFO HostContext] Well known directory 'Root': '/home/jenny/tensorflow-mri'
[2025-03-19 15:12:48Z INFO HostContext] Well known directory 'Work': '/home/jenny/tensorflow-mri/_work'
[2025-03-19 15:12:58Z INFO HostContext] Well known directory 'Bin': '/home/jenny/tensorflow-mri/bin'
[2025-03-19 15:12:58Z INFO HostContext] Well known directory 'Root': '/home/jenny/tensorflow-mri'
[2025-03-19 15:12:58Z INFO HostContext] Well known directory 'Work': '/home/jenny/tensorflow-mri/_work'
[2025-03-19 15:13:08Z INFO HostContext] Well known directory 'Bin': '/home/jenny/tensorflow-mri/bin'
[2025-03-19 15:13:08Z INFO HostContext] Well known directory 'Root': '/home/jenny/tensorflow-mri'
[2025-03-19 15:13:08Z INFO HostContext] Well known directory 'Work': '/home/jenny/tensorflow-mri/_work'
[2025-03-19 15:13:18Z INFO HostContext] Well known directory 'Bin': '/home/jenny/tensorflow-mri/bin'
[2025-03-19 15:13:18Z INFO HostContext] Well known directory 'Root': '/home/jenny/tensorflow-mri'
[2025-03-19 15:13:18Z INFO HostContext] Well known directory 'Work': '/home/jenny/tensorflow-mri/_work'
[2025-03-19 15:13:28Z INFO HostContext] Well known directory 'Bin': '/home/jenny/tensorflow-mri/bin'
[2025-03-19 15:13:28Z INFO HostContext] Well known directory 'Root': '/home/jenny/tensorflow-mri'
[2025-03-19 15:13:28Z INFO HostContext] Well known directory 'Work': '/home/jenny/tensorflow-mri/_work'
[2025-03-19 15:13:38Z INFO HostContext] Well known directory 'Bin': '/home/jenny/tensorflow-mri/bin'
[2025-03-19 15:13:38Z INFO HostContext] Well known directory 'Root': '/home/jenny/tensorflow-mri'
[2025-03-19 15:13:38Z INFO HostContext] Well known directory 'Work': '/home/jenny/tensorflow-mri/_work'
[2025-03-19 15:13:41Z INFO JobServerQueue] Try to append 1 batches web console lines for record 'f355e6cf-a639-4a09-926b-218b0d80cbc0', success rate: 1/1.
[2025-03-19 15:13:44Z INFO JobServerQueue] Try to append 1 batches web console lines for record 'f355e6cf-a639-4a09-926b-218b0d80cbc0', success rate: 1/1.
[2025-03-19 15:13:48Z INFO HostContext] Well known directory 'Bin': '/home/jenny/tensorflow-mri/bin'
[2025-03-19 15:13:48Z INFO HostContext] Well known directory 'Root': '/home/jenny/tensorflow-mri'
[2025-03-19 15:13:48Z INFO HostContext] Well known directory 'Work': '/home/jenny/tensorflow-mri/_work'
[2025-03-19 15:13:58Z INFO HostContext] Well known directory 'Bin': '/home/jenny/tensorflow-mri/bin'
[2025-03-19 15:13:58Z INFO HostContext] Well known directory 'Root': '/home/jenny/tensorflow-mri'
[2025-03-19 15:13:58Z INFO HostContext] Well known directory 'Work': '/home/jenny/tensorflow-mri/_work'
[2025-03-19 15:14:08Z INFO HostContext] Well known directory 'Bin': '/home/jenny/tensorflow-mri/bin'
[2025-03-19 15:14:08Z INFO HostContext] Well known directory 'Root': '/home/jenny/tensorflow-mri'
[2025-03-19 15:14:08Z INFO HostContext] Well known directory 'Work': '/home/jenny/tensorflow-mri/_work'
[2025-03-19 15:14:18Z INFO HostContext] Well known directory 'Bin': '/home/jenny/tensorflow-mri/bin'
[2025-03-19 15:14:18Z INFO HostContext] Well known directory 'Root': '/home/jenny/tensorflow-mri'
[2025-03-19 15:14:18Z INFO HostContext] Well known directory 'Work': '/home/jenny/tensorflow-mri/_work'
[2025-03-19 15:14:28Z INFO HostContext] Well known directory 'Bin': '/home/jenny/tensorflow-mri/bin'
[2025-03-19 15:14:28Z INFO HostContext] Well known directory 'Root': '/home/jenny/tensorflow-mri'
[2025-03-19 15:14:28Z INFO HostContext] Well known directory 'Work': '/home/jenny/tensorflow-mri/_work'
[2025-03-19 15:14:38Z INFO HostContext] Well known directory 'Bin': '/home/jenny/tensorflow-mri/bin'
[2025-03-19 15:14:38Z INFO HostContext] Well known directory 'Root': '/home/jenny/tensorflow-mri'
[2025-03-19 15:14:38Z INFO HostContext] Well known directory 'Work': '/home/jenny/tensorflow-mri/_work'
[2025-03-19 15:14:48Z INFO HostContext] Well known directory 'Bin': '/home/jenny/tensorflow-mri/bin'
[2025-03-19 15:14:48Z INFO HostContext] Well known directory 'Root': '/home/jenny/tensorflow-mri'
[2025-03-19 15:14:48Z INFO HostContext] Well known directory 'Work': '/home/jenny/tensorflow-mri/_work'
[2025-03-19 15:14:58Z INFO HostContext] Well known directory 'Bin': '/home/jenny/tensorflow-mri/bin'
[2025-03-19 15:14:58Z INFO HostContext] Well known directory 'Root': '/home/jenny/tensorflow-mri'
[2025-03-19 15:14:58Z INFO HostContext] Well known directory 'Work': '/home/jenny/tensorflow-mri/_work'
[2025-03-19 15:15:08Z INFO HostContext] Well known directory 'Bin': '/home/jenny/tensorflow-mri/bin'
[2025-03-19 15:15:08Z INFO HostContext] Well known directory 'Root': '/home/jenny/tensorflow-mri'
[2025-03-19 15:15:08Z INFO HostContext] Well known directory 'Work': '/home/jenny/tensorflow-mri/_work'
[2025-03-19 15:15:18Z INFO HostContext] Well known directory 'Bin': '/home/jenny/tensorflow-mri/bin'
[2025-03-19 15:15:18Z INFO HostContext] Well known directory 'Root': '/home/jenny/tensorflow-mri'
[2025-03-19 15:15:18Z INFO HostContext] Well known directory 'Work': '/home/jenny/tensorflow-mri/_work'
[2025-03-19 15:15:28Z INFO HostContext] Well known directory 'Bin': '/home/jenny/tensorflow-mri/bin'
[2025-03-19 15:15:28Z INFO HostContext] Well known directory 'Root': '/home/jenny/tensorflow-mri'
[2025-03-19 15:15:28Z INFO HostContext] Well known directory 'Work': '/home/jenny/tensorflow-mri/_work'
[2025-03-19 15:15:38Z INFO HostContext] Well known directory 'Bin': '/home/jenny/tensorflow-mri/bin'
[2025-03-19 15:15:38Z INFO HostContext] Well known directory 'Root': '/home/jenny/tensorflow-mri'
[2025-03-19 15:15:38Z INFO HostContext] Well known directory 'Work': '/home/jenny/tensorflow-mri/_work'
[2025-03-19 15:15:41Z INFO JobServerQueue] Try to append 1 batches web console lines for record 'f355e6cf-a639-4a09-926b-218b0d80cbc0', success rate: 1/1.
[2025-03-19 15:15:48Z INFO HostContext] Well known directory 'Bin': '/home/jenny/tensorflow-mri/bin'
[2025-03-19 15:15:48Z INFO HostContext] Well known directory 'Root': '/home/jenny/tensorflow-mri'
[2025-03-19 15:15:48Z INFO HostContext] Well known directory 'Work': '/home/jenny/tensorflow-mri/_work'
[2025-03-19 15:15:58Z INFO HostContext] Well known directory 'Bin': '/home/jenny/tensorflow-mri/bin'
[2025-03-19 15:15:58Z INFO HostContext] Well known directory 'Root': '/home/jenny/tensorflow-mri'
[2025-03-19 15:15:58Z INFO HostContext] Well known directory 'Work': '/home/jenny/tensorflow-mri/_work'
[2025-03-19 15:16:08Z INFO HostContext] Well known directory 'Bin': '/home/jenny/tensorflow-mri/bin'
[2025-03-19 15:16:08Z INFO HostContext] Well known directory 'Root': '/home/jenny/tensorflow-mri'
[2025-03-19 15:16:08Z INFO HostContext] Well known directory 'Work': '/home/jenny/tensorflow-mri/_work'
[2025-03-19 15:16:18Z INFO HostContext] Well known directory 'Bin': '/home/jenny/tensorflow-mri/bin'
[2025-03-19 15:16:18Z INFO HostContext] Well known directory 'Root': '/home/jenny/tensorflow-mri'
[2025-03-19 15:16:18Z INFO HostContext] Well known directory 'Work': '/home/jenny/tensorflow-mri/_work'
[2025-03-19 15:16:28Z INFO HostContext] Well known directory 'Bin': '/home/jenny/tensorflow-mri/bin'
[2025-03-19 15:16:28Z INFO HostContext] Well known directory 'Root': '/home/jenny/tensorflow-mri'
[2025-03-19 15:16:28Z INFO HostContext] Well known directory 'Work': '/home/jenny/tensorflow-mri/_work'
[2025-03-19 15:16:38Z INFO HostContext] Well known directory 'Bin': '/home/jenny/tensorflow-mri/bin'
[2025-03-19 15:16:38Z INFO HostContext] Well known directory 'Root': '/home/jenny/tensorflow-mri'
[2025-03-19 15:16:38Z INFO HostContext] Well known directory 'Work': '/home/jenny/tensorflow-mri/_work'
[2025-03-19 15:16:48Z INFO HostContext] Well known directory 'Bin': '/home/jenny/tensorflow-mri/bin'
[2025-03-19 15:16:48Z INFO HostContext] Well known directory 'Root': '/home/jenny/tensorflow-mri'
[2025-03-19 15:16:48Z INFO HostContext] Well known directory 'Work': '/home/jenny/tensorflow-mri/_work'
[2025-03-19 15:16:58Z INFO HostContext] Well known directory 'Bin': '/home/jenny/tensorflow-mri/bin'
[2025-03-19 15:16:58Z INFO HostContext] Well known directory 'Root': '/home/jenny/tensorflow-mri'
[2025-03-19 15:16:58Z INFO HostContext] Well known directory 'Work': '/home/jenny/tensorflow-mri/_work'
[2025-03-19 15:17:08Z INFO HostContext] Well known directory 'Bin': '/home/jenny/tensorflow-mri/bin'
[2025-03-19 15:17:08Z INFO HostContext] Well known directory 'Root': '/home/jenny/tensorflow-mri'
[2025-03-19 15:17:08Z INFO HostContext] Well known directory 'Work': '/home/jenny/tensorflow-mri/_work'
[2025-03-19 15:17:18Z INFO HostContext] Well known directory 'Bin': '/home/jenny/tensorflow-mri/bin'
[2025-03-19 15:17:18Z INFO HostContext] Well known directory 'Root': '/home/jenny/tensorflow-mri'
[2025-03-19 15:17:18Z INFO HostContext] Well known directory 'Work': '/home/jenny/tensorflow-mri/_work'
[2025-03-19 15:17:28Z INFO HostContext] Well known directory 'Bin': '/home/jenny/tensorflow-mri/bin'
[2025-03-19 15:17:28Z INFO HostContext] Well known directory 'Root': '/home/jenny/tensorflow-mri'
[2025-03-19 15:17:28Z INFO HostContext] Well known directory 'Work': '/home/jenny/tensorflow-mri/_work'
[2025-03-19 15:17:38Z INFO HostContext] Well known directory 'Bin': '/home/jenny/tensorflow-mri/bin'
[2025-03-19 15:17:38Z INFO HostContext] Well known directory 'Root': '/home/jenny/tensorflow-mri'
[2025-03-19 15:17:38Z INFO HostContext] Well known directory 'Work': '/home/jenny/tensorflow-mri/_work'
[2025-03-19 15:17:48Z INFO HostContext] Well known directory 'Bin': '/home/jenny/tensorflow-mri/bin'
[2025-03-19 15:17:48Z INFO HostContext] Well known directory 'Root': '/home/jenny/tensorflow-mri'
[2025-03-19 15:17:48Z INFO HostContext] Well known directory 'Work': '/home/jenny/tensorflow-mri/_work'
[2025-03-19 15:17:58Z INFO HostContext] Well known directory 'Bin': '/home/jenny/tensorflow-mri/bin'
[2025-03-19 15:17:58Z INFO HostContext] Well known directory 'Root': '/home/jenny/tensorflow-mri'
[2025-03-19 15:17:58Z INFO HostContext] Well known directory 'Work': '/home/jenny/tensorflow-mri/_work'
[2025-03-19 15:18:08Z INFO HostContext] Well known directory 'Bin': '/home/jenny/tensorflow-mri/bin'
[2025-03-19 15:18:08Z INFO HostContext] Well known directory 'Root': '/home/jenny/tensorflow-mri'
[2025-03-19 15:18:08Z INFO HostContext] Well known directory 'Work': '/home/jenny/tensorflow-mri/_work'
[2025-03-19 15:18:10Z INFO JobServerQueue] Try to append 1 batches web console lines for record 'f355e6cf-a639-4a09-926b-218b0d80cbc0', success rate: 1/1.
[2025-03-19 15:18:11Z INFO JobServerQueue] Try to append 1 batches web console lines for record 'f355e6cf-a639-4a09-926b-218b0d80cbc0', success rate: 1/1.
[2025-03-19 15:18:12Z INFO JobServerQueue] Try to append 1 batches web console lines for record 'f355e6cf-a639-4a09-926b-218b0d80cbc0', success rate: 1/1.
[2025-03-19 15:18:13Z INFO JobServerQueue] Try to append 1 batches web console lines for record 'f355e6cf-a639-4a09-926b-218b0d80cbc0', success rate: 1/1.
[2025-03-19 15:18:13Z INFO JobServerQueue] Try to append 1 batches web console lines for record 'f355e6cf-a639-4a09-926b-218b0d80cbc0', success rate: 1/1.
[2025-03-19 15:18:14Z INFO JobServerQueue] Try to append 1 batches web console lines for record 'f355e6cf-a639-4a09-926b-218b0d80cbc0', success rate: 1/1.
[2025-03-19 15:18:17Z INFO JobServerQueue] Try to append 1 batches web console lines for record 'f355e6cf-a639-4a09-926b-218b0d80cbc0', success rate: 1/1.
[2025-03-19 15:18:18Z INFO HostContext] Well known directory 'Bin': '/home/jenny/tensorflow-mri/bin'
[2025-03-19 15:18:18Z INFO HostContext] Well known directory 'Root': '/home/jenny/tensorflow-mri'
[2025-03-19 15:18:18Z INFO HostContext] Well known directory 'Work': '/home/jenny/tensorflow-mri/_work'
[2025-03-19 15:18:21Z INFO JobServerQueue] Try to append 1 batches web console lines for record 'f355e6cf-a639-4a09-926b-218b0d80cbc0', success rate: 1/1.
[2025-03-19 15:18:21Z INFO JobServerQueue] Try to append 1 batches web console lines for record 'f355e6cf-a639-4a09-926b-218b0d80cbc0', success rate: 1/1.
[2025-03-19 15:18:23Z INFO JobServerQueue] Try to append 1 batches web console lines for record 'f355e6cf-a639-4a09-926b-218b0d80cbc0', success rate: 1/1.
[2025-03-19 15:18:23Z INFO JobServerQueue] Try to append 1 batches web console lines for record 'f355e6cf-a639-4a09-926b-218b0d80cbc0', success rate: 1/1.
[2025-03-19 15:18:27Z INFO JobServerQueue] Try to append 1 batches web console lines for record 'f355e6cf-a639-4a09-926b-218b0d80cbc0', success rate: 1/1.
[2025-03-19 15:18:27Z INFO JobServerQueue] Try to append 1 batches web console lines for record 'f355e6cf-a639-4a09-926b-218b0d80cbc0', success rate: 1/1.
[2025-03-19 15:18:28Z INFO JobServerQueue] Try to append 1 batches web console lines for record 'f355e6cf-a639-4a09-926b-218b0d80cbc0', success rate: 1/1.
[2025-03-19 15:18:28Z INFO JobServerQueue] Try to append 1 batches web console lines for record 'f355e6cf-a639-4a09-926b-218b0d80cbc0', success rate: 1/1.
[2025-03-19 15:18:28Z INFO HostContext] Well known directory 'Bin': '/home/jenny/tensorflow-mri/bin'
[2025-03-19 15:18:28Z INFO HostContext] Well known directory 'Root': '/home/jenny/tensorflow-mri'
[2025-03-19 15:18:28Z INFO HostContext] Well known directory 'Work': '/home/jenny/tensorflow-mri/_work'
[2025-03-19 15:18:29Z INFO JobServerQueue] Try to append 1 batches web console lines for record 'f355e6cf-a639-4a09-926b-218b0d80cbc0', success rate: 1/1.
[2025-03-19 15:18:34Z INFO JobServerQueue] Try to append 2 batches web console lines for record 'f355e6cf-a639-4a09-926b-218b0d80cbc0', success rate: 2/2.
[2025-03-19 15:18:34Z INFO JobServerQueue] Try to append 3 batches web console lines for record 'f355e6cf-a639-4a09-926b-218b0d80cbc0', success rate: 3/3.
[2025-03-19 15:18:35Z INFO JobServerQueue] Try to append 4 batches web console lines for record 'f355e6cf-a639-4a09-926b-218b0d80cbc0', success rate: 4/4.
[2025-03-19 15:18:35Z INFO JobServerQueue] Try to append 6 batches web console lines for record 'f355e6cf-a639-4a09-926b-218b0d80cbc0', success rate: 6/6.
[2025-03-19 15:18:36Z INFO JobServerQueue] Try to append 6 batches web console lines for record 'f355e6cf-a639-4a09-926b-218b0d80cbc0', success rate: 6/6.
[2025-03-19 15:18:36Z INFO JobServerQueue] Try to append 3 batches web console lines for record 'f355e6cf-a639-4a09-926b-218b0d80cbc0', success rate: 3/3.
[2025-03-19 15:18:37Z INFO JobServerQueue] Try to append 2 batches web console lines for record 'f355e6cf-a639-4a09-926b-218b0d80cbc0', success rate: 2/2.
[2025-03-19 15:18:37Z INFO JobServerQueue] Try to append 1 batches web console lines for record 'f355e6cf-a639-4a09-926b-218b0d80cbc0', success rate: 1/1.
[2025-03-19 15:18:38Z INFO JobServerQueue] Try to append 1 batches web console lines for record 'f355e6cf-a639-4a09-926b-218b0d80cbc0', success rate: 1/1.
[2025-03-19 15:18:38Z INFO HostContext] Well known directory 'Bin': '/home/jenny/tensorflow-mri/bin'
[2025-03-19 15:18:38Z INFO HostContext] Well known directory 'Root': '/home/jenny/tensorflow-mri'
[2025-03-19 15:18:38Z INFO HostContext] Well known directory 'Work': '/home/jenny/tensorflow-mri/_work'
[2025-03-19 15:18:40Z INFO ProcessInvokerWrapper] STDOUT/STDERR stream read finished.
[2025-03-19 15:18:40Z INFO ProcessInvokerWrapper] STDOUT/STDERR stream read finished.
[2025-03-19 15:18:40Z INFO ProcessInvokerWrapper] Finished process 2103569 with exit code 0, and elapsed time 00:22:10.3983733.
[2025-03-19 15:18:40Z INFO CreateStepSummaryCommand] Step Summary file (/home/jenny/tensorflow-mri/_work/_temp/_runner_file_commands/step_summary_782dad54-fef3-4143-84ee-29733f186e7d) is empty; skipping attachment upload
[2025-03-19 15:18:40Z INFO StepsRunner] Step result: 
[2025-03-19 15:18:40Z INFO ExecutionContext] Publish step telemetry for current step {
  "action": "sh",
  "type": "run",
  "stage": "Main",
  "stepId": "f355e6cf-a639-4a09-926b-218b0d80cbc0",
  "stepContextName": "__run_4",
  "result": "succeeded",
  "errorMessages": [],
  "executionTimeInSeconds": 1331,
  "startTime": "2025-03-19T14:56:29.9325599Z",
  "finishTime": "2025-03-19T15:18:40.3348564Z"
}.
[2025-03-19 15:18:40Z INFO StepsRunner] No need for updating job result with current step result 'Succeeded'.
[2025-03-19 15:18:40Z INFO StepsRunner] Current state: job state = ''
[2025-03-19 15:18:40Z INFO StepsRunner] Processing step: DisplayName='Build wheel'
[2025-03-19 15:18:40Z INFO StepsRunner] Evaluating: success()
[2025-03-19 15:18:40Z INFO StepsRunner] Result: true
[2025-03-19 15:18:40Z INFO StepsRunner] Starting the step.
[2025-03-19 15:18:40Z INFO HostContext] Well known directory 'Bin': '/home/jenny/tensorflow-mri/bin'
[2025-03-19 15:18:40Z INFO HostContext] Well known directory 'Root': '/home/jenny/tensorflow-mri'
[2025-03-19 15:18:40Z INFO HostContext] Well known directory 'Work': '/home/jenny/tensorflow-mri/_work'
[2025-03-19 15:18:40Z INFO HostContext] Well known directory 'Temp': '/home/jenny/tensorflow-mri/_work/_temp'
[2025-03-19 15:18:40Z INFO ExecutionContext] Write event payload to /home/jenny/tensorflow-mri/_work/_temp/_github_workflow/event.json
[2025-03-19 15:18:40Z INFO HostContext] Well known directory 'Bin': '/home/jenny/tensorflow-mri/bin'
[2025-03-19 15:18:40Z INFO HostContext] Well known directory 'Root': '/home/jenny/tensorflow-mri'
[2025-03-19 15:18:40Z INFO HostContext] Well known directory 'Work': '/home/jenny/tensorflow-mri/_work'
[2025-03-19 15:18:40Z INFO HostContext] Well known directory 'Temp': '/home/jenny/tensorflow-mri/_work/_temp'
[2025-03-19 15:18:40Z INFO ExtensionManager] Getting extensions for interface: 'GitHub.Runner.Worker.IFileCommandExtension'
[2025-03-19 15:18:40Z INFO ExtensionManager] Getting extensions for interface: 'GitHub.Runner.Worker.IActionCommandExtension'
[2025-03-19 15:18:40Z INFO ActionCommandManager] Register action command extension for command internal-set-repo-path
[2025-03-19 15:18:40Z INFO ActionCommandManager] Register action command extension for command set-env
[2025-03-19 15:18:40Z INFO ActionCommandManager] Register action command extension for command set-output
[2025-03-19 15:18:40Z INFO ActionCommandManager] Register action command extension for command save-state
[2025-03-19 15:18:40Z INFO ActionCommandManager] Register action command extension for command add-path
[2025-03-19 15:18:40Z INFO ActionCommandManager] Register action command extension for command add-mask
[2025-03-19 15:18:40Z INFO ActionCommandManager] Register action command extension for command add-matcher
[2025-03-19 15:18:40Z INFO ActionCommandManager] Register action command extension for command remove-matcher
[2025-03-19 15:18:40Z INFO ActionCommandManager] Register action command extension for command warning
[2025-03-19 15:18:40Z INFO ActionCommandManager] Register action command extension for command error
[2025-03-19 15:18:40Z INFO ActionCommandManager] Register action command extension for command notice
[2025-03-19 15:18:40Z INFO ActionCommandManager] Register action command extension for command debug
[2025-03-19 15:18:40Z INFO ActionCommandManager] Register action command extension for command group
[2025-03-19 15:18:40Z INFO ActionCommandManager] Register action command extension for command endgroup
[2025-03-19 15:18:40Z INFO ActionCommandManager] Register action command extension for command echo
[2025-03-19 15:18:40Z INFO HostContext] Well known directory 'Bin': '/home/jenny/tensorflow-mri/bin'
[2025-03-19 15:18:40Z INFO HostContext] Well known directory 'Root': '/home/jenny/tensorflow-mri'
[2025-03-19 15:18:40Z INFO HostContext] Well known directory 'Work': '/home/jenny/tensorflow-mri/_work'
[2025-03-19 15:18:40Z INFO HostContext] Well known directory 'Temp': '/home/jenny/tensorflow-mri/_work/_temp'
[2025-03-19 15:18:40Z INFO ScriptHandler] Which2: 'bash'
[2025-03-19 15:18:40Z INFO ScriptHandler] Location: '/usr/bin/bash'
[2025-03-19 15:18:40Z INFO HostContext] Well known directory 'Bin': '/home/jenny/tensorflow-mri/bin'
[2025-03-19 15:18:40Z INFO HostContext] Well known directory 'Root': '/home/jenny/tensorflow-mri'
[2025-03-19 15:18:40Z INFO HostContext] Well known directory 'Work': '/home/jenny/tensorflow-mri/_work'
[2025-03-19 15:18:40Z INFO ProcessInvokerWrapper] Starting process:
[2025-03-19 15:18:40Z INFO ProcessInvokerWrapper]   File name: '/usr/bin/docker'
[2025-03-19 15:18:40Z INFO ProcessInvokerWrapper]   Arguments: 'exec -i --workdir /__w/tensorflow-mri/tensorflow-mri -e "PYTHON" -e "GITHUB_JOB" -e "GITHUB_REF" -e "GITHUB_SHA" -e "GITHUB_REPOSITORY" -e "GITHUB_REPOSITORY_OWNER" -e "GITHUB_REPOSITORY_OWNER_ID" -e "GITHUB_RUN_ID" -e "GITHUB_RUN_NUMBER" -e "GITHUB_RETENTION_DAYS" -e "GITHUB_RUN_ATTEMPT" -e "GITHUB_ACTOR_ID" -e "GITHUB_ACTOR" -e "GITHUB_WORKFLOW" -e "GITHUB_HEAD_REF" -e "GITHUB_BASE_REF" -e "GITHUB_EVENT_NAME" -e "GITHUB_SERVER_URL" -e "GITHUB_API_URL" -e "GITHUB_GRAPHQL_URL" -e "GITHUB_REF_NAME" -e "GITHUB_REF_PROTECTED" -e "GITHUB_REF_TYPE" -e "GITHUB_WORKFLOW_REF" -e "GITHUB_WORKFLOW_SHA" -e "GITHUB_REPOSITORY_ID" -e "GITHUB_TRIGGERING_ACTOR" -e "GITHUB_WORKSPACE" -e "GITHUB_ACTION" -e "GITHUB_EVENT_PATH" -e "GITHUB_ACTION_REPOSITORY" -e "GITHUB_ACTION_REF" -e "GITHUB_PATH" -e "GITHUB_ENV" -e "GITHUB_STEP_SUMMARY" -e "GITHUB_STATE" -e "GITHUB_OUTPUT" -e "RUNNER_OS" -e "RUNNER_ARCH" -e "RUNNER_NAME" -e "RUNNER_ENVIRONMENT" -e "RUNNER_TOOL_CACHE" -e "RUNNER_TEMP" -e "RUNNER_WORKSPACE" 98709747defd71f590e88976ccf2d4f2d9f37be0533238a9a2a3ab2449ec80c0 sh -e /__w/_temp/3a04b71b-cbe6-4548-be59-656a607274b3.sh'
[2025-03-19 15:18:40Z INFO ProcessInvokerWrapper]   Working directory: '/home/jenny/tensorflow-mri/_work'
[2025-03-19 15:18:40Z INFO ProcessInvokerWrapper]   Require exit code zero: 'False'
[2025-03-19 15:18:40Z INFO ProcessInvokerWrapper]   Encoding web name:  ; code page: ''
[2025-03-19 15:18:40Z INFO ProcessInvokerWrapper]   Force kill process on cancellation: 'False'
[2025-03-19 15:18:40Z INFO ProcessInvokerWrapper]   Redirected STDIN: 'False'
[2025-03-19 15:18:40Z INFO ProcessInvokerWrapper]   Persist current code page: 'False'
[2025-03-19 15:18:40Z INFO ProcessInvokerWrapper]   Keep redirected STDIN open: 'False'
[2025-03-19 15:18:40Z INFO ProcessInvokerWrapper]   High priority process: 'False'
[2025-03-19 15:18:40Z INFO ProcessInvokerWrapper] Updated oom_score_adj to 500 for PID: 2262792.
[2025-03-19 15:18:40Z INFO ProcessInvokerWrapper] Process started with process id 2262792, waiting for process exit.
[2025-03-19 15:18:40Z INFO JobServerQueue] Try to append 1 batches web console lines for record '58ba2620-7175-41de-b3d2-44653d081ce6', success rate: 1/1.
[2025-03-19 15:18:40Z INFO JobServerQueue] Try to upload 1 log files or attachments, success rate: 1/1.
[2025-03-19 15:18:41Z INFO JobServerQueue] Try to append 1 batches web console lines for record '58ba2620-7175-41de-b3d2-44653d081ce6', success rate: 1/1.
[2025-03-19 15:18:41Z INFO JobServerQueue] Got a step log file to send to results service.
[2025-03-19 15:18:41Z INFO JobServerQueue] Starting upload of step log file to results service ResultsLog, /home/jenny/tensorflow-mri/_diag/blocks/352e62ab-c249-47f2-bad9-fb15096f3ea3_f355e6cf-a639-4a09-926b-218b0d80cbc0.1
[2025-03-19 15:18:42Z INFO JobServerQueue] Tried to upload 1 file(s) to results, success rate: 1/1.
[2025-03-19 15:18:42Z INFO JobServerQueue] Try to append 1 batches web console lines for record '58ba2620-7175-41de-b3d2-44653d081ce6', success rate: 1/1.
[2025-03-19 15:18:44Z INFO JobServerQueue] Try to append 2 batches web console lines for record '58ba2620-7175-41de-b3d2-44653d081ce6', success rate: 2/2.
[2025-03-19 15:18:44Z INFO JobServerQueue] Try to append 1 batches web console lines for record '58ba2620-7175-41de-b3d2-44653d081ce6', success rate: 1/1.
[2025-03-19 15:18:44Z INFO ProcessInvokerWrapper] STDOUT/STDERR stream read finished.
[2025-03-19 15:18:44Z INFO ProcessInvokerWrapper] STDOUT/STDERR stream read finished.
[2025-03-19 15:18:44Z INFO ProcessInvokerWrapper] Finished process 2262792 with exit code 0, and elapsed time 00:00:04.3204809.
[2025-03-19 15:18:44Z INFO CreateStepSummaryCommand] Step Summary file (/home/jenny/tensorflow-mri/_work/_temp/_runner_file_commands/step_summary_89fe88f4-58fd-49eb-8a99-ff930c0ee41d) is empty; skipping attachment upload
[2025-03-19 15:18:44Z INFO StepsRunner] Step result: 
[2025-03-19 15:18:44Z INFO ExecutionContext] Publish step telemetry for current step {
  "action": "sh",
  "type": "run",
  "stage": "Main",
  "stepId": "58ba2620-7175-41de-b3d2-44653d081ce6",
  "stepContextName": "__run_5",
  "result": "succeeded",
  "errorMessages": [],
  "executionTimeInSeconds": 5,
  "startTime": "2025-03-19T15:18:40.3354482Z",
  "finishTime": "2025-03-19T15:18:44.6612071Z"
}.
[2025-03-19 15:18:44Z INFO StepsRunner] No need for updating job result with current step result 'Succeeded'.
[2025-03-19 15:18:44Z INFO StepsRunner] Current state: job state = ''
[2025-03-19 15:18:44Z INFO StepsRunner] Processing step: DisplayName='Build docs'
[2025-03-19 15:18:44Z INFO StepsRunner] Evaluating: success()
[2025-03-19 15:18:44Z INFO StepsRunner] Result: true
[2025-03-19 15:18:44Z INFO StepsRunner] Starting the step.
[2025-03-19 15:18:44Z INFO HostContext] Well known directory 'Bin': '/home/jenny/tensorflow-mri/bin'
[2025-03-19 15:18:44Z INFO HostContext] Well known directory 'Root': '/home/jenny/tensorflow-mri'
[2025-03-19 15:18:44Z INFO HostContext] Well known directory 'Work': '/home/jenny/tensorflow-mri/_work'
[2025-03-19 15:18:44Z INFO HostContext] Well known directory 'Temp': '/home/jenny/tensorflow-mri/_work/_temp'
[2025-03-19 15:18:44Z INFO ExecutionContext] Write event payload to /home/jenny/tensorflow-mri/_work/_temp/_github_workflow/event.json
[2025-03-19 15:18:44Z INFO HostContext] Well known directory 'Bin': '/home/jenny/tensorflow-mri/bin'
[2025-03-19 15:18:44Z INFO HostContext] Well known directory 'Root': '/home/jenny/tensorflow-mri'
[2025-03-19 15:18:44Z INFO HostContext] Well known directory 'Work': '/home/jenny/tensorflow-mri/_work'
[2025-03-19 15:18:44Z INFO HostContext] Well known directory 'Temp': '/home/jenny/tensorflow-mri/_work/_temp'
[2025-03-19 15:18:44Z INFO ExtensionManager] Getting extensions for interface: 'GitHub.Runner.Worker.IFileCommandExtension'
[2025-03-19 15:18:44Z INFO ExtensionManager] Getting extensions for interface: 'GitHub.Runner.Worker.IActionCommandExtension'
[2025-03-19 15:18:44Z INFO ActionCommandManager] Register action command extension for command internal-set-repo-path
[2025-03-19 15:18:44Z INFO ActionCommandManager] Register action command extension for command set-env
[2025-03-19 15:18:44Z INFO ActionCommandManager] Register action command extension for command set-output
[2025-03-19 15:18:44Z INFO ActionCommandManager] Register action command extension for command save-state
[2025-03-19 15:18:44Z INFO ActionCommandManager] Register action command extension for command add-path
[2025-03-19 15:18:44Z INFO ActionCommandManager] Register action command extension for command add-mask
[2025-03-19 15:18:44Z INFO ActionCommandManager] Register action command extension for command add-matcher
[2025-03-19 15:18:44Z INFO ActionCommandManager] Register action command extension for command remove-matcher
[2025-03-19 15:18:44Z INFO ActionCommandManager] Register action command extension for command warning
[2025-03-19 15:18:44Z INFO ActionCommandManager] Register action command extension for command error
[2025-03-19 15:18:44Z INFO ActionCommandManager] Register action command extension for command notice
[2025-03-19 15:18:44Z INFO ActionCommandManager] Register action command extension for command debug
[2025-03-19 15:18:44Z INFO ActionCommandManager] Register action command extension for command group
[2025-03-19 15:18:44Z INFO ActionCommandManager] Register action command extension for command endgroup
[2025-03-19 15:18:44Z INFO ActionCommandManager] Register action command extension for command echo
[2025-03-19 15:18:44Z INFO HostContext] Well known directory 'Bin': '/home/jenny/tensorflow-mri/bin'
[2025-03-19 15:18:44Z INFO HostContext] Well known directory 'Root': '/home/jenny/tensorflow-mri'
[2025-03-19 15:18:44Z INFO HostContext] Well known directory 'Work': '/home/jenny/tensorflow-mri/_work'
[2025-03-19 15:18:44Z INFO HostContext] Well known directory 'Temp': '/home/jenny/tensorflow-mri/_work/_temp'
[2025-03-19 15:18:44Z INFO ScriptHandler] Which2: 'bash'
[2025-03-19 15:18:44Z INFO ScriptHandler] Location: '/usr/bin/bash'
[2025-03-19 15:18:44Z INFO HostContext] Well known directory 'Bin': '/home/jenny/tensorflow-mri/bin'
[2025-03-19 15:18:44Z INFO HostContext] Well known directory 'Root': '/home/jenny/tensorflow-mri'
[2025-03-19 15:18:44Z INFO HostContext] Well known directory 'Work': '/home/jenny/tensorflow-mri/_work'
[2025-03-19 15:18:44Z INFO ProcessInvokerWrapper] Starting process:
[2025-03-19 15:18:44Z INFO ProcessInvokerWrapper]   File name: '/usr/bin/docker'
[2025-03-19 15:18:44Z INFO ProcessInvokerWrapper]   Arguments: 'exec -i --workdir /__w/tensorflow-mri/tensorflow-mri -e "PYTHON" -e "GITHUB_JOB" -e "GITHUB_REF" -e "GITHUB_SHA" -e "GITHUB_REPOSITORY" -e "GITHUB_REPOSITORY_OWNER" -e "GITHUB_REPOSITORY_OWNER_ID" -e "GITHUB_RUN_ID" -e "GITHUB_RUN_NUMBER" -e "GITHUB_RETENTION_DAYS" -e "GITHUB_RUN_ATTEMPT" -e "GITHUB_ACTOR_ID" -e "GITHUB_ACTOR" -e "GITHUB_WORKFLOW" -e "GITHUB_HEAD_REF" -e "GITHUB_BASE_REF" -e "GITHUB_EVENT_NAME" -e "GITHUB_SERVER_URL" -e "GITHUB_API_URL" -e "GITHUB_GRAPHQL_URL" -e "GITHUB_REF_NAME" -e "GITHUB_REF_PROTECTED" -e "GITHUB_REF_TYPE" -e "GITHUB_WORKFLOW_REF" -e "GITHUB_WORKFLOW_SHA" -e "GITHUB_REPOSITORY_ID" -e "GITHUB_TRIGGERING_ACTOR" -e "GITHUB_WORKSPACE" -e "GITHUB_ACTION" -e "GITHUB_EVENT_PATH" -e "GITHUB_ACTION_REPOSITORY" -e "GITHUB_ACTION_REF" -e "GITHUB_PATH" -e "GITHUB_ENV" -e "GITHUB_STEP_SUMMARY" -e "GITHUB_STATE" -e "GITHUB_OUTPUT" -e "RUNNER_OS" -e "RUNNER_ARCH" -e "RUNNER_NAME" -e "RUNNER_ENVIRONMENT" -e "RUNNER_TOOL_CACHE" -e "RUNNER_TEMP" -e "RUNNER_WORKSPACE" 98709747defd71f590e88976ccf2d4f2d9f37be0533238a9a2a3ab2449ec80c0 sh -e /__w/_temp/7c11daf8-1533-429f-bbd5-746fe2eb4abd.sh'
[2025-03-19 15:18:44Z INFO ProcessInvokerWrapper]   Working directory: '/home/jenny/tensorflow-mri/_work'
[2025-03-19 15:18:44Z INFO ProcessInvokerWrapper]   Require exit code zero: 'False'
[2025-03-19 15:18:44Z INFO ProcessInvokerWrapper]   Encoding web name:  ; code page: ''
[2025-03-19 15:18:44Z INFO ProcessInvokerWrapper]   Force kill process on cancellation: 'False'
[2025-03-19 15:18:44Z INFO ProcessInvokerWrapper]   Redirected STDIN: 'False'
[2025-03-19 15:18:44Z INFO ProcessInvokerWrapper]   Persist current code page: 'False'
[2025-03-19 15:18:44Z INFO ProcessInvokerWrapper]   Keep redirected STDIN open: 'False'
[2025-03-19 15:18:44Z INFO ProcessInvokerWrapper]   High priority process: 'False'
[2025-03-19 15:18:44Z INFO ProcessInvokerWrapper] Updated oom_score_adj to 500 for PID: 2263011.
[2025-03-19 15:18:44Z INFO ProcessInvokerWrapper] Process started with process id 2263011, waiting for process exit.
[2025-03-19 15:18:44Z INFO JobServerQueue] Try to upload 1 log files or attachments, success rate: 1/1.
[2025-03-19 15:18:45Z INFO JobServerQueue] Try to append 1 batches web console lines for record '58ba2620-7175-41de-b3d2-44653d081ce6', success rate: 1/1.
[2025-03-19 15:18:45Z INFO JobServerQueue] Try to append 1 batches web console lines for record '718e7f2e-dd8b-41cd-a9f8-3e9d32890fa9', success rate: 1/1.
[2025-03-19 15:18:45Z INFO JobServerQueue] Got a step log file to send to results service.
[2025-03-19 15:18:45Z INFO JobServerQueue] Starting upload of step log file to results service ResultsLog, /home/jenny/tensorflow-mri/_diag/blocks/352e62ab-c249-47f2-bad9-fb15096f3ea3_58ba2620-7175-41de-b3d2-44653d081ce6.1
[2025-03-19 15:18:45Z INFO JobServerQueue] Tried to upload 1 file(s) to results, success rate: 1/1.
[2025-03-19 15:18:47Z INFO JobServerQueue] Try to append 1 batches web console lines for record '718e7f2e-dd8b-41cd-a9f8-3e9d32890fa9', success rate: 1/1.
[2025-03-19 15:18:48Z INFO JobServerQueue] Try to append 1 batches web console lines for record '718e7f2e-dd8b-41cd-a9f8-3e9d32890fa9', success rate: 1/1.
[2025-03-19 15:18:48Z INFO HostContext] Well known directory 'Bin': '/home/jenny/tensorflow-mri/bin'
[2025-03-19 15:18:48Z INFO HostContext] Well known directory 'Root': '/home/jenny/tensorflow-mri'
[2025-03-19 15:18:48Z INFO HostContext] Well known directory 'Work': '/home/jenny/tensorflow-mri/_work'
[2025-03-19 15:18:49Z INFO JobServerQueue] Try to append 1 batches web console lines for record '718e7f2e-dd8b-41cd-a9f8-3e9d32890fa9', success rate: 1/1.
[2025-03-19 15:18:57Z INFO JobServerQueue] Try to append 1 batches web console lines for record '718e7f2e-dd8b-41cd-a9f8-3e9d32890fa9', success rate: 1/1.
[2025-03-19 15:18:58Z INFO HostContext] Well known directory 'Bin': '/home/jenny/tensorflow-mri/bin'
[2025-03-19 15:18:58Z INFO HostContext] Well known directory 'Root': '/home/jenny/tensorflow-mri'
[2025-03-19 15:18:58Z INFO HostContext] Well known directory 'Work': '/home/jenny/tensorflow-mri/_work'
[2025-03-19 15:19:06Z INFO JobServerQueue] Try to append 1 batches web console lines for record '718e7f2e-dd8b-41cd-a9f8-3e9d32890fa9', success rate: 1/1.
[2025-03-19 15:19:07Z INFO JobServerQueue] Try to append 1 batches web console lines for record '718e7f2e-dd8b-41cd-a9f8-3e9d32890fa9', success rate: 1/1.
[2025-03-19 15:19:08Z INFO HostContext] Well known directory 'Bin': '/home/jenny/tensorflow-mri/bin'
[2025-03-19 15:19:08Z INFO HostContext] Well known directory 'Root': '/home/jenny/tensorflow-mri'
[2025-03-19 15:19:08Z INFO HostContext] Well known directory 'Work': '/home/jenny/tensorflow-mri/_work'
[2025-03-19 15:19:15Z INFO JobServerQueue] Try to append 1 batches web console lines for record '718e7f2e-dd8b-41cd-a9f8-3e9d32890fa9', success rate: 1/1.
[2025-03-19 15:19:18Z INFO HostContext] Well known directory 'Bin': '/home/jenny/tensorflow-mri/bin'
[2025-03-19 15:19:18Z INFO HostContext] Well known directory 'Root': '/home/jenny/tensorflow-mri'
[2025-03-19 15:19:18Z INFO HostContext] Well known directory 'Work': '/home/jenny/tensorflow-mri/_work'
[2025-03-19 15:19:20Z INFO JobServerQueue] Try to append 1 batches web console lines for record '718e7f2e-dd8b-41cd-a9f8-3e9d32890fa9', success rate: 1/1.
[2025-03-19 15:19:20Z INFO JobServerQueue] Try to append 1 batches web console lines for record '718e7f2e-dd8b-41cd-a9f8-3e9d32890fa9', success rate: 1/1.
[2025-03-19 15:19:21Z INFO JobServerQueue] Try to append 1 batches web console lines for record '718e7f2e-dd8b-41cd-a9f8-3e9d32890fa9', success rate: 1/1.
[2025-03-19 15:19:21Z INFO JobServerQueue] Try to append 1 batches web console lines for record '718e7f2e-dd8b-41cd-a9f8-3e9d32890fa9', success rate: 1/1.
[2025-03-19 15:19:22Z INFO JobServerQueue] Try to append 1 batches web console lines for record '718e7f2e-dd8b-41cd-a9f8-3e9d32890fa9', success rate: 1/1.
[2025-03-19 15:19:22Z INFO JobServerQueue] Try to append 1 batches web console lines for record '718e7f2e-dd8b-41cd-a9f8-3e9d32890fa9', success rate: 1/1.
[2025-03-19 15:19:23Z INFO JobServerQueue] Try to append 1 batches web console lines for record '718e7f2e-dd8b-41cd-a9f8-3e9d32890fa9', success rate: 1/1.
[2025-03-19 15:19:23Z INFO JobServerQueue] Try to append 1 batches web console lines for record '718e7f2e-dd8b-41cd-a9f8-3e9d32890fa9', success rate: 1/1.
[2025-03-19 15:19:24Z INFO JobServerQueue] Try to append 1 batches web console lines for record '718e7f2e-dd8b-41cd-a9f8-3e9d32890fa9', success rate: 1/1.
[2025-03-19 15:19:24Z INFO JobServerQueue] Try to append 1 batches web console lines for record '718e7f2e-dd8b-41cd-a9f8-3e9d32890fa9', success rate: 1/1.
[2025-03-19 15:19:25Z INFO JobServerQueue] Try to append 1 batches web console lines for record '718e7f2e-dd8b-41cd-a9f8-3e9d32890fa9', success rate: 1/1.
[2025-03-19 15:19:25Z INFO JobServerQueue] Try to append 1 batches web console lines for record '718e7f2e-dd8b-41cd-a9f8-3e9d32890fa9', success rate: 1/1.
[2025-03-19 15:19:26Z INFO JobServerQueue] Try to append 1 batches web console lines for record '718e7f2e-dd8b-41cd-a9f8-3e9d32890fa9', success rate: 1/1.
[2025-03-19 15:19:26Z INFO JobServerQueue] Try to append 1 batches web console lines for record '718e7f2e-dd8b-41cd-a9f8-3e9d32890fa9', success rate: 1/1.
[2025-03-19 15:19:27Z INFO JobServerQueue] Try to append 1 batches web console lines for record '718e7f2e-dd8b-41cd-a9f8-3e9d32890fa9', success rate: 1/1.
[2025-03-19 15:19:27Z INFO JobServerQueue] Try to append 3 batches web console lines for record '718e7f2e-dd8b-41cd-a9f8-3e9d32890fa9', success rate: 3/3.
[2025-03-19 15:19:28Z INFO JobServerQueue] Try to append 1 batches web console lines for record '718e7f2e-dd8b-41cd-a9f8-3e9d32890fa9', success rate: 1/1.
[2025-03-19 15:19:28Z INFO JobServerQueue] Try to append 1 batches web console lines for record '718e7f2e-dd8b-41cd-a9f8-3e9d32890fa9', success rate: 1/1.
[2025-03-19 15:19:28Z INFO HostContext] Well known directory 'Bin': '/home/jenny/tensorflow-mri/bin'
[2025-03-19 15:19:28Z INFO HostContext] Well known directory 'Root': '/home/jenny/tensorflow-mri'
[2025-03-19 15:19:28Z INFO HostContext] Well known directory 'Work': '/home/jenny/tensorflow-mri/_work'
[2025-03-19 15:19:29Z INFO JobServerQueue] Try to append 1 batches web console lines for record '718e7f2e-dd8b-41cd-a9f8-3e9d32890fa9', success rate: 1/1.
[2025-03-19 15:19:29Z INFO JobServerQueue] Try to append 1 batches web console lines for record '718e7f2e-dd8b-41cd-a9f8-3e9d32890fa9', success rate: 1/1.
[2025-03-19 15:19:30Z INFO JobServerQueue] Try to append 1 batches web console lines for record '718e7f2e-dd8b-41cd-a9f8-3e9d32890fa9', success rate: 1/1.
[2025-03-19 15:19:30Z INFO JobServerQueue] Try to append 1 batches web console lines for record '718e7f2e-dd8b-41cd-a9f8-3e9d32890fa9', success rate: 1/1.
[2025-03-19 15:19:31Z INFO JobServerQueue] Try to append 1 batches web console lines for record '718e7f2e-dd8b-41cd-a9f8-3e9d32890fa9', success rate: 1/1.
[2025-03-19 15:19:31Z INFO JobServerQueue] Try to append 1 batches web console lines for record '718e7f2e-dd8b-41cd-a9f8-3e9d32890fa9', success rate: 1/1.
[2025-03-19 15:19:32Z INFO JobServerQueue] Try to append 1 batches web console lines for record '718e7f2e-dd8b-41cd-a9f8-3e9d32890fa9', success rate: 1/1.
[2025-03-19 15:19:32Z INFO JobServerQueue] Try to append 1 batches web console lines for record '718e7f2e-dd8b-41cd-a9f8-3e9d32890fa9', success rate: 1/1.
[2025-03-19 15:19:33Z INFO JobServerQueue] Try to append 1 batches web console lines for record '718e7f2e-dd8b-41cd-a9f8-3e9d32890fa9', success rate: 1/1.
[2025-03-19 15:19:33Z INFO JobServerQueue] Try to append 1 batches web console lines for record '718e7f2e-dd8b-41cd-a9f8-3e9d32890fa9', success rate: 1/1.
[2025-03-19 15:19:34Z INFO JobServerQueue] Try to append 1 batches web console lines for record '718e7f2e-dd8b-41cd-a9f8-3e9d32890fa9', success rate: 1/1.
[2025-03-19 15:19:34Z INFO JobServerQueue] Try to append 1 batches web console lines for record '718e7f2e-dd8b-41cd-a9f8-3e9d32890fa9', success rate: 1/1.
[2025-03-19 15:19:35Z INFO JobServerQueue] Try to append 1 batches web console lines for record '718e7f2e-dd8b-41cd-a9f8-3e9d32890fa9', success rate: 1/1.
[2025-03-19 15:19:35Z INFO JobServerQueue] Try to append 1 batches web console lines for record '718e7f2e-dd8b-41cd-a9f8-3e9d32890fa9', success rate: 1/1.
[2025-03-19 15:19:36Z INFO JobServerQueue] Try to append 1 batches web console lines for record '718e7f2e-dd8b-41cd-a9f8-3e9d32890fa9', success rate: 1/1.
[2025-03-19 15:19:36Z INFO JobServerQueue] Try to append 1 batches web console lines for record '718e7f2e-dd8b-41cd-a9f8-3e9d32890fa9', success rate: 1/1.
[2025-03-19 15:19:37Z INFO JobServerQueue] Try to append 1 batches web console lines for record '718e7f2e-dd8b-41cd-a9f8-3e9d32890fa9', success rate: 1/1.
[2025-03-19 15:19:37Z INFO JobServerQueue] Try to append 1 batches web console lines for record '718e7f2e-dd8b-41cd-a9f8-3e9d32890fa9', success rate: 1/1.
[2025-03-19 15:19:38Z INFO JobServerQueue] Try to append 1 batches web console lines for record '718e7f2e-dd8b-41cd-a9f8-3e9d32890fa9', success rate: 1/1.
[2025-03-19 15:19:38Z INFO JobServerQueue] Try to append 1 batches web console lines for record '718e7f2e-dd8b-41cd-a9f8-3e9d32890fa9', success rate: 1/1.
[2025-03-19 15:19:38Z INFO HostContext] Well known directory 'Bin': '/home/jenny/tensorflow-mri/bin'
[2025-03-19 15:19:38Z INFO HostContext] Well known directory 'Root': '/home/jenny/tensorflow-mri'
[2025-03-19 15:19:38Z INFO HostContext] Well known directory 'Work': '/home/jenny/tensorflow-mri/_work'
[2025-03-19 15:19:39Z INFO JobServerQueue] Try to append 1 batches web console lines for record '718e7f2e-dd8b-41cd-a9f8-3e9d32890fa9', success rate: 1/1.
[2025-03-19 15:19:39Z INFO JobServerQueue] Try to append 1 batches web console lines for record '718e7f2e-dd8b-41cd-a9f8-3e9d32890fa9', success rate: 1/1.
[2025-03-19 15:19:40Z INFO JobServerQueue] Try to append 1 batches web console lines for record '718e7f2e-dd8b-41cd-a9f8-3e9d32890fa9', success rate: 1/1.
[2025-03-19 15:19:40Z INFO JobServerQueue] Try to append 1 batches web console lines for record '718e7f2e-dd8b-41cd-a9f8-3e9d32890fa9', success rate: 1/1.
[2025-03-19 15:19:41Z INFO JobServerQueue] Try to append 1 batches web console lines for record '718e7f2e-dd8b-41cd-a9f8-3e9d32890fa9', success rate: 1/1.
[2025-03-19 15:19:41Z INFO JobServerQueue] Try to append 1 batches web console lines for record '718e7f2e-dd8b-41cd-a9f8-3e9d32890fa9', success rate: 1/1.
[2025-03-19 15:19:42Z INFO JobServerQueue] Try to append 1 batches web console lines for record '718e7f2e-dd8b-41cd-a9f8-3e9d32890fa9', success rate: 1/1.
[2025-03-19 15:19:42Z INFO JobServerQueue] Try to append 1 batches web console lines for record '718e7f2e-dd8b-41cd-a9f8-3e9d32890fa9', success rate: 1/1.
[2025-03-19 15:19:43Z INFO JobServerQueue] Try to append 1 batches web console lines for record '718e7f2e-dd8b-41cd-a9f8-3e9d32890fa9', success rate: 1/1.
[2025-03-19 15:19:43Z INFO JobServerQueue] Try to append 1 batches web console lines for record '718e7f2e-dd8b-41cd-a9f8-3e9d32890fa9', success rate: 1/1.
[2025-03-19 15:19:44Z INFO JobServerQueue] Try to append 1 batches web console lines for record '718e7f2e-dd8b-41cd-a9f8-3e9d32890fa9', success rate: 1/1.
[2025-03-19 15:19:44Z INFO JobServerQueue] Try to append 1 batches web console lines for record '718e7f2e-dd8b-41cd-a9f8-3e9d32890fa9', success rate: 1/1.
[2025-03-19 15:19:45Z INFO JobServerQueue] Try to append 1 batches web console lines for record '718e7f2e-dd8b-41cd-a9f8-3e9d32890fa9', success rate: 1/1.
[2025-03-19 15:19:45Z INFO JobServerQueue] Try to append 1 batches web console lines for record '718e7f2e-dd8b-41cd-a9f8-3e9d32890fa9', success rate: 1/1.
[2025-03-19 15:19:46Z INFO JobServerQueue] Try to append 1 batches web console lines for record '718e7f2e-dd8b-41cd-a9f8-3e9d32890fa9', success rate: 1/1.
[2025-03-19 15:19:46Z INFO JobServerQueue] Try to append 1 batches web console lines for record '718e7f2e-dd8b-41cd-a9f8-3e9d32890fa9', success rate: 1/1.
[2025-03-19 15:19:47Z INFO JobServerQueue] Try to append 1 batches web console lines for record '718e7f2e-dd8b-41cd-a9f8-3e9d32890fa9', success rate: 1/1.
[2025-03-19 15:19:47Z INFO JobServerQueue] Try to append 1 batches web console lines for record '718e7f2e-dd8b-41cd-a9f8-3e9d32890fa9', success rate: 1/1.
[2025-03-19 15:19:48Z INFO JobServerQueue] Try to append 1 batches web console lines for record '718e7f2e-dd8b-41cd-a9f8-3e9d32890fa9', success rate: 1/1.
[2025-03-19 15:19:48Z INFO JobServerQueue] Try to append 1 batches web console lines for record '718e7f2e-dd8b-41cd-a9f8-3e9d32890fa9', success rate: 1/1.
[2025-03-19 15:19:48Z INFO HostContext] Well known directory 'Bin': '/home/jenny/tensorflow-mri/bin'
[2025-03-19 15:19:48Z INFO HostContext] Well known directory 'Root': '/home/jenny/tensorflow-mri'
[2025-03-19 15:19:48Z INFO HostContext] Well known directory 'Work': '/home/jenny/tensorflow-mri/_work'
[2025-03-19 15:19:49Z INFO JobServerQueue] Try to append 1 batches web console lines for record '718e7f2e-dd8b-41cd-a9f8-3e9d32890fa9', success rate: 1/1.
[2025-03-19 15:19:50Z INFO JobServerQueue] Try to append 1 batches web console lines for record '718e7f2e-dd8b-41cd-a9f8-3e9d32890fa9', success rate: 1/1.
[2025-03-19 15:19:51Z INFO JobServerQueue] Try to append 1 batches web console lines for record '718e7f2e-dd8b-41cd-a9f8-3e9d32890fa9', success rate: 1/1.
[2025-03-19 15:19:51Z INFO ProcessInvokerWrapper] STDOUT/STDERR stream read finished.
[2025-03-19 15:19:51Z INFO ProcessInvokerWrapper] STDOUT/STDERR stream read finished.
[2025-03-19 15:19:51Z INFO ProcessInvokerWrapper] Finished process 2263011 with exit code 0, and elapsed time 00:01:07.1835243.
[2025-03-19 15:19:51Z INFO CreateStepSummaryCommand] Step Summary file (/home/jenny/tensorflow-mri/_work/_temp/_runner_file_commands/step_summary_82a21bf4-a25d-4d85-bf6e-062c6168ca16) is empty; skipping attachment upload
[2025-03-19 15:19:51Z INFO StepsRunner] Step result: 
[2025-03-19 15:19:51Z INFO ExecutionContext] Publish step telemetry for current step {
  "action": "sh",
  "type": "run",
  "stage": "Main",
  "stepId": "718e7f2e-dd8b-41cd-a9f8-3e9d32890fa9",
  "stepContextName": "__run_6",
  "result": "succeeded",
  "errorMessages": [],
  "executionTimeInSeconds": 68,
  "startTime": "2025-03-19T15:18:44.6616844Z",
  "finishTime": "2025-03-19T15:19:51.8490506Z"
}.
[2025-03-19 15:19:51Z INFO StepsRunner] No need for updating job result with current step result 'Succeeded'.
[2025-03-19 15:19:51Z INFO StepsRunner] Current state: job state = ''
[2025-03-19 15:19:51Z INFO StepsRunner] Processing step: DisplayName='Upload wheel'
[2025-03-19 15:19:51Z INFO StepsRunner] Evaluating: (success() && startsWith(github.ref, 'refs/tags'))
[2025-03-19 15:19:51Z INFO StepsRunner] Expanded: (true && startsWith('refs/heads/master', 'refs/tags'))
[2025-03-19 15:19:51Z INFO StepsRunner] Result: false
[2025-03-19 15:19:51Z INFO StepsRunner] Skipping step due to condition evaluation.
[2025-03-19 15:19:51Z INFO StepsRunner] No need for updating job result with current step result 'Skipped'.
[2025-03-19 15:19:51Z INFO StepsRunner] Current state: job state = ''
[2025-03-19 15:19:51Z INFO StepsRunner] Processing step: DisplayName='Upload docs'
[2025-03-19 15:19:51Z INFO StepsRunner] Evaluating: (success() && startsWith(github.ref, 'refs/tags') && (matrix.py_version == 3.9))
[2025-03-19 15:19:51Z INFO StepsRunner] Expanded: (true && startsWith('refs/heads/master', 'refs/tags') && (matrix['py_version'] == 3.9))
[2025-03-19 15:19:51Z INFO StepsRunner] Result: false
[2025-03-19 15:19:51Z INFO StepsRunner] Skipping step due to condition evaluation.
[2025-03-19 15:19:51Z INFO StepsRunner] No need for updating job result with current step result 'Skipped'.
[2025-03-19 15:19:51Z INFO StepsRunner] Current state: job state = ''
[2025-03-19 15:19:51Z INFO StepsRunner] Processing step: DisplayName='Publish to Test PyPI'
[2025-03-19 15:19:51Z INFO StepsRunner] Evaluating: success()
[2025-03-19 15:19:51Z INFO StepsRunner] Result: true
[2025-03-19 15:19:51Z INFO StepsRunner] Starting the step.
[2025-03-19 15:19:51Z INFO HostContext] Well known directory 'Bin': '/home/jenny/tensorflow-mri/bin'
[2025-03-19 15:19:51Z INFO HostContext] Well known directory 'Root': '/home/jenny/tensorflow-mri'
[2025-03-19 15:19:51Z INFO HostContext] Well known directory 'Work': '/home/jenny/tensorflow-mri/_work'
[2025-03-19 15:19:51Z INFO HostContext] Well known directory 'Actions': '/home/jenny/tensorflow-mri/_work/_actions'
[2025-03-19 15:19:51Z INFO ActionManager] Load action that reference repository from '/home/jenny/tensorflow-mri/_work/_actions/pypa/gh-action-pypi-publish/release/v1.7'
[2025-03-19 15:19:51Z INFO HostContext] Well known directory 'Bin': '/home/jenny/tensorflow-mri/bin'
[2025-03-19 15:19:51Z INFO HostContext] Well known directory 'Root': '/home/jenny/tensorflow-mri'
[2025-03-19 15:19:51Z INFO HostContext] Well known directory 'Work': '/home/jenny/tensorflow-mri/_work'
[2025-03-19 15:19:51Z INFO HostContext] Well known directory 'Actions': '/home/jenny/tensorflow-mri/_work/_actions'
[2025-03-19 15:19:51Z INFO ActionManifestManager] Ignore action property branding.
[2025-03-19 15:19:51Z INFO ActionManifestManager] Loaded action.yml file: {
  "name": "pypi-publish",
  "description": "Upload Python distribution packages to PyPI",
  "inputs": {
    "type": 2,
    "map": [
      {
        "key": {
          "type": 0,
          "file": 4,
          "line": 5,
          "col": 3,
          "lit": "user"
        },
        "value": {
          "type": 0,
          "file": 4,
          "line": 8,
          "col": 14,
          "lit": "__token__"
        }
      },
      {
        "key": {
          "type": 0,
          "file": 4,
          "line": 9,
          "col": 3,
          "lit": "password"
        },
        "value": ""
      },
      {
        "key": {
          "type": 0,
          "file": 4,
          "line": 12,
          "col": 3,
          "lit": "repository-url"
        },
        "value": ""
      },
      {
        "key": {
          "type": 0,
          "file": 4,
          "line": 15,
          "col": 3,
          "lit": "repository_url"
        },
        "value": ""
      },
      {
        "key": {
          "type": 0,
          "file": 4,
          "line": 23,
          "col": 3,
          "lit": "packages-dir"
        },
        "value": ""
      },
      {
        "key": {
          "type": 0,
          "file": 4,
          "line": 27,
          "col": 3,
          "lit": "packages_dir"
        },
        "value": {
          "type": 0,
          "file": 4,
          "line": 35,
          "col": 14,
          "lit": "dist"
        }
      },
      {
        "key": {
          "type": 0,
          "file": 4,
          "line": 36,
          "col": 3,
          "lit": "verify-metadata"
        },
        "value": ""
      },
      {
        "key": {
          "type": 0,
          "file": 4,
          "line": 40,
          "col": 3,
          "lit": "verify_metadata"
        },
        "value": {
          "type": 0,
          "file": 4,
          "line": 48,
          "col": 14,
          "lit": "true"
        }
      },
      {
        "key": {
          "type": 0,
          "file": 4,
          "line": 49,
          "col": 3,
          "lit": "skip-existing"
        },
        "value": ""
      },
      {
        "key": {
          "type": 0,
          "file": 4,
          "line": 55,
          "col": 3,
          "lit": "skip_existing"
        },
        "value": {
          "type": 0,
          "file": 4,
          "line": 64,
          "col": 14,
          "lit": "false"
        }
      },
      {
        "key": {
          "type": 0,
          "file": 4,
          "line": 65,
          "col": 3,
          "lit": "verbose"
        },
        "value": {
          "type": 0,
          "file": 4,
          "line": 68,
          "col": 14,
          "lit": "false"
        }
      },
      {
        "key": {
          "type": 0,
          "file": 4,
          "line": 69,
          "col": 3,
          "lit": "print-hash"
        },
        "value": ""
      },
      {
        "key": {
          "type": 0,
          "file": 4,
          "line": 73,
          "col": 3,
          "lit": "print_hash"
        },
        "value": {
          "type": 0,
          "file": 4,
          "line": 81,
          "col": 14,
          "lit": "false"
        }
      }
    ]
  },
  "execution": {
    "executionType": "container",
    "hasPre": false,
    "hasPost": false,
    "image": "Dockerfile",
    "entryPoint": null,
    "arguments": {
      "type": 1,
      "file": 4,
      "line": 89,
      "col": 3,
      "seq": [
        {
          "type": 3,
          "file": 4,
          "line": 89,
          "col": 5,
          "expr": "inputs.user"
        },
        {
          "type": 3,
          "file": 4,
          "line": 90,
          "col": 5,
          "expr": "inputs.password"
        },
        {
          "type": 3,
          "file": 4,
          "line": 91,
          "col": 5,
          "expr": "inputs.repository-url"
        },
        {
          "type": 3,
          "file": 4,
          "line": 92,
          "col": 5,
          "expr": "inputs.packages-dir"
        },
        {
          "type": 3,
          "file": 4,
          "line": 93,
          "col": 5,
          "expr": "inputs.verify-metadata"
        },
        {
          "type": 3,
          "file": 4,
          "line": 94,
          "col": 5,
          "expr": "inputs.skip-existing"
        },
        {
          "type": 3,
          "file": 4,
          "line": 95,
          "col": 5,
          "expr": "inputs.verbose"
        },
        {
          "type": 3,
          "file": 4,
          "line": 96,
          "col": 5,
          "expr": "inputs.print-hash"
        }
      ]
    },
    "environment": null,
    "pre": null,
    "post": null,
    "cleanupCondition": "always()",
    "initCondition": "always()"
  },
  "deprecated": {
    "repository_url": "The inputs have been normalized to use kebab-case. Use `repository-url` instead.",
    "packages_dir": "The inputs have been normalized to use kebab-case. Use `packages-dir` instead.",
    "verify_metadata": "The inputs have been normalized to use kebab-case. Use `verify-metadata` instead.",
    "skip_existing": "The inputs have been normalized to use kebab-case. Use `skip-existing` instead.",
    "print_hash": "The inputs have been normalized to use kebab-case. Use `print-hash` instead."
  }
}
[2025-03-19 15:19:51Z INFO ActionManager] Action container Dockerfile/image: Dockerfile.
[2025-03-19 15:19:51Z INFO ActionManager] Action container args:  {
  "type": 1,
  "file": 4,
  "line": 89,
  "col": 3,
  "seq": [
    {
      "type": 3,
      "file": 4,
      "line": 89,
      "col": 5,
      "expr": "inputs.user"
    },
    {
      "type": 3,
      "file": 4,
      "line": 90,
      "col": 5,
      "expr": "inputs.password"
    },
    {
      "type": 3,
      "file": 4,
      "line": 91,
      "col": 5,
      "expr": "inputs.repository-url"
    },
    {
      "type": 3,
      "file": 4,
      "line": 92,
      "col": 5,
      "expr": "inputs.packages-dir"
    },
    {
      "type": 3,
      "file": 4,
      "line": 93,
      "col": 5,
      "expr": "inputs.verify-metadata"
    },
    {
      "type": 3,
      "file": 4,
      "line": 94,
      "col": 5,
      "expr": "inputs.skip-existing"
    },
    {
      "type": 3,
      "file": 4,
      "line": 95,
      "col": 5,
      "expr": "inputs.verbose"
    },
    {
      "type": 3,
      "file": 4,
      "line": 96,
      "col": 5,
      "expr": "inputs.print-hash"
    }
  ]
}.
[2025-03-19 15:19:51Z INFO ActionManager] Image 'Dockerfile' already built/pulled, use image: 6d202f:a48aeacccfba4c0090aefa911393c7af.
[2025-03-19 15:19:51Z INFO HostContext] Well known directory 'Bin': '/home/jenny/tensorflow-mri/bin'
[2025-03-19 15:19:51Z INFO HostContext] Well known directory 'Root': '/home/jenny/tensorflow-mri'
[2025-03-19 15:19:51Z INFO HostContext] Well known directory 'Work': '/home/jenny/tensorflow-mri/_work'
[2025-03-19 15:19:51Z INFO HostContext] Well known directory 'Temp': '/home/jenny/tensorflow-mri/_work/_temp'
[2025-03-19 15:19:51Z INFO ExecutionContext] Write event payload to /home/jenny/tensorflow-mri/_work/_temp/_github_workflow/event.json
[2025-03-19 15:19:51Z INFO HostContext] Well known directory 'Bin': '/home/jenny/tensorflow-mri/bin'
[2025-03-19 15:19:51Z INFO HostContext] Well known directory 'Root': '/home/jenny/tensorflow-mri'
[2025-03-19 15:19:51Z INFO HostContext] Well known directory 'Work': '/home/jenny/tensorflow-mri/_work'
[2025-03-19 15:19:51Z INFO HostContext] Well known directory 'Temp': '/home/jenny/tensorflow-mri/_work/_temp'
[2025-03-19 15:19:51Z INFO ExtensionManager] Getting extensions for interface: 'GitHub.Runner.Worker.IFileCommandExtension'
[2025-03-19 15:19:51Z INFO ActionManifestManager] Input 'user': default value evaluate result: {
  "type": 0,
  "file": 4,
  "line": 8,
  "col": 14,
  "lit": "__token__"
}
[2025-03-19 15:19:51Z INFO ActionManifestManager] Input 'repository_url': default value evaluate result: ""
[2025-03-19 15:19:51Z INFO ActionManifestManager] Input 'packages_dir': default value evaluate result: {
  "type": 0,
  "file": 4,
  "line": 35,
  "col": 14,
  "lit": "dist"
}
[2025-03-19 15:19:51Z INFO ActionManifestManager] Input 'verify-metadata': default value evaluate result: ""
[2025-03-19 15:19:51Z INFO ActionManifestManager] Input 'verify_metadata': default value evaluate result: {
  "type": 0,
  "file": 4,
  "line": 48,
  "col": 14,
  "lit": "true"
}
[2025-03-19 15:19:51Z INFO ActionManifestManager] Input 'skip_existing': default value evaluate result: {
  "type": 0,
  "file": 4,
  "line": 64,
  "col": 14,
  "lit": "false"
}
[2025-03-19 15:19:51Z INFO ActionManifestManager] Input 'verbose': default value evaluate result: {
  "type": 0,
  "file": 4,
  "line": 68,
  "col": 14,
  "lit": "false"
}
[2025-03-19 15:19:51Z INFO ActionManifestManager] Input 'print-hash': default value evaluate result: ""
[2025-03-19 15:19:51Z INFO ActionManifestManager] Input 'print_hash': default value evaluate result: {
  "type": 0,
  "file": 4,
  "line": 81,
  "col": 14,
  "lit": "false"
}
[2025-03-19 15:19:51Z INFO ExtensionManager] Getting extensions for interface: 'GitHub.Runner.Worker.IActionCommandExtension'
[2025-03-19 15:19:51Z INFO ActionCommandManager] Register action command extension for command internal-set-repo-path
[2025-03-19 15:19:51Z INFO ActionCommandManager] Register action command extension for command set-env
[2025-03-19 15:19:51Z INFO ActionCommandManager] Register action command extension for command set-output
[2025-03-19 15:19:51Z INFO ActionCommandManager] Register action command extension for command save-state
[2025-03-19 15:19:51Z INFO ActionCommandManager] Register action command extension for command add-path
[2025-03-19 15:19:51Z INFO ActionCommandManager] Register action command extension for command add-mask
[2025-03-19 15:19:51Z INFO ActionCommandManager] Register action command extension for command add-matcher
[2025-03-19 15:19:51Z INFO ActionCommandManager] Register action command extension for command remove-matcher
[2025-03-19 15:19:51Z INFO ActionCommandManager] Register action command extension for command warning
[2025-03-19 15:19:51Z INFO ActionCommandManager] Register action command extension for command error
[2025-03-19 15:19:51Z INFO ActionCommandManager] Register action command extension for command notice
[2025-03-19 15:19:51Z INFO ActionCommandManager] Register action command extension for command debug
[2025-03-19 15:19:51Z INFO ActionCommandManager] Register action command extension for command group
[2025-03-19 15:19:51Z INFO ActionCommandManager] Register action command extension for command endgroup
[2025-03-19 15:19:51Z INFO ActionCommandManager] Register action command extension for command echo
[2025-03-19 15:19:51Z INFO ActionManifestManager] Arguments evaluate result: {
  "type": 1,
  "file": 4,
  "line": 89,
  "col": 3,
  "seq": [
    {
      "type": 0,
      "file": 4,
      "line": 89,
      "col": 5,
      "lit": "__token__"
    },
    {
      "type": 0,
      "file": 4,
      "line": 90,
      "col": 5,
      "lit": "***"
    },
    {
      "type": 0,
      "file": 4,
      "line": 91,
      "col": 5,
      "lit": "https://test.pypi.org/legacy/"
    },
    {
      "type": 0,
      "file": 4,
      "line": 92,
      "col": 5,
      "lit": "artifacts/"
    },
    {
      "type": 0,
      "file": 4,
      "line": 93,
      "col": 5,
      "lit": ""
    },
    {
      "type": 0,
      "file": 4,
      "line": 94,
      "col": 5,
      "lit": "true"
    },
    {
      "type": 0,
      "file": 4,
      "line": 95,
      "col": 5,
      "lit": "false"
    },
    {
      "type": 0,
      "file": 4,
      "line": 96,
      "col": 5,
      "lit": ""
    }
  ]
}
[2025-03-19 15:19:51Z INFO ActionManifestManager] Add argument __token__
[2025-03-19 15:19:51Z INFO ActionManifestManager] Add argument ***
[2025-03-19 15:19:51Z INFO ActionManifestManager] Add argument https://test.pypi.org/legacy/
[2025-03-19 15:19:51Z INFO ActionManifestManager] Add argument artifacts/
[2025-03-19 15:19:51Z INFO ActionManifestManager] Add argument 
[2025-03-19 15:19:51Z INFO ActionManifestManager] Add argument true
[2025-03-19 15:19:51Z INFO ActionManifestManager] Add argument false
[2025-03-19 15:19:51Z INFO ActionManifestManager] Add argument 
[2025-03-19 15:19:51Z INFO HostContext] Well known directory 'Bin': '/home/jenny/tensorflow-mri/bin'
[2025-03-19 15:19:51Z INFO HostContext] Well known directory 'Root': '/home/jenny/tensorflow-mri'
[2025-03-19 15:19:51Z INFO HostContext] Well known directory 'Work': '/home/jenny/tensorflow-mri/_work'
[2025-03-19 15:19:51Z INFO HostContext] Well known directory 'Temp': '/home/jenny/tensorflow-mri/_work/_temp'
[2025-03-19 15:19:51Z INFO ProcessInvokerWrapper] Starting process:
[2025-03-19 15:19:51Z INFO ProcessInvokerWrapper]   File name: '/usr/bin/docker'
[2025-03-19 15:19:51Z INFO ProcessInvokerWrapper]   Arguments: 'run --name d202fa48aeacccfba4c0090aefa911393c7af_746b11 --label 6d202f --workdir /github/workspace --rm -e "PYTHON" -e "INPUT_PASSWORD" -e "INPUT_REPOSITORY-URL" -e "INPUT_PACKAGES-DIR" -e "INPUT_SKIP-EXISTING" -e "INPUT_USER" -e "INPUT_REPOSITORY_URL" -e "INPUT_PACKAGES_DIR" -e "INPUT_VERIFY-METADATA" -e "INPUT_VERIFY_METADATA" -e "INPUT_SKIP_EXISTING" -e "INPUT_VERBOSE" -e "INPUT_PRINT-HASH" -e "INPUT_PRINT_HASH" -e "HOME" -e "GITHUB_JOB" -e "GITHUB_REF" -e "GITHUB_SHA" -e "GITHUB_REPOSITORY" -e "GITHUB_REPOSITORY_OWNER" -e "GITHUB_REPOSITORY_OWNER_ID" -e "GITHUB_RUN_ID" -e "GITHUB_RUN_NUMBER" -e "GITHUB_RETENTION_DAYS" -e "GITHUB_RUN_ATTEMPT" -e "GITHUB_ACTOR_ID" -e "GITHUB_ACTOR" -e "GITHUB_WORKFLOW" -e "GITHUB_HEAD_REF" -e "GITHUB_BASE_REF" -e "GITHUB_EVENT_NAME" -e "GITHUB_SERVER_URL" -e "GITHUB_API_URL" -e "GITHUB_GRAPHQL_URL" -e "GITHUB_REF_NAME" -e "GITHUB_REF_PROTECTED" -e "GITHUB_REF_TYPE" -e "GITHUB_WORKFLOW_REF" -e "GITHUB_WORKFLOW_SHA" -e "GITHUB_REPOSITORY_ID" -e "GITHUB_TRIGGERING_ACTOR" -e "GITHUB_WORKSPACE" -e "GITHUB_ACTION" -e "GITHUB_EVENT_PATH" -e "GITHUB_ACTION_REPOSITORY" -e "GITHUB_ACTION_REF" -e "GITHUB_PATH" -e "GITHUB_ENV" -e "GITHUB_STEP_SUMMARY" -e "GITHUB_STATE" -e "GITHUB_OUTPUT" -e "RUNNER_OS" -e "RUNNER_ARCH" -e "RUNNER_NAME" -e "RUNNER_ENVIRONMENT" -e "RUNNER_TOOL_CACHE" -e "RUNNER_TEMP" -e "RUNNER_WORKSPACE" -e "ACTIONS_RUNTIME_URL" -e "ACTIONS_RUNTIME_TOKEN" -e "ACTIONS_CACHE_URL" -e "ACTIONS_RESULTS_URL" -e GITHUB_ACTIONS=true -e CI=true --network github_network_0c10a910844c43d3b9e009e11553ca48 -v "/var/run/docker.sock":"/var/run/docker.sock" -v "/home/jenny/tensorflow-mri/_work/_temp/_github_home":"/github/home" -v "/home/jenny/tensorflow-mri/_work/_temp/_github_workflow":"/github/workflow" -v "/home/jenny/tensorflow-mri/_work/_temp/_runner_file_commands":"/github/file_commands" -v "/home/jenny/tensorflow-mri/_work/tensorflow-mri/tensorflow-mri":"/github/workspace" 6d202f:a48aeacccfba4c0090aefa911393c7af  "__token__" "***" "https://test.pypi.org/legacy/" "artifacts/" "" "true" "false" ""'
[2025-03-19 15:19:51Z INFO ProcessInvokerWrapper]   Working directory: '/home/jenny/tensorflow-mri/_work/tensorflow-mri/tensorflow-mri'
[2025-03-19 15:19:51Z INFO ProcessInvokerWrapper]   Require exit code zero: 'False'
[2025-03-19 15:19:51Z INFO ProcessInvokerWrapper]   Encoding web name:  ; code page: ''
[2025-03-19 15:19:51Z INFO ProcessInvokerWrapper]   Force kill process on cancellation: 'False'
[2025-03-19 15:19:51Z INFO ProcessInvokerWrapper]   Redirected STDIN: 'False'
[2025-03-19 15:19:51Z INFO ProcessInvokerWrapper]   Persist current code page: 'False'
[2025-03-19 15:19:51Z INFO ProcessInvokerWrapper]   Keep redirected STDIN open: 'False'
[2025-03-19 15:19:51Z INFO ProcessInvokerWrapper]   High priority process: 'False'
[2025-03-19 15:19:51Z INFO ProcessInvokerWrapper] Updated oom_score_adj to 500 for PID: 2263669.
[2025-03-19 15:19:51Z INFO ProcessInvokerWrapper] Process started with process id 2263669, waiting for process exit.
[2025-03-19 15:19:51Z INFO JobServerQueue] Try to upload 1 log files or attachments, success rate: 1/1.
[2025-03-19 15:19:52Z INFO JobServerQueue] Try to append 1 batches web console lines for record '718e7f2e-dd8b-41cd-a9f8-3e9d32890fa9', success rate: 1/1.
[2025-03-19 15:19:52Z INFO JobServerQueue] Try to append 1 batches web console lines for record '44e2dba0-96a0-44a6-bf7c-fe485c9bb45d', success rate: 1/1.
[2025-03-19 15:19:52Z INFO JobServerQueue] Got a step log file to send to results service.
[2025-03-19 15:19:52Z INFO JobServerQueue] Starting upload of step log file to results service ResultsLog, /home/jenny/tensorflow-mri/_diag/blocks/352e62ab-c249-47f2-bad9-fb15096f3ea3_718e7f2e-dd8b-41cd-a9f8-3e9d32890fa9.1
[2025-03-19 15:19:53Z INFO JobServerQueue] Try to append 1 batches web console lines for record '44e2dba0-96a0-44a6-bf7c-fe485c9bb45d', success rate: 1/1.
[2025-03-19 15:19:53Z INFO JobServerQueue] Tried to upload 1 file(s) to results, success rate: 1/1.
[2025-03-19 15:19:53Z INFO JobServerQueue] Try to append 1 batches web console lines for record '44e2dba0-96a0-44a6-bf7c-fe485c9bb45d', success rate: 1/1.
[2025-03-19 15:19:54Z INFO JobServerQueue] Try to append 1 batches web console lines for record '44e2dba0-96a0-44a6-bf7c-fe485c9bb45d', success rate: 1/1.
[2025-03-19 15:19:54Z INFO ProcessInvokerWrapper] STDOUT/STDERR stream read finished.
[2025-03-19 15:19:54Z INFO ProcessInvokerWrapper] STDOUT/STDERR stream read finished.
[2025-03-19 15:19:54Z INFO ProcessInvokerWrapper] Finished process 2263669 with exit code 0, and elapsed time 00:00:02.4561400.
[2025-03-19 15:19:54Z INFO CreateStepSummaryCommand] Step Summary file (/home/jenny/tensorflow-mri/_work/_temp/_runner_file_commands/step_summary_542e3241-c021-4323-a8b7-4132bf06fc57) is empty; skipping attachment upload
[2025-03-19 15:19:54Z INFO StepsRunner] Step result: 
[2025-03-19 15:19:54Z INFO ExecutionContext] Publish step telemetry for current step {
  "action": "pypa/gh-action-pypi-publish",
  "ref": "release/v1.7",
  "type": "Dockerfile",
  "stage": "Main",
  "stepId": "44e2dba0-96a0-44a6-bf7c-fe485c9bb45d",
  "stepContextName": "__pypa_gh-action-pypi-publish",
  "hasPreStep": false,
  "hasPostStep": false,
  "result": "succeeded",
  "errorMessages": [],
  "executionTimeInSeconds": 3,
  "startTime": "2025-03-19T15:19:51.852509Z",
  "finishTime": "2025-03-19T15:19:54.3241241Z"
}.
[2025-03-19 15:19:54Z INFO StepsRunner] No need for updating job result with current step result 'Succeeded'.
[2025-03-19 15:19:54Z INFO StepsRunner] Current state: job state = ''
[2025-03-19 15:19:54Z INFO StepsRunner] Processing step: DisplayName='Post Checkout code'
[2025-03-19 15:19:54Z INFO StepsRunner] Evaluating: always()
[2025-03-19 15:19:54Z INFO StepsRunner] Result: true
[2025-03-19 15:19:54Z INFO StepsRunner] Starting the step.
[2025-03-19 15:19:54Z INFO HostContext] Well known directory 'Bin': '/home/jenny/tensorflow-mri/bin'
[2025-03-19 15:19:54Z INFO HostContext] Well known directory 'Root': '/home/jenny/tensorflow-mri'
[2025-03-19 15:19:54Z INFO HostContext] Well known directory 'Work': '/home/jenny/tensorflow-mri/_work'
[2025-03-19 15:19:54Z INFO HostContext] Well known directory 'Actions': '/home/jenny/tensorflow-mri/_work/_actions'
[2025-03-19 15:19:54Z INFO ActionManager] Load action that reference repository from '/home/jenny/tensorflow-mri/_work/_actions/actions/checkout/v4'
[2025-03-19 15:19:54Z INFO HostContext] Well known directory 'Bin': '/home/jenny/tensorflow-mri/bin'
[2025-03-19 15:19:54Z INFO HostContext] Well known directory 'Root': '/home/jenny/tensorflow-mri'
[2025-03-19 15:19:54Z INFO HostContext] Well known directory 'Work': '/home/jenny/tensorflow-mri/_work'
[2025-03-19 15:19:54Z INFO HostContext] Well known directory 'Actions': '/home/jenny/tensorflow-mri/_work/_actions'
[2025-03-19 15:19:54Z INFO ActionManifestManager] Loaded action.yml file: {
  "name": "Checkout",
  "description": "Checkout a Git repository at a particular version",
  "inputs": {
    "type": 2,
    "map": [
      {
        "key": {
          "type": 0,
          "file": 2,
          "line": 4,
          "col": 3,
          "lit": "repository"
        },
        "value": {
          "type": 3,
          "file": 2,
          "line": 6,
          "col": 14,
          "expr": "github.repository"
        }
      },
      {
        "key": {
          "type": 0,
          "file": 2,
          "line": 7,
          "col": 3,
          "lit": "ref"
        },
        "value": ""
      },
      {
        "key": {
          "type": 0,
          "file": 2,
          "line": 12,
          "col": 3,
          "lit": "token"
        },
        "value": {
          "type": 3,
          "file": 2,
          "line": 24,
          "col": 14,
          "expr": "github.token"
        }
      },
      {
        "key": {
          "type": 0,
          "file": 2,
          "line": 25,
          "col": 3,
          "lit": "ssh-key"
        },
        "value": ""
      },
      {
        "key": {
          "type": 0,
          "file": 2,
          "line": 37,
          "col": 3,
          "lit": "ssh-known-hosts"
        },
        "value": ""
      },
      {
        "key": {
          "type": 0,
          "file": 2,
          "line": 42,
          "col": 3,
          "lit": "ssh-strict"
        },
        "value": {
          "type": 0,
          "file": 2,
          "line": 47,
          "col": 14,
          "lit": "true"
        }
      },
      {
        "key": {
          "type": 0,
          "file": 2,
          "line": 48,
          "col": 3,
          "lit": "ssh-user"
        },
        "value": {
          "type": 0,
          "file": 2,
          "line": 51,
          "col": 14,
          "lit": "git"
        }
      },
      {
        "key": {
          "type": 0,
          "file": 2,
          "line": 52,
          "col": 3,
          "lit": "persist-credentials"
        },
        "value": {
          "type": 0,
          "file": 2,
          "line": 54,
          "col": 14,
          "lit": "true"
        }
      },
      {
        "key": {
          "type": 0,
          "file": 2,
          "line": 55,
          "col": 3,
          "lit": "path"
        },
        "value": ""
      },
      {
        "key": {
          "type": 0,
          "file": 2,
          "line": 57,
          "col": 3,
          "lit": "clean"
        },
        "value": {
          "type": 0,
          "file": 2,
          "line": 59,
          "col": 14,
          "lit": "true"
        }
      },
      {
        "key": {
          "type": 0,
          "file": 2,
          "line": 60,
          "col": 3,
          "lit": "filter"
        },
        "value": {
          "type": 0,
          "file": 2,
          "line": 64,
          "col": 14,
          "lit": ""
        }
      },
      {
        "key": {
          "type": 0,
          "file": 2,
          "line": 65,
          "col": 3,
          "lit": "sparse-checkout"
        },
        "value": {
          "type": 0,
          "file": 2,
          "line": 69,
          "col": 14,
          "lit": ""
        }
      },
      {
        "key": {
          "type": 0,
          "file": 2,
          "line": 70,
          "col": 3,
          "lit": "sparse-checkout-cone-mode"
        },
        "value": {
          "type": 0,
          "file": 2,
          "line": 73,
          "col": 14,
          "lit": "true"
        }
      },
      {
        "key": {
          "type": 0,
          "file": 2,
          "line": 74,
          "col": 3,
          "lit": "fetch-depth"
        },
        "value": {
          "type": 0,
          "file": 2,
          "line": 76,
          "col": 14,
          "lit": "1"
        }
      },
      {
        "key": {
          "type": 0,
          "file": 2,
          "line": 77,
          "col": 3,
          "lit": "fetch-tags"
        },
        "value": {
          "type": 0,
          "file": 2,
          "line": 79,
          "col": 14,
          "lit": "false"
        }
      },
      {
        "key": {
          "type": 0,
          "file": 2,
          "line": 80,
          "col": 3,
          "lit": "show-progress"
        },
        "value": {
          "type": 0,
          "file": 2,
          "line": 82,
          "col": 14,
          "lit": "true"
        }
      },
      {
        "key": {
          "type": 0,
          "file": 2,
          "line": 83,
          "col": 3,
          "lit": "lfs"
        },
        "value": {
          "type": 0,
          "file": 2,
          "line": 85,
          "col": 14,
          "lit": "false"
        }
      },
      {
        "key": {
          "type": 0,
          "file": 2,
          "line": 86,
          "col": 3,
          "lit": "submodules"
        },
        "value": {
          "type": 0,
          "file": 2,
          "line": 94,
          "col": 14,
          "lit": "false"
        }
      },
      {
        "key": {
          "type": 0,
          "file": 2,
          "line": 95,
          "col": 3,
          "lit": "set-safe-directory"
        },
        "value": {
          "type": 0,
          "file": 2,
          "line": 97,
          "col": 14,
          "lit": "true"
        }
      },
      {
        "key": {
          "type": 0,
          "file": 2,
          "line": 98,
          "col": 3,
          "lit": "github-server-url"
        },
        "value": ""
      }
    ]
  },
  "execution": {
    "executionType": "nodeJS",
    "hasPre": false,
    "hasPost": true,
    "script": "dist/index.js",
    "pre": null,
    "post": "dist/index.js",
    "nodeVersion": "node20",
    "cleanupCondition": "always()",
    "initCondition": "always()"
  },
  "deprecated": null
}
[2025-03-19 15:19:54Z INFO ActionManager] Action pre node.js file: N/A.
[2025-03-19 15:19:54Z INFO ActionManager] Action node.js file: dist/index.js.
[2025-03-19 15:19:54Z INFO ActionManager] Action post node.js file: dist/index.js.
[2025-03-19 15:19:54Z INFO HostContext] Well known directory 'Bin': '/home/jenny/tensorflow-mri/bin'
[2025-03-19 15:19:54Z INFO HostContext] Well known directory 'Root': '/home/jenny/tensorflow-mri'
[2025-03-19 15:19:54Z INFO HostContext] Well known directory 'Work': '/home/jenny/tensorflow-mri/_work'
[2025-03-19 15:19:54Z INFO HostContext] Well known directory 'Temp': '/home/jenny/tensorflow-mri/_work/_temp'
[2025-03-19 15:19:54Z INFO ExecutionContext] Write event payload to /home/jenny/tensorflow-mri/_work/_temp/_github_workflow/event.json
[2025-03-19 15:19:54Z INFO HostContext] Well known directory 'Bin': '/home/jenny/tensorflow-mri/bin'
[2025-03-19 15:19:54Z INFO HostContext] Well known directory 'Root': '/home/jenny/tensorflow-mri'
[2025-03-19 15:19:54Z INFO HostContext] Well known directory 'Work': '/home/jenny/tensorflow-mri/_work'
[2025-03-19 15:19:54Z INFO HostContext] Well known directory 'Temp': '/home/jenny/tensorflow-mri/_work/_temp'
[2025-03-19 15:19:54Z INFO ExtensionManager] Getting extensions for interface: 'GitHub.Runner.Worker.IFileCommandExtension'
[2025-03-19 15:19:54Z INFO ActionManifestManager] Input 'repository': default value evaluate result: {
  "type": 0,
  "file": 2,
  "line": 6,
  "col": 14,
  "lit": "mrphys/tensorflow-mri"
}
[2025-03-19 15:19:54Z INFO ActionManifestManager] Input 'ref': default value evaluate result: ""
[2025-03-19 15:19:54Z INFO ActionManifestManager] Input 'token': default value evaluate result: {
  "type": 0,
  "file": 2,
  "line": 24,
  "col": 14,
  "lit": "***"
}
[2025-03-19 15:19:54Z INFO ActionManifestManager] Input 'ssh-key': default value evaluate result: ""
[2025-03-19 15:19:54Z INFO ActionManifestManager] Input 'ssh-known-hosts': default value evaluate result: ""
[2025-03-19 15:19:54Z INFO ActionManifestManager] Input 'ssh-strict': default value evaluate result: {
  "type": 0,
  "file": 2,
  "line": 47,
  "col": 14,
  "lit": "true"
}
[2025-03-19 15:19:54Z INFO ActionManifestManager] Input 'ssh-user': default value evaluate result: {
  "type": 0,
  "file": 2,
  "line": 51,
  "col": 14,
  "lit": "git"
}
[2025-03-19 15:19:54Z INFO ActionManifestManager] Input 'persist-credentials': default value evaluate result: {
  "type": 0,
  "file": 2,
  "line": 54,
  "col": 14,
  "lit": "true"
}
[2025-03-19 15:19:54Z INFO ActionManifestManager] Input 'path': default value evaluate result: ""
[2025-03-19 15:19:54Z INFO ActionManifestManager] Input 'clean': default value evaluate result: {
  "type": 0,
  "file": 2,
  "line": 59,
  "col": 14,
  "lit": "true"
}
[2025-03-19 15:19:54Z INFO ActionManifestManager] Input 'filter': default value evaluate result: {
  "type": 0,
  "file": 2,
  "line": 64,
  "col": 14,
  "lit": ""
}
[2025-03-19 15:19:54Z INFO ActionManifestManager] Input 'sparse-checkout': default value evaluate result: {
  "type": 0,
  "file": 2,
  "line": 69,
  "col": 14,
  "lit": ""
}
[2025-03-19 15:19:54Z INFO ActionManifestManager] Input 'sparse-checkout-cone-mode': default value evaluate result: {
  "type": 0,
  "file": 2,
  "line": 73,
  "col": 14,
  "lit": "true"
}
[2025-03-19 15:19:54Z INFO ActionManifestManager] Input 'fetch-depth': default value evaluate result: {
  "type": 0,
  "file": 2,
  "line": 76,
  "col": 14,
  "lit": "1"
}
[2025-03-19 15:19:54Z INFO ActionManifestManager] Input 'fetch-tags': default value evaluate result: {
  "type": 0,
  "file": 2,
  "line": 79,
  "col": 14,
  "lit": "false"
}
[2025-03-19 15:19:54Z INFO ActionManifestManager] Input 'show-progress': default value evaluate result: {
  "type": 0,
  "file": 2,
  "line": 82,
  "col": 14,
  "lit": "true"
}
[2025-03-19 15:19:54Z INFO ActionManifestManager] Input 'submodules': default value evaluate result: {
  "type": 0,
  "file": 2,
  "line": 94,
  "col": 14,
  "lit": "false"
}
[2025-03-19 15:19:54Z INFO ActionManifestManager] Input 'set-safe-directory': default value evaluate result: {
  "type": 0,
  "file": 2,
  "line": 97,
  "col": 14,
  "lit": "true"
}
[2025-03-19 15:19:54Z INFO ActionManifestManager] Input 'github-server-url': default value evaluate result: ""
[2025-03-19 15:19:54Z INFO ExtensionManager] Getting extensions for interface: 'GitHub.Runner.Worker.IActionCommandExtension'
[2025-03-19 15:19:54Z INFO ActionCommandManager] Register action command extension for command internal-set-repo-path
[2025-03-19 15:19:54Z INFO ActionCommandManager] Register action command extension for command set-env
[2025-03-19 15:19:54Z INFO ActionCommandManager] Register action command extension for command set-output
[2025-03-19 15:19:54Z INFO ActionCommandManager] Register action command extension for command save-state
[2025-03-19 15:19:54Z INFO ActionCommandManager] Register action command extension for command add-path
[2025-03-19 15:19:54Z INFO ActionCommandManager] Register action command extension for command add-mask
[2025-03-19 15:19:54Z INFO ActionCommandManager] Register action command extension for command add-matcher
[2025-03-19 15:19:54Z INFO ActionCommandManager] Register action command extension for command remove-matcher
[2025-03-19 15:19:54Z INFO ActionCommandManager] Register action command extension for command warning
[2025-03-19 15:19:54Z INFO ActionCommandManager] Register action command extension for command error
[2025-03-19 15:19:54Z INFO ActionCommandManager] Register action command extension for command notice
[2025-03-19 15:19:54Z INFO ActionCommandManager] Register action command extension for command debug
[2025-03-19 15:19:54Z INFO ActionCommandManager] Register action command extension for command group
[2025-03-19 15:19:54Z INFO ActionCommandManager] Register action command extension for command endgroup
[2025-03-19 15:19:54Z INFO ActionCommandManager] Register action command extension for command echo
[2025-03-19 15:19:54Z INFO HostContext] Well known directory 'Bin': '/home/jenny/tensorflow-mri/bin'
[2025-03-19 15:19:54Z INFO HostContext] Well known directory 'Root': '/home/jenny/tensorflow-mri'
[2025-03-19 15:19:54Z INFO HostContext] Well known directory 'Work': '/home/jenny/tensorflow-mri/_work'
[2025-03-19 15:19:54Z INFO ProcessInvokerWrapper] Starting process:
[2025-03-19 15:19:54Z INFO ProcessInvokerWrapper]   File name: '/usr/bin/docker'
[2025-03-19 15:19:54Z INFO ProcessInvokerWrapper]   Arguments: 'exec  98709747defd71f590e88976ccf2d4f2d9f37be0533238a9a2a3ab2449ec80c0 sh -c "cat /etc/*release | grep ^ID"'
[2025-03-19 15:19:54Z INFO ProcessInvokerWrapper]   Working directory: '/home/jenny/tensorflow-mri/_work'
[2025-03-19 15:19:54Z INFO ProcessInvokerWrapper]   Require exit code zero: 'False'
[2025-03-19 15:19:54Z INFO ProcessInvokerWrapper]   Encoding web name:  ; code page: ''
[2025-03-19 15:19:54Z INFO ProcessInvokerWrapper]   Force kill process on cancellation: 'False'
[2025-03-19 15:19:54Z INFO ProcessInvokerWrapper]   Redirected STDIN: 'False'
[2025-03-19 15:19:54Z INFO ProcessInvokerWrapper]   Persist current code page: 'False'
[2025-03-19 15:19:54Z INFO ProcessInvokerWrapper]   Keep redirected STDIN open: 'False'
[2025-03-19 15:19:54Z INFO ProcessInvokerWrapper]   High priority process: 'False'
[2025-03-19 15:19:54Z INFO ProcessInvokerWrapper] Updated oom_score_adj to 500 for PID: 2263887.
[2025-03-19 15:19:54Z INFO ProcessInvokerWrapper] Process started with process id 2263887, waiting for process exit.
[2025-03-19 15:19:54Z INFO ProcessInvokerWrapper] STDOUT/STDERR stream read finished.
[2025-03-19 15:19:54Z INFO ProcessInvokerWrapper] STDOUT/STDERR stream read finished.
[2025-03-19 15:19:54Z INFO ProcessInvokerWrapper] Finished process 2263887 with exit code 0, and elapsed time 00:00:00.0413163.
[2025-03-19 15:19:54Z INFO HostContext] Well known directory 'Bin': '/home/jenny/tensorflow-mri/bin'
[2025-03-19 15:19:54Z INFO HostContext] Well known directory 'Root': '/home/jenny/tensorflow-mri'
[2025-03-19 15:19:54Z INFO HostContext] Well known directory 'Externals': '/home/jenny/tensorflow-mri/externals'
[2025-03-19 15:19:54Z INFO HostContext] Well known directory 'Bin': '/home/jenny/tensorflow-mri/bin'
[2025-03-19 15:19:54Z INFO HostContext] Well known directory 'Root': '/home/jenny/tensorflow-mri'
[2025-03-19 15:19:54Z INFO HostContext] Well known directory 'Work': '/home/jenny/tensorflow-mri/_work'
[2025-03-19 15:19:54Z INFO ProcessInvokerWrapper] Starting process:
[2025-03-19 15:19:54Z INFO ProcessInvokerWrapper]   File name: '/usr/bin/docker'
[2025-03-19 15:19:54Z INFO ProcessInvokerWrapper]   Arguments: 'exec -i --workdir /__w/tensorflow-mri/tensorflow-mri -e "PYTHON" -e "STATE_isPost" -e "STATE_setSafeDirectory" -e "STATE_repositoryPath" -e "INPUT_LFS" -e "INPUT_REPOSITORY" -e "INPUT_REF" -e "INPUT_TOKEN" -e "INPUT_SSH-KEY" -e "INPUT_SSH-KNOWN-HOSTS" -e "INPUT_SSH-STRICT" -e "INPUT_SSH-USER" -e "INPUT_PERSIST-CREDENTIALS" -e "INPUT_PATH" -e "INPUT_CLEAN" -e "INPUT_FILTER" -e "INPUT_SPARSE-CHECKOUT" -e "INPUT_SPARSE-CHECKOUT-CONE-MODE" -e "INPUT_FETCH-DEPTH" -e "INPUT_FETCH-TAGS" -e "INPUT_SHOW-PROGRESS" -e "INPUT_SUBMODULES" -e "INPUT_SET-SAFE-DIRECTORY" -e "INPUT_GITHUB-SERVER-URL" -e "GITHUB_JOB" -e "GITHUB_REF" -e "GITHUB_SHA" -e "GITHUB_REPOSITORY" -e "GITHUB_REPOSITORY_OWNER" -e "GITHUB_REPOSITORY_OWNER_ID" -e "GITHUB_RUN_ID" -e "GITHUB_RUN_NUMBER" -e "GITHUB_RETENTION_DAYS" -e "GITHUB_RUN_ATTEMPT" -e "GITHUB_ACTOR_ID" -e "GITHUB_ACTOR" -e "GITHUB_WORKFLOW" -e "GITHUB_HEAD_REF" -e "GITHUB_BASE_REF" -e "GITHUB_EVENT_NAME" -e "GITHUB_SERVER_URL" -e "GITHUB_API_URL" -e "GITHUB_GRAPHQL_URL" -e "GITHUB_REF_NAME" -e "GITHUB_REF_PROTECTED" -e "GITHUB_REF_TYPE" -e "GITHUB_WORKFLOW_REF" -e "GITHUB_WORKFLOW_SHA" -e "GITHUB_REPOSITORY_ID" -e "GITHUB_TRIGGERING_ACTOR" -e "GITHUB_WORKSPACE" -e "GITHUB_ACTION" -e "GITHUB_EVENT_PATH" -e "GITHUB_ACTION_REPOSITORY" -e "GITHUB_ACTION_REF" -e "GITHUB_PATH" -e "GITHUB_ENV" -e "GITHUB_STEP_SUMMARY" -e "GITHUB_STATE" -e "GITHUB_OUTPUT" -e "RUNNER_OS" -e "RUNNER_ARCH" -e "RUNNER_NAME" -e "RUNNER_ENVIRONMENT" -e "RUNNER_TOOL_CACHE" -e "RUNNER_TEMP" -e "RUNNER_WORKSPACE" -e "ACTIONS_RUNTIME_URL" -e "ACTIONS_RUNTIME_TOKEN" -e "ACTIONS_CACHE_URL" -e "ACTIONS_RESULTS_URL" -e "ACTIONS_CACHE_SERVICE_V2" 98709747defd71f590e88976ccf2d4f2d9f37be0533238a9a2a3ab2449ec80c0 /__e/node20/bin/node /__w/_actions/actions/checkout/v4/dist/index.js'
[2025-03-19 15:19:54Z INFO ProcessInvokerWrapper]   Working directory: '/home/jenny/tensorflow-mri/_work'
[2025-03-19 15:19:54Z INFO ProcessInvokerWrapper]   Require exit code zero: 'False'
[2025-03-19 15:19:54Z INFO ProcessInvokerWrapper]   Encoding web name:  ; code page: ''
[2025-03-19 15:19:54Z INFO ProcessInvokerWrapper]   Force kill process on cancellation: 'False'
[2025-03-19 15:19:54Z INFO ProcessInvokerWrapper]   Redirected STDIN: 'False'
[2025-03-19 15:19:54Z INFO ProcessInvokerWrapper]   Persist current code page: 'False'
[2025-03-19 15:19:54Z INFO ProcessInvokerWrapper]   Keep redirected STDIN open: 'False'
[2025-03-19 15:19:54Z INFO ProcessInvokerWrapper]   High priority process: 'False'
[2025-03-19 15:19:54Z INFO ProcessInvokerWrapper] Updated oom_score_adj to 500 for PID: 2263918.
[2025-03-19 15:19:54Z INFO ProcessInvokerWrapper] Process started with process id 2263918, waiting for process exit.
[2025-03-19 15:19:54Z INFO AddMaskCommandExtension] Add new secret mask with length of 32
[2025-03-19 15:19:54Z INFO JobServerQueue] Try to append 1 batches web console lines for record '44e2dba0-96a0-44a6-bf7c-fe485c9bb45d', success rate: 1/1.
[2025-03-19 15:19:54Z INFO JobServerQueue] Try to append 1 batches web console lines for record '20474b98-8bce-4c63-b681-77cd94f7ece4', success rate: 1/1.
[2025-03-19 15:19:54Z INFO ProcessInvokerWrapper] STDOUT/STDERR stream read finished.
[2025-03-19 15:19:54Z INFO ProcessInvokerWrapper] STDOUT/STDERR stream read finished.
[2025-03-19 15:19:54Z INFO ProcessInvokerWrapper] Finished process 2263918 with exit code 0, and elapsed time 00:00:00.1504444.
[2025-03-19 15:19:54Z INFO CreateStepSummaryCommand] Step Summary file (/home/jenny/tensorflow-mri/_work/_temp/_runner_file_commands/step_summary_a21b3ce7-de72-48be-8205-0ba58b9c0b35) is empty; skipping attachment upload
[2025-03-19 15:19:54Z INFO StepsRunner] Step result: 
[2025-03-19 15:19:54Z INFO ExecutionContext] Publish step telemetry for current step {
  "action": "actions/checkout",
  "ref": "v4",
  "type": "node20",
  "stage": "Post",
  "stepId": "20474b98-8bce-4c63-b681-77cd94f7ece4",
  "result": "succeeded",
  "errorMessages": [
    "The process '/usr/bin/git' failed with exit code 128"
  ],
  "executionTimeInSeconds": 1,
  "startTime": "2025-03-19T15:19:54.3247772Z",
  "finishTime": "2025-03-19T15:19:54.5233552Z"
}.
[2025-03-19 15:19:54Z INFO StepsRunner] No need for updating job result with current step result 'Succeeded'.
[2025-03-19 15:19:54Z INFO StepsRunner] Current state: job state = ''
[2025-03-19 15:19:54Z INFO StepsRunner] Processing step: DisplayName='Stop containers'
[2025-03-19 15:19:54Z INFO StepsRunner] Evaluating: always()
[2025-03-19 15:19:54Z INFO StepsRunner] Result: true
[2025-03-19 15:19:54Z INFO StepsRunner] Starting the step.
[2025-03-19 15:19:54Z INFO ProcessInvokerWrapper] Starting process:
[2025-03-19 15:19:54Z INFO ProcessInvokerWrapper]   File name: '/usr/bin/docker'
[2025-03-19 15:19:54Z INFO ProcessInvokerWrapper]   Arguments: 'rm --force 98709747defd71f590e88976ccf2d4f2d9f37be0533238a9a2a3ab2449ec80c0'
[2025-03-19 15:19:54Z INFO ProcessInvokerWrapper]   Working directory: '/home/jenny/tensorflow-mri/_work/tensorflow-mri/tensorflow-mri'
[2025-03-19 15:19:54Z INFO ProcessInvokerWrapper]   Require exit code zero: 'False'
[2025-03-19 15:19:54Z INFO ProcessInvokerWrapper]   Encoding web name:  ; code page: ''
[2025-03-19 15:19:54Z INFO ProcessInvokerWrapper]   Force kill process on cancellation: 'False'
[2025-03-19 15:19:54Z INFO ProcessInvokerWrapper]   Redirected STDIN: 'False'
[2025-03-19 15:19:54Z INFO ProcessInvokerWrapper]   Persist current code page: 'False'
[2025-03-19 15:19:54Z INFO ProcessInvokerWrapper]   Keep redirected STDIN open: 'False'
[2025-03-19 15:19:54Z INFO ProcessInvokerWrapper]   High priority process: 'False'
[2025-03-19 15:19:54Z INFO ProcessInvokerWrapper] Updated oom_score_adj to 500 for PID: 2263989.
[2025-03-19 15:19:54Z INFO ProcessInvokerWrapper] Process started with process id 2263989, waiting for process exit.
[2025-03-19 15:19:54Z INFO JobServerQueue] Try to upload 2 log files or attachments, success rate: 2/2.
[2025-03-19 15:19:55Z INFO JobServerQueue] Try to append 1 batches web console lines for record '20474b98-8bce-4c63-b681-77cd94f7ece4', success rate: 1/1.
[2025-03-19 15:19:55Z INFO JobServerQueue] Try to append 1 batches web console lines for record 'b0fc75f7-bedb-4537-8811-5f7697ae81a1', success rate: 1/1.
[2025-03-19 15:19:55Z INFO JobServerQueue] Got a step log file to send to results service.
[2025-03-19 15:19:55Z INFO JobServerQueue] Starting upload of step log file to results service ResultsLog, /home/jenny/tensorflow-mri/_diag/blocks/352e62ab-c249-47f2-bad9-fb15096f3ea3_44e2dba0-96a0-44a6-bf7c-fe485c9bb45d.1
[2025-03-19 15:19:55Z INFO ProcessInvokerWrapper] STDOUT/STDERR stream read finished.
[2025-03-19 15:19:55Z INFO ProcessInvokerWrapper] STDOUT/STDERR stream read finished.
[2025-03-19 15:19:55Z INFO ProcessInvokerWrapper] Finished process 2263989 with exit code 0, and elapsed time 00:00:00.7676769.
[2025-03-19 15:19:55Z INFO ProcessInvokerWrapper] Starting process:
[2025-03-19 15:19:55Z INFO ProcessInvokerWrapper]   File name: '/usr/bin/docker'
[2025-03-19 15:19:55Z INFO ProcessInvokerWrapper]   Arguments: 'network rm github_network_0c10a910844c43d3b9e009e11553ca48'
[2025-03-19 15:19:55Z INFO ProcessInvokerWrapper]   Working directory: '/home/jenny/tensorflow-mri/_work/tensorflow-mri/tensorflow-mri'
[2025-03-19 15:19:55Z INFO ProcessInvokerWrapper]   Require exit code zero: 'False'
[2025-03-19 15:19:55Z INFO ProcessInvokerWrapper]   Encoding web name:  ; code page: ''
[2025-03-19 15:19:55Z INFO ProcessInvokerWrapper]   Force kill process on cancellation: 'False'
[2025-03-19 15:19:55Z INFO ProcessInvokerWrapper]   Redirected STDIN: 'False'
[2025-03-19 15:19:55Z INFO ProcessInvokerWrapper]   Persist current code page: 'False'
[2025-03-19 15:19:55Z INFO ProcessInvokerWrapper]   Keep redirected STDIN open: 'False'
[2025-03-19 15:19:55Z INFO ProcessInvokerWrapper]   High priority process: 'False'
[2025-03-19 15:19:55Z INFO ProcessInvokerWrapper] Updated oom_score_adj to 500 for PID: 2264040.
[2025-03-19 15:19:55Z INFO ProcessInvokerWrapper] Process started with process id 2264040, waiting for process exit.
[2025-03-19 15:19:55Z INFO ProcessInvokerWrapper] STDOUT/STDERR stream read finished.
[2025-03-19 15:19:55Z INFO ProcessInvokerWrapper] STDOUT/STDERR stream read finished.
[2025-03-19 15:19:55Z INFO ProcessInvokerWrapper] Finished process 2264040 with exit code 0, and elapsed time 00:00:00.1272924.
[2025-03-19 15:19:55Z INFO StepsRunner] Step result: 
[2025-03-19 15:19:55Z INFO StepsRunner] No need for updating job result with current step result 'Succeeded'.
[2025-03-19 15:19:55Z INFO StepsRunner] Current state: job state = ''
[2025-03-19 15:19:55Z INFO JobRunner] Finalize job.
[2025-03-19 15:19:55Z INFO HostContext] Well known directory 'Bin': '/home/jenny/tensorflow-mri/bin'
[2025-03-19 15:19:55Z INFO HostContext] Well known directory 'Root': '/home/jenny/tensorflow-mri'
[2025-03-19 15:19:55Z INFO HostContext] Well known directory 'Diag': '/home/jenny/tensorflow-mri/_diag'
[2025-03-19 15:19:55Z INFO HostContext] Well known directory 'Bin': '/home/jenny/tensorflow-mri/bin'
[2025-03-19 15:19:55Z INFO HostContext] Well known directory 'Root': '/home/jenny/tensorflow-mri'
[2025-03-19 15:19:55Z INFO HostContext] Well known directory 'Diag': '/home/jenny/tensorflow-mri/_diag'
[2025-03-19 15:19:55Z INFO JobExtension] Initialize Env context
[2025-03-19 15:19:55Z INFO JobExtension] Initialize steps context
[2025-03-19 15:19:55Z INFO JobExtension] Total accessible running process: 625.
[2025-03-19 15:19:55Z INFO JobExtension] Inspecting process environment variables. PID: 1444606 (kworker/7:1-rcu_gp)
[2025-03-19 15:19:55Z INFO LinuxProcessExtensions] Read env from /proc/1444606/environ
[2025-03-19 15:19:55Z WARN JobExtension] Ignore exception during read process environment variables: Access to the path '/proc/1444606/environ' is denied.
[2025-03-19 15:19:55Z INFO JobExtension] Inspecting process environment variables. PID: 1866293 (kworker/26:2-rcu_gp)
[2025-03-19 15:19:55Z INFO LinuxProcessExtensions] Read env from /proc/1866293/environ
[2025-03-19 15:19:55Z WARN JobExtension] Ignore exception during read process environment variables: Access to the path '/proc/1866293/environ' is denied.
[2025-03-19 15:19:55Z INFO JobExtension] Inspecting process environment variables. PID: 1866390 (kworker/31:2-rcu_par_gp)
[2025-03-19 15:19:55Z INFO LinuxProcessExtensions] Read env from /proc/1866390/environ
[2025-03-19 15:19:55Z WARN JobExtension] Ignore exception during read process environment variables: Access to the path '/proc/1866390/environ' is denied.
[2025-03-19 15:19:55Z INFO JobExtension] Inspecting process environment variables. PID: 1870933 (kworker/27:0-rcu_par_gp)
[2025-03-19 15:19:55Z INFO LinuxProcessExtensions] Read env from /proc/1870933/environ
[2025-03-19 15:19:55Z WARN JobExtension] Ignore exception during read process environment variables: Access to the path '/proc/1870933/environ' is denied.
[2025-03-19 15:19:55Z INFO JobExtension] Inspecting process environment variables. PID: 1870956 (kworker/35:0-mm_percpu_wq)
[2025-03-19 15:19:55Z INFO LinuxProcessExtensions] Read env from /proc/1870956/environ
[2025-03-19 15:19:55Z WARN JobExtension] Ignore exception during read process environment variables: Access to the path '/proc/1870956/environ' is denied.
[2025-03-19 15:19:55Z INFO JobExtension] Inspecting process environment variables. PID: 1914652 (kworker/5:2-rcu_par_gp)
[2025-03-19 15:19:55Z INFO LinuxProcessExtensions] Read env from /proc/1914652/environ
[2025-03-19 15:19:55Z WARN JobExtension] Ignore exception during read process environment variables: Access to the path '/proc/1914652/environ' is denied.
[2025-03-19 15:19:55Z INFO JobExtension] Inspecting process environment variables. PID: 1919409 (kworker/13:2-rcu_par_gp)
[2025-03-19 15:19:55Z INFO LinuxProcessExtensions] Read env from /proc/1919409/environ
[2025-03-19 15:19:55Z WARN JobExtension] Ignore exception during read process environment variables: Access to the path '/proc/1919409/environ' is denied.
[2025-03-19 15:19:55Z INFO JobExtension] Inspecting process environment variables. PID: 1919457 (kworker/35:2-rcu_par_gp)
[2025-03-19 15:19:55Z INFO LinuxProcessExtensions] Read env from /proc/1919457/environ
[2025-03-19 15:19:55Z WARN JobExtension] Ignore exception during read process environment variables: Access to the path '/proc/1919457/environ' is denied.
[2025-03-19 15:19:55Z INFO JobExtension] Inspecting process environment variables. PID: 1934941 (kworker/3:0-rcu_par_gp)
[2025-03-19 15:19:55Z INFO LinuxProcessExtensions] Read env from /proc/1934941/environ
[2025-03-19 15:19:55Z WARN JobExtension] Ignore exception during read process environment variables: Access to the path '/proc/1934941/environ' is denied.
[2025-03-19 15:19:55Z INFO JobExtension] Inspecting process environment variables. PID: 1935102 (kworker/21:1-rcu_gp)
[2025-03-19 15:19:55Z INFO LinuxProcessExtensions] Read env from /proc/1935102/environ
[2025-03-19 15:19:55Z WARN JobExtension] Ignore exception during read process environment variables: Access to the path '/proc/1935102/environ' is denied.
[2025-03-19 15:19:55Z INFO JobExtension] Inspecting process environment variables. PID: 1936274 (kworker/9:0-cgroup_destroy)
[2025-03-19 15:19:55Z INFO LinuxProcessExtensions] Read env from /proc/1936274/environ
[2025-03-19 15:19:55Z WARN JobExtension] Ignore exception during read process environment variables: Access to the path '/proc/1936274/environ' is denied.
[2025-03-19 15:19:55Z INFO JobExtension] Inspecting process environment variables. PID: 1937017 (kworker/11:1-rcu_par_gp)
[2025-03-19 15:19:55Z INFO LinuxProcessExtensions] Read env from /proc/1937017/environ
[2025-03-19 15:19:55Z WARN JobExtension] Ignore exception during read process environment variables: Access to the path '/proc/1937017/environ' is denied.
[2025-03-19 15:19:55Z INFO JobExtension] Inspecting process environment variables. PID: 1937419 (kworker/19:2-rcu_par_gp)
[2025-03-19 15:19:55Z INFO LinuxProcessExtensions] Read env from /proc/1937419/environ
[2025-03-19 15:19:55Z WARN JobExtension] Ignore exception during read process environment variables: Access to the path '/proc/1937419/environ' is denied.
[2025-03-19 15:19:55Z INFO JobExtension] Inspecting process environment variables. PID: 1977181 (kworker/15:0-rcu_par_gp)
[2025-03-19 15:19:55Z INFO LinuxProcessExtensions] Read env from /proc/1977181/environ
[2025-03-19 15:19:55Z WARN JobExtension] Ignore exception during read process environment variables: Access to the path '/proc/1977181/environ' is denied.
[2025-03-19 15:19:55Z INFO JobExtension] Inspecting process environment variables. PID: 2085486 (kworker/u72:1-events_unbound)
[2025-03-19 15:19:55Z INFO LinuxProcessExtensions] Read env from /proc/2085486/environ
[2025-03-19 15:19:55Z WARN JobExtension] Ignore exception during read process environment variables: Access to the path '/proc/2085486/environ' is denied.
[2025-03-19 15:19:55Z INFO JobExtension] Inspecting process environment variables. PID: 2091664 (kworker/4:1-rcu_gp)
[2025-03-19 15:19:55Z INFO LinuxProcessExtensions] Read env from /proc/2091664/environ
[2025-03-19 15:19:55Z WARN JobExtension] Ignore exception during read process environment variables: Access to the path '/proc/2091664/environ' is denied.
[2025-03-19 15:19:55Z INFO JobExtension] Inspecting process environment variables. PID: 2091844 (kworker/29:1-rcu_par_gp)
[2025-03-19 15:19:55Z INFO LinuxProcessExtensions] Read env from /proc/2091844/environ
[2025-03-19 15:19:55Z WARN JobExtension] Ignore exception during read process environment variables: Access to the path '/proc/2091844/environ' is denied.
[2025-03-19 15:19:55Z INFO JobExtension] Inspecting process environment variables. PID: 2098761 (kworker/17:1-events)
[2025-03-19 15:19:55Z INFO LinuxProcessExtensions] Read env from /proc/2098761/environ
[2025-03-19 15:19:55Z WARN JobExtension] Ignore exception during read process environment variables: Access to the path '/proc/2098761/environ' is denied.
[2025-03-19 15:19:55Z INFO JobExtension] Inspecting process environment variables. PID: 2098999 (kworker/14:1-rcu_par_gp)
[2025-03-19 15:19:55Z INFO LinuxProcessExtensions] Read env from /proc/2098999/environ
[2025-03-19 15:19:55Z WARN JobExtension] Ignore exception during read process environment variables: Access to the path '/proc/2098999/environ' is denied.
[2025-03-19 15:19:55Z INFO JobExtension] Inspecting process environment variables. PID: 2100396 (kworker/29:2-events)
[2025-03-19 15:19:55Z INFO LinuxProcessExtensions] Read env from /proc/2100396/environ
[2025-03-19 15:19:55Z WARN JobExtension] Ignore exception during read process environment variables: Access to the path '/proc/2100396/environ' is denied.
[2025-03-19 15:19:55Z INFO JobExtension] Inspecting process environment variables. PID: 2100397 (kworker/31:1-rcu_par_gp)
[2025-03-19 15:19:55Z INFO LinuxProcessExtensions] Read env from /proc/2100397/environ
[2025-03-19 15:19:55Z WARN JobExtension] Ignore exception during read process environment variables: Access to the path '/proc/2100397/environ' is denied.
[2025-03-19 15:19:55Z INFO JobExtension] Inspecting process environment variables. PID: 2100509 (kworker/2:1-rcu_par_gp)
[2025-03-19 15:19:55Z INFO LinuxProcessExtensions] Read env from /proc/2100509/environ
[2025-03-19 15:19:55Z WARN JobExtension] Ignore exception during read process environment variables: Access to the path '/proc/2100509/environ' is denied.
[2025-03-19 15:19:55Z INFO JobExtension] Inspecting process environment variables. PID: 2100540 (kworker/0:0-rcu_gp)
[2025-03-19 15:19:55Z INFO LinuxProcessExtensions] Read env from /proc/2100540/environ
[2025-03-19 15:19:55Z WARN JobExtension] Ignore exception during read process environment variables: Access to the path '/proc/2100540/environ' is denied.
[2025-03-19 15:19:55Z INFO JobExtension] Inspecting process environment variables. PID: 2100578 (kworker/25:2-events)
[2025-03-19 15:19:55Z INFO LinuxProcessExtensions] Read env from /proc/2100578/environ
[2025-03-19 15:19:55Z WARN JobExtension] Ignore exception during read process environment variables: Access to the path '/proc/2100578/environ' is denied.
[2025-03-19 15:19:55Z INFO JobExtension] Inspecting process environment variables. PID: 2100752 (kworker/18:1-mm_percpu_wq)
[2025-03-19 15:19:55Z INFO LinuxProcessExtensions] Read env from /proc/2100752/environ
[2025-03-19 15:19:55Z WARN JobExtension] Ignore exception during read process environment variables: Access to the path '/proc/2100752/environ' is denied.
[2025-03-19 15:19:55Z INFO JobExtension] Inspecting process environment variables. PID: 2100775 (kworker/13:1-rcu_gp)
[2025-03-19 15:19:55Z INFO LinuxProcessExtensions] Read env from /proc/2100775/environ
[2025-03-19 15:19:55Z WARN JobExtension] Ignore exception during read process environment variables: Access to the path '/proc/2100775/environ' is denied.
[2025-03-19 15:19:55Z INFO JobExtension] Inspecting process environment variables. PID: 2101025 (kworker/4:2-rcu_par_gp)
[2025-03-19 15:19:55Z INFO LinuxProcessExtensions] Read env from /proc/2101025/environ
[2025-03-19 15:19:55Z WARN JobExtension] Ignore exception during read process environment variables: Access to the path '/proc/2101025/environ' is denied.
[2025-03-19 15:19:55Z INFO JobExtension] Inspecting process environment variables. PID: 2101316 (kworker/34:2-rcu_gp)
[2025-03-19 15:19:55Z INFO LinuxProcessExtensions] Read env from /proc/2101316/environ
[2025-03-19 15:19:55Z WARN JobExtension] Ignore exception during read process environment variables: Access to the path '/proc/2101316/environ' is denied.
[2025-03-19 15:19:55Z INFO JobExtension] Inspecting process environment variables. PID: 2101335 (kworker/8:0-rcu_par_gp)
[2025-03-19 15:19:55Z INFO LinuxProcessExtensions] Read env from /proc/2101335/environ
[2025-03-19 15:19:55Z WARN JobExtension] Ignore exception during read process environment variables: Access to the path '/proc/2101335/environ' is denied.
[2025-03-19 15:19:55Z INFO JobExtension] Inspecting process environment variables. PID: 2101347 (kworker/9:2-mm_percpu_wq)
[2025-03-19 15:19:55Z INFO LinuxProcessExtensions] Read env from /proc/2101347/environ
[2025-03-19 15:19:55Z WARN JobExtension] Ignore exception during read process environment variables: Access to the path '/proc/2101347/environ' is denied.
[2025-03-19 15:19:55Z INFO JobExtension] Inspecting process environment variables. PID: 2101892 (kworker/16:1-mm_percpu_wq)
[2025-03-19 15:19:55Z INFO LinuxProcessExtensions] Read env from /proc/2101892/environ
[2025-03-19 15:19:55Z WARN JobExtension] Ignore exception during read process environment variables: Access to the path '/proc/2101892/environ' is denied.
[2025-03-19 15:19:55Z INFO JobExtension] Inspecting process environment variables. PID: 2101914 (kworker/10:1-rcu_par_gp)
[2025-03-19 15:19:55Z INFO LinuxProcessExtensions] Read env from /proc/2101914/environ
[2025-03-19 15:19:55Z WARN JobExtension] Ignore exception during read process environment variables: Access to the path '/proc/2101914/environ' is denied.
[2025-03-19 15:19:55Z INFO JobExtension] Inspecting process environment variables. PID: 2153503 (kworker/34:1-rcu_par_gp)
[2025-03-19 15:19:55Z INFO LinuxProcessExtensions] Read env from /proc/2153503/environ
[2025-03-19 15:19:55Z WARN JobExtension] Ignore exception during read process environment variables: Access to the path '/proc/2153503/environ' is denied.
[2025-03-19 15:19:55Z INFO JobExtension] Inspecting process environment variables. PID: 2153624 (kworker/14:2-rcu_par_gp)
[2025-03-19 15:19:55Z INFO LinuxProcessExtensions] Read env from /proc/2153624/environ
[2025-03-19 15:19:55Z WARN JobExtension] Ignore exception during read process environment variables: Access to the path '/proc/2153624/environ' is denied.
[2025-03-19 15:19:55Z INFO JobExtension] Inspecting process environment variables. PID: 2153700 (kworker/6:0-events)
[2025-03-19 15:19:55Z INFO LinuxProcessExtensions] Read env from /proc/2153700/environ
[2025-03-19 15:19:55Z WARN JobExtension] Ignore exception during read process environment variables: Access to the path '/proc/2153700/environ' is denied.
[2025-03-19 15:19:55Z INFO JobExtension] Inspecting process environment variables. PID: 2153815 (kworker/18:0-rcu_par_gp)
[2025-03-19 15:19:55Z INFO LinuxProcessExtensions] Read env from /proc/2153815/environ
[2025-03-19 15:19:55Z WARN JobExtension] Ignore exception during read process environment variables: Access to the path '/proc/2153815/environ' is denied.
[2025-03-19 15:19:55Z INFO JobExtension] Inspecting process environment variables. PID: 2153998 (kworker/17:0-rcu_par_gp)
[2025-03-19 15:19:55Z INFO LinuxProcessExtensions] Read env from /proc/2153998/environ
[2025-03-19 15:19:55Z WARN JobExtension] Ignore exception during read process environment variables: Access to the path '/proc/2153998/environ' is denied.
[2025-03-19 15:19:55Z INFO JobExtension] Inspecting process environment variables. PID: 2154131 (kworker/24:2)
[2025-03-19 15:19:55Z INFO LinuxProcessExtensions] Read env from /proc/2154131/environ
[2025-03-19 15:19:55Z WARN JobExtension] Ignore exception during read process environment variables: Access to the path '/proc/2154131/environ' is denied.
[2025-03-19 15:19:55Z INFO JobExtension] Inspecting process environment variables. PID: 2154133 (kworker/15:2-rcu_par_gp)
[2025-03-19 15:19:55Z INFO LinuxProcessExtensions] Read env from /proc/2154133/environ
[2025-03-19 15:19:55Z WARN JobExtension] Ignore exception during read process environment variables: Access to the path '/proc/2154133/environ' is denied.
[2025-03-19 15:19:55Z INFO JobExtension] Inspecting process environment variables. PID: 2154277 (kworker/10:2-rcu_par_gp)
[2025-03-19 15:19:55Z INFO LinuxProcessExtensions] Read env from /proc/2154277/environ
[2025-03-19 15:19:55Z WARN JobExtension] Ignore exception during read process environment variables: Access to the path '/proc/2154277/environ' is denied.
[2025-03-19 15:19:55Z INFO JobExtension] Inspecting process environment variables. PID: 2154286 (kworker/25:0)
[2025-03-19 15:19:55Z INFO LinuxProcessExtensions] Read env from /proc/2154286/environ
[2025-03-19 15:19:55Z WARN JobExtension] Ignore exception during read process environment variables: Access to the path '/proc/2154286/environ' is denied.
[2025-03-19 15:19:55Z INFO JobExtension] Inspecting process environment variables. PID: 2154291 (kworker/8:1-rcu_par_gp)
[2025-03-19 15:19:55Z INFO LinuxProcessExtensions] Read env from /proc/2154291/environ
[2025-03-19 15:19:55Z WARN JobExtension] Ignore exception during read process environment variables: Access to the path '/proc/2154291/environ' is denied.
[2025-03-19 15:19:55Z INFO JobExtension] Inspecting process environment variables. PID: 2154293 (kworker/7:0-mm_percpu_wq)
[2025-03-19 15:19:55Z INFO LinuxProcessExtensions] Read env from /proc/2154293/environ
[2025-03-19 15:19:55Z WARN JobExtension] Ignore exception during read process environment variables: Access to the path '/proc/2154293/environ' is denied.
[2025-03-19 15:19:55Z INFO JobExtension] Inspecting process environment variables. PID: 2154445 (kworker/16:2-inet_frag_wq)
[2025-03-19 15:19:55Z INFO LinuxProcessExtensions] Read env from /proc/2154445/environ
[2025-03-19 15:19:55Z WARN JobExtension] Ignore exception during read process environment variables: Access to the path '/proc/2154445/environ' is denied.
[2025-03-19 15:19:55Z INFO JobExtension] Inspecting process environment variables. PID: 2154465 (kworker/2:0-rcu_par_gp)
[2025-03-19 15:19:55Z INFO LinuxProcessExtensions] Read env from /proc/2154465/environ
[2025-03-19 15:19:55Z WARN JobExtension] Ignore exception during read process environment variables: Access to the path '/proc/2154465/environ' is denied.
[2025-03-19 15:19:55Z INFO JobExtension] Inspecting process environment variables. PID: 2154478 (kworker/12:2-rcu_par_gp)
[2025-03-19 15:19:55Z INFO LinuxProcessExtensions] Read env from /proc/2154478/environ
[2025-03-19 15:19:55Z WARN JobExtension] Ignore exception during read process environment variables: Access to the path '/proc/2154478/environ' is denied.
[2025-03-19 15:19:55Z INFO JobExtension] Inspecting process environment variables. PID: 2224036 (sleep)
[2025-03-19 15:19:55Z INFO LinuxProcessExtensions] Read env from /proc/2224036/environ
[2025-03-19 15:19:55Z WARN JobExtension] Ignore exception during read process environment variables: Access to the path '/proc/2224036/environ' is denied.
[2025-03-19 15:19:55Z INFO JobExtension] Inspecting process environment variables. PID: 2233323 (kworker/27:2-mm_percpu_wq)
[2025-03-19 15:19:55Z INFO LinuxProcessExtensions] Read env from /proc/2233323/environ
[2025-03-19 15:19:55Z WARN JobExtension] Ignore exception during read process environment variables: Access to the path '/proc/2233323/environ' is denied.
[2025-03-19 15:19:55Z INFO JobExtension] Inspecting process environment variables. PID: 2233351 (kworker/1:1-mm_percpu_wq)
[2025-03-19 15:19:55Z INFO LinuxProcessExtensions] Read env from /proc/2233351/environ
[2025-03-19 15:19:55Z WARN JobExtension] Ignore exception during read process environment variables: Access to the path '/proc/2233351/environ' is denied.
[2025-03-19 15:19:55Z INFO JobExtension] Inspecting process environment variables. PID: 2233352 (kworker/3:1-events)
[2025-03-19 15:19:55Z INFO LinuxProcessExtensions] Read env from /proc/2233352/environ
[2025-03-19 15:19:55Z WARN JobExtension] Ignore exception during read process environment variables: Access to the path '/proc/2233352/environ' is denied.
[2025-03-19 15:19:55Z INFO JobExtension] Inspecting process environment variables. PID: 2233353 (kworker/5:0-events)
[2025-03-19 15:19:55Z INFO LinuxProcessExtensions] Read env from /proc/2233353/environ
[2025-03-19 15:19:55Z WARN JobExtension] Ignore exception during read process environment variables: Access to the path '/proc/2233353/environ' is denied.
[2025-03-19 15:19:55Z INFO JobExtension] Inspecting process environment variables. PID: 2233357 (kworker/1:3-events)
[2025-03-19 15:19:55Z INFO LinuxProcessExtensions] Read env from /proc/2233357/environ
[2025-03-19 15:19:55Z WARN JobExtension] Ignore exception during read process environment variables: Access to the path '/proc/2233357/environ' is denied.
[2025-03-19 15:19:55Z INFO JobExtension] Inspecting process environment variables. PID: 2233363 (kworker/21:0-mm_percpu_wq)
[2025-03-19 15:19:55Z INFO LinuxProcessExtensions] Read env from /proc/2233363/environ
[2025-03-19 15:19:55Z WARN JobExtension] Ignore exception during read process environment variables: Access to the path '/proc/2233363/environ' is denied.
[2025-03-19 15:19:55Z INFO JobExtension] Inspecting process environment variables. PID: 2233367 (kworker/11:0-rcu_par_gp)
[2025-03-19 15:19:55Z INFO LinuxProcessExtensions] Read env from /proc/2233367/environ
[2025-03-19 15:19:55Z WARN JobExtension] Ignore exception during read process environment variables: Access to the path '/proc/2233367/environ' is denied.
[2025-03-19 15:19:55Z INFO JobExtension] Inspecting process environment variables. PID: 2233633 (kworker/u72:0-events_unbound)
[2025-03-19 15:19:55Z INFO LinuxProcessExtensions] Read env from /proc/2233633/environ
[2025-03-19 15:19:55Z WARN JobExtension] Ignore exception during read process environment variables: Access to the path '/proc/2233633/environ' is denied.
[2025-03-19 15:19:55Z INFO JobExtension] Inspecting process environment variables. PID: 2256899 (kworker/u72:2-ext4-rsv-conversion)
[2025-03-19 15:19:55Z INFO LinuxProcessExtensions] Read env from /proc/2256899/environ
[2025-03-19 15:19:55Z WARN JobExtension] Ignore exception during read process environment variables: Access to the path '/proc/2256899/environ' is denied.
[2025-03-19 15:19:55Z INFO JobExtension] Inspecting process environment variables. PID: 2258857 (kworker/35:1-events)
[2025-03-19 15:19:55Z INFO LinuxProcessExtensions] Read env from /proc/2258857/environ
[2025-03-19 15:19:55Z WARN JobExtension] Ignore exception during read process environment variables: Access to the path '/proc/2258857/environ' is denied.
[2025-03-19 15:19:55Z INFO JobExtension] Inspecting process environment variables. PID: 2262779 (sleep)
[2025-03-19 15:19:55Z INFO LinuxProcessExtensions] Read env from /proc/2262779/environ
[2025-03-19 15:19:55Z INFO JobExtension] Inspecting process environment variables. PID: 2262812 (kworker/15:1-mm_percpu_wq)
[2025-03-19 15:19:55Z INFO LinuxProcessExtensions] Read env from /proc/2262812/environ
[2025-03-19 15:19:55Z WARN JobExtension] Ignore exception during read process environment variables: Access to the path '/proc/2262812/environ' is denied.
[2025-03-19 15:19:55Z INFO JobExtension] Inspecting process environment variables. PID: 2262821 (kworker/10:0-events)
[2025-03-19 15:19:55Z INFO LinuxProcessExtensions] Read env from /proc/2262821/environ
[2025-03-19 15:19:55Z WARN JobExtension] Ignore exception during read process environment variables: Access to the path '/proc/2262821/environ' is denied.
[2025-03-19 15:19:55Z INFO JobExtension] Inspecting process environment variables. PID: 2263030 (kworker/27:1-events)
[2025-03-19 15:19:55Z INFO LinuxProcessExtensions] Read env from /proc/2263030/environ
[2025-03-19 15:19:55Z WARN JobExtension] Ignore exception during read process environment variables: Access to the path '/proc/2263030/environ' is denied.
[2025-03-19 15:19:55Z INFO JobExtension] Inspecting process environment variables. PID: 2263039 (kworker/17:2-rcu_par_gp)
[2025-03-19 15:19:55Z INFO LinuxProcessExtensions] Read env from /proc/2263039/environ
[2025-03-19 15:19:55Z WARN JobExtension] Ignore exception during read process environment variables: Access to the path '/proc/2263039/environ' is denied.
[2025-03-19 15:19:55Z INFO JobExtension] Inspecting process environment variables. PID: 2263542 (kworker/20:1-mm_percpu_wq)
[2025-03-19 15:19:55Z INFO LinuxProcessExtensions] Read env from /proc/2263542/environ
[2025-03-19 15:19:55Z WARN JobExtension] Ignore exception during read process environment variables: Access to the path '/proc/2263542/environ' is denied.
[2025-03-19 15:19:55Z INFO JobExtension] Inspecting process environment variables. PID: 2263680 (kworker/26:1-mm_percpu_wq)
[2025-03-19 15:19:55Z INFO LinuxProcessExtensions] Read env from /proc/2263680/environ
[2025-03-19 15:19:55Z WARN JobExtension] Ignore exception during read process environment variables: Access to the path '/proc/2263680/environ' is denied.
[2025-03-19 15:19:55Z INFO JobExtension] Inspecting process environment variables. PID: 2263681 (kworker/31:0-events)
[2025-03-19 15:19:55Z INFO LinuxProcessExtensions] Read env from /proc/2263681/environ
[2025-03-19 15:19:55Z WARN JobExtension] Ignore exception during read process environment variables: Access to the path '/proc/2263681/environ' is denied.
[2025-03-19 15:19:55Z INFO JobExtension] Inspecting process environment variables. PID: 2263682 (systemd-udevd)
[2025-03-19 15:19:55Z INFO LinuxProcessExtensions] Read env from /proc/2263682/environ
[2025-03-19 15:19:55Z WARN JobExtension] Ignore exception during read process environment variables: Access to the path '/proc/2263682/environ' is denied.
[2025-03-19 15:19:55Z INFO JobExtension] Inspecting process environment variables. PID: 2263683 (systemd-udevd)
[2025-03-19 15:19:55Z INFO LinuxProcessExtensions] Read env from /proc/2263683/environ
[2025-03-19 15:19:55Z WARN JobExtension] Ignore exception during read process environment variables: Access to the path '/proc/2263683/environ' is denied.
[2025-03-19 15:19:55Z INFO JobExtension] Inspecting process environment variables. PID: 2263684 (kworker/0:2-mm_percpu_wq)
[2025-03-19 15:19:55Z INFO LinuxProcessExtensions] Read env from /proc/2263684/environ
[2025-03-19 15:19:55Z WARN JobExtension] Ignore exception during read process environment variables: Access to the path '/proc/2263684/environ' is denied.
[2025-03-19 15:19:55Z INFO JobExtension] Inspecting process environment variables. PID: 2263685 (kworker/34:0-mm_percpu_wq)
[2025-03-19 15:19:55Z INFO LinuxProcessExtensions] Read env from /proc/2263685/environ
[2025-03-19 15:19:55Z WARN JobExtension] Ignore exception during read process environment variables: Access to the path '/proc/2263685/environ' is denied.
[2025-03-19 15:19:55Z INFO JobExtension] Inspecting process environment variables. PID: 2263688 (systemd-udevd)
[2025-03-19 15:19:55Z INFO LinuxProcessExtensions] Read env from /proc/2263688/environ
[2025-03-19 15:19:55Z WARN JobExtension] Ignore exception during read process environment variables: Access to the path '/proc/2263688/environ' is denied.
[2025-03-19 15:19:55Z INFO JobExtension] Inspecting process environment variables. PID: 2263689 (systemd-udevd)
[2025-03-19 15:19:55Z INFO LinuxProcessExtensions] Read env from /proc/2263689/environ
[2025-03-19 15:19:55Z WARN JobExtension] Ignore exception during read process environment variables: Access to the path '/proc/2263689/environ' is denied.
[2025-03-19 15:19:55Z INFO JobExtension] Inspecting process environment variables. PID: 2263690 (systemd-udevd)
[2025-03-19 15:19:55Z INFO LinuxProcessExtensions] Read env from /proc/2263690/environ
[2025-03-19 15:19:55Z WARN JobExtension] Ignore exception during read process environment variables: Access to the path '/proc/2263690/environ' is denied.
[2025-03-19 15:19:55Z INFO JobExtension] Inspecting process environment variables. PID: 2263691 (systemd-udevd)
[2025-03-19 15:19:55Z INFO LinuxProcessExtensions] Read env from /proc/2263691/environ
[2025-03-19 15:19:55Z WARN JobExtension] Ignore exception during read process environment variables: Access to the path '/proc/2263691/environ' is denied.
[2025-03-19 15:19:55Z INFO JobExtension] Inspecting process environment variables. PID: 2263692 (systemd-udevd)
[2025-03-19 15:19:55Z INFO LinuxProcessExtensions] Read env from /proc/2263692/environ
[2025-03-19 15:19:55Z WARN JobExtension] Ignore exception during read process environment variables: Access to the path '/proc/2263692/environ' is denied.
[2025-03-19 15:19:55Z INFO JobExtension] Inspecting process environment variables. PID: 2263693 (systemd-udevd)
[2025-03-19 15:19:55Z INFO LinuxProcessExtensions] Read env from /proc/2263693/environ
[2025-03-19 15:19:55Z WARN JobExtension] Ignore exception during read process environment variables: Access to the path '/proc/2263693/environ' is denied.
[2025-03-19 15:19:55Z INFO JobExtension] Inspecting process environment variables. PID: 2263694 (systemd-udevd)
[2025-03-19 15:19:55Z INFO LinuxProcessExtensions] Read env from /proc/2263694/environ
[2025-03-19 15:19:55Z WARN JobExtension] Ignore exception during read process environment variables: Access to the path '/proc/2263694/environ' is denied.
[2025-03-19 15:19:55Z INFO JobServerQueue] Try to append 1 batches web console lines for record 'b0fc75f7-bedb-4537-8811-5f7697ae81a1', success rate: 1/1.
[2025-03-19 15:19:55Z INFO JobServerQueue] Try to append 1 batches web console lines for record '9e4cbca9-a0c6-4c8e-a83a-4323e03e126e', success rate: 1/1.
[2025-03-19 15:19:55Z INFO JobExtension] Inspecting process environment variables. PID: 2263695 (systemd-udevd)
[2025-03-19 15:19:55Z INFO LinuxProcessExtensions] Read env from /proc/2263695/environ
[2025-03-19 15:19:55Z WARN JobExtension] Ignore exception during read process environment variables: Access to the path '/proc/2263695/environ' is denied.
[2025-03-19 15:19:55Z INFO JobExtension] Inspecting process environment variables. PID: 2263696 (systemd-udevd)
[2025-03-19 15:19:55Z INFO LinuxProcessExtensions] Read env from /proc/2263696/environ
[2025-03-19 15:19:55Z WARN JobExtension] Ignore exception during read process environment variables: Access to the path '/proc/2263696/environ' is denied.
[2025-03-19 15:19:55Z INFO JobExtension] Inspecting process environment variables. PID: 2263697 (systemd-udevd)
[2025-03-19 15:19:55Z INFO LinuxProcessExtensions] Read env from /proc/2263697/environ
[2025-03-19 15:19:55Z WARN JobExtension] Ignore exception during read process environment variables: Access to the path '/proc/2263697/environ' is denied.
[2025-03-19 15:19:55Z INFO JobExtension] Inspecting process environment variables. PID: 2263698 (systemd-udevd)
[2025-03-19 15:19:55Z INFO LinuxProcessExtensions] Read env from /proc/2263698/environ
[2025-03-19 15:19:55Z WARN JobExtension] Ignore exception during read process environment variables: Access to the path '/proc/2263698/environ' is denied.
[2025-03-19 15:19:55Z INFO JobExtension] Inspecting process environment variables. PID: 2263699 (systemd-udevd)
[2025-03-19 15:19:55Z INFO LinuxProcessExtensions] Read env from /proc/2263699/environ
[2025-03-19 15:19:55Z WARN JobExtension] Ignore exception during read process environment variables: Access to the path '/proc/2263699/environ' is denied.
[2025-03-19 15:19:55Z INFO JobExtension] Inspecting process environment variables. PID: 2263700 (systemd-udevd)
[2025-03-19 15:19:55Z INFO LinuxProcessExtensions] Read env from /proc/2263700/environ
[2025-03-19 15:19:55Z WARN JobExtension] Ignore exception during read process environment variables: Access to the path '/proc/2263700/environ' is denied.
[2025-03-19 15:19:55Z INFO JobExtension] Inspecting process environment variables. PID: 2263701 (systemd-udevd)
[2025-03-19 15:19:55Z INFO LinuxProcessExtensions] Read env from /proc/2263701/environ
[2025-03-19 15:19:55Z WARN JobExtension] Ignore exception during read process environment variables: Access to the path '/proc/2263701/environ' is denied.
[2025-03-19 15:19:55Z INFO JobExtension] Inspecting process environment variables. PID: 2263702 (systemd-udevd)
[2025-03-19 15:19:55Z INFO LinuxProcessExtensions] Read env from /proc/2263702/environ
[2025-03-19 15:19:55Z WARN JobExtension] Ignore exception during read process environment variables: Access to the path '/proc/2263702/environ' is denied.
[2025-03-19 15:19:55Z INFO JobExtension] Inspecting process environment variables. PID: 2263703 (systemd-udevd)
[2025-03-19 15:19:55Z INFO LinuxProcessExtensions] Read env from /proc/2263703/environ
[2025-03-19 15:19:55Z WARN JobExtension] Ignore exception during read process environment variables: Access to the path '/proc/2263703/environ' is denied.
[2025-03-19 15:19:55Z INFO JobExtension] Inspecting process environment variables. PID: 2263704 (systemd-udevd)
[2025-03-19 15:19:55Z INFO LinuxProcessExtensions] Read env from /proc/2263704/environ
[2025-03-19 15:19:55Z WARN JobExtension] Ignore exception during read process environment variables: Access to the path '/proc/2263704/environ' is denied.
[2025-03-19 15:19:55Z INFO JobExtension] Inspecting process environment variables. PID: 2263705 (systemd-udevd)
[2025-03-19 15:19:55Z INFO LinuxProcessExtensions] Read env from /proc/2263705/environ
[2025-03-19 15:19:55Z WARN JobExtension] Ignore exception during read process environment variables: Access to the path '/proc/2263705/environ' is denied.
[2025-03-19 15:19:55Z INFO JobExtension] Inspecting process environment variables. PID: 2263706 (systemd-udevd)
[2025-03-19 15:19:55Z INFO LinuxProcessExtensions] Read env from /proc/2263706/environ
[2025-03-19 15:19:55Z WARN JobExtension] Ignore exception during read process environment variables: Access to the path '/proc/2263706/environ' is denied.
[2025-03-19 15:19:55Z INFO JobExtension] Inspecting process environment variables. PID: 2263707 (systemd-udevd)
[2025-03-19 15:19:55Z INFO LinuxProcessExtensions] Read env from /proc/2263707/environ
[2025-03-19 15:19:55Z WARN JobExtension] Ignore exception during read process environment variables: Access to the path '/proc/2263707/environ' is denied.
[2025-03-19 15:19:55Z INFO JobExtension] Inspecting process environment variables. PID: 2263709 (systemd-udevd)
[2025-03-19 15:19:55Z INFO LinuxProcessExtensions] Read env from /proc/2263709/environ
[2025-03-19 15:19:55Z WARN JobExtension] Ignore exception during read process environment variables: Access to the path '/proc/2263709/environ' is denied.
[2025-03-19 15:19:55Z INFO JobExtension] Inspecting process environment variables. PID: 2263710 (systemd-udevd)
[2025-03-19 15:19:55Z INFO LinuxProcessExtensions] Read env from /proc/2263710/environ
[2025-03-19 15:19:55Z WARN JobExtension] Ignore exception during read process environment variables: Access to the path '/proc/2263710/environ' is denied.
[2025-03-19 15:19:55Z INFO JobExtension] Inspecting process environment variables. PID: 2263711 (systemd-udevd)
[2025-03-19 15:19:55Z INFO LinuxProcessExtensions] Read env from /proc/2263711/environ
[2025-03-19 15:19:55Z WARN JobExtension] Ignore exception during read process environment variables: Access to the path '/proc/2263711/environ' is denied.
[2025-03-19 15:19:55Z INFO JobExtension] Inspecting process environment variables. PID: 2263712 (systemd-udevd)
[2025-03-19 15:19:55Z INFO LinuxProcessExtensions] Read env from /proc/2263712/environ
[2025-03-19 15:19:55Z WARN JobExtension] Ignore exception during read process environment variables: Access to the path '/proc/2263712/environ' is denied.
[2025-03-19 15:19:55Z INFO JobExtension] Inspecting process environment variables. PID: 2263713 (systemd-udevd)
[2025-03-19 15:19:55Z INFO LinuxProcessExtensions] Read env from /proc/2263713/environ
[2025-03-19 15:19:55Z WARN JobExtension] Ignore exception during read process environment variables: Access to the path '/proc/2263713/environ' is denied.
[2025-03-19 15:19:55Z INFO JobExtension] Inspecting process environment variables. PID: 2263714 (systemd-udevd)
[2025-03-19 15:19:55Z INFO LinuxProcessExtensions] Read env from /proc/2263714/environ
[2025-03-19 15:19:55Z WARN JobExtension] Ignore exception during read process environment variables: Access to the path '/proc/2263714/environ' is denied.
[2025-03-19 15:19:55Z INFO JobExtension] Inspecting process environment variables. PID: 2263715 (systemd-udevd)
[2025-03-19 15:19:55Z INFO LinuxProcessExtensions] Read env from /proc/2263715/environ
[2025-03-19 15:19:55Z WARN JobExtension] Ignore exception during read process environment variables: Access to the path '/proc/2263715/environ' is denied.
[2025-03-19 15:19:55Z INFO JobExtension] Inspecting process environment variables. PID: 2263716 (systemd-udevd)
[2025-03-19 15:19:55Z INFO LinuxProcessExtensions] Read env from /proc/2263716/environ
[2025-03-19 15:19:55Z WARN JobExtension] Ignore exception during read process environment variables: Access to the path '/proc/2263716/environ' is denied.
[2025-03-19 15:19:55Z INFO JobExtension] Inspecting process environment variables. PID: 2263717 (systemd-udevd)
[2025-03-19 15:19:55Z INFO LinuxProcessExtensions] Read env from /proc/2263717/environ
[2025-03-19 15:19:55Z WARN JobExtension] Ignore exception during read process environment variables: Access to the path '/proc/2263717/environ' is denied.
[2025-03-19 15:19:55Z INFO JobExtension] Inspecting process environment variables. PID: 2263718 (systemd-udevd)
[2025-03-19 15:19:55Z INFO LinuxProcessExtensions] Read env from /proc/2263718/environ
[2025-03-19 15:19:55Z WARN JobExtension] Ignore exception during read process environment variables: Access to the path '/proc/2263718/environ' is denied.
[2025-03-19 15:19:55Z INFO JobExtension] Inspecting process environment variables. PID: 2263719 (systemd-udevd)
[2025-03-19 15:19:55Z INFO LinuxProcessExtensions] Read env from /proc/2263719/environ
[2025-03-19 15:19:55Z WARN JobExtension] Ignore exception during read process environment variables: Access to the path '/proc/2263719/environ' is denied.
[2025-03-19 15:19:55Z INFO JobExtension] Inspecting process environment variables. PID: 2263720 (systemd-udevd)
[2025-03-19 15:19:55Z INFO LinuxProcessExtensions] Read env from /proc/2263720/environ
[2025-03-19 15:19:55Z WARN JobExtension] Ignore exception during read process environment variables: Access to the path '/proc/2263720/environ' is denied.
[2025-03-19 15:19:55Z INFO JobExtension] Inspecting process environment variables. PID: 2263721 (systemd-udevd)
[2025-03-19 15:19:55Z INFO LinuxProcessExtensions] Read env from /proc/2263721/environ
[2025-03-19 15:19:55Z WARN JobExtension] Ignore exception during read process environment variables: Access to the path '/proc/2263721/environ' is denied.
[2025-03-19 15:19:55Z INFO JobExtension] Inspecting process environment variables. PID: 2263722 (systemd-udevd)
[2025-03-19 15:19:55Z INFO LinuxProcessExtensions] Read env from /proc/2263722/environ
[2025-03-19 15:19:55Z WARN JobExtension] Ignore exception during read process environment variables: Access to the path '/proc/2263722/environ' is denied.
[2025-03-19 15:19:55Z INFO JobExtension] Inspecting process environment variables. PID: 2263723 (systemd-udevd)
[2025-03-19 15:19:55Z INFO LinuxProcessExtensions] Read env from /proc/2263723/environ
[2025-03-19 15:19:55Z WARN JobExtension] Ignore exception during read process environment variables: Access to the path '/proc/2263723/environ' is denied.
[2025-03-19 15:19:55Z INFO JobExtension] Inspecting process environment variables. PID: 2263724 (systemd-udevd)
[2025-03-19 15:19:55Z INFO LinuxProcessExtensions] Read env from /proc/2263724/environ
[2025-03-19 15:19:55Z WARN JobExtension] Ignore exception during read process environment variables: Access to the path '/proc/2263724/environ' is denied.
[2025-03-19 15:19:55Z INFO JobExtension] Inspecting process environment variables. PID: 2263725 (systemd-udevd)
[2025-03-19 15:19:55Z INFO LinuxProcessExtensions] Read env from /proc/2263725/environ
[2025-03-19 15:19:55Z WARN JobExtension] Ignore exception during read process environment variables: Access to the path '/proc/2263725/environ' is denied.
[2025-03-19 15:19:55Z INFO JobExtension] Inspecting process environment variables. PID: 2263726 (systemd-udevd)
[2025-03-19 15:19:55Z INFO LinuxProcessExtensions] Read env from /proc/2263726/environ
[2025-03-19 15:19:55Z WARN JobExtension] Ignore exception during read process environment variables: Access to the path '/proc/2263726/environ' is denied.
[2025-03-19 15:19:55Z INFO JobExtension] Inspecting process environment variables. PID: 2263727 (systemd-udevd)
[2025-03-19 15:19:55Z INFO LinuxProcessExtensions] Read env from /proc/2263727/environ
[2025-03-19 15:19:55Z WARN JobExtension] Ignore exception during read process environment variables: Access to the path '/proc/2263727/environ' is denied.
[2025-03-19 15:19:55Z INFO JobExtension] Inspecting process environment variables. PID: 2263728 (systemd-udevd)
[2025-03-19 15:19:55Z INFO LinuxProcessExtensions] Read env from /proc/2263728/environ
[2025-03-19 15:19:55Z WARN JobExtension] Ignore exception during read process environment variables: Access to the path '/proc/2263728/environ' is denied.
[2025-03-19 15:19:55Z INFO JobExtension] Inspecting process environment variables. PID: 2263729 (systemd-udevd)
[2025-03-19 15:19:55Z INFO LinuxProcessExtensions] Read env from /proc/2263729/environ
[2025-03-19 15:19:55Z WARN JobExtension] Ignore exception during read process environment variables: Access to the path '/proc/2263729/environ' is denied.
[2025-03-19 15:19:55Z INFO JobExtension] Inspecting process environment variables. PID: 2263730 (systemd-udevd)
[2025-03-19 15:19:55Z INFO LinuxProcessExtensions] Read env from /proc/2263730/environ
[2025-03-19 15:19:55Z WARN JobExtension] Ignore exception during read process environment variables: Access to the path '/proc/2263730/environ' is denied.
[2025-03-19 15:19:55Z INFO JobExtension] Inspecting process environment variables. PID: 2263731 (systemd-udevd)
[2025-03-19 15:19:55Z INFO LinuxProcessExtensions] Read env from /proc/2263731/environ
[2025-03-19 15:19:55Z WARN JobExtension] Ignore exception during read process environment variables: Access to the path '/proc/2263731/environ' is denied.
[2025-03-19 15:19:55Z INFO JobExtension] Inspecting process environment variables. PID: 2263732 (systemd-udevd)
[2025-03-19 15:19:55Z INFO LinuxProcessExtensions] Read env from /proc/2263732/environ
[2025-03-19 15:19:55Z WARN JobExtension] Ignore exception during read process environment variables: Access to the path '/proc/2263732/environ' is denied.
[2025-03-19 15:19:55Z INFO JobExtension] Inspecting process environment variables. PID: 2263733 (systemd-udevd)
[2025-03-19 15:19:55Z INFO LinuxProcessExtensions] Read env from /proc/2263733/environ
[2025-03-19 15:19:55Z WARN JobExtension] Ignore exception during read process environment variables: Access to the path '/proc/2263733/environ' is denied.
[2025-03-19 15:19:55Z INFO JobExtension] Inspecting process environment variables. PID: 2263734 (systemd-udevd)
[2025-03-19 15:19:55Z INFO LinuxProcessExtensions] Read env from /proc/2263734/environ
[2025-03-19 15:19:55Z WARN JobExtension] Ignore exception during read process environment variables: Access to the path '/proc/2263734/environ' is denied.
[2025-03-19 15:19:55Z INFO JobExtension] Inspecting process environment variables. PID: 2263735 (systemd-udevd)
[2025-03-19 15:19:55Z INFO LinuxProcessExtensions] Read env from /proc/2263735/environ
[2025-03-19 15:19:55Z WARN JobExtension] Ignore exception during read process environment variables: Access to the path '/proc/2263735/environ' is denied.
[2025-03-19 15:19:55Z INFO JobExtension] Inspecting process environment variables. PID: 2263736 (systemd-udevd)
[2025-03-19 15:19:55Z INFO LinuxProcessExtensions] Read env from /proc/2263736/environ
[2025-03-19 15:19:55Z WARN JobExtension] Ignore exception during read process environment variables: Access to the path '/proc/2263736/environ' is denied.
[2025-03-19 15:19:55Z INFO JobExtension] Inspecting process environment variables. PID: 2263737 (systemd-udevd)
[2025-03-19 15:19:55Z INFO LinuxProcessExtensions] Read env from /proc/2263737/environ
[2025-03-19 15:19:55Z WARN JobExtension] Ignore exception during read process environment variables: Access to the path '/proc/2263737/environ' is denied.
[2025-03-19 15:19:55Z INFO JobExtension] Inspecting process environment variables. PID: 2263738 (systemd-udevd)
[2025-03-19 15:19:55Z INFO LinuxProcessExtensions] Read env from /proc/2263738/environ
[2025-03-19 15:19:55Z WARN JobExtension] Ignore exception during read process environment variables: Access to the path '/proc/2263738/environ' is denied.
[2025-03-19 15:19:55Z INFO JobExtension] Inspecting process environment variables. PID: 2263739 (systemd-udevd)
[2025-03-19 15:19:55Z INFO LinuxProcessExtensions] Read env from /proc/2263739/environ
[2025-03-19 15:19:55Z WARN JobExtension] Ignore exception during read process environment variables: Access to the path '/proc/2263739/environ' is denied.
[2025-03-19 15:19:55Z INFO JobExtension] Inspecting process environment variables. PID: 2263740 (systemd-udevd)
[2025-03-19 15:19:55Z INFO LinuxProcessExtensions] Read env from /proc/2263740/environ
[2025-03-19 15:19:55Z WARN JobExtension] Ignore exception during read process environment variables: Access to the path '/proc/2263740/environ' is denied.
[2025-03-19 15:19:55Z INFO JobExtension] Inspecting process environment variables. PID: 2263741 (systemd-udevd)
[2025-03-19 15:19:55Z INFO LinuxProcessExtensions] Read env from /proc/2263741/environ
[2025-03-19 15:19:55Z WARN JobExtension] Ignore exception during read process environment variables: Access to the path '/proc/2263741/environ' is denied.
[2025-03-19 15:19:55Z INFO JobExtension] Inspecting process environment variables. PID: 2263742 (systemd-udevd)
[2025-03-19 15:19:55Z INFO LinuxProcessExtensions] Read env from /proc/2263742/environ
[2025-03-19 15:19:55Z WARN JobExtension] Ignore exception during read process environment variables: Access to the path '/proc/2263742/environ' is denied.
[2025-03-19 15:19:55Z INFO JobExtension] Inspecting process environment variables. PID: 2263743 (systemd-udevd)
[2025-03-19 15:19:55Z INFO LinuxProcessExtensions] Read env from /proc/2263743/environ
[2025-03-19 15:19:55Z WARN JobExtension] Ignore exception during read process environment variables: Access to the path '/proc/2263743/environ' is denied.
[2025-03-19 15:19:55Z INFO JobServerQueue] Got a step log file to send to results service.
[2025-03-19 15:19:55Z INFO JobServerQueue] Starting upload of step log file to results service ResultsLog, /home/jenny/tensorflow-mri/_diag/blocks/352e62ab-c249-47f2-bad9-fb15096f3ea3_20474b98-8bce-4c63-b681-77cd94f7ece4.1
[2025-03-19 15:19:55Z INFO JobExtension] Inspecting process environment variables. PID: 2263744 (systemd-udevd)
[2025-03-19 15:19:55Z INFO LinuxProcessExtensions] Read env from /proc/2263744/environ
[2025-03-19 15:19:55Z WARN JobExtension] Ignore exception during read process environment variables: Access to the path '/proc/2263744/environ' is denied.
[2025-03-19 15:19:55Z INFO JobExtension] Inspecting process environment variables. PID: 2263745 (systemd-udevd)
[2025-03-19 15:19:55Z INFO LinuxProcessExtensions] Read env from /proc/2263745/environ
[2025-03-19 15:19:55Z WARN JobExtension] Ignore exception during read process environment variables: Access to the path '/proc/2263745/environ' is denied.
[2025-03-19 15:19:55Z INFO JobExtension] Inspecting process environment variables. PID: 2263746 (systemd-udevd)
[2025-03-19 15:19:55Z INFO LinuxProcessExtensions] Read env from /proc/2263746/environ
[2025-03-19 15:19:55Z WARN JobExtension] Ignore exception during read process environment variables: Access to the path '/proc/2263746/environ' is denied.
[2025-03-19 15:19:55Z INFO JobExtension] Inspecting process environment variables. PID: 2263747 (systemd-udevd)
[2025-03-19 15:19:55Z INFO LinuxProcessExtensions] Read env from /proc/2263747/environ
[2025-03-19 15:19:55Z WARN JobExtension] Ignore exception during read process environment variables: Access to the path '/proc/2263747/environ' is denied.
[2025-03-19 15:19:55Z INFO JobExtension] Inspecting process environment variables. PID: 2263748 (systemd-udevd)
[2025-03-19 15:19:55Z INFO LinuxProcessExtensions] Read env from /proc/2263748/environ
[2025-03-19 15:19:55Z WARN JobExtension] Ignore exception during read process environment variables: Access to the path '/proc/2263748/environ' is denied.
[2025-03-19 15:19:55Z INFO JobExtension] Inspecting process environment variables. PID: 2263749 (systemd-udevd)
[2025-03-19 15:19:55Z INFO LinuxProcessExtensions] Read env from /proc/2263749/environ
[2025-03-19 15:19:55Z WARN JobExtension] Ignore exception during read process environment variables: Access to the path '/proc/2263749/environ' is denied.
[2025-03-19 15:19:55Z INFO JobExtension] Inspecting process environment variables. PID: 2263750 (systemd-udevd)
[2025-03-19 15:19:55Z INFO LinuxProcessExtensions] Read env from /proc/2263750/environ
[2025-03-19 15:19:55Z WARN JobExtension] Ignore exception during read process environment variables: Access to the path '/proc/2263750/environ' is denied.
[2025-03-19 15:19:55Z INFO JobExtension] Inspecting process environment variables. PID: 2263751 (systemd-udevd)
[2025-03-19 15:19:55Z INFO LinuxProcessExtensions] Read env from /proc/2263751/environ
[2025-03-19 15:19:55Z WARN JobExtension] Ignore exception during read process environment variables: Access to the path '/proc/2263751/environ' is denied.
[2025-03-19 15:19:55Z INFO JobExtension] Inspecting process environment variables. PID: 2263752 (systemd-udevd)
[2025-03-19 15:19:55Z INFO LinuxProcessExtensions] Read env from /proc/2263752/environ
[2025-03-19 15:19:55Z WARN JobExtension] Ignore exception during read process environment variables: Access to the path '/proc/2263752/environ' is denied.
[2025-03-19 15:19:55Z INFO JobExtension] Inspecting process environment variables. PID: 2263753 (systemd-udevd)
[2025-03-19 15:19:55Z INFO LinuxProcessExtensions] Read env from /proc/2263753/environ
[2025-03-19 15:19:55Z WARN JobExtension] Ignore exception during read process environment variables: Access to the path '/proc/2263753/environ' is denied.
[2025-03-19 15:19:55Z INFO JobExtension] Inspecting process environment variables. PID: 2263754 (systemd-udevd)
[2025-03-19 15:19:55Z INFO LinuxProcessExtensions] Read env from /proc/2263754/environ
[2025-03-19 15:19:55Z WARN JobExtension] Ignore exception during read process environment variables: Access to the path '/proc/2263754/environ' is denied.
[2025-03-19 15:19:55Z INFO JobExtension] Inspecting process environment variables. PID: 2263755 (systemd-udevd)
[2025-03-19 15:19:55Z INFO LinuxProcessExtensions] Read env from /proc/2263755/environ
[2025-03-19 15:19:55Z WARN JobExtension] Ignore exception during read process environment variables: Access to the path '/proc/2263755/environ' is denied.
[2025-03-19 15:19:55Z INFO JobExtension] Inspecting process environment variables. PID: 2263756 (systemd-udevd)
[2025-03-19 15:19:55Z INFO LinuxProcessExtensions] Read env from /proc/2263756/environ
[2025-03-19 15:19:55Z WARN JobExtension] Ignore exception during read process environment variables: Access to the path '/proc/2263756/environ' is denied.
[2025-03-19 15:19:55Z INFO JobExtension] Inspecting process environment variables. PID: 2263757 (systemd-udevd)
[2025-03-19 15:19:55Z INFO LinuxProcessExtensions] Read env from /proc/2263757/environ
[2025-03-19 15:19:55Z WARN JobExtension] Ignore exception during read process environment variables: Access to the path '/proc/2263757/environ' is denied.
[2025-03-19 15:19:55Z INFO JobExtension] Inspecting process environment variables. PID: 2263758 (systemd-udevd)
[2025-03-19 15:19:55Z INFO LinuxProcessExtensions] Read env from /proc/2263758/environ
[2025-03-19 15:19:55Z WARN JobExtension] Ignore exception during read process environment variables: Access to the path '/proc/2263758/environ' is denied.
[2025-03-19 15:19:55Z INFO JobExtension] Inspecting process environment variables. PID: 2263759 (systemd-udevd)
[2025-03-19 15:19:55Z INFO LinuxProcessExtensions] Read env from /proc/2263759/environ
[2025-03-19 15:19:55Z WARN JobExtension] Ignore exception during read process environment variables: Access to the path '/proc/2263759/environ' is denied.
[2025-03-19 15:19:55Z INFO JobExtension] Inspecting process environment variables. PID: 2263760 (systemd-udevd)
[2025-03-19 15:19:55Z INFO LinuxProcessExtensions] Read env from /proc/2263760/environ
[2025-03-19 15:19:55Z WARN JobExtension] Ignore exception during read process environment variables: Access to the path '/proc/2263760/environ' is denied.
[2025-03-19 15:19:55Z INFO JobExtension] Inspecting process environment variables. PID: 2263761 (systemd-udevd)
[2025-03-19 15:19:55Z INFO LinuxProcessExtensions] Read env from /proc/2263761/environ
[2025-03-19 15:19:55Z WARN JobExtension] Ignore exception during read process environment variables: Access to the path '/proc/2263761/environ' is denied.
[2025-03-19 15:19:55Z INFO JobExtension] Inspecting process environment variables. PID: 2263762 (systemd-udevd)
[2025-03-19 15:19:55Z INFO LinuxProcessExtensions] Read env from /proc/2263762/environ
[2025-03-19 15:19:55Z WARN JobExtension] Ignore exception during read process environment variables: Access to the path '/proc/2263762/environ' is denied.
[2025-03-19 15:19:55Z INFO JobExtension] Inspecting process environment variables. PID: 2263763 (systemd-udevd)
[2025-03-19 15:19:55Z INFO LinuxProcessExtensions] Read env from /proc/2263763/environ
[2025-03-19 15:19:55Z WARN JobExtension] Ignore exception during read process environment variables: Access to the path '/proc/2263763/environ' is denied.
[2025-03-19 15:19:55Z INFO JobExtension] Inspecting process environment variables. PID: 2263764 (systemd-udevd)
[2025-03-19 15:19:55Z INFO LinuxProcessExtensions] Read env from /proc/2263764/environ
[2025-03-19 15:19:55Z WARN JobExtension] Ignore exception during read process environment variables: Access to the path '/proc/2263764/environ' is denied.
[2025-03-19 15:19:55Z INFO JobExtension] Inspecting process environment variables. PID: 2263765 (systemd-udevd)
[2025-03-19 15:19:55Z INFO LinuxProcessExtensions] Read env from /proc/2263765/environ
[2025-03-19 15:19:55Z WARN JobExtension] Ignore exception during read process environment variables: Access to the path '/proc/2263765/environ' is denied.
[2025-03-19 15:19:55Z INFO JobExtension] Inspecting process environment variables. PID: 2263766 (systemd-udevd)
[2025-03-19 15:19:55Z INFO LinuxProcessExtensions] Read env from /proc/2263766/environ
[2025-03-19 15:19:55Z WARN JobExtension] Ignore exception during read process environment variables: Access to the path '/proc/2263766/environ' is denied.
[2025-03-19 15:19:55Z INFO JobExtension] Inspecting process environment variables. PID: 2263767 (systemd-udevd)
[2025-03-19 15:19:55Z INFO LinuxProcessExtensions] Read env from /proc/2263767/environ
[2025-03-19 15:19:55Z WARN JobExtension] Ignore exception during read process environment variables: Access to the path '/proc/2263767/environ' is denied.
[2025-03-19 15:19:55Z INFO JobExtension] Inspecting process environment variables. PID: 2263768 (systemd-udevd)
[2025-03-19 15:19:55Z INFO LinuxProcessExtensions] Read env from /proc/2263768/environ
[2025-03-19 15:19:55Z WARN JobExtension] Ignore exception during read process environment variables: Access to the path '/proc/2263768/environ' is denied.
[2025-03-19 15:19:55Z INFO JobExtension] Inspecting process environment variables. PID: 2263769 (systemd-udevd)
[2025-03-19 15:19:55Z INFO LinuxProcessExtensions] Read env from /proc/2263769/environ
[2025-03-19 15:19:55Z WARN JobExtension] Ignore exception during read process environment variables: Access to the path '/proc/2263769/environ' is denied.
[2025-03-19 15:19:55Z INFO JobExtension] Inspecting process environment variables. PID: 2263770 (systemd-udevd)
[2025-03-19 15:19:55Z INFO LinuxProcessExtensions] Read env from /proc/2263770/environ
[2025-03-19 15:19:55Z WARN JobExtension] Ignore exception during read process environment variables: Access to the path '/proc/2263770/environ' is denied.
[2025-03-19 15:19:55Z INFO JobExtension] Inspecting process environment variables. PID: 2263771 (systemd-udevd)
[2025-03-19 15:19:55Z INFO LinuxProcessExtensions] Read env from /proc/2263771/environ
[2025-03-19 15:19:55Z WARN JobExtension] Ignore exception during read process environment variables: Access to the path '/proc/2263771/environ' is denied.
[2025-03-19 15:19:55Z INFO JobExtension] Inspecting process environment variables. PID: 2263772 (systemd-udevd)
[2025-03-19 15:19:55Z INFO LinuxProcessExtensions] Read env from /proc/2263772/environ
[2025-03-19 15:19:55Z WARN JobExtension] Ignore exception during read process environment variables: Access to the path '/proc/2263772/environ' is denied.
[2025-03-19 15:19:55Z INFO JobExtension] Inspecting process environment variables. PID: 2263773 (systemd-udevd)
[2025-03-19 15:19:55Z INFO LinuxProcessExtensions] Read env from /proc/2263773/environ
[2025-03-19 15:19:55Z WARN JobExtension] Ignore exception during read process environment variables: Access to the path '/proc/2263773/environ' is denied.
[2025-03-19 15:19:55Z INFO JobExtension] Inspecting process environment variables. PID: 2263774 (systemd-udevd)
[2025-03-19 15:19:55Z INFO LinuxProcessExtensions] Read env from /proc/2263774/environ
[2025-03-19 15:19:55Z WARN JobExtension] Ignore exception during read process environment variables: Access to the path '/proc/2263774/environ' is denied.
[2025-03-19 15:19:55Z INFO JobExtension] Inspecting process environment variables. PID: 2263799 (kworker/11:2-mm_percpu_wq)
[2025-03-19 15:19:55Z INFO LinuxProcessExtensions] Read env from /proc/2263799/environ
[2025-03-19 15:19:55Z WARN JobExtension] Ignore exception during read process environment variables: Access to the path '/proc/2263799/environ' is denied.
[2025-03-19 15:19:55Z INFO JobExtension] Inspecting process environment variables. PID: 2263829 (kworker/2:2-mm_percpu_wq)
[2025-03-19 15:19:55Z INFO LinuxProcessExtensions] Read env from /proc/2263829/environ
[2025-03-19 15:19:55Z WARN JobExtension] Ignore exception during read process environment variables: Access to the path '/proc/2263829/environ' is denied.
[2025-03-19 15:19:55Z INFO JobExtension] Inspecting process environment variables. PID: 2263838 (kworker/19:1)
[2025-03-19 15:19:55Z INFO LinuxProcessExtensions] Read env from /proc/2263838/environ
[2025-03-19 15:19:55Z WARN JobExtension] Ignore exception during read process environment variables: Access to the path '/proc/2263838/environ' is denied.
[2025-03-19 15:19:55Z INFO JobExtension] Inspecting process environment variables. PID: 2263880 (kworker/4:0-mm_percpu_wq)
[2025-03-19 15:19:55Z INFO LinuxProcessExtensions] Read env from /proc/2263880/environ
[2025-03-19 15:19:55Z WARN JobExtension] Ignore exception during read process environment variables: Access to the path '/proc/2263880/environ' is denied.
[2025-03-19 15:19:55Z INFO JobExtension] Inspecting process environment variables. PID: 2263881 (kworker/18:2)
[2025-03-19 15:19:55Z INFO LinuxProcessExtensions] Read env from /proc/2263881/environ
[2025-03-19 15:19:55Z WARN JobExtension] Ignore exception during read process environment variables: Access to the path '/proc/2263881/environ' is denied.
[2025-03-19 15:19:55Z INFO JobExtension] Inspecting process environment variables. PID: 2263882 (kworker/8:2-mm_percpu_wq)
[2025-03-19 15:19:55Z INFO LinuxProcessExtensions] Read env from /proc/2263882/environ
[2025-03-19 15:19:55Z WARN JobExtension] Ignore exception during read process environment variables: Access to the path '/proc/2263882/environ' is denied.
[2025-03-19 15:19:55Z INFO JobExtension] Inspecting process environment variables. PID: 2263884 (kworker/8:3-rcu_par_gp)
[2025-03-19 15:19:55Z INFO LinuxProcessExtensions] Read env from /proc/2263884/environ
[2025-03-19 15:19:55Z WARN JobExtension] Ignore exception during read process environment variables: Access to the path '/proc/2263884/environ' is denied.
[2025-03-19 15:19:55Z INFO JobExtension] Inspecting process environment variables. PID: 2263898 (kworker/14:0-mm_percpu_wq)
[2025-03-19 15:19:55Z INFO LinuxProcessExtensions] Read env from /proc/2263898/environ
[2025-03-19 15:19:55Z WARN JobExtension] Ignore exception during read process environment variables: Access to the path '/proc/2263898/environ' is denied.
[2025-03-19 15:19:55Z INFO JobExtension] Inspecting process environment variables. PID: 2263915 (kworker/12:1-cgroup_destroy)
[2025-03-19 15:19:55Z INFO LinuxProcessExtensions] Read env from /proc/2263915/environ
[2025-03-19 15:19:55Z WARN JobExtension] Ignore exception during read process environment variables: Access to the path '/proc/2263915/environ' is denied.
[2025-03-19 15:19:55Z INFO JobExtension] Inspecting process environment variables. PID: 2264025 (kworker/13:0-events)
[2025-03-19 15:19:55Z INFO LinuxProcessExtensions] Read env from /proc/2264025/environ
[2025-03-19 15:19:55Z WARN JobExtension] Ignore exception during read process environment variables: Access to the path '/proc/2264025/environ' is denied.
[2025-03-19 15:19:55Z INFO JobExtension] Inspecting process environment variables. PID: 2264027 (kworker/12:3)
[2025-03-19 15:19:55Z INFO LinuxProcessExtensions] Read env from /proc/2264027/environ
[2025-03-19 15:19:55Z WARN JobExtension] Ignore exception during read process environment variables: Access to the path '/proc/2264027/environ' is denied.
[2025-03-19 15:19:55Z INFO JobExtension] Inspecting process environment variables. PID: 2264031 (kworker/u72:3)
[2025-03-19 15:19:55Z INFO LinuxProcessExtensions] Read env from /proc/2264031/environ
[2025-03-19 15:19:55Z WARN JobExtension] Ignore exception during read process environment variables: Access to the path '/proc/2264031/environ' is denied.
[2025-03-19 15:19:55Z INFO JobExtension] Inspecting process environment variables. PID: 2264032 (kworker/16:0-cgroup_destroy)
[2025-03-19 15:19:55Z INFO LinuxProcessExtensions] Read env from /proc/2264032/environ
[2025-03-19 15:19:55Z WARN JobExtension] Ignore exception during read process environment variables: Access to the path '/proc/2264032/environ' is denied.
[2025-03-19 15:19:55Z INFO JobExtension] Inspecting process environment variables. PID: 2264033 (sleep)
[2025-03-19 15:19:55Z INFO LinuxProcessExtensions] Read env from /proc/2264033/environ
[2025-03-19 15:19:55Z WARN JobExtension] Ignore exception during read process environment variables: Access to the path '/proc/2264033/environ' is denied.
[2025-03-19 15:19:55Z INFO JobExtension] Inspecting process environment variables. PID: 2264052 (nm-dispatcher)
[2025-03-19 15:19:55Z INFO LinuxProcessExtensions] Read env from /proc/2264052/environ
[2025-03-19 15:19:55Z WARN JobExtension] Ignore exception during read process environment variables: Access to the path '/proc/2264052/environ' is denied.
[2025-03-19 15:19:55Z INFO ExecutionContext] Publish step telemetry for current step {
  "action": "complete_job",
  "type": "runner",
  "stage": "Post",
  "stepId": "9e4cbca9-a0c6-4c8e-a83a-4323e03e126e",
  "result": "succeeded",
  "errorMessages": [],
  "executionTimeInSeconds": 1,
  "startTime": "2025-03-19T15:19:55.4275816Z",
  "finishTime": "2025-03-19T15:19:55.5671509Z"
}.
[2025-03-19 15:19:55Z INFO JobRunner] Job result after all job steps finish: Succeeded
[2025-03-19 15:19:55Z INFO JobRunner] Completing the job execution context.
[2025-03-19 15:19:55Z INFO JobRunner] Shutting down the job server queue.
[2025-03-19 15:19:55Z INFO JobServerQueue] Fire signal to shutdown all queues.
[2025-03-19 15:19:55Z INFO JobServerQueue] Tried to upload 2 file(s) to results, success rate: 2/2.
[2025-03-19 15:19:56Z INFO JobServerQueue] All queue process task stopped.
[2025-03-19 15:19:56Z INFO JobServerQueue] Web console line queue drained.
[2025-03-19 15:19:56Z INFO JobServerQueue] Uploading 3 files in one shot.
[2025-03-19 15:19:56Z INFO JobServerQueue] Try to upload 3 log files or attachments, success rate: 3/3.
[2025-03-19 15:19:56Z INFO JobServerQueue] File upload queue drained.
[2025-03-19 15:19:56Z INFO JobServerQueue] Starting results-based upload queue...
[2025-03-19 15:19:56Z INFO JobServerQueue] Uploading 3 file(s) in one shot through results service.
[2025-03-19 15:19:56Z INFO JobServerQueue] Got a step log file to send to results service.
[2025-03-19 15:19:56Z INFO JobServerQueue] Starting upload of step log file to results service ResultsLog, /home/jenny/tensorflow-mri/_diag/blocks/352e62ab-c249-47f2-bad9-fb15096f3ea3_b0fc75f7-bedb-4537-8811-5f7697ae81a1.1
[2025-03-19 15:19:57Z INFO JobServerQueue] Got a step log file to send to results service.
[2025-03-19 15:19:57Z INFO JobServerQueue] Starting upload of step log file to results service ResultsLog, /home/jenny/tensorflow-mri/_diag/blocks/352e62ab-c249-47f2-bad9-fb15096f3ea3_9e4cbca9-a0c6-4c8e-a83a-4323e03e126e.1
[2025-03-19 15:19:57Z INFO JobServerQueue] Got a job log file to send to results service.
[2025-03-19 15:19:57Z INFO JobServerQueue] Starting upload of job log file to results service ResultsLog, /home/jenny/tensorflow-mri/_diag/blocks/352e62ab-c249-47f2-bad9-fb15096f3ea3_c7703e6f-efde-5518-bb12-0dcfe0abf4af.1
[2025-03-19 15:19:58Z INFO JobServerQueue] Tried to upload 3 file(s) to results, success rate: 3/3.
[2025-03-19 15:19:58Z INFO JobServerQueue] Results upload queue drained.
[2025-03-19 15:19:58Z INFO JobServerQueue] Timeline update queue drained.
[2025-03-19 15:19:58Z INFO JobServerQueue] Disposing job server ...
[2025-03-19 15:19:58Z INFO JobServerQueue] Disposing results server ...
[2025-03-19 15:19:58Z INFO JobServerQueue] All queue process tasks have been stopped, and all queues are drained.
[2025-03-19 15:19:58Z INFO TempDirectoryManager] Cleaning runner temp folder: /home/jenny/tensorflow-mri/_work/_temp
[2025-03-19 15:19:58Z ERR  TempDirectoryManager] System.IO.IOException: Access to the path '/home/jenny/tensorflow-mri/_work/_temp/_github_home/.config/matplotlib' is denied.
   at System.IO.FileSystem.RemoveEmptyDirectory(String fullPath, Boolean topLevel, Boolean throwWhenNotEmpty)
   at System.IO.DirectoryInfo.Delete()
   at GitHub.Runner.Sdk.IOUtil.DeleteDirectory(String path, Boolean contentsOnly, Boolean continueOnContentDeleteError, CancellationToken cancellationToken)
   at GitHub.Runner.Worker.TempDirectoryManager.CleanupTempDirectory()
[2025-03-19 15:19:58Z INFO HostContext] Well known directory 'Bin': '/home/jenny/tensorflow-mri/bin'
[2025-03-19 15:19:58Z INFO HostContext] Well known directory 'Root': '/home/jenny/tensorflow-mri'
[2025-03-19 15:19:58Z INFO HostContext] Well known directory 'Diag': '/home/jenny/tensorflow-mri/_diag'
[2025-03-19 15:19:58Z INFO HostContext] Well known config file 'Telemetry': '/home/jenny/tensorflow-mri/_diag/.telemetry'
[2025-03-19 15:19:58Z INFO JobRunner] Raising job completed against run service
[2025-03-19 15:19:58Z INFO Worker] Job completed.
