[2025-03-13 22:04:49Z INFO HostContext] No proxy settings were found based on environmental variables (http_proxy/https_proxy/HTTP_PROXY/HTTPS_PROXY)
[2025-03-13 22:04:49Z INFO HostContext] Well known directory 'Bin': '/home/jenny/tensorflow-mri/actions-runner/bin'
[2025-03-13 22:04:49Z INFO HostContext] Well known directory 'Root': '/home/jenny/tensorflow-mri/actions-runner'
[2025-03-13 22:04:49Z INFO HostContext] Well known config file 'Credentials': '/home/jenny/tensorflow-mri/actions-runner/.credentials'
[2025-03-13 22:04:49Z INFO HostContext] Well known directory 'Bin': '/home/jenny/tensorflow-mri/actions-runner/bin'
[2025-03-13 22:04:49Z INFO HostContext] Well known directory 'Root': '/home/jenny/tensorflow-mri/actions-runner'
[2025-03-13 22:04:49Z INFO HostContext] Well known config file 'Runner': '/home/jenny/tensorflow-mri/actions-runner/.runner'
[2025-03-13 22:04:49Z INFO Worker] Version: 2.322.0
[2025-03-13 22:04:49Z INFO Worker] Commit: 0edc478ca75d0a753dcbcec7405f3f26db67b1ac
[2025-03-13 22:04:49Z INFO Worker] Culture: en-GB
[2025-03-13 22:04:49Z INFO Worker] UI Culture: en-GB
[2025-03-13 22:04:49Z INFO Worker] Waiting to receive the job message from the channel.
[2025-03-13 22:04:49Z INFO ProcessChannel] Receiving message of length 26556, with hash '9c487dabbca3168141e0d7761ccba94946403691774c78c90f019bf5816fa24f'
[2025-03-13 22:04:49Z INFO Worker] Message received.
[2025-03-13 22:04:50Z INFO Worker] Job message:
 {
  "environmentVariables": [
    {
      "type": 2,
      "file": 1,
      "line": 29,
      "col": 7,
      "map": [
        {
          "key": {
            "type": 0,
            "file": 1,
            "line": 29,
            "col": 7,
            "lit": "PYTHON"
          },
          "value": {
            "type": 3,
            "file": 1,
            "line": 29,
            "col": 15,
            "expr": "format('python{0}', matrix.py_version)"
          }
        }
      ]
    }
  ],
  "fileTable": [
    ".github/workflows/build-package.yml"
  ],
  "mask": [
    {
      "type": "regex",
      "value": "***"
    },
    {
      "type": "regex",
      "value": "***"
    },
    {
      "type": "regex",
      "value": "***"
    },
    {
      "type": "regex",
      "value": "***"
    },
    {
      "type": "regex",
      "value": "***"
    },
    {
      "type": "regex",
      "value": "***"
    },
    {
      "type": "regex",
      "value": "***"
    },
    {
      "type": "regex",
      "value": "***"
    },
    {
      "type": "regex",
      "value": "***"
    },
    {
      "type": "regex",
      "value": "***"
    },
    {
      "type": "regex",
      "value": "***"
    },
    {
      "type": "regex",
      "value": "***"
    },
    {
      "type": "regex",
      "value": "***"
    },
    {
      "type": "regex",
      "value": "***"
    },
    {
      "type": "regex",
      "value": "***"
    },
    {
      "type": "regex",
      "value": "***"
    },
    {
      "type": "regex",
      "value": "***"
    },
    {
      "type": "regex",
      "value": "***"
    }
  ],
  "steps": [
    {
      "type": "action",
      "reference": {
        "type": "repository",
        "name": "actions/checkout",
        "ref": "v4",
        "repositoryType": "GitHub"
      },
      "displayNameToken": {
        "type": 0,
        "file": 1,
        "line": 32,
        "col": 15,
        "lit": "Checkout code"
      },
      "contextName": "__actions_checkout",
      "condition": "success()",
      "id": "3465f2af-bcd5-48df-9f5b-0cff84360c7a",
      "name": "__actions_checkout"
    },
    {
      "type": "action",
      "reference": {
        "type": "script"
      },
      "displayNameToken": {
        "type": 0,
        "file": 1,
        "line": 37,
        "col": 15,
        "lit": "Free Disk Space Before Build"
      },
      "contextName": "__run",
      "inputs": {
        "type": 2,
        "map": [
          {
            "key": "script",
            "value": {
              "type": 0,
              "file": 1,
              "line": 38,
              "col": 14,
              "lit": "echo \"Disk space before cleanup:\"\ndf -h\nsudo rm -rf /usr/local/.ghcup\nsudo rm -rf /opt/hostedtoolcache/CodeQL\nsudo rm -rf /usr/local/lib/android/sdk/ndk\nsudo rm -rf /usr/share/dotnet\nsudo rm -rf /opt/ghc\nsudo rm -rf /usr/local/share/boost\n\nsudo rm -rf \"$AGENT_TOOLSDIRECTORY\"\n\nsudo apt-get clean\necho \"Disk space after cleanup:\"\ndf -h\n"
            }
          }
        ]
      },
      "condition": "success()",
      "id": "67d41f3f-f2e4-48fd-8743-d2c388c296ec",
      "name": "__run"
    },
    {
      "type": "action",
      "reference": {
        "type": "script"
      },
      "displayNameToken": {
        "type": 0,
        "file": 1,
        "line": 54,
        "col": 15,
        "lit": "Lint code"
      },
      "contextName": "__run_2",
      "inputs": {
        "type": 2,
        "map": [
          {
            "key": "script",
            "value": {
              "type": 3,
              "file": 1,
              "line": 55,
              "col": 14,
              "expr": "format('make lint PY_VERSION={0}\n', matrix.py_version)"
            }
          }
        ]
      },
      "condition": "success()",
      "id": "a6a40888-1cb7-457c-b4a8-d96f1f94653c",
      "name": "__run_2"
    },
    {
      "type": "action",
      "reference": {
        "type": "script"
      },
      "displayNameToken": {
        "type": 0,
        "file": 1,
        "line": 58,
        "col": 15,
        "lit": "Compile shared library"
      },
      "contextName": "__run_3",
      "inputs": {
        "type": 2,
        "map": [
          {
            "key": "script",
            "value": {
              "type": 3,
              "file": 1,
              "line": 59,
              "col": 14,
              "expr": "format('make PY_VERSION={0} CXX=/dt9/usr/bin/g++\n', matrix.py_version)"
            }
          }
        ]
      },
      "condition": "success()",
      "id": "9cd33e31-6857-4300-9836-1b5c4f581ecc",
      "name": "__run_3"
    },
    {
      "type": "action",
      "reference": {
        "type": "script"
      },
      "displayNameToken": {
        "type": 0,
        "file": 1,
        "line": 62,
        "col": 15,
        "lit": "Install required packages"
      },
      "contextName": "__run_4",
      "inputs": {
        "type": 2,
        "map": [
          {
            "key": "script",
            "value": {
              "type": 0,
              "file": 1,
              "line": 63,
              "col": 14,
              "lit": "$PYTHON -m pip install --no-cache-dir -r requirements.txt\n"
            }
          }
        ]
      },
      "condition": "success()",
      "id": "1d31c8d0-3a06-47db-8140-5b533c818415",
      "name": "__run_4"
    },
    {
      "type": "action",
      "reference": {
        "type": "script"
      },
      "displayNameToken": {
        "type": 0,
        "file": 1,
        "line": 66,
        "col": 15,
        "lit": "Run test suite"
      },
      "contextName": "__run_5",
      "inputs": {
        "type": 2,
        "map": [
          {
            "key": "script",
            "value": {
              "type": 3,
              "file": 1,
              "line": 67,
              "col": 14,
              "expr": "format('make test PY_VERSION={0}\n', matrix.py_version)"
            }
          }
        ]
      },
      "condition": "success()",
      "id": "737c1b08-1e33-4e8c-9562-91b803a04234",
      "name": "__run_5"
    },
    {
      "type": "action",
      "reference": {
        "type": "script"
      },
      "displayNameToken": {
        "type": 0,
        "file": 1,
        "line": 70,
        "col": 15,
        "lit": "Build wheel"
      },
      "contextName": "__run_6",
      "inputs": {
        "type": 2,
        "map": [
          {
            "key": "script",
            "value": {
              "type": 3,
              "file": 1,
              "line": 71,
              "col": 14,
              "expr": "format('make wheel PY_VERSION={0}\n', matrix.py_version)"
            }
          }
        ]
      },
      "condition": "success()",
      "id": "66ccf94f-7921-413e-a019-5449e16a61a8",
      "name": "__run_6"
    },
    {
      "type": "action",
      "reference": {
        "type": "script"
      },
      "displayNameToken": {
        "type": 0,
        "file": 1,
        "line": 74,
        "col": 15,
        "lit": "Build docs"
      },
      "contextName": "__run_7",
      "inputs": {
        "type": 2,
        "map": [
          {
            "key": "script",
            "value": {
              "type": 3,
              "file": 1,
              "line": 75,
              "col": 14,
              "expr": "format('make docs PY_VERSION={0}\n', matrix.py_version)"
            }
          }
        ]
      },
      "condition": "success()",
      "id": "0678cae3-bace-4713-92d8-8acad3339252",
      "name": "__run_7"
    },
    {
      "type": "action",
      "reference": {
        "type": "repository",
        "name": "actions/upload-artifact",
        "ref": "v4",
        "repositoryType": "GitHub"
      },
      "displayNameToken": {
        "type": 0,
        "file": 1,
        "line": 78,
        "col": 15,
        "lit": "Upload wheel"
      },
      "contextName": "__actions_upload-artifact",
      "inputs": {
        "type": 2,
        "file": 1,
        "line": 82,
        "col": 11,
        "map": [
          {
            "key": {
              "type": 0,
              "file": 1,
              "line": 82,
              "col": 11,
              "lit": "name"
            },
            "value": {
              "type": 3,
              "file": 1,
              "line": 82,
              "col": 17,
              "expr": "format('wheel-py{0}', matrix.py_version)"
            }
          },
          {
            "key": {
              "type": 0,
              "file": 1,
              "line": 83,
              "col": 11,
              "lit": "path"
            },
            "value": {
              "type": 0,
              "file": 1,
              "line": 83,
              "col": 17,
              "lit": "./artifacts/*.whl"
            }
          }
        ]
      },
      "condition": "success() && (startsWith(github.ref, 'refs/tags'))",
      "id": "f81797ec-68c3-4b0b-816b-aa75dbcc0c69",
      "name": "__actions_upload-artifact"
    },
    {
      "type": "action",
      "reference": {
        "type": "repository",
        "name": "actions/upload-artifact",
        "ref": "v4",
        "repositoryType": "GitHub"
      },
      "displayNameToken": {
        "type": 0,
        "file": 1,
        "line": 85,
        "col": 15,
        "lit": "Upload docs"
      },
      "contextName": "__actions_upload-artifact_2",
      "inputs": {
        "type": 2,
        "file": 1,
        "line": 89,
        "col": 11,
        "map": [
          {
            "key": {
              "type": 0,
              "file": 1,
              "line": 89,
              "col": 11,
              "lit": "name"
            },
            "value": {
              "type": 0,
              "file": 1,
              "line": 89,
              "col": 17,
              "lit": "docs"
            }
          },
          {
            "key": {
              "type": 0,
              "file": 1,
              "line": 90,
              "col": 11,
              "lit": "path"
            },
            "value": {
              "type": 0,
              "file": 1,
              "line": 90,
              "col": 17,
              "lit": "./tools/docs/_build/dirhtml"
            }
          }
        ]
      },
      "condition": "success() && (startsWith(github.ref, 'refs/tags') && matrix.py_version == 3.9)",
      "id": "935f8264-c587-42c5-806e-ca4237b4146d",
      "name": "__actions_upload-artifact_2"
    },
    {
      "type": "action",
      "reference": {
        "type": "repository",
        "name": "pypa/gh-action-pypi-publish",
        "ref": "release/v1.7",
        "repositoryType": "GitHub"
      },
      "displayNameToken": {
        "type": 0,
        "file": 1,
        "line": 92,
        "col": 15,
        "lit": "Publish to Test PyPI"
      },
      "contextName": "__pypa_gh-action-pypi-publish",
      "inputs": {
        "type": 2,
        "file": 1,
        "line": 95,
        "col": 11,
        "map": [
          {
            "key": {
              "type": 0,
              "file": 1,
              "line": 95,
              "col": 11,
              "lit": "password"
            },
            "value": {
              "type": 3,
              "file": 1,
              "line": 95,
              "col": 21,
              "expr": "secrets.TEST_PYPI_API_TOKEN"
            }
          },
          {
            "key": {
              "type": 0,
              "file": 1,
              "line": 96,
              "col": 11,
              "lit": "repository-url"
            },
            "value": {
              "type": 0,
              "file": 1,
              "line": 96,
              "col": 27,
              "lit": "https://test.pypi.org/legacy/"
            }
          },
          {
            "key": {
              "type": 0,
              "file": 1,
              "line": 97,
              "col": 11,
              "lit": "packages-dir"
            },
            "value": {
              "type": 0,
              "file": 1,
              "line": 97,
              "col": 25,
              "lit": "artifacts/"
            }
          },
          {
            "key": {
              "type": 0,
              "file": 1,
              "line": 98,
              "col": 11,
              "lit": "skip-existing"
            },
            "value": {
              "type": 0,
              "file": 1,
              "line": 98,
              "col": 26,
              "lit": "true"
            }
          }
        ]
      },
      "condition": "success()",
      "id": "69dc99f1-b130-4434-9027-21f6b8195ade",
      "name": "__pypa_gh-action-pypi-publish"
    },
    {
      "type": "action",
      "reference": {
        "type": "script"
      },
      "displayNameToken": {
        "type": 0,
        "file": 1,
        "line": 100,
        "col": 15,
        "lit": "Free Disk Space After Build"
      },
      "contextName": "__run_8",
      "inputs": {
        "type": 2,
        "map": [
          {
            "key": "script",
            "value": {
              "type": 0,
              "file": 1,
              "line": 101,
              "col": 14,
              "lit": "echo \"Disk space before post-build cleanup:\"\ndf -h\nsudo rm -rf /usr/local/.ghcup\nsudo rm -rf /opt/hostedtoolcache/CodeQL\nsudo rm -rf /usr/local/lib/android/sdk/ndk\nsudo rm -rf /usr/share/dotnet\nsudo rm -rf /opt/ghc\nsudo rm -rf /usr/local/share/boost\n\nsudo rm -rf \"$AGENT_TOOLSDIRECTORY\"\n\nsudo apt-get clean\necho \"Disk space after post-build cleanup:\"\ndf -h\n"
            }
          }
        ]
      },
      "condition": "success()",
      "id": "1e771b32-2217-4bb3-bf14-d1f0cf8280b5",
      "name": "__run_8"
    }
  ],
  "variables": {
    "Actions.EnableHttpRedirects": {
      "value": "true"
    },
    "DistributedTask.AddWarningToNode12Action": {
      "value": "true"
    },
    "DistributedTask.AddWarningToNode16Action": {
      "value": "true"
    },
    "DistributedTask.AllowRunnerContainerHooks": {
      "value": "true"
    },
    "DistributedTask.DeprecateStepOutputCommands": {
      "value": "true"
    },
    "DistributedTask.DetailUntarFailure": {
      "value": "true"
    },
    "DistributedTask.EnableCompositeActions": {
      "value": "true"
    },
    "DistributedTask.EnableJobServerQueueTelemetry": {
      "value": "true"
    },
    "DistributedTask.EnhancedAnnotations": {
      "value": "true"
    },
    "DistributedTask.ForceGithubJavascriptActionsToNode16": {
      "value": "true"
    },
    "DistributedTask.ForceGithubJavascriptActionsToNode20": {
      "value": "true"
    },
    "DistributedTask.LogTemplateErrorsAsDebugMessages": {
      "value": "true"
    },
    "DistributedTask.MarkJobAsFailedOnWorkerCrash": {
      "value": "true"
    },
    "DistributedTask.NewActionMetadata": {
      "value": "true"
    },
    "DistributedTask.UploadStepSummary": {
      "value": "true"
    },
    "DistributedTask.UseActionArchiveCache": {
      "value": "true"
    },
    "DistributedTask.UseWhich2": {
      "value": "true"
    },
    "RunService.FixEmbeddedIssues": {
      "value": "true"
    },
    "TEST_PYPI_API_TOKEN": {
      "value": "***",
      "isSecret": true
    },
    "actions_skip_retry_complete_job_upon_known_errors": {
      "value": "false"
    },
    "actions_uses_cache_service_v2": {
      "value": "true"
    },
    "github_token": {
      "value": "***",
      "isSecret": true
    },
    "system.from_run_service": {
      "value": "true"
    },
    "system.github.job": {
      "value": "build"
    },
    "system.github.launch_endpoint": {
      "value": "https://launch.actions.githubusercontent.com"
    },
    "system.github.results_endpoint": {
      "value": "https://results-receiver.actions.githubusercontent.com/"
    },
    "system.github.results_upload_with_sdk": {
      "value": "true"
    },
    "system.github.token": {
      "value": "***",
      "isSecret": true
    },
    "system.github.token.permissions": {
      "value": "{\"Actions\":\"write\",\"Attestations\":\"write\",\"Checks\":\"write\",\"Contents\":\"write\",\"Deployments\":\"write\",\"Discussions\":\"write\",\"Issues\":\"write\",\"Metadata\":\"read\",\"Packages\":\"write\",\"Pages\":\"write\",\"PullRequests\":\"write\",\"RepositoryProjects\":\"write\",\"SecurityEvents\":\"write\",\"Statuses\":\"write\"}"
    },
    "system.orchestrationId": {
      "value": "d71dd0fc-fe6f-43fb-acd0-d1c60c83f82d.build._3_9"
    },
    "system.phaseDisplayName": {
      "value": "Build package (3.9)"
    },
    "system.runner.lowdiskspacethreshold": {
      "value": "100"
    },
    "system.runnerEnvironment": {
      "value": "self-hosted"
    }
  },
  "messageType": "RunnerJobRequest",
  "plan": {
    "scopeIdentifier": "00000000-0000-0000-0000-000000000000",
    "planType": "actions",
    "version": 0,
    "planId": "d71dd0fc-fe6f-43fb-acd0-d1c60c83f82d",
    "planGroup": null,
    "artifactUri": null,
    "artifactLocation": null,
    "definition": null,
    "owner": null
  },
  "timeline": {
    "id": "d71dd0fc-fe6f-43fb-acd0-d1c60c83f82d",
    "changeId": 0,
    "location": null
  },
  "jobId": "35fe482c-a654-546e-9a15-c1f8fb19ce75",
  "jobDisplayName": "Build package (3.9)",
  "jobName": "_3_9",
  "jobContainer": {
    "type": 2,
    "file": 1,
    "line": 22,
    "col": 7,
    "map": [
      {
        "key": {
          "type": 0,
          "file": 1,
          "line": 22,
          "col": 7,
          "lit": "image"
        },
        "value": {
          "type": 0,
          "file": 1,
          "line": 22,
          "col": 14,
          "lit": "ghcr.io/mrphys/tensorflow-manylinux:1.14.0"
        }
      }
    ]
  },
  "requestId": 0,
  "lockedUntil": "0001-01-01T00:00:00",
  "resources": {
    "endpoints": [
      {
        "data": {
          "ServerId": "",
          "ServerName": "",
          "CacheServerUrl": "https://acghubeus2.actions.githubusercontent.com/vt3bImj3043IXjYZVOBEgt9xtkc1LUzoh1ehrojRmktneQJqoL/",
          "FeedStreamUrl": "wss://results-receiver.actions.githubusercontent.com/_ws/ingest.sock",
          "ResultsServiceUrl": "https://results-receiver.actions.githubusercontent.com/",
          "PipelinesServiceUrl": "https://pipelinesghubeus25.actions.githubusercontent.com/vt3bImj3043IXjYZVOBEgt9xtkc1LUzoh1ehrojRmktneQJqoL/",
          "GenerateIdTokenUrl": ""
        },
        "name": "SystemVssConnection",
        "url": "https://run-actions-1-azure-eastus.actions.githubusercontent.com/6/",
        "authorization": {
          "parameters": {
            "AccessToken": "***"
          },
          "scheme": "OAuth"
        },
        "isShared": false,
        "isReady": true
      }
    ]
  },
  "contextData": {
    "github": {
      "t": 2,
      "d": [
        {
          "k": "ref",
          "v": "refs/heads/master"
        },
        {
          "k": "sha",
          "v": "5c27b3d425c145bf762976e86aa1597acb6c1438"
        },
        {
          "k": "repository",
          "v": "mrphys/tensorflow-mri"
        },
        {
          "k": "repository_owner",
          "v": "mrphys"
        },
        {
          "k": "repository_owner_id",
          "v": "53480519"
        },
        {
          "k": "repositoryUrl",
          "v": "git://github.com/mrphys/tensorflow-mri.git"
        },
        {
          "k": "run_id",
          "v": "13845500479"
        },
        {
          "k": "run_number",
          "v": "219"
        },
        {
          "k": "retention_days",
          "v": "90"
        },
        {
          "k": "run_attempt",
          "v": "1"
        },
        {
          "k": "artifact_cache_size_limit",
          "v": "10"
        },
        {
          "k": "repository_visibility",
          "v": "public"
        },
        {
          "k": "actor_id",
          "v": "53479871"
        },
        {
          "k": "actor",
          "v": "jennifersteeden"
        },
        {
          "k": "workflow",
          "v": "build"
        },
        {
          "k": "head_ref",
          "v": ""
        },
        {
          "k": "base_ref",
          "v": ""
        },
        {
          "k": "event_name",
          "v": "push"
        },
        {
          "k": "server_url",
          "v": "https://github.com"
        },
        {
          "k": "api_url",
          "v": "https://api.github.com"
        },
        {
          "k": "graphql_url",
          "v": "https://api.github.com/graphql"
        },
        {
          "k": "ref_name",
          "v": "master"
        },
        {
          "k": "ref_protected",
          "v": true
        },
        {
          "k": "ref_type",
          "v": "branch"
        },
        {
          "k": "secret_source",
          "v": "Actions"
        },
        {
          "k": "event",
          "v": {
            "t": 2,
            "d": [
              {
                "k": "after",
                "v": "5c27b3d425c145bf762976e86aa1597acb6c1438"
              },
              {
                "k": "base_ref",
                "v": null
              },
              {
                "k": "before",
                "v": "7afa6f5cce9d885aa123917ad970d91bc6a7bf16"
              },
              {
                "k": "commits",
                "v": {
                  "t": 1,
                  "a": [
                    {
                      "t": 2,
                      "d": [
                        {
                          "k": "author",
                          "v": {
                            "t": 2,
                            "d": [
                              {
                                "k": "email",
                                "v": "jennifer.steeden@ucl.ac.uk"
                              },
                              {
                                "k": "name",
                                "v": "jennifersteeden"
                              },
                              {
                                "k": "username",
                                "v": "jennifersteeden"
                              }
                            ]
                          }
                        },
                        {
                          "k": "committer",
                          "v": {
                            "t": 2,
                            "d": [
                              {
                                "k": "email",
                                "v": "jennifer.steeden@ucl.ac.uk"
                              },
                              {
                                "k": "name",
                                "v": "jennifersteeden"
                              },
                              {
                                "k": "username",
                                "v": "jennifersteeden"
                              }
                            ]
                          }
                        },
                        {
                          "k": "distinct",
                          "v": true
                        },
                        {
                          "k": "id",
                          "v": "5c27b3d425c145bf762976e86aa1597acb6c1438"
                        },
                        {
                          "k": "message",
                          "v": "removed lfs: true in yml"
                        },
                        {
                          "k": "timestamp",
                          "v": "2025-03-13T22:04:42Z"
                        },
                        {
                          "k": "tree_id",
                          "v": "ef3387a56fbc37b750253bc165fb0388933f147d"
                        },
                        {
                          "k": "url",
                          "v": "https://github.com/mrphys/tensorflow-mri/commit/5c27b3d425c145bf762976e86aa1597acb6c1438"
                        }
                      ]
                    }
                  ]
                }
              },
              {
                "k": "compare",
                "v": "https://github.com/mrphys/tensorflow-mri/compare/7afa6f5cce9d...5c27b3d425c1"
              },
              {
                "k": "created",
                "v": false
              },
              {
                "k": "deleted",
                "v": false
              },
              {
                "k": "forced",
                "v": false
              },
              {
                "k": "head_commit",
                "v": {
                  "t": 2,
                  "d": [
                    {
                      "k": "author",
                      "v": {
                        "t": 2,
                        "d": [
                          {
                            "k": "email",
                            "v": "jennifer.steeden@ucl.ac.uk"
                          },
                          {
                            "k": "name",
                            "v": "jennifersteeden"
                          },
                          {
                            "k": "username",
                            "v": "jennifersteeden"
                          }
                        ]
                      }
                    },
                    {
                      "k": "committer",
                      "v": {
                        "t": 2,
                        "d": [
                          {
                            "k": "email",
                            "v": "jennifer.steeden@ucl.ac.uk"
                          },
                          {
                            "k": "name",
                            "v": "jennifersteeden"
                          },
                          {
                            "k": "username",
                            "v": "jennifersteeden"
                          }
                        ]
                      }
                    },
                    {
                      "k": "distinct",
                      "v": true
                    },
                    {
                      "k": "id",
                      "v": "5c27b3d425c145bf762976e86aa1597acb6c1438"
                    },
                    {
                      "k": "message",
                      "v": "removed lfs: true in yml"
                    },
                    {
                      "k": "timestamp",
                      "v": "2025-03-13T22:04:42Z"
                    },
                    {
                      "k": "tree_id",
                      "v": "ef3387a56fbc37b750253bc165fb0388933f147d"
                    },
                    {
                      "k": "url",
                      "v": "https://github.com/mrphys/tensorflow-mri/commit/5c27b3d425c145bf762976e86aa1597acb6c1438"
                    }
                  ]
                }
              },
              {
                "k": "organization",
                "v": {
                  "t": 2,
                  "d": [
                    {
                      "k": "avatar_url",
                      "v": "https://avatars.githubusercontent.com/u/53480519?v=4"
                    },
                    {
                      "k": "description",
                      "v": ""
                    },
                    {
                      "k": "events_url",
                      "v": "https://api.github.com/orgs/mrphys/events"
                    },
                    {
                      "k": "hooks_url",
                      "v": "https://api.github.com/orgs/mrphys/hooks"
                    },
                    {
                      "k": "id",
                      "v": 53480519.0
                    },
                    {
                      "k": "issues_url",
                      "v": "https://api.github.com/orgs/mrphys/issues"
                    },
                    {
                      "k": "login",
                      "v": "mrphys"
                    },
                    {
                      "k": "members_url",
                      "v": "https://api.github.com/orgs/mrphys/members{/member}"
                    },
                    {
                      "k": "node_id",
                      "v": "MDEyOk9yZ2FuaXphdGlvbjUzNDgwNTE5"
                    },
                    {
                      "k": "public_members_url",
                      "v": "https://api.github.com/orgs/mrphys/public_members{/member}"
                    },
                    {
                      "k": "repos_url",
                      "v": "https://api.github.com/orgs/mrphys/repos"
                    },
                    {
                      "k": "url",
                      "v": "https://api.github.com/orgs/mrphys"
                    }
                  ]
                }
              },
              {
                "k": "pusher",
                "v": {
                  "t": 2,
                  "d": [
                    {
                      "k": "email",
                      "v": "53479871+jennifersteeden@users.noreply.github.com"
                    },
                    {
                      "k": "name",
                      "v": "jennifersteeden"
                    }
                  ]
                }
              },
              {
                "k": "ref",
                "v": "refs/heads/master"
              },
              {
                "k": "repository",
                "v": {
                  "t": 2,
                  "d": [
                    {
                      "k": "allow_forking",
                      "v": true
                    },
                    {
                      "k": "archive_url",
                      "v": "https://api.github.com/repos/mrphys/tensorflow-mri/{archive_format}{/ref}"
                    },
                    {
                      "k": "archived",
                      "v": false
                    },
                    {
                      "k": "assignees_url",
                      "v": "https://api.github.com/repos/mrphys/tensorflow-mri/assignees{/user}"
                    },
                    {
                      "k": "blobs_url",
                      "v": "https://api.github.com/repos/mrphys/tensorflow-mri/git/blobs{/sha}"
                    },
                    {
                      "k": "branches_url",
                      "v": "https://api.github.com/repos/mrphys/tensorflow-mri/branches{/branch}"
                    },
                    {
                      "k": "clone_url",
                      "v": "https://github.com/mrphys/tensorflow-mri.git"
                    },
                    {
                      "k": "collaborators_url",
                      "v": "https://api.github.com/repos/mrphys/tensorflow-mri/collaborators{/collaborator}"
                    },
                    {
                      "k": "comments_url",
                      "v": "https://api.github.com/repos/mrphys/tensorflow-mri/comments{/number}"
                    },
                    {
                      "k": "commits_url",
                      "v": "https://api.github.com/repos/mrphys/tensorflow-mri/commits{/sha}"
                    },
                    {
                      "k": "compare_url",
                      "v": "https://api.github.com/repos/mrphys/tensorflow-mri/compare/{base}...{head}"
                    },
                    {
                      "k": "contents_url",
                      "v": "https://api.github.com/repos/mrphys/tensorflow-mri/contents/{+path}"
                    },
                    {
                      "k": "contributors_url",
                      "v": "https://api.github.com/repos/mrphys/tensorflow-mri/contributors"
                    },
                    {
                      "k": "created_at",
                      "v": 1626866930.0
                    },
                    {
                      "k": "custom_properties",
                      "v": {
                        "t": 2
                      }
                    },
                    {
                      "k": "default_branch",
                      "v": "master"
                    },
                    {
                      "k": "deployments_url",
                      "v": "https://api.github.com/repos/mrphys/tensorflow-mri/deployments"
                    },
                    {
                      "k": "description",
                      "v": "A Library of TensorFlow Operators for Computational MRI"
                    },
                    {
                      "k": "disabled",
                      "v": false
                    },
                    {
                      "k": "downloads_url",
                      "v": "https://api.github.com/repos/mrphys/tensorflow-mri/downloads"
                    },
                    {
                      "k": "events_url",
                      "v": "https://api.github.com/repos/mrphys/tensorflow-mri/events"
                    },
                    {
                      "k": "fork",
                      "v": false
                    },
                    {
                      "k": "forks",
                      "v": 3.0
                    },
                    {
                      "k": "forks_count",
                      "v": 3.0
                    },
                    {
                      "k": "forks_url",
                      "v": "https://api.github.com/repos/mrphys/tensorflow-mri/forks"
                    },
                    {
                      "k": "full_name",
                      "v": "mrphys/tensorflow-mri"
                    },
                    {
                      "k": "git_commits_url",
                      "v": "https://api.github.com/repos/mrphys/tensorflow-mri/git/commits{/sha}"
                    },
                    {
                      "k": "git_refs_url",
                      "v": "https://api.github.com/repos/mrphys/tensorflow-mri/git/refs{/sha}"
                    },
                    {
                      "k": "git_tags_url",
                      "v": "https://api.github.com/repos/mrphys/tensorflow-mri/git/tags{/sha}"
                    },
                    {
                      "k": "git_url",
                      "v": "git://github.com/mrphys/tensorflow-mri.git"
                    },
                    {
                      "k": "has_discussions",
                      "v": false
                    },
                    {
                      "k": "has_downloads",
                      "v": true
                    },
                    {
                      "k": "has_issues",
                      "v": true
                    },
                    {
                      "k": "has_pages",
                      "v": true
                    },
                    {
                      "k": "has_projects",
                      "v": true
                    },
                    {
                      "k": "has_wiki",
                      "v": true
                    },
                    {
                      "k": "homepage",
                      "v": "https://mrphys.github.io/tensorflow-mri/"
                    },
                    {
                      "k": "hooks_url",
                      "v": "https://api.github.com/repos/mrphys/tensorflow-mri/hooks"
                    },
                    {
                      "k": "html_url",
                      "v": "https://github.com/mrphys/tensorflow-mri"
                    },
                    {
                      "k": "id",
                      "v": 388094708.0
                    },
                    {
                      "k": "is_template",
                      "v": false
                    },
                    {
                      "k": "issue_comment_url",
                      "v": "https://api.github.com/repos/mrphys/tensorflow-mri/issues/comments{/number}"
                    },
                    {
                      "k": "issue_events_url",
                      "v": "https://api.github.com/repos/mrphys/tensorflow-mri/issues/events{/number}"
                    },
                    {
                      "k": "issues_url",
                      "v": "https://api.github.com/repos/mrphys/tensorflow-mri/issues{/number}"
                    },
                    {
                      "k": "keys_url",
                      "v": "https://api.github.com/repos/mrphys/tensorflow-mri/keys{/key_id}"
                    },
                    {
                      "k": "labels_url",
                      "v": "https://api.github.com/repos/mrphys/tensorflow-mri/labels{/name}"
                    },
                    {
                      "k": "language",
                      "v": "Jupyter Notebook"
                    },
                    {
                      "k": "languages_url",
                      "v": "https://api.github.com/repos/mrphys/tensorflow-mri/languages"
                    },
                    {
                      "k": "license",
                      "v": {
                        "t": 2,
                        "d": [
                          {
                            "k": "key",
                            "v": "apache-2.0"
                          },
                          {
                            "k": "name",
                            "v": "Apache License 2.0"
                          },
                          {
                            "k": "node_id",
                            "v": "MDc6TGljZW5zZTI="
                          },
                          {
                            "k": "spdx_id",
                            "v": "Apache-2.0"
                          },
                          {
                            "k": "url",
                            "v": "https://api.github.com/licenses/apache-2.0"
                          }
                        ]
                      }
                    },
                    {
                      "k": "master_branch",
                      "v": "master"
                    },
                    {
                      "k": "merges_url",
                      "v": "https://api.github.com/repos/mrphys/tensorflow-mri/merges"
                    },
                    {
                      "k": "milestones_url",
                      "v": "https://api.github.com/repos/mrphys/tensorflow-mri/milestones{/number}"
                    },
                    {
                      "k": "mirror_url",
                      "v": null
                    },
                    {
                      "k": "name",
                      "v": "tensorflow-mri"
                    },
                    {
                      "k": "node_id",
                      "v": "MDEwOlJlcG9zaXRvcnkzODgwOTQ3MDg="
                    },
                    {
                      "k": "notifications_url",
                      "v": "https://api.github.com/repos/mrphys/tensorflow-mri/notifications{?since,all,participating}"
                    },
                    {
                      "k": "open_issues",
                      "v": 8.0
                    },
                    {
                      "k": "open_issues_count",
                      "v": 8.0
                    },
                    {
                      "k": "organization",
                      "v": "mrphys"
                    },
                    {
                      "k": "owner",
                      "v": {
                        "t": 2,
                        "d": [
                          {
                            "k": "avatar_url",
                            "v": "https://avatars.githubusercontent.com/u/53480519?v=4"
                          },
                          {
                            "k": "email",
                            "v": null
                          },
                          {
                            "k": "events_url",
                            "v": "https://api.github.com/users/mrphys/events{/privacy}"
                          },
                          {
                            "k": "followers_url",
                            "v": "https://api.github.com/users/mrphys/followers"
                          },
                          {
                            "k": "following_url",
                            "v": "https://api.github.com/users/mrphys/following{/other_user}"
                          },
                          {
                            "k": "gists_url",
                            "v": "https://api.github.com/users/mrphys/gists{/gist_id}"
                          },
                          {
                            "k": "gravatar_id",
                            "v": ""
                          },
                          {
                            "k": "html_url",
                            "v": "https://github.com/mrphys"
                          },
                          {
                            "k": "id",
                            "v": 53480519.0
                          },
                          {
                            "k": "login",
                            "v": "mrphys"
                          },
                          {
                            "k": "name",
                            "v": "mrphys"
                          },
                          {
                            "k": "node_id",
                            "v": "MDEyOk9yZ2FuaXphdGlvbjUzNDgwNTE5"
                          },
                          {
                            "k": "organizations_url",
                            "v": "https://api.github.com/users/mrphys/orgs"
                          },
                          {
                            "k": "received_events_url",
                            "v": "https://api.github.com/users/mrphys/received_events"
                          },
                          {
                            "k": "repos_url",
                            "v": "https://api.github.com/users/mrphys/repos"
                          },
                          {
                            "k": "site_admin",
                            "v": false
                          },
                          {
                            "k": "starred_url",
                            "v": "https://api.github.com/users/mrphys/starred{/owner}{/repo}"
                          },
                          {
                            "k": "subscriptions_url",
                            "v": "https://api.github.com/users/mrphys/subscriptions"
                          },
                          {
                            "k": "type",
                            "v": "Organization"
                          },
                          {
                            "k": "url",
                            "v": "https://api.github.com/users/mrphys"
                          },
                          {
                            "k": "user_view_type",
                            "v": "public"
                          }
                        ]
                      }
                    },
                    {
                      "k": "private",
                      "v": false
                    },
                    {
                      "k": "pulls_url",
                      "v": "https://api.github.com/repos/mrphys/tensorflow-mri/pulls{/number}"
                    },
                    {
                      "k": "pushed_at",
                      "v": 1741903485.0
                    },
                    {
                      "k": "releases_url",
                      "v": "https://api.github.com/repos/mrphys/tensorflow-mri/releases{/id}"
                    },
                    {
                      "k": "size",
                      "v": 197333.0
                    },
                    {
                      "k": "ssh_url",
                      "v": "git@github.com:mrphys/tensorflow-mri.git"
                    },
                    {
                      "k": "stargazers",
                      "v": 40.0
                    },
                    {
                      "k": "stargazers_count",
                      "v": 40.0
                    },
                    {
                      "k": "stargazers_url",
                      "v": "https://api.github.com/repos/mrphys/tensorflow-mri/stargazers"
                    },
                    {
                      "k": "statuses_url",
                      "v": "https://api.github.com/repos/mrphys/tensorflow-mri/statuses/{sha}"
                    },
                    {
                      "k": "subscribers_url",
                      "v": "https://api.github.com/repos/mrphys/tensorflow-mri/subscribers"
                    },
                    {
                      "k": "subscription_url",
                      "v": "https://api.github.com/repos/mrphys/tensorflow-mri/subscription"
                    },
                    {
                      "k": "svn_url",
                      "v": "https://github.com/mrphys/tensorflow-mri"
                    },
                    {
                      "k": "tags_url",
                      "v": "https://api.github.com/repos/mrphys/tensorflow-mri/tags"
                    },
                    {
                      "k": "teams_url",
                      "v": "https://api.github.com/repos/mrphys/tensorflow-mri/teams"
                    },
                    {
                      "k": "topics",
                      "v": {
                        "t": 1,
                        "a": [
                          "machine-learning",
                          "magnetic-resonance-imaging",
                          "ml",
                          "mri",
                          "python",
                          "tensorflow"
                        ]
                      }
                    },
                    {
                      "k": "trees_url",
                      "v": "https://api.github.com/repos/mrphys/tensorflow-mri/git/trees{/sha}"
                    },
                    {
                      "k": "updated_at",
                      "v": "2025-03-13T21:52:44Z"
                    },
                    {
                      "k": "url",
                      "v": "https://github.com/mrphys/tensorflow-mri"
                    },
                    {
                      "k": "visibility",
                      "v": "public"
                    },
                    {
                      "k": "watchers",
                      "v": 40.0
                    },
                    {
                      "k": "watchers_count",
                      "v": 40.0
                    },
                    {
                      "k": "web_commit_signoff_required",
                      "v": false
                    }
                  ]
                }
              },
              {
                "k": "sender",
                "v": {
                  "t": 2,
                  "d": [
                    {
                      "k": "avatar_url",
                      "v": "https://avatars.githubusercontent.com/u/53479871?v=4"
                    },
                    {
                      "k": "events_url",
                      "v": "https://api.github.com/users/jennifersteeden/events{/privacy}"
                    },
                    {
                      "k": "followers_url",
                      "v": "https://api.github.com/users/jennifersteeden/followers"
                    },
                    {
                      "k": "following_url",
                      "v": "https://api.github.com/users/jennifersteeden/following{/other_user}"
                    },
                    {
                      "k": "gists_url",
                      "v": "https://api.github.com/users/jennifersteeden/gists{/gist_id}"
                    },
                    {
                      "k": "gravatar_id",
                      "v": ""
                    },
                    {
                      "k": "html_url",
                      "v": "https://github.com/jennifersteeden"
                    },
                    {
                      "k": "id",
                      "v": 53479871.0
                    },
                    {
                      "k": "login",
                      "v": "jennifersteeden"
                    },
                    {
                      "k": "node_id",
                      "v": "MDQ6VXNlcjUzNDc5ODcx"
                    },
                    {
                      "k": "organizations_url",
                      "v": "https://api.github.com/users/jennifersteeden/orgs"
                    },
                    {
                      "k": "received_events_url",
                      "v": "https://api.github.com/users/jennifersteeden/received_events"
                    },
                    {
                      "k": "repos_url",
                      "v": "https://api.github.com/users/jennifersteeden/repos"
                    },
                    {
                      "k": "site_admin",
                      "v": false
                    },
                    {
                      "k": "starred_url",
                      "v": "https://api.github.com/users/jennifersteeden/starred{/owner}{/repo}"
                    },
                    {
                      "k": "subscriptions_url",
                      "v": "https://api.github.com/users/jennifersteeden/subscriptions"
                    },
                    {
                      "k": "type",
                      "v": "User"
                    },
                    {
                      "k": "url",
                      "v": "https://api.github.com/users/jennifersteeden"
                    },
                    {
                      "k": "user_view_type",
                      "v": "public"
                    }
                  ]
                }
              }
            ]
          }
        },
        {
          "k": "workflow_ref",
          "v": "mrphys/tensorflow-mri/.github/workflows/build-package.yml@refs/heads/master"
        },
        {
          "k": "workflow_sha",
          "v": "5c27b3d425c145bf762976e86aa1597acb6c1438"
        },
        {
          "k": "repository_id",
          "v": "388094708"
        },
        {
          "k": "triggering_actor",
          "v": "jennifersteeden"
        }
      ]
    },
    "inputs": {
      "t": 2
    },
    "matrix": {
      "t": 2,
      "d": [
        {
          "k": "py_version",
          "v": "3.9"
        }
      ]
    },
    "needs": {
      "t": 2
    },
    "strategy": {
      "t": 2,
      "d": [
        {
          "k": "fail-fast",
          "v": true
        },
        {
          "k": "job-index",
          "v": 1.0
        },
        {
          "k": "job-total",
          "v": 3.0
        },
        {
          "k": "max-parallel",
          "v": 3.0
        }
      ]
    },
    "vars": {
      "t": 2
    }
  }
}
[2025-03-13 22:04:50Z INFO JobRunner] Job ID 35fe482c-a654-546e-9a15-c1f8fb19ce75
[2025-03-13 22:04:50Z INFO ConfigurationStore] currentAssemblyLocation: /home/jenny/tensorflow-mri/actions-runner/bin/Runner.Worker.dll
[2025-03-13 22:04:50Z INFO HostContext] Well known directory 'Bin': '/home/jenny/tensorflow-mri/actions-runner/bin'
[2025-03-13 22:04:50Z INFO ConfigurationStore] binPath: /home/jenny/tensorflow-mri/actions-runner/bin
[2025-03-13 22:04:50Z INFO HostContext] Well known directory 'Bin': '/home/jenny/tensorflow-mri/actions-runner/bin'
[2025-03-13 22:04:50Z INFO HostContext] Well known directory 'Root': '/home/jenny/tensorflow-mri/actions-runner'
[2025-03-13 22:04:50Z INFO ConfigurationStore] RootFolder: /home/jenny/tensorflow-mri/actions-runner
[2025-03-13 22:04:50Z INFO HostContext] Well known directory 'Bin': '/home/jenny/tensorflow-mri/actions-runner/bin'
[2025-03-13 22:04:50Z INFO HostContext] Well known directory 'Root': '/home/jenny/tensorflow-mri/actions-runner'
[2025-03-13 22:04:50Z INFO HostContext] Well known config file 'Runner': '/home/jenny/tensorflow-mri/actions-runner/.runner'
[2025-03-13 22:04:50Z INFO ConfigurationStore] ConfigFilePath: /home/jenny/tensorflow-mri/actions-runner/.runner
[2025-03-13 22:04:50Z INFO HostContext] Well known directory 'Bin': '/home/jenny/tensorflow-mri/actions-runner/bin'
[2025-03-13 22:04:50Z INFO HostContext] Well known directory 'Root': '/home/jenny/tensorflow-mri/actions-runner'
[2025-03-13 22:04:50Z INFO HostContext] Well known config file 'Credentials': '/home/jenny/tensorflow-mri/actions-runner/.credentials'
[2025-03-13 22:04:50Z INFO ConfigurationStore] CredFilePath: /home/jenny/tensorflow-mri/actions-runner/.credentials
[2025-03-13 22:04:50Z INFO HostContext] Well known directory 'Bin': '/home/jenny/tensorflow-mri/actions-runner/bin'
[2025-03-13 22:04:50Z INFO HostContext] Well known directory 'Root': '/home/jenny/tensorflow-mri/actions-runner'
[2025-03-13 22:04:50Z INFO HostContext] Well known config file 'MigratedCredentials': '/home/jenny/tensorflow-mri/actions-runner/.credentials_migrated'
[2025-03-13 22:04:50Z INFO ConfigurationStore] MigratedCredFilePath: /home/jenny/tensorflow-mri/actions-runner/.credentials_migrated
[2025-03-13 22:04:50Z INFO HostContext] Well known directory 'Bin': '/home/jenny/tensorflow-mri/actions-runner/bin'
[2025-03-13 22:04:50Z INFO HostContext] Well known directory 'Root': '/home/jenny/tensorflow-mri/actions-runner'
[2025-03-13 22:04:50Z INFO HostContext] Well known config file 'Service': '/home/jenny/tensorflow-mri/actions-runner/.service'
[2025-03-13 22:04:50Z INFO ConfigurationStore] ServiceConfigFilePath: /home/jenny/tensorflow-mri/actions-runner/.service
[2025-03-13 22:04:50Z INFO ConfigurationStore] Read setting file: 294 chars
[2025-03-13 22:04:50Z INFO JobRunner] Initializing launch client
[2025-03-13 22:04:50Z INFO JobServerQueue] Initializing results client
[2025-03-13 22:04:50Z INFO ResultServer] Creating websocket client ...wss://results-receiver.actions.githubusercontent.com/_ws/ingest.sock
[2025-03-13 22:04:50Z INFO ResultServer] Attempting to start websocket client with delay 00:00:00.
[2025-03-13 22:04:50Z INFO JobServerQueue] Start process web console line queue.
[2025-03-13 22:04:50Z INFO JobServerQueue] Start process file upload queue.
[2025-03-13 22:04:50Z INFO JobServerQueue] Start results file upload queue.
[2025-03-13 22:04:50Z INFO JobServerQueue] Starting results-based upload queue...
[2025-03-13 22:04:50Z INFO JobServerQueue] Start process timeline update queue.
[2025-03-13 22:04:50Z INFO ExecutionContext] Initialize GitHub context
[2025-03-13 22:04:50Z INFO ExecutionContext] Initialize Env context
[2025-03-13 22:04:50Z INFO HostContext] Well known directory 'Bin': '/home/jenny/tensorflow-mri/actions-runner/bin'
[2025-03-13 22:04:50Z INFO HostContext] Well known directory 'Root': '/home/jenny/tensorflow-mri/actions-runner'
[2025-03-13 22:04:50Z INFO HostContext] Well known directory 'Diag': '/home/jenny/tensorflow-mri/actions-runner/_diag'
[2025-03-13 22:04:50Z INFO HostContext] Well known directory 'Bin': '/home/jenny/tensorflow-mri/actions-runner/bin'
[2025-03-13 22:04:50Z INFO HostContext] Well known directory 'Root': '/home/jenny/tensorflow-mri/actions-runner'
[2025-03-13 22:04:50Z INFO HostContext] Well known directory 'Diag': '/home/jenny/tensorflow-mri/actions-runner/_diag'
[2025-03-13 22:04:50Z INFO JobRunner] Starting the job execution context.
[2025-03-13 22:04:50Z INFO HostContext] Well known directory 'Bin': '/home/jenny/tensorflow-mri/actions-runner/bin'
[2025-03-13 22:04:50Z INFO HostContext] Well known directory 'Root': '/home/jenny/tensorflow-mri/actions-runner'
[2025-03-13 22:04:50Z INFO HostContext] Well known directory 'Work': '/home/jenny/tensorflow-mri/actions-runner/_work'
[2025-03-13 22:04:50Z INFO JobRunner] Validating directory permissions for: '/home/jenny/tensorflow-mri/actions-runner/_work'
[2025-03-13 22:04:50Z INFO HostContext] Well known directory 'Bin': '/home/jenny/tensorflow-mri/actions-runner/bin'
[2025-03-13 22:04:50Z INFO HostContext] Well known directory 'Root': '/home/jenny/tensorflow-mri/actions-runner'
[2025-03-13 22:04:50Z INFO HostContext] Well known directory 'Work': '/home/jenny/tensorflow-mri/actions-runner/_work'
[2025-03-13 22:04:50Z INFO HostContext] Well known directory 'Tools': '/home/jenny/tensorflow-mri/actions-runner/_work/_tool'
[2025-03-13 22:04:50Z INFO HostContext] Well known directory 'Bin': '/home/jenny/tensorflow-mri/actions-runner/bin'
[2025-03-13 22:04:50Z INFO HostContext] Well known directory 'Root': '/home/jenny/tensorflow-mri/actions-runner'
[2025-03-13 22:04:50Z INFO HostContext] Well known directory 'Work': '/home/jenny/tensorflow-mri/actions-runner/_work'
[2025-03-13 22:04:50Z INFO HostContext] Well known directory 'Temp': '/home/jenny/tensorflow-mri/actions-runner/_work/_temp'
[2025-03-13 22:04:50Z INFO JobRunner] Getting job extension.
[2025-03-13 22:04:50Z INFO JobRunner] Initialize job. Getting all job steps.
[2025-03-13 22:04:50Z INFO HostContext] Well known directory 'Bin': '/home/jenny/tensorflow-mri/actions-runner/bin'
[2025-03-13 22:04:50Z INFO HostContext] Well known directory 'Root': '/home/jenny/tensorflow-mri/actions-runner'
[2025-03-13 22:04:50Z INFO HostContext] Well known directory 'Diag': '/home/jenny/tensorflow-mri/actions-runner/_diag'
[2025-03-13 22:04:50Z INFO HostContext] Well known directory 'Bin': '/home/jenny/tensorflow-mri/actions-runner/bin'
[2025-03-13 22:04:50Z INFO HostContext] Well known directory 'Root': '/home/jenny/tensorflow-mri/actions-runner'
[2025-03-13 22:04:50Z INFO HostContext] Well known directory 'Diag': '/home/jenny/tensorflow-mri/actions-runner/_diag'
[2025-03-13 22:04:50Z INFO HostContext] Well known directory 'Bin': '/home/jenny/tensorflow-mri/actions-runner/bin'
[2025-03-13 22:04:50Z INFO HostContext] Well known directory 'Root': '/home/jenny/tensorflow-mri/actions-runner'
[2025-03-13 22:04:50Z INFO HostContext] Well known config file 'Credentials': '/home/jenny/tensorflow-mri/actions-runner/.credentials'
[2025-03-13 22:04:50Z INFO HostContext] Well known directory 'Bin': '/home/jenny/tensorflow-mri/actions-runner/bin'
[2025-03-13 22:04:50Z INFO HostContext] Well known directory 'Root': '/home/jenny/tensorflow-mri/actions-runner'
[2025-03-13 22:04:50Z INFO HostContext] Well known config file 'SetupInfo': '/home/jenny/tensorflow-mri/actions-runner/.setup_info'
[2025-03-13 22:04:50Z INFO HostContext] Well known directory 'Bin': '/home/jenny/tensorflow-mri/actions-runner/bin'
[2025-03-13 22:04:50Z INFO HostContext] Well known directory 'Root': '/home/jenny/tensorflow-mri/actions-runner'
[2025-03-13 22:04:50Z INFO HostContext] Well known directory 'Work': '/home/jenny/tensorflow-mri/actions-runner/_work'
[2025-03-13 22:04:50Z INFO PipelineDirectoryManager] Loading tracking config if exists: /home/jenny/tensorflow-mri/actions-runner/_work/_PipelineMapping/mrphys/tensorflow-mri/PipelineFolder.json
[2025-03-13 22:04:50Z INFO PipelineDirectoryManager] Updating job run properties.
[2025-03-13 22:04:50Z INFO HostContext] Well known directory 'Bin': '/home/jenny/tensorflow-mri/actions-runner/bin'
[2025-03-13 22:04:50Z INFO HostContext] Well known directory 'Root': '/home/jenny/tensorflow-mri/actions-runner'
[2025-03-13 22:04:50Z INFO HostContext] Well known directory 'Work': '/home/jenny/tensorflow-mri/actions-runner/_work'
[2025-03-13 22:04:50Z INFO HostContext] Well known directory 'Bin': '/home/jenny/tensorflow-mri/actions-runner/bin'
[2025-03-13 22:04:50Z INFO HostContext] Well known directory 'Root': '/home/jenny/tensorflow-mri/actions-runner'
[2025-03-13 22:04:50Z INFO HostContext] Well known directory 'Work': '/home/jenny/tensorflow-mri/actions-runner/_work'
[2025-03-13 22:04:50Z INFO HostContext] Well known directory 'Bin': '/home/jenny/tensorflow-mri/actions-runner/bin'
[2025-03-13 22:04:50Z INFO HostContext] Well known directory 'Root': '/home/jenny/tensorflow-mri/actions-runner'
[2025-03-13 22:04:50Z INFO HostContext] Well known directory 'Work': '/home/jenny/tensorflow-mri/actions-runner/_work'
[2025-03-13 22:04:50Z INFO HostContext] Well known directory 'Bin': '/home/jenny/tensorflow-mri/actions-runner/bin'
[2025-03-13 22:04:50Z INFO HostContext] Well known directory 'Root': '/home/jenny/tensorflow-mri/actions-runner'
[2025-03-13 22:04:50Z INFO HostContext] Well known directory 'Work': '/home/jenny/tensorflow-mri/actions-runner/_work'
[2025-03-13 22:04:50Z INFO HostContext] Well known directory 'Bin': '/home/jenny/tensorflow-mri/actions-runner/bin'
[2025-03-13 22:04:50Z INFO HostContext] Well known directory 'Root': '/home/jenny/tensorflow-mri/actions-runner'
[2025-03-13 22:04:50Z INFO HostContext] Well known directory 'Work': '/home/jenny/tensorflow-mri/actions-runner/_work'
[2025-03-13 22:04:50Z INFO HostContext] Well known directory 'Tools': '/home/jenny/tensorflow-mri/actions-runner/_work/_tool'
[2025-03-13 22:04:50Z INFO HostContext] Well known directory 'Bin': '/home/jenny/tensorflow-mri/actions-runner/bin'
[2025-03-13 22:04:50Z INFO HostContext] Well known directory 'Root': '/home/jenny/tensorflow-mri/actions-runner'
[2025-03-13 22:04:50Z INFO HostContext] Well known directory 'Externals': '/home/jenny/tensorflow-mri/actions-runner/externals'
[2025-03-13 22:04:50Z INFO JobExtension] Downloading actions
[2025-03-13 22:04:50Z INFO HostContext] Well known directory 'Bin': '/home/jenny/tensorflow-mri/actions-runner/bin'
[2025-03-13 22:04:50Z INFO HostContext] Well known directory 'Root': '/home/jenny/tensorflow-mri/actions-runner'
[2025-03-13 22:04:50Z INFO HostContext] Well known directory 'Work': '/home/jenny/tensorflow-mri/actions-runner/_work'
[2025-03-13 22:04:50Z INFO HostContext] Well known directory 'Actions': '/home/jenny/tensorflow-mri/actions-runner/_work/_actions'
[2025-03-13 22:04:50Z INFO Worker] Listening for cancel message from the channel.
[2025-03-13 22:04:50Z INFO Worker] Waiting for the job to complete or for a cancel message from the channel.
[2025-03-13 22:04:50Z INFO ResultServer] Successfully started websocket client.
[2025-03-13 22:04:50Z INFO JobServerQueue] Try to append 1 batches web console lines for record '572051ac-e2b1-4389-a0ea-560246d4295c', success rate: 1/1.
[2025-03-13 22:04:50Z INFO HostContext] Well known directory 'Bin': '/home/jenny/tensorflow-mri/actions-runner/bin'
[2025-03-13 22:04:50Z INFO HostContext] Well known directory 'Root': '/home/jenny/tensorflow-mri/actions-runner'
[2025-03-13 22:04:50Z INFO HostContext] Well known directory 'Work': '/home/jenny/tensorflow-mri/actions-runner/_work'
[2025-03-13 22:04:50Z INFO HostContext] Well known directory 'Actions': '/home/jenny/tensorflow-mri/actions-runner/_work/_actions'
[2025-03-13 22:04:50Z INFO HostContext] Well known directory 'Bin': '/home/jenny/tensorflow-mri/actions-runner/bin'
[2025-03-13 22:04:50Z INFO HostContext] Well known directory 'Root': '/home/jenny/tensorflow-mri/actions-runner'
[2025-03-13 22:04:50Z INFO HostContext] Well known directory 'Work': '/home/jenny/tensorflow-mri/actions-runner/_work'
[2025-03-13 22:04:50Z INFO HostContext] Well known directory 'Actions': '/home/jenny/tensorflow-mri/actions-runner/_work/_actions'
[2025-03-13 22:04:50Z INFO ActionManager] Save archive 'https://api.github.com/repos/actions/checkout/tarball/11bd71901bbe5b1630ceea73d27597364c9af683' into /home/jenny/tensorflow-mri/actions-runner/_work/_actions/_temp_d2d65a28-dfb3-4f0b-9349-37aab6ec2a5f/8fd0e708-6647-40c7-ab10-f4e0abd37038.tar.gz.
[2025-03-13 22:04:50Z INFO JobServerQueue] Try to append 1 batches web console lines for record '572051ac-e2b1-4389-a0ea-560246d4295c', success rate: 1/1.
[2025-03-13 22:04:50Z INFO JobServerQueue] Job timeline record has been updated for the first time.
[2025-03-13 22:04:50Z INFO ActionManager] Request URL: https://api.github.com/repos/actions/checkout/tarball/11bd71901bbe5b1630ceea73d27597364c9af683 X-GitHub-Request-Id: B940:AAAD8:8D9A:334C9:67D35682 Http Status: OK
[2025-03-13 22:04:50Z INFO ActionManager] Which2: 'tar'
[2025-03-13 22:04:50Z INFO ActionManager] Location: '/usr/bin/tar'
[2025-03-13 22:04:50Z INFO ProcessInvokerWrapper] Starting process:
[2025-03-13 22:04:50Z INFO ProcessInvokerWrapper]   File name: '/usr/bin/tar'
[2025-03-13 22:04:50Z INFO ProcessInvokerWrapper]   Arguments: '-xzf "/home/jenny/tensorflow-mri/actions-runner/_work/_actions/_temp_d2d65a28-dfb3-4f0b-9349-37aab6ec2a5f/8fd0e708-6647-40c7-ab10-f4e0abd37038.tar.gz"'
[2025-03-13 22:04:50Z INFO ProcessInvokerWrapper]   Working directory: '/home/jenny/tensorflow-mri/actions-runner/_work/_actions/_temp_d2d65a28-dfb3-4f0b-9349-37aab6ec2a5f/_staging'
[2025-03-13 22:04:50Z INFO ProcessInvokerWrapper]   Require exit code zero: 'False'
[2025-03-13 22:04:50Z INFO ProcessInvokerWrapper]   Encoding web name:  ; code page: ''
[2025-03-13 22:04:50Z INFO ProcessInvokerWrapper]   Force kill process on cancellation: 'False'
[2025-03-13 22:04:50Z INFO ProcessInvokerWrapper]   Redirected STDIN: 'False'
[2025-03-13 22:04:50Z INFO ProcessInvokerWrapper]   Persist current code page: 'False'
[2025-03-13 22:04:50Z INFO ProcessInvokerWrapper]   Keep redirected STDIN open: 'False'
[2025-03-13 22:04:50Z INFO ProcessInvokerWrapper]   High priority process: 'False'
[2025-03-13 22:04:50Z INFO ProcessInvokerWrapper] Updated oom_score_adj to 500 for PID: 2245203.
[2025-03-13 22:04:50Z INFO ProcessInvokerWrapper] Process started with process id 2245203, waiting for process exit.
[2025-03-13 22:04:50Z INFO ProcessInvokerWrapper] STDOUT/STDERR stream read finished.
[2025-03-13 22:04:50Z INFO ProcessInvokerWrapper] STDOUT/STDERR stream read finished.
[2025-03-13 22:04:50Z INFO ProcessInvokerWrapper] Finished process 2245203 with exit code 0, and elapsed time 00:00:00.0124910.
[2025-03-13 22:04:50Z INFO ActionManager] Finished getting action repository.
[2025-03-13 22:04:50Z INFO HostContext] Well known directory 'Bin': '/home/jenny/tensorflow-mri/actions-runner/bin'
[2025-03-13 22:04:50Z INFO HostContext] Well known directory 'Root': '/home/jenny/tensorflow-mri/actions-runner'
[2025-03-13 22:04:50Z INFO HostContext] Well known directory 'Work': '/home/jenny/tensorflow-mri/actions-runner/_work'
[2025-03-13 22:04:50Z INFO HostContext] Well known directory 'Actions': '/home/jenny/tensorflow-mri/actions-runner/_work/_actions'
[2025-03-13 22:04:50Z INFO HostContext] Well known directory 'Bin': '/home/jenny/tensorflow-mri/actions-runner/bin'
[2025-03-13 22:04:50Z INFO HostContext] Well known directory 'Root': '/home/jenny/tensorflow-mri/actions-runner'
[2025-03-13 22:04:50Z INFO HostContext] Well known directory 'Work': '/home/jenny/tensorflow-mri/actions-runner/_work'
[2025-03-13 22:04:50Z INFO HostContext] Well known directory 'Actions': '/home/jenny/tensorflow-mri/actions-runner/_work/_actions'
[2025-03-13 22:04:50Z INFO ActionManager] Save archive 'https://api.github.com/repos/actions/upload-artifact/tarball/4cec3d8aa04e39d1a68397de0c4cd6fb9dce8ec1' into /home/jenny/tensorflow-mri/actions-runner/_work/_actions/_temp_828bd050-5a14-4e51-82c6-66978cc94ea4/5700b295-03b4-4ee8-bde4-8ec98d05039f.tar.gz.
[2025-03-13 22:04:51Z INFO JobServerQueue] Try to append 1 batches web console lines for record '572051ac-e2b1-4389-a0ea-560246d4295c', success rate: 1/1.
[2025-03-13 22:04:51Z INFO ActionManager] Request URL: https://api.github.com/repos/actions/upload-artifact/tarball/4cec3d8aa04e39d1a68397de0c4cd6fb9dce8ec1 X-GitHub-Request-Id: B944:1424AC:32F05:F3037:67D35683 Http Status: OK
[2025-03-13 22:04:51Z INFO ActionManager] Which2: 'tar'
[2025-03-13 22:04:51Z INFO ActionManager] Location: '/usr/bin/tar'
[2025-03-13 22:04:51Z INFO ProcessInvokerWrapper] Starting process:
[2025-03-13 22:04:51Z INFO ProcessInvokerWrapper]   File name: '/usr/bin/tar'
[2025-03-13 22:04:51Z INFO ProcessInvokerWrapper]   Arguments: '-xzf "/home/jenny/tensorflow-mri/actions-runner/_work/_actions/_temp_828bd050-5a14-4e51-82c6-66978cc94ea4/5700b295-03b4-4ee8-bde4-8ec98d05039f.tar.gz"'
[2025-03-13 22:04:51Z INFO ProcessInvokerWrapper]   Working directory: '/home/jenny/tensorflow-mri/actions-runner/_work/_actions/_temp_828bd050-5a14-4e51-82c6-66978cc94ea4/_staging'
[2025-03-13 22:04:51Z INFO ProcessInvokerWrapper]   Require exit code zero: 'False'
[2025-03-13 22:04:51Z INFO ProcessInvokerWrapper]   Encoding web name:  ; code page: ''
[2025-03-13 22:04:51Z INFO ProcessInvokerWrapper]   Force kill process on cancellation: 'False'
[2025-03-13 22:04:51Z INFO ProcessInvokerWrapper]   Redirected STDIN: 'False'
[2025-03-13 22:04:51Z INFO ProcessInvokerWrapper]   Persist current code page: 'False'
[2025-03-13 22:04:51Z INFO ProcessInvokerWrapper]   Keep redirected STDIN open: 'False'
[2025-03-13 22:04:51Z INFO ProcessInvokerWrapper]   High priority process: 'False'
[2025-03-13 22:04:51Z INFO ProcessInvokerWrapper] Updated oom_score_adj to 500 for PID: 2245209.
[2025-03-13 22:04:51Z INFO ProcessInvokerWrapper] Process started with process id 2245209, waiting for process exit.
[2025-03-13 22:04:51Z INFO ProcessInvokerWrapper] STDOUT/STDERR stream read finished.
[2025-03-13 22:04:51Z INFO ProcessInvokerWrapper] STDOUT/STDERR stream read finished.
[2025-03-13 22:04:51Z INFO ProcessInvokerWrapper] Finished process 2245209 with exit code 0, and elapsed time 00:00:00.0489960.
[2025-03-13 22:04:51Z INFO ActionManager] Finished getting action repository.
[2025-03-13 22:04:51Z INFO HostContext] Well known directory 'Bin': '/home/jenny/tensorflow-mri/actions-runner/bin'
[2025-03-13 22:04:51Z INFO HostContext] Well known directory 'Root': '/home/jenny/tensorflow-mri/actions-runner'
[2025-03-13 22:04:51Z INFO HostContext] Well known directory 'Work': '/home/jenny/tensorflow-mri/actions-runner/_work'
[2025-03-13 22:04:51Z INFO HostContext] Well known directory 'Actions': '/home/jenny/tensorflow-mri/actions-runner/_work/_actions'
[2025-03-13 22:04:51Z INFO HostContext] Well known directory 'Bin': '/home/jenny/tensorflow-mri/actions-runner/bin'
[2025-03-13 22:04:51Z INFO HostContext] Well known directory 'Root': '/home/jenny/tensorflow-mri/actions-runner'
[2025-03-13 22:04:51Z INFO HostContext] Well known directory 'Work': '/home/jenny/tensorflow-mri/actions-runner/_work'
[2025-03-13 22:04:51Z INFO HostContext] Well known directory 'Actions': '/home/jenny/tensorflow-mri/actions-runner/_work/_actions'
[2025-03-13 22:04:51Z INFO HostContext] Well known directory 'Bin': '/home/jenny/tensorflow-mri/actions-runner/bin'
[2025-03-13 22:04:51Z INFO HostContext] Well known directory 'Root': '/home/jenny/tensorflow-mri/actions-runner'
[2025-03-13 22:04:51Z INFO HostContext] Well known directory 'Work': '/home/jenny/tensorflow-mri/actions-runner/_work'
[2025-03-13 22:04:51Z INFO HostContext] Well known directory 'Actions': '/home/jenny/tensorflow-mri/actions-runner/_work/_actions'
[2025-03-13 22:04:51Z INFO ActionManager] Save archive 'https://api.github.com/repos/pypa/gh-action-pypi-publish/tarball/22b4d1f12511f2696162c08546dafbaa903448a2' into /home/jenny/tensorflow-mri/actions-runner/_work/_actions/_temp_22bb2ecb-295d-49fc-a02b-96aad4ac8496/866209fa-62f7-4b63-910a-203cbaf3c75d.tar.gz.
[2025-03-13 22:04:51Z INFO JobServerQueue] Try to append 1 batches web console lines for record '572051ac-e2b1-4389-a0ea-560246d4295c', success rate: 1/1.
[2025-03-13 22:04:51Z INFO ActionManager] Request URL: https://api.github.com/repos/pypa/gh-action-pypi-publish/tarball/22b4d1f12511f2696162c08546dafbaa903448a2 X-GitHub-Request-Id: B948:08BB:33607:F2266:67D35683 Http Status: OK
[2025-03-13 22:04:51Z INFO ActionManager] Which2: 'tar'
[2025-03-13 22:04:51Z INFO ActionManager] Location: '/usr/bin/tar'
[2025-03-13 22:04:51Z INFO ProcessInvokerWrapper] Starting process:
[2025-03-13 22:04:51Z INFO ProcessInvokerWrapper]   File name: '/usr/bin/tar'
[2025-03-13 22:04:51Z INFO ProcessInvokerWrapper]   Arguments: '-xzf "/home/jenny/tensorflow-mri/actions-runner/_work/_actions/_temp_22bb2ecb-295d-49fc-a02b-96aad4ac8496/866209fa-62f7-4b63-910a-203cbaf3c75d.tar.gz"'
[2025-03-13 22:04:51Z INFO ProcessInvokerWrapper]   Working directory: '/home/jenny/tensorflow-mri/actions-runner/_work/_actions/_temp_22bb2ecb-295d-49fc-a02b-96aad4ac8496/_staging'
[2025-03-13 22:04:51Z INFO ProcessInvokerWrapper]   Require exit code zero: 'False'
[2025-03-13 22:04:51Z INFO ProcessInvokerWrapper]   Encoding web name:  ; code page: ''
[2025-03-13 22:04:51Z INFO ProcessInvokerWrapper]   Force kill process on cancellation: 'False'
[2025-03-13 22:04:51Z INFO ProcessInvokerWrapper]   Redirected STDIN: 'False'
[2025-03-13 22:04:51Z INFO ProcessInvokerWrapper]   Persist current code page: 'False'
[2025-03-13 22:04:51Z INFO ProcessInvokerWrapper]   Keep redirected STDIN open: 'False'
[2025-03-13 22:04:51Z INFO ProcessInvokerWrapper]   High priority process: 'False'
[2025-03-13 22:04:51Z INFO ProcessInvokerWrapper] Updated oom_score_adj to 500 for PID: 2245222.
[2025-03-13 22:04:51Z INFO ProcessInvokerWrapper] Process started with process id 2245222, waiting for process exit.
[2025-03-13 22:04:51Z INFO ProcessInvokerWrapper] STDOUT/STDERR stream read finished.
[2025-03-13 22:04:51Z INFO ProcessInvokerWrapper] STDOUT/STDERR stream read finished.
[2025-03-13 22:04:51Z INFO ProcessInvokerWrapper] Finished process 2245222 with exit code 0, and elapsed time 00:00:00.0024753.
[2025-03-13 22:04:51Z INFO ActionManager] Finished getting action repository.
[2025-03-13 22:04:51Z INFO HostContext] Well known directory 'Bin': '/home/jenny/tensorflow-mri/actions-runner/bin'
[2025-03-13 22:04:51Z INFO HostContext] Well known directory 'Root': '/home/jenny/tensorflow-mri/actions-runner'
[2025-03-13 22:04:51Z INFO HostContext] Well known directory 'Work': '/home/jenny/tensorflow-mri/actions-runner/_work'
[2025-03-13 22:04:51Z INFO HostContext] Well known directory 'Actions': '/home/jenny/tensorflow-mri/actions-runner/_work/_actions'
[2025-03-13 22:04:51Z INFO ActionManifestManager] Load schema file with definitions: [
  "null",
  "boolean",
  "number",
  "string",
  "sequence",
  "mapping",
  "any",
  "action-root",
  "inputs",
  "input",
  "outputs",
  "output-definition",
  "runs",
  "container-runs",
  "container-runs-args",
  "container-runs-env",
  "node-runs",
  "plugin-runs",
  "composite-runs",
  "composite-steps",
  "composite-step",
  "run-step",
  "uses-step",
  "container-runs-context",
  "output-value",
  "input-default-context",
  "non-empty-string",
  "string-steps-context",
  "boolean-steps-context",
  "step-env",
  "step-if",
  "step-with"
]
[2025-03-13 22:04:51Z INFO HostContext] Well known directory 'Bin': '/home/jenny/tensorflow-mri/actions-runner/bin'
[2025-03-13 22:04:51Z INFO HostContext] Well known directory 'Root': '/home/jenny/tensorflow-mri/actions-runner'
[2025-03-13 22:04:51Z INFO HostContext] Well known directory 'Work': '/home/jenny/tensorflow-mri/actions-runner/_work'
[2025-03-13 22:04:51Z INFO HostContext] Well known directory 'Actions': '/home/jenny/tensorflow-mri/actions-runner/_work/_actions'
[2025-03-13 22:04:51Z INFO ActionManifestManager] Loaded action.yml file: {
  "name": "Checkout",
  "description": "Checkout a Git repository at a particular version",
  "inputs": {
    "type": 2,
    "map": [
      {
        "key": {
          "type": 0,
          "file": 2,
          "line": 4,
          "col": 3,
          "lit": "repository"
        },
        "value": {
          "type": 3,
          "file": 2,
          "line": 6,
          "col": 14,
          "expr": "github.repository"
        }
      },
      {
        "key": {
          "type": 0,
          "file": 2,
          "line": 7,
          "col": 3,
          "lit": "ref"
        },
        "value": ""
      },
      {
        "key": {
          "type": 0,
          "file": 2,
          "line": 12,
          "col": 3,
          "lit": "token"
        },
        "value": {
          "type": 3,
          "file": 2,
          "line": 24,
          "col": 14,
          "expr": "github.token"
        }
      },
      {
        "key": {
          "type": 0,
          "file": 2,
          "line": 25,
          "col": 3,
          "lit": "ssh-key"
        },
        "value": ""
      },
      {
        "key": {
          "type": 0,
          "file": 2,
          "line": 37,
          "col": 3,
          "lit": "ssh-known-hosts"
        },
        "value": ""
      },
      {
        "key": {
          "type": 0,
          "file": 2,
          "line": 42,
          "col": 3,
          "lit": "ssh-strict"
        },
        "value": {
          "type": 0,
          "file": 2,
          "line": 47,
          "col": 14,
          "lit": "true"
        }
      },
      {
        "key": {
          "type": 0,
          "file": 2,
          "line": 48,
          "col": 3,
          "lit": "ssh-user"
        },
        "value": {
          "type": 0,
          "file": 2,
          "line": 51,
          "col": 14,
          "lit": "git"
        }
      },
      {
        "key": {
          "type": 0,
          "file": 2,
          "line": 52,
          "col": 3,
          "lit": "persist-credentials"
        },
        "value": {
          "type": 0,
          "file": 2,
          "line": 54,
          "col": 14,
          "lit": "true"
        }
      },
      {
        "key": {
          "type": 0,
          "file": 2,
          "line": 55,
          "col": 3,
          "lit": "path"
        },
        "value": ""
      },
      {
        "key": {
          "type": 0,
          "file": 2,
          "line": 57,
          "col": 3,
          "lit": "clean"
        },
        "value": {
          "type": 0,
          "file": 2,
          "line": 59,
          "col": 14,
          "lit": "true"
        }
      },
      {
        "key": {
          "type": 0,
          "file": 2,
          "line": 60,
          "col": 3,
          "lit": "filter"
        },
        "value": {
          "type": 0,
          "file": 2,
          "line": 64,
          "col": 14,
          "lit": ""
        }
      },
      {
        "key": {
          "type": 0,
          "file": 2,
          "line": 65,
          "col": 3,
          "lit": "sparse-checkout"
        },
        "value": {
          "type": 0,
          "file": 2,
          "line": 69,
          "col": 14,
          "lit": ""
        }
      },
      {
        "key": {
          "type": 0,
          "file": 2,
          "line": 70,
          "col": 3,
          "lit": "sparse-checkout-cone-mode"
        },
        "value": {
          "type": 0,
          "file": 2,
          "line": 73,
          "col": 14,
          "lit": "true"
        }
      },
      {
        "key": {
          "type": 0,
          "file": 2,
          "line": 74,
          "col": 3,
          "lit": "fetch-depth"
        },
        "value": {
          "type": 0,
          "file": 2,
          "line": 76,
          "col": 14,
          "lit": "1"
        }
      },
      {
        "key": {
          "type": 0,
          "file": 2,
          "line": 77,
          "col": 3,
          "lit": "fetch-tags"
        },
        "value": {
          "type": 0,
          "file": 2,
          "line": 79,
          "col": 14,
          "lit": "false"
        }
      },
      {
        "key": {
          "type": 0,
          "file": 2,
          "line": 80,
          "col": 3,
          "lit": "show-progress"
        },
        "value": {
          "type": 0,
          "file": 2,
          "line": 82,
          "col": 14,
          "lit": "true"
        }
      },
      {
        "key": {
          "type": 0,
          "file": 2,
          "line": 83,
          "col": 3,
          "lit": "lfs"
        },
        "value": {
          "type": 0,
          "file": 2,
          "line": 85,
          "col": 14,
          "lit": "false"
        }
      },
      {
        "key": {
          "type": 0,
          "file": 2,
          "line": 86,
          "col": 3,
          "lit": "submodules"
        },
        "value": {
          "type": 0,
          "file": 2,
          "line": 94,
          "col": 14,
          "lit": "false"
        }
      },
      {
        "key": {
          "type": 0,
          "file": 2,
          "line": 95,
          "col": 3,
          "lit": "set-safe-directory"
        },
        "value": {
          "type": 0,
          "file": 2,
          "line": 97,
          "col": 14,
          "lit": "true"
        }
      },
      {
        "key": {
          "type": 0,
          "file": 2,
          "line": 98,
          "col": 3,
          "lit": "github-server-url"
        },
        "value": ""
      }
    ]
  },
  "execution": {
    "executionType": "nodeJS",
    "hasPre": false,
    "hasPost": true,
    "script": "dist/index.js",
    "pre": null,
    "post": "dist/index.js",
    "nodeVersion": "node20",
    "cleanupCondition": "always()",
    "initCondition": "always()"
  },
  "deprecated": null
}
[2025-03-13 22:04:51Z INFO ActionManager] Action node.js file: dist/index.js, no more preparation.
[2025-03-13 22:04:51Z INFO HostContext] Well known directory 'Bin': '/home/jenny/tensorflow-mri/actions-runner/bin'
[2025-03-13 22:04:51Z INFO HostContext] Well known directory 'Root': '/home/jenny/tensorflow-mri/actions-runner'
[2025-03-13 22:04:51Z INFO HostContext] Well known directory 'Work': '/home/jenny/tensorflow-mri/actions-runner/_work'
[2025-03-13 22:04:51Z INFO HostContext] Well known directory 'Actions': '/home/jenny/tensorflow-mri/actions-runner/_work/_actions'
[2025-03-13 22:04:51Z INFO ActionManager] Load action that reference repository from '/home/jenny/tensorflow-mri/actions-runner/_work/_actions/actions/checkout/v4'
[2025-03-13 22:04:51Z INFO HostContext] Well known directory 'Bin': '/home/jenny/tensorflow-mri/actions-runner/bin'
[2025-03-13 22:04:51Z INFO HostContext] Well known directory 'Root': '/home/jenny/tensorflow-mri/actions-runner'
[2025-03-13 22:04:51Z INFO HostContext] Well known directory 'Work': '/home/jenny/tensorflow-mri/actions-runner/_work'
[2025-03-13 22:04:51Z INFO HostContext] Well known directory 'Actions': '/home/jenny/tensorflow-mri/actions-runner/_work/_actions'
[2025-03-13 22:04:51Z INFO ActionManifestManager] Loaded action.yml file: {
  "name": "Checkout",
  "description": "Checkout a Git repository at a particular version",
  "inputs": {
    "type": 2,
    "map": [
      {
        "key": {
          "type": 0,
          "file": 2,
          "line": 4,
          "col": 3,
          "lit": "repository"
        },
        "value": {
          "type": 3,
          "file": 2,
          "line": 6,
          "col": 14,
          "expr": "github.repository"
        }
      },
      {
        "key": {
          "type": 0,
          "file": 2,
          "line": 7,
          "col": 3,
          "lit": "ref"
        },
        "value": ""
      },
      {
        "key": {
          "type": 0,
          "file": 2,
          "line": 12,
          "col": 3,
          "lit": "token"
        },
        "value": {
          "type": 3,
          "file": 2,
          "line": 24,
          "col": 14,
          "expr": "github.token"
        }
      },
      {
        "key": {
          "type": 0,
          "file": 2,
          "line": 25,
          "col": 3,
          "lit": "ssh-key"
        },
        "value": ""
      },
      {
        "key": {
          "type": 0,
          "file": 2,
          "line": 37,
          "col": 3,
          "lit": "ssh-known-hosts"
        },
        "value": ""
      },
      {
        "key": {
          "type": 0,
          "file": 2,
          "line": 42,
          "col": 3,
          "lit": "ssh-strict"
        },
        "value": {
          "type": 0,
          "file": 2,
          "line": 47,
          "col": 14,
          "lit": "true"
        }
      },
      {
        "key": {
          "type": 0,
          "file": 2,
          "line": 48,
          "col": 3,
          "lit": "ssh-user"
        },
        "value": {
          "type": 0,
          "file": 2,
          "line": 51,
          "col": 14,
          "lit": "git"
        }
      },
      {
        "key": {
          "type": 0,
          "file": 2,
          "line": 52,
          "col": 3,
          "lit": "persist-credentials"
        },
        "value": {
          "type": 0,
          "file": 2,
          "line": 54,
          "col": 14,
          "lit": "true"
        }
      },
      {
        "key": {
          "type": 0,
          "file": 2,
          "line": 55,
          "col": 3,
          "lit": "path"
        },
        "value": ""
      },
      {
        "key": {
          "type": 0,
          "file": 2,
          "line": 57,
          "col": 3,
          "lit": "clean"
        },
        "value": {
          "type": 0,
          "file": 2,
          "line": 59,
          "col": 14,
          "lit": "true"
        }
      },
      {
        "key": {
          "type": 0,
          "file": 2,
          "line": 60,
          "col": 3,
          "lit": "filter"
        },
        "value": {
          "type": 0,
          "file": 2,
          "line": 64,
          "col": 14,
          "lit": ""
        }
      },
      {
        "key": {
          "type": 0,
          "file": 2,
          "line": 65,
          "col": 3,
          "lit": "sparse-checkout"
        },
        "value": {
          "type": 0,
          "file": 2,
          "line": 69,
          "col": 14,
          "lit": ""
        }
      },
      {
        "key": {
          "type": 0,
          "file": 2,
          "line": 70,
          "col": 3,
          "lit": "sparse-checkout-cone-mode"
        },
        "value": {
          "type": 0,
          "file": 2,
          "line": 73,
          "col": 14,
          "lit": "true"
        }
      },
      {
        "key": {
          "type": 0,
          "file": 2,
          "line": 74,
          "col": 3,
          "lit": "fetch-depth"
        },
        "value": {
          "type": 0,
          "file": 2,
          "line": 76,
          "col": 14,
          "lit": "1"
        }
      },
      {
        "key": {
          "type": 0,
          "file": 2,
          "line": 77,
          "col": 3,
          "lit": "fetch-tags"
        },
        "value": {
          "type": 0,
          "file": 2,
          "line": 79,
          "col": 14,
          "lit": "false"
        }
      },
      {
        "key": {
          "type": 0,
          "file": 2,
          "line": 80,
          "col": 3,
          "lit": "show-progress"
        },
        "value": {
          "type": 0,
          "file": 2,
          "line": 82,
          "col": 14,
          "lit": "true"
        }
      },
      {
        "key": {
          "type": 0,
          "file": 2,
          "line": 83,
          "col": 3,
          "lit": "lfs"
        },
        "value": {
          "type": 0,
          "file": 2,
          "line": 85,
          "col": 14,
          "lit": "false"
        }
      },
      {
        "key": {
          "type": 0,
          "file": 2,
          "line": 86,
          "col": 3,
          "lit": "submodules"
        },
        "value": {
          "type": 0,
          "file": 2,
          "line": 94,
          "col": 14,
          "lit": "false"
        }
      },
      {
        "key": {
          "type": 0,
          "file": 2,
          "line": 95,
          "col": 3,
          "lit": "set-safe-directory"
        },
        "value": {
          "type": 0,
          "file": 2,
          "line": 97,
          "col": 14,
          "lit": "true"
        }
      },
      {
        "key": {
          "type": 0,
          "file": 2,
          "line": 98,
          "col": 3,
          "lit": "github-server-url"
        },
        "value": ""
      }
    ]
  },
  "execution": {
    "executionType": "nodeJS",
    "hasPre": false,
    "hasPost": true,
    "script": "dist/index.js",
    "pre": null,
    "post": "dist/index.js",
    "nodeVersion": "node20",
    "cleanupCondition": "always()",
    "initCondition": "always()"
  },
  "deprecated": null
}
[2025-03-13 22:04:51Z INFO ActionManager] Action pre node.js file: N/A.
[2025-03-13 22:04:51Z INFO ActionManager] Action node.js file: dist/index.js.
[2025-03-13 22:04:51Z INFO ActionManager] Action post node.js file: dist/index.js.
[2025-03-13 22:04:51Z INFO HostContext] Well known directory 'Bin': '/home/jenny/tensorflow-mri/actions-runner/bin'
[2025-03-13 22:04:51Z INFO HostContext] Well known directory 'Root': '/home/jenny/tensorflow-mri/actions-runner'
[2025-03-13 22:04:51Z INFO HostContext] Well known directory 'Work': '/home/jenny/tensorflow-mri/actions-runner/_work'
[2025-03-13 22:04:51Z INFO HostContext] Well known directory 'Actions': '/home/jenny/tensorflow-mri/actions-runner/_work/_actions'
[2025-03-13 22:04:51Z INFO HostContext] Well known directory 'Bin': '/home/jenny/tensorflow-mri/actions-runner/bin'
[2025-03-13 22:04:51Z INFO HostContext] Well known directory 'Root': '/home/jenny/tensorflow-mri/actions-runner'
[2025-03-13 22:04:51Z INFO HostContext] Well known directory 'Work': '/home/jenny/tensorflow-mri/actions-runner/_work'
[2025-03-13 22:04:51Z INFO HostContext] Well known directory 'Actions': '/home/jenny/tensorflow-mri/actions-runner/_work/_actions'
[2025-03-13 22:04:51Z INFO ActionManifestManager] Ignore action property author.
[2025-03-13 22:04:51Z INFO ActionManifestManager] Loaded action.yml file: {
  "name": "Upload a Build Artifact",
  "description": "Upload a build artifact that can be used by subsequent workflow steps",
  "inputs": {
    "type": 2,
    "map": [
      {
        "key": {
          "type": 0,
          "file": 3,
          "line": 5,
          "col": 3,
          "lit": "name"
        },
        "value": {
          "type": 0,
          "file": 3,
          "line": 7,
          "col": 14,
          "lit": "artifact"
        }
      },
      {
        "key": {
          "type": 0,
          "file": 3,
          "line": 8,
          "col": 3,
          "lit": "path"
        },
        "value": ""
      },
      {
        "key": {
          "type": 0,
          "file": 3,
          "line": 11,
          "col": 3,
          "lit": "if-no-files-found"
        },
        "value": {
          "type": 0,
          "file": 3,
          "line": 19,
          "col": 14,
          "lit": "warn"
        }
      },
      {
        "key": {
          "type": 0,
          "file": 3,
          "line": 20,
          "col": 3,
          "lit": "retention-days"
        },
        "value": ""
      },
      {
        "key": {
          "type": 0,
          "file": 3,
          "line": 26,
          "col": 3,
          "lit": "compression-level"
        },
        "value": {
          "type": 0,
          "file": 3,
          "line": 36,
          "col": 14,
          "lit": "6"
        }
      },
      {
        "key": {
          "type": 0,
          "file": 3,
          "line": 37,
          "col": 3,
          "lit": "overwrite"
        },
        "value": {
          "type": 0,
          "file": 3,
          "line": 42,
          "col": 14,
          "lit": "false"
        }
      },
      {
        "key": {
          "type": 0,
          "file": 3,
          "line": 43,
          "col": 3,
          "lit": "include-hidden-files"
        },
        "value": {
          "type": 0,
          "file": 3,
          "line": 47,
          "col": 14,
          "lit": "false"
        }
      }
    ]
  },
  "execution": {
    "executionType": "nodeJS",
    "hasPre": false,
    "hasPost": false,
    "script": "dist/upload/index.js",
    "pre": null,
    "post": null,
    "nodeVersion": "node20",
    "cleanupCondition": "always()",
    "initCondition": "always()"
  },
  "deprecated": null
}
[2025-03-13 22:04:51Z INFO ActionManager] Action node.js file: dist/upload/index.js, no more preparation.
[2025-03-13 22:04:51Z INFO HostContext] Well known directory 'Bin': '/home/jenny/tensorflow-mri/actions-runner/bin'
[2025-03-13 22:04:51Z INFO HostContext] Well known directory 'Root': '/home/jenny/tensorflow-mri/actions-runner'
[2025-03-13 22:04:51Z INFO HostContext] Well known directory 'Work': '/home/jenny/tensorflow-mri/actions-runner/_work'
[2025-03-13 22:04:51Z INFO HostContext] Well known directory 'Actions': '/home/jenny/tensorflow-mri/actions-runner/_work/_actions'
[2025-03-13 22:04:51Z INFO ActionManager] Load action that reference repository from '/home/jenny/tensorflow-mri/actions-runner/_work/_actions/actions/upload-artifact/v4'
[2025-03-13 22:04:51Z INFO HostContext] Well known directory 'Bin': '/home/jenny/tensorflow-mri/actions-runner/bin'
[2025-03-13 22:04:51Z INFO HostContext] Well known directory 'Root': '/home/jenny/tensorflow-mri/actions-runner'
[2025-03-13 22:04:51Z INFO HostContext] Well known directory 'Work': '/home/jenny/tensorflow-mri/actions-runner/_work'
[2025-03-13 22:04:51Z INFO HostContext] Well known directory 'Actions': '/home/jenny/tensorflow-mri/actions-runner/_work/_actions'
[2025-03-13 22:04:51Z INFO ActionManifestManager] Ignore action property author.
[2025-03-13 22:04:51Z INFO ActionManifestManager] Loaded action.yml file: {
  "name": "Upload a Build Artifact",
  "description": "Upload a build artifact that can be used by subsequent workflow steps",
  "inputs": {
    "type": 2,
    "map": [
      {
        "key": {
          "type": 0,
          "file": 3,
          "line": 5,
          "col": 3,
          "lit": "name"
        },
        "value": {
          "type": 0,
          "file": 3,
          "line": 7,
          "col": 14,
          "lit": "artifact"
        }
      },
      {
        "key": {
          "type": 0,
          "file": 3,
          "line": 8,
          "col": 3,
          "lit": "path"
        },
        "value": ""
      },
      {
        "key": {
          "type": 0,
          "file": 3,
          "line": 11,
          "col": 3,
          "lit": "if-no-files-found"
        },
        "value": {
          "type": 0,
          "file": 3,
          "line": 19,
          "col": 14,
          "lit": "warn"
        }
      },
      {
        "key": {
          "type": 0,
          "file": 3,
          "line": 20,
          "col": 3,
          "lit": "retention-days"
        },
        "value": ""
      },
      {
        "key": {
          "type": 0,
          "file": 3,
          "line": 26,
          "col": 3,
          "lit": "compression-level"
        },
        "value": {
          "type": 0,
          "file": 3,
          "line": 36,
          "col": 14,
          "lit": "6"
        }
      },
      {
        "key": {
          "type": 0,
          "file": 3,
          "line": 37,
          "col": 3,
          "lit": "overwrite"
        },
        "value": {
          "type": 0,
          "file": 3,
          "line": 42,
          "col": 14,
          "lit": "false"
        }
      },
      {
        "key": {
          "type": 0,
          "file": 3,
          "line": 43,
          "col": 3,
          "lit": "include-hidden-files"
        },
        "value": {
          "type": 0,
          "file": 3,
          "line": 47,
          "col": 14,
          "lit": "false"
        }
      }
    ]
  },
  "execution": {
    "executionType": "nodeJS",
    "hasPre": false,
    "hasPost": false,
    "script": "dist/upload/index.js",
    "pre": null,
    "post": null,
    "nodeVersion": "node20",
    "cleanupCondition": "always()",
    "initCondition": "always()"
  },
  "deprecated": null
}
[2025-03-13 22:04:51Z INFO ActionManager] Action pre node.js file: N/A.
[2025-03-13 22:04:51Z INFO ActionManager] Action node.js file: dist/upload/index.js.
[2025-03-13 22:04:51Z INFO ActionManager] Action post node.js file: N/A.
[2025-03-13 22:04:51Z INFO HostContext] Well known directory 'Bin': '/home/jenny/tensorflow-mri/actions-runner/bin'
[2025-03-13 22:04:51Z INFO HostContext] Well known directory 'Root': '/home/jenny/tensorflow-mri/actions-runner'
[2025-03-13 22:04:51Z INFO HostContext] Well known directory 'Work': '/home/jenny/tensorflow-mri/actions-runner/_work'
[2025-03-13 22:04:51Z INFO HostContext] Well known directory 'Actions': '/home/jenny/tensorflow-mri/actions-runner/_work/_actions'
[2025-03-13 22:04:51Z INFO HostContext] Well known directory 'Bin': '/home/jenny/tensorflow-mri/actions-runner/bin'
[2025-03-13 22:04:51Z INFO HostContext] Well known directory 'Root': '/home/jenny/tensorflow-mri/actions-runner'
[2025-03-13 22:04:51Z INFO HostContext] Well known directory 'Work': '/home/jenny/tensorflow-mri/actions-runner/_work'
[2025-03-13 22:04:51Z INFO HostContext] Well known directory 'Actions': '/home/jenny/tensorflow-mri/actions-runner/_work/_actions'
[2025-03-13 22:04:51Z INFO ActionManifestManager] Ignore action property author.
[2025-03-13 22:04:51Z INFO ActionManifestManager] Loaded action.yml file: {
  "name": "Upload a Build Artifact",
  "description": "Upload a build artifact that can be used by subsequent workflow steps",
  "inputs": {
    "type": 2,
    "map": [
      {
        "key": {
          "type": 0,
          "file": 3,
          "line": 5,
          "col": 3,
          "lit": "name"
        },
        "value": {
          "type": 0,
          "file": 3,
          "line": 7,
          "col": 14,
          "lit": "artifact"
        }
      },
      {
        "key": {
          "type": 0,
          "file": 3,
          "line": 8,
          "col": 3,
          "lit": "path"
        },
        "value": ""
      },
      {
        "key": {
          "type": 0,
          "file": 3,
          "line": 11,
          "col": 3,
          "lit": "if-no-files-found"
        },
        "value": {
          "type": 0,
          "file": 3,
          "line": 19,
          "col": 14,
          "lit": "warn"
        }
      },
      {
        "key": {
          "type": 0,
          "file": 3,
          "line": 20,
          "col": 3,
          "lit": "retention-days"
        },
        "value": ""
      },
      {
        "key": {
          "type": 0,
          "file": 3,
          "line": 26,
          "col": 3,
          "lit": "compression-level"
        },
        "value": {
          "type": 0,
          "file": 3,
          "line": 36,
          "col": 14,
          "lit": "6"
        }
      },
      {
        "key": {
          "type": 0,
          "file": 3,
          "line": 37,
          "col": 3,
          "lit": "overwrite"
        },
        "value": {
          "type": 0,
          "file": 3,
          "line": 42,
          "col": 14,
          "lit": "false"
        }
      },
      {
        "key": {
          "type": 0,
          "file": 3,
          "line": 43,
          "col": 3,
          "lit": "include-hidden-files"
        },
        "value": {
          "type": 0,
          "file": 3,
          "line": 47,
          "col": 14,
          "lit": "false"
        }
      }
    ]
  },
  "execution": {
    "executionType": "nodeJS",
    "hasPre": false,
    "hasPost": false,
    "script": "dist/upload/index.js",
    "pre": null,
    "post": null,
    "nodeVersion": "node20",
    "cleanupCondition": "always()",
    "initCondition": "always()"
  },
  "deprecated": null
}
[2025-03-13 22:04:51Z INFO ActionManager] Action node.js file: dist/upload/index.js, no more preparation.
[2025-03-13 22:04:51Z INFO HostContext] Well known directory 'Bin': '/home/jenny/tensorflow-mri/actions-runner/bin'
[2025-03-13 22:04:51Z INFO HostContext] Well known directory 'Root': '/home/jenny/tensorflow-mri/actions-runner'
[2025-03-13 22:04:51Z INFO HostContext] Well known directory 'Work': '/home/jenny/tensorflow-mri/actions-runner/_work'
[2025-03-13 22:04:51Z INFO HostContext] Well known directory 'Actions': '/home/jenny/tensorflow-mri/actions-runner/_work/_actions'
[2025-03-13 22:04:51Z INFO ActionManager] Load action that reference repository from '/home/jenny/tensorflow-mri/actions-runner/_work/_actions/actions/upload-artifact/v4'
[2025-03-13 22:04:51Z INFO HostContext] Well known directory 'Bin': '/home/jenny/tensorflow-mri/actions-runner/bin'
[2025-03-13 22:04:51Z INFO HostContext] Well known directory 'Root': '/home/jenny/tensorflow-mri/actions-runner'
[2025-03-13 22:04:51Z INFO HostContext] Well known directory 'Work': '/home/jenny/tensorflow-mri/actions-runner/_work'
[2025-03-13 22:04:51Z INFO HostContext] Well known directory 'Actions': '/home/jenny/tensorflow-mri/actions-runner/_work/_actions'
[2025-03-13 22:04:51Z INFO ActionManifestManager] Ignore action property author.
[2025-03-13 22:04:51Z INFO ActionManifestManager] Loaded action.yml file: {
  "name": "Upload a Build Artifact",
  "description": "Upload a build artifact that can be used by subsequent workflow steps",
  "inputs": {
    "type": 2,
    "map": [
      {
        "key": {
          "type": 0,
          "file": 3,
          "line": 5,
          "col": 3,
          "lit": "name"
        },
        "value": {
          "type": 0,
          "file": 3,
          "line": 7,
          "col": 14,
          "lit": "artifact"
        }
      },
      {
        "key": {
          "type": 0,
          "file": 3,
          "line": 8,
          "col": 3,
          "lit": "path"
        },
        "value": ""
      },
      {
        "key": {
          "type": 0,
          "file": 3,
          "line": 11,
          "col": 3,
          "lit": "if-no-files-found"
        },
        "value": {
          "type": 0,
          "file": 3,
          "line": 19,
          "col": 14,
          "lit": "warn"
        }
      },
      {
        "key": {
          "type": 0,
          "file": 3,
          "line": 20,
          "col": 3,
          "lit": "retention-days"
        },
        "value": ""
      },
      {
        "key": {
          "type": 0,
          "file": 3,
          "line": 26,
          "col": 3,
          "lit": "compression-level"
        },
        "value": {
          "type": 0,
          "file": 3,
          "line": 36,
          "col": 14,
          "lit": "6"
        }
      },
      {
        "key": {
          "type": 0,
          "file": 3,
          "line": 37,
          "col": 3,
          "lit": "overwrite"
        },
        "value": {
          "type": 0,
          "file": 3,
          "line": 42,
          "col": 14,
          "lit": "false"
        }
      },
      {
        "key": {
          "type": 0,
          "file": 3,
          "line": 43,
          "col": 3,
          "lit": "include-hidden-files"
        },
        "value": {
          "type": 0,
          "file": 3,
          "line": 47,
          "col": 14,
          "lit": "false"
        }
      }
    ]
  },
  "execution": {
    "executionType": "nodeJS",
    "hasPre": false,
    "hasPost": false,
    "script": "dist/upload/index.js",
    "pre": null,
    "post": null,
    "nodeVersion": "node20",
    "cleanupCondition": "always()",
    "initCondition": "always()"
  },
  "deprecated": null
}
[2025-03-13 22:04:51Z INFO ActionManager] Action pre node.js file: N/A.
[2025-03-13 22:04:51Z INFO ActionManager] Action node.js file: dist/upload/index.js.
[2025-03-13 22:04:51Z INFO ActionManager] Action post node.js file: N/A.
[2025-03-13 22:04:51Z INFO HostContext] Well known directory 'Bin': '/home/jenny/tensorflow-mri/actions-runner/bin'
[2025-03-13 22:04:51Z INFO HostContext] Well known directory 'Root': '/home/jenny/tensorflow-mri/actions-runner'
[2025-03-13 22:04:51Z INFO HostContext] Well known directory 'Work': '/home/jenny/tensorflow-mri/actions-runner/_work'
[2025-03-13 22:04:51Z INFO HostContext] Well known directory 'Actions': '/home/jenny/tensorflow-mri/actions-runner/_work/_actions'
[2025-03-13 22:04:51Z INFO HostContext] Well known directory 'Bin': '/home/jenny/tensorflow-mri/actions-runner/bin'
[2025-03-13 22:04:51Z INFO HostContext] Well known directory 'Root': '/home/jenny/tensorflow-mri/actions-runner'
[2025-03-13 22:04:51Z INFO HostContext] Well known directory 'Work': '/home/jenny/tensorflow-mri/actions-runner/_work'
[2025-03-13 22:04:51Z INFO HostContext] Well known directory 'Actions': '/home/jenny/tensorflow-mri/actions-runner/_work/_actions'
[2025-03-13 22:04:51Z INFO ActionManifestManager] Ignore action property branding.
[2025-03-13 22:04:51Z INFO ActionManifestManager] Loaded action.yml file: {
  "name": "pypi-publish",
  "description": "Upload Python distribution packages to PyPI",
  "inputs": {
    "type": 2,
    "map": [
      {
        "key": {
          "type": 0,
          "file": 4,
          "line": 5,
          "col": 3,
          "lit": "user"
        },
        "value": {
          "type": 0,
          "file": 4,
          "line": 8,
          "col": 14,
          "lit": "__token__"
        }
      },
      {
        "key": {
          "type": 0,
          "file": 4,
          "line": 9,
          "col": 3,
          "lit": "password"
        },
        "value": ""
      },
      {
        "key": {
          "type": 0,
          "file": 4,
          "line": 12,
          "col": 3,
          "lit": "repository-url"
        },
        "value": ""
      },
      {
        "key": {
          "type": 0,
          "file": 4,
          "line": 15,
          "col": 3,
          "lit": "repository_url"
        },
        "value": ""
      },
      {
        "key": {
          "type": 0,
          "file": 4,
          "line": 23,
          "col": 3,
          "lit": "packages-dir"
        },
        "value": ""
      },
      {
        "key": {
          "type": 0,
          "file": 4,
          "line": 27,
          "col": 3,
          "lit": "packages_dir"
        },
        "value": {
          "type": 0,
          "file": 4,
          "line": 35,
          "col": 14,
          "lit": "dist"
        }
      },
      {
        "key": {
          "type": 0,
          "file": 4,
          "line": 36,
          "col": 3,
          "lit": "verify-metadata"
        },
        "value": ""
      },
      {
        "key": {
          "type": 0,
          "file": 4,
          "line": 40,
          "col": 3,
          "lit": "verify_metadata"
        },
        "value": {
          "type": 0,
          "file": 4,
          "line": 48,
          "col": 14,
          "lit": "true"
        }
      },
      {
        "key": {
          "type": 0,
          "file": 4,
          "line": 49,
          "col": 3,
          "lit": "skip-existing"
        },
        "value": ""
      },
      {
        "key": {
          "type": 0,
          "file": 4,
          "line": 55,
          "col": 3,
          "lit": "skip_existing"
        },
        "value": {
          "type": 0,
          "file": 4,
          "line": 64,
          "col": 14,
          "lit": "false"
        }
      },
      {
        "key": {
          "type": 0,
          "file": 4,
          "line": 65,
          "col": 3,
          "lit": "verbose"
        },
        "value": {
          "type": 0,
          "file": 4,
          "line": 68,
          "col": 14,
          "lit": "false"
        }
      },
      {
        "key": {
          "type": 0,
          "file": 4,
          "line": 69,
          "col": 3,
          "lit": "print-hash"
        },
        "value": ""
      },
      {
        "key": {
          "type": 0,
          "file": 4,
          "line": 73,
          "col": 3,
          "lit": "print_hash"
        },
        "value": {
          "type": 0,
          "file": 4,
          "line": 81,
          "col": 14,
          "lit": "false"
        }
      }
    ]
  },
  "execution": {
    "executionType": "container",
    "hasPre": false,
    "hasPost": false,
    "image": "Dockerfile",
    "entryPoint": null,
    "arguments": {
      "type": 1,
      "file": 4,
      "line": 89,
      "col": 3,
      "seq": [
        {
          "type": 3,
          "file": 4,
          "line": 89,
          "col": 5,
          "expr": "inputs.user"
        },
        {
          "type": 3,
          "file": 4,
          "line": 90,
          "col": 5,
          "expr": "inputs.password"
        },
        {
          "type": 3,
          "file": 4,
          "line": 91,
          "col": 5,
          "expr": "inputs.repository-url"
        },
        {
          "type": 3,
          "file": 4,
          "line": 92,
          "col": 5,
          "expr": "inputs.packages-dir"
        },
        {
          "type": 3,
          "file": 4,
          "line": 93,
          "col": 5,
          "expr": "inputs.verify-metadata"
        },
        {
          "type": 3,
          "file": 4,
          "line": 94,
          "col": 5,
          "expr": "inputs.skip-existing"
        },
        {
          "type": 3,
          "file": 4,
          "line": 95,
          "col": 5,
          "expr": "inputs.verbose"
        },
        {
          "type": 3,
          "file": 4,
          "line": 96,
          "col": 5,
          "expr": "inputs.print-hash"
        }
      ]
    },
    "environment": null,
    "pre": null,
    "post": null,
    "cleanupCondition": "always()",
    "initCondition": "always()"
  },
  "deprecated": {
    "repository_url": "The inputs have been normalized to use kebab-case. Use `repository-url` instead.",
    "packages_dir": "The inputs have been normalized to use kebab-case. Use `packages-dir` instead.",
    "verify_metadata": "The inputs have been normalized to use kebab-case. Use `verify-metadata` instead.",
    "skip_existing": "The inputs have been normalized to use kebab-case. Use `skip-existing` instead.",
    "print_hash": "The inputs have been normalized to use kebab-case. Use `print-hash` instead."
  }
}
[2025-03-13 22:04:51Z INFO ActionManager] Action __pypa_gh-action-pypi-publish (69dc99f1-b130-4434-9027-21f6b8195ade) from repository 'pypa/gh-action-pypi-publish@release/v1.7' needs to build image '/home/jenny/tensorflow-mri/actions-runner/_work/_actions/pypa/gh-action-pypi-publish/release/v1.7/Dockerfile'
[2025-03-13 22:04:51Z INFO HostContext] Well known directory 'Bin': '/home/jenny/tensorflow-mri/actions-runner/bin'
[2025-03-13 22:04:51Z INFO HostContext] Well known directory 'Root': '/home/jenny/tensorflow-mri/actions-runner'
[2025-03-13 22:04:51Z INFO HostContext] Well known directory 'Work': '/home/jenny/tensorflow-mri/actions-runner/_work'
[2025-03-13 22:04:51Z INFO HostContext] Well known directory 'Actions': '/home/jenny/tensorflow-mri/actions-runner/_work/_actions'
[2025-03-13 22:04:51Z INFO ActionManager] Load action that reference repository from '/home/jenny/tensorflow-mri/actions-runner/_work/_actions/pypa/gh-action-pypi-publish/release/v1.7'
[2025-03-13 22:04:51Z INFO HostContext] Well known directory 'Bin': '/home/jenny/tensorflow-mri/actions-runner/bin'
[2025-03-13 22:04:51Z INFO HostContext] Well known directory 'Root': '/home/jenny/tensorflow-mri/actions-runner'
[2025-03-13 22:04:51Z INFO HostContext] Well known directory 'Work': '/home/jenny/tensorflow-mri/actions-runner/_work'
[2025-03-13 22:04:51Z INFO HostContext] Well known directory 'Actions': '/home/jenny/tensorflow-mri/actions-runner/_work/_actions'
[2025-03-13 22:04:51Z INFO ActionManifestManager] Ignore action property branding.
[2025-03-13 22:04:51Z INFO ActionManifestManager] Loaded action.yml file: {
  "name": "pypi-publish",
  "description": "Upload Python distribution packages to PyPI",
  "inputs": {
    "type": 2,
    "map": [
      {
        "key": {
          "type": 0,
          "file": 4,
          "line": 5,
          "col": 3,
          "lit": "user"
        },
        "value": {
          "type": 0,
          "file": 4,
          "line": 8,
          "col": 14,
          "lit": "__token__"
        }
      },
      {
        "key": {
          "type": 0,
          "file": 4,
          "line": 9,
          "col": 3,
          "lit": "password"
        },
        "value": ""
      },
      {
        "key": {
          "type": 0,
          "file": 4,
          "line": 12,
          "col": 3,
          "lit": "repository-url"
        },
        "value": ""
      },
      {
        "key": {
          "type": 0,
          "file": 4,
          "line": 15,
          "col": 3,
          "lit": "repository_url"
        },
        "value": ""
      },
      {
        "key": {
          "type": 0,
          "file": 4,
          "line": 23,
          "col": 3,
          "lit": "packages-dir"
        },
        "value": ""
      },
      {
        "key": {
          "type": 0,
          "file": 4,
          "line": 27,
          "col": 3,
          "lit": "packages_dir"
        },
        "value": {
          "type": 0,
          "file": 4,
          "line": 35,
          "col": 14,
          "lit": "dist"
        }
      },
      {
        "key": {
          "type": 0,
          "file": 4,
          "line": 36,
          "col": 3,
          "lit": "verify-metadata"
        },
        "value": ""
      },
      {
        "key": {
          "type": 0,
          "file": 4,
          "line": 40,
          "col": 3,
          "lit": "verify_metadata"
        },
        "value": {
          "type": 0,
          "file": 4,
          "line": 48,
          "col": 14,
          "lit": "true"
        }
      },
      {
        "key": {
          "type": 0,
          "file": 4,
          "line": 49,
          "col": 3,
          "lit": "skip-existing"
        },
        "value": ""
      },
      {
        "key": {
          "type": 0,
          "file": 4,
          "line": 55,
          "col": 3,
          "lit": "skip_existing"
        },
        "value": {
          "type": 0,
          "file": 4,
          "line": 64,
          "col": 14,
          "lit": "false"
        }
      },
      {
        "key": {
          "type": 0,
          "file": 4,
          "line": 65,
          "col": 3,
          "lit": "verbose"
        },
        "value": {
          "type": 0,
          "file": 4,
          "line": 68,
          "col": 14,
          "lit": "false"
        }
      },
      {
        "key": {
          "type": 0,
          "file": 4,
          "line": 69,
          "col": 3,
          "lit": "print-hash"
        },
        "value": ""
      },
      {
        "key": {
          "type": 0,
          "file": 4,
          "line": 73,
          "col": 3,
          "lit": "print_hash"
        },
        "value": {
          "type": 0,
          "file": 4,
          "line": 81,
          "col": 14,
          "lit": "false"
        }
      }
    ]
  },
  "execution": {
    "executionType": "container",
    "hasPre": false,
    "hasPost": false,
    "image": "Dockerfile",
    "entryPoint": null,
    "arguments": {
      "type": 1,
      "file": 4,
      "line": 89,
      "col": 3,
      "seq": [
        {
          "type": 3,
          "file": 4,
          "line": 89,
          "col": 5,
          "expr": "inputs.user"
        },
        {
          "type": 3,
          "file": 4,
          "line": 90,
          "col": 5,
          "expr": "inputs.password"
        },
        {
          "type": 3,
          "file": 4,
          "line": 91,
          "col": 5,
          "expr": "inputs.repository-url"
        },
        {
          "type": 3,
          "file": 4,
          "line": 92,
          "col": 5,
          "expr": "inputs.packages-dir"
        },
        {
          "type": 3,
          "file": 4,
          "line": 93,
          "col": 5,
          "expr": "inputs.verify-metadata"
        },
        {
          "type": 3,
          "file": 4,
          "line": 94,
          "col": 5,
          "expr": "inputs.skip-existing"
        },
        {
          "type": 3,
          "file": 4,
          "line": 95,
          "col": 5,
          "expr": "inputs.verbose"
        },
        {
          "type": 3,
          "file": 4,
          "line": 96,
          "col": 5,
          "expr": "inputs.print-hash"
        }
      ]
    },
    "environment": null,
    "pre": null,
    "post": null,
    "cleanupCondition": "always()",
    "initCondition": "always()"
  },
  "deprecated": {
    "repository_url": "The inputs have been normalized to use kebab-case. Use `repository-url` instead.",
    "packages_dir": "The inputs have been normalized to use kebab-case. Use `packages-dir` instead.",
    "verify_metadata": "The inputs have been normalized to use kebab-case. Use `verify-metadata` instead.",
    "skip_existing": "The inputs have been normalized to use kebab-case. Use `skip-existing` instead.",
    "print_hash": "The inputs have been normalized to use kebab-case. Use `print-hash` instead."
  }
}
[2025-03-13 22:04:51Z INFO ActionManager] Action container Dockerfile/image: Dockerfile.
[2025-03-13 22:04:51Z INFO ActionManager] Action container args:  {
  "type": 1,
  "file": 4,
  "line": 89,
  "col": 3,
  "seq": [
    {
      "type": 3,
      "file": 4,
      "line": 89,
      "col": 5,
      "expr": "inputs.user"
    },
    {
      "type": 3,
      "file": 4,
      "line": 90,
      "col": 5,
      "expr": "inputs.password"
    },
    {
      "type": 3,
      "file": 4,
      "line": 91,
      "col": 5,
      "expr": "inputs.repository-url"
    },
    {
      "type": 3,
      "file": 4,
      "line": 92,
      "col": 5,
      "expr": "inputs.packages-dir"
    },
    {
      "type": 3,
      "file": 4,
      "line": 93,
      "col": 5,
      "expr": "inputs.verify-metadata"
    },
    {
      "type": 3,
      "file": 4,
      "line": 94,
      "col": 5,
      "expr": "inputs.skip-existing"
    },
    {
      "type": 3,
      "file": 4,
      "line": 95,
      "col": 5,
      "expr": "inputs.verbose"
    },
    {
      "type": 3,
      "file": 4,
      "line": 96,
      "col": 5,
      "expr": "inputs.print-hash"
    }
  ]
}.
[2025-03-13 22:04:51Z INFO ActionManager] 1 steps need to build image from '/home/jenny/tensorflow-mri/actions-runner/_work/_actions/pypa/gh-action-pypi-publish/release/v1.7/Dockerfile'
[2025-03-13 22:04:51Z INFO DockerCommandManager] Which2: 'docker'
[2025-03-13 22:04:51Z INFO DockerCommandManager] Location: '/usr/bin/docker'
[2025-03-13 22:04:51Z INFO HostContext] Well known directory 'Bin': '/home/jenny/tensorflow-mri/actions-runner/bin'
[2025-03-13 22:04:51Z INFO HostContext] Well known directory 'Root': '/home/jenny/tensorflow-mri/actions-runner'
[2025-03-13 22:04:51Z INFO JobExtension] Adding .
[2025-03-13 22:04:51Z INFO JobExtension] Adding .
[2025-03-13 22:04:51Z INFO JobExtension] Adding .
[2025-03-13 22:04:51Z INFO JobExtension] Adding .
[2025-03-13 22:04:51Z INFO JobExtension] Adding .
[2025-03-13 22:04:51Z INFO JobExtension] Adding .
[2025-03-13 22:04:51Z INFO JobExtension] Adding .
[2025-03-13 22:04:51Z INFO JobExtension] Adding .
[2025-03-13 22:04:51Z INFO JobExtension] Adding .
[2025-03-13 22:04:51Z INFO JobExtension] Adding .
[2025-03-13 22:04:51Z INFO JobExtension] Adding .
[2025-03-13 22:04:51Z INFO JobExtension] Adding .
[2025-03-13 22:04:51Z INFO HostContext] Well known directory 'Bin': '/home/jenny/tensorflow-mri/actions-runner/bin'
[2025-03-13 22:04:51Z INFO HostContext] Well known directory 'Root': '/home/jenny/tensorflow-mri/actions-runner'
[2025-03-13 22:04:51Z INFO HostContext] Well known directory 'Diag': '/home/jenny/tensorflow-mri/actions-runner/_diag'
[2025-03-13 22:04:51Z INFO HostContext] Well known directory 'Bin': '/home/jenny/tensorflow-mri/actions-runner/bin'
[2025-03-13 22:04:51Z INFO HostContext] Well known directory 'Root': '/home/jenny/tensorflow-mri/actions-runner'
[2025-03-13 22:04:51Z INFO HostContext] Well known directory 'Diag': '/home/jenny/tensorflow-mri/actions-runner/_diag'
[2025-03-13 22:04:51Z INFO HostContext] Well known directory 'Bin': '/home/jenny/tensorflow-mri/actions-runner/bin'
[2025-03-13 22:04:51Z INFO HostContext] Well known directory 'Root': '/home/jenny/tensorflow-mri/actions-runner'
[2025-03-13 22:04:51Z INFO HostContext] Well known directory 'Diag': '/home/jenny/tensorflow-mri/actions-runner/_diag'
[2025-03-13 22:04:51Z INFO HostContext] Well known directory 'Bin': '/home/jenny/tensorflow-mri/actions-runner/bin'
[2025-03-13 22:04:51Z INFO HostContext] Well known directory 'Root': '/home/jenny/tensorflow-mri/actions-runner'
[2025-03-13 22:04:51Z INFO HostContext] Well known directory 'Diag': '/home/jenny/tensorflow-mri/actions-runner/_diag'
[2025-03-13 22:04:51Z INFO HostContext] Well known directory 'Bin': '/home/jenny/tensorflow-mri/actions-runner/bin'
[2025-03-13 22:04:51Z INFO HostContext] Well known directory 'Root': '/home/jenny/tensorflow-mri/actions-runner'
[2025-03-13 22:04:51Z INFO HostContext] Well known directory 'Diag': '/home/jenny/tensorflow-mri/actions-runner/_diag'
[2025-03-13 22:04:51Z INFO HostContext] Well known directory 'Bin': '/home/jenny/tensorflow-mri/actions-runner/bin'
[2025-03-13 22:04:51Z INFO HostContext] Well known directory 'Root': '/home/jenny/tensorflow-mri/actions-runner'
[2025-03-13 22:04:51Z INFO HostContext] Well known directory 'Diag': '/home/jenny/tensorflow-mri/actions-runner/_diag'
[2025-03-13 22:04:51Z INFO HostContext] Well known directory 'Bin': '/home/jenny/tensorflow-mri/actions-runner/bin'
[2025-03-13 22:04:51Z INFO HostContext] Well known directory 'Root': '/home/jenny/tensorflow-mri/actions-runner'
[2025-03-13 22:04:51Z INFO HostContext] Well known directory 'Diag': '/home/jenny/tensorflow-mri/actions-runner/_diag'
[2025-03-13 22:04:51Z INFO HostContext] Well known directory 'Bin': '/home/jenny/tensorflow-mri/actions-runner/bin'
[2025-03-13 22:04:51Z INFO HostContext] Well known directory 'Root': '/home/jenny/tensorflow-mri/actions-runner'
[2025-03-13 22:04:51Z INFO HostContext] Well known directory 'Diag': '/home/jenny/tensorflow-mri/actions-runner/_diag'
[2025-03-13 22:04:51Z INFO HostContext] Well known directory 'Bin': '/home/jenny/tensorflow-mri/actions-runner/bin'
[2025-03-13 22:04:51Z INFO HostContext] Well known directory 'Root': '/home/jenny/tensorflow-mri/actions-runner'
[2025-03-13 22:04:51Z INFO HostContext] Well known directory 'Diag': '/home/jenny/tensorflow-mri/actions-runner/_diag'
[2025-03-13 22:04:51Z INFO HostContext] Well known directory 'Bin': '/home/jenny/tensorflow-mri/actions-runner/bin'
[2025-03-13 22:04:51Z INFO HostContext] Well known directory 'Root': '/home/jenny/tensorflow-mri/actions-runner'
[2025-03-13 22:04:51Z INFO HostContext] Well known directory 'Diag': '/home/jenny/tensorflow-mri/actions-runner/_diag'
[2025-03-13 22:04:51Z INFO HostContext] Well known directory 'Bin': '/home/jenny/tensorflow-mri/actions-runner/bin'
[2025-03-13 22:04:51Z INFO HostContext] Well known directory 'Root': '/home/jenny/tensorflow-mri/actions-runner'
[2025-03-13 22:04:51Z INFO HostContext] Well known directory 'Diag': '/home/jenny/tensorflow-mri/actions-runner/_diag'
[2025-03-13 22:04:51Z INFO HostContext] Well known directory 'Bin': '/home/jenny/tensorflow-mri/actions-runner/bin'
[2025-03-13 22:04:51Z INFO HostContext] Well known directory 'Root': '/home/jenny/tensorflow-mri/actions-runner'
[2025-03-13 22:04:51Z INFO HostContext] Well known directory 'Diag': '/home/jenny/tensorflow-mri/actions-runner/_diag'
[2025-03-13 22:04:51Z INFO HostContext] Well known directory 'Bin': '/home/jenny/tensorflow-mri/actions-runner/bin'
[2025-03-13 22:04:51Z INFO HostContext] Well known directory 'Root': '/home/jenny/tensorflow-mri/actions-runner'
[2025-03-13 22:04:51Z INFO HostContext] Well known directory 'Diag': '/home/jenny/tensorflow-mri/actions-runner/_diag'
[2025-03-13 22:04:51Z INFO HostContext] Well known directory 'Bin': '/home/jenny/tensorflow-mri/actions-runner/bin'
[2025-03-13 22:04:51Z INFO HostContext] Well known directory 'Root': '/home/jenny/tensorflow-mri/actions-runner'
[2025-03-13 22:04:51Z INFO HostContext] Well known directory 'Diag': '/home/jenny/tensorflow-mri/actions-runner/_diag'
[2025-03-13 22:04:51Z INFO HostContext] Well known directory 'Bin': '/home/jenny/tensorflow-mri/actions-runner/bin'
[2025-03-13 22:04:51Z INFO HostContext] Well known directory 'Root': '/home/jenny/tensorflow-mri/actions-runner'
[2025-03-13 22:04:51Z INFO HostContext] Well known directory 'Diag': '/home/jenny/tensorflow-mri/actions-runner/_diag'
[2025-03-13 22:04:51Z INFO HostContext] Well known directory 'Bin': '/home/jenny/tensorflow-mri/actions-runner/bin'
[2025-03-13 22:04:51Z INFO HostContext] Well known directory 'Root': '/home/jenny/tensorflow-mri/actions-runner'
[2025-03-13 22:04:51Z INFO HostContext] Well known directory 'Diag': '/home/jenny/tensorflow-mri/actions-runner/_diag'
[2025-03-13 22:04:51Z INFO HostContext] Well known directory 'Bin': '/home/jenny/tensorflow-mri/actions-runner/bin'
[2025-03-13 22:04:51Z INFO HostContext] Well known directory 'Root': '/home/jenny/tensorflow-mri/actions-runner'
[2025-03-13 22:04:51Z INFO HostContext] Well known directory 'Diag': '/home/jenny/tensorflow-mri/actions-runner/_diag'
[2025-03-13 22:04:51Z INFO HostContext] Well known directory 'Bin': '/home/jenny/tensorflow-mri/actions-runner/bin'
[2025-03-13 22:04:51Z INFO HostContext] Well known directory 'Root': '/home/jenny/tensorflow-mri/actions-runner'
[2025-03-13 22:04:51Z INFO HostContext] Well known directory 'Diag': '/home/jenny/tensorflow-mri/actions-runner/_diag'
[2025-03-13 22:04:51Z INFO HostContext] Well known directory 'Bin': '/home/jenny/tensorflow-mri/actions-runner/bin'
[2025-03-13 22:04:51Z INFO HostContext] Well known directory 'Root': '/home/jenny/tensorflow-mri/actions-runner'
[2025-03-13 22:04:51Z INFO HostContext] Well known directory 'Diag': '/home/jenny/tensorflow-mri/actions-runner/_diag'
[2025-03-13 22:04:51Z INFO HostContext] Well known directory 'Bin': '/home/jenny/tensorflow-mri/actions-runner/bin'
[2025-03-13 22:04:51Z INFO HostContext] Well known directory 'Root': '/home/jenny/tensorflow-mri/actions-runner'
[2025-03-13 22:04:51Z INFO HostContext] Well known directory 'Diag': '/home/jenny/tensorflow-mri/actions-runner/_diag'
[2025-03-13 22:04:51Z INFO HostContext] Well known directory 'Bin': '/home/jenny/tensorflow-mri/actions-runner/bin'
[2025-03-13 22:04:51Z INFO HostContext] Well known directory 'Root': '/home/jenny/tensorflow-mri/actions-runner'
[2025-03-13 22:04:51Z INFO HostContext] Well known directory 'Diag': '/home/jenny/tensorflow-mri/actions-runner/_diag'
[2025-03-13 22:04:51Z INFO HostContext] Well known directory 'Bin': '/home/jenny/tensorflow-mri/actions-runner/bin'
[2025-03-13 22:04:51Z INFO HostContext] Well known directory 'Root': '/home/jenny/tensorflow-mri/actions-runner'
[2025-03-13 22:04:51Z INFO HostContext] Well known directory 'Diag': '/home/jenny/tensorflow-mri/actions-runner/_diag'
[2025-03-13 22:04:51Z INFO HostContext] Well known directory 'Bin': '/home/jenny/tensorflow-mri/actions-runner/bin'
[2025-03-13 22:04:51Z INFO HostContext] Well known directory 'Root': '/home/jenny/tensorflow-mri/actions-runner'
[2025-03-13 22:04:51Z INFO HostContext] Well known directory 'Diag': '/home/jenny/tensorflow-mri/actions-runner/_diag'
[2025-03-13 22:04:51Z INFO HostContext] Well known directory 'Bin': '/home/jenny/tensorflow-mri/actions-runner/bin'
[2025-03-13 22:04:51Z INFO HostContext] Well known directory 'Root': '/home/jenny/tensorflow-mri/actions-runner'
[2025-03-13 22:04:51Z INFO HostContext] Well known directory 'Diag': '/home/jenny/tensorflow-mri/actions-runner/_diag'
[2025-03-13 22:04:51Z INFO HostContext] Well known directory 'Bin': '/home/jenny/tensorflow-mri/actions-runner/bin'
[2025-03-13 22:04:51Z INFO HostContext] Well known directory 'Root': '/home/jenny/tensorflow-mri/actions-runner'
[2025-03-13 22:04:51Z INFO HostContext] Well known directory 'Diag': '/home/jenny/tensorflow-mri/actions-runner/_diag'
[2025-03-13 22:04:51Z INFO HostContext] Well known directory 'Bin': '/home/jenny/tensorflow-mri/actions-runner/bin'
[2025-03-13 22:04:51Z INFO HostContext] Well known directory 'Root': '/home/jenny/tensorflow-mri/actions-runner'
[2025-03-13 22:04:51Z INFO HostContext] Well known directory 'Diag': '/home/jenny/tensorflow-mri/actions-runner/_diag'
[2025-03-13 22:04:51Z INFO HostContext] Well known directory 'Bin': '/home/jenny/tensorflow-mri/actions-runner/bin'
[2025-03-13 22:04:51Z INFO HostContext] Well known directory 'Root': '/home/jenny/tensorflow-mri/actions-runner'
[2025-03-13 22:04:51Z INFO HostContext] Well known directory 'Diag': '/home/jenny/tensorflow-mri/actions-runner/_diag'
[2025-03-13 22:04:51Z INFO HostContext] Well known directory 'Bin': '/home/jenny/tensorflow-mri/actions-runner/bin'
[2025-03-13 22:04:51Z INFO HostContext] Well known directory 'Root': '/home/jenny/tensorflow-mri/actions-runner'
[2025-03-13 22:04:51Z INFO HostContext] Well known directory 'Diag': '/home/jenny/tensorflow-mri/actions-runner/_diag'
[2025-03-13 22:04:51Z INFO JobServerQueue] Try to append 1 batches web console lines for record '572051ac-e2b1-4389-a0ea-560246d4295c', success rate: 1/1.
[2025-03-13 22:04:52Z INFO JobExtension] Total accessible running process: 956.
[2025-03-13 22:04:52Z INFO HostContext] Well known directory 'Bin': '/home/jenny/tensorflow-mri/actions-runner/bin'
[2025-03-13 22:04:52Z INFO HostContext] Well known directory 'Root': '/home/jenny/tensorflow-mri/actions-runner'
[2025-03-13 22:04:52Z INFO HostContext] Well known directory 'Work': '/home/jenny/tensorflow-mri/actions-runner/_work'
[2025-03-13 22:04:52Z INFO JobExtension] Start checking service connectivity in background.
[2025-03-13 22:04:52Z INFO ExecutionContext] Publish step telemetry for current step {
  "action": "setup_job",
  "type": "runner",
  "stage": "Pre",
  "stepId": "572051ac-e2b1-4389-a0ea-560246d4295c",
  "result": "succeeded",
  "errorMessages": [],
  "executionTimeInSeconds": 2,
  "startTime": "2025-03-13T22:04:50.1738005Z",
  "finishTime": "2025-03-13T22:04:52.0315213Z"
}.
[2025-03-13 22:04:52Z INFO JobRunner] Total job steps: 14.
[2025-03-13 22:04:52Z INFO JobRunner] Run all job steps.
[2025-03-13 22:04:52Z INFO StepsRunner] Processing step: DisplayName='Build pypa/gh-action-pypi-publish@release/v1.7'
[2025-03-13 22:04:52Z INFO StepsRunner] Evaluating: success()
[2025-03-13 22:04:52Z INFO StepsRunner] Result: true
[2025-03-13 22:04:52Z INFO StepsRunner] Starting the step.
[2025-03-13 22:04:52Z INFO ProcessInvokerWrapper] Starting process:
[2025-03-13 22:04:52Z INFO ProcessInvokerWrapper]   File name: '/usr/bin/docker'
[2025-03-13 22:04:52Z INFO ProcessInvokerWrapper]   Arguments: 'build -t b6156e:1dc81d276ed64efea072f8fbbdb7e4d7 -f "/home/jenny/tensorflow-mri/actions-runner/_work/_actions/pypa/gh-action-pypi-publish/release/v1.7/Dockerfile" "/home/jenny/tensorflow-mri/actions-runner/_work/_actions/pypa/gh-action-pypi-publish/release/v1.7"'
[2025-03-13 22:04:52Z INFO ProcessInvokerWrapper]   Working directory: '/home/jenny/tensorflow-mri/actions-runner/_work/_actions/pypa/gh-action-pypi-publish/release/v1.7'
[2025-03-13 22:04:52Z INFO ProcessInvokerWrapper]   Require exit code zero: 'False'
[2025-03-13 22:04:52Z INFO ProcessInvokerWrapper]   Encoding web name:  ; code page: ''
[2025-03-13 22:04:52Z INFO ProcessInvokerWrapper]   Force kill process on cancellation: 'False'
[2025-03-13 22:04:52Z INFO ProcessInvokerWrapper]   Redirected STDIN: 'False'
[2025-03-13 22:04:52Z INFO ProcessInvokerWrapper]   Persist current code page: 'False'
[2025-03-13 22:04:52Z INFO ProcessInvokerWrapper]   Keep redirected STDIN open: 'False'
[2025-03-13 22:04:52Z INFO ProcessInvokerWrapper]   High priority process: 'False'
[2025-03-13 22:04:52Z INFO ProcessInvokerWrapper] Updated oom_score_adj to 500 for PID: 2245224.
[2025-03-13 22:04:52Z INFO ProcessInvokerWrapper] Process started with process id 2245224, waiting for process exit.
[2025-03-13 22:04:52Z INFO JobServerQueue] Got a step log file to send to results service.
[2025-03-13 22:04:52Z INFO JobServerQueue] Starting upload of step log file to results service ResultsLog, /home/jenny/tensorflow-mri/actions-runner/_diag/blocks/d71dd0fc-fe6f-43fb-acd0-d1c60c83f82d_572051ac-e2b1-4389-a0ea-560246d4295c.1
[2025-03-13 22:04:52Z INFO JobServerQueue] Try to upload 1 log files or attachments, success rate: 1/1.
[2025-03-13 22:04:52Z INFO JobServerQueue] Try to append 1 batches web console lines for record '74244b77-0f26-4c79-b325-934d6bdd3cb4', success rate: 1/1.
[2025-03-13 22:04:52Z INFO JobServerQueue] Try to append 1 batches web console lines for record '74244b77-0f26-4c79-b325-934d6bdd3cb4', success rate: 1/1.
[2025-03-13 22:04:52Z INFO ProcessInvokerWrapper] STDOUT/STDERR stream read finished.
[2025-03-13 22:04:52Z INFO ProcessInvokerWrapper] STDOUT/STDERR stream read finished.
[2025-03-13 22:04:52Z INFO ProcessInvokerWrapper] Finished process 2245224 with exit code 0, and elapsed time 00:00:00.7705465.
[2025-03-13 22:04:52Z INFO ActionManager] Prepared docker image 'b6156e:1dc81d276ed64efea072f8fbbdb7e4d7' for action 69dc99f1-b130-4434-9027-21f6b8195ade (/home/jenny/tensorflow-mri/actions-runner/_work/_actions/pypa/gh-action-pypi-publish/release/v1.7/Dockerfile)
[2025-03-13 22:04:52Z INFO StepsRunner] Step result: 
[2025-03-13 22:04:52Z INFO ExecutionContext] Publish step telemetry for current step {
  "action": "build_pypa/gh-action-pypi-publish@release/v1.7",
  "type": "runner",
  "stage": "Pre",
  "stepId": "74244b77-0f26-4c79-b325-934d6bdd3cb4",
  "stepContextName": "74244b770f264c79b325934d6bdd3cb4",
  "result": "succeeded",
  "errorMessages": [],
  "executionTimeInSeconds": 1,
  "startTime": "2025-03-13T22:04:52.0415642Z",
  "finishTime": "2025-03-13T22:04:52.8207915Z"
}.
[2025-03-13 22:04:52Z INFO StepsRunner] No need for updating job result with current step result 'Succeeded'.
[2025-03-13 22:04:52Z INFO StepsRunner] Current state: job state = ''
[2025-03-13 22:04:52Z INFO StepsRunner] Processing step: DisplayName='Initialize containers'
[2025-03-13 22:04:52Z INFO StepsRunner] Evaluating: success()
[2025-03-13 22:04:52Z INFO StepsRunner] Result: true
[2025-03-13 22:04:52Z INFO StepsRunner] Starting the step.
[2025-03-13 22:04:52Z INFO ExecutionContext] Reserve record order 16 to 30 for post job actions.
[2025-03-13 22:04:52Z INFO HostContext] Well known directory 'Bin': '/home/jenny/tensorflow-mri/actions-runner/bin'
[2025-03-13 22:04:52Z INFO HostContext] Well known directory 'Root': '/home/jenny/tensorflow-mri/actions-runner'
[2025-03-13 22:04:52Z INFO HostContext] Well known directory 'Diag': '/home/jenny/tensorflow-mri/actions-runner/_diag'
[2025-03-13 22:04:52Z INFO HostContext] Well known directory 'Bin': '/home/jenny/tensorflow-mri/actions-runner/bin'
[2025-03-13 22:04:52Z INFO HostContext] Well known directory 'Root': '/home/jenny/tensorflow-mri/actions-runner'
[2025-03-13 22:04:52Z INFO HostContext] Well known directory 'Diag': '/home/jenny/tensorflow-mri/actions-runner/_diag'
[2025-03-13 22:04:52Z INFO ProcessInvokerWrapper] Starting process:
[2025-03-13 22:04:52Z INFO ProcessInvokerWrapper]   File name: '/usr/bin/docker'
[2025-03-13 22:04:52Z INFO ProcessInvokerWrapper]   Arguments: 'version --format '{{.Server.APIVersion}}''
[2025-03-13 22:04:52Z INFO ProcessInvokerWrapper]   Working directory: '/home/jenny/tensorflow-mri/actions-runner/_work/tensorflow-mri/tensorflow-mri'
[2025-03-13 22:04:52Z INFO ProcessInvokerWrapper]   Require exit code zero: 'True'
[2025-03-13 22:04:52Z INFO ProcessInvokerWrapper]   Encoding web name:  ; code page: ''
[2025-03-13 22:04:52Z INFO ProcessInvokerWrapper]   Force kill process on cancellation: 'False'
[2025-03-13 22:04:52Z INFO ProcessInvokerWrapper]   Redirected STDIN: 'False'
[2025-03-13 22:04:52Z INFO ProcessInvokerWrapper]   Persist current code page: 'False'
[2025-03-13 22:04:52Z INFO ProcessInvokerWrapper]   Keep redirected STDIN open: 'False'
[2025-03-13 22:04:52Z INFO ProcessInvokerWrapper]   High priority process: 'False'
[2025-03-13 22:04:52Z INFO ProcessInvokerWrapper] Updated oom_score_adj to 500 for PID: 2245321.
[2025-03-13 22:04:52Z INFO ProcessInvokerWrapper] Process started with process id 2245321, waiting for process exit.
[2025-03-13 22:04:52Z INFO ProcessInvokerWrapper] STDOUT/STDERR stream read finished.
[2025-03-13 22:04:52Z INFO ProcessInvokerWrapper] STDOUT/STDERR stream read finished.
[2025-03-13 22:04:52Z INFO ProcessInvokerWrapper] Finished process 2245321 with exit code 0, and elapsed time 00:00:00.0137323.
[2025-03-13 22:04:52Z INFO ProcessInvokerWrapper] Starting process:
[2025-03-13 22:04:52Z INFO ProcessInvokerWrapper]   File name: '/usr/bin/docker'
[2025-03-13 22:04:52Z INFO ProcessInvokerWrapper]   Arguments: 'version --format '{{.Client.APIVersion}}''
[2025-03-13 22:04:52Z INFO ProcessInvokerWrapper]   Working directory: '/home/jenny/tensorflow-mri/actions-runner/_work/tensorflow-mri/tensorflow-mri'
[2025-03-13 22:04:52Z INFO ProcessInvokerWrapper]   Require exit code zero: 'True'
[2025-03-13 22:04:52Z INFO ProcessInvokerWrapper]   Encoding web name:  ; code page: ''
[2025-03-13 22:04:52Z INFO ProcessInvokerWrapper]   Force kill process on cancellation: 'False'
[2025-03-13 22:04:52Z INFO ProcessInvokerWrapper]   Redirected STDIN: 'False'
[2025-03-13 22:04:52Z INFO ProcessInvokerWrapper]   Persist current code page: 'False'
[2025-03-13 22:04:52Z INFO ProcessInvokerWrapper]   Keep redirected STDIN open: 'False'
[2025-03-13 22:04:52Z INFO ProcessInvokerWrapper]   High priority process: 'False'
[2025-03-13 22:04:52Z INFO ProcessInvokerWrapper] Updated oom_score_adj to 500 for PID: 2245340.
[2025-03-13 22:04:52Z INFO ProcessInvokerWrapper] Process started with process id 2245340, waiting for process exit.
[2025-03-13 22:04:52Z INFO ProcessInvokerWrapper] STDOUT/STDERR stream read finished.
[2025-03-13 22:04:52Z INFO ProcessInvokerWrapper] STDOUT/STDERR stream read finished.
[2025-03-13 22:04:52Z INFO ProcessInvokerWrapper] Finished process 2245340 with exit code 0, and elapsed time 00:00:00.0134591.
[2025-03-13 22:04:52Z INFO ProcessInvokerWrapper] Starting process:
[2025-03-13 22:04:52Z INFO ProcessInvokerWrapper]   File name: '/usr/bin/docker'
[2025-03-13 22:04:52Z INFO ProcessInvokerWrapper]   Arguments: 'ps --all --quiet --no-trunc --filter "label=b6156e"'
[2025-03-13 22:04:52Z INFO ProcessInvokerWrapper]   Working directory: '/home/jenny/tensorflow-mri/actions-runner/_work/tensorflow-mri/tensorflow-mri'
[2025-03-13 22:04:52Z INFO ProcessInvokerWrapper]   Require exit code zero: 'True'
[2025-03-13 22:04:52Z INFO ProcessInvokerWrapper]   Encoding web name:  ; code page: ''
[2025-03-13 22:04:52Z INFO ProcessInvokerWrapper]   Force kill process on cancellation: 'False'
[2025-03-13 22:04:52Z INFO ProcessInvokerWrapper]   Redirected STDIN: 'False'
[2025-03-13 22:04:52Z INFO ProcessInvokerWrapper]   Persist current code page: 'False'
[2025-03-13 22:04:52Z INFO ProcessInvokerWrapper]   Keep redirected STDIN open: 'False'
[2025-03-13 22:04:52Z INFO ProcessInvokerWrapper]   High priority process: 'False'
[2025-03-13 22:04:52Z INFO ProcessInvokerWrapper] Updated oom_score_adj to 500 for PID: 2245358.
[2025-03-13 22:04:52Z INFO ProcessInvokerWrapper] Process started with process id 2245358, waiting for process exit.
[2025-03-13 22:04:52Z INFO JobServerQueue] Tried to upload 1 file(s) to results, success rate: 1/1.
[2025-03-13 22:04:52Z INFO ProcessInvokerWrapper] STDOUT/STDERR stream read finished.
[2025-03-13 22:04:52Z INFO ProcessInvokerWrapper] STDOUT/STDERR stream read finished.
[2025-03-13 22:04:52Z INFO ProcessInvokerWrapper] Finished process 2245358 with exit code 0, and elapsed time 00:00:00.0096648.
[2025-03-13 22:04:52Z INFO ProcessInvokerWrapper] Starting process:
[2025-03-13 22:04:52Z INFO ProcessInvokerWrapper]   File name: '/usr/bin/docker'
[2025-03-13 22:04:52Z INFO ProcessInvokerWrapper]   Arguments: 'network prune --force --filter "label=b6156e"'
[2025-03-13 22:04:52Z INFO ProcessInvokerWrapper]   Working directory: '/home/jenny/tensorflow-mri/actions-runner/_work/tensorflow-mri/tensorflow-mri'
[2025-03-13 22:04:52Z INFO ProcessInvokerWrapper]   Require exit code zero: 'False'
[2025-03-13 22:04:52Z INFO ProcessInvokerWrapper]   Encoding web name:  ; code page: ''
[2025-03-13 22:04:52Z INFO ProcessInvokerWrapper]   Force kill process on cancellation: 'False'
[2025-03-13 22:04:52Z INFO ProcessInvokerWrapper]   Redirected STDIN: 'False'
[2025-03-13 22:04:52Z INFO ProcessInvokerWrapper]   Persist current code page: 'False'
[2025-03-13 22:04:52Z INFO ProcessInvokerWrapper]   Keep redirected STDIN open: 'False'
[2025-03-13 22:04:52Z INFO ProcessInvokerWrapper]   High priority process: 'False'
[2025-03-13 22:04:52Z INFO ProcessInvokerWrapper] Updated oom_score_adj to 500 for PID: 2245371.
[2025-03-13 22:04:52Z INFO ProcessInvokerWrapper] Process started with process id 2245371, waiting for process exit.
[2025-03-13 22:04:52Z INFO ProcessInvokerWrapper] STDOUT/STDERR stream read finished.
[2025-03-13 22:04:52Z INFO ProcessInvokerWrapper] STDOUT/STDERR stream read finished.
[2025-03-13 22:04:52Z INFO ProcessInvokerWrapper] Finished process 2245371 with exit code 0, and elapsed time 00:00:00.0099774.
[2025-03-13 22:04:52Z INFO ProcessInvokerWrapper] Starting process:
[2025-03-13 22:04:52Z INFO ProcessInvokerWrapper]   File name: '/usr/bin/docker'
[2025-03-13 22:04:52Z INFO ProcessInvokerWrapper]   Arguments: 'network create --label b6156e github_network_204fb6119ccb46668f4933dbe09f28c4'
[2025-03-13 22:04:52Z INFO ProcessInvokerWrapper]   Working directory: '/home/jenny/tensorflow-mri/actions-runner/_work/tensorflow-mri/tensorflow-mri'
[2025-03-13 22:04:52Z INFO ProcessInvokerWrapper]   Require exit code zero: 'False'
[2025-03-13 22:04:52Z INFO ProcessInvokerWrapper]   Encoding web name:  ; code page: ''
[2025-03-13 22:04:52Z INFO ProcessInvokerWrapper]   Force kill process on cancellation: 'False'
[2025-03-13 22:04:52Z INFO ProcessInvokerWrapper]   Redirected STDIN: 'False'
[2025-03-13 22:04:52Z INFO ProcessInvokerWrapper]   Persist current code page: 'False'
[2025-03-13 22:04:52Z INFO ProcessInvokerWrapper]   Keep redirected STDIN open: 'False'
[2025-03-13 22:04:52Z INFO ProcessInvokerWrapper]   High priority process: 'False'
[2025-03-13 22:04:52Z INFO ProcessInvokerWrapper] Updated oom_score_adj to 500 for PID: 2245382.
[2025-03-13 22:04:52Z INFO ProcessInvokerWrapper] Process started with process id 2245382, waiting for process exit.
[2025-03-13 22:04:52Z INFO ProcessInvokerWrapper] STDOUT/STDERR stream read finished.
[2025-03-13 22:04:52Z INFO ProcessInvokerWrapper] STDOUT/STDERR stream read finished.
[2025-03-13 22:04:52Z INFO ProcessInvokerWrapper] Finished process 2245382 with exit code 0, and elapsed time 00:00:00.0476760.
[2025-03-13 22:04:52Z INFO ContainerOperationProvider] Container name: d12174072be14b078ca5645392b733a4
[2025-03-13 22:04:52Z INFO ContainerOperationProvider] Container image: ghcr.io/mrphys/tensorflow-manylinux:1.14.0
[2025-03-13 22:04:52Z INFO ContainerOperationProvider] Container options: 
[2025-03-13 22:04:52Z INFO HostContext] Well known directory 'Bin': '/home/jenny/tensorflow-mri/actions-runner/bin'
[2025-03-13 22:04:52Z INFO HostContext] Well known directory 'Root': '/home/jenny/tensorflow-mri/actions-runner'
[2025-03-13 22:04:52Z INFO HostContext] Well known directory 'Work': '/home/jenny/tensorflow-mri/actions-runner/_work'
[2025-03-13 22:04:52Z INFO HostContext] Well known directory 'Temp': '/home/jenny/tensorflow-mri/actions-runner/_work/_temp'
[2025-03-13 22:04:52Z INFO ProcessInvokerWrapper] Starting process:
[2025-03-13 22:04:52Z INFO ProcessInvokerWrapper]   File name: '/usr/bin/docker'
[2025-03-13 22:04:52Z INFO ProcessInvokerWrapper]   Arguments: '--config /home/jenny/tensorflow-mri/actions-runner/_work/_temp/.docker_5d673c4a-c12c-43d5-bb5d-fd8d8ab5e7ed login ghcr.io -u jennifersteeden --password-stdin'
[2025-03-13 22:04:52Z INFO ProcessInvokerWrapper]   Working directory: '/home/jenny/tensorflow-mri/actions-runner/_work/tensorflow-mri/tensorflow-mri'
[2025-03-13 22:04:52Z INFO ProcessInvokerWrapper]   Require exit code zero: 'False'
[2025-03-13 22:04:52Z INFO ProcessInvokerWrapper]   Encoding web name:  ; code page: ''
[2025-03-13 22:04:52Z INFO ProcessInvokerWrapper]   Force kill process on cancellation: 'False'
[2025-03-13 22:04:52Z INFO ProcessInvokerWrapper]   Redirected STDIN: 'True'
[2025-03-13 22:04:52Z INFO ProcessInvokerWrapper]   Persist current code page: 'False'
[2025-03-13 22:04:52Z INFO ProcessInvokerWrapper]   Keep redirected STDIN open: 'False'
[2025-03-13 22:04:52Z INFO ProcessInvokerWrapper]   High priority process: 'False'
[2025-03-13 22:04:52Z INFO ProcessInvokerWrapper] Updated oom_score_adj to 500 for PID: 2245447.
[2025-03-13 22:04:52Z INFO ProcessInvokerWrapper] Process started with process id 2245447, waiting for process exit.
[2025-03-13 22:04:52Z INFO ProcessInvokerWrapper] Close STDIN after the first redirect finished.
[2025-03-13 22:04:52Z INFO ProcessInvokerWrapper] STDIN stream write finished.
[2025-03-13 22:04:52Z INFO JobServerQueue] Try to append 1 batches web console lines for record '74244b77-0f26-4c79-b325-934d6bdd3cb4', success rate: 1/1.
[2025-03-13 22:04:52Z INFO JobServerQueue] Try to append 1 batches web console lines for record 'cb1163e3-f64c-427a-a716-36071b255a60', success rate: 1/1.
[2025-03-13 22:04:53Z INFO JobServerQueue] Try to upload 1 log files or attachments, success rate: 1/1.
[2025-03-13 22:04:53Z INFO ProcessInvokerWrapper] STDOUT/STDERR stream read finished.
[2025-03-13 22:04:53Z INFO ProcessInvokerWrapper] STDOUT/STDERR stream read finished.
[2025-03-13 22:04:53Z INFO ProcessInvokerWrapper] Finished process 2245447 with exit code 0, and elapsed time 00:00:00.3584759.
[2025-03-13 22:04:53Z INFO ProcessInvokerWrapper] Starting process:
[2025-03-13 22:04:53Z INFO ProcessInvokerWrapper]   File name: '/usr/bin/docker'
[2025-03-13 22:04:53Z INFO ProcessInvokerWrapper]   Arguments: '--config /home/jenny/tensorflow-mri/actions-runner/_work/_temp/.docker_5d673c4a-c12c-43d5-bb5d-fd8d8ab5e7ed pull ghcr.io/mrphys/tensorflow-manylinux:1.14.0'
[2025-03-13 22:04:53Z INFO ProcessInvokerWrapper]   Working directory: '/home/jenny/tensorflow-mri/actions-runner/_work/tensorflow-mri/tensorflow-mri'
[2025-03-13 22:04:53Z INFO ProcessInvokerWrapper]   Require exit code zero: 'False'
[2025-03-13 22:04:53Z INFO ProcessInvokerWrapper]   Encoding web name:  ; code page: ''
[2025-03-13 22:04:53Z INFO ProcessInvokerWrapper]   Force kill process on cancellation: 'False'
[2025-03-13 22:04:53Z INFO ProcessInvokerWrapper]   Redirected STDIN: 'False'
[2025-03-13 22:04:53Z INFO ProcessInvokerWrapper]   Persist current code page: 'False'
[2025-03-13 22:04:53Z INFO ProcessInvokerWrapper]   Keep redirected STDIN open: 'False'
[2025-03-13 22:04:53Z INFO ProcessInvokerWrapper]   High priority process: 'False'
[2025-03-13 22:04:53Z INFO ProcessInvokerWrapper] Updated oom_score_adj to 500 for PID: 2245460.
[2025-03-13 22:04:53Z INFO ProcessInvokerWrapper] Process started with process id 2245460, waiting for process exit.
[2025-03-13 22:04:53Z INFO JobServerQueue] Try to append 1 batches web console lines for record 'cb1163e3-f64c-427a-a716-36071b255a60', success rate: 1/1.
[2025-03-13 22:04:53Z INFO ProcessInvokerWrapper] STDOUT/STDERR stream read finished.
[2025-03-13 22:04:53Z INFO ProcessInvokerWrapper] STDOUT/STDERR stream read finished.
[2025-03-13 22:04:53Z INFO ProcessInvokerWrapper] Finished process 2245460 with exit code 0, and elapsed time 00:00:00.5317320.
[2025-03-13 22:04:53Z INFO HostContext] Well known directory 'Bin': '/home/jenny/tensorflow-mri/actions-runner/bin'
[2025-03-13 22:04:53Z INFO HostContext] Well known directory 'Root': '/home/jenny/tensorflow-mri/actions-runner'
[2025-03-13 22:04:53Z INFO HostContext] Well known directory 'Work': '/home/jenny/tensorflow-mri/actions-runner/_work'
[2025-03-13 22:04:53Z INFO HostContext] Well known directory 'Bin': '/home/jenny/tensorflow-mri/actions-runner/bin'
[2025-03-13 22:04:53Z INFO HostContext] Well known directory 'Root': '/home/jenny/tensorflow-mri/actions-runner'
[2025-03-13 22:04:53Z INFO HostContext] Well known directory 'Work': '/home/jenny/tensorflow-mri/actions-runner/_work'
[2025-03-13 22:04:53Z INFO HostContext] Well known directory 'Bin': '/home/jenny/tensorflow-mri/actions-runner/bin'
[2025-03-13 22:04:53Z INFO HostContext] Well known directory 'Root': '/home/jenny/tensorflow-mri/actions-runner'
[2025-03-13 22:04:53Z INFO HostContext] Well known directory 'Externals': '/home/jenny/tensorflow-mri/actions-runner/externals'
[2025-03-13 22:04:53Z INFO HostContext] Well known directory 'Bin': '/home/jenny/tensorflow-mri/actions-runner/bin'
[2025-03-13 22:04:53Z INFO HostContext] Well known directory 'Root': '/home/jenny/tensorflow-mri/actions-runner'
[2025-03-13 22:04:53Z INFO HostContext] Well known directory 'Externals': '/home/jenny/tensorflow-mri/actions-runner/externals'
[2025-03-13 22:04:53Z INFO HostContext] Well known directory 'Bin': '/home/jenny/tensorflow-mri/actions-runner/bin'
[2025-03-13 22:04:53Z INFO HostContext] Well known directory 'Root': '/home/jenny/tensorflow-mri/actions-runner'
[2025-03-13 22:04:53Z INFO HostContext] Well known directory 'Work': '/home/jenny/tensorflow-mri/actions-runner/_work'
[2025-03-13 22:04:53Z INFO HostContext] Well known directory 'Temp': '/home/jenny/tensorflow-mri/actions-runner/_work/_temp'
[2025-03-13 22:04:53Z INFO HostContext] Well known directory 'Bin': '/home/jenny/tensorflow-mri/actions-runner/bin'
[2025-03-13 22:04:53Z INFO HostContext] Well known directory 'Root': '/home/jenny/tensorflow-mri/actions-runner'
[2025-03-13 22:04:53Z INFO HostContext] Well known directory 'Work': '/home/jenny/tensorflow-mri/actions-runner/_work'
[2025-03-13 22:04:53Z INFO HostContext] Well known directory 'Temp': '/home/jenny/tensorflow-mri/actions-runner/_work/_temp'
[2025-03-13 22:04:53Z INFO HostContext] Well known directory 'Bin': '/home/jenny/tensorflow-mri/actions-runner/bin'
[2025-03-13 22:04:53Z INFO HostContext] Well known directory 'Root': '/home/jenny/tensorflow-mri/actions-runner'
[2025-03-13 22:04:53Z INFO HostContext] Well known directory 'Work': '/home/jenny/tensorflow-mri/actions-runner/_work'
[2025-03-13 22:04:53Z INFO HostContext] Well known directory 'Actions': '/home/jenny/tensorflow-mri/actions-runner/_work/_actions'
[2025-03-13 22:04:53Z INFO HostContext] Well known directory 'Bin': '/home/jenny/tensorflow-mri/actions-runner/bin'
[2025-03-13 22:04:53Z INFO HostContext] Well known directory 'Root': '/home/jenny/tensorflow-mri/actions-runner'
[2025-03-13 22:04:53Z INFO HostContext] Well known directory 'Work': '/home/jenny/tensorflow-mri/actions-runner/_work'
[2025-03-13 22:04:53Z INFO HostContext] Well known directory 'Actions': '/home/jenny/tensorflow-mri/actions-runner/_work/_actions'
[2025-03-13 22:04:53Z INFO HostContext] Well known directory 'Bin': '/home/jenny/tensorflow-mri/actions-runner/bin'
[2025-03-13 22:04:53Z INFO HostContext] Well known directory 'Root': '/home/jenny/tensorflow-mri/actions-runner'
[2025-03-13 22:04:53Z INFO HostContext] Well known directory 'Work': '/home/jenny/tensorflow-mri/actions-runner/_work'
[2025-03-13 22:04:53Z INFO HostContext] Well known directory 'Tools': '/home/jenny/tensorflow-mri/actions-runner/_work/_tool'
[2025-03-13 22:04:53Z INFO HostContext] Well known directory 'Bin': '/home/jenny/tensorflow-mri/actions-runner/bin'
[2025-03-13 22:04:53Z INFO HostContext] Well known directory 'Root': '/home/jenny/tensorflow-mri/actions-runner'
[2025-03-13 22:04:53Z INFO HostContext] Well known directory 'Work': '/home/jenny/tensorflow-mri/actions-runner/_work'
[2025-03-13 22:04:53Z INFO HostContext] Well known directory 'Tools': '/home/jenny/tensorflow-mri/actions-runner/_work/_tool'
[2025-03-13 22:04:53Z INFO HostContext] Well known directory 'Bin': '/home/jenny/tensorflow-mri/actions-runner/bin'
[2025-03-13 22:04:53Z INFO HostContext] Well known directory 'Root': '/home/jenny/tensorflow-mri/actions-runner'
[2025-03-13 22:04:53Z INFO HostContext] Well known directory 'Work': '/home/jenny/tensorflow-mri/actions-runner/_work'
[2025-03-13 22:04:53Z INFO HostContext] Well known directory 'Temp': '/home/jenny/tensorflow-mri/actions-runner/_work/_temp'
[2025-03-13 22:04:53Z INFO HostContext] Well known directory 'Bin': '/home/jenny/tensorflow-mri/actions-runner/bin'
[2025-03-13 22:04:53Z INFO HostContext] Well known directory 'Root': '/home/jenny/tensorflow-mri/actions-runner'
[2025-03-13 22:04:53Z INFO HostContext] Well known directory 'Work': '/home/jenny/tensorflow-mri/actions-runner/_work'
[2025-03-13 22:04:53Z INFO HostContext] Well known directory 'Temp': '/home/jenny/tensorflow-mri/actions-runner/_work/_temp'
[2025-03-13 22:04:53Z INFO ProcessInvokerWrapper] Starting process:
[2025-03-13 22:04:53Z INFO ProcessInvokerWrapper]   File name: '/usr/bin/docker'
[2025-03-13 22:04:53Z INFO ProcessInvokerWrapper]   Arguments: 'create --name d12174072be14b078ca5645392b733a4_ghcriomrphystensorflowmanylinux1140_8adf00 --label b6156e --workdir /__w/tensorflow-mri/tensorflow-mri --network github_network_204fb6119ccb46668f4933dbe09f28c4  -e "HOME=/github/home" -e GITHUB_ACTIONS=true -e CI=true -v "/var/run/docker.sock":"/var/run/docker.sock" -v "/home/jenny/tensorflow-mri/actions-runner/_work":"/__w" -v "/home/jenny/tensorflow-mri/actions-runner/externals":"/__e":ro -v "/home/jenny/tensorflow-mri/actions-runner/_work/_temp":"/__w/_temp" -v "/home/jenny/tensorflow-mri/actions-runner/_work/_actions":"/__w/_actions" -v "/home/jenny/tensorflow-mri/actions-runner/_work/_tool":"/__w/_tool" -v "/home/jenny/tensorflow-mri/actions-runner/_work/_temp/_github_home":"/github/home" -v "/home/jenny/tensorflow-mri/actions-runner/_work/_temp/_github_workflow":"/github/workflow" --entrypoint "tail" ghcr.io/mrphys/tensorflow-manylinux:1.14.0 "-f" "/dev/null"'
[2025-03-13 22:04:53Z INFO ProcessInvokerWrapper]   Working directory: '/home/jenny/tensorflow-mri/actions-runner/_work/tensorflow-mri/tensorflow-mri'
[2025-03-13 22:04:53Z INFO ProcessInvokerWrapper]   Require exit code zero: 'True'
[2025-03-13 22:04:53Z INFO ProcessInvokerWrapper]   Encoding web name:  ; code page: ''
[2025-03-13 22:04:53Z INFO ProcessInvokerWrapper]   Force kill process on cancellation: 'False'
[2025-03-13 22:04:53Z INFO ProcessInvokerWrapper]   Redirected STDIN: 'False'
[2025-03-13 22:04:53Z INFO ProcessInvokerWrapper]   Persist current code page: 'False'
[2025-03-13 22:04:53Z INFO ProcessInvokerWrapper]   Keep redirected STDIN open: 'False'
[2025-03-13 22:04:53Z INFO ProcessInvokerWrapper]   High priority process: 'False'
[2025-03-13 22:04:53Z INFO ProcessInvokerWrapper] Updated oom_score_adj to 500 for PID: 2245470.
[2025-03-13 22:04:53Z INFO ProcessInvokerWrapper] Process started with process id 2245470, waiting for process exit.
[2025-03-13 22:04:53Z INFO JobServerQueue] Got a step log file to send to results service.
[2025-03-13 22:04:53Z INFO JobServerQueue] Starting upload of step log file to results service ResultsLog, /home/jenny/tensorflow-mri/actions-runner/_diag/blocks/d71dd0fc-fe6f-43fb-acd0-d1c60c83f82d_74244b77-0f26-4c79-b325-934d6bdd3cb4.1
[2025-03-13 22:04:53Z INFO ProcessInvokerWrapper] STDOUT/STDERR stream read finished.
[2025-03-13 22:04:53Z INFO ProcessInvokerWrapper] STDOUT/STDERR stream read finished.
[2025-03-13 22:04:53Z INFO ProcessInvokerWrapper] Finished process 2245470 with exit code 0, and elapsed time 00:00:00.0551244.
[2025-03-13 22:04:53Z INFO ProcessInvokerWrapper] Starting process:
[2025-03-13 22:04:53Z INFO ProcessInvokerWrapper]   File name: '/usr/bin/docker'
[2025-03-13 22:04:53Z INFO ProcessInvokerWrapper]   Arguments: 'start 44f421c8e643fdf22ab12ae1d94295edccd7b8f1afc5f34266e9cbbaa9a97f77'
[2025-03-13 22:04:53Z INFO ProcessInvokerWrapper]   Working directory: '/home/jenny/tensorflow-mri/actions-runner/_work/tensorflow-mri/tensorflow-mri'
[2025-03-13 22:04:53Z INFO ProcessInvokerWrapper]   Require exit code zero: 'False'
[2025-03-13 22:04:53Z INFO ProcessInvokerWrapper]   Encoding web name:  ; code page: ''
[2025-03-13 22:04:53Z INFO ProcessInvokerWrapper]   Force kill process on cancellation: 'False'
[2025-03-13 22:04:53Z INFO ProcessInvokerWrapper]   Redirected STDIN: 'False'
[2025-03-13 22:04:53Z INFO ProcessInvokerWrapper]   Persist current code page: 'False'
[2025-03-13 22:04:53Z INFO ProcessInvokerWrapper]   Keep redirected STDIN open: 'False'
[2025-03-13 22:04:53Z INFO ProcessInvokerWrapper]   High priority process: 'False'
[2025-03-13 22:04:53Z INFO ProcessInvokerWrapper] Updated oom_score_adj to 500 for PID: 2245483.
[2025-03-13 22:04:53Z INFO ProcessInvokerWrapper] Process started with process id 2245483, waiting for process exit.
[2025-03-13 22:04:53Z INFO JobServerQueue] Try to append 1 batches web console lines for record 'cb1163e3-f64c-427a-a716-36071b255a60', success rate: 1/1.
[2025-03-13 22:04:54Z INFO ProcessInvokerWrapper] STDOUT/STDERR stream read finished.
[2025-03-13 22:04:54Z INFO ProcessInvokerWrapper] STDOUT/STDERR stream read finished.
[2025-03-13 22:04:54Z INFO ProcessInvokerWrapper] Finished process 2245483 with exit code 0, and elapsed time 00:00:00.1694029.
[2025-03-13 22:04:54Z INFO ProcessInvokerWrapper] Starting process:
[2025-03-13 22:04:54Z INFO ProcessInvokerWrapper]   File name: '/usr/bin/docker'
[2025-03-13 22:04:54Z INFO ProcessInvokerWrapper]   Arguments: 'ps --all --filter id=44f421c8e643fdf22ab12ae1d94295edccd7b8f1afc5f34266e9cbbaa9a97f77 --filter status=running --no-trunc --format "{{.ID}} {{.Status}}"'
[2025-03-13 22:04:54Z INFO ProcessInvokerWrapper]   Working directory: '/home/jenny/tensorflow-mri/actions-runner/_work/tensorflow-mri/tensorflow-mri'
[2025-03-13 22:04:54Z INFO ProcessInvokerWrapper]   Require exit code zero: 'True'
[2025-03-13 22:04:54Z INFO ProcessInvokerWrapper]   Encoding web name:  ; code page: ''
[2025-03-13 22:04:54Z INFO ProcessInvokerWrapper]   Force kill process on cancellation: 'False'
[2025-03-13 22:04:54Z INFO ProcessInvokerWrapper]   Redirected STDIN: 'False'
[2025-03-13 22:04:54Z INFO ProcessInvokerWrapper]   Persist current code page: 'False'
[2025-03-13 22:04:54Z INFO ProcessInvokerWrapper]   Keep redirected STDIN open: 'False'
[2025-03-13 22:04:54Z INFO ProcessInvokerWrapper]   High priority process: 'False'
[2025-03-13 22:04:54Z INFO ProcessInvokerWrapper] Updated oom_score_adj to 500 for PID: 2245647.
[2025-03-13 22:04:54Z INFO ProcessInvokerWrapper] Process started with process id 2245647, waiting for process exit.
[2025-03-13 22:04:54Z INFO ProcessInvokerWrapper] STDOUT/STDERR stream read finished.
[2025-03-13 22:04:54Z INFO ProcessInvokerWrapper] STDOUT/STDERR stream read finished.
[2025-03-13 22:04:54Z INFO ProcessInvokerWrapper] Finished process 2245647 with exit code 0, and elapsed time 00:00:00.0114296.
[2025-03-13 22:04:54Z INFO ProcessInvokerWrapper] Starting process:
[2025-03-13 22:04:54Z INFO ProcessInvokerWrapper]   File name: '/usr/bin/docker'
[2025-03-13 22:04:54Z INFO ProcessInvokerWrapper]   Arguments: 'inspect --format "{{range .Config.Env}}{{println .}}{{end}}" 44f421c8e643fdf22ab12ae1d94295edccd7b8f1afc5f34266e9cbbaa9a97f77'
[2025-03-13 22:04:54Z INFO ProcessInvokerWrapper]   Working directory: '/home/jenny/tensorflow-mri/actions-runner/_work/tensorflow-mri/tensorflow-mri'
[2025-03-13 22:04:54Z INFO ProcessInvokerWrapper]   Require exit code zero: 'True'
[2025-03-13 22:04:54Z INFO ProcessInvokerWrapper]   Encoding web name:  ; code page: ''
[2025-03-13 22:04:54Z INFO ProcessInvokerWrapper]   Force kill process on cancellation: 'False'
[2025-03-13 22:04:54Z INFO ProcessInvokerWrapper]   Redirected STDIN: 'False'
[2025-03-13 22:04:54Z INFO ProcessInvokerWrapper]   Persist current code page: 'False'
[2025-03-13 22:04:54Z INFO ProcessInvokerWrapper]   Keep redirected STDIN open: 'False'
[2025-03-13 22:04:54Z INFO ProcessInvokerWrapper]   High priority process: 'False'
[2025-03-13 22:04:54Z INFO ProcessInvokerWrapper] Updated oom_score_adj to 500 for PID: 2245660.
[2025-03-13 22:04:54Z INFO ProcessInvokerWrapper] Process started with process id 2245660, waiting for process exit.
[2025-03-13 22:04:54Z INFO ProcessInvokerWrapper] STDOUT/STDERR stream read finished.
[2025-03-13 22:04:54Z INFO ProcessInvokerWrapper] STDOUT/STDERR stream read finished.
[2025-03-13 22:04:54Z INFO ProcessInvokerWrapper] Finished process 2245660 with exit code 0, and elapsed time 00:00:00.0117817.
[2025-03-13 22:04:54Z INFO StepsRunner] Step result: 
[2025-03-13 22:04:54Z INFO ExecutionContext] Publish step telemetry for current step {
  "action": "initialize_containers",
  "type": "runner",
  "stage": "Pre",
  "stepId": "cb1163e3-f64c-427a-a716-36071b255a60",
  "stepContextName": "cb1163e3f64c427aa71636071b255a60",
  "result": "succeeded",
  "errorMessages": [],
  "executionTimeInSeconds": 2,
  "startTime": "2025-03-13T22:04:52.8217358Z",
  "finishTime": "2025-03-13T22:04:54.0865292Z"
}.
[2025-03-13 22:04:54Z INFO StepsRunner] No need for updating job result with current step result 'Succeeded'.
[2025-03-13 22:04:54Z INFO StepsRunner] Current state: job state = ''
[2025-03-13 22:04:54Z INFO StepsRunner] Processing step: DisplayName='Checkout code'
[2025-03-13 22:04:54Z INFO StepsRunner] Evaluating: success()
[2025-03-13 22:04:54Z INFO StepsRunner] Result: true
[2025-03-13 22:04:54Z INFO StepsRunner] Starting the step.
[2025-03-13 22:04:54Z INFO HostContext] Well known directory 'Bin': '/home/jenny/tensorflow-mri/actions-runner/bin'
[2025-03-13 22:04:54Z INFO HostContext] Well known directory 'Root': '/home/jenny/tensorflow-mri/actions-runner'
[2025-03-13 22:04:54Z INFO HostContext] Well known directory 'Work': '/home/jenny/tensorflow-mri/actions-runner/_work'
[2025-03-13 22:04:54Z INFO HostContext] Well known directory 'Actions': '/home/jenny/tensorflow-mri/actions-runner/_work/_actions'
[2025-03-13 22:04:54Z INFO ActionManager] Load action that reference repository from '/home/jenny/tensorflow-mri/actions-runner/_work/_actions/actions/checkout/v4'
[2025-03-13 22:04:54Z INFO HostContext] Well known directory 'Bin': '/home/jenny/tensorflow-mri/actions-runner/bin'
[2025-03-13 22:04:54Z INFO HostContext] Well known directory 'Root': '/home/jenny/tensorflow-mri/actions-runner'
[2025-03-13 22:04:54Z INFO HostContext] Well known directory 'Work': '/home/jenny/tensorflow-mri/actions-runner/_work'
[2025-03-13 22:04:54Z INFO HostContext] Well known directory 'Actions': '/home/jenny/tensorflow-mri/actions-runner/_work/_actions'
[2025-03-13 22:04:54Z INFO ActionManifestManager] Loaded action.yml file: {
  "name": "Checkout",
  "description": "Checkout a Git repository at a particular version",
  "inputs": {
    "type": 2,
    "map": [
      {
        "key": {
          "type": 0,
          "file": 2,
          "line": 4,
          "col": 3,
          "lit": "repository"
        },
        "value": {
          "type": 3,
          "file": 2,
          "line": 6,
          "col": 14,
          "expr": "github.repository"
        }
      },
      {
        "key": {
          "type": 0,
          "file": 2,
          "line": 7,
          "col": 3,
          "lit": "ref"
        },
        "value": ""
      },
      {
        "key": {
          "type": 0,
          "file": 2,
          "line": 12,
          "col": 3,
          "lit": "token"
        },
        "value": {
          "type": 3,
          "file": 2,
          "line": 24,
          "col": 14,
          "expr": "github.token"
        }
      },
      {
        "key": {
          "type": 0,
          "file": 2,
          "line": 25,
          "col": 3,
          "lit": "ssh-key"
        },
        "value": ""
      },
      {
        "key": {
          "type": 0,
          "file": 2,
          "line": 37,
          "col": 3,
          "lit": "ssh-known-hosts"
        },
        "value": ""
      },
      {
        "key": {
          "type": 0,
          "file": 2,
          "line": 42,
          "col": 3,
          "lit": "ssh-strict"
        },
        "value": {
          "type": 0,
          "file": 2,
          "line": 47,
          "col": 14,
          "lit": "true"
        }
      },
      {
        "key": {
          "type": 0,
          "file": 2,
          "line": 48,
          "col": 3,
          "lit": "ssh-user"
        },
        "value": {
          "type": 0,
          "file": 2,
          "line": 51,
          "col": 14,
          "lit": "git"
        }
      },
      {
        "key": {
          "type": 0,
          "file": 2,
          "line": 52,
          "col": 3,
          "lit": "persist-credentials"
        },
        "value": {
          "type": 0,
          "file": 2,
          "line": 54,
          "col": 14,
          "lit": "true"
        }
      },
      {
        "key": {
          "type": 0,
          "file": 2,
          "line": 55,
          "col": 3,
          "lit": "path"
        },
        "value": ""
      },
      {
        "key": {
          "type": 0,
          "file": 2,
          "line": 57,
          "col": 3,
          "lit": "clean"
        },
        "value": {
          "type": 0,
          "file": 2,
          "line": 59,
          "col": 14,
          "lit": "true"
        }
      },
      {
        "key": {
          "type": 0,
          "file": 2,
          "line": 60,
          "col": 3,
          "lit": "filter"
        },
        "value": {
          "type": 0,
          "file": 2,
          "line": 64,
          "col": 14,
          "lit": ""
        }
      },
      {
        "key": {
          "type": 0,
          "file": 2,
          "line": 65,
          "col": 3,
          "lit": "sparse-checkout"
        },
        "value": {
          "type": 0,
          "file": 2,
          "line": 69,
          "col": 14,
          "lit": ""
        }
      },
      {
        "key": {
          "type": 0,
          "file": 2,
          "line": 70,
          "col": 3,
          "lit": "sparse-checkout-cone-mode"
        },
        "value": {
          "type": 0,
          "file": 2,
          "line": 73,
          "col": 14,
          "lit": "true"
        }
      },
      {
        "key": {
          "type": 0,
          "file": 2,
          "line": 74,
          "col": 3,
          "lit": "fetch-depth"
        },
        "value": {
          "type": 0,
          "file": 2,
          "line": 76,
          "col": 14,
          "lit": "1"
        }
      },
      {
        "key": {
          "type": 0,
          "file": 2,
          "line": 77,
          "col": 3,
          "lit": "fetch-tags"
        },
        "value": {
          "type": 0,
          "file": 2,
          "line": 79,
          "col": 14,
          "lit": "false"
        }
      },
      {
        "key": {
          "type": 0,
          "file": 2,
          "line": 80,
          "col": 3,
          "lit": "show-progress"
        },
        "value": {
          "type": 0,
          "file": 2,
          "line": 82,
          "col": 14,
          "lit": "true"
        }
      },
      {
        "key": {
          "type": 0,
          "file": 2,
          "line": 83,
          "col": 3,
          "lit": "lfs"
        },
        "value": {
          "type": 0,
          "file": 2,
          "line": 85,
          "col": 14,
          "lit": "false"
        }
      },
      {
        "key": {
          "type": 0,
          "file": 2,
          "line": 86,
          "col": 3,
          "lit": "submodules"
        },
        "value": {
          "type": 0,
          "file": 2,
          "line": 94,
          "col": 14,
          "lit": "false"
        }
      },
      {
        "key": {
          "type": 0,
          "file": 2,
          "line": 95,
          "col": 3,
          "lit": "set-safe-directory"
        },
        "value": {
          "type": 0,
          "file": 2,
          "line": 97,
          "col": 14,
          "lit": "true"
        }
      },
      {
        "key": {
          "type": 0,
          "file": 2,
          "line": 98,
          "col": 3,
          "lit": "github-server-url"
        },
        "value": ""
      }
    ]
  },
  "execution": {
    "executionType": "nodeJS",
    "hasPre": false,
    "hasPost": true,
    "script": "dist/index.js",
    "pre": null,
    "post": "dist/index.js",
    "nodeVersion": "node20",
    "cleanupCondition": "always()",
    "initCondition": "always()"
  },
  "deprecated": null
}
[2025-03-13 22:04:54Z INFO ActionManager] Action pre node.js file: N/A.
[2025-03-13 22:04:54Z INFO ActionManager] Action node.js file: dist/index.js.
[2025-03-13 22:04:54Z INFO ActionManager] Action post node.js file: dist/index.js.
[2025-03-13 22:04:54Z INFO HostContext] Well known directory 'Bin': '/home/jenny/tensorflow-mri/actions-runner/bin'
[2025-03-13 22:04:54Z INFO HostContext] Well known directory 'Root': '/home/jenny/tensorflow-mri/actions-runner'
[2025-03-13 22:04:54Z INFO HostContext] Well known directory 'Diag': '/home/jenny/tensorflow-mri/actions-runner/_diag'
[2025-03-13 22:04:54Z INFO HostContext] Well known directory 'Bin': '/home/jenny/tensorflow-mri/actions-runner/bin'
[2025-03-13 22:04:54Z INFO HostContext] Well known directory 'Root': '/home/jenny/tensorflow-mri/actions-runner'
[2025-03-13 22:04:54Z INFO HostContext] Well known directory 'Diag': '/home/jenny/tensorflow-mri/actions-runner/_diag'
[2025-03-13 22:04:54Z INFO HostContext] Well known directory 'Bin': '/home/jenny/tensorflow-mri/actions-runner/bin'
[2025-03-13 22:04:54Z INFO HostContext] Well known directory 'Root': '/home/jenny/tensorflow-mri/actions-runner'
[2025-03-13 22:04:54Z INFO HostContext] Well known directory 'Work': '/home/jenny/tensorflow-mri/actions-runner/_work'
[2025-03-13 22:04:54Z INFO HostContext] Well known directory 'Temp': '/home/jenny/tensorflow-mri/actions-runner/_work/_temp'
[2025-03-13 22:04:54Z INFO ExecutionContext] Write event payload to /home/jenny/tensorflow-mri/actions-runner/_work/_temp/_github_workflow/event.json
[2025-03-13 22:04:54Z INFO HostContext] Well known directory 'Bin': '/home/jenny/tensorflow-mri/actions-runner/bin'
[2025-03-13 22:04:54Z INFO HostContext] Well known directory 'Root': '/home/jenny/tensorflow-mri/actions-runner'
[2025-03-13 22:04:54Z INFO HostContext] Well known directory 'Work': '/home/jenny/tensorflow-mri/actions-runner/_work'
[2025-03-13 22:04:54Z INFO HostContext] Well known directory 'Temp': '/home/jenny/tensorflow-mri/actions-runner/_work/_temp'
[2025-03-13 22:04:54Z INFO ExtensionManager] Getting extensions for interface: 'GitHub.Runner.Worker.IFileCommandExtension'
[2025-03-13 22:04:54Z INFO ExtensionManager] Creating instance: GitHub.Runner.Worker.AddPathFileCommand, Runner.Worker
[2025-03-13 22:04:54Z INFO ExtensionManager] Creating instance: GitHub.Runner.Worker.SetEnvFileCommand, Runner.Worker
[2025-03-13 22:04:54Z INFO ExtensionManager] Creating instance: GitHub.Runner.Worker.CreateStepSummaryCommand, Runner.Worker
[2025-03-13 22:04:54Z INFO ExtensionManager] Creating instance: GitHub.Runner.Worker.SaveStateFileCommand, Runner.Worker
[2025-03-13 22:04:54Z INFO ExtensionManager] Creating instance: GitHub.Runner.Worker.SetOutputFileCommand, Runner.Worker
[2025-03-13 22:04:54Z INFO ActionManifestManager] Input 'repository': default value evaluate result: {
  "type": 0,
  "file": 2,
  "line": 6,
  "col": 14,
  "lit": "mrphys/tensorflow-mri"
}
[2025-03-13 22:04:54Z INFO ActionManifestManager] Input 'ref': default value evaluate result: ""
[2025-03-13 22:04:54Z INFO ActionManifestManager] Input 'token': default value evaluate result: {
  "type": 0,
  "file": 2,
  "line": 24,
  "col": 14,
  "lit": "***"
}
[2025-03-13 22:04:54Z INFO ActionManifestManager] Input 'ssh-key': default value evaluate result: ""
[2025-03-13 22:04:54Z INFO ActionManifestManager] Input 'ssh-known-hosts': default value evaluate result: ""
[2025-03-13 22:04:54Z INFO ActionManifestManager] Input 'ssh-strict': default value evaluate result: {
  "type": 0,
  "file": 2,
  "line": 47,
  "col": 14,
  "lit": "true"
}
[2025-03-13 22:04:54Z INFO ActionManifestManager] Input 'ssh-user': default value evaluate result: {
  "type": 0,
  "file": 2,
  "line": 51,
  "col": 14,
  "lit": "git"
}
[2025-03-13 22:04:54Z INFO ActionManifestManager] Input 'persist-credentials': default value evaluate result: {
  "type": 0,
  "file": 2,
  "line": 54,
  "col": 14,
  "lit": "true"
}
[2025-03-13 22:04:54Z INFO ActionManifestManager] Input 'path': default value evaluate result: ""
[2025-03-13 22:04:54Z INFO ActionManifestManager] Input 'clean': default value evaluate result: {
  "type": 0,
  "file": 2,
  "line": 59,
  "col": 14,
  "lit": "true"
}
[2025-03-13 22:04:54Z INFO ActionManifestManager] Input 'filter': default value evaluate result: {
  "type": 0,
  "file": 2,
  "line": 64,
  "col": 14,
  "lit": ""
}
[2025-03-13 22:04:54Z INFO ActionManifestManager] Input 'sparse-checkout': default value evaluate result: {
  "type": 0,
  "file": 2,
  "line": 69,
  "col": 14,
  "lit": ""
}
[2025-03-13 22:04:54Z INFO ActionManifestManager] Input 'sparse-checkout-cone-mode': default value evaluate result: {
  "type": 0,
  "file": 2,
  "line": 73,
  "col": 14,
  "lit": "true"
}
[2025-03-13 22:04:54Z INFO ActionManifestManager] Input 'fetch-depth': default value evaluate result: {
  "type": 0,
  "file": 2,
  "line": 76,
  "col": 14,
  "lit": "1"
}
[2025-03-13 22:04:54Z INFO ActionManifestManager] Input 'fetch-tags': default value evaluate result: {
  "type": 0,
  "file": 2,
  "line": 79,
  "col": 14,
  "lit": "false"
}
[2025-03-13 22:04:54Z INFO ActionManifestManager] Input 'show-progress': default value evaluate result: {
  "type": 0,
  "file": 2,
  "line": 82,
  "col": 14,
  "lit": "true"
}
[2025-03-13 22:04:54Z INFO ActionManifestManager] Input 'lfs': default value evaluate result: {
  "type": 0,
  "file": 2,
  "line": 85,
  "col": 14,
  "lit": "false"
}
[2025-03-13 22:04:54Z INFO ActionManifestManager] Input 'submodules': default value evaluate result: {
  "type": 0,
  "file": 2,
  "line": 94,
  "col": 14,
  "lit": "false"
}
[2025-03-13 22:04:54Z INFO ActionManifestManager] Input 'set-safe-directory': default value evaluate result: {
  "type": 0,
  "file": 2,
  "line": 97,
  "col": 14,
  "lit": "true"
}
[2025-03-13 22:04:54Z INFO ActionManifestManager] Input 'github-server-url': default value evaluate result: ""
[2025-03-13 22:04:54Z INFO ExtensionManager] Getting extensions for interface: 'GitHub.Runner.Worker.IActionCommandExtension'
[2025-03-13 22:04:54Z INFO ExtensionManager] Creating instance: GitHub.Runner.Worker.InternalPluginSetRepoPathCommandExtension, Runner.Worker
[2025-03-13 22:04:54Z INFO ExtensionManager] Creating instance: GitHub.Runner.Worker.SetEnvCommandExtension, Runner.Worker
[2025-03-13 22:04:54Z INFO ExtensionManager] Creating instance: GitHub.Runner.Worker.SetOutputCommandExtension, Runner.Worker
[2025-03-13 22:04:54Z INFO ExtensionManager] Creating instance: GitHub.Runner.Worker.SaveStateCommandExtension, Runner.Worker
[2025-03-13 22:04:54Z INFO ExtensionManager] Creating instance: GitHub.Runner.Worker.AddPathCommandExtension, Runner.Worker
[2025-03-13 22:04:54Z INFO ExtensionManager] Creating instance: GitHub.Runner.Worker.AddMaskCommandExtension, Runner.Worker
[2025-03-13 22:04:54Z INFO ExtensionManager] Creating instance: GitHub.Runner.Worker.AddMatcherCommandExtension, Runner.Worker
[2025-03-13 22:04:54Z INFO ExtensionManager] Creating instance: GitHub.Runner.Worker.RemoveMatcherCommandExtension, Runner.Worker
[2025-03-13 22:04:54Z INFO ExtensionManager] Creating instance: GitHub.Runner.Worker.WarningCommandExtension, Runner.Worker
[2025-03-13 22:04:54Z INFO ExtensionManager] Creating instance: GitHub.Runner.Worker.ErrorCommandExtension, Runner.Worker
[2025-03-13 22:04:54Z INFO ExtensionManager] Creating instance: GitHub.Runner.Worker.NoticeCommandExtension, Runner.Worker
[2025-03-13 22:04:54Z INFO ExtensionManager] Creating instance: GitHub.Runner.Worker.DebugCommandExtension, Runner.Worker
[2025-03-13 22:04:54Z INFO ExtensionManager] Creating instance: GitHub.Runner.Worker.GroupCommandExtension, Runner.Worker
[2025-03-13 22:04:54Z INFO ExtensionManager] Creating instance: GitHub.Runner.Worker.EndGroupCommandExtension, Runner.Worker
[2025-03-13 22:04:54Z INFO ExtensionManager] Creating instance: GitHub.Runner.Worker.EchoCommandExtension, Runner.Worker
[2025-03-13 22:04:54Z INFO ActionCommandManager] Register action command extension for command internal-set-repo-path
[2025-03-13 22:04:54Z INFO ActionCommandManager] Register action command extension for command set-env
[2025-03-13 22:04:54Z INFO ActionCommandManager] Register action command extension for command set-output
[2025-03-13 22:04:54Z INFO ActionCommandManager] Register action command extension for command save-state
[2025-03-13 22:04:54Z INFO ActionCommandManager] Register action command extension for command add-path
[2025-03-13 22:04:54Z INFO ActionCommandManager] Register action command extension for command add-mask
[2025-03-13 22:04:54Z INFO ActionCommandManager] Register action command extension for command add-matcher
[2025-03-13 22:04:54Z INFO ActionCommandManager] Register action command extension for command remove-matcher
[2025-03-13 22:04:54Z INFO ActionCommandManager] Register action command extension for command warning
[2025-03-13 22:04:54Z INFO ActionCommandManager] Register action command extension for command error
[2025-03-13 22:04:54Z INFO ActionCommandManager] Register action command extension for command notice
[2025-03-13 22:04:54Z INFO ActionCommandManager] Register action command extension for command debug
[2025-03-13 22:04:54Z INFO ActionCommandManager] Register action command extension for command group
[2025-03-13 22:04:54Z INFO ActionCommandManager] Register action command extension for command endgroup
[2025-03-13 22:04:54Z INFO ActionCommandManager] Register action command extension for command echo
[2025-03-13 22:04:54Z INFO HostContext] Well known directory 'Bin': '/home/jenny/tensorflow-mri/actions-runner/bin'
[2025-03-13 22:04:54Z INFO HostContext] Well known directory 'Root': '/home/jenny/tensorflow-mri/actions-runner'
[2025-03-13 22:04:54Z INFO HostContext] Well known directory 'Work': '/home/jenny/tensorflow-mri/actions-runner/_work'
[2025-03-13 22:04:54Z INFO ProcessInvokerWrapper] Starting process:
[2025-03-13 22:04:54Z INFO ProcessInvokerWrapper]   File name: '/usr/bin/docker'
[2025-03-13 22:04:54Z INFO ProcessInvokerWrapper]   Arguments: 'exec  44f421c8e643fdf22ab12ae1d94295edccd7b8f1afc5f34266e9cbbaa9a97f77 sh -c "cat /etc/*release | grep ^ID"'
[2025-03-13 22:04:54Z INFO ProcessInvokerWrapper]   Working directory: '/home/jenny/tensorflow-mri/actions-runner/_work'
[2025-03-13 22:04:54Z INFO ProcessInvokerWrapper]   Require exit code zero: 'False'
[2025-03-13 22:04:54Z INFO ProcessInvokerWrapper]   Encoding web name:  ; code page: ''
[2025-03-13 22:04:54Z INFO ProcessInvokerWrapper]   Force kill process on cancellation: 'False'
[2025-03-13 22:04:54Z INFO ProcessInvokerWrapper]   Redirected STDIN: 'False'
[2025-03-13 22:04:54Z INFO ProcessInvokerWrapper]   Persist current code page: 'False'
[2025-03-13 22:04:54Z INFO ProcessInvokerWrapper]   Keep redirected STDIN open: 'False'
[2025-03-13 22:04:54Z INFO ProcessInvokerWrapper]   High priority process: 'False'
[2025-03-13 22:04:54Z INFO ProcessInvokerWrapper] Updated oom_score_adj to 500 for PID: 2245672.
[2025-03-13 22:04:54Z INFO ProcessInvokerWrapper] Process started with process id 2245672, waiting for process exit.
[2025-03-13 22:04:54Z INFO JobServerQueue] Try to upload 1 log files or attachments, success rate: 1/1.
[2025-03-13 22:04:54Z INFO ProcessInvokerWrapper] STDOUT/STDERR stream read finished.
[2025-03-13 22:04:54Z INFO ProcessInvokerWrapper] STDOUT/STDERR stream read finished.
[2025-03-13 22:04:54Z INFO ProcessInvokerWrapper] Finished process 2245672 with exit code 0, and elapsed time 00:00:00.0394194.
[2025-03-13 22:04:54Z INFO HostContext] Well known directory 'Bin': '/home/jenny/tensorflow-mri/actions-runner/bin'
[2025-03-13 22:04:54Z INFO HostContext] Well known directory 'Root': '/home/jenny/tensorflow-mri/actions-runner'
[2025-03-13 22:04:54Z INFO HostContext] Well known directory 'Externals': '/home/jenny/tensorflow-mri/actions-runner/externals'
[2025-03-13 22:04:54Z INFO HostContext] Well known directory 'Bin': '/home/jenny/tensorflow-mri/actions-runner/bin'
[2025-03-13 22:04:54Z INFO HostContext] Well known directory 'Root': '/home/jenny/tensorflow-mri/actions-runner'
[2025-03-13 22:04:54Z INFO HostContext] Well known directory 'Work': '/home/jenny/tensorflow-mri/actions-runner/_work'
[2025-03-13 22:04:54Z INFO ProcessInvokerWrapper] Starting process:
[2025-03-13 22:04:54Z INFO ProcessInvokerWrapper]   File name: '/usr/bin/docker'
[2025-03-13 22:04:54Z INFO ProcessInvokerWrapper]   Arguments: 'exec -i --workdir /__w/tensorflow-mri/tensorflow-mri -e "PYTHON" -e "INPUT_REPOSITORY" -e "INPUT_REF" -e "INPUT_TOKEN" -e "INPUT_SSH-KEY" -e "INPUT_SSH-KNOWN-HOSTS" -e "INPUT_SSH-STRICT" -e "INPUT_SSH-USER" -e "INPUT_PERSIST-CREDENTIALS" -e "INPUT_PATH" -e "INPUT_CLEAN" -e "INPUT_FILTER" -e "INPUT_SPARSE-CHECKOUT" -e "INPUT_SPARSE-CHECKOUT-CONE-MODE" -e "INPUT_FETCH-DEPTH" -e "INPUT_FETCH-TAGS" -e "INPUT_SHOW-PROGRESS" -e "INPUT_LFS" -e "INPUT_SUBMODULES" -e "INPUT_SET-SAFE-DIRECTORY" -e "INPUT_GITHUB-SERVER-URL" -e "GITHUB_JOB" -e "GITHUB_REF" -e "GITHUB_SHA" -e "GITHUB_REPOSITORY" -e "GITHUB_REPOSITORY_OWNER" -e "GITHUB_REPOSITORY_OWNER_ID" -e "GITHUB_RUN_ID" -e "GITHUB_RUN_NUMBER" -e "GITHUB_RETENTION_DAYS" -e "GITHUB_RUN_ATTEMPT" -e "GITHUB_ACTOR_ID" -e "GITHUB_ACTOR" -e "GITHUB_WORKFLOW" -e "GITHUB_HEAD_REF" -e "GITHUB_BASE_REF" -e "GITHUB_EVENT_NAME" -e "GITHUB_SERVER_URL" -e "GITHUB_API_URL" -e "GITHUB_GRAPHQL_URL" -e "GITHUB_REF_NAME" -e "GITHUB_REF_PROTECTED" -e "GITHUB_REF_TYPE" -e "GITHUB_WORKFLOW_REF" -e "GITHUB_WORKFLOW_SHA" -e "GITHUB_REPOSITORY_ID" -e "GITHUB_TRIGGERING_ACTOR" -e "GITHUB_WORKSPACE" -e "GITHUB_ACTION" -e "GITHUB_EVENT_PATH" -e "GITHUB_ACTION_REPOSITORY" -e "GITHUB_ACTION_REF" -e "GITHUB_PATH" -e "GITHUB_ENV" -e "GITHUB_STEP_SUMMARY" -e "GITHUB_STATE" -e "GITHUB_OUTPUT" -e "RUNNER_OS" -e "RUNNER_ARCH" -e "RUNNER_NAME" -e "RUNNER_ENVIRONMENT" -e "RUNNER_TOOL_CACHE" -e "RUNNER_TEMP" -e "RUNNER_WORKSPACE" -e "ACTIONS_RUNTIME_URL" -e "ACTIONS_RUNTIME_TOKEN" -e "ACTIONS_CACHE_URL" -e "ACTIONS_RESULTS_URL" -e "ACTIONS_CACHE_SERVICE_V2" 44f421c8e643fdf22ab12ae1d94295edccd7b8f1afc5f34266e9cbbaa9a97f77 /__e/node20/bin/node /__w/_actions/actions/checkout/v4/dist/index.js'
[2025-03-13 22:04:54Z INFO ProcessInvokerWrapper]   Working directory: '/home/jenny/tensorflow-mri/actions-runner/_work'
[2025-03-13 22:04:54Z INFO ProcessInvokerWrapper]   Require exit code zero: 'False'
[2025-03-13 22:04:54Z INFO ProcessInvokerWrapper]   Encoding web name:  ; code page: ''
[2025-03-13 22:04:54Z INFO ProcessInvokerWrapper]   Force kill process on cancellation: 'False'
[2025-03-13 22:04:54Z INFO ProcessInvokerWrapper]   Redirected STDIN: 'False'
[2025-03-13 22:04:54Z INFO ProcessInvokerWrapper]   Persist current code page: 'False'
[2025-03-13 22:04:54Z INFO ProcessInvokerWrapper]   Keep redirected STDIN open: 'False'
[2025-03-13 22:04:54Z INFO ProcessInvokerWrapper]   High priority process: 'False'
[2025-03-13 22:04:54Z INFO ProcessInvokerWrapper] Updated oom_score_adj to 500 for PID: 2245704.
[2025-03-13 22:04:54Z INFO ProcessInvokerWrapper] Process started with process id 2245704, waiting for process exit.
[2025-03-13 22:04:54Z INFO JobServerQueue] Tried to upload 1 file(s) to results, success rate: 1/1.
[2025-03-13 22:04:54Z INFO JobServerQueue] Try to append 1 batches web console lines for record 'cb1163e3-f64c-427a-a716-36071b255a60', success rate: 1/1.
[2025-03-13 22:04:54Z INFO JobServerQueue] Try to append 1 batches web console lines for record '3465f2af-bcd5-48df-9f5b-0cff84360c7a', success rate: 1/1.
[2025-03-13 22:04:54Z INFO AddMaskCommandExtension] Add new secret mask with length of 76
[2025-03-13 22:04:54Z INFO JobServerQueue] Try to append 1 batches web console lines for record '3465f2af-bcd5-48df-9f5b-0cff84360c7a', success rate: 1/1.
[2025-03-13 22:04:55Z INFO ProcessInvokerWrapper] STDOUT/STDERR stream read finished.
[2025-03-13 22:04:55Z INFO ProcessInvokerWrapper] STDOUT/STDERR stream read finished.
[2025-03-13 22:04:55Z INFO ProcessInvokerWrapper] Finished process 2245704 with exit code 0, and elapsed time 00:00:00.9518254.
[2025-03-13 22:04:55Z INFO CreateStepSummaryCommand] Step Summary file (/home/jenny/tensorflow-mri/actions-runner/_work/_temp/_runner_file_commands/step_summary_eb625904-9c35-4a13-af7a-a3dbd29bc5aa) is empty; skipping attachment upload
[2025-03-13 22:04:55Z INFO StepsRunner] Step result: 
[2025-03-13 22:04:55Z INFO ExecutionContext] Publish step telemetry for current step {
  "action": "actions/checkout",
  "ref": "v4",
  "type": "node20",
  "stage": "Main",
  "stepId": "3465f2af-bcd5-48df-9f5b-0cff84360c7a",
  "stepContextName": "__actions_checkout",
  "hasPreStep": false,
  "hasPostStep": true,
  "result": "succeeded",
  "errorMessages": [],
  "executionTimeInSeconds": 2,
  "startTime": "2025-03-13T22:04:54.0872644Z",
  "finishTime": "2025-03-13T22:04:55.1143131Z"
}.
[2025-03-13 22:04:55Z INFO StepsRunner] No need for updating job result with current step result 'Succeeded'.
[2025-03-13 22:04:55Z INFO StepsRunner] Current state: job state = ''
[2025-03-13 22:04:55Z INFO StepsRunner] Processing step: DisplayName='Free Disk Space Before Build'
[2025-03-13 22:04:55Z INFO StepsRunner] Evaluating: success()
[2025-03-13 22:04:55Z INFO StepsRunner] Result: true
[2025-03-13 22:04:55Z INFO StepsRunner] Starting the step.
[2025-03-13 22:04:55Z INFO HostContext] Well known directory 'Bin': '/home/jenny/tensorflow-mri/actions-runner/bin'
[2025-03-13 22:04:55Z INFO HostContext] Well known directory 'Root': '/home/jenny/tensorflow-mri/actions-runner'
[2025-03-13 22:04:55Z INFO HostContext] Well known directory 'Work': '/home/jenny/tensorflow-mri/actions-runner/_work'
[2025-03-13 22:04:55Z INFO HostContext] Well known directory 'Temp': '/home/jenny/tensorflow-mri/actions-runner/_work/_temp'
[2025-03-13 22:04:55Z INFO ExecutionContext] Write event payload to /home/jenny/tensorflow-mri/actions-runner/_work/_temp/_github_workflow/event.json
[2025-03-13 22:04:55Z INFO HostContext] Well known directory 'Bin': '/home/jenny/tensorflow-mri/actions-runner/bin'
[2025-03-13 22:04:55Z INFO HostContext] Well known directory 'Root': '/home/jenny/tensorflow-mri/actions-runner'
[2025-03-13 22:04:55Z INFO HostContext] Well known directory 'Work': '/home/jenny/tensorflow-mri/actions-runner/_work'
[2025-03-13 22:04:55Z INFO HostContext] Well known directory 'Temp': '/home/jenny/tensorflow-mri/actions-runner/_work/_temp'
[2025-03-13 22:04:55Z INFO ExtensionManager] Getting extensions for interface: 'GitHub.Runner.Worker.IFileCommandExtension'
[2025-03-13 22:04:55Z INFO ExtensionManager] Getting extensions for interface: 'GitHub.Runner.Worker.IActionCommandExtension'
[2025-03-13 22:04:55Z INFO ActionCommandManager] Register action command extension for command internal-set-repo-path
[2025-03-13 22:04:55Z INFO ActionCommandManager] Register action command extension for command set-env
[2025-03-13 22:04:55Z INFO ActionCommandManager] Register action command extension for command set-output
[2025-03-13 22:04:55Z INFO ActionCommandManager] Register action command extension for command save-state
[2025-03-13 22:04:55Z INFO ActionCommandManager] Register action command extension for command add-path
[2025-03-13 22:04:55Z INFO ActionCommandManager] Register action command extension for command add-mask
[2025-03-13 22:04:55Z INFO ActionCommandManager] Register action command extension for command add-matcher
[2025-03-13 22:04:55Z INFO ActionCommandManager] Register action command extension for command remove-matcher
[2025-03-13 22:04:55Z INFO ActionCommandManager] Register action command extension for command warning
[2025-03-13 22:04:55Z INFO ActionCommandManager] Register action command extension for command error
[2025-03-13 22:04:55Z INFO ActionCommandManager] Register action command extension for command notice
[2025-03-13 22:04:55Z INFO ActionCommandManager] Register action command extension for command debug
[2025-03-13 22:04:55Z INFO ActionCommandManager] Register action command extension for command group
[2025-03-13 22:04:55Z INFO ActionCommandManager] Register action command extension for command endgroup
[2025-03-13 22:04:55Z INFO ActionCommandManager] Register action command extension for command echo
[2025-03-13 22:04:55Z INFO HostContext] Well known directory 'Bin': '/home/jenny/tensorflow-mri/actions-runner/bin'
[2025-03-13 22:04:55Z INFO HostContext] Well known directory 'Root': '/home/jenny/tensorflow-mri/actions-runner'
[2025-03-13 22:04:55Z INFO HostContext] Well known directory 'Work': '/home/jenny/tensorflow-mri/actions-runner/_work'
[2025-03-13 22:04:55Z INFO HostContext] Well known directory 'Temp': '/home/jenny/tensorflow-mri/actions-runner/_work/_temp'
[2025-03-13 22:04:55Z INFO ScriptHandler] Which2: 'bash'
[2025-03-13 22:04:55Z INFO ScriptHandler] Location: '/usr/bin/bash'
[2025-03-13 22:04:55Z INFO HostContext] Well known directory 'Bin': '/home/jenny/tensorflow-mri/actions-runner/bin'
[2025-03-13 22:04:55Z INFO HostContext] Well known directory 'Root': '/home/jenny/tensorflow-mri/actions-runner'
[2025-03-13 22:04:55Z INFO HostContext] Well known directory 'Work': '/home/jenny/tensorflow-mri/actions-runner/_work'
[2025-03-13 22:04:55Z INFO ProcessInvokerWrapper] Starting process:
[2025-03-13 22:04:55Z INFO ProcessInvokerWrapper]   File name: '/usr/bin/docker'
[2025-03-13 22:04:55Z INFO ProcessInvokerWrapper]   Arguments: 'exec -i --workdir /__w/tensorflow-mri/tensorflow-mri -e "PYTHON" -e "GITHUB_JOB" -e "GITHUB_REF" -e "GITHUB_SHA" -e "GITHUB_REPOSITORY" -e "GITHUB_REPOSITORY_OWNER" -e "GITHUB_REPOSITORY_OWNER_ID" -e "GITHUB_RUN_ID" -e "GITHUB_RUN_NUMBER" -e "GITHUB_RETENTION_DAYS" -e "GITHUB_RUN_ATTEMPT" -e "GITHUB_ACTOR_ID" -e "GITHUB_ACTOR" -e "GITHUB_WORKFLOW" -e "GITHUB_HEAD_REF" -e "GITHUB_BASE_REF" -e "GITHUB_EVENT_NAME" -e "GITHUB_SERVER_URL" -e "GITHUB_API_URL" -e "GITHUB_GRAPHQL_URL" -e "GITHUB_REF_NAME" -e "GITHUB_REF_PROTECTED" -e "GITHUB_REF_TYPE" -e "GITHUB_WORKFLOW_REF" -e "GITHUB_WORKFLOW_SHA" -e "GITHUB_REPOSITORY_ID" -e "GITHUB_TRIGGERING_ACTOR" -e "GITHUB_WORKSPACE" -e "GITHUB_ACTION" -e "GITHUB_EVENT_PATH" -e "GITHUB_ACTION_REPOSITORY" -e "GITHUB_ACTION_REF" -e "GITHUB_PATH" -e "GITHUB_ENV" -e "GITHUB_STEP_SUMMARY" -e "GITHUB_STATE" -e "GITHUB_OUTPUT" -e "RUNNER_OS" -e "RUNNER_ARCH" -e "RUNNER_NAME" -e "RUNNER_ENVIRONMENT" -e "RUNNER_TOOL_CACHE" -e "RUNNER_TEMP" -e "RUNNER_WORKSPACE" 44f421c8e643fdf22ab12ae1d94295edccd7b8f1afc5f34266e9cbbaa9a97f77 sh -e /__w/_temp/91e49290-a400-4e44-b095-e0fc9b20d810.sh'
[2025-03-13 22:04:55Z INFO ProcessInvokerWrapper]   Working directory: '/home/jenny/tensorflow-mri/actions-runner/_work'
[2025-03-13 22:04:55Z INFO ProcessInvokerWrapper]   Require exit code zero: 'False'
[2025-03-13 22:04:55Z INFO ProcessInvokerWrapper]   Encoding web name:  ; code page: ''
[2025-03-13 22:04:55Z INFO ProcessInvokerWrapper]   Force kill process on cancellation: 'False'
[2025-03-13 22:04:55Z INFO ProcessInvokerWrapper]   Redirected STDIN: 'False'
[2025-03-13 22:04:55Z INFO ProcessInvokerWrapper]   Persist current code page: 'False'
[2025-03-13 22:04:55Z INFO ProcessInvokerWrapper]   Keep redirected STDIN open: 'False'
[2025-03-13 22:04:55Z INFO ProcessInvokerWrapper]   High priority process: 'False'
[2025-03-13 22:04:55Z INFO ProcessInvokerWrapper] Updated oom_score_adj to 500 for PID: 2245900.
[2025-03-13 22:04:55Z INFO ProcessInvokerWrapper] Process started with process id 2245900, waiting for process exit.
[2025-03-13 22:04:55Z INFO JobServerQueue] Try to upload 1 log files or attachments, success rate: 1/1.
[2025-03-13 22:04:55Z INFO ProcessInvokerWrapper] STDOUT/STDERR stream read finished.
[2025-03-13 22:04:55Z INFO ProcessInvokerWrapper] STDOUT/STDERR stream read finished.
[2025-03-13 22:04:55Z INFO ProcessInvokerWrapper] Finished process 2245900 with exit code 0, and elapsed time 00:00:00.0679787.
[2025-03-13 22:04:55Z INFO CreateStepSummaryCommand] Step Summary file (/home/jenny/tensorflow-mri/actions-runner/_work/_temp/_runner_file_commands/step_summary_b95d08c7-89cf-458e-ac1d-13fbaa4625ed) is empty; skipping attachment upload
[2025-03-13 22:04:55Z INFO StepsRunner] Step result: 
[2025-03-13 22:04:55Z INFO ExecutionContext] Publish step telemetry for current step {
  "action": "sh",
  "type": "run",
  "stage": "Main",
  "stepId": "67d41f3f-f2e4-48fd-8743-d2c388c296ec",
  "stepContextName": "__run",
  "result": "succeeded",
  "errorMessages": [],
  "executionTimeInSeconds": 1,
  "startTime": "2025-03-13T22:04:55.1149869Z",
  "finishTime": "2025-03-13T22:04:55.191906Z"
}.
[2025-03-13 22:04:55Z INFO StepsRunner] No need for updating job result with current step result 'Succeeded'.
[2025-03-13 22:04:55Z INFO StepsRunner] Current state: job state = ''
[2025-03-13 22:04:55Z INFO StepsRunner] Processing step: DisplayName='Lint code'
[2025-03-13 22:04:55Z INFO StepsRunner] Evaluating: success()
[2025-03-13 22:04:55Z INFO StepsRunner] Result: true
[2025-03-13 22:04:55Z INFO StepsRunner] Starting the step.
[2025-03-13 22:04:55Z INFO HostContext] Well known directory 'Bin': '/home/jenny/tensorflow-mri/actions-runner/bin'
[2025-03-13 22:04:55Z INFO HostContext] Well known directory 'Root': '/home/jenny/tensorflow-mri/actions-runner'
[2025-03-13 22:04:55Z INFO HostContext] Well known directory 'Work': '/home/jenny/tensorflow-mri/actions-runner/_work'
[2025-03-13 22:04:55Z INFO HostContext] Well known directory 'Temp': '/home/jenny/tensorflow-mri/actions-runner/_work/_temp'
[2025-03-13 22:04:55Z INFO ExecutionContext] Write event payload to /home/jenny/tensorflow-mri/actions-runner/_work/_temp/_github_workflow/event.json
[2025-03-13 22:04:55Z INFO HostContext] Well known directory 'Bin': '/home/jenny/tensorflow-mri/actions-runner/bin'
[2025-03-13 22:04:55Z INFO HostContext] Well known directory 'Root': '/home/jenny/tensorflow-mri/actions-runner'
[2025-03-13 22:04:55Z INFO HostContext] Well known directory 'Work': '/home/jenny/tensorflow-mri/actions-runner/_work'
[2025-03-13 22:04:55Z INFO HostContext] Well known directory 'Temp': '/home/jenny/tensorflow-mri/actions-runner/_work/_temp'
[2025-03-13 22:04:55Z INFO ExtensionManager] Getting extensions for interface: 'GitHub.Runner.Worker.IFileCommandExtension'
[2025-03-13 22:04:55Z INFO ExtensionManager] Getting extensions for interface: 'GitHub.Runner.Worker.IActionCommandExtension'
[2025-03-13 22:04:55Z INFO ActionCommandManager] Register action command extension for command internal-set-repo-path
[2025-03-13 22:04:55Z INFO ActionCommandManager] Register action command extension for command set-env
[2025-03-13 22:04:55Z INFO ActionCommandManager] Register action command extension for command set-output
[2025-03-13 22:04:55Z INFO ActionCommandManager] Register action command extension for command save-state
[2025-03-13 22:04:55Z INFO ActionCommandManager] Register action command extension for command add-path
[2025-03-13 22:04:55Z INFO ActionCommandManager] Register action command extension for command add-mask
[2025-03-13 22:04:55Z INFO ActionCommandManager] Register action command extension for command add-matcher
[2025-03-13 22:04:55Z INFO ActionCommandManager] Register action command extension for command remove-matcher
[2025-03-13 22:04:55Z INFO ActionCommandManager] Register action command extension for command warning
[2025-03-13 22:04:55Z INFO ActionCommandManager] Register action command extension for command error
[2025-03-13 22:04:55Z INFO ActionCommandManager] Register action command extension for command notice
[2025-03-13 22:04:55Z INFO ActionCommandManager] Register action command extension for command debug
[2025-03-13 22:04:55Z INFO ActionCommandManager] Register action command extension for command group
[2025-03-13 22:04:55Z INFO ActionCommandManager] Register action command extension for command endgroup
[2025-03-13 22:04:55Z INFO ActionCommandManager] Register action command extension for command echo
[2025-03-13 22:04:55Z INFO HostContext] Well known directory 'Bin': '/home/jenny/tensorflow-mri/actions-runner/bin'
[2025-03-13 22:04:55Z INFO HostContext] Well known directory 'Root': '/home/jenny/tensorflow-mri/actions-runner'
[2025-03-13 22:04:55Z INFO HostContext] Well known directory 'Work': '/home/jenny/tensorflow-mri/actions-runner/_work'
[2025-03-13 22:04:55Z INFO HostContext] Well known directory 'Temp': '/home/jenny/tensorflow-mri/actions-runner/_work/_temp'
[2025-03-13 22:04:55Z INFO ScriptHandler] Which2: 'bash'
[2025-03-13 22:04:55Z INFO ScriptHandler] Location: '/usr/bin/bash'
[2025-03-13 22:04:55Z INFO HostContext] Well known directory 'Bin': '/home/jenny/tensorflow-mri/actions-runner/bin'
[2025-03-13 22:04:55Z INFO HostContext] Well known directory 'Root': '/home/jenny/tensorflow-mri/actions-runner'
[2025-03-13 22:04:55Z INFO HostContext] Well known directory 'Work': '/home/jenny/tensorflow-mri/actions-runner/_work'
[2025-03-13 22:04:55Z INFO ProcessInvokerWrapper] Starting process:
[2025-03-13 22:04:55Z INFO ProcessInvokerWrapper]   File name: '/usr/bin/docker'
[2025-03-13 22:04:55Z INFO ProcessInvokerWrapper]   Arguments: 'exec -i --workdir /__w/tensorflow-mri/tensorflow-mri -e "PYTHON" -e "GITHUB_JOB" -e "GITHUB_REF" -e "GITHUB_SHA" -e "GITHUB_REPOSITORY" -e "GITHUB_REPOSITORY_OWNER" -e "GITHUB_REPOSITORY_OWNER_ID" -e "GITHUB_RUN_ID" -e "GITHUB_RUN_NUMBER" -e "GITHUB_RETENTION_DAYS" -e "GITHUB_RUN_ATTEMPT" -e "GITHUB_ACTOR_ID" -e "GITHUB_ACTOR" -e "GITHUB_WORKFLOW" -e "GITHUB_HEAD_REF" -e "GITHUB_BASE_REF" -e "GITHUB_EVENT_NAME" -e "GITHUB_SERVER_URL" -e "GITHUB_API_URL" -e "GITHUB_GRAPHQL_URL" -e "GITHUB_REF_NAME" -e "GITHUB_REF_PROTECTED" -e "GITHUB_REF_TYPE" -e "GITHUB_WORKFLOW_REF" -e "GITHUB_WORKFLOW_SHA" -e "GITHUB_REPOSITORY_ID" -e "GITHUB_TRIGGERING_ACTOR" -e "GITHUB_WORKSPACE" -e "GITHUB_ACTION" -e "GITHUB_EVENT_PATH" -e "GITHUB_ACTION_REPOSITORY" -e "GITHUB_ACTION_REF" -e "GITHUB_PATH" -e "GITHUB_ENV" -e "GITHUB_STEP_SUMMARY" -e "GITHUB_STATE" -e "GITHUB_OUTPUT" -e "RUNNER_OS" -e "RUNNER_ARCH" -e "RUNNER_NAME" -e "RUNNER_ENVIRONMENT" -e "RUNNER_TOOL_CACHE" -e "RUNNER_TEMP" -e "RUNNER_WORKSPACE" 44f421c8e643fdf22ab12ae1d94295edccd7b8f1afc5f34266e9cbbaa9a97f77 sh -e /__w/_temp/e93d264d-95ee-4ba7-af45-e0b3b5d09ab2.sh'
[2025-03-13 22:04:55Z INFO ProcessInvokerWrapper]   Working directory: '/home/jenny/tensorflow-mri/actions-runner/_work'
[2025-03-13 22:04:55Z INFO ProcessInvokerWrapper]   Require exit code zero: 'False'
[2025-03-13 22:04:55Z INFO ProcessInvokerWrapper]   Encoding web name:  ; code page: ''
[2025-03-13 22:04:55Z INFO ProcessInvokerWrapper]   Force kill process on cancellation: 'False'
[2025-03-13 22:04:55Z INFO ProcessInvokerWrapper]   Redirected STDIN: 'False'
[2025-03-13 22:04:55Z INFO ProcessInvokerWrapper]   Persist current code page: 'False'
[2025-03-13 22:04:55Z INFO ProcessInvokerWrapper]   Keep redirected STDIN open: 'False'
[2025-03-13 22:04:55Z INFO ProcessInvokerWrapper]   High priority process: 'False'
[2025-03-13 22:04:55Z INFO ProcessInvokerWrapper] Updated oom_score_adj to 500 for PID: 2245946.
[2025-03-13 22:04:55Z INFO ProcessInvokerWrapper] Process started with process id 2245946, waiting for process exit.
[2025-03-13 22:04:55Z INFO JobServerQueue] Got a step log file to send to results service.
[2025-03-13 22:04:55Z INFO JobServerQueue] Starting upload of step log file to results service ResultsLog, /home/jenny/tensorflow-mri/actions-runner/_diag/blocks/d71dd0fc-fe6f-43fb-acd0-d1c60c83f82d_cb1163e3-f64c-427a-a716-36071b255a60.1
[2025-03-13 22:04:55Z INFO JobServerQueue] Try to append 1 batches web console lines for record '3465f2af-bcd5-48df-9f5b-0cff84360c7a', success rate: 1/1.
[2025-03-13 22:04:55Z INFO JobServerQueue] Try to append 1 batches web console lines for record '67d41f3f-f2e4-48fd-8743-d2c388c296ec', success rate: 1/1.
[2025-03-13 22:04:55Z INFO JobServerQueue] Try to append 1 batches web console lines for record 'a6a40888-1cb7-457c-b4a8-d96f1f94653c', success rate: 1/1.
[2025-03-13 22:04:55Z INFO JobServerQueue] Try to append 1 batches web console lines for record 'a6a40888-1cb7-457c-b4a8-d96f1f94653c', success rate: 1/1.
[2025-03-13 22:04:55Z INFO JobServerQueue] Got a step log file to send to results service.
[2025-03-13 22:04:55Z INFO JobServerQueue] Starting upload of step log file to results service ResultsLog, /home/jenny/tensorflow-mri/actions-runner/_diag/blocks/d71dd0fc-fe6f-43fb-acd0-d1c60c83f82d_3465f2af-bcd5-48df-9f5b-0cff84360c7a.1
[2025-03-13 22:04:55Z INFO JobServerQueue] Try to append 1 batches web console lines for record 'a6a40888-1cb7-457c-b4a8-d96f1f94653c', success rate: 1/1.
[2025-03-13 22:04:55Z INFO JobServerQueue] Got a step log file to send to results service.
[2025-03-13 22:04:55Z INFO JobServerQueue] Starting upload of step log file to results service ResultsLog, /home/jenny/tensorflow-mri/actions-runner/_diag/blocks/d71dd0fc-fe6f-43fb-acd0-d1c60c83f82d_67d41f3f-f2e4-48fd-8743-d2c388c296ec.1
[2025-03-13 22:04:56Z INFO JobServerQueue] Try to upload 1 log files or attachments, success rate: 1/1.
[2025-03-13 22:04:56Z INFO JobServerQueue] Tried to upload 3 file(s) to results, success rate: 3/3.
[2025-03-13 22:04:57Z INFO JobServerQueue] Try to append 1 batches web console lines for record 'a6a40888-1cb7-457c-b4a8-d96f1f94653c', success rate: 1/1.
[2025-03-13 22:04:57Z INFO JobServerQueue] Try to append 1 batches web console lines for record 'a6a40888-1cb7-457c-b4a8-d96f1f94653c', success rate: 1/1.
[2025-03-13 22:04:59Z INFO JobServerQueue] Try to append 1 batches web console lines for record 'a6a40888-1cb7-457c-b4a8-d96f1f94653c', success rate: 1/1.
[2025-03-13 22:05:02Z INFO HostContext] Well known directory 'Bin': '/home/jenny/tensorflow-mri/actions-runner/bin'
[2025-03-13 22:05:02Z INFO HostContext] Well known directory 'Root': '/home/jenny/tensorflow-mri/actions-runner'
[2025-03-13 22:05:02Z INFO HostContext] Well known directory 'Work': '/home/jenny/tensorflow-mri/actions-runner/_work'
[2025-03-13 22:05:12Z INFO HostContext] Well known directory 'Bin': '/home/jenny/tensorflow-mri/actions-runner/bin'
[2025-03-13 22:05:12Z INFO HostContext] Well known directory 'Root': '/home/jenny/tensorflow-mri/actions-runner'
[2025-03-13 22:05:12Z INFO HostContext] Well known directory 'Work': '/home/jenny/tensorflow-mri/actions-runner/_work'
[2025-03-13 22:05:22Z INFO HostContext] Well known directory 'Bin': '/home/jenny/tensorflow-mri/actions-runner/bin'
[2025-03-13 22:05:22Z INFO HostContext] Well known directory 'Root': '/home/jenny/tensorflow-mri/actions-runner'
[2025-03-13 22:05:22Z INFO HostContext] Well known directory 'Work': '/home/jenny/tensorflow-mri/actions-runner/_work'
[2025-03-13 22:05:32Z INFO HostContext] Well known directory 'Bin': '/home/jenny/tensorflow-mri/actions-runner/bin'
[2025-03-13 22:05:32Z INFO HostContext] Well known directory 'Root': '/home/jenny/tensorflow-mri/actions-runner'
[2025-03-13 22:05:32Z INFO HostContext] Well known directory 'Work': '/home/jenny/tensorflow-mri/actions-runner/_work'
[2025-03-13 22:05:33Z INFO JobServerQueue] Try to append 1 batches web console lines for record 'a6a40888-1cb7-457c-b4a8-d96f1f94653c', success rate: 1/1.
[2025-03-13 22:05:39Z INFO ProcessInvokerWrapper] STDOUT/STDERR stream read finished.
[2025-03-13 22:05:39Z INFO ProcessInvokerWrapper] STDOUT/STDERR stream read finished.
[2025-03-13 22:05:39Z INFO ProcessInvokerWrapper] Finished process 2245946 with exit code 0, and elapsed time 00:00:44.6226421.
[2025-03-13 22:05:39Z INFO CreateStepSummaryCommand] Step Summary file (/home/jenny/tensorflow-mri/actions-runner/_work/_temp/_runner_file_commands/step_summary_96eae0ec-d20d-4614-acd3-b1d2f0ca887d) is empty; skipping attachment upload
[2025-03-13 22:05:39Z INFO StepsRunner] Step result: 
[2025-03-13 22:05:39Z INFO ExecutionContext] Publish step telemetry for current step {
  "action": "sh",
  "type": "run",
  "stage": "Main",
  "stepId": "a6a40888-1cb7-457c-b4a8-d96f1f94653c",
  "stepContextName": "__run_2",
  "result": "succeeded",
  "errorMessages": [],
  "executionTimeInSeconds": 45,
  "startTime": "2025-03-13T22:04:55.1927119Z",
  "finishTime": "2025-03-13T22:05:39.8207153Z"
}.
[2025-03-13 22:05:39Z INFO StepsRunner] No need for updating job result with current step result 'Succeeded'.
[2025-03-13 22:05:39Z INFO StepsRunner] Current state: job state = ''
[2025-03-13 22:05:39Z INFO StepsRunner] Processing step: DisplayName='Compile shared library'
[2025-03-13 22:05:39Z INFO StepsRunner] Evaluating: success()
[2025-03-13 22:05:39Z INFO StepsRunner] Result: true
[2025-03-13 22:05:39Z INFO StepsRunner] Starting the step.
[2025-03-13 22:05:39Z INFO HostContext] Well known directory 'Bin': '/home/jenny/tensorflow-mri/actions-runner/bin'
[2025-03-13 22:05:39Z INFO HostContext] Well known directory 'Root': '/home/jenny/tensorflow-mri/actions-runner'
[2025-03-13 22:05:39Z INFO HostContext] Well known directory 'Work': '/home/jenny/tensorflow-mri/actions-runner/_work'
[2025-03-13 22:05:39Z INFO HostContext] Well known directory 'Temp': '/home/jenny/tensorflow-mri/actions-runner/_work/_temp'
[2025-03-13 22:05:39Z INFO ExecutionContext] Write event payload to /home/jenny/tensorflow-mri/actions-runner/_work/_temp/_github_workflow/event.json
[2025-03-13 22:05:39Z INFO HostContext] Well known directory 'Bin': '/home/jenny/tensorflow-mri/actions-runner/bin'
[2025-03-13 22:05:39Z INFO HostContext] Well known directory 'Root': '/home/jenny/tensorflow-mri/actions-runner'
[2025-03-13 22:05:39Z INFO HostContext] Well known directory 'Work': '/home/jenny/tensorflow-mri/actions-runner/_work'
[2025-03-13 22:05:39Z INFO HostContext] Well known directory 'Temp': '/home/jenny/tensorflow-mri/actions-runner/_work/_temp'
[2025-03-13 22:05:39Z INFO ExtensionManager] Getting extensions for interface: 'GitHub.Runner.Worker.IFileCommandExtension'
[2025-03-13 22:05:39Z INFO ExtensionManager] Getting extensions for interface: 'GitHub.Runner.Worker.IActionCommandExtension'
[2025-03-13 22:05:39Z INFO ActionCommandManager] Register action command extension for command internal-set-repo-path
[2025-03-13 22:05:39Z INFO ActionCommandManager] Register action command extension for command set-env
[2025-03-13 22:05:39Z INFO ActionCommandManager] Register action command extension for command set-output
[2025-03-13 22:05:39Z INFO ActionCommandManager] Register action command extension for command save-state
[2025-03-13 22:05:39Z INFO ActionCommandManager] Register action command extension for command add-path
[2025-03-13 22:05:39Z INFO ActionCommandManager] Register action command extension for command add-mask
[2025-03-13 22:05:39Z INFO ActionCommandManager] Register action command extension for command add-matcher
[2025-03-13 22:05:39Z INFO ActionCommandManager] Register action command extension for command remove-matcher
[2025-03-13 22:05:39Z INFO ActionCommandManager] Register action command extension for command warning
[2025-03-13 22:05:39Z INFO ActionCommandManager] Register action command extension for command error
[2025-03-13 22:05:39Z INFO ActionCommandManager] Register action command extension for command notice
[2025-03-13 22:05:39Z INFO ActionCommandManager] Register action command extension for command debug
[2025-03-13 22:05:39Z INFO ActionCommandManager] Register action command extension for command group
[2025-03-13 22:05:39Z INFO ActionCommandManager] Register action command extension for command endgroup
[2025-03-13 22:05:39Z INFO ActionCommandManager] Register action command extension for command echo
[2025-03-13 22:05:39Z INFO HostContext] Well known directory 'Bin': '/home/jenny/tensorflow-mri/actions-runner/bin'
[2025-03-13 22:05:39Z INFO HostContext] Well known directory 'Root': '/home/jenny/tensorflow-mri/actions-runner'
[2025-03-13 22:05:39Z INFO HostContext] Well known directory 'Work': '/home/jenny/tensorflow-mri/actions-runner/_work'
[2025-03-13 22:05:39Z INFO HostContext] Well known directory 'Temp': '/home/jenny/tensorflow-mri/actions-runner/_work/_temp'
[2025-03-13 22:05:39Z INFO ScriptHandler] Which2: 'bash'
[2025-03-13 22:05:39Z INFO ScriptHandler] Location: '/usr/bin/bash'
[2025-03-13 22:05:39Z INFO HostContext] Well known directory 'Bin': '/home/jenny/tensorflow-mri/actions-runner/bin'
[2025-03-13 22:05:39Z INFO HostContext] Well known directory 'Root': '/home/jenny/tensorflow-mri/actions-runner'
[2025-03-13 22:05:39Z INFO HostContext] Well known directory 'Work': '/home/jenny/tensorflow-mri/actions-runner/_work'
[2025-03-13 22:05:39Z INFO ProcessInvokerWrapper] Starting process:
[2025-03-13 22:05:39Z INFO ProcessInvokerWrapper]   File name: '/usr/bin/docker'
[2025-03-13 22:05:39Z INFO ProcessInvokerWrapper]   Arguments: 'exec -i --workdir /__w/tensorflow-mri/tensorflow-mri -e "PYTHON" -e "GITHUB_JOB" -e "GITHUB_REF" -e "GITHUB_SHA" -e "GITHUB_REPOSITORY" -e "GITHUB_REPOSITORY_OWNER" -e "GITHUB_REPOSITORY_OWNER_ID" -e "GITHUB_RUN_ID" -e "GITHUB_RUN_NUMBER" -e "GITHUB_RETENTION_DAYS" -e "GITHUB_RUN_ATTEMPT" -e "GITHUB_ACTOR_ID" -e "GITHUB_ACTOR" -e "GITHUB_WORKFLOW" -e "GITHUB_HEAD_REF" -e "GITHUB_BASE_REF" -e "GITHUB_EVENT_NAME" -e "GITHUB_SERVER_URL" -e "GITHUB_API_URL" -e "GITHUB_GRAPHQL_URL" -e "GITHUB_REF_NAME" -e "GITHUB_REF_PROTECTED" -e "GITHUB_REF_TYPE" -e "GITHUB_WORKFLOW_REF" -e "GITHUB_WORKFLOW_SHA" -e "GITHUB_REPOSITORY_ID" -e "GITHUB_TRIGGERING_ACTOR" -e "GITHUB_WORKSPACE" -e "GITHUB_ACTION" -e "GITHUB_EVENT_PATH" -e "GITHUB_ACTION_REPOSITORY" -e "GITHUB_ACTION_REF" -e "GITHUB_PATH" -e "GITHUB_ENV" -e "GITHUB_STEP_SUMMARY" -e "GITHUB_STATE" -e "GITHUB_OUTPUT" -e "RUNNER_OS" -e "RUNNER_ARCH" -e "RUNNER_NAME" -e "RUNNER_ENVIRONMENT" -e "RUNNER_TOOL_CACHE" -e "RUNNER_TEMP" -e "RUNNER_WORKSPACE" 44f421c8e643fdf22ab12ae1d94295edccd7b8f1afc5f34266e9cbbaa9a97f77 sh -e /__w/_temp/28bc497e-53e1-4d2e-bbce-e9344da2ddab.sh'
[2025-03-13 22:05:39Z INFO ProcessInvokerWrapper]   Working directory: '/home/jenny/tensorflow-mri/actions-runner/_work'
[2025-03-13 22:05:39Z INFO ProcessInvokerWrapper]   Require exit code zero: 'False'
[2025-03-13 22:05:39Z INFO ProcessInvokerWrapper]   Encoding web name:  ; code page: ''
[2025-03-13 22:05:39Z INFO ProcessInvokerWrapper]   Force kill process on cancellation: 'False'
[2025-03-13 22:05:39Z INFO ProcessInvokerWrapper]   Redirected STDIN: 'False'
[2025-03-13 22:05:39Z INFO ProcessInvokerWrapper]   Persist current code page: 'False'
[2025-03-13 22:05:39Z INFO ProcessInvokerWrapper]   Keep redirected STDIN open: 'False'
[2025-03-13 22:05:39Z INFO ProcessInvokerWrapper]   High priority process: 'False'
[2025-03-13 22:05:39Z INFO ProcessInvokerWrapper] Updated oom_score_adj to 500 for PID: 2246238.
[2025-03-13 22:05:39Z INFO ProcessInvokerWrapper] Process started with process id 2246238, waiting for process exit.
[2025-03-13 22:05:39Z INFO JobServerQueue] Try to append 1 batches web console lines for record '9cd33e31-6857-4300-9836-1b5c4f581ecc', success rate: 1/1.
[2025-03-13 22:05:40Z INFO JobServerQueue] Try to append 1 batches web console lines for record '9cd33e31-6857-4300-9836-1b5c4f581ecc', success rate: 1/1.
[2025-03-13 22:05:40Z INFO JobServerQueue] Try to upload 1 log files or attachments, success rate: 1/1.
[2025-03-13 22:05:40Z INFO JobServerQueue] Got a step log file to send to results service.
[2025-03-13 22:05:40Z INFO JobServerQueue] Starting upload of step log file to results service ResultsLog, /home/jenny/tensorflow-mri/actions-runner/_diag/blocks/d71dd0fc-fe6f-43fb-acd0-d1c60c83f82d_a6a40888-1cb7-457c-b4a8-d96f1f94653c.1
[2025-03-13 22:05:40Z INFO JobServerQueue] Try to append 1 batches web console lines for record '9cd33e31-6857-4300-9836-1b5c4f581ecc', success rate: 1/1.
[2025-03-13 22:05:40Z INFO JobServerQueue] Tried to upload 1 file(s) to results, success rate: 1/1.
[2025-03-13 22:05:41Z INFO JobServerQueue] Try to append 1 batches web console lines for record '9cd33e31-6857-4300-9836-1b5c4f581ecc', success rate: 1/1.
[2025-03-13 22:05:42Z INFO HostContext] Well known directory 'Bin': '/home/jenny/tensorflow-mri/actions-runner/bin'
[2025-03-13 22:05:42Z INFO HostContext] Well known directory 'Root': '/home/jenny/tensorflow-mri/actions-runner'
[2025-03-13 22:05:42Z INFO HostContext] Well known directory 'Work': '/home/jenny/tensorflow-mri/actions-runner/_work'
[2025-03-13 22:05:42Z INFO JobServerQueue] Try to append 1 batches web console lines for record '9cd33e31-6857-4300-9836-1b5c4f581ecc', success rate: 1/1.
[2025-03-13 22:05:43Z INFO JobServerQueue] Try to append 1 batches web console lines for record '9cd33e31-6857-4300-9836-1b5c4f581ecc', success rate: 1/1.
[2025-03-13 22:05:49Z INFO JobServerQueue] Try to append 2 batches web console lines for record '9cd33e31-6857-4300-9836-1b5c4f581ecc', success rate: 2/2.
[2025-03-13 22:05:50Z INFO JobServerQueue] Try to append 1 batches web console lines for record '9cd33e31-6857-4300-9836-1b5c4f581ecc', success rate: 1/1.
[2025-03-13 22:05:50Z INFO JobServerQueue] Try to append 1 batches web console lines for record '9cd33e31-6857-4300-9836-1b5c4f581ecc', success rate: 1/1.
[2025-03-13 22:05:50Z INFO ProcessInvokerWrapper] STDOUT/STDERR stream read finished.
[2025-03-13 22:05:50Z INFO ProcessInvokerWrapper] STDOUT/STDERR stream read finished.
[2025-03-13 22:05:50Z INFO ProcessInvokerWrapper] Finished process 2246238 with exit code 0, and elapsed time 00:00:10.6257203.
[2025-03-13 22:05:50Z INFO CreateStepSummaryCommand] Step Summary file (/home/jenny/tensorflow-mri/actions-runner/_work/_temp/_runner_file_commands/step_summary_fffb792e-5fb3-4bcd-b940-4dfe73c4a3a1) is empty; skipping attachment upload
[2025-03-13 22:05:50Z INFO StepsRunner] Step result: 
[2025-03-13 22:05:50Z INFO ExecutionContext] Publish step telemetry for current step {
  "action": "sh",
  "type": "run",
  "stage": "Main",
  "stepId": "9cd33e31-6857-4300-9836-1b5c4f581ecc",
  "stepContextName": "__run_3",
  "result": "succeeded",
  "errorMessages": [],
  "executionTimeInSeconds": 11,
  "startTime": "2025-03-13T22:05:39.8212896Z",
  "finishTime": "2025-03-13T22:05:50.4519216Z"
}.
[2025-03-13 22:05:50Z INFO StepsRunner] No need for updating job result with current step result 'Succeeded'.
[2025-03-13 22:05:50Z INFO StepsRunner] Current state: job state = ''
[2025-03-13 22:05:50Z INFO StepsRunner] Processing step: DisplayName='Install required packages'
[2025-03-13 22:05:50Z INFO StepsRunner] Evaluating: success()
[2025-03-13 22:05:50Z INFO StepsRunner] Result: true
[2025-03-13 22:05:50Z INFO StepsRunner] Starting the step.
[2025-03-13 22:05:50Z INFO HostContext] Well known directory 'Bin': '/home/jenny/tensorflow-mri/actions-runner/bin'
[2025-03-13 22:05:50Z INFO HostContext] Well known directory 'Root': '/home/jenny/tensorflow-mri/actions-runner'
[2025-03-13 22:05:50Z INFO HostContext] Well known directory 'Work': '/home/jenny/tensorflow-mri/actions-runner/_work'
[2025-03-13 22:05:50Z INFO HostContext] Well known directory 'Temp': '/home/jenny/tensorflow-mri/actions-runner/_work/_temp'
[2025-03-13 22:05:50Z INFO ExecutionContext] Write event payload to /home/jenny/tensorflow-mri/actions-runner/_work/_temp/_github_workflow/event.json
[2025-03-13 22:05:50Z INFO HostContext] Well known directory 'Bin': '/home/jenny/tensorflow-mri/actions-runner/bin'
[2025-03-13 22:05:50Z INFO HostContext] Well known directory 'Root': '/home/jenny/tensorflow-mri/actions-runner'
[2025-03-13 22:05:50Z INFO HostContext] Well known directory 'Work': '/home/jenny/tensorflow-mri/actions-runner/_work'
[2025-03-13 22:05:50Z INFO HostContext] Well known directory 'Temp': '/home/jenny/tensorflow-mri/actions-runner/_work/_temp'
[2025-03-13 22:05:50Z INFO ExtensionManager] Getting extensions for interface: 'GitHub.Runner.Worker.IFileCommandExtension'
[2025-03-13 22:05:50Z INFO ExtensionManager] Getting extensions for interface: 'GitHub.Runner.Worker.IActionCommandExtension'
[2025-03-13 22:05:50Z INFO ActionCommandManager] Register action command extension for command internal-set-repo-path
[2025-03-13 22:05:50Z INFO ActionCommandManager] Register action command extension for command set-env
[2025-03-13 22:05:50Z INFO ActionCommandManager] Register action command extension for command set-output
[2025-03-13 22:05:50Z INFO ActionCommandManager] Register action command extension for command save-state
[2025-03-13 22:05:50Z INFO ActionCommandManager] Register action command extension for command add-path
[2025-03-13 22:05:50Z INFO ActionCommandManager] Register action command extension for command add-mask
[2025-03-13 22:05:50Z INFO ActionCommandManager] Register action command extension for command add-matcher
[2025-03-13 22:05:50Z INFO ActionCommandManager] Register action command extension for command remove-matcher
[2025-03-13 22:05:50Z INFO ActionCommandManager] Register action command extension for command warning
[2025-03-13 22:05:50Z INFO ActionCommandManager] Register action command extension for command error
[2025-03-13 22:05:50Z INFO ActionCommandManager] Register action command extension for command notice
[2025-03-13 22:05:50Z INFO ActionCommandManager] Register action command extension for command debug
[2025-03-13 22:05:50Z INFO ActionCommandManager] Register action command extension for command group
[2025-03-13 22:05:50Z INFO ActionCommandManager] Register action command extension for command endgroup
[2025-03-13 22:05:50Z INFO ActionCommandManager] Register action command extension for command echo
[2025-03-13 22:05:50Z INFO HostContext] Well known directory 'Bin': '/home/jenny/tensorflow-mri/actions-runner/bin'
[2025-03-13 22:05:50Z INFO HostContext] Well known directory 'Root': '/home/jenny/tensorflow-mri/actions-runner'
[2025-03-13 22:05:50Z INFO HostContext] Well known directory 'Work': '/home/jenny/tensorflow-mri/actions-runner/_work'
[2025-03-13 22:05:50Z INFO HostContext] Well known directory 'Temp': '/home/jenny/tensorflow-mri/actions-runner/_work/_temp'
[2025-03-13 22:05:50Z INFO ScriptHandler] Which2: 'bash'
[2025-03-13 22:05:50Z INFO ScriptHandler] Location: '/usr/bin/bash'
[2025-03-13 22:05:50Z INFO HostContext] Well known directory 'Bin': '/home/jenny/tensorflow-mri/actions-runner/bin'
[2025-03-13 22:05:50Z INFO HostContext] Well known directory 'Root': '/home/jenny/tensorflow-mri/actions-runner'
[2025-03-13 22:05:50Z INFO HostContext] Well known directory 'Work': '/home/jenny/tensorflow-mri/actions-runner/_work'
[2025-03-13 22:05:50Z INFO ProcessInvokerWrapper] Starting process:
[2025-03-13 22:05:50Z INFO ProcessInvokerWrapper]   File name: '/usr/bin/docker'
[2025-03-13 22:05:50Z INFO ProcessInvokerWrapper]   Arguments: 'exec -i --workdir /__w/tensorflow-mri/tensorflow-mri -e "PYTHON" -e "GITHUB_JOB" -e "GITHUB_REF" -e "GITHUB_SHA" -e "GITHUB_REPOSITORY" -e "GITHUB_REPOSITORY_OWNER" -e "GITHUB_REPOSITORY_OWNER_ID" -e "GITHUB_RUN_ID" -e "GITHUB_RUN_NUMBER" -e "GITHUB_RETENTION_DAYS" -e "GITHUB_RUN_ATTEMPT" -e "GITHUB_ACTOR_ID" -e "GITHUB_ACTOR" -e "GITHUB_WORKFLOW" -e "GITHUB_HEAD_REF" -e "GITHUB_BASE_REF" -e "GITHUB_EVENT_NAME" -e "GITHUB_SERVER_URL" -e "GITHUB_API_URL" -e "GITHUB_GRAPHQL_URL" -e "GITHUB_REF_NAME" -e "GITHUB_REF_PROTECTED" -e "GITHUB_REF_TYPE" -e "GITHUB_WORKFLOW_REF" -e "GITHUB_WORKFLOW_SHA" -e "GITHUB_REPOSITORY_ID" -e "GITHUB_TRIGGERING_ACTOR" -e "GITHUB_WORKSPACE" -e "GITHUB_ACTION" -e "GITHUB_EVENT_PATH" -e "GITHUB_ACTION_REPOSITORY" -e "GITHUB_ACTION_REF" -e "GITHUB_PATH" -e "GITHUB_ENV" -e "GITHUB_STEP_SUMMARY" -e "GITHUB_STATE" -e "GITHUB_OUTPUT" -e "RUNNER_OS" -e "RUNNER_ARCH" -e "RUNNER_NAME" -e "RUNNER_ENVIRONMENT" -e "RUNNER_TOOL_CACHE" -e "RUNNER_TEMP" -e "RUNNER_WORKSPACE" 44f421c8e643fdf22ab12ae1d94295edccd7b8f1afc5f34266e9cbbaa9a97f77 sh -e /__w/_temp/b9b20548-68db-4de8-94c0-6473e5b81566.sh'
[2025-03-13 22:05:50Z INFO ProcessInvokerWrapper]   Working directory: '/home/jenny/tensorflow-mri/actions-runner/_work'
[2025-03-13 22:05:50Z INFO ProcessInvokerWrapper]   Require exit code zero: 'False'
[2025-03-13 22:05:50Z INFO ProcessInvokerWrapper]   Encoding web name:  ; code page: ''
[2025-03-13 22:05:50Z INFO ProcessInvokerWrapper]   Force kill process on cancellation: 'False'
[2025-03-13 22:05:50Z INFO ProcessInvokerWrapper]   Redirected STDIN: 'False'
[2025-03-13 22:05:50Z INFO ProcessInvokerWrapper]   Persist current code page: 'False'
[2025-03-13 22:05:50Z INFO ProcessInvokerWrapper]   Keep redirected STDIN open: 'False'
[2025-03-13 22:05:50Z INFO ProcessInvokerWrapper]   High priority process: 'False'
[2025-03-13 22:05:50Z INFO ProcessInvokerWrapper] Updated oom_score_adj to 500 for PID: 2246469.
[2025-03-13 22:05:50Z INFO ProcessInvokerWrapper] Process started with process id 2246469, waiting for process exit.
[2025-03-13 22:05:50Z INFO JobServerQueue] Got a step log file to send to results service.
[2025-03-13 22:05:50Z INFO JobServerQueue] Starting upload of step log file to results service ResultsLog, /home/jenny/tensorflow-mri/actions-runner/_diag/blocks/d71dd0fc-fe6f-43fb-acd0-d1c60c83f82d_9cd33e31-6857-4300-9836-1b5c4f581ecc.1
[2025-03-13 22:05:50Z INFO JobServerQueue] Stop aggressive process web console line queue.
[2025-03-13 22:05:50Z INFO JobServerQueue] Try to append 1 batches web console lines for record '9cd33e31-6857-4300-9836-1b5c4f581ecc', success rate: 1/1.
[2025-03-13 22:05:50Z INFO JobServerQueue] Try to append 1 batches web console lines for record '1d31c8d0-3a06-47db-8140-5b533c818415', success rate: 1/1.
[2025-03-13 22:05:51Z INFO JobServerQueue] Tried to upload 1 file(s) to results, success rate: 1/1.
[2025-03-13 22:05:51Z INFO JobServerQueue] Try to upload 1 log files or attachments, success rate: 1/1.
[2025-03-13 22:05:51Z INFO JobServerQueue] Try to append 1 batches web console lines for record '1d31c8d0-3a06-47db-8140-5b533c818415', success rate: 1/1.
[2025-03-13 22:05:51Z INFO JobServerQueue] Try to append 1 batches web console lines for record '1d31c8d0-3a06-47db-8140-5b533c818415', success rate: 1/1.
[2025-03-13 22:05:52Z INFO HostContext] Well known directory 'Bin': '/home/jenny/tensorflow-mri/actions-runner/bin'
[2025-03-13 22:05:52Z INFO HostContext] Well known directory 'Root': '/home/jenny/tensorflow-mri/actions-runner'
[2025-03-13 22:05:52Z INFO HostContext] Well known directory 'Work': '/home/jenny/tensorflow-mri/actions-runner/_work'
[2025-03-13 22:05:52Z INFO JobServerQueue] Try to append 1 batches web console lines for record '1d31c8d0-3a06-47db-8140-5b533c818415', success rate: 1/1.
[2025-03-13 22:05:54Z INFO JobServerQueue] Try to append 1 batches web console lines for record '1d31c8d0-3a06-47db-8140-5b533c818415', success rate: 1/1.
[2025-03-13 22:05:55Z INFO JobServerQueue] Try to append 1 batches web console lines for record '1d31c8d0-3a06-47db-8140-5b533c818415', success rate: 1/1.
[2025-03-13 22:05:56Z INFO JobServerQueue] Try to append 1 batches web console lines for record '1d31c8d0-3a06-47db-8140-5b533c818415', success rate: 1/1.
[2025-03-13 22:05:56Z INFO JobServerQueue] Try to append 1 batches web console lines for record '1d31c8d0-3a06-47db-8140-5b533c818415', success rate: 1/1.
[2025-03-13 22:05:57Z INFO JobServerQueue] Try to append 1 batches web console lines for record '1d31c8d0-3a06-47db-8140-5b533c818415', success rate: 1/1.
[2025-03-13 22:05:59Z INFO JobServerQueue] Try to append 1 batches web console lines for record '1d31c8d0-3a06-47db-8140-5b533c818415', success rate: 1/1.
[2025-03-13 22:05:59Z INFO JobServerQueue] Try to append 1 batches web console lines for record '1d31c8d0-3a06-47db-8140-5b533c818415', success rate: 1/1.
[2025-03-13 22:06:01Z INFO JobServerQueue] Try to append 1 batches web console lines for record '1d31c8d0-3a06-47db-8140-5b533c818415', success rate: 1/1.
[2025-03-13 22:06:02Z INFO HostContext] Well known directory 'Bin': '/home/jenny/tensorflow-mri/actions-runner/bin'
[2025-03-13 22:06:02Z INFO HostContext] Well known directory 'Root': '/home/jenny/tensorflow-mri/actions-runner'
[2025-03-13 22:06:02Z INFO HostContext] Well known directory 'Work': '/home/jenny/tensorflow-mri/actions-runner/_work'
[2025-03-13 22:06:02Z INFO JobServerQueue] Try to append 1 batches web console lines for record '1d31c8d0-3a06-47db-8140-5b533c818415', success rate: 1/1.
[2025-03-13 22:06:03Z INFO JobServerQueue] Try to append 1 batches web console lines for record '1d31c8d0-3a06-47db-8140-5b533c818415', success rate: 1/1.
[2025-03-13 22:06:03Z INFO JobServerQueue] Try to append 1 batches web console lines for record '1d31c8d0-3a06-47db-8140-5b533c818415', success rate: 1/1.
[2025-03-13 22:06:04Z INFO JobServerQueue] Try to append 1 batches web console lines for record '1d31c8d0-3a06-47db-8140-5b533c818415', success rate: 1/1.
[2025-03-13 22:06:04Z INFO JobServerQueue] Try to append 1 batches web console lines for record '1d31c8d0-3a06-47db-8140-5b533c818415', success rate: 1/1.
[2025-03-13 22:06:05Z INFO JobServerQueue] Try to append 1 batches web console lines for record '1d31c8d0-3a06-47db-8140-5b533c818415', success rate: 1/1.
[2025-03-13 22:06:06Z INFO JobServerQueue] Try to append 1 batches web console lines for record '1d31c8d0-3a06-47db-8140-5b533c818415', success rate: 1/1.
[2025-03-13 22:06:06Z INFO JobServerQueue] Try to append 1 batches web console lines for record '1d31c8d0-3a06-47db-8140-5b533c818415', success rate: 1/1.
[2025-03-13 22:06:07Z INFO JobServerQueue] Try to append 1 batches web console lines for record '1d31c8d0-3a06-47db-8140-5b533c818415', success rate: 1/1.
[2025-03-13 22:06:07Z INFO JobServerQueue] Try to append 1 batches web console lines for record '1d31c8d0-3a06-47db-8140-5b533c818415', success rate: 1/1.
[2025-03-13 22:06:08Z INFO JobServerQueue] Try to append 1 batches web console lines for record '1d31c8d0-3a06-47db-8140-5b533c818415', success rate: 1/1.
[2025-03-13 22:06:08Z INFO JobServerQueue] Try to append 1 batches web console lines for record '1d31c8d0-3a06-47db-8140-5b533c818415', success rate: 1/1.
[2025-03-13 22:06:09Z INFO JobServerQueue] Try to append 1 batches web console lines for record '1d31c8d0-3a06-47db-8140-5b533c818415', success rate: 1/1.
[2025-03-13 22:06:09Z INFO JobServerQueue] Try to append 1 batches web console lines for record '1d31c8d0-3a06-47db-8140-5b533c818415', success rate: 1/1.
[2025-03-13 22:06:10Z INFO JobServerQueue] Try to append 1 batches web console lines for record '1d31c8d0-3a06-47db-8140-5b533c818415', success rate: 1/1.
[2025-03-13 22:06:10Z INFO JobServerQueue] Try to append 1 batches web console lines for record '1d31c8d0-3a06-47db-8140-5b533c818415', success rate: 1/1.
[2025-03-13 22:06:11Z INFO JobServerQueue] Try to append 1 batches web console lines for record '1d31c8d0-3a06-47db-8140-5b533c818415', success rate: 1/1.
[2025-03-13 22:06:12Z INFO HostContext] Well known directory 'Bin': '/home/jenny/tensorflow-mri/actions-runner/bin'
[2025-03-13 22:06:12Z INFO HostContext] Well known directory 'Root': '/home/jenny/tensorflow-mri/actions-runner'
[2025-03-13 22:06:12Z INFO HostContext] Well known directory 'Work': '/home/jenny/tensorflow-mri/actions-runner/_work'
[2025-03-13 22:06:12Z INFO JobServerQueue] Try to append 1 batches web console lines for record '1d31c8d0-3a06-47db-8140-5b533c818415', success rate: 1/1.
[2025-03-13 22:06:13Z INFO JobServerQueue] Try to append 1 batches web console lines for record '1d31c8d0-3a06-47db-8140-5b533c818415', success rate: 1/1.
[2025-03-13 22:06:13Z INFO JobServerQueue] Try to append 1 batches web console lines for record '1d31c8d0-3a06-47db-8140-5b533c818415', success rate: 1/1.
[2025-03-13 22:06:14Z INFO JobServerQueue] Try to append 1 batches web console lines for record '1d31c8d0-3a06-47db-8140-5b533c818415', success rate: 1/1.
[2025-03-13 22:06:15Z INFO JobServerQueue] Try to append 1 batches web console lines for record '1d31c8d0-3a06-47db-8140-5b533c818415', success rate: 1/1.
[2025-03-13 22:06:15Z INFO JobServerQueue] Try to append 1 batches web console lines for record '1d31c8d0-3a06-47db-8140-5b533c818415', success rate: 1/1.
[2025-03-13 22:06:16Z INFO JobServerQueue] Try to append 1 batches web console lines for record '1d31c8d0-3a06-47db-8140-5b533c818415', success rate: 1/1.
[2025-03-13 22:06:16Z INFO JobServerQueue] Try to append 1 batches web console lines for record '1d31c8d0-3a06-47db-8140-5b533c818415', success rate: 1/1.
[2025-03-13 22:06:22Z INFO HostContext] Well known directory 'Bin': '/home/jenny/tensorflow-mri/actions-runner/bin'
[2025-03-13 22:06:22Z INFO HostContext] Well known directory 'Root': '/home/jenny/tensorflow-mri/actions-runner'
[2025-03-13 22:06:22Z INFO HostContext] Well known directory 'Work': '/home/jenny/tensorflow-mri/actions-runner/_work'
[2025-03-13 22:06:32Z INFO HostContext] Well known directory 'Bin': '/home/jenny/tensorflow-mri/actions-runner/bin'
[2025-03-13 22:06:32Z INFO HostContext] Well known directory 'Root': '/home/jenny/tensorflow-mri/actions-runner'
[2025-03-13 22:06:32Z INFO HostContext] Well known directory 'Work': '/home/jenny/tensorflow-mri/actions-runner/_work'
[2025-03-13 22:06:33Z INFO JobServerQueue] Try to append 1 batches web console lines for record '1d31c8d0-3a06-47db-8140-5b533c818415', success rate: 1/1.
[2025-03-13 22:06:34Z INFO ProcessInvokerWrapper] STDOUT/STDERR stream read finished.
[2025-03-13 22:06:34Z INFO ProcessInvokerWrapper] STDOUT/STDERR stream read finished.
[2025-03-13 22:06:34Z INFO ProcessInvokerWrapper] Finished process 2246469 with exit code 0, and elapsed time 00:00:43.6561107.
[2025-03-13 22:06:34Z INFO CreateStepSummaryCommand] Step Summary file (/home/jenny/tensorflow-mri/actions-runner/_work/_temp/_runner_file_commands/step_summary_305858c1-0981-4e9f-be7d-680495c7b2e4) is empty; skipping attachment upload
[2025-03-13 22:06:34Z INFO StepsRunner] Step result: 
[2025-03-13 22:06:34Z INFO ExecutionContext] Publish step telemetry for current step {
  "action": "sh",
  "type": "run",
  "stage": "Main",
  "stepId": "1d31c8d0-3a06-47db-8140-5b533c818415",
  "stepContextName": "__run_4",
  "result": "succeeded",
  "errorMessages": [],
  "executionTimeInSeconds": 44,
  "startTime": "2025-03-13T22:05:50.4527383Z",
  "finishTime": "2025-03-13T22:06:34.1161532Z"
}.
[2025-03-13 22:06:34Z INFO StepsRunner] No need for updating job result with current step result 'Succeeded'.
[2025-03-13 22:06:34Z INFO StepsRunner] Current state: job state = ''
[2025-03-13 22:06:34Z INFO StepsRunner] Processing step: DisplayName='Run test suite'
[2025-03-13 22:06:34Z INFO StepsRunner] Evaluating: success()
[2025-03-13 22:06:34Z INFO StepsRunner] Result: true
[2025-03-13 22:06:34Z INFO StepsRunner] Starting the step.
[2025-03-13 22:06:34Z INFO HostContext] Well known directory 'Bin': '/home/jenny/tensorflow-mri/actions-runner/bin'
[2025-03-13 22:06:34Z INFO HostContext] Well known directory 'Root': '/home/jenny/tensorflow-mri/actions-runner'
[2025-03-13 22:06:34Z INFO HostContext] Well known directory 'Work': '/home/jenny/tensorflow-mri/actions-runner/_work'
[2025-03-13 22:06:34Z INFO HostContext] Well known directory 'Temp': '/home/jenny/tensorflow-mri/actions-runner/_work/_temp'
[2025-03-13 22:06:34Z INFO ExecutionContext] Write event payload to /home/jenny/tensorflow-mri/actions-runner/_work/_temp/_github_workflow/event.json
[2025-03-13 22:06:34Z INFO HostContext] Well known directory 'Bin': '/home/jenny/tensorflow-mri/actions-runner/bin'
[2025-03-13 22:06:34Z INFO HostContext] Well known directory 'Root': '/home/jenny/tensorflow-mri/actions-runner'
[2025-03-13 22:06:34Z INFO HostContext] Well known directory 'Work': '/home/jenny/tensorflow-mri/actions-runner/_work'
[2025-03-13 22:06:34Z INFO HostContext] Well known directory 'Temp': '/home/jenny/tensorflow-mri/actions-runner/_work/_temp'
[2025-03-13 22:06:34Z INFO ExtensionManager] Getting extensions for interface: 'GitHub.Runner.Worker.IFileCommandExtension'
[2025-03-13 22:06:34Z INFO ExtensionManager] Getting extensions for interface: 'GitHub.Runner.Worker.IActionCommandExtension'
[2025-03-13 22:06:34Z INFO ActionCommandManager] Register action command extension for command internal-set-repo-path
[2025-03-13 22:06:34Z INFO ActionCommandManager] Register action command extension for command set-env
[2025-03-13 22:06:34Z INFO ActionCommandManager] Register action command extension for command set-output
[2025-03-13 22:06:34Z INFO ActionCommandManager] Register action command extension for command save-state
[2025-03-13 22:06:34Z INFO ActionCommandManager] Register action command extension for command add-path
[2025-03-13 22:06:34Z INFO ActionCommandManager] Register action command extension for command add-mask
[2025-03-13 22:06:34Z INFO ActionCommandManager] Register action command extension for command add-matcher
[2025-03-13 22:06:34Z INFO ActionCommandManager] Register action command extension for command remove-matcher
[2025-03-13 22:06:34Z INFO ActionCommandManager] Register action command extension for command warning
[2025-03-13 22:06:34Z INFO ActionCommandManager] Register action command extension for command error
[2025-03-13 22:06:34Z INFO ActionCommandManager] Register action command extension for command notice
[2025-03-13 22:06:34Z INFO ActionCommandManager] Register action command extension for command debug
[2025-03-13 22:06:34Z INFO ActionCommandManager] Register action command extension for command group
[2025-03-13 22:06:34Z INFO ActionCommandManager] Register action command extension for command endgroup
[2025-03-13 22:06:34Z INFO ActionCommandManager] Register action command extension for command echo
[2025-03-13 22:06:34Z INFO HostContext] Well known directory 'Bin': '/home/jenny/tensorflow-mri/actions-runner/bin'
[2025-03-13 22:06:34Z INFO HostContext] Well known directory 'Root': '/home/jenny/tensorflow-mri/actions-runner'
[2025-03-13 22:06:34Z INFO HostContext] Well known directory 'Work': '/home/jenny/tensorflow-mri/actions-runner/_work'
[2025-03-13 22:06:34Z INFO HostContext] Well known directory 'Temp': '/home/jenny/tensorflow-mri/actions-runner/_work/_temp'
[2025-03-13 22:06:34Z INFO ScriptHandler] Which2: 'bash'
[2025-03-13 22:06:34Z INFO ScriptHandler] Location: '/usr/bin/bash'
[2025-03-13 22:06:34Z INFO HostContext] Well known directory 'Bin': '/home/jenny/tensorflow-mri/actions-runner/bin'
[2025-03-13 22:06:34Z INFO HostContext] Well known directory 'Root': '/home/jenny/tensorflow-mri/actions-runner'
[2025-03-13 22:06:34Z INFO HostContext] Well known directory 'Work': '/home/jenny/tensorflow-mri/actions-runner/_work'
[2025-03-13 22:06:34Z INFO ProcessInvokerWrapper] Starting process:
[2025-03-13 22:06:34Z INFO ProcessInvokerWrapper]   File name: '/usr/bin/docker'
[2025-03-13 22:06:34Z INFO ProcessInvokerWrapper]   Arguments: 'exec -i --workdir /__w/tensorflow-mri/tensorflow-mri -e "PYTHON" -e "GITHUB_JOB" -e "GITHUB_REF" -e "GITHUB_SHA" -e "GITHUB_REPOSITORY" -e "GITHUB_REPOSITORY_OWNER" -e "GITHUB_REPOSITORY_OWNER_ID" -e "GITHUB_RUN_ID" -e "GITHUB_RUN_NUMBER" -e "GITHUB_RETENTION_DAYS" -e "GITHUB_RUN_ATTEMPT" -e "GITHUB_ACTOR_ID" -e "GITHUB_ACTOR" -e "GITHUB_WORKFLOW" -e "GITHUB_HEAD_REF" -e "GITHUB_BASE_REF" -e "GITHUB_EVENT_NAME" -e "GITHUB_SERVER_URL" -e "GITHUB_API_URL" -e "GITHUB_GRAPHQL_URL" -e "GITHUB_REF_NAME" -e "GITHUB_REF_PROTECTED" -e "GITHUB_REF_TYPE" -e "GITHUB_WORKFLOW_REF" -e "GITHUB_WORKFLOW_SHA" -e "GITHUB_REPOSITORY_ID" -e "GITHUB_TRIGGERING_ACTOR" -e "GITHUB_WORKSPACE" -e "GITHUB_ACTION" -e "GITHUB_EVENT_PATH" -e "GITHUB_ACTION_REPOSITORY" -e "GITHUB_ACTION_REF" -e "GITHUB_PATH" -e "GITHUB_ENV" -e "GITHUB_STEP_SUMMARY" -e "GITHUB_STATE" -e "GITHUB_OUTPUT" -e "RUNNER_OS" -e "RUNNER_ARCH" -e "RUNNER_NAME" -e "RUNNER_ENVIRONMENT" -e "RUNNER_TOOL_CACHE" -e "RUNNER_TEMP" -e "RUNNER_WORKSPACE" 44f421c8e643fdf22ab12ae1d94295edccd7b8f1afc5f34266e9cbbaa9a97f77 sh -e /__w/_temp/45685cad-95c4-49bc-a500-11ab978c97f0.sh'
[2025-03-13 22:06:34Z INFO ProcessInvokerWrapper]   Working directory: '/home/jenny/tensorflow-mri/actions-runner/_work'
[2025-03-13 22:06:34Z INFO ProcessInvokerWrapper]   Require exit code zero: 'False'
[2025-03-13 22:06:34Z INFO ProcessInvokerWrapper]   Encoding web name:  ; code page: ''
[2025-03-13 22:06:34Z INFO ProcessInvokerWrapper]   Force kill process on cancellation: 'False'
[2025-03-13 22:06:34Z INFO ProcessInvokerWrapper]   Redirected STDIN: 'False'
[2025-03-13 22:06:34Z INFO ProcessInvokerWrapper]   Persist current code page: 'False'
[2025-03-13 22:06:34Z INFO ProcessInvokerWrapper]   Keep redirected STDIN open: 'False'
[2025-03-13 22:06:34Z INFO ProcessInvokerWrapper]   High priority process: 'False'
[2025-03-13 22:06:34Z INFO ProcessInvokerWrapper] Updated oom_score_adj to 500 for PID: 2246648.
[2025-03-13 22:06:34Z INFO ProcessInvokerWrapper] Process started with process id 2246648, waiting for process exit.
[2025-03-13 22:06:34Z INFO JobServerQueue] Try to upload 1 log files or attachments, success rate: 1/1.
[2025-03-13 22:06:34Z INFO JobServerQueue] Try to append 1 batches web console lines for record '737c1b08-1e33-4e8c-9562-91b803a04234', success rate: 1/1.
[2025-03-13 22:06:34Z INFO JobServerQueue] Try to append 1 batches web console lines for record '737c1b08-1e33-4e8c-9562-91b803a04234', success rate: 1/1.
[2025-03-13 22:06:35Z INFO JobServerQueue] Got a step log file to send to results service.
[2025-03-13 22:06:35Z INFO JobServerQueue] Starting upload of step log file to results service ResultsLog, /home/jenny/tensorflow-mri/actions-runner/_diag/blocks/d71dd0fc-fe6f-43fb-acd0-d1c60c83f82d_1d31c8d0-3a06-47db-8140-5b533c818415.1
[2025-03-13 22:06:35Z INFO JobServerQueue] Tried to upload 1 file(s) to results, success rate: 1/1.
[2025-03-13 22:06:36Z INFO JobServerQueue] Try to append 1 batches web console lines for record '737c1b08-1e33-4e8c-9562-91b803a04234', success rate: 1/1.
[2025-03-13 22:06:38Z INFO JobServerQueue] Try to append 1 batches web console lines for record '737c1b08-1e33-4e8c-9562-91b803a04234', success rate: 1/1.
[2025-03-13 22:06:38Z INFO JobServerQueue] Try to append 1 batches web console lines for record '737c1b08-1e33-4e8c-9562-91b803a04234', success rate: 1/1.
[2025-03-13 22:06:42Z INFO HostContext] Well known directory 'Bin': '/home/jenny/tensorflow-mri/actions-runner/bin'
[2025-03-13 22:06:42Z INFO HostContext] Well known directory 'Root': '/home/jenny/tensorflow-mri/actions-runner'
[2025-03-13 22:06:42Z INFO HostContext] Well known directory 'Work': '/home/jenny/tensorflow-mri/actions-runner/_work'
[2025-03-13 22:06:46Z INFO JobServerQueue] Try to append 1 batches web console lines for record '737c1b08-1e33-4e8c-9562-91b803a04234', success rate: 1/1.
[2025-03-13 22:06:47Z INFO JobServerQueue] Try to append 1 batches web console lines for record '737c1b08-1e33-4e8c-9562-91b803a04234', success rate: 1/1.
[2025-03-13 22:06:47Z INFO JobServerQueue] Try to append 1 batches web console lines for record '737c1b08-1e33-4e8c-9562-91b803a04234', success rate: 1/1.
[2025-03-13 22:06:48Z INFO JobServerQueue] Try to append 1 batches web console lines for record '737c1b08-1e33-4e8c-9562-91b803a04234', success rate: 1/1.
[2025-03-13 22:06:48Z INFO JobServerQueue] Try to append 1 batches web console lines for record '737c1b08-1e33-4e8c-9562-91b803a04234', success rate: 1/1.
[2025-03-13 22:06:49Z INFO JobServerQueue] Try to append 1 batches web console lines for record '737c1b08-1e33-4e8c-9562-91b803a04234', success rate: 1/1.
[2025-03-13 22:06:49Z INFO JobServerQueue] Try to append 1 batches web console lines for record '737c1b08-1e33-4e8c-9562-91b803a04234', success rate: 1/1.
[2025-03-13 22:06:50Z INFO JobServerQueue] Try to append 1 batches web console lines for record '737c1b08-1e33-4e8c-9562-91b803a04234', success rate: 1/1.
[2025-03-13 22:06:50Z INFO JobServerQueue] Try to append 1 batches web console lines for record '737c1b08-1e33-4e8c-9562-91b803a04234', success rate: 1/1.
[2025-03-13 22:06:51Z INFO JobServerQueue] Try to append 1 batches web console lines for record '737c1b08-1e33-4e8c-9562-91b803a04234', success rate: 1/1.
[2025-03-13 22:06:51Z INFO JobServerQueue] Try to append 1 batches web console lines for record '737c1b08-1e33-4e8c-9562-91b803a04234', success rate: 1/1.
[2025-03-13 22:06:52Z INFO HostContext] Well known directory 'Bin': '/home/jenny/tensorflow-mri/actions-runner/bin'
[2025-03-13 22:06:52Z INFO HostContext] Well known directory 'Root': '/home/jenny/tensorflow-mri/actions-runner'
[2025-03-13 22:06:52Z INFO HostContext] Well known directory 'Work': '/home/jenny/tensorflow-mri/actions-runner/_work'
[2025-03-13 22:06:52Z INFO JobServerQueue] Try to append 1 batches web console lines for record '737c1b08-1e33-4e8c-9562-91b803a04234', success rate: 1/1.
[2025-03-13 22:06:52Z INFO JobServerQueue] Try to append 1 batches web console lines for record '737c1b08-1e33-4e8c-9562-91b803a04234', success rate: 1/1.
[2025-03-13 22:06:53Z INFO JobServerQueue] Try to append 1 batches web console lines for record '737c1b08-1e33-4e8c-9562-91b803a04234', success rate: 1/1.
[2025-03-13 22:06:53Z INFO JobServerQueue] Try to append 1 batches web console lines for record '737c1b08-1e33-4e8c-9562-91b803a04234', success rate: 1/1.
[2025-03-13 22:06:54Z INFO JobServerQueue] Try to append 1 batches web console lines for record '737c1b08-1e33-4e8c-9562-91b803a04234', success rate: 1/1.
[2025-03-13 22:06:54Z INFO JobServerQueue] Try to append 1 batches web console lines for record '737c1b08-1e33-4e8c-9562-91b803a04234', success rate: 1/1.
[2025-03-13 22:06:55Z INFO JobServerQueue] Try to append 1 batches web console lines for record '737c1b08-1e33-4e8c-9562-91b803a04234', success rate: 1/1.
[2025-03-13 22:06:55Z INFO JobServerQueue] Try to append 1 batches web console lines for record '737c1b08-1e33-4e8c-9562-91b803a04234', success rate: 1/1.
[2025-03-13 22:06:56Z INFO JobServerQueue] Try to append 1 batches web console lines for record '737c1b08-1e33-4e8c-9562-91b803a04234', success rate: 1/1.
[2025-03-13 22:06:56Z INFO JobServerQueue] Try to append 1 batches web console lines for record '737c1b08-1e33-4e8c-9562-91b803a04234', success rate: 1/1.
[2025-03-13 22:06:57Z INFO JobServerQueue] Try to append 1 batches web console lines for record '737c1b08-1e33-4e8c-9562-91b803a04234', success rate: 1/1.
[2025-03-13 22:06:57Z INFO JobServerQueue] Try to append 1 batches web console lines for record '737c1b08-1e33-4e8c-9562-91b803a04234', success rate: 1/1.
[2025-03-13 22:06:58Z INFO JobServerQueue] Try to append 1 batches web console lines for record '737c1b08-1e33-4e8c-9562-91b803a04234', success rate: 1/1.
[2025-03-13 22:06:58Z INFO JobServerQueue] Try to append 1 batches web console lines for record '737c1b08-1e33-4e8c-9562-91b803a04234', success rate: 1/1.
[2025-03-13 22:06:59Z INFO JobServerQueue] Try to append 1 batches web console lines for record '737c1b08-1e33-4e8c-9562-91b803a04234', success rate: 1/1.
[2025-03-13 22:06:59Z INFO JobServerQueue] Try to append 1 batches web console lines for record '737c1b08-1e33-4e8c-9562-91b803a04234', success rate: 1/1.
[2025-03-13 22:07:00Z INFO JobServerQueue] Try to append 1 batches web console lines for record '737c1b08-1e33-4e8c-9562-91b803a04234', success rate: 1/1.
[2025-03-13 22:07:00Z INFO JobServerQueue] Try to append 1 batches web console lines for record '737c1b08-1e33-4e8c-9562-91b803a04234', success rate: 1/1.
[2025-03-13 22:07:01Z INFO JobServerQueue] Try to append 1 batches web console lines for record '737c1b08-1e33-4e8c-9562-91b803a04234', success rate: 1/1.
[2025-03-13 22:07:01Z INFO JobServerQueue] Try to append 1 batches web console lines for record '737c1b08-1e33-4e8c-9562-91b803a04234', success rate: 1/1.
[2025-03-13 22:07:02Z INFO HostContext] Well known directory 'Bin': '/home/jenny/tensorflow-mri/actions-runner/bin'
[2025-03-13 22:07:02Z INFO HostContext] Well known directory 'Root': '/home/jenny/tensorflow-mri/actions-runner'
[2025-03-13 22:07:02Z INFO HostContext] Well known directory 'Work': '/home/jenny/tensorflow-mri/actions-runner/_work'
[2025-03-13 22:07:02Z INFO JobServerQueue] Try to append 1 batches web console lines for record '737c1b08-1e33-4e8c-9562-91b803a04234', success rate: 1/1.
[2025-03-13 22:07:02Z INFO JobServerQueue] Try to append 1 batches web console lines for record '737c1b08-1e33-4e8c-9562-91b803a04234', success rate: 1/1.
[2025-03-13 22:07:03Z INFO JobServerQueue] Try to append 1 batches web console lines for record '737c1b08-1e33-4e8c-9562-91b803a04234', success rate: 1/1.
[2025-03-13 22:07:03Z INFO JobServerQueue] Try to append 1 batches web console lines for record '737c1b08-1e33-4e8c-9562-91b803a04234', success rate: 1/1.
[2025-03-13 22:07:04Z INFO JobServerQueue] Try to append 1 batches web console lines for record '737c1b08-1e33-4e8c-9562-91b803a04234', success rate: 1/1.
[2025-03-13 22:07:04Z INFO JobServerQueue] Try to append 1 batches web console lines for record '737c1b08-1e33-4e8c-9562-91b803a04234', success rate: 1/1.
[2025-03-13 22:07:05Z INFO JobServerQueue] Try to append 1 batches web console lines for record '737c1b08-1e33-4e8c-9562-91b803a04234', success rate: 1/1.
[2025-03-13 22:07:05Z INFO JobServerQueue] Try to append 1 batches web console lines for record '737c1b08-1e33-4e8c-9562-91b803a04234', success rate: 1/1.
[2025-03-13 22:07:06Z INFO JobServerQueue] Try to append 1 batches web console lines for record '737c1b08-1e33-4e8c-9562-91b803a04234', success rate: 1/1.
[2025-03-13 22:07:06Z INFO JobServerQueue] Try to append 1 batches web console lines for record '737c1b08-1e33-4e8c-9562-91b803a04234', success rate: 1/1.
[2025-03-13 22:07:07Z INFO JobServerQueue] Try to append 1 batches web console lines for record '737c1b08-1e33-4e8c-9562-91b803a04234', success rate: 1/1.
[2025-03-13 22:07:07Z INFO JobServerQueue] Try to append 1 batches web console lines for record '737c1b08-1e33-4e8c-9562-91b803a04234', success rate: 1/1.
[2025-03-13 22:07:08Z INFO JobServerQueue] Try to append 1 batches web console lines for record '737c1b08-1e33-4e8c-9562-91b803a04234', success rate: 1/1.
[2025-03-13 22:07:08Z INFO JobServerQueue] Try to append 1 batches web console lines for record '737c1b08-1e33-4e8c-9562-91b803a04234', success rate: 1/1.
[2025-03-13 22:07:09Z INFO JobServerQueue] Try to append 1 batches web console lines for record '737c1b08-1e33-4e8c-9562-91b803a04234', success rate: 1/1.
[2025-03-13 22:07:09Z INFO JobServerQueue] Try to append 1 batches web console lines for record '737c1b08-1e33-4e8c-9562-91b803a04234', success rate: 1/1.
[2025-03-13 22:07:10Z INFO JobServerQueue] Try to append 1 batches web console lines for record '737c1b08-1e33-4e8c-9562-91b803a04234', success rate: 1/1.
[2025-03-13 22:07:10Z INFO JobServerQueue] Try to append 1 batches web console lines for record '737c1b08-1e33-4e8c-9562-91b803a04234', success rate: 1/1.
[2025-03-13 22:07:11Z INFO JobServerQueue] Try to append 1 batches web console lines for record '737c1b08-1e33-4e8c-9562-91b803a04234', success rate: 1/1.
[2025-03-13 22:07:11Z INFO JobServerQueue] Try to append 1 batches web console lines for record '737c1b08-1e33-4e8c-9562-91b803a04234', success rate: 1/1.
[2025-03-13 22:07:12Z INFO HostContext] Well known directory 'Bin': '/home/jenny/tensorflow-mri/actions-runner/bin'
[2025-03-13 22:07:12Z INFO HostContext] Well known directory 'Root': '/home/jenny/tensorflow-mri/actions-runner'
[2025-03-13 22:07:12Z INFO HostContext] Well known directory 'Work': '/home/jenny/tensorflow-mri/actions-runner/_work'
[2025-03-13 22:07:12Z INFO JobServerQueue] Try to append 1 batches web console lines for record '737c1b08-1e33-4e8c-9562-91b803a04234', success rate: 1/1.
[2025-03-13 22:07:12Z INFO JobServerQueue] Try to append 1 batches web console lines for record '737c1b08-1e33-4e8c-9562-91b803a04234', success rate: 1/1.
[2025-03-13 22:07:13Z INFO JobServerQueue] Try to append 1 batches web console lines for record '737c1b08-1e33-4e8c-9562-91b803a04234', success rate: 1/1.
[2025-03-13 22:07:13Z INFO JobServerQueue] Try to append 1 batches web console lines for record '737c1b08-1e33-4e8c-9562-91b803a04234', success rate: 1/1.
[2025-03-13 22:07:14Z INFO JobServerQueue] Try to append 1 batches web console lines for record '737c1b08-1e33-4e8c-9562-91b803a04234', success rate: 1/1.
[2025-03-13 22:07:14Z INFO JobServerQueue] Try to append 1 batches web console lines for record '737c1b08-1e33-4e8c-9562-91b803a04234', success rate: 1/1.
[2025-03-13 22:07:15Z INFO JobServerQueue] Try to append 1 batches web console lines for record '737c1b08-1e33-4e8c-9562-91b803a04234', success rate: 1/1.
[2025-03-13 22:07:15Z INFO JobServerQueue] Try to append 1 batches web console lines for record '737c1b08-1e33-4e8c-9562-91b803a04234', success rate: 1/1.
[2025-03-13 22:07:16Z INFO JobServerQueue] Try to append 1 batches web console lines for record '737c1b08-1e33-4e8c-9562-91b803a04234', success rate: 1/1.
[2025-03-13 22:07:16Z INFO JobServerQueue] Try to append 1 batches web console lines for record '737c1b08-1e33-4e8c-9562-91b803a04234', success rate: 1/1.
[2025-03-13 22:07:17Z INFO JobServerQueue] Try to append 1 batches web console lines for record '737c1b08-1e33-4e8c-9562-91b803a04234', success rate: 1/1.
[2025-03-13 22:07:17Z INFO JobServerQueue] Try to append 1 batches web console lines for record '737c1b08-1e33-4e8c-9562-91b803a04234', success rate: 1/1.
[2025-03-13 22:07:18Z INFO JobServerQueue] Try to append 1 batches web console lines for record '737c1b08-1e33-4e8c-9562-91b803a04234', success rate: 1/1.
[2025-03-13 22:07:18Z INFO JobServerQueue] Try to append 1 batches web console lines for record '737c1b08-1e33-4e8c-9562-91b803a04234', success rate: 1/1.
[2025-03-13 22:07:19Z INFO JobServerQueue] Try to append 1 batches web console lines for record '737c1b08-1e33-4e8c-9562-91b803a04234', success rate: 1/1.
[2025-03-13 22:07:19Z INFO JobServerQueue] Try to append 1 batches web console lines for record '737c1b08-1e33-4e8c-9562-91b803a04234', success rate: 1/1.
[2025-03-13 22:07:20Z INFO JobServerQueue] Try to append 1 batches web console lines for record '737c1b08-1e33-4e8c-9562-91b803a04234', success rate: 1/1.
[2025-03-13 22:07:20Z INFO JobServerQueue] Try to append 1 batches web console lines for record '737c1b08-1e33-4e8c-9562-91b803a04234', success rate: 1/1.
[2025-03-13 22:07:21Z INFO JobServerQueue] Try to append 1 batches web console lines for record '737c1b08-1e33-4e8c-9562-91b803a04234', success rate: 1/1.
[2025-03-13 22:07:21Z INFO JobServerQueue] Try to append 1 batches web console lines for record '737c1b08-1e33-4e8c-9562-91b803a04234', success rate: 1/1.
[2025-03-13 22:07:22Z INFO HostContext] Well known directory 'Bin': '/home/jenny/tensorflow-mri/actions-runner/bin'
[2025-03-13 22:07:22Z INFO HostContext] Well known directory 'Root': '/home/jenny/tensorflow-mri/actions-runner'
[2025-03-13 22:07:22Z INFO HostContext] Well known directory 'Work': '/home/jenny/tensorflow-mri/actions-runner/_work'
[2025-03-13 22:07:22Z INFO JobServerQueue] Try to append 1 batches web console lines for record '737c1b08-1e33-4e8c-9562-91b803a04234', success rate: 1/1.
[2025-03-13 22:07:22Z INFO JobServerQueue] Try to append 1 batches web console lines for record '737c1b08-1e33-4e8c-9562-91b803a04234', success rate: 1/1.
[2025-03-13 22:07:23Z INFO JobServerQueue] Try to append 1 batches web console lines for record '737c1b08-1e33-4e8c-9562-91b803a04234', success rate: 1/1.
[2025-03-13 22:07:23Z INFO JobServerQueue] Try to append 1 batches web console lines for record '737c1b08-1e33-4e8c-9562-91b803a04234', success rate: 1/1.
[2025-03-13 22:07:24Z INFO JobServerQueue] Try to append 1 batches web console lines for record '737c1b08-1e33-4e8c-9562-91b803a04234', success rate: 1/1.
[2025-03-13 22:07:24Z INFO JobServerQueue] Try to append 1 batches web console lines for record '737c1b08-1e33-4e8c-9562-91b803a04234', success rate: 1/1.
[2025-03-13 22:07:25Z INFO JobServerQueue] Try to append 1 batches web console lines for record '737c1b08-1e33-4e8c-9562-91b803a04234', success rate: 1/1.
[2025-03-13 22:07:25Z INFO JobServerQueue] Try to append 1 batches web console lines for record '737c1b08-1e33-4e8c-9562-91b803a04234', success rate: 1/1.
[2025-03-13 22:07:26Z INFO JobServerQueue] Try to append 1 batches web console lines for record '737c1b08-1e33-4e8c-9562-91b803a04234', success rate: 1/1.
[2025-03-13 22:07:26Z INFO JobServerQueue] Try to append 1 batches web console lines for record '737c1b08-1e33-4e8c-9562-91b803a04234', success rate: 1/1.
[2025-03-13 22:07:27Z INFO JobServerQueue] Try to append 1 batches web console lines for record '737c1b08-1e33-4e8c-9562-91b803a04234', success rate: 1/1.
[2025-03-13 22:07:27Z INFO JobServerQueue] Try to append 1 batches web console lines for record '737c1b08-1e33-4e8c-9562-91b803a04234', success rate: 1/1.
[2025-03-13 22:07:28Z INFO JobServerQueue] Try to append 1 batches web console lines for record '737c1b08-1e33-4e8c-9562-91b803a04234', success rate: 1/1.
[2025-03-13 22:07:28Z INFO JobServerQueue] Try to append 1 batches web console lines for record '737c1b08-1e33-4e8c-9562-91b803a04234', success rate: 1/1.
[2025-03-13 22:07:29Z INFO JobServerQueue] Try to append 1 batches web console lines for record '737c1b08-1e33-4e8c-9562-91b803a04234', success rate: 1/1.
[2025-03-13 22:07:29Z INFO JobServerQueue] Try to append 1 batches web console lines for record '737c1b08-1e33-4e8c-9562-91b803a04234', success rate: 1/1.
[2025-03-13 22:07:30Z INFO JobServerQueue] Try to append 1 batches web console lines for record '737c1b08-1e33-4e8c-9562-91b803a04234', success rate: 1/1.
[2025-03-13 22:07:30Z INFO JobServerQueue] Try to append 1 batches web console lines for record '737c1b08-1e33-4e8c-9562-91b803a04234', success rate: 1/1.
[2025-03-13 22:07:31Z INFO JobServerQueue] Try to append 1 batches web console lines for record '737c1b08-1e33-4e8c-9562-91b803a04234', success rate: 1/1.
[2025-03-13 22:07:31Z INFO JobServerQueue] Try to append 1 batches web console lines for record '737c1b08-1e33-4e8c-9562-91b803a04234', success rate: 1/1.
[2025-03-13 22:07:32Z INFO HostContext] Well known directory 'Bin': '/home/jenny/tensorflow-mri/actions-runner/bin'
[2025-03-13 22:07:32Z INFO HostContext] Well known directory 'Root': '/home/jenny/tensorflow-mri/actions-runner'
[2025-03-13 22:07:32Z INFO HostContext] Well known directory 'Work': '/home/jenny/tensorflow-mri/actions-runner/_work'
[2025-03-13 22:07:32Z INFO JobServerQueue] Try to append 1 batches web console lines for record '737c1b08-1e33-4e8c-9562-91b803a04234', success rate: 1/1.
[2025-03-13 22:07:32Z INFO JobServerQueue] Try to append 1 batches web console lines for record '737c1b08-1e33-4e8c-9562-91b803a04234', success rate: 1/1.
[2025-03-13 22:07:33Z INFO JobServerQueue] Try to append 1 batches web console lines for record '737c1b08-1e33-4e8c-9562-91b803a04234', success rate: 1/1.
[2025-03-13 22:07:33Z INFO JobServerQueue] Try to append 1 batches web console lines for record '737c1b08-1e33-4e8c-9562-91b803a04234', success rate: 1/1.
[2025-03-13 22:07:34Z INFO JobServerQueue] Try to append 1 batches web console lines for record '737c1b08-1e33-4e8c-9562-91b803a04234', success rate: 1/1.
[2025-03-13 22:07:34Z INFO JobServerQueue] Try to append 1 batches web console lines for record '737c1b08-1e33-4e8c-9562-91b803a04234', success rate: 1/1.
[2025-03-13 22:07:35Z INFO JobServerQueue] Try to append 1 batches web console lines for record '737c1b08-1e33-4e8c-9562-91b803a04234', success rate: 1/1.
[2025-03-13 22:07:35Z INFO JobServerQueue] Try to append 1 batches web console lines for record '737c1b08-1e33-4e8c-9562-91b803a04234', success rate: 1/1.
[2025-03-13 22:07:36Z INFO JobServerQueue] Try to append 1 batches web console lines for record '737c1b08-1e33-4e8c-9562-91b803a04234', success rate: 1/1.
[2025-03-13 22:07:36Z INFO JobServerQueue] Try to append 1 batches web console lines for record '737c1b08-1e33-4e8c-9562-91b803a04234', success rate: 1/1.
[2025-03-13 22:07:37Z INFO JobServerQueue] Try to append 1 batches web console lines for record '737c1b08-1e33-4e8c-9562-91b803a04234', success rate: 1/1.
[2025-03-13 22:07:37Z INFO JobServerQueue] Try to append 1 batches web console lines for record '737c1b08-1e33-4e8c-9562-91b803a04234', success rate: 1/1.
[2025-03-13 22:07:38Z INFO JobServerQueue] Try to append 1 batches web console lines for record '737c1b08-1e33-4e8c-9562-91b803a04234', success rate: 1/1.
[2025-03-13 22:07:38Z INFO JobServerQueue] Try to append 1 batches web console lines for record '737c1b08-1e33-4e8c-9562-91b803a04234', success rate: 1/1.
[2025-03-13 22:07:39Z INFO JobServerQueue] Try to append 1 batches web console lines for record '737c1b08-1e33-4e8c-9562-91b803a04234', success rate: 1/1.
[2025-03-13 22:07:39Z INFO JobServerQueue] Try to append 1 batches web console lines for record '737c1b08-1e33-4e8c-9562-91b803a04234', success rate: 1/1.
[2025-03-13 22:07:40Z INFO JobServerQueue] Try to append 1 batches web console lines for record '737c1b08-1e33-4e8c-9562-91b803a04234', success rate: 1/1.
[2025-03-13 22:07:40Z INFO JobServerQueue] Try to append 1 batches web console lines for record '737c1b08-1e33-4e8c-9562-91b803a04234', success rate: 1/1.
[2025-03-13 22:07:41Z INFO JobServerQueue] Try to append 1 batches web console lines for record '737c1b08-1e33-4e8c-9562-91b803a04234', success rate: 1/1.
[2025-03-13 22:07:41Z INFO JobServerQueue] Try to append 1 batches web console lines for record '737c1b08-1e33-4e8c-9562-91b803a04234', success rate: 1/1.
[2025-03-13 22:07:42Z INFO HostContext] Well known directory 'Bin': '/home/jenny/tensorflow-mri/actions-runner/bin'
[2025-03-13 22:07:42Z INFO HostContext] Well known directory 'Root': '/home/jenny/tensorflow-mri/actions-runner'
[2025-03-13 22:07:42Z INFO HostContext] Well known directory 'Work': '/home/jenny/tensorflow-mri/actions-runner/_work'
[2025-03-13 22:07:42Z INFO JobServerQueue] Try to append 1 batches web console lines for record '737c1b08-1e33-4e8c-9562-91b803a04234', success rate: 1/1.
[2025-03-13 22:07:42Z INFO JobServerQueue] Try to append 1 batches web console lines for record '737c1b08-1e33-4e8c-9562-91b803a04234', success rate: 1/1.
[2025-03-13 22:07:43Z INFO JobServerQueue] Try to append 1 batches web console lines for record '737c1b08-1e33-4e8c-9562-91b803a04234', success rate: 1/1.
[2025-03-13 22:07:43Z INFO JobServerQueue] Try to append 1 batches web console lines for record '737c1b08-1e33-4e8c-9562-91b803a04234', success rate: 1/1.
[2025-03-13 22:07:44Z INFO JobServerQueue] Try to append 1 batches web console lines for record '737c1b08-1e33-4e8c-9562-91b803a04234', success rate: 1/1.
[2025-03-13 22:07:44Z INFO JobServerQueue] Try to append 1 batches web console lines for record '737c1b08-1e33-4e8c-9562-91b803a04234', success rate: 1/1.
[2025-03-13 22:07:45Z INFO JobServerQueue] Try to append 1 batches web console lines for record '737c1b08-1e33-4e8c-9562-91b803a04234', success rate: 1/1.
[2025-03-13 22:07:45Z INFO JobServerQueue] Try to append 1 batches web console lines for record '737c1b08-1e33-4e8c-9562-91b803a04234', success rate: 1/1.
[2025-03-13 22:07:46Z INFO JobServerQueue] Try to append 1 batches web console lines for record '737c1b08-1e33-4e8c-9562-91b803a04234', success rate: 1/1.
[2025-03-13 22:07:46Z INFO JobServerQueue] Try to append 1 batches web console lines for record '737c1b08-1e33-4e8c-9562-91b803a04234', success rate: 1/1.
[2025-03-13 22:07:47Z INFO JobServerQueue] Try to append 1 batches web console lines for record '737c1b08-1e33-4e8c-9562-91b803a04234', success rate: 1/1.
[2025-03-13 22:07:47Z INFO JobServerQueue] Try to append 1 batches web console lines for record '737c1b08-1e33-4e8c-9562-91b803a04234', success rate: 1/1.
[2025-03-13 22:07:48Z INFO JobServerQueue] Try to append 1 batches web console lines for record '737c1b08-1e33-4e8c-9562-91b803a04234', success rate: 1/1.
[2025-03-13 22:07:48Z INFO JobServerQueue] Try to append 1 batches web console lines for record '737c1b08-1e33-4e8c-9562-91b803a04234', success rate: 1/1.
[2025-03-13 22:07:49Z INFO JobServerQueue] Try to append 1 batches web console lines for record '737c1b08-1e33-4e8c-9562-91b803a04234', success rate: 1/1.
[2025-03-13 22:07:49Z INFO JobServerQueue] Try to append 1 batches web console lines for record '737c1b08-1e33-4e8c-9562-91b803a04234', success rate: 1/1.
[2025-03-13 22:07:50Z INFO JobServerQueue] Try to append 1 batches web console lines for record '737c1b08-1e33-4e8c-9562-91b803a04234', success rate: 1/1.
[2025-03-13 22:07:50Z INFO JobServerQueue] Try to append 1 batches web console lines for record '737c1b08-1e33-4e8c-9562-91b803a04234', success rate: 1/1.
[2025-03-13 22:07:51Z INFO JobServerQueue] Try to append 1 batches web console lines for record '737c1b08-1e33-4e8c-9562-91b803a04234', success rate: 1/1.
[2025-03-13 22:07:51Z INFO JobServerQueue] Try to append 1 batches web console lines for record '737c1b08-1e33-4e8c-9562-91b803a04234', success rate: 1/1.
[2025-03-13 22:07:52Z INFO HostContext] Well known directory 'Bin': '/home/jenny/tensorflow-mri/actions-runner/bin'
[2025-03-13 22:07:52Z INFO HostContext] Well known directory 'Root': '/home/jenny/tensorflow-mri/actions-runner'
[2025-03-13 22:07:52Z INFO HostContext] Well known directory 'Work': '/home/jenny/tensorflow-mri/actions-runner/_work'
[2025-03-13 22:07:52Z INFO JobServerQueue] Try to append 1 batches web console lines for record '737c1b08-1e33-4e8c-9562-91b803a04234', success rate: 1/1.
[2025-03-13 22:07:52Z INFO JobServerQueue] Try to append 1 batches web console lines for record '737c1b08-1e33-4e8c-9562-91b803a04234', success rate: 1/1.
[2025-03-13 22:07:53Z INFO JobServerQueue] Try to append 1 batches web console lines for record '737c1b08-1e33-4e8c-9562-91b803a04234', success rate: 1/1.
[2025-03-13 22:07:53Z INFO JobServerQueue] Try to append 1 batches web console lines for record '737c1b08-1e33-4e8c-9562-91b803a04234', success rate: 1/1.
[2025-03-13 22:07:54Z INFO JobServerQueue] Try to append 1 batches web console lines for record '737c1b08-1e33-4e8c-9562-91b803a04234', success rate: 1/1.
[2025-03-13 22:07:54Z INFO JobServerQueue] Try to append 1 batches web console lines for record '737c1b08-1e33-4e8c-9562-91b803a04234', success rate: 1/1.
[2025-03-13 22:07:55Z INFO JobServerQueue] Try to append 1 batches web console lines for record '737c1b08-1e33-4e8c-9562-91b803a04234', success rate: 1/1.
[2025-03-13 22:07:55Z INFO JobServerQueue] Try to append 1 batches web console lines for record '737c1b08-1e33-4e8c-9562-91b803a04234', success rate: 1/1.
[2025-03-13 22:07:56Z INFO JobServerQueue] Try to append 1 batches web console lines for record '737c1b08-1e33-4e8c-9562-91b803a04234', success rate: 1/1.
[2025-03-13 22:07:56Z INFO JobServerQueue] Try to append 1 batches web console lines for record '737c1b08-1e33-4e8c-9562-91b803a04234', success rate: 1/1.
[2025-03-13 22:07:57Z INFO JobServerQueue] Try to append 1 batches web console lines for record '737c1b08-1e33-4e8c-9562-91b803a04234', success rate: 1/1.
[2025-03-13 22:07:57Z INFO JobServerQueue] Try to append 1 batches web console lines for record '737c1b08-1e33-4e8c-9562-91b803a04234', success rate: 1/1.
[2025-03-13 22:07:58Z INFO JobServerQueue] Try to append 1 batches web console lines for record '737c1b08-1e33-4e8c-9562-91b803a04234', success rate: 1/1.
[2025-03-13 22:07:58Z INFO JobServerQueue] Try to append 1 batches web console lines for record '737c1b08-1e33-4e8c-9562-91b803a04234', success rate: 1/1.
[2025-03-13 22:07:59Z INFO JobServerQueue] Try to append 1 batches web console lines for record '737c1b08-1e33-4e8c-9562-91b803a04234', success rate: 1/1.
[2025-03-13 22:07:59Z INFO JobServerQueue] Try to append 1 batches web console lines for record '737c1b08-1e33-4e8c-9562-91b803a04234', success rate: 1/1.
[2025-03-13 22:08:00Z INFO JobServerQueue] Try to append 1 batches web console lines for record '737c1b08-1e33-4e8c-9562-91b803a04234', success rate: 1/1.
[2025-03-13 22:08:00Z INFO JobServerQueue] Try to append 1 batches web console lines for record '737c1b08-1e33-4e8c-9562-91b803a04234', success rate: 1/1.
[2025-03-13 22:08:01Z INFO JobServerQueue] Try to append 1 batches web console lines for record '737c1b08-1e33-4e8c-9562-91b803a04234', success rate: 1/1.
[2025-03-13 22:08:01Z INFO JobServerQueue] Try to append 1 batches web console lines for record '737c1b08-1e33-4e8c-9562-91b803a04234', success rate: 1/1.
[2025-03-13 22:08:02Z INFO HostContext] Well known directory 'Bin': '/home/jenny/tensorflow-mri/actions-runner/bin'
[2025-03-13 22:08:02Z INFO HostContext] Well known directory 'Root': '/home/jenny/tensorflow-mri/actions-runner'
[2025-03-13 22:08:02Z INFO HostContext] Well known directory 'Work': '/home/jenny/tensorflow-mri/actions-runner/_work'
[2025-03-13 22:08:02Z INFO JobServerQueue] Try to append 1 batches web console lines for record '737c1b08-1e33-4e8c-9562-91b803a04234', success rate: 1/1.
[2025-03-13 22:08:02Z INFO JobServerQueue] Try to append 1 batches web console lines for record '737c1b08-1e33-4e8c-9562-91b803a04234', success rate: 1/1.
[2025-03-13 22:08:03Z INFO JobServerQueue] Try to append 1 batches web console lines for record '737c1b08-1e33-4e8c-9562-91b803a04234', success rate: 1/1.
[2025-03-13 22:08:03Z INFO JobServerQueue] Try to append 1 batches web console lines for record '737c1b08-1e33-4e8c-9562-91b803a04234', success rate: 1/1.
[2025-03-13 22:08:04Z INFO JobServerQueue] Try to append 1 batches web console lines for record '737c1b08-1e33-4e8c-9562-91b803a04234', success rate: 1/1.
[2025-03-13 22:08:05Z INFO JobServerQueue] Try to append 1 batches web console lines for record '737c1b08-1e33-4e8c-9562-91b803a04234', success rate: 1/1.
[2025-03-13 22:08:05Z INFO JobServerQueue] Try to append 1 batches web console lines for record '737c1b08-1e33-4e8c-9562-91b803a04234', success rate: 1/1.
[2025-03-13 22:08:06Z INFO JobServerQueue] Try to append 1 batches web console lines for record '737c1b08-1e33-4e8c-9562-91b803a04234', success rate: 1/1.
[2025-03-13 22:08:06Z INFO JobServerQueue] Try to append 1 batches web console lines for record '737c1b08-1e33-4e8c-9562-91b803a04234', success rate: 1/1.
[2025-03-13 22:08:07Z INFO JobServerQueue] Try to append 1 batches web console lines for record '737c1b08-1e33-4e8c-9562-91b803a04234', success rate: 1/1.
[2025-03-13 22:08:07Z INFO JobServerQueue] Try to append 1 batches web console lines for record '737c1b08-1e33-4e8c-9562-91b803a04234', success rate: 1/1.
[2025-03-13 22:08:08Z INFO JobServerQueue] Try to append 1 batches web console lines for record '737c1b08-1e33-4e8c-9562-91b803a04234', success rate: 1/1.
[2025-03-13 22:08:08Z INFO JobServerQueue] Try to append 1 batches web console lines for record '737c1b08-1e33-4e8c-9562-91b803a04234', success rate: 1/1.
[2025-03-13 22:08:09Z INFO JobServerQueue] Try to append 1 batches web console lines for record '737c1b08-1e33-4e8c-9562-91b803a04234', success rate: 1/1.
[2025-03-13 22:08:09Z INFO JobServerQueue] Try to append 1 batches web console lines for record '737c1b08-1e33-4e8c-9562-91b803a04234', success rate: 1/1.
[2025-03-13 22:08:10Z INFO JobServerQueue] Try to append 1 batches web console lines for record '737c1b08-1e33-4e8c-9562-91b803a04234', success rate: 1/1.
[2025-03-13 22:08:10Z INFO JobServerQueue] Try to append 1 batches web console lines for record '737c1b08-1e33-4e8c-9562-91b803a04234', success rate: 1/1.
[2025-03-13 22:08:11Z INFO JobServerQueue] Try to append 1 batches web console lines for record '737c1b08-1e33-4e8c-9562-91b803a04234', success rate: 1/1.
[2025-03-13 22:08:11Z INFO JobServerQueue] Try to append 1 batches web console lines for record '737c1b08-1e33-4e8c-9562-91b803a04234', success rate: 1/1.
[2025-03-13 22:08:12Z INFO HostContext] Well known directory 'Bin': '/home/jenny/tensorflow-mri/actions-runner/bin'
[2025-03-13 22:08:12Z INFO HostContext] Well known directory 'Root': '/home/jenny/tensorflow-mri/actions-runner'
[2025-03-13 22:08:12Z INFO HostContext] Well known directory 'Work': '/home/jenny/tensorflow-mri/actions-runner/_work'
[2025-03-13 22:08:12Z INFO JobServerQueue] Try to append 1 batches web console lines for record '737c1b08-1e33-4e8c-9562-91b803a04234', success rate: 1/1.
[2025-03-13 22:08:12Z INFO JobServerQueue] Try to append 1 batches web console lines for record '737c1b08-1e33-4e8c-9562-91b803a04234', success rate: 1/1.
[2025-03-13 22:08:13Z INFO JobServerQueue] Try to append 1 batches web console lines for record '737c1b08-1e33-4e8c-9562-91b803a04234', success rate: 1/1.
[2025-03-13 22:08:13Z INFO JobServerQueue] Try to append 1 batches web console lines for record '737c1b08-1e33-4e8c-9562-91b803a04234', success rate: 1/1.
[2025-03-13 22:08:14Z INFO JobServerQueue] Try to append 1 batches web console lines for record '737c1b08-1e33-4e8c-9562-91b803a04234', success rate: 1/1.
[2025-03-13 22:08:15Z INFO JobServerQueue] Try to append 1 batches web console lines for record '737c1b08-1e33-4e8c-9562-91b803a04234', success rate: 1/1.
[2025-03-13 22:08:16Z INFO JobServerQueue] Try to append 1 batches web console lines for record '737c1b08-1e33-4e8c-9562-91b803a04234', success rate: 1/1.
[2025-03-13 22:08:19Z INFO JobServerQueue] Try to append 1 batches web console lines for record '737c1b08-1e33-4e8c-9562-91b803a04234', success rate: 1/1.
[2025-03-13 22:08:19Z INFO JobServerQueue] Try to append 1 batches web console lines for record '737c1b08-1e33-4e8c-9562-91b803a04234', success rate: 1/1.
[2025-03-13 22:08:20Z INFO JobServerQueue] Try to append 1 batches web console lines for record '737c1b08-1e33-4e8c-9562-91b803a04234', success rate: 1/1.
[2025-03-13 22:08:22Z INFO HostContext] Well known directory 'Bin': '/home/jenny/tensorflow-mri/actions-runner/bin'
[2025-03-13 22:08:22Z INFO HostContext] Well known directory 'Root': '/home/jenny/tensorflow-mri/actions-runner'
[2025-03-13 22:08:22Z INFO HostContext] Well known directory 'Work': '/home/jenny/tensorflow-mri/actions-runner/_work'
[2025-03-13 22:08:22Z INFO JobServerQueue] Try to append 1 batches web console lines for record '737c1b08-1e33-4e8c-9562-91b803a04234', success rate: 1/1.
[2025-03-13 22:08:23Z INFO JobServerQueue] Try to append 1 batches web console lines for record '737c1b08-1e33-4e8c-9562-91b803a04234', success rate: 1/1.
[2025-03-13 22:08:24Z INFO JobServerQueue] Try to append 1 batches web console lines for record '737c1b08-1e33-4e8c-9562-91b803a04234', success rate: 1/1.
[2025-03-13 22:08:24Z INFO JobServerQueue] Try to append 1 batches web console lines for record '737c1b08-1e33-4e8c-9562-91b803a04234', success rate: 1/1.
[2025-03-13 22:08:25Z INFO JobServerQueue] Try to append 1 batches web console lines for record '737c1b08-1e33-4e8c-9562-91b803a04234', success rate: 1/1.
[2025-03-13 22:08:25Z INFO JobServerQueue] Try to append 1 batches web console lines for record '737c1b08-1e33-4e8c-9562-91b803a04234', success rate: 1/1.
[2025-03-13 22:08:26Z INFO JobServerQueue] Try to append 1 batches web console lines for record '737c1b08-1e33-4e8c-9562-91b803a04234', success rate: 1/1.
[2025-03-13 22:08:27Z INFO JobServerQueue] Try to append 1 batches web console lines for record '737c1b08-1e33-4e8c-9562-91b803a04234', success rate: 1/1.
[2025-03-13 22:08:28Z INFO JobServerQueue] Try to append 1 batches web console lines for record '737c1b08-1e33-4e8c-9562-91b803a04234', success rate: 1/1.
[2025-03-13 22:08:29Z INFO JobServerQueue] Try to append 1 batches web console lines for record '737c1b08-1e33-4e8c-9562-91b803a04234', success rate: 1/1.
[2025-03-13 22:08:31Z INFO JobServerQueue] Try to append 1 batches web console lines for record '737c1b08-1e33-4e8c-9562-91b803a04234', success rate: 1/1.
[2025-03-13 22:08:32Z INFO HostContext] Well known directory 'Bin': '/home/jenny/tensorflow-mri/actions-runner/bin'
[2025-03-13 22:08:32Z INFO HostContext] Well known directory 'Root': '/home/jenny/tensorflow-mri/actions-runner'
[2025-03-13 22:08:32Z INFO HostContext] Well known directory 'Work': '/home/jenny/tensorflow-mri/actions-runner/_work'
[2025-03-13 22:08:32Z INFO JobServerQueue] Try to append 1 batches web console lines for record '737c1b08-1e33-4e8c-9562-91b803a04234', success rate: 1/1.
[2025-03-13 22:08:32Z INFO JobServerQueue] Try to append 1 batches web console lines for record '737c1b08-1e33-4e8c-9562-91b803a04234', success rate: 1/1.
[2025-03-13 22:08:33Z INFO JobServerQueue] Try to append 1 batches web console lines for record '737c1b08-1e33-4e8c-9562-91b803a04234', success rate: 1/1.
[2025-03-13 22:08:33Z INFO JobServerQueue] Try to append 1 batches web console lines for record '737c1b08-1e33-4e8c-9562-91b803a04234', success rate: 1/1.
[2025-03-13 22:08:34Z INFO JobServerQueue] Try to append 1 batches web console lines for record '737c1b08-1e33-4e8c-9562-91b803a04234', success rate: 1/1.
[2025-03-13 22:08:34Z INFO JobServerQueue] Try to append 1 batches web console lines for record '737c1b08-1e33-4e8c-9562-91b803a04234', success rate: 1/1.
[2025-03-13 22:08:35Z INFO JobServerQueue] Try to append 1 batches web console lines for record '737c1b08-1e33-4e8c-9562-91b803a04234', success rate: 1/1.
[2025-03-13 22:08:35Z INFO JobServerQueue] Try to append 1 batches web console lines for record '737c1b08-1e33-4e8c-9562-91b803a04234', success rate: 1/1.
[2025-03-13 22:08:36Z INFO JobServerQueue] Try to append 1 batches web console lines for record '737c1b08-1e33-4e8c-9562-91b803a04234', success rate: 1/1.
[2025-03-13 22:08:36Z INFO JobServerQueue] Try to append 1 batches web console lines for record '737c1b08-1e33-4e8c-9562-91b803a04234', success rate: 1/1.
[2025-03-13 22:08:37Z INFO JobServerQueue] Try to append 1 batches web console lines for record '737c1b08-1e33-4e8c-9562-91b803a04234', success rate: 1/1.
[2025-03-13 22:08:37Z INFO JobServerQueue] Try to append 1 batches web console lines for record '737c1b08-1e33-4e8c-9562-91b803a04234', success rate: 1/1.
[2025-03-13 22:08:38Z INFO JobServerQueue] Try to append 1 batches web console lines for record '737c1b08-1e33-4e8c-9562-91b803a04234', success rate: 1/1.
[2025-03-13 22:08:38Z INFO JobServerQueue] Try to append 1 batches web console lines for record '737c1b08-1e33-4e8c-9562-91b803a04234', success rate: 1/1.
[2025-03-13 22:08:39Z INFO JobServerQueue] Try to append 1 batches web console lines for record '737c1b08-1e33-4e8c-9562-91b803a04234', success rate: 1/1.
[2025-03-13 22:08:39Z INFO JobServerQueue] Try to append 1 batches web console lines for record '737c1b08-1e33-4e8c-9562-91b803a04234', success rate: 1/1.
[2025-03-13 22:08:40Z INFO JobServerQueue] Try to append 1 batches web console lines for record '737c1b08-1e33-4e8c-9562-91b803a04234', success rate: 1/1.
[2025-03-13 22:08:40Z INFO JobServerQueue] Try to append 1 batches web console lines for record '737c1b08-1e33-4e8c-9562-91b803a04234', success rate: 1/1.
[2025-03-13 22:08:41Z INFO JobServerQueue] Try to append 1 batches web console lines for record '737c1b08-1e33-4e8c-9562-91b803a04234', success rate: 1/1.
[2025-03-13 22:08:41Z INFO JobServerQueue] Try to append 1 batches web console lines for record '737c1b08-1e33-4e8c-9562-91b803a04234', success rate: 1/1.
[2025-03-13 22:08:42Z INFO HostContext] Well known directory 'Bin': '/home/jenny/tensorflow-mri/actions-runner/bin'
[2025-03-13 22:08:42Z INFO HostContext] Well known directory 'Root': '/home/jenny/tensorflow-mri/actions-runner'
[2025-03-13 22:08:42Z INFO HostContext] Well known directory 'Work': '/home/jenny/tensorflow-mri/actions-runner/_work'
[2025-03-13 22:08:42Z INFO JobServerQueue] Try to append 1 batches web console lines for record '737c1b08-1e33-4e8c-9562-91b803a04234', success rate: 1/1.
[2025-03-13 22:08:42Z INFO JobServerQueue] Try to append 1 batches web console lines for record '737c1b08-1e33-4e8c-9562-91b803a04234', success rate: 1/1.
[2025-03-13 22:08:43Z INFO JobServerQueue] Try to append 1 batches web console lines for record '737c1b08-1e33-4e8c-9562-91b803a04234', success rate: 1/1.
[2025-03-13 22:08:43Z INFO JobServerQueue] Try to append 1 batches web console lines for record '737c1b08-1e33-4e8c-9562-91b803a04234', success rate: 1/1.
[2025-03-13 22:08:45Z INFO JobServerQueue] Try to append 1 batches web console lines for record '737c1b08-1e33-4e8c-9562-91b803a04234', success rate: 1/1.
[2025-03-13 22:08:47Z INFO JobServerQueue] Try to append 1 batches web console lines for record '737c1b08-1e33-4e8c-9562-91b803a04234', success rate: 1/1.
[2025-03-13 22:08:48Z INFO JobServerQueue] Try to append 1 batches web console lines for record '737c1b08-1e33-4e8c-9562-91b803a04234', success rate: 1/1.
[2025-03-13 22:08:48Z INFO JobServerQueue] Try to append 1 batches web console lines for record '737c1b08-1e33-4e8c-9562-91b803a04234', success rate: 1/1.
[2025-03-13 22:08:49Z INFO JobServerQueue] Try to append 1 batches web console lines for record '737c1b08-1e33-4e8c-9562-91b803a04234', success rate: 1/1.
[2025-03-13 22:08:49Z INFO JobServerQueue] Try to append 1 batches web console lines for record '737c1b08-1e33-4e8c-9562-91b803a04234', success rate: 1/1.
[2025-03-13 22:08:50Z INFO JobServerQueue] Try to append 1 batches web console lines for record '737c1b08-1e33-4e8c-9562-91b803a04234', success rate: 1/1.
[2025-03-13 22:08:50Z INFO JobServerQueue] Try to append 1 batches web console lines for record '737c1b08-1e33-4e8c-9562-91b803a04234', success rate: 1/1.
[2025-03-13 22:08:51Z INFO JobServerQueue] Try to append 1 batches web console lines for record '737c1b08-1e33-4e8c-9562-91b803a04234', success rate: 1/1.
[2025-03-13 22:08:51Z INFO JobServerQueue] Try to append 1 batches web console lines for record '737c1b08-1e33-4e8c-9562-91b803a04234', success rate: 1/1.
[2025-03-13 22:08:52Z INFO HostContext] Well known directory 'Bin': '/home/jenny/tensorflow-mri/actions-runner/bin'
[2025-03-13 22:08:52Z INFO HostContext] Well known directory 'Root': '/home/jenny/tensorflow-mri/actions-runner'
[2025-03-13 22:08:52Z INFO HostContext] Well known directory 'Work': '/home/jenny/tensorflow-mri/actions-runner/_work'
[2025-03-13 22:08:52Z INFO JobServerQueue] Try to append 1 batches web console lines for record '737c1b08-1e33-4e8c-9562-91b803a04234', success rate: 1/1.
[2025-03-13 22:08:52Z INFO JobServerQueue] Try to append 1 batches web console lines for record '737c1b08-1e33-4e8c-9562-91b803a04234', success rate: 1/1.
[2025-03-13 22:08:53Z INFO JobServerQueue] Try to append 1 batches web console lines for record '737c1b08-1e33-4e8c-9562-91b803a04234', success rate: 1/1.
[2025-03-13 22:08:53Z INFO JobServerQueue] Try to append 1 batches web console lines for record '737c1b08-1e33-4e8c-9562-91b803a04234', success rate: 1/1.
[2025-03-13 22:08:54Z INFO JobServerQueue] Try to append 1 batches web console lines for record '737c1b08-1e33-4e8c-9562-91b803a04234', success rate: 1/1.
[2025-03-13 22:08:54Z INFO JobServerQueue] Try to append 1 batches web console lines for record '737c1b08-1e33-4e8c-9562-91b803a04234', success rate: 1/1.
[2025-03-13 22:08:55Z INFO JobServerQueue] Try to append 1 batches web console lines for record '737c1b08-1e33-4e8c-9562-91b803a04234', success rate: 1/1.
[2025-03-13 22:08:55Z INFO JobServerQueue] Try to append 1 batches web console lines for record '737c1b08-1e33-4e8c-9562-91b803a04234', success rate: 1/1.
[2025-03-13 22:08:56Z INFO JobServerQueue] Try to append 1 batches web console lines for record '737c1b08-1e33-4e8c-9562-91b803a04234', success rate: 1/1.
[2025-03-13 22:08:56Z INFO JobServerQueue] Try to append 1 batches web console lines for record '737c1b08-1e33-4e8c-9562-91b803a04234', success rate: 1/1.
[2025-03-13 22:08:57Z INFO JobServerQueue] Try to append 1 batches web console lines for record '737c1b08-1e33-4e8c-9562-91b803a04234', success rate: 1/1.
[2025-03-13 22:08:58Z INFO JobServerQueue] Try to append 1 batches web console lines for record '737c1b08-1e33-4e8c-9562-91b803a04234', success rate: 1/1.
[2025-03-13 22:08:58Z INFO JobServerQueue] Try to append 1 batches web console lines for record '737c1b08-1e33-4e8c-9562-91b803a04234', success rate: 1/1.
[2025-03-13 22:08:59Z INFO JobServerQueue] Try to append 1 batches web console lines for record '737c1b08-1e33-4e8c-9562-91b803a04234', success rate: 1/1.
[2025-03-13 22:09:00Z INFO JobServerQueue] Try to append 1 batches web console lines for record '737c1b08-1e33-4e8c-9562-91b803a04234', success rate: 1/1.
[2025-03-13 22:09:01Z INFO JobServerQueue] Try to append 1 batches web console lines for record '737c1b08-1e33-4e8c-9562-91b803a04234', success rate: 1/1.
[2025-03-13 22:09:02Z INFO HostContext] Well known directory 'Bin': '/home/jenny/tensorflow-mri/actions-runner/bin'
[2025-03-13 22:09:02Z INFO HostContext] Well known directory 'Root': '/home/jenny/tensorflow-mri/actions-runner'
[2025-03-13 22:09:02Z INFO HostContext] Well known directory 'Work': '/home/jenny/tensorflow-mri/actions-runner/_work'
[2025-03-13 22:09:02Z INFO JobServerQueue] Try to append 1 batches web console lines for record '737c1b08-1e33-4e8c-9562-91b803a04234', success rate: 1/1.
[2025-03-13 22:09:03Z INFO JobServerQueue] Try to append 1 batches web console lines for record '737c1b08-1e33-4e8c-9562-91b803a04234', success rate: 1/1.
[2025-03-13 22:09:04Z INFO JobServerQueue] Try to append 1 batches web console lines for record '737c1b08-1e33-4e8c-9562-91b803a04234', success rate: 1/1.
[2025-03-13 22:09:05Z INFO JobServerQueue] Try to append 1 batches web console lines for record '737c1b08-1e33-4e8c-9562-91b803a04234', success rate: 1/1.
[2025-03-13 22:09:06Z INFO JobServerQueue] Try to append 1 batches web console lines for record '737c1b08-1e33-4e8c-9562-91b803a04234', success rate: 1/1.
[2025-03-13 22:09:08Z INFO JobServerQueue] Try to append 1 batches web console lines for record '737c1b08-1e33-4e8c-9562-91b803a04234', success rate: 1/1.
[2025-03-13 22:09:09Z INFO JobServerQueue] Try to append 1 batches web console lines for record '737c1b08-1e33-4e8c-9562-91b803a04234', success rate: 1/1.
[2025-03-13 22:09:09Z INFO JobServerQueue] Try to append 1 batches web console lines for record '737c1b08-1e33-4e8c-9562-91b803a04234', success rate: 1/1.
[2025-03-13 22:09:11Z INFO JobServerQueue] Try to append 1 batches web console lines for record '737c1b08-1e33-4e8c-9562-91b803a04234', success rate: 1/1.
[2025-03-13 22:09:12Z INFO HostContext] Well known directory 'Bin': '/home/jenny/tensorflow-mri/actions-runner/bin'
[2025-03-13 22:09:12Z INFO HostContext] Well known directory 'Root': '/home/jenny/tensorflow-mri/actions-runner'
[2025-03-13 22:09:12Z INFO HostContext] Well known directory 'Work': '/home/jenny/tensorflow-mri/actions-runner/_work'
[2025-03-13 22:09:12Z INFO JobServerQueue] Try to append 1 batches web console lines for record '737c1b08-1e33-4e8c-9562-91b803a04234', success rate: 1/1.
[2025-03-13 22:09:12Z INFO JobServerQueue] Try to append 1 batches web console lines for record '737c1b08-1e33-4e8c-9562-91b803a04234', success rate: 1/1.
[2025-03-13 22:09:13Z INFO JobServerQueue] Try to append 1 batches web console lines for record '737c1b08-1e33-4e8c-9562-91b803a04234', success rate: 1/1.
[2025-03-13 22:09:13Z INFO JobServerQueue] Try to append 1 batches web console lines for record '737c1b08-1e33-4e8c-9562-91b803a04234', success rate: 1/1.
[2025-03-13 22:09:14Z INFO JobServerQueue] Try to append 1 batches web console lines for record '737c1b08-1e33-4e8c-9562-91b803a04234', success rate: 1/1.
[2025-03-13 22:09:14Z INFO JobServerQueue] Try to append 1 batches web console lines for record '737c1b08-1e33-4e8c-9562-91b803a04234', success rate: 1/1.
[2025-03-13 22:09:15Z INFO JobServerQueue] Try to append 1 batches web console lines for record '737c1b08-1e33-4e8c-9562-91b803a04234', success rate: 1/1.
[2025-03-13 22:09:15Z INFO JobServerQueue] Try to append 1 batches web console lines for record '737c1b08-1e33-4e8c-9562-91b803a04234', success rate: 1/1.
[2025-03-13 22:09:16Z INFO JobServerQueue] Try to append 1 batches web console lines for record '737c1b08-1e33-4e8c-9562-91b803a04234', success rate: 1/1.
[2025-03-13 22:09:16Z INFO JobServerQueue] Try to append 1 batches web console lines for record '737c1b08-1e33-4e8c-9562-91b803a04234', success rate: 1/1.
[2025-03-13 22:09:17Z INFO JobServerQueue] Try to append 1 batches web console lines for record '737c1b08-1e33-4e8c-9562-91b803a04234', success rate: 1/1.
[2025-03-13 22:09:17Z INFO JobServerQueue] Try to append 1 batches web console lines for record '737c1b08-1e33-4e8c-9562-91b803a04234', success rate: 1/1.
[2025-03-13 22:09:18Z INFO JobServerQueue] Try to append 1 batches web console lines for record '737c1b08-1e33-4e8c-9562-91b803a04234', success rate: 1/1.
[2025-03-13 22:09:18Z INFO JobServerQueue] Try to append 1 batches web console lines for record '737c1b08-1e33-4e8c-9562-91b803a04234', success rate: 1/1.
[2025-03-13 22:09:19Z INFO JobServerQueue] Try to append 1 batches web console lines for record '737c1b08-1e33-4e8c-9562-91b803a04234', success rate: 1/1.
[2025-03-13 22:09:19Z INFO JobServerQueue] Try to append 1 batches web console lines for record '737c1b08-1e33-4e8c-9562-91b803a04234', success rate: 1/1.
[2025-03-13 22:09:20Z INFO JobServerQueue] Try to append 1 batches web console lines for record '737c1b08-1e33-4e8c-9562-91b803a04234', success rate: 1/1.
[2025-03-13 22:09:20Z INFO JobServerQueue] Try to append 1 batches web console lines for record '737c1b08-1e33-4e8c-9562-91b803a04234', success rate: 1/1.
[2025-03-13 22:09:21Z INFO JobServerQueue] Try to append 1 batches web console lines for record '737c1b08-1e33-4e8c-9562-91b803a04234', success rate: 1/1.
[2025-03-13 22:09:21Z INFO JobServerQueue] Try to append 1 batches web console lines for record '737c1b08-1e33-4e8c-9562-91b803a04234', success rate: 1/1.
[2025-03-13 22:09:22Z INFO HostContext] Well known directory 'Bin': '/home/jenny/tensorflow-mri/actions-runner/bin'
[2025-03-13 22:09:22Z INFO HostContext] Well known directory 'Root': '/home/jenny/tensorflow-mri/actions-runner'
[2025-03-13 22:09:22Z INFO HostContext] Well known directory 'Work': '/home/jenny/tensorflow-mri/actions-runner/_work'
[2025-03-13 22:09:22Z INFO JobServerQueue] Try to append 1 batches web console lines for record '737c1b08-1e33-4e8c-9562-91b803a04234', success rate: 1/1.
[2025-03-13 22:09:22Z INFO JobServerQueue] Try to append 1 batches web console lines for record '737c1b08-1e33-4e8c-9562-91b803a04234', success rate: 1/1.
[2025-03-13 22:09:23Z INFO JobServerQueue] Try to append 1 batches web console lines for record '737c1b08-1e33-4e8c-9562-91b803a04234', success rate: 1/1.
[2025-03-13 22:09:23Z INFO JobServerQueue] Try to append 1 batches web console lines for record '737c1b08-1e33-4e8c-9562-91b803a04234', success rate: 1/1.
[2025-03-13 22:09:24Z INFO JobServerQueue] Try to append 1 batches web console lines for record '737c1b08-1e33-4e8c-9562-91b803a04234', success rate: 1/1.
[2025-03-13 22:09:24Z INFO JobServerQueue] Try to append 1 batches web console lines for record '737c1b08-1e33-4e8c-9562-91b803a04234', success rate: 1/1.
[2025-03-13 22:09:25Z INFO JobServerQueue] Try to append 1 batches web console lines for record '737c1b08-1e33-4e8c-9562-91b803a04234', success rate: 1/1.
[2025-03-13 22:09:25Z INFO JobServerQueue] Try to append 1 batches web console lines for record '737c1b08-1e33-4e8c-9562-91b803a04234', success rate: 1/1.
[2025-03-13 22:09:26Z INFO JobServerQueue] Try to append 1 batches web console lines for record '737c1b08-1e33-4e8c-9562-91b803a04234', success rate: 1/1.
[2025-03-13 22:09:26Z INFO JobServerQueue] Try to append 1 batches web console lines for record '737c1b08-1e33-4e8c-9562-91b803a04234', success rate: 1/1.
[2025-03-13 22:09:27Z INFO JobServerQueue] Try to append 1 batches web console lines for record '737c1b08-1e33-4e8c-9562-91b803a04234', success rate: 1/1.
[2025-03-13 22:09:27Z INFO JobServerQueue] Try to append 1 batches web console lines for record '737c1b08-1e33-4e8c-9562-91b803a04234', success rate: 1/1.
[2025-03-13 22:09:28Z INFO JobServerQueue] Try to append 1 batches web console lines for record '737c1b08-1e33-4e8c-9562-91b803a04234', success rate: 1/1.
[2025-03-13 22:09:28Z INFO JobServerQueue] Try to append 1 batches web console lines for record '737c1b08-1e33-4e8c-9562-91b803a04234', success rate: 1/1.
[2025-03-13 22:09:29Z INFO JobServerQueue] Try to append 1 batches web console lines for record '737c1b08-1e33-4e8c-9562-91b803a04234', success rate: 1/1.
[2025-03-13 22:09:29Z INFO JobServerQueue] Try to append 1 batches web console lines for record '737c1b08-1e33-4e8c-9562-91b803a04234', success rate: 1/1.
[2025-03-13 22:09:30Z INFO JobServerQueue] Try to append 1 batches web console lines for record '737c1b08-1e33-4e8c-9562-91b803a04234', success rate: 1/1.
[2025-03-13 22:09:31Z INFO JobServerQueue] Try to append 1 batches web console lines for record '737c1b08-1e33-4e8c-9562-91b803a04234', success rate: 1/1.
[2025-03-13 22:09:32Z INFO HostContext] Well known directory 'Bin': '/home/jenny/tensorflow-mri/actions-runner/bin'
[2025-03-13 22:09:32Z INFO HostContext] Well known directory 'Root': '/home/jenny/tensorflow-mri/actions-runner'
[2025-03-13 22:09:32Z INFO HostContext] Well known directory 'Work': '/home/jenny/tensorflow-mri/actions-runner/_work'
[2025-03-13 22:09:32Z INFO JobServerQueue] Try to append 1 batches web console lines for record '737c1b08-1e33-4e8c-9562-91b803a04234', success rate: 1/1.
[2025-03-13 22:09:34Z INFO JobServerQueue] Try to append 1 batches web console lines for record '737c1b08-1e33-4e8c-9562-91b803a04234', success rate: 1/1.
[2025-03-13 22:09:34Z INFO JobServerQueue] Try to append 1 batches web console lines for record '737c1b08-1e33-4e8c-9562-91b803a04234', success rate: 1/1.
[2025-03-13 22:09:35Z INFO JobServerQueue] Try to append 1 batches web console lines for record '737c1b08-1e33-4e8c-9562-91b803a04234', success rate: 1/1.
[2025-03-13 22:09:36Z INFO JobServerQueue] Try to append 1 batches web console lines for record '737c1b08-1e33-4e8c-9562-91b803a04234', success rate: 1/1.
[2025-03-13 22:09:42Z INFO HostContext] Well known directory 'Bin': '/home/jenny/tensorflow-mri/actions-runner/bin'
[2025-03-13 22:09:42Z INFO HostContext] Well known directory 'Root': '/home/jenny/tensorflow-mri/actions-runner'
[2025-03-13 22:09:42Z INFO HostContext] Well known directory 'Work': '/home/jenny/tensorflow-mri/actions-runner/_work'
[2025-03-13 22:09:52Z INFO HostContext] Well known directory 'Bin': '/home/jenny/tensorflow-mri/actions-runner/bin'
[2025-03-13 22:09:52Z INFO HostContext] Well known directory 'Root': '/home/jenny/tensorflow-mri/actions-runner'
[2025-03-13 22:09:52Z INFO HostContext] Well known directory 'Work': '/home/jenny/tensorflow-mri/actions-runner/_work'
[2025-03-13 22:10:02Z INFO HostContext] Well known directory 'Bin': '/home/jenny/tensorflow-mri/actions-runner/bin'
[2025-03-13 22:10:02Z INFO HostContext] Well known directory 'Root': '/home/jenny/tensorflow-mri/actions-runner'
[2025-03-13 22:10:02Z INFO HostContext] Well known directory 'Work': '/home/jenny/tensorflow-mri/actions-runner/_work'
[2025-03-13 22:10:12Z INFO HostContext] Well known directory 'Bin': '/home/jenny/tensorflow-mri/actions-runner/bin'
[2025-03-13 22:10:12Z INFO HostContext] Well known directory 'Root': '/home/jenny/tensorflow-mri/actions-runner'
[2025-03-13 22:10:12Z INFO HostContext] Well known directory 'Work': '/home/jenny/tensorflow-mri/actions-runner/_work'
[2025-03-13 22:10:15Z INFO JobServerQueue] Try to append 1 batches web console lines for record '737c1b08-1e33-4e8c-9562-91b803a04234', success rate: 1/1.
[2025-03-13 22:10:22Z INFO HostContext] Well known directory 'Bin': '/home/jenny/tensorflow-mri/actions-runner/bin'
[2025-03-13 22:10:22Z INFO HostContext] Well known directory 'Root': '/home/jenny/tensorflow-mri/actions-runner'
[2025-03-13 22:10:22Z INFO HostContext] Well known directory 'Work': '/home/jenny/tensorflow-mri/actions-runner/_work'
[2025-03-13 22:10:32Z INFO HostContext] Well known directory 'Bin': '/home/jenny/tensorflow-mri/actions-runner/bin'
[2025-03-13 22:10:32Z INFO HostContext] Well known directory 'Root': '/home/jenny/tensorflow-mri/actions-runner'
[2025-03-13 22:10:32Z INFO HostContext] Well known directory 'Work': '/home/jenny/tensorflow-mri/actions-runner/_work'
[2025-03-13 22:10:42Z INFO HostContext] Well known directory 'Bin': '/home/jenny/tensorflow-mri/actions-runner/bin'
[2025-03-13 22:10:42Z INFO HostContext] Well known directory 'Root': '/home/jenny/tensorflow-mri/actions-runner'
[2025-03-13 22:10:42Z INFO HostContext] Well known directory 'Work': '/home/jenny/tensorflow-mri/actions-runner/_work'
[2025-03-13 22:10:52Z INFO HostContext] Well known directory 'Bin': '/home/jenny/tensorflow-mri/actions-runner/bin'
[2025-03-13 22:10:52Z INFO HostContext] Well known directory 'Root': '/home/jenny/tensorflow-mri/actions-runner'
[2025-03-13 22:10:52Z INFO HostContext] Well known directory 'Work': '/home/jenny/tensorflow-mri/actions-runner/_work'
[2025-03-13 22:11:02Z INFO HostContext] Well known directory 'Bin': '/home/jenny/tensorflow-mri/actions-runner/bin'
[2025-03-13 22:11:02Z INFO HostContext] Well known directory 'Root': '/home/jenny/tensorflow-mri/actions-runner'
[2025-03-13 22:11:02Z INFO HostContext] Well known directory 'Work': '/home/jenny/tensorflow-mri/actions-runner/_work'
[2025-03-13 22:11:12Z INFO HostContext] Well known directory 'Bin': '/home/jenny/tensorflow-mri/actions-runner/bin'
[2025-03-13 22:11:12Z INFO HostContext] Well known directory 'Root': '/home/jenny/tensorflow-mri/actions-runner'
[2025-03-13 22:11:12Z INFO HostContext] Well known directory 'Work': '/home/jenny/tensorflow-mri/actions-runner/_work'
[2025-03-13 22:11:22Z INFO HostContext] Well known directory 'Bin': '/home/jenny/tensorflow-mri/actions-runner/bin'
[2025-03-13 22:11:22Z INFO HostContext] Well known directory 'Root': '/home/jenny/tensorflow-mri/actions-runner'
[2025-03-13 22:11:22Z INFO HostContext] Well known directory 'Work': '/home/jenny/tensorflow-mri/actions-runner/_work'
[2025-03-13 22:11:32Z INFO HostContext] Well known directory 'Bin': '/home/jenny/tensorflow-mri/actions-runner/bin'
[2025-03-13 22:11:32Z INFO HostContext] Well known directory 'Root': '/home/jenny/tensorflow-mri/actions-runner'
[2025-03-13 22:11:32Z INFO HostContext] Well known directory 'Work': '/home/jenny/tensorflow-mri/actions-runner/_work'
[2025-03-13 22:11:42Z INFO HostContext] Well known directory 'Bin': '/home/jenny/tensorflow-mri/actions-runner/bin'
[2025-03-13 22:11:42Z INFO HostContext] Well known directory 'Root': '/home/jenny/tensorflow-mri/actions-runner'
[2025-03-13 22:11:42Z INFO HostContext] Well known directory 'Work': '/home/jenny/tensorflow-mri/actions-runner/_work'
[2025-03-13 22:11:42Z INFO JobServerQueue] Try to append 1 batches web console lines for record '737c1b08-1e33-4e8c-9562-91b803a04234', success rate: 1/1.
[2025-03-13 22:11:52Z INFO HostContext] Well known directory 'Bin': '/home/jenny/tensorflow-mri/actions-runner/bin'
[2025-03-13 22:11:52Z INFO HostContext] Well known directory 'Root': '/home/jenny/tensorflow-mri/actions-runner'
[2025-03-13 22:11:52Z INFO HostContext] Well known directory 'Work': '/home/jenny/tensorflow-mri/actions-runner/_work'
[2025-03-13 22:12:02Z INFO HostContext] Well known directory 'Bin': '/home/jenny/tensorflow-mri/actions-runner/bin'
[2025-03-13 22:12:02Z INFO HostContext] Well known directory 'Root': '/home/jenny/tensorflow-mri/actions-runner'
[2025-03-13 22:12:02Z INFO HostContext] Well known directory 'Work': '/home/jenny/tensorflow-mri/actions-runner/_work'
[2025-03-13 22:12:12Z INFO HostContext] Well known directory 'Bin': '/home/jenny/tensorflow-mri/actions-runner/bin'
[2025-03-13 22:12:12Z INFO HostContext] Well known directory 'Root': '/home/jenny/tensorflow-mri/actions-runner'
[2025-03-13 22:12:12Z INFO HostContext] Well known directory 'Work': '/home/jenny/tensorflow-mri/actions-runner/_work'
[2025-03-13 22:12:15Z INFO JobServerQueue] Try to append 1 batches web console lines for record '737c1b08-1e33-4e8c-9562-91b803a04234', success rate: 1/1.
[2025-03-13 22:12:22Z INFO HostContext] Well known directory 'Bin': '/home/jenny/tensorflow-mri/actions-runner/bin'
[2025-03-13 22:12:22Z INFO HostContext] Well known directory 'Root': '/home/jenny/tensorflow-mri/actions-runner'
[2025-03-13 22:12:22Z INFO HostContext] Well known directory 'Work': '/home/jenny/tensorflow-mri/actions-runner/_work'
[2025-03-13 22:12:32Z INFO HostContext] Well known directory 'Bin': '/home/jenny/tensorflow-mri/actions-runner/bin'
[2025-03-13 22:12:32Z INFO HostContext] Well known directory 'Root': '/home/jenny/tensorflow-mri/actions-runner'
[2025-03-13 22:12:32Z INFO HostContext] Well known directory 'Work': '/home/jenny/tensorflow-mri/actions-runner/_work'
[2025-03-13 22:12:42Z INFO HostContext] Well known directory 'Bin': '/home/jenny/tensorflow-mri/actions-runner/bin'
[2025-03-13 22:12:42Z INFO HostContext] Well known directory 'Root': '/home/jenny/tensorflow-mri/actions-runner'
[2025-03-13 22:12:42Z INFO HostContext] Well known directory 'Work': '/home/jenny/tensorflow-mri/actions-runner/_work'
[2025-03-13 22:12:52Z INFO HostContext] Well known directory 'Bin': '/home/jenny/tensorflow-mri/actions-runner/bin'
[2025-03-13 22:12:52Z INFO HostContext] Well known directory 'Root': '/home/jenny/tensorflow-mri/actions-runner'
[2025-03-13 22:12:52Z INFO HostContext] Well known directory 'Work': '/home/jenny/tensorflow-mri/actions-runner/_work'
[2025-03-13 22:13:02Z INFO HostContext] Well known directory 'Bin': '/home/jenny/tensorflow-mri/actions-runner/bin'
[2025-03-13 22:13:02Z INFO HostContext] Well known directory 'Root': '/home/jenny/tensorflow-mri/actions-runner'
[2025-03-13 22:13:02Z INFO HostContext] Well known directory 'Work': '/home/jenny/tensorflow-mri/actions-runner/_work'
[2025-03-13 22:13:12Z INFO HostContext] Well known directory 'Bin': '/home/jenny/tensorflow-mri/actions-runner/bin'
[2025-03-13 22:13:12Z INFO HostContext] Well known directory 'Root': '/home/jenny/tensorflow-mri/actions-runner'
[2025-03-13 22:13:12Z INFO HostContext] Well known directory 'Work': '/home/jenny/tensorflow-mri/actions-runner/_work'
[2025-03-13 22:13:22Z INFO HostContext] Well known directory 'Bin': '/home/jenny/tensorflow-mri/actions-runner/bin'
[2025-03-13 22:13:22Z INFO HostContext] Well known directory 'Root': '/home/jenny/tensorflow-mri/actions-runner'
[2025-03-13 22:13:22Z INFO HostContext] Well known directory 'Work': '/home/jenny/tensorflow-mri/actions-runner/_work'
[2025-03-13 22:13:32Z INFO HostContext] Well known directory 'Bin': '/home/jenny/tensorflow-mri/actions-runner/bin'
[2025-03-13 22:13:32Z INFO HostContext] Well known directory 'Root': '/home/jenny/tensorflow-mri/actions-runner'
[2025-03-13 22:13:32Z INFO HostContext] Well known directory 'Work': '/home/jenny/tensorflow-mri/actions-runner/_work'
[2025-03-13 22:13:42Z INFO HostContext] Well known directory 'Bin': '/home/jenny/tensorflow-mri/actions-runner/bin'
[2025-03-13 22:13:42Z INFO HostContext] Well known directory 'Root': '/home/jenny/tensorflow-mri/actions-runner'
[2025-03-13 22:13:42Z INFO HostContext] Well known directory 'Work': '/home/jenny/tensorflow-mri/actions-runner/_work'
[2025-03-13 22:13:52Z INFO HostContext] Well known directory 'Bin': '/home/jenny/tensorflow-mri/actions-runner/bin'
[2025-03-13 22:13:52Z INFO HostContext] Well known directory 'Root': '/home/jenny/tensorflow-mri/actions-runner'
[2025-03-13 22:13:52Z INFO HostContext] Well known directory 'Work': '/home/jenny/tensorflow-mri/actions-runner/_work'
[2025-03-13 22:14:02Z INFO HostContext] Well known directory 'Bin': '/home/jenny/tensorflow-mri/actions-runner/bin'
[2025-03-13 22:14:02Z INFO HostContext] Well known directory 'Root': '/home/jenny/tensorflow-mri/actions-runner'
[2025-03-13 22:14:02Z INFO HostContext] Well known directory 'Work': '/home/jenny/tensorflow-mri/actions-runner/_work'
[2025-03-13 22:14:12Z INFO HostContext] Well known directory 'Bin': '/home/jenny/tensorflow-mri/actions-runner/bin'
[2025-03-13 22:14:12Z INFO HostContext] Well known directory 'Root': '/home/jenny/tensorflow-mri/actions-runner'
[2025-03-13 22:14:12Z INFO HostContext] Well known directory 'Work': '/home/jenny/tensorflow-mri/actions-runner/_work'
[2025-03-13 22:14:22Z INFO HostContext] Well known directory 'Bin': '/home/jenny/tensorflow-mri/actions-runner/bin'
[2025-03-13 22:14:22Z INFO HostContext] Well known directory 'Root': '/home/jenny/tensorflow-mri/actions-runner'
[2025-03-13 22:14:22Z INFO HostContext] Well known directory 'Work': '/home/jenny/tensorflow-mri/actions-runner/_work'
[2025-03-13 22:14:32Z INFO HostContext] Well known directory 'Bin': '/home/jenny/tensorflow-mri/actions-runner/bin'
[2025-03-13 22:14:32Z INFO HostContext] Well known directory 'Root': '/home/jenny/tensorflow-mri/actions-runner'
[2025-03-13 22:14:32Z INFO HostContext] Well known directory 'Work': '/home/jenny/tensorflow-mri/actions-runner/_work'
[2025-03-13 22:14:42Z INFO HostContext] Well known directory 'Bin': '/home/jenny/tensorflow-mri/actions-runner/bin'
[2025-03-13 22:14:42Z INFO HostContext] Well known directory 'Root': '/home/jenny/tensorflow-mri/actions-runner'
[2025-03-13 22:14:42Z INFO HostContext] Well known directory 'Work': '/home/jenny/tensorflow-mri/actions-runner/_work'
[2025-03-13 22:14:44Z INFO JobServerQueue] Try to append 1 batches web console lines for record '737c1b08-1e33-4e8c-9562-91b803a04234', success rate: 1/1.
[2025-03-13 22:14:47Z INFO JobServerQueue] Try to append 1 batches web console lines for record '737c1b08-1e33-4e8c-9562-91b803a04234', success rate: 1/1.
[2025-03-13 22:14:47Z INFO JobServerQueue] Try to append 1 batches web console lines for record '737c1b08-1e33-4e8c-9562-91b803a04234', success rate: 1/1.
[2025-03-13 22:14:48Z INFO JobServerQueue] Try to append 1 batches web console lines for record '737c1b08-1e33-4e8c-9562-91b803a04234', success rate: 1/1.
[2025-03-13 22:14:48Z INFO JobServerQueue] Try to append 1 batches web console lines for record '737c1b08-1e33-4e8c-9562-91b803a04234', success rate: 1/1.
[2025-03-13 22:14:49Z INFO JobServerQueue] Try to append 1 batches web console lines for record '737c1b08-1e33-4e8c-9562-91b803a04234', success rate: 1/1.
[2025-03-13 22:14:49Z INFO JobServerQueue] Try to append 1 batches web console lines for record '737c1b08-1e33-4e8c-9562-91b803a04234', success rate: 1/1.
[2025-03-13 22:14:52Z INFO HostContext] Well known directory 'Bin': '/home/jenny/tensorflow-mri/actions-runner/bin'
[2025-03-13 22:14:52Z INFO HostContext] Well known directory 'Root': '/home/jenny/tensorflow-mri/actions-runner'
[2025-03-13 22:14:52Z INFO HostContext] Well known directory 'Work': '/home/jenny/tensorflow-mri/actions-runner/_work'
[2025-03-13 22:14:55Z INFO JobServerQueue] Try to append 2 batches web console lines for record '737c1b08-1e33-4e8c-9562-91b803a04234', success rate: 2/2.
[2025-03-13 22:14:55Z INFO JobServerQueue] Try to append 2 batches web console lines for record '737c1b08-1e33-4e8c-9562-91b803a04234', success rate: 2/2.
[2025-03-13 22:14:56Z INFO JobServerQueue] Try to append 3 batches web console lines for record '737c1b08-1e33-4e8c-9562-91b803a04234', success rate: 3/3.
[2025-03-13 22:14:56Z INFO JobServerQueue] Try to append 6 batches web console lines for record '737c1b08-1e33-4e8c-9562-91b803a04234', success rate: 6/6.
[2025-03-13 22:14:57Z INFO JobServerQueue] Try to append 4 batches web console lines for record '737c1b08-1e33-4e8c-9562-91b803a04234', success rate: 4/4.
[2025-03-13 22:14:57Z INFO JobServerQueue] Try to append 6 batches web console lines for record '737c1b08-1e33-4e8c-9562-91b803a04234', success rate: 6/6.
[2025-03-13 22:14:58Z INFO JobServerQueue] Try to append 2 batches web console lines for record '737c1b08-1e33-4e8c-9562-91b803a04234', success rate: 2/2.
[2025-03-13 22:14:58Z INFO JobServerQueue] Try to append 2 batches web console lines for record '737c1b08-1e33-4e8c-9562-91b803a04234', success rate: 2/2.
[2025-03-13 22:14:59Z INFO JobServerQueue] Try to append 1 batches web console lines for record '737c1b08-1e33-4e8c-9562-91b803a04234', success rate: 1/1.
[2025-03-13 22:14:59Z INFO JobServerQueue] Try to append 3 batches web console lines for record '737c1b08-1e33-4e8c-9562-91b803a04234', success rate: 3/3.
[2025-03-13 22:15:01Z INFO ProcessInvokerWrapper] STDOUT/STDERR stream read finished.
[2025-03-13 22:15:01Z INFO ProcessInvokerWrapper] STDOUT/STDERR stream read finished.
[2025-03-13 22:15:01Z INFO ProcessInvokerWrapper] Finished process 2246648 with exit code 2, and elapsed time 00:08:27.7565961.
[2025-03-13 22:15:01Z INFO CreateStepSummaryCommand] Step Summary file (/home/jenny/tensorflow-mri/actions-runner/_work/_temp/_runner_file_commands/step_summary_3d889c8b-c1a6-4695-9016-a421c1cc2484) is empty; skipping attachment upload
[2025-03-13 22:15:01Z INFO StepsRunner] Step result: Failed
[2025-03-13 22:15:01Z INFO ExecutionContext] Publish step telemetry for current step {
  "action": "sh",
  "type": "run",
  "stage": "Main",
  "stepId": "737c1b08-1e33-4e8c-9562-91b803a04234",
  "stepContextName": "__run_5",
  "result": "failed",
  "errorMessages": [
    "Process completed with exit code 2."
  ],
  "executionTimeInSeconds": 508,
  "startTime": "2025-03-13T22:06:34.1167016Z",
  "finishTime": "2025-03-13T22:15:01.8793278Z"
}.
[2025-03-13 22:15:01Z INFO StepsRunner] Update job result with current step result 'Failed'.
[2025-03-13 22:15:01Z INFO StepsRunner] Current state: job state = 'Failed'
[2025-03-13 22:15:01Z INFO StepsRunner] Processing step: DisplayName='Build wheel'
[2025-03-13 22:15:01Z INFO StepsRunner] Evaluating: success()
[2025-03-13 22:15:01Z INFO StepsRunner] Result: false
[2025-03-13 22:15:01Z INFO StepsRunner] Skipping step due to condition evaluation.
[2025-03-13 22:15:01Z INFO StepsRunner] No need for updating job result with current step result 'Skipped'.
[2025-03-13 22:15:01Z INFO StepsRunner] Current state: job state = 'Failed'
[2025-03-13 22:15:01Z INFO StepsRunner] Processing step: DisplayName='Build docs'
[2025-03-13 22:15:01Z INFO StepsRunner] Evaluating: success()
[2025-03-13 22:15:01Z INFO StepsRunner] Result: false
[2025-03-13 22:15:01Z INFO StepsRunner] Skipping step due to condition evaluation.
[2025-03-13 22:15:01Z INFO StepsRunner] No need for updating job result with current step result 'Skipped'.
[2025-03-13 22:15:01Z INFO StepsRunner] Current state: job state = 'Failed'
[2025-03-13 22:15:01Z INFO StepsRunner] Processing step: DisplayName='Upload wheel'
[2025-03-13 22:15:01Z INFO StepsRunner] Evaluating: (success() && startsWith(github.ref, 'refs/tags'))
[2025-03-13 22:15:01Z INFO StepsRunner] Expanded: (false && startsWith(github['ref'], 'refs/tags'))
[2025-03-13 22:15:01Z INFO StepsRunner] Result: false
[2025-03-13 22:15:01Z INFO StepsRunner] Skipping step due to condition evaluation.
[2025-03-13 22:15:01Z INFO StepsRunner] No need for updating job result with current step result 'Skipped'.
[2025-03-13 22:15:01Z INFO StepsRunner] Current state: job state = 'Failed'
[2025-03-13 22:15:01Z INFO StepsRunner] Processing step: DisplayName='Upload docs'
[2025-03-13 22:15:01Z INFO StepsRunner] Evaluating: (success() && startsWith(github.ref, 'refs/tags') && (matrix.py_version == 3.9))
[2025-03-13 22:15:01Z INFO StepsRunner] Expanded: (false && startsWith(github['ref'], 'refs/tags') && (matrix['py_version'] == 3.9))
[2025-03-13 22:15:01Z INFO StepsRunner] Result: false
[2025-03-13 22:15:01Z INFO StepsRunner] Skipping step due to condition evaluation.
[2025-03-13 22:15:01Z INFO StepsRunner] No need for updating job result with current step result 'Skipped'.
[2025-03-13 22:15:01Z INFO StepsRunner] Current state: job state = 'Failed'
[2025-03-13 22:15:01Z INFO StepsRunner] Processing step: DisplayName='Publish to Test PyPI'
[2025-03-13 22:15:01Z INFO StepsRunner] Evaluating: success()
[2025-03-13 22:15:01Z INFO StepsRunner] Result: false
[2025-03-13 22:15:01Z INFO StepsRunner] Skipping step due to condition evaluation.
[2025-03-13 22:15:01Z INFO StepsRunner] No need for updating job result with current step result 'Skipped'.
[2025-03-13 22:15:01Z INFO StepsRunner] Current state: job state = 'Failed'
[2025-03-13 22:15:01Z INFO StepsRunner] Processing step: DisplayName='Free Disk Space After Build'
[2025-03-13 22:15:01Z INFO StepsRunner] Evaluating: success()
[2025-03-13 22:15:01Z INFO StepsRunner] Result: false
[2025-03-13 22:15:01Z INFO StepsRunner] Skipping step due to condition evaluation.
[2025-03-13 22:15:01Z INFO StepsRunner] No need for updating job result with current step result 'Skipped'.
[2025-03-13 22:15:01Z INFO StepsRunner] Current state: job state = 'Failed'
[2025-03-13 22:15:01Z INFO StepsRunner] Processing step: DisplayName='Post Checkout code'
[2025-03-13 22:15:01Z INFO StepsRunner] Evaluating: always()
[2025-03-13 22:15:01Z INFO StepsRunner] Result: true
[2025-03-13 22:15:01Z INFO StepsRunner] Starting the step.
[2025-03-13 22:15:01Z INFO HostContext] Well known directory 'Bin': '/home/jenny/tensorflow-mri/actions-runner/bin'
[2025-03-13 22:15:01Z INFO HostContext] Well known directory 'Root': '/home/jenny/tensorflow-mri/actions-runner'
[2025-03-13 22:15:01Z INFO HostContext] Well known directory 'Work': '/home/jenny/tensorflow-mri/actions-runner/_work'
[2025-03-13 22:15:01Z INFO HostContext] Well known directory 'Actions': '/home/jenny/tensorflow-mri/actions-runner/_work/_actions'
[2025-03-13 22:15:01Z INFO ActionManager] Load action that reference repository from '/home/jenny/tensorflow-mri/actions-runner/_work/_actions/actions/checkout/v4'
[2025-03-13 22:15:01Z INFO HostContext] Well known directory 'Bin': '/home/jenny/tensorflow-mri/actions-runner/bin'
[2025-03-13 22:15:01Z INFO HostContext] Well known directory 'Root': '/home/jenny/tensorflow-mri/actions-runner'
[2025-03-13 22:15:01Z INFO HostContext] Well known directory 'Work': '/home/jenny/tensorflow-mri/actions-runner/_work'
[2025-03-13 22:15:01Z INFO HostContext] Well known directory 'Actions': '/home/jenny/tensorflow-mri/actions-runner/_work/_actions'
[2025-03-13 22:15:01Z INFO ActionManifestManager] Loaded action.yml file: {
  "name": "Checkout",
  "description": "Checkout a Git repository at a particular version",
  "inputs": {
    "type": 2,
    "map": [
      {
        "key": {
          "type": 0,
          "file": 2,
          "line": 4,
          "col": 3,
          "lit": "repository"
        },
        "value": {
          "type": 3,
          "file": 2,
          "line": 6,
          "col": 14,
          "expr": "github.repository"
        }
      },
      {
        "key": {
          "type": 0,
          "file": 2,
          "line": 7,
          "col": 3,
          "lit": "ref"
        },
        "value": ""
      },
      {
        "key": {
          "type": 0,
          "file": 2,
          "line": 12,
          "col": 3,
          "lit": "token"
        },
        "value": {
          "type": 3,
          "file": 2,
          "line": 24,
          "col": 14,
          "expr": "github.token"
        }
      },
      {
        "key": {
          "type": 0,
          "file": 2,
          "line": 25,
          "col": 3,
          "lit": "ssh-key"
        },
        "value": ""
      },
      {
        "key": {
          "type": 0,
          "file": 2,
          "line": 37,
          "col": 3,
          "lit": "ssh-known-hosts"
        },
        "value": ""
      },
      {
        "key": {
          "type": 0,
          "file": 2,
          "line": 42,
          "col": 3,
          "lit": "ssh-strict"
        },
        "value": {
          "type": 0,
          "file": 2,
          "line": 47,
          "col": 14,
          "lit": "true"
        }
      },
      {
        "key": {
          "type": 0,
          "file": 2,
          "line": 48,
          "col": 3,
          "lit": "ssh-user"
        },
        "value": {
          "type": 0,
          "file": 2,
          "line": 51,
          "col": 14,
          "lit": "git"
        }
      },
      {
        "key": {
          "type": 0,
          "file": 2,
          "line": 52,
          "col": 3,
          "lit": "persist-credentials"
        },
        "value": {
          "type": 0,
          "file": 2,
          "line": 54,
          "col": 14,
          "lit": "true"
        }
      },
      {
        "key": {
          "type": 0,
          "file": 2,
          "line": 55,
          "col": 3,
          "lit": "path"
        },
        "value": ""
      },
      {
        "key": {
          "type": 0,
          "file": 2,
          "line": 57,
          "col": 3,
          "lit": "clean"
        },
        "value": {
          "type": 0,
          "file": 2,
          "line": 59,
          "col": 14,
          "lit": "true"
        }
      },
      {
        "key": {
          "type": 0,
          "file": 2,
          "line": 60,
          "col": 3,
          "lit": "filter"
        },
        "value": {
          "type": 0,
          "file": 2,
          "line": 64,
          "col": 14,
          "lit": ""
        }
      },
      {
        "key": {
          "type": 0,
          "file": 2,
          "line": 65,
          "col": 3,
          "lit": "sparse-checkout"
        },
        "value": {
          "type": 0,
          "file": 2,
          "line": 69,
          "col": 14,
          "lit": ""
        }
      },
      {
        "key": {
          "type": 0,
          "file": 2,
          "line": 70,
          "col": 3,
          "lit": "sparse-checkout-cone-mode"
        },
        "value": {
          "type": 0,
          "file": 2,
          "line": 73,
          "col": 14,
          "lit": "true"
        }
      },
      {
        "key": {
          "type": 0,
          "file": 2,
          "line": 74,
          "col": 3,
          "lit": "fetch-depth"
        },
        "value": {
          "type": 0,
          "file": 2,
          "line": 76,
          "col": 14,
          "lit": "1"
        }
      },
      {
        "key": {
          "type": 0,
          "file": 2,
          "line": 77,
          "col": 3,
          "lit": "fetch-tags"
        },
        "value": {
          "type": 0,
          "file": 2,
          "line": 79,
          "col": 14,
          "lit": "false"
        }
      },
      {
        "key": {
          "type": 0,
          "file": 2,
          "line": 80,
          "col": 3,
          "lit": "show-progress"
        },
        "value": {
          "type": 0,
          "file": 2,
          "line": 82,
          "col": 14,
          "lit": "true"
        }
      },
      {
        "key": {
          "type": 0,
          "file": 2,
          "line": 83,
          "col": 3,
          "lit": "lfs"
        },
        "value": {
          "type": 0,
          "file": 2,
          "line": 85,
          "col": 14,
          "lit": "false"
        }
      },
      {
        "key": {
          "type": 0,
          "file": 2,
          "line": 86,
          "col": 3,
          "lit": "submodules"
        },
        "value": {
          "type": 0,
          "file": 2,
          "line": 94,
          "col": 14,
          "lit": "false"
        }
      },
      {
        "key": {
          "type": 0,
          "file": 2,
          "line": 95,
          "col": 3,
          "lit": "set-safe-directory"
        },
        "value": {
          "type": 0,
          "file": 2,
          "line": 97,
          "col": 14,
          "lit": "true"
        }
      },
      {
        "key": {
          "type": 0,
          "file": 2,
          "line": 98,
          "col": 3,
          "lit": "github-server-url"
        },
        "value": ""
      }
    ]
  },
  "execution": {
    "executionType": "nodeJS",
    "hasPre": false,
    "hasPost": true,
    "script": "dist/index.js",
    "pre": null,
    "post": "dist/index.js",
    "nodeVersion": "node20",
    "cleanupCondition": "always()",
    "initCondition": "always()"
  },
  "deprecated": null
}
[2025-03-13 22:15:01Z INFO ActionManager] Action pre node.js file: N/A.
[2025-03-13 22:15:01Z INFO ActionManager] Action node.js file: dist/index.js.
[2025-03-13 22:15:01Z INFO ActionManager] Action post node.js file: dist/index.js.
[2025-03-13 22:15:01Z INFO HostContext] Well known directory 'Bin': '/home/jenny/tensorflow-mri/actions-runner/bin'
[2025-03-13 22:15:01Z INFO HostContext] Well known directory 'Root': '/home/jenny/tensorflow-mri/actions-runner'
[2025-03-13 22:15:01Z INFO HostContext] Well known directory 'Work': '/home/jenny/tensorflow-mri/actions-runner/_work'
[2025-03-13 22:15:01Z INFO HostContext] Well known directory 'Temp': '/home/jenny/tensorflow-mri/actions-runner/_work/_temp'
[2025-03-13 22:15:01Z INFO ExecutionContext] Write event payload to /home/jenny/tensorflow-mri/actions-runner/_work/_temp/_github_workflow/event.json
[2025-03-13 22:15:01Z INFO HostContext] Well known directory 'Bin': '/home/jenny/tensorflow-mri/actions-runner/bin'
[2025-03-13 22:15:01Z INFO HostContext] Well known directory 'Root': '/home/jenny/tensorflow-mri/actions-runner'
[2025-03-13 22:15:01Z INFO HostContext] Well known directory 'Work': '/home/jenny/tensorflow-mri/actions-runner/_work'
[2025-03-13 22:15:01Z INFO HostContext] Well known directory 'Temp': '/home/jenny/tensorflow-mri/actions-runner/_work/_temp'
[2025-03-13 22:15:01Z INFO ExtensionManager] Getting extensions for interface: 'GitHub.Runner.Worker.IFileCommandExtension'
[2025-03-13 22:15:01Z INFO ActionManifestManager] Input 'repository': default value evaluate result: {
  "type": 0,
  "file": 2,
  "line": 6,
  "col": 14,
  "lit": "mrphys/tensorflow-mri"
}
[2025-03-13 22:15:01Z INFO ActionManifestManager] Input 'ref': default value evaluate result: ""
[2025-03-13 22:15:01Z INFO ActionManifestManager] Input 'token': default value evaluate result: {
  "type": 0,
  "file": 2,
  "line": 24,
  "col": 14,
  "lit": "***"
}
[2025-03-13 22:15:01Z INFO ActionManifestManager] Input 'ssh-key': default value evaluate result: ""
[2025-03-13 22:15:01Z INFO ActionManifestManager] Input 'ssh-known-hosts': default value evaluate result: ""
[2025-03-13 22:15:01Z INFO ActionManifestManager] Input 'ssh-strict': default value evaluate result: {
  "type": 0,
  "file": 2,
  "line": 47,
  "col": 14,
  "lit": "true"
}
[2025-03-13 22:15:01Z INFO ActionManifestManager] Input 'ssh-user': default value evaluate result: {
  "type": 0,
  "file": 2,
  "line": 51,
  "col": 14,
  "lit": "git"
}
[2025-03-13 22:15:01Z INFO ActionManifestManager] Input 'persist-credentials': default value evaluate result: {
  "type": 0,
  "file": 2,
  "line": 54,
  "col": 14,
  "lit": "true"
}
[2025-03-13 22:15:01Z INFO ActionManifestManager] Input 'path': default value evaluate result: ""
[2025-03-13 22:15:01Z INFO ActionManifestManager] Input 'clean': default value evaluate result: {
  "type": 0,
  "file": 2,
  "line": 59,
  "col": 14,
  "lit": "true"
}
[2025-03-13 22:15:01Z INFO ActionManifestManager] Input 'filter': default value evaluate result: {
  "type": 0,
  "file": 2,
  "line": 64,
  "col": 14,
  "lit": ""
}
[2025-03-13 22:15:01Z INFO ActionManifestManager] Input 'sparse-checkout': default value evaluate result: {
  "type": 0,
  "file": 2,
  "line": 69,
  "col": 14,
  "lit": ""
}
[2025-03-13 22:15:01Z INFO ActionManifestManager] Input 'sparse-checkout-cone-mode': default value evaluate result: {
  "type": 0,
  "file": 2,
  "line": 73,
  "col": 14,
  "lit": "true"
}
[2025-03-13 22:15:01Z INFO ActionManifestManager] Input 'fetch-depth': default value evaluate result: {
  "type": 0,
  "file": 2,
  "line": 76,
  "col": 14,
  "lit": "1"
}
[2025-03-13 22:15:01Z INFO ActionManifestManager] Input 'fetch-tags': default value evaluate result: {
  "type": 0,
  "file": 2,
  "line": 79,
  "col": 14,
  "lit": "false"
}
[2025-03-13 22:15:01Z INFO ActionManifestManager] Input 'show-progress': default value evaluate result: {
  "type": 0,
  "file": 2,
  "line": 82,
  "col": 14,
  "lit": "true"
}
[2025-03-13 22:15:01Z INFO ActionManifestManager] Input 'lfs': default value evaluate result: {
  "type": 0,
  "file": 2,
  "line": 85,
  "col": 14,
  "lit": "false"
}
[2025-03-13 22:15:01Z INFO ActionManifestManager] Input 'submodules': default value evaluate result: {
  "type": 0,
  "file": 2,
  "line": 94,
  "col": 14,
  "lit": "false"
}
[2025-03-13 22:15:01Z INFO ActionManifestManager] Input 'set-safe-directory': default value evaluate result: {
  "type": 0,
  "file": 2,
  "line": 97,
  "col": 14,
  "lit": "true"
}
[2025-03-13 22:15:01Z INFO ActionManifestManager] Input 'github-server-url': default value evaluate result: ""
[2025-03-13 22:15:01Z INFO ExtensionManager] Getting extensions for interface: 'GitHub.Runner.Worker.IActionCommandExtension'
[2025-03-13 22:15:01Z INFO ActionCommandManager] Register action command extension for command internal-set-repo-path
[2025-03-13 22:15:01Z INFO ActionCommandManager] Register action command extension for command set-env
[2025-03-13 22:15:01Z INFO ActionCommandManager] Register action command extension for command set-output
[2025-03-13 22:15:01Z INFO ActionCommandManager] Register action command extension for command save-state
[2025-03-13 22:15:01Z INFO ActionCommandManager] Register action command extension for command add-path
[2025-03-13 22:15:01Z INFO ActionCommandManager] Register action command extension for command add-mask
[2025-03-13 22:15:01Z INFO ActionCommandManager] Register action command extension for command add-matcher
[2025-03-13 22:15:01Z INFO ActionCommandManager] Register action command extension for command remove-matcher
[2025-03-13 22:15:01Z INFO ActionCommandManager] Register action command extension for command warning
[2025-03-13 22:15:01Z INFO ActionCommandManager] Register action command extension for command error
[2025-03-13 22:15:01Z INFO ActionCommandManager] Register action command extension for command notice
[2025-03-13 22:15:01Z INFO ActionCommandManager] Register action command extension for command debug
[2025-03-13 22:15:01Z INFO ActionCommandManager] Register action command extension for command group
[2025-03-13 22:15:01Z INFO ActionCommandManager] Register action command extension for command endgroup
[2025-03-13 22:15:01Z INFO ActionCommandManager] Register action command extension for command echo
[2025-03-13 22:15:01Z INFO HostContext] Well known directory 'Bin': '/home/jenny/tensorflow-mri/actions-runner/bin'
[2025-03-13 22:15:01Z INFO HostContext] Well known directory 'Root': '/home/jenny/tensorflow-mri/actions-runner'
[2025-03-13 22:15:01Z INFO HostContext] Well known directory 'Work': '/home/jenny/tensorflow-mri/actions-runner/_work'
[2025-03-13 22:15:01Z INFO ProcessInvokerWrapper] Starting process:
[2025-03-13 22:15:01Z INFO ProcessInvokerWrapper]   File name: '/usr/bin/docker'
[2025-03-13 22:15:01Z INFO ProcessInvokerWrapper]   Arguments: 'exec  44f421c8e643fdf22ab12ae1d94295edccd7b8f1afc5f34266e9cbbaa9a97f77 sh -c "cat /etc/*release | grep ^ID"'
[2025-03-13 22:15:01Z INFO ProcessInvokerWrapper]   Working directory: '/home/jenny/tensorflow-mri/actions-runner/_work'
[2025-03-13 22:15:01Z INFO ProcessInvokerWrapper]   Require exit code zero: 'False'
[2025-03-13 22:15:01Z INFO ProcessInvokerWrapper]   Encoding web name:  ; code page: ''
[2025-03-13 22:15:01Z INFO ProcessInvokerWrapper]   Force kill process on cancellation: 'False'
[2025-03-13 22:15:01Z INFO ProcessInvokerWrapper]   Redirected STDIN: 'False'
[2025-03-13 22:15:01Z INFO ProcessInvokerWrapper]   Persist current code page: 'False'
[2025-03-13 22:15:01Z INFO ProcessInvokerWrapper]   Keep redirected STDIN open: 'False'
[2025-03-13 22:15:01Z INFO ProcessInvokerWrapper]   High priority process: 'False'
[2025-03-13 22:15:01Z INFO ProcessInvokerWrapper] Updated oom_score_adj to 500 for PID: 2351936.
[2025-03-13 22:15:01Z INFO ProcessInvokerWrapper] Process started with process id 2351936, waiting for process exit.
[2025-03-13 22:15:01Z INFO ProcessInvokerWrapper] STDOUT/STDERR stream read finished.
[2025-03-13 22:15:01Z INFO ProcessInvokerWrapper] STDOUT/STDERR stream read finished.
[2025-03-13 22:15:01Z INFO ProcessInvokerWrapper] Finished process 2351936 with exit code 0, and elapsed time 00:00:00.0383617.
[2025-03-13 22:15:01Z INFO HostContext] Well known directory 'Bin': '/home/jenny/tensorflow-mri/actions-runner/bin'
[2025-03-13 22:15:01Z INFO HostContext] Well known directory 'Root': '/home/jenny/tensorflow-mri/actions-runner'
[2025-03-13 22:15:01Z INFO HostContext] Well known directory 'Externals': '/home/jenny/tensorflow-mri/actions-runner/externals'
[2025-03-13 22:15:01Z INFO HostContext] Well known directory 'Bin': '/home/jenny/tensorflow-mri/actions-runner/bin'
[2025-03-13 22:15:01Z INFO HostContext] Well known directory 'Root': '/home/jenny/tensorflow-mri/actions-runner'
[2025-03-13 22:15:01Z INFO HostContext] Well known directory 'Work': '/home/jenny/tensorflow-mri/actions-runner/_work'
[2025-03-13 22:15:01Z INFO ProcessInvokerWrapper] Starting process:
[2025-03-13 22:15:01Z INFO ProcessInvokerWrapper]   File name: '/usr/bin/docker'
[2025-03-13 22:15:01Z INFO ProcessInvokerWrapper]   Arguments: 'exec -i --workdir /__w/tensorflow-mri/tensorflow-mri -e "PYTHON" -e "STATE_isPost" -e "STATE_setSafeDirectory" -e "STATE_repositoryPath" -e "INPUT_REPOSITORY" -e "INPUT_REF" -e "INPUT_TOKEN" -e "INPUT_SSH-KEY" -e "INPUT_SSH-KNOWN-HOSTS" -e "INPUT_SSH-STRICT" -e "INPUT_SSH-USER" -e "INPUT_PERSIST-CREDENTIALS" -e "INPUT_PATH" -e "INPUT_CLEAN" -e "INPUT_FILTER" -e "INPUT_SPARSE-CHECKOUT" -e "INPUT_SPARSE-CHECKOUT-CONE-MODE" -e "INPUT_FETCH-DEPTH" -e "INPUT_FETCH-TAGS" -e "INPUT_SHOW-PROGRESS" -e "INPUT_LFS" -e "INPUT_SUBMODULES" -e "INPUT_SET-SAFE-DIRECTORY" -e "INPUT_GITHUB-SERVER-URL" -e "GITHUB_JOB" -e "GITHUB_REF" -e "GITHUB_SHA" -e "GITHUB_REPOSITORY" -e "GITHUB_REPOSITORY_OWNER" -e "GITHUB_REPOSITORY_OWNER_ID" -e "GITHUB_RUN_ID" -e "GITHUB_RUN_NUMBER" -e "GITHUB_RETENTION_DAYS" -e "GITHUB_RUN_ATTEMPT" -e "GITHUB_ACTOR_ID" -e "GITHUB_ACTOR" -e "GITHUB_WORKFLOW" -e "GITHUB_HEAD_REF" -e "GITHUB_BASE_REF" -e "GITHUB_EVENT_NAME" -e "GITHUB_SERVER_URL" -e "GITHUB_API_URL" -e "GITHUB_GRAPHQL_URL" -e "GITHUB_REF_NAME" -e "GITHUB_REF_PROTECTED" -e "GITHUB_REF_TYPE" -e "GITHUB_WORKFLOW_REF" -e "GITHUB_WORKFLOW_SHA" -e "GITHUB_REPOSITORY_ID" -e "GITHUB_TRIGGERING_ACTOR" -e "GITHUB_WORKSPACE" -e "GITHUB_ACTION" -e "GITHUB_EVENT_PATH" -e "GITHUB_ACTION_REPOSITORY" -e "GITHUB_ACTION_REF" -e "GITHUB_PATH" -e "GITHUB_ENV" -e "GITHUB_STEP_SUMMARY" -e "GITHUB_STATE" -e "GITHUB_OUTPUT" -e "RUNNER_OS" -e "RUNNER_ARCH" -e "RUNNER_NAME" -e "RUNNER_ENVIRONMENT" -e "RUNNER_TOOL_CACHE" -e "RUNNER_TEMP" -e "RUNNER_WORKSPACE" -e "ACTIONS_RUNTIME_URL" -e "ACTIONS_RUNTIME_TOKEN" -e "ACTIONS_CACHE_URL" -e "ACTIONS_RESULTS_URL" -e "ACTIONS_CACHE_SERVICE_V2" 44f421c8e643fdf22ab12ae1d94295edccd7b8f1afc5f34266e9cbbaa9a97f77 /__e/node20/bin/node /__w/_actions/actions/checkout/v4/dist/index.js'
[2025-03-13 22:15:01Z INFO ProcessInvokerWrapper]   Working directory: '/home/jenny/tensorflow-mri/actions-runner/_work'
[2025-03-13 22:15:01Z INFO ProcessInvokerWrapper]   Require exit code zero: 'False'
[2025-03-13 22:15:01Z INFO ProcessInvokerWrapper]   Encoding web name:  ; code page: ''
[2025-03-13 22:15:01Z INFO ProcessInvokerWrapper]   Force kill process on cancellation: 'False'
[2025-03-13 22:15:01Z INFO ProcessInvokerWrapper]   Redirected STDIN: 'False'
[2025-03-13 22:15:01Z INFO ProcessInvokerWrapper]   Persist current code page: 'False'
[2025-03-13 22:15:01Z INFO ProcessInvokerWrapper]   Keep redirected STDIN open: 'False'
[2025-03-13 22:15:01Z INFO ProcessInvokerWrapper]   High priority process: 'False'
[2025-03-13 22:15:01Z INFO ProcessInvokerWrapper] Updated oom_score_adj to 500 for PID: 2351968.
[2025-03-13 22:15:01Z INFO ProcessInvokerWrapper] Process started with process id 2351968, waiting for process exit.
[2025-03-13 22:15:02Z INFO HostContext] Well known directory 'Bin': '/home/jenny/tensorflow-mri/actions-runner/bin'
[2025-03-13 22:15:02Z INFO HostContext] Well known directory 'Root': '/home/jenny/tensorflow-mri/actions-runner'
[2025-03-13 22:15:02Z INFO HostContext] Well known directory 'Work': '/home/jenny/tensorflow-mri/actions-runner/_work'
[2025-03-13 22:15:02Z INFO AddMaskCommandExtension] Add new secret mask with length of 32
[2025-03-13 22:15:02Z INFO ProcessInvokerWrapper] STDOUT/STDERR stream read finished.
[2025-03-13 22:15:02Z INFO ProcessInvokerWrapper] STDOUT/STDERR stream read finished.
[2025-03-13 22:15:02Z INFO ProcessInvokerWrapper] Finished process 2351968 with exit code 0, and elapsed time 00:00:00.1848873.
[2025-03-13 22:15:02Z INFO CreateStepSummaryCommand] Step Summary file (/home/jenny/tensorflow-mri/actions-runner/_work/_temp/_runner_file_commands/step_summary_1bc4f6f6-99b8-43ae-a12d-55a0594e6674) is empty; skipping attachment upload
[2025-03-13 22:15:02Z INFO StepsRunner] Step result: 
[2025-03-13 22:15:02Z INFO ExecutionContext] Publish step telemetry for current step {
  "action": "actions/checkout",
  "ref": "v4",
  "type": "node20",
  "stage": "Post",
  "stepId": "3ab00531-8034-4ccc-afa6-cc3a71cc2551",
  "result": "succeeded",
  "errorMessages": [],
  "executionTimeInSeconds": 1,
  "startTime": "2025-03-13T22:15:01.8845249Z",
  "finishTime": "2025-03-13T22:15:02.1177367Z"
}.
[2025-03-13 22:15:02Z INFO StepsRunner] No need for updating job result with current step result 'Succeeded'.
[2025-03-13 22:15:02Z INFO StepsRunner] Current state: job state = 'Failed'
[2025-03-13 22:15:02Z INFO StepsRunner] Processing step: DisplayName='Stop containers'
[2025-03-13 22:15:02Z INFO StepsRunner] Evaluating: always()
[2025-03-13 22:15:02Z INFO StepsRunner] Result: true
[2025-03-13 22:15:02Z INFO StepsRunner] Starting the step.
[2025-03-13 22:15:02Z INFO ProcessInvokerWrapper] Starting process:
[2025-03-13 22:15:02Z INFO ProcessInvokerWrapper]   File name: '/usr/bin/docker'
[2025-03-13 22:15:02Z INFO ProcessInvokerWrapper]   Arguments: 'rm --force 44f421c8e643fdf22ab12ae1d94295edccd7b8f1afc5f34266e9cbbaa9a97f77'
[2025-03-13 22:15:02Z INFO ProcessInvokerWrapper]   Working directory: '/home/jenny/tensorflow-mri/actions-runner/_work/tensorflow-mri/tensorflow-mri'
[2025-03-13 22:15:02Z INFO ProcessInvokerWrapper]   Require exit code zero: 'False'
[2025-03-13 22:15:02Z INFO ProcessInvokerWrapper]   Encoding web name:  ; code page: ''
[2025-03-13 22:15:02Z INFO ProcessInvokerWrapper]   Force kill process on cancellation: 'False'
[2025-03-13 22:15:02Z INFO ProcessInvokerWrapper]   Redirected STDIN: 'False'
[2025-03-13 22:15:02Z INFO ProcessInvokerWrapper]   Persist current code page: 'False'
[2025-03-13 22:15:02Z INFO ProcessInvokerWrapper]   Keep redirected STDIN open: 'False'
[2025-03-13 22:15:02Z INFO ProcessInvokerWrapper]   High priority process: 'False'
[2025-03-13 22:15:02Z INFO ProcessInvokerWrapper] Updated oom_score_adj to 500 for PID: 2352067.
[2025-03-13 22:15:02Z INFO ProcessInvokerWrapper] Process started with process id 2352067, waiting for process exit.
[2025-03-13 22:15:02Z INFO JobServerQueue] Try to upload 2 log files or attachments, success rate: 2/2.
[2025-03-13 22:15:02Z INFO JobServerQueue] Try to append 1 batches web console lines for record '737c1b08-1e33-4e8c-9562-91b803a04234', success rate: 1/1.
[2025-03-13 22:15:02Z INFO JobServerQueue] Try to append 1 batches web console lines for record '3ab00531-8034-4ccc-afa6-cc3a71cc2551', success rate: 1/1.
[2025-03-13 22:15:02Z INFO JobServerQueue] Try to append 1 batches web console lines for record 'ca3bcf16-0d81-403c-94e1-0c415d6aa527', success rate: 1/1.
[2025-03-13 22:15:02Z INFO JobServerQueue] Got a step log file to send to results service.
[2025-03-13 22:15:02Z INFO JobServerQueue] Starting upload of step log file to results service ResultsLog, /home/jenny/tensorflow-mri/actions-runner/_diag/blocks/d71dd0fc-fe6f-43fb-acd0-d1c60c83f82d_737c1b08-1e33-4e8c-9562-91b803a04234.1
[2025-03-13 22:15:02Z INFO ProcessInvokerWrapper] STDOUT/STDERR stream read finished.
[2025-03-13 22:15:02Z INFO ProcessInvokerWrapper] STDOUT/STDERR stream read finished.
[2025-03-13 22:15:02Z INFO ProcessInvokerWrapper] Finished process 2352067 with exit code 0, and elapsed time 00:00:00.7915637.
[2025-03-13 22:15:02Z INFO ProcessInvokerWrapper] Starting process:
[2025-03-13 22:15:02Z INFO ProcessInvokerWrapper]   File name: '/usr/bin/docker'
[2025-03-13 22:15:02Z INFO ProcessInvokerWrapper]   Arguments: 'network rm github_network_204fb6119ccb46668f4933dbe09f28c4'
[2025-03-13 22:15:02Z INFO ProcessInvokerWrapper]   Working directory: '/home/jenny/tensorflow-mri/actions-runner/_work/tensorflow-mri/tensorflow-mri'
[2025-03-13 22:15:02Z INFO ProcessInvokerWrapper]   Require exit code zero: 'False'
[2025-03-13 22:15:02Z INFO ProcessInvokerWrapper]   Encoding web name:  ; code page: ''
[2025-03-13 22:15:02Z INFO ProcessInvokerWrapper]   Force kill process on cancellation: 'False'
[2025-03-13 22:15:02Z INFO ProcessInvokerWrapper]   Redirected STDIN: 'False'
[2025-03-13 22:15:02Z INFO ProcessInvokerWrapper]   Persist current code page: 'False'
[2025-03-13 22:15:02Z INFO ProcessInvokerWrapper]   Keep redirected STDIN open: 'False'
[2025-03-13 22:15:02Z INFO ProcessInvokerWrapper]   High priority process: 'False'
[2025-03-13 22:15:02Z INFO ProcessInvokerWrapper] Updated oom_score_adj to 500 for PID: 2352121.
[2025-03-13 22:15:02Z INFO ProcessInvokerWrapper] Process started with process id 2352121, waiting for process exit.
[2025-03-13 22:15:03Z INFO ProcessInvokerWrapper] STDOUT/STDERR stream read finished.
[2025-03-13 22:15:03Z INFO ProcessInvokerWrapper] STDOUT/STDERR stream read finished.
[2025-03-13 22:15:03Z INFO ProcessInvokerWrapper] Finished process 2352121 with exit code 0, and elapsed time 00:00:00.1280882.
[2025-03-13 22:15:03Z INFO StepsRunner] Step result: 
[2025-03-13 22:15:03Z INFO StepsRunner] No need for updating job result with current step result 'Succeeded'.
[2025-03-13 22:15:03Z INFO StepsRunner] Current state: job state = 'Failed'
[2025-03-13 22:15:03Z INFO JobRunner] Finalize job.
[2025-03-13 22:15:03Z INFO HostContext] Well known directory 'Bin': '/home/jenny/tensorflow-mri/actions-runner/bin'
[2025-03-13 22:15:03Z INFO HostContext] Well known directory 'Root': '/home/jenny/tensorflow-mri/actions-runner'
[2025-03-13 22:15:03Z INFO HostContext] Well known directory 'Diag': '/home/jenny/tensorflow-mri/actions-runner/_diag'
[2025-03-13 22:15:03Z INFO HostContext] Well known directory 'Bin': '/home/jenny/tensorflow-mri/actions-runner/bin'
[2025-03-13 22:15:03Z INFO HostContext] Well known directory 'Root': '/home/jenny/tensorflow-mri/actions-runner'
[2025-03-13 22:15:03Z INFO HostContext] Well known directory 'Diag': '/home/jenny/tensorflow-mri/actions-runner/_diag'
[2025-03-13 22:15:03Z INFO JobExtension] Initialize Env context
[2025-03-13 22:15:03Z INFO JobExtension] Initialize steps context
[2025-03-13 22:15:03Z INFO JobExtension] Total accessible running process: 972.
[2025-03-13 22:15:03Z INFO JobExtension] Inspecting process environment variables. PID: 2109722 (kworker/26:2-events)
[2025-03-13 22:15:03Z INFO LinuxProcessExtensions] Read env from /proc/2109722/environ
[2025-03-13 22:15:03Z WARN JobExtension] Ignore exception during read process environment variables: Access to the path '/proc/2109722/environ' is denied.
[2025-03-13 22:15:03Z INFO JobExtension] Inspecting process environment variables. PID: 2120494 (kworker/25:1-mm_percpu_wq)
[2025-03-13 22:15:03Z INFO LinuxProcessExtensions] Read env from /proc/2120494/environ
[2025-03-13 22:15:03Z WARN JobExtension] Ignore exception during read process environment variables: Access to the path '/proc/2120494/environ' is denied.
[2025-03-13 22:15:03Z INFO JobExtension] Inspecting process environment variables. PID: 2130459 (kworker/31:0-events)
[2025-03-13 22:15:03Z INFO LinuxProcessExtensions] Read env from /proc/2130459/environ
[2025-03-13 22:15:03Z WARN JobExtension] Ignore exception during read process environment variables: Access to the path '/proc/2130459/environ' is denied.
[2025-03-13 22:15:03Z INFO JobExtension] Inspecting process environment variables. PID: 2145952 (kworker/29:2-rcu_gp)
[2025-03-13 22:15:03Z INFO LinuxProcessExtensions] Read env from /proc/2145952/environ
[2025-03-13 22:15:03Z WARN JobExtension] Ignore exception during read process environment variables: Access to the path '/proc/2145952/environ' is denied.
[2025-03-13 22:15:03Z INFO JobExtension] Inspecting process environment variables. PID: 2190273 (kworker/33:0-events)
[2025-03-13 22:15:03Z INFO LinuxProcessExtensions] Read env from /proc/2190273/environ
[2025-03-13 22:15:03Z WARN JobExtension] Ignore exception during read process environment variables: Access to the path '/proc/2190273/environ' is denied.
[2025-03-13 22:15:03Z INFO JobExtension] Inspecting process environment variables. PID: 2235548 (kworker/14:0-rcu_par_gp)
[2025-03-13 22:15:03Z INFO LinuxProcessExtensions] Read env from /proc/2235548/environ
[2025-03-13 22:15:03Z WARN JobExtension] Ignore exception during read process environment variables: Access to the path '/proc/2235548/environ' is denied.
[2025-03-13 22:15:03Z INFO JobExtension] Inspecting process environment variables. PID: 2236316 (kworker/u72:3-ext4-rsv-conversion)
[2025-03-13 22:15:03Z INFO LinuxProcessExtensions] Read env from /proc/2236316/environ
[2025-03-13 22:15:03Z WARN JobExtension] Ignore exception during read process environment variables: Access to the path '/proc/2236316/environ' is denied.
[2025-03-13 22:15:03Z INFO JobExtension] Inspecting process environment variables. PID: 2236531 (kworker/35:1-events)
[2025-03-13 22:15:03Z INFO LinuxProcessExtensions] Read env from /proc/2236531/environ
[2025-03-13 22:15:03Z WARN JobExtension] Ignore exception during read process environment variables: Access to the path '/proc/2236531/environ' is denied.
[2025-03-13 22:15:03Z INFO JobExtension] Inspecting process environment variables. PID: 2237936 (kworker/4:1-rcu_par_gp)
[2025-03-13 22:15:03Z INFO LinuxProcessExtensions] Read env from /proc/2237936/environ
[2025-03-13 22:15:03Z WARN JobExtension] Ignore exception during read process environment variables: Access to the path '/proc/2237936/environ' is denied.
[2025-03-13 22:15:03Z INFO JobExtension] Inspecting process environment variables. PID: 2237950 (kworker/11:2-rcu_par_gp)
[2025-03-13 22:15:03Z INFO LinuxProcessExtensions] Read env from /proc/2237950/environ
[2025-03-13 22:15:03Z WARN JobExtension] Ignore exception during read process environment variables: Access to the path '/proc/2237950/environ' is denied.
[2025-03-13 22:15:03Z INFO JobExtension] Inspecting process environment variables. PID: 2237965 (kworker/0:1-rcu_gp)
[2025-03-13 22:15:03Z INFO LinuxProcessExtensions] Read env from /proc/2237965/environ
[2025-03-13 22:15:03Z WARN JobExtension] Ignore exception during read process environment variables: Access to the path '/proc/2237965/environ' is denied.
[2025-03-13 22:15:03Z INFO JobExtension] Inspecting process environment variables. PID: 2237970 (kworker/7:1-events)
[2025-03-13 22:15:03Z INFO LinuxProcessExtensions] Read env from /proc/2237970/environ
[2025-03-13 22:15:03Z WARN JobExtension] Ignore exception during read process environment variables: Access to the path '/proc/2237970/environ' is denied.
[2025-03-13 22:15:03Z INFO JobExtension] Inspecting process environment variables. PID: 2237975 (kworker/1:2-events)
[2025-03-13 22:15:03Z INFO LinuxProcessExtensions] Read env from /proc/2237975/environ
[2025-03-13 22:15:03Z WARN JobExtension] Ignore exception during read process environment variables: Access to the path '/proc/2237975/environ' is denied.
[2025-03-13 22:15:03Z INFO JobExtension] Inspecting process environment variables. PID: 2238012 (kworker/9:2-events)
[2025-03-13 22:15:03Z INFO LinuxProcessExtensions] Read env from /proc/2238012/environ
[2025-03-13 22:15:03Z WARN JobExtension] Ignore exception during read process environment variables: Access to the path '/proc/2238012/environ' is denied.
[2025-03-13 22:15:03Z INFO JobExtension] Inspecting process environment variables. PID: 2238035 (kworker/16:1-rcu_par_gp)
[2025-03-13 22:15:03Z INFO LinuxProcessExtensions] Read env from /proc/2238035/environ
[2025-03-13 22:15:03Z WARN JobExtension] Ignore exception during read process environment variables: Access to the path '/proc/2238035/environ' is denied.
[2025-03-13 22:15:03Z INFO JobExtension] Inspecting process environment variables. PID: 2238161 (kworker/10:0-rcu_par_gp)
[2025-03-13 22:15:03Z INFO LinuxProcessExtensions] Read env from /proc/2238161/environ
[2025-03-13 22:15:03Z WARN JobExtension] Ignore exception during read process environment variables: Access to the path '/proc/2238161/environ' is denied.
[2025-03-13 22:15:03Z INFO JobExtension] Inspecting process environment variables. PID: 2241473 (kworker/6:0-rcu_gp)
[2025-03-13 22:15:03Z INFO LinuxProcessExtensions] Read env from /proc/2241473/environ
[2025-03-13 22:15:03Z WARN JobExtension] Ignore exception during read process environment variables: Access to the path '/proc/2241473/environ' is denied.
[2025-03-13 22:15:03Z INFO JobExtension] Inspecting process environment variables. PID: 2241629 (kworker/2:0-rcu_par_gp)
[2025-03-13 22:15:03Z INFO LinuxProcessExtensions] Read env from /proc/2241629/environ
[2025-03-13 22:15:03Z WARN JobExtension] Ignore exception during read process environment variables: Access to the path '/proc/2241629/environ' is denied.
[2025-03-13 22:15:03Z INFO JobExtension] Inspecting process environment variables. PID: 2241630 (kworker/3:0-events)
[2025-03-13 22:15:03Z INFO LinuxProcessExtensions] Read env from /proc/2241630/environ
[2025-03-13 22:15:03Z WARN JobExtension] Ignore exception during read process environment variables: Access to the path '/proc/2241630/environ' is denied.
[2025-03-13 22:15:03Z INFO JobExtension] Inspecting process environment variables. PID: 2241648 (kworker/13:2-rcu_par_gp)
[2025-03-13 22:15:03Z INFO LinuxProcessExtensions] Read env from /proc/2241648/environ
[2025-03-13 22:15:03Z WARN JobExtension] Ignore exception during read process environment variables: Access to the path '/proc/2241648/environ' is denied.
[2025-03-13 22:15:03Z INFO JobExtension] Inspecting process environment variables. PID: 2241649 (kworker/12:2-rcu_par_gp)
[2025-03-13 22:15:03Z INFO LinuxProcessExtensions] Read env from /proc/2241649/environ
[2025-03-13 22:15:03Z WARN JobExtension] Ignore exception during read process environment variables: Access to the path '/proc/2241649/environ' is denied.
[2025-03-13 22:15:03Z INFO JobExtension] Inspecting process environment variables. PID: 2242090 (kworker/20:2-events)
[2025-03-13 22:15:03Z INFO LinuxProcessExtensions] Read env from /proc/2242090/environ
[2025-03-13 22:15:03Z WARN JobExtension] Ignore exception during read process environment variables: Access to the path '/proc/2242090/environ' is denied.
[2025-03-13 22:15:03Z INFO JobExtension] Inspecting process environment variables. PID: 2242293 (kworker/0:2-rcu_par_gp)
[2025-03-13 22:15:03Z INFO LinuxProcessExtensions] Read env from /proc/2242293/environ
[2025-03-13 22:15:03Z WARN JobExtension] Ignore exception during read process environment variables: Access to the path '/proc/2242293/environ' is denied.
[2025-03-13 22:15:03Z INFO JobExtension] Inspecting process environment variables. PID: 2242318 (kworker/8:0-rcu_par_gp)
[2025-03-13 22:15:03Z INFO LinuxProcessExtensions] Read env from /proc/2242318/environ
[2025-03-13 22:15:03Z WARN JobExtension] Ignore exception during read process environment variables: Access to the path '/proc/2242318/environ' is denied.
[2025-03-13 22:15:03Z INFO JobExtension] Inspecting process environment variables. PID: 2243881 (kworker/5:0-rcu_gp)
[2025-03-13 22:15:03Z INFO LinuxProcessExtensions] Read env from /proc/2243881/environ
[2025-03-13 22:15:03Z WARN JobExtension] Ignore exception during read process environment variables: Access to the path '/proc/2243881/environ' is denied.
[2025-03-13 22:15:03Z INFO JobExtension] Inspecting process environment variables. PID: 2245316 (kworker/9:0-rcu_par_gp)
[2025-03-13 22:15:03Z INFO LinuxProcessExtensions] Read env from /proc/2245316/environ
[2025-03-13 22:15:03Z WARN JobExtension] Ignore exception during read process environment variables: Access to the path '/proc/2245316/environ' is denied.
[2025-03-13 22:15:03Z INFO JobExtension] Inspecting process environment variables. PID: 2245317 (kworker/3:1-rcu_par_gp)
[2025-03-13 22:15:03Z INFO LinuxProcessExtensions] Read env from /proc/2245317/environ
[2025-03-13 22:15:03Z WARN JobExtension] Ignore exception during read process environment variables: Access to the path '/proc/2245317/environ' is denied.
[2025-03-13 22:15:03Z INFO JobExtension] Inspecting process environment variables. PID: 2245481 (kworker/11:0-events)
[2025-03-13 22:15:03Z INFO LinuxProcessExtensions] Read env from /proc/2245481/environ
[2025-03-13 22:15:03Z WARN JobExtension] Ignore exception during read process environment variables: Access to the path '/proc/2245481/environ' is denied.
[2025-03-13 22:15:03Z INFO JobExtension] Inspecting process environment variables. PID: 2245482 (kworker/14:1-mm_percpu_wq)
[2025-03-13 22:15:03Z INFO LinuxProcessExtensions] Read env from /proc/2245482/environ
[2025-03-13 22:15:03Z WARN JobExtension] Ignore exception during read process environment variables: Access to the path '/proc/2245482/environ' is denied.
[2025-03-13 22:15:03Z INFO JobExtension] Inspecting process environment variables. PID: 2245493 (kworker/2:2-rcu_gp)
[2025-03-13 22:15:03Z INFO LinuxProcessExtensions] Read env from /proc/2245493/environ
[2025-03-13 22:15:03Z WARN JobExtension] Ignore exception during read process environment variables: Access to the path '/proc/2245493/environ' is denied.
[2025-03-13 22:15:03Z INFO JobExtension] Inspecting process environment variables. PID: 2245494 (kworker/4:2-rcu_gp)
[2025-03-13 22:15:03Z INFO LinuxProcessExtensions] Read env from /proc/2245494/environ
[2025-03-13 22:15:03Z WARN JobExtension] Ignore exception during read process environment variables: Access to the path '/proc/2245494/environ' is denied.
[2025-03-13 22:15:03Z INFO JobExtension] Inspecting process environment variables. PID: 2245607 (kworker/12:1-cgroup_destroy)
[2025-03-13 22:15:03Z INFO LinuxProcessExtensions] Read env from /proc/2245607/environ
[2025-03-13 22:15:03Z WARN JobExtension] Ignore exception during read process environment variables: Access to the path '/proc/2245607/environ' is denied.
[2025-03-13 22:15:03Z INFO JobExtension] Inspecting process environment variables. PID: 2245637 (kworker/16:0-rcu_gp)
[2025-03-13 22:15:03Z INFO LinuxProcessExtensions] Read env from /proc/2245637/environ
[2025-03-13 22:15:03Z WARN JobExtension] Ignore exception during read process environment variables: Access to the path '/proc/2245637/environ' is denied.
[2025-03-13 22:15:03Z INFO JobExtension] Inspecting process environment variables. PID: 2245693 (kworker/13:0-events)
[2025-03-13 22:15:03Z INFO LinuxProcessExtensions] Read env from /proc/2245693/environ
[2025-03-13 22:15:03Z WARN JobExtension] Ignore exception during read process environment variables: Access to the path '/proc/2245693/environ' is denied.
[2025-03-13 22:15:03Z INFO JobExtension] Inspecting process environment variables. PID: 2245723 (kworker/29:1-mm_percpu_wq)
[2025-03-13 22:15:03Z INFO LinuxProcessExtensions] Read env from /proc/2245723/environ
[2025-03-13 22:15:03Z WARN JobExtension] Ignore exception during read process environment variables: Access to the path '/proc/2245723/environ' is denied.
[2025-03-13 22:15:03Z INFO JobExtension] Inspecting process environment variables. PID: 2245919 (kworker/8:1-rcu_par_gp)
[2025-03-13 22:15:03Z INFO LinuxProcessExtensions] Read env from /proc/2245919/environ
[2025-03-13 22:15:03Z WARN JobExtension] Ignore exception during read process environment variables: Access to the path '/proc/2245919/environ' is denied.
[2025-03-13 22:15:03Z INFO JobExtension] Inspecting process environment variables. PID: 2245975 (kworker/6:2-events)
[2025-03-13 22:15:03Z INFO LinuxProcessExtensions] Read env from /proc/2245975/environ
[2025-03-13 22:15:03Z WARN JobExtension] Ignore exception during read process environment variables: Access to the path '/proc/2245975/environ' is denied.
[2025-03-13 22:15:03Z INFO JobExtension] Inspecting process environment variables. PID: 2246488 (kworker/5:1-events)
[2025-03-13 22:15:03Z INFO LinuxProcessExtensions] Read env from /proc/2246488/environ
[2025-03-13 22:15:03Z WARN JobExtension] Ignore exception during read process environment variables: Access to the path '/proc/2246488/environ' is denied.
[2025-03-13 22:15:03Z INFO JobExtension] Inspecting process environment variables. PID: 2246676 (kworker/10:2-rcu_par_gp)
[2025-03-13 22:15:03Z INFO LinuxProcessExtensions] Read env from /proc/2246676/environ
[2025-03-13 22:15:03Z WARN JobExtension] Ignore exception during read process environment variables: Access to the path '/proc/2246676/environ' is denied.
[2025-03-13 22:15:03Z INFO JobExtension] Inspecting process environment variables. PID: 2246863 (kworker/u72:2-events_unbound)
[2025-03-13 22:15:03Z INFO LinuxProcessExtensions] Read env from /proc/2246863/environ
[2025-03-13 22:15:03Z WARN JobExtension] Ignore exception during read process environment variables: Access to the path '/proc/2246863/environ' is denied.
[2025-03-13 22:15:03Z INFO JobExtension] Inspecting process environment variables. PID: 2295361 (sleep)
[2025-03-13 22:15:03Z INFO LinuxProcessExtensions] Read env from /proc/2295361/environ
[2025-03-13 22:15:03Z INFO JobExtension] Inspecting process environment variables. PID: 2351879 (kworker/u72:0-ixgbe)
[2025-03-13 22:15:03Z INFO LinuxProcessExtensions] Read env from /proc/2351879/environ
[2025-03-13 22:15:03Z WARN JobExtension] Ignore exception during read process environment variables: Access to the path '/proc/2351879/environ' is denied.
[2025-03-13 22:15:03Z INFO JobExtension] Inspecting process environment variables. PID: 2351956 (kworker/2:1-events)
[2025-03-13 22:15:03Z INFO LinuxProcessExtensions] Read env from /proc/2351956/environ
[2025-03-13 22:15:03Z WARN JobExtension] Ignore exception during read process environment variables: Access to the path '/proc/2351956/environ' is denied.
[2025-03-13 22:15:03Z INFO JobExtension] Inspecting process environment variables. PID: 2351965 (kworker/16:2-events)
[2025-03-13 22:15:03Z INFO LinuxProcessExtensions] Read env from /proc/2351965/environ
[2025-03-13 22:15:03Z WARN JobExtension] Ignore exception during read process environment variables: Access to the path '/proc/2351965/environ' is denied.
[2025-03-13 22:15:03Z INFO JobExtension] Inspecting process environment variables. PID: 2351988 (kworker/4:0-events)
[2025-03-13 22:15:03Z INFO LinuxProcessExtensions] Read env from /proc/2351988/environ
[2025-03-13 22:15:03Z WARN JobExtension] Ignore exception during read process environment variables: Access to the path '/proc/2351988/environ' is denied.
[2025-03-13 22:15:03Z INFO JobExtension] Inspecting process environment variables. PID: 2351997 (kworker/7:2-rcu_par_gp)
[2025-03-13 22:15:03Z INFO LinuxProcessExtensions] Read env from /proc/2351997/environ
[2025-03-13 22:15:03Z WARN JobExtension] Ignore exception during read process environment variables: Access to the path '/proc/2351997/environ' is denied.
[2025-03-13 22:15:03Z INFO JobExtension] Inspecting process environment variables. PID: 2352084 (kworker/0:0-events)
[2025-03-13 22:15:03Z INFO LinuxProcessExtensions] Read env from /proc/2352084/environ
[2025-03-13 22:15:03Z WARN JobExtension] Ignore exception during read process environment variables: Access to the path '/proc/2352084/environ' is denied.
[2025-03-13 22:15:03Z INFO JobExtension] Inspecting process environment variables. PID: 2352085 (kworker/1:1-events)
[2025-03-13 22:15:03Z INFO LinuxProcessExtensions] Read env from /proc/2352085/environ
[2025-03-13 22:15:03Z WARN JobExtension] Ignore exception during read process environment variables: Access to the path '/proc/2352085/environ' is denied.
[2025-03-13 22:15:03Z INFO JobExtension] Inspecting process environment variables. PID: 2352105 (kworker/10:1-events)
[2025-03-13 22:15:03Z INFO LinuxProcessExtensions] Read env from /proc/2352105/environ
[2025-03-13 22:15:03Z WARN JobExtension] Ignore exception during read process environment variables: Access to the path '/proc/2352105/environ' is denied.
[2025-03-13 22:15:03Z INFO JobExtension] Inspecting process environment variables. PID: 2352106 (kworker/12:0-events)
[2025-03-13 22:15:03Z INFO LinuxProcessExtensions] Read env from /proc/2352106/environ
[2025-03-13 22:15:03Z WARN JobExtension] Ignore exception during read process environment variables: Access to the path '/proc/2352106/environ' is denied.
[2025-03-13 22:15:03Z INFO JobExtension] Inspecting process environment variables. PID: 2352107 (kworker/8:2-events)
[2025-03-13 22:15:03Z INFO LinuxProcessExtensions] Read env from /proc/2352107/environ
[2025-03-13 22:15:03Z WARN JobExtension] Ignore exception during read process environment variables: Access to the path '/proc/2352107/environ' is denied.
[2025-03-13 22:15:03Z INFO JobExtension] Inspecting process environment variables. PID: 2352108 (kworker/9:1-rcu_par_gp)
[2025-03-13 22:15:03Z INFO LinuxProcessExtensions] Read env from /proc/2352108/environ
[2025-03-13 22:15:03Z WARN JobExtension] Ignore exception during read process environment variables: Access to the path '/proc/2352108/environ' is denied.
[2025-03-13 22:15:03Z INFO JobExtension] Inspecting process environment variables. PID: 2352109 (systemd-udevd)
[2025-03-13 22:15:03Z INFO LinuxProcessExtensions] Read env from /proc/2352109/environ
[2025-03-13 22:15:03Z WARN JobExtension] Ignore exception during read process environment variables: Access to the path '/proc/2352109/environ' is denied.
[2025-03-13 22:15:03Z INFO JobExtension] Inspecting process environment variables. PID: 2352112 (kworker/8:3-rcu_gp)
[2025-03-13 22:15:03Z INFO LinuxProcessExtensions] Read env from /proc/2352112/environ
[2025-03-13 22:15:03Z WARN JobExtension] Ignore exception during read process environment variables: Access to the path '/proc/2352112/environ' is denied.
[2025-03-13 22:15:03Z INFO JobExtension] Inspecting process environment variables. PID: 2352115 (systemd-udevd)
[2025-03-13 22:15:03Z INFO LinuxProcessExtensions] Read env from /proc/2352115/environ
[2025-03-13 22:15:03Z WARN JobExtension] Ignore exception during read process environment variables: Access to the path '/proc/2352115/environ' is denied.
[2025-03-13 22:15:03Z INFO JobExtension] Inspecting process environment variables. PID: 2352116 (systemd-udevd)
[2025-03-13 22:15:03Z INFO LinuxProcessExtensions] Read env from /proc/2352116/environ
[2025-03-13 22:15:03Z WARN JobExtension] Ignore exception during read process environment variables: Access to the path '/proc/2352116/environ' is denied.
[2025-03-13 22:15:03Z INFO JobExtension] Inspecting process environment variables. PID: 2352117 (systemd-udevd)
[2025-03-13 22:15:03Z INFO LinuxProcessExtensions] Read env from /proc/2352117/environ
[2025-03-13 22:15:03Z WARN JobExtension] Ignore exception during read process environment variables: Access to the path '/proc/2352117/environ' is denied.
[2025-03-13 22:15:03Z INFO JobExtension] Inspecting process environment variables. PID: 2352118 (kworker/u72:1)
[2025-03-13 22:15:03Z INFO LinuxProcessExtensions] Read env from /proc/2352118/environ
[2025-03-13 22:15:03Z WARN JobExtension] Ignore exception during read process environment variables: Access to the path '/proc/2352118/environ' is denied.
[2025-03-13 22:15:03Z INFO JobExtension] Inspecting process environment variables. PID: 2352119 (kworker/11:1-rcu_par_gp)
[2025-03-13 22:15:03Z INFO LinuxProcessExtensions] Read env from /proc/2352119/environ
[2025-03-13 22:15:03Z WARN JobExtension] Ignore exception during read process environment variables: Access to the path '/proc/2352119/environ' is denied.
[2025-03-13 22:15:03Z INFO JobExtension] Inspecting process environment variables. PID: 2352120 (sleep)
[2025-03-13 22:15:03Z INFO LinuxProcessExtensions] Read env from /proc/2352120/environ
[2025-03-13 22:15:03Z WARN JobExtension] Ignore exception during read process environment variables: Access to the path '/proc/2352120/environ' is denied.
[2025-03-13 22:15:03Z INFO JobExtension] Inspecting process environment variables. PID: 2352131 (nm-dispatcher)
[2025-03-13 22:15:03Z INFO LinuxProcessExtensions] Read env from /proc/2352131/environ
[2025-03-13 22:15:03Z WARN JobExtension] Ignore exception during read process environment variables: Access to the path '/proc/2352131/environ' is denied.
[2025-03-13 22:15:03Z INFO ExecutionContext] Publish step telemetry for current step {
  "action": "complete_job",
  "type": "runner",
  "stage": "Post",
  "stepId": "10ec3755-0988-4752-a631-a8244d85a14c",
  "result": "succeeded",
  "errorMessages": [],
  "executionTimeInSeconds": 1,
  "startTime": "2025-03-13T22:15:03.0473891Z",
  "finishTime": "2025-03-13T22:15:03.1759865Z"
}.
[2025-03-13 22:15:03Z INFO JobRunner] Job result after all job steps finish: Failed
[2025-03-13 22:15:03Z INFO JobRunner] Completing the job execution context.
[2025-03-13 22:15:03Z INFO JobServerQueue] Try to upload 2 log files or attachments, success rate: 2/2.
[2025-03-13 22:15:03Z INFO JobRunner] Shutting down the job server queue.
[2025-03-13 22:15:03Z INFO JobServerQueue] Fire signal to shutdown all queues.
[2025-03-13 22:15:03Z INFO JobServerQueue] Got a step log file to send to results service.
[2025-03-13 22:15:03Z INFO JobServerQueue] Starting upload of step log file to results service ResultsLog, /home/jenny/tensorflow-mri/actions-runner/_diag/blocks/d71dd0fc-fe6f-43fb-acd0-d1c60c83f82d_3ab00531-8034-4ccc-afa6-cc3a71cc2551.1
[2025-03-13 22:15:04Z INFO JobServerQueue] Tried to upload 2 file(s) to results, success rate: 2/2.
[2025-03-13 22:15:05Z INFO JobServerQueue] All queue process task stopped.
[2025-03-13 22:15:05Z INFO JobServerQueue] Try to append 1 batches web console lines for record 'ca3bcf16-0d81-403c-94e1-0c415d6aa527', success rate: 1/1.
[2025-03-13 22:15:05Z INFO JobServerQueue] Try to append 1 batches web console lines for record '10ec3755-0988-4752-a631-a8244d85a14c', success rate: 1/1.
[2025-03-13 22:15:05Z INFO JobServerQueue] Web console line queue drained.
[2025-03-13 22:15:05Z INFO JobServerQueue] Uploading 1 files in one shot.
[2025-03-13 22:15:05Z INFO JobServerQueue] Try to upload 1 log files or attachments, success rate: 1/1.
[2025-03-13 22:15:05Z INFO JobServerQueue] File upload queue drained.
[2025-03-13 22:15:05Z INFO JobServerQueue] Starting results-based upload queue...
[2025-03-13 22:15:05Z INFO JobServerQueue] Uploading 3 file(s) in one shot through results service.
[2025-03-13 22:15:05Z INFO JobServerQueue] Got a step log file to send to results service.
[2025-03-13 22:15:05Z INFO JobServerQueue] Starting upload of step log file to results service ResultsLog, /home/jenny/tensorflow-mri/actions-runner/_diag/blocks/d71dd0fc-fe6f-43fb-acd0-d1c60c83f82d_ca3bcf16-0d81-403c-94e1-0c415d6aa527.1
[2025-03-13 22:15:05Z INFO JobServerQueue] Got a step log file to send to results service.
[2025-03-13 22:15:05Z INFO JobServerQueue] Starting upload of step log file to results service ResultsLog, /home/jenny/tensorflow-mri/actions-runner/_diag/blocks/d71dd0fc-fe6f-43fb-acd0-d1c60c83f82d_10ec3755-0988-4752-a631-a8244d85a14c.1
[2025-03-13 22:15:05Z INFO JobServerQueue] Got a job log file to send to results service.
[2025-03-13 22:15:05Z INFO JobServerQueue] Starting upload of job log file to results service ResultsLog, /home/jenny/tensorflow-mri/actions-runner/_diag/blocks/d71dd0fc-fe6f-43fb-acd0-d1c60c83f82d_35fe482c-a654-546e-9a15-c1f8fb19ce75.1
[2025-03-13 22:15:06Z INFO JobServerQueue] Tried to upload 3 file(s) to results, success rate: 3/3.
[2025-03-13 22:15:06Z INFO JobServerQueue] Results upload queue drained.
[2025-03-13 22:15:07Z INFO JobServerQueue] Timeline update queue drained.
[2025-03-13 22:15:07Z INFO JobServerQueue] Disposing job server ...
[2025-03-13 22:15:07Z INFO JobServerQueue] Disposing results server ...
[2025-03-13 22:15:07Z INFO JobServerQueue] All queue process tasks have been stopped, and all queues are drained.
[2025-03-13 22:15:07Z INFO TempDirectoryManager] Cleaning runner temp folder: /home/jenny/tensorflow-mri/actions-runner/_work/_temp
[2025-03-13 22:15:07Z ERR  TempDirectoryManager] System.IO.IOException: Access to the path '/home/jenny/tensorflow-mri/actions-runner/_work/_temp/_github_home/.config/matplotlib' is denied.
   at System.IO.FileSystem.RemoveEmptyDirectory(String fullPath, Boolean topLevel, Boolean throwWhenNotEmpty)
   at System.IO.DirectoryInfo.Delete()
   at GitHub.Runner.Sdk.IOUtil.DeleteDirectory(String path, Boolean contentsOnly, Boolean continueOnContentDeleteError, CancellationToken cancellationToken)
   at GitHub.Runner.Worker.TempDirectoryManager.CleanupTempDirectory()
[2025-03-13 22:15:07Z INFO HostContext] Well known directory 'Bin': '/home/jenny/tensorflow-mri/actions-runner/bin'
[2025-03-13 22:15:07Z INFO HostContext] Well known directory 'Root': '/home/jenny/tensorflow-mri/actions-runner'
[2025-03-13 22:15:07Z INFO HostContext] Well known directory 'Diag': '/home/jenny/tensorflow-mri/actions-runner/_diag'
[2025-03-13 22:15:07Z INFO HostContext] Well known config file 'Telemetry': '/home/jenny/tensorflow-mri/actions-runner/_diag/.telemetry'
[2025-03-13 22:15:07Z INFO JobRunner] Raising job completed against run service
[2025-03-13 22:15:07Z INFO Worker] Job completed.
