[2025-03-18 11:21:41Z INFO HostContext] No proxy settings were found based on environmental variables (http_proxy/https_proxy/HTTP_PROXY/HTTPS_PROXY)
[2025-03-18 11:21:41Z INFO HostContext] Well known directory 'Bin': '/home/jenny/tensorflow-mri/actions-runner/bin'
[2025-03-18 11:21:41Z INFO HostContext] Well known directory 'Root': '/home/jenny/tensorflow-mri/actions-runner'
[2025-03-18 11:21:41Z INFO HostContext] Well known config file 'Credentials': '/home/jenny/tensorflow-mri/actions-runner/.credentials'
[2025-03-18 11:21:41Z INFO HostContext] Well known directory 'Bin': '/home/jenny/tensorflow-mri/actions-runner/bin'
[2025-03-18 11:21:41Z INFO HostContext] Well known directory 'Root': '/home/jenny/tensorflow-mri/actions-runner'
[2025-03-18 11:21:41Z INFO HostContext] Well known config file 'Runner': '/home/jenny/tensorflow-mri/actions-runner/.runner'
[2025-03-18 11:21:41Z INFO Worker] Version: 2.322.0
[2025-03-18 11:21:41Z INFO Worker] Commit: 0edc478ca75d0a753dcbcec7405f3f26db67b1ac
[2025-03-18 11:21:41Z INFO Worker] Culture: en-GB
[2025-03-18 11:21:41Z INFO Worker] UI Culture: en-GB
[2025-03-18 11:21:41Z INFO Worker] Waiting to receive the job message from the channel.
[2025-03-18 11:21:41Z INFO ProcessChannel] Receiving message of length 26564, with hash '82b5fbe549a879025133cba3e9546ed0ad1e3cf243f406c8da2a71509d94e943'
[2025-03-18 11:21:41Z INFO Worker] Message received.
[2025-03-18 11:21:41Z INFO Worker] Job message:
 {
  "environmentVariables": [
    {
      "type": 2,
      "file": 1,
      "line": 29,
      "col": 7,
      "map": [
        {
          "key": {
            "type": 0,
            "file": 1,
            "line": 29,
            "col": 7,
            "lit": "PYTHON"
          },
          "value": {
            "type": 3,
            "file": 1,
            "line": 29,
            "col": 15,
            "expr": "format('python{0}', matrix.py_version)"
          }
        }
      ]
    }
  ],
  "fileTable": [
    ".github/workflows/build-package.yml"
  ],
  "mask": [
    {
      "type": "regex",
      "value": "***"
    },
    {
      "type": "regex",
      "value": "***"
    },
    {
      "type": "regex",
      "value": "***"
    },
    {
      "type": "regex",
      "value": "***"
    },
    {
      "type": "regex",
      "value": "***"
    },
    {
      "type": "regex",
      "value": "***"
    },
    {
      "type": "regex",
      "value": "***"
    },
    {
      "type": "regex",
      "value": "***"
    },
    {
      "type": "regex",
      "value": "***"
    },
    {
      "type": "regex",
      "value": "***"
    },
    {
      "type": "regex",
      "value": "***"
    },
    {
      "type": "regex",
      "value": "***"
    },
    {
      "type": "regex",
      "value": "***"
    },
    {
      "type": "regex",
      "value": "***"
    },
    {
      "type": "regex",
      "value": "***"
    },
    {
      "type": "regex",
      "value": "***"
    },
    {
      "type": "regex",
      "value": "***"
    },
    {
      "type": "regex",
      "value": "***"
    }
  ],
  "steps": [
    {
      "type": "action",
      "reference": {
        "type": "repository",
        "name": "actions/checkout",
        "ref": "v4",
        "repositoryType": "GitHub"
      },
      "displayNameToken": {
        "type": 0,
        "file": 1,
        "line": 32,
        "col": 15,
        "lit": "Checkout code"
      },
      "contextName": "__actions_checkout",
      "condition": "success()",
      "id": "cadd12df-5326-4e53-8581-381b4385960e",
      "name": "__actions_checkout"
    },
    {
      "type": "action",
      "reference": {
        "type": "script"
      },
      "displayNameToken": {
        "type": 0,
        "file": 1,
        "line": 37,
        "col": 15,
        "lit": "Free Disk Space Before Build"
      },
      "contextName": "__run",
      "inputs": {
        "type": 2,
        "map": [
          {
            "key": "script",
            "value": {
              "type": 0,
              "file": 1,
              "line": 38,
              "col": 14,
              "lit": "echo \"Disk space before cleanup:\"\ndf -h\nsudo rm -rf /usr/local/.ghcup\nsudo rm -rf /opt/hostedtoolcache/CodeQL\nsudo rm -rf /usr/local/lib/android/sdk/ndk\nsudo rm -rf /usr/share/dotnet\nsudo rm -rf /opt/ghc\nsudo rm -rf /usr/local/share/boost\n\nsudo rm -rf \"$AGENT_TOOLSDIRECTORY\"\n\nsudo apt-get clean\necho \"Disk space after cleanup:\"\ndf -h\n"
            }
          }
        ]
      },
      "condition": "success()",
      "id": "86151128-3226-483a-ba25-bcc8fe0af449",
      "name": "__run"
    },
    {
      "type": "action",
      "reference": {
        "type": "script"
      },
      "displayNameToken": {
        "type": 0,
        "file": 1,
        "line": 54,
        "col": 15,
        "lit": "Lint code"
      },
      "contextName": "__run_2",
      "inputs": {
        "type": 2,
        "map": [
          {
            "key": "script",
            "value": {
              "type": 3,
              "file": 1,
              "line": 55,
              "col": 14,
              "expr": "format('make lint PY_VERSION={0}\n', matrix.py_version)"
            }
          }
        ]
      },
      "condition": "success()",
      "id": "b61cc9e3-e41d-47cd-9722-dfc61d01f084",
      "name": "__run_2"
    },
    {
      "type": "action",
      "reference": {
        "type": "script"
      },
      "displayNameToken": {
        "type": 0,
        "file": 1,
        "line": 58,
        "col": 15,
        "lit": "Compile shared library"
      },
      "contextName": "__run_3",
      "inputs": {
        "type": 2,
        "map": [
          {
            "key": "script",
            "value": {
              "type": 3,
              "file": 1,
              "line": 59,
              "col": 14,
              "expr": "format('make PY_VERSION={0} CXX=/dt9/usr/bin/g++\n', matrix.py_version)"
            }
          }
        ]
      },
      "condition": "success()",
      "id": "a8150510-0d97-4e83-8d9c-b5e1d23201a3",
      "name": "__run_3"
    },
    {
      "type": "action",
      "reference": {
        "type": "script"
      },
      "displayNameToken": {
        "type": 0,
        "file": 1,
        "line": 62,
        "col": 15,
        "lit": "Install required packages"
      },
      "contextName": "__run_4",
      "inputs": {
        "type": 2,
        "map": [
          {
            "key": "script",
            "value": {
              "type": 0,
              "file": 1,
              "line": 63,
              "col": 14,
              "lit": "$PYTHON -m pip install --no-cache-dir -r requirements.txt\n"
            }
          }
        ]
      },
      "condition": "success()",
      "id": "5e2b2130-a8d6-4d1b-96a7-7f8dd4fd3490",
      "name": "__run_4"
    },
    {
      "type": "action",
      "reference": {
        "type": "script"
      },
      "displayNameToken": {
        "type": 0,
        "file": 1,
        "line": 66,
        "col": 15,
        "lit": "Run test suite"
      },
      "contextName": "__run_5",
      "inputs": {
        "type": 2,
        "map": [
          {
            "key": "script",
            "value": {
              "type": 3,
              "file": 1,
              "line": 67,
              "col": 14,
              "expr": "format('make test PY_VERSION={0}\n', matrix.py_version)"
            }
          }
        ]
      },
      "condition": "success()",
      "id": "817e48dc-6bc1-447c-a5cb-91e654125c7e",
      "name": "__run_5"
    },
    {
      "type": "action",
      "reference": {
        "type": "script"
      },
      "displayNameToken": {
        "type": 0,
        "file": 1,
        "line": 70,
        "col": 15,
        "lit": "Build wheel"
      },
      "contextName": "__run_6",
      "inputs": {
        "type": 2,
        "map": [
          {
            "key": "script",
            "value": {
              "type": 3,
              "file": 1,
              "line": 71,
              "col": 14,
              "expr": "format('make wheel PY_VERSION={0}\n', matrix.py_version)"
            }
          }
        ]
      },
      "condition": "success()",
      "id": "7b9159d2-cd7b-4b09-b3fb-ec46a8f89bd1",
      "name": "__run_6"
    },
    {
      "type": "action",
      "reference": {
        "type": "script"
      },
      "displayNameToken": {
        "type": 0,
        "file": 1,
        "line": 74,
        "col": 15,
        "lit": "Build docs"
      },
      "contextName": "__run_7",
      "inputs": {
        "type": 2,
        "map": [
          {
            "key": "script",
            "value": {
              "type": 3,
              "file": 1,
              "line": 75,
              "col": 14,
              "expr": "format('make docs PY_VERSION={0}\n', matrix.py_version)"
            }
          }
        ]
      },
      "condition": "success()",
      "id": "eaba01c5-3c65-4d44-ad79-f3a66abb4436",
      "name": "__run_7"
    },
    {
      "type": "action",
      "reference": {
        "type": "repository",
        "name": "actions/upload-artifact",
        "ref": "v4",
        "repositoryType": "GitHub"
      },
      "displayNameToken": {
        "type": 0,
        "file": 1,
        "line": 78,
        "col": 15,
        "lit": "Upload wheel"
      },
      "contextName": "__actions_upload-artifact",
      "inputs": {
        "type": 2,
        "file": 1,
        "line": 82,
        "col": 11,
        "map": [
          {
            "key": {
              "type": 0,
              "file": 1,
              "line": 82,
              "col": 11,
              "lit": "name"
            },
            "value": {
              "type": 3,
              "file": 1,
              "line": 82,
              "col": 17,
              "expr": "format('wheel-py{0}', matrix.py_version)"
            }
          },
          {
            "key": {
              "type": 0,
              "file": 1,
              "line": 83,
              "col": 11,
              "lit": "path"
            },
            "value": {
              "type": 0,
              "file": 1,
              "line": 83,
              "col": 17,
              "lit": "./artifacts/*.whl"
            }
          }
        ]
      },
      "condition": "success() && (startsWith(github.ref, 'refs/tags'))",
      "id": "0c556416-61ed-4315-afde-b940f4ba7892",
      "name": "__actions_upload-artifact"
    },
    {
      "type": "action",
      "reference": {
        "type": "repository",
        "name": "actions/upload-artifact",
        "ref": "v4",
        "repositoryType": "GitHub"
      },
      "displayNameToken": {
        "type": 0,
        "file": 1,
        "line": 85,
        "col": 15,
        "lit": "Upload docs"
      },
      "contextName": "__actions_upload-artifact_2",
      "inputs": {
        "type": 2,
        "file": 1,
        "line": 89,
        "col": 11,
        "map": [
          {
            "key": {
              "type": 0,
              "file": 1,
              "line": 89,
              "col": 11,
              "lit": "name"
            },
            "value": {
              "type": 0,
              "file": 1,
              "line": 89,
              "col": 17,
              "lit": "docs"
            }
          },
          {
            "key": {
              "type": 0,
              "file": 1,
              "line": 90,
              "col": 11,
              "lit": "path"
            },
            "value": {
              "type": 0,
              "file": 1,
              "line": 90,
              "col": 17,
              "lit": "./tools/docs/_build/dirhtml"
            }
          }
        ]
      },
      "condition": "success() && (startsWith(github.ref, 'refs/tags') && matrix.py_version == 3.9)",
      "id": "fa7b7eb2-e413-48e3-b872-d0890b6ab5a3",
      "name": "__actions_upload-artifact_2"
    },
    {
      "type": "action",
      "reference": {
        "type": "repository",
        "name": "pypa/gh-action-pypi-publish",
        "ref": "release/v1.7",
        "repositoryType": "GitHub"
      },
      "displayNameToken": {
        "type": 0,
        "file": 1,
        "line": 92,
        "col": 15,
        "lit": "Publish to Test PyPI"
      },
      "contextName": "__pypa_gh-action-pypi-publish",
      "inputs": {
        "type": 2,
        "file": 1,
        "line": 95,
        "col": 11,
        "map": [
          {
            "key": {
              "type": 0,
              "file": 1,
              "line": 95,
              "col": 11,
              "lit": "password"
            },
            "value": {
              "type": 3,
              "file": 1,
              "line": 95,
              "col": 21,
              "expr": "secrets.TEST_PYPI_API_TOKEN"
            }
          },
          {
            "key": {
              "type": 0,
              "file": 1,
              "line": 96,
              "col": 11,
              "lit": "repository-url"
            },
            "value": {
              "type": 0,
              "file": 1,
              "line": 96,
              "col": 27,
              "lit": "https://test.pypi.org/legacy/"
            }
          },
          {
            "key": {
              "type": 0,
              "file": 1,
              "line": 97,
              "col": 11,
              "lit": "packages-dir"
            },
            "value": {
              "type": 0,
              "file": 1,
              "line": 97,
              "col": 25,
              "lit": "artifacts/"
            }
          },
          {
            "key": {
              "type": 0,
              "file": 1,
              "line": 98,
              "col": 11,
              "lit": "skip-existing"
            },
            "value": {
              "type": 0,
              "file": 1,
              "line": 98,
              "col": 26,
              "lit": "true"
            }
          }
        ]
      },
      "condition": "success()",
      "id": "b4be9ea6-9ad9-4ee5-a8ad-cb8bc89693e6",
      "name": "__pypa_gh-action-pypi-publish"
    },
    {
      "type": "action",
      "reference": {
        "type": "script"
      },
      "displayNameToken": {
        "type": 0,
        "file": 1,
        "line": 100,
        "col": 15,
        "lit": "Free Disk Space After Build"
      },
      "contextName": "__run_8",
      "inputs": {
        "type": 2,
        "map": [
          {
            "key": "script",
            "value": {
              "type": 0,
              "file": 1,
              "line": 101,
              "col": 14,
              "lit": "echo \"Disk space before post-build cleanup:\"\ndf -h\nsudo rm -rf /usr/local/.ghcup\nsudo rm -rf /opt/hostedtoolcache/CodeQL\nsudo rm -rf /usr/local/lib/android/sdk/ndk\nsudo rm -rf /usr/share/dotnet\nsudo rm -rf /opt/ghc\nsudo rm -rf /usr/local/share/boost\n\nsudo rm -rf \"$AGENT_TOOLSDIRECTORY\"\n\nsudo apt-get clean\necho \"Disk space after post-build cleanup:\"\ndf -h\n"
            }
          }
        ]
      },
      "condition": "success()",
      "id": "418ff9ac-202d-4e13-aede-5285fdab8fd3",
      "name": "__run_8"
    }
  ],
  "variables": {
    "Actions.EnableHttpRedirects": {
      "value": "true"
    },
    "DistributedTask.AddWarningToNode12Action": {
      "value": "true"
    },
    "DistributedTask.AddWarningToNode16Action": {
      "value": "true"
    },
    "DistributedTask.AllowRunnerContainerHooks": {
      "value": "true"
    },
    "DistributedTask.DeprecateStepOutputCommands": {
      "value": "true"
    },
    "DistributedTask.DetailUntarFailure": {
      "value": "true"
    },
    "DistributedTask.EnableCompositeActions": {
      "value": "true"
    },
    "DistributedTask.EnableJobServerQueueTelemetry": {
      "value": "true"
    },
    "DistributedTask.EnhancedAnnotations": {
      "value": "true"
    },
    "DistributedTask.ForceGithubJavascriptActionsToNode16": {
      "value": "true"
    },
    "DistributedTask.ForceGithubJavascriptActionsToNode20": {
      "value": "true"
    },
    "DistributedTask.LogTemplateErrorsAsDebugMessages": {
      "value": "true"
    },
    "DistributedTask.MarkJobAsFailedOnWorkerCrash": {
      "value": "true"
    },
    "DistributedTask.NewActionMetadata": {
      "value": "true"
    },
    "DistributedTask.UploadStepSummary": {
      "value": "true"
    },
    "DistributedTask.UseActionArchiveCache": {
      "value": "true"
    },
    "DistributedTask.UseWhich2": {
      "value": "true"
    },
    "RunService.FixEmbeddedIssues": {
      "value": "true"
    },
    "TEST_PYPI_API_TOKEN": {
      "value": "***",
      "isSecret": true
    },
    "actions_skip_retry_complete_job_upon_known_errors": {
      "value": "false"
    },
    "actions_uses_cache_service_v2": {
      "value": "true"
    },
    "github_token": {
      "value": "***",
      "isSecret": true
    },
    "system.from_run_service": {
      "value": "true"
    },
    "system.github.job": {
      "value": "build"
    },
    "system.github.launch_endpoint": {
      "value": "https://launch.actions.githubusercontent.com"
    },
    "system.github.results_endpoint": {
      "value": "https://results-receiver.actions.githubusercontent.com/"
    },
    "system.github.results_upload_with_sdk": {
      "value": "true"
    },
    "system.github.token": {
      "value": "***",
      "isSecret": true
    },
    "system.github.token.permissions": {
      "value": "{\"Actions\":\"write\",\"Attestations\":\"write\",\"Checks\":\"write\",\"Contents\":\"write\",\"Deployments\":\"write\",\"Discussions\":\"write\",\"Issues\":\"write\",\"Metadata\":\"read\",\"Packages\":\"write\",\"Pages\":\"write\",\"PullRequests\":\"write\",\"RepositoryProjects\":\"write\",\"SecurityEvents\":\"write\",\"Statuses\":\"write\"}"
    },
    "system.orchestrationId": {
      "value": "c20b5653-0f9a-454e-bac6-4ff740629ab9.build._3_10"
    },
    "system.phaseDisplayName": {
      "value": "Build package (3.10)"
    },
    "system.runner.lowdiskspacethreshold": {
      "value": "100"
    },
    "system.runnerEnvironment": {
      "value": "self-hosted"
    }
  },
  "messageType": "RunnerJobRequest",
  "plan": {
    "scopeIdentifier": "00000000-0000-0000-0000-000000000000",
    "planType": "actions",
    "version": 0,
    "planId": "c20b5653-0f9a-454e-bac6-4ff740629ab9",
    "planGroup": null,
    "artifactUri": null,
    "artifactLocation": null,
    "definition": null,
    "owner": null
  },
  "timeline": {
    "id": "c20b5653-0f9a-454e-bac6-4ff740629ab9",
    "changeId": 0,
    "location": null
  },
  "jobId": "f4db9b4e-895c-579b-bf46-1eddea649fdb",
  "jobDisplayName": "Build package (3.10)",
  "jobName": "_3_10",
  "jobContainer": {
    "type": 2,
    "file": 1,
    "line": 22,
    "col": 7,
    "map": [
      {
        "key": {
          "type": 0,
          "file": 1,
          "line": 22,
          "col": 7,
          "lit": "image"
        },
        "value": {
          "type": 0,
          "file": 1,
          "line": 22,
          "col": 14,
          "lit": "ghcr.io/mrphys/tensorflow-manylinux:1.14.0"
        }
      }
    ]
  },
  "requestId": 0,
  "lockedUntil": "0001-01-01T00:00:00",
  "resources": {
    "endpoints": [
      {
        "data": {
          "ServerId": "",
          "ServerName": "",
          "CacheServerUrl": "https://acghubeus2.actions.githubusercontent.com/vt3bImj3043IXjYZVOBEgt9xtkc1LUzoh1ehrojRmktneQJqoL/",
          "FeedStreamUrl": "wss://results-receiver.actions.githubusercontent.com/_ws/ingest.sock",
          "ResultsServiceUrl": "https://results-receiver.actions.githubusercontent.com/",
          "PipelinesServiceUrl": "https://pipelinesghubeus25.actions.githubusercontent.com/vt3bImj3043IXjYZVOBEgt9xtkc1LUzoh1ehrojRmktneQJqoL/",
          "GenerateIdTokenUrl": ""
        },
        "name": "SystemVssConnection",
        "url": "https://run-actions-1-azure-eastus.actions.githubusercontent.com/11/",
        "authorization": {
          "parameters": {
            "AccessToken": "***"
          },
          "scheme": "OAuth"
        },
        "isShared": false,
        "isReady": true
      }
    ]
  },
  "contextData": {
    "github": {
      "t": 2,
      "d": [
        {
          "k": "ref",
          "v": "refs/heads/master"
        },
        {
          "k": "sha",
          "v": "5c27b3d425c145bf762976e86aa1597acb6c1438"
        },
        {
          "k": "repository",
          "v": "mrphys/tensorflow-mri"
        },
        {
          "k": "repository_owner",
          "v": "mrphys"
        },
        {
          "k": "repository_owner_id",
          "v": "53480519"
        },
        {
          "k": "repositoryUrl",
          "v": "git://github.com/mrphys/tensorflow-mri.git"
        },
        {
          "k": "run_id",
          "v": "13845500479"
        },
        {
          "k": "run_number",
          "v": "219"
        },
        {
          "k": "retention_days",
          "v": "90"
        },
        {
          "k": "run_attempt",
          "v": "2"
        },
        {
          "k": "artifact_cache_size_limit",
          "v": "10"
        },
        {
          "k": "repository_visibility",
          "v": "public"
        },
        {
          "k": "actor_id",
          "v": "53479871"
        },
        {
          "k": "actor",
          "v": "jennifersteeden"
        },
        {
          "k": "workflow",
          "v": "build"
        },
        {
          "k": "head_ref",
          "v": ""
        },
        {
          "k": "base_ref",
          "v": ""
        },
        {
          "k": "event_name",
          "v": "push"
        },
        {
          "k": "server_url",
          "v": "https://github.com"
        },
        {
          "k": "api_url",
          "v": "https://api.github.com"
        },
        {
          "k": "graphql_url",
          "v": "https://api.github.com/graphql"
        },
        {
          "k": "ref_name",
          "v": "master"
        },
        {
          "k": "ref_protected",
          "v": true
        },
        {
          "k": "ref_type",
          "v": "branch"
        },
        {
          "k": "secret_source",
          "v": "Actions"
        },
        {
          "k": "event",
          "v": {
            "t": 2,
            "d": [
              {
                "k": "after",
                "v": "5c27b3d425c145bf762976e86aa1597acb6c1438"
              },
              {
                "k": "base_ref",
                "v": null
              },
              {
                "k": "before",
                "v": "7afa6f5cce9d885aa123917ad970d91bc6a7bf16"
              },
              {
                "k": "commits",
                "v": {
                  "t": 1,
                  "a": [
                    {
                      "t": 2,
                      "d": [
                        {
                          "k": "author",
                          "v": {
                            "t": 2,
                            "d": [
                              {
                                "k": "email",
                                "v": "jennifer.steeden@ucl.ac.uk"
                              },
                              {
                                "k": "name",
                                "v": "jennifersteeden"
                              },
                              {
                                "k": "username",
                                "v": "jennifersteeden"
                              }
                            ]
                          }
                        },
                        {
                          "k": "committer",
                          "v": {
                            "t": 2,
                            "d": [
                              {
                                "k": "email",
                                "v": "jennifer.steeden@ucl.ac.uk"
                              },
                              {
                                "k": "name",
                                "v": "jennifersteeden"
                              },
                              {
                                "k": "username",
                                "v": "jennifersteeden"
                              }
                            ]
                          }
                        },
                        {
                          "k": "distinct",
                          "v": true
                        },
                        {
                          "k": "id",
                          "v": "5c27b3d425c145bf762976e86aa1597acb6c1438"
                        },
                        {
                          "k": "message",
                          "v": "removed lfs: true in yml"
                        },
                        {
                          "k": "timestamp",
                          "v": "2025-03-13T22:04:42Z"
                        },
                        {
                          "k": "tree_id",
                          "v": "ef3387a56fbc37b750253bc165fb0388933f147d"
                        },
                        {
                          "k": "url",
                          "v": "https://github.com/mrphys/tensorflow-mri/commit/5c27b3d425c145bf762976e86aa1597acb6c1438"
                        }
                      ]
                    }
                  ]
                }
              },
              {
                "k": "compare",
                "v": "https://github.com/mrphys/tensorflow-mri/compare/7afa6f5cce9d...5c27b3d425c1"
              },
              {
                "k": "created",
                "v": false
              },
              {
                "k": "deleted",
                "v": false
              },
              {
                "k": "forced",
                "v": false
              },
              {
                "k": "head_commit",
                "v": {
                  "t": 2,
                  "d": [
                    {
                      "k": "author",
                      "v": {
                        "t": 2,
                        "d": [
                          {
                            "k": "email",
                            "v": "jennifer.steeden@ucl.ac.uk"
                          },
                          {
                            "k": "name",
                            "v": "jennifersteeden"
                          },
                          {
                            "k": "username",
                            "v": "jennifersteeden"
                          }
                        ]
                      }
                    },
                    {
                      "k": "committer",
                      "v": {
                        "t": 2,
                        "d": [
                          {
                            "k": "email",
                            "v": "jennifer.steeden@ucl.ac.uk"
                          },
                          {
                            "k": "name",
                            "v": "jennifersteeden"
                          },
                          {
                            "k": "username",
                            "v": "jennifersteeden"
                          }
                        ]
                      }
                    },
                    {
                      "k": "distinct",
                      "v": true
                    },
                    {
                      "k": "id",
                      "v": "5c27b3d425c145bf762976e86aa1597acb6c1438"
                    },
                    {
                      "k": "message",
                      "v": "removed lfs: true in yml"
                    },
                    {
                      "k": "timestamp",
                      "v": "2025-03-13T22:04:42Z"
                    },
                    {
                      "k": "tree_id",
                      "v": "ef3387a56fbc37b750253bc165fb0388933f147d"
                    },
                    {
                      "k": "url",
                      "v": "https://github.com/mrphys/tensorflow-mri/commit/5c27b3d425c145bf762976e86aa1597acb6c1438"
                    }
                  ]
                }
              },
              {
                "k": "organization",
                "v": {
                  "t": 2,
                  "d": [
                    {
                      "k": "avatar_url",
                      "v": "https://avatars.githubusercontent.com/u/53480519?v=4"
                    },
                    {
                      "k": "description",
                      "v": ""
                    },
                    {
                      "k": "events_url",
                      "v": "https://api.github.com/orgs/mrphys/events"
                    },
                    {
                      "k": "hooks_url",
                      "v": "https://api.github.com/orgs/mrphys/hooks"
                    },
                    {
                      "k": "id",
                      "v": 53480519.0
                    },
                    {
                      "k": "issues_url",
                      "v": "https://api.github.com/orgs/mrphys/issues"
                    },
                    {
                      "k": "login",
                      "v": "mrphys"
                    },
                    {
                      "k": "members_url",
                      "v": "https://api.github.com/orgs/mrphys/members{/member}"
                    },
                    {
                      "k": "node_id",
                      "v": "MDEyOk9yZ2FuaXphdGlvbjUzNDgwNTE5"
                    },
                    {
                      "k": "public_members_url",
                      "v": "https://api.github.com/orgs/mrphys/public_members{/member}"
                    },
                    {
                      "k": "repos_url",
                      "v": "https://api.github.com/orgs/mrphys/repos"
                    },
                    {
                      "k": "url",
                      "v": "https://api.github.com/orgs/mrphys"
                    }
                  ]
                }
              },
              {
                "k": "pusher",
                "v": {
                  "t": 2,
                  "d": [
                    {
                      "k": "email",
                      "v": "53479871+jennifersteeden@users.noreply.github.com"
                    },
                    {
                      "k": "name",
                      "v": "jennifersteeden"
                    }
                  ]
                }
              },
              {
                "k": "ref",
                "v": "refs/heads/master"
              },
              {
                "k": "repository",
                "v": {
                  "t": 2,
                  "d": [
                    {
                      "k": "allow_forking",
                      "v": true
                    },
                    {
                      "k": "archive_url",
                      "v": "https://api.github.com/repos/mrphys/tensorflow-mri/{archive_format}{/ref}"
                    },
                    {
                      "k": "archived",
                      "v": false
                    },
                    {
                      "k": "assignees_url",
                      "v": "https://api.github.com/repos/mrphys/tensorflow-mri/assignees{/user}"
                    },
                    {
                      "k": "blobs_url",
                      "v": "https://api.github.com/repos/mrphys/tensorflow-mri/git/blobs{/sha}"
                    },
                    {
                      "k": "branches_url",
                      "v": "https://api.github.com/repos/mrphys/tensorflow-mri/branches{/branch}"
                    },
                    {
                      "k": "clone_url",
                      "v": "https://github.com/mrphys/tensorflow-mri.git"
                    },
                    {
                      "k": "collaborators_url",
                      "v": "https://api.github.com/repos/mrphys/tensorflow-mri/collaborators{/collaborator}"
                    },
                    {
                      "k": "comments_url",
                      "v": "https://api.github.com/repos/mrphys/tensorflow-mri/comments{/number}"
                    },
                    {
                      "k": "commits_url",
                      "v": "https://api.github.com/repos/mrphys/tensorflow-mri/commits{/sha}"
                    },
                    {
                      "k": "compare_url",
                      "v": "https://api.github.com/repos/mrphys/tensorflow-mri/compare/{base}...{head}"
                    },
                    {
                      "k": "contents_url",
                      "v": "https://api.github.com/repos/mrphys/tensorflow-mri/contents/{+path}"
                    },
                    {
                      "k": "contributors_url",
                      "v": "https://api.github.com/repos/mrphys/tensorflow-mri/contributors"
                    },
                    {
                      "k": "created_at",
                      "v": 1626866930.0
                    },
                    {
                      "k": "custom_properties",
                      "v": {
                        "t": 2
                      }
                    },
                    {
                      "k": "default_branch",
                      "v": "master"
                    },
                    {
                      "k": "deployments_url",
                      "v": "https://api.github.com/repos/mrphys/tensorflow-mri/deployments"
                    },
                    {
                      "k": "description",
                      "v": "A Library of TensorFlow Operators for Computational MRI"
                    },
                    {
                      "k": "disabled",
                      "v": false
                    },
                    {
                      "k": "downloads_url",
                      "v": "https://api.github.com/repos/mrphys/tensorflow-mri/downloads"
                    },
                    {
                      "k": "events_url",
                      "v": "https://api.github.com/repos/mrphys/tensorflow-mri/events"
                    },
                    {
                      "k": "fork",
                      "v": false
                    },
                    {
                      "k": "forks",
                      "v": 3.0
                    },
                    {
                      "k": "forks_count",
                      "v": 3.0
                    },
                    {
                      "k": "forks_url",
                      "v": "https://api.github.com/repos/mrphys/tensorflow-mri/forks"
                    },
                    {
                      "k": "full_name",
                      "v": "mrphys/tensorflow-mri"
                    },
                    {
                      "k": "git_commits_url",
                      "v": "https://api.github.com/repos/mrphys/tensorflow-mri/git/commits{/sha}"
                    },
                    {
                      "k": "git_refs_url",
                      "v": "https://api.github.com/repos/mrphys/tensorflow-mri/git/refs{/sha}"
                    },
                    {
                      "k": "git_tags_url",
                      "v": "https://api.github.com/repos/mrphys/tensorflow-mri/git/tags{/sha}"
                    },
                    {
                      "k": "git_url",
                      "v": "git://github.com/mrphys/tensorflow-mri.git"
                    },
                    {
                      "k": "has_discussions",
                      "v": false
                    },
                    {
                      "k": "has_downloads",
                      "v": true
                    },
                    {
                      "k": "has_issues",
                      "v": true
                    },
                    {
                      "k": "has_pages",
                      "v": true
                    },
                    {
                      "k": "has_projects",
                      "v": true
                    },
                    {
                      "k": "has_wiki",
                      "v": true
                    },
                    {
                      "k": "homepage",
                      "v": "https://mrphys.github.io/tensorflow-mri/"
                    },
                    {
                      "k": "hooks_url",
                      "v": "https://api.github.com/repos/mrphys/tensorflow-mri/hooks"
                    },
                    {
                      "k": "html_url",
                      "v": "https://github.com/mrphys/tensorflow-mri"
                    },
                    {
                      "k": "id",
                      "v": 388094708.0
                    },
                    {
                      "k": "is_template",
                      "v": false
                    },
                    {
                      "k": "issue_comment_url",
                      "v": "https://api.github.com/repos/mrphys/tensorflow-mri/issues/comments{/number}"
                    },
                    {
                      "k": "issue_events_url",
                      "v": "https://api.github.com/repos/mrphys/tensorflow-mri/issues/events{/number}"
                    },
                    {
                      "k": "issues_url",
                      "v": "https://api.github.com/repos/mrphys/tensorflow-mri/issues{/number}"
                    },
                    {
                      "k": "keys_url",
                      "v": "https://api.github.com/repos/mrphys/tensorflow-mri/keys{/key_id}"
                    },
                    {
                      "k": "labels_url",
                      "v": "https://api.github.com/repos/mrphys/tensorflow-mri/labels{/name}"
                    },
                    {
                      "k": "language",
                      "v": "Jupyter Notebook"
                    },
                    {
                      "k": "languages_url",
                      "v": "https://api.github.com/repos/mrphys/tensorflow-mri/languages"
                    },
                    {
                      "k": "license",
                      "v": {
                        "t": 2,
                        "d": [
                          {
                            "k": "key",
                            "v": "apache-2.0"
                          },
                          {
                            "k": "name",
                            "v": "Apache License 2.0"
                          },
                          {
                            "k": "node_id",
                            "v": "MDc6TGljZW5zZTI="
                          },
                          {
                            "k": "spdx_id",
                            "v": "Apache-2.0"
                          },
                          {
                            "k": "url",
                            "v": "https://api.github.com/licenses/apache-2.0"
                          }
                        ]
                      }
                    },
                    {
                      "k": "master_branch",
                      "v": "master"
                    },
                    {
                      "k": "merges_url",
                      "v": "https://api.github.com/repos/mrphys/tensorflow-mri/merges"
                    },
                    {
                      "k": "milestones_url",
                      "v": "https://api.github.com/repos/mrphys/tensorflow-mri/milestones{/number}"
                    },
                    {
                      "k": "mirror_url",
                      "v": null
                    },
                    {
                      "k": "name",
                      "v": "tensorflow-mri"
                    },
                    {
                      "k": "node_id",
                      "v": "MDEwOlJlcG9zaXRvcnkzODgwOTQ3MDg="
                    },
                    {
                      "k": "notifications_url",
                      "v": "https://api.github.com/repos/mrphys/tensorflow-mri/notifications{?since,all,participating}"
                    },
                    {
                      "k": "open_issues",
                      "v": 8.0
                    },
                    {
                      "k": "open_issues_count",
                      "v": 8.0
                    },
                    {
                      "k": "organization",
                      "v": "mrphys"
                    },
                    {
                      "k": "owner",
                      "v": {
                        "t": 2,
                        "d": [
                          {
                            "k": "avatar_url",
                            "v": "https://avatars.githubusercontent.com/u/53480519?v=4"
                          },
                          {
                            "k": "email",
                            "v": null
                          },
                          {
                            "k": "events_url",
                            "v": "https://api.github.com/users/mrphys/events{/privacy}"
                          },
                          {
                            "k": "followers_url",
                            "v": "https://api.github.com/users/mrphys/followers"
                          },
                          {
                            "k": "following_url",
                            "v": "https://api.github.com/users/mrphys/following{/other_user}"
                          },
                          {
                            "k": "gists_url",
                            "v": "https://api.github.com/users/mrphys/gists{/gist_id}"
                          },
                          {
                            "k": "gravatar_id",
                            "v": ""
                          },
                          {
                            "k": "html_url",
                            "v": "https://github.com/mrphys"
                          },
                          {
                            "k": "id",
                            "v": 53480519.0
                          },
                          {
                            "k": "login",
                            "v": "mrphys"
                          },
                          {
                            "k": "name",
                            "v": "mrphys"
                          },
                          {
                            "k": "node_id",
                            "v": "MDEyOk9yZ2FuaXphdGlvbjUzNDgwNTE5"
                          },
                          {
                            "k": "organizations_url",
                            "v": "https://api.github.com/users/mrphys/orgs"
                          },
                          {
                            "k": "received_events_url",
                            "v": "https://api.github.com/users/mrphys/received_events"
                          },
                          {
                            "k": "repos_url",
                            "v": "https://api.github.com/users/mrphys/repos"
                          },
                          {
                            "k": "site_admin",
                            "v": false
                          },
                          {
                            "k": "starred_url",
                            "v": "https://api.github.com/users/mrphys/starred{/owner}{/repo}"
                          },
                          {
                            "k": "subscriptions_url",
                            "v": "https://api.github.com/users/mrphys/subscriptions"
                          },
                          {
                            "k": "type",
                            "v": "Organization"
                          },
                          {
                            "k": "url",
                            "v": "https://api.github.com/users/mrphys"
                          },
                          {
                            "k": "user_view_type",
                            "v": "public"
                          }
                        ]
                      }
                    },
                    {
                      "k": "private",
                      "v": false
                    },
                    {
                      "k": "pulls_url",
                      "v": "https://api.github.com/repos/mrphys/tensorflow-mri/pulls{/number}"
                    },
                    {
                      "k": "pushed_at",
                      "v": 1741903485.0
                    },
                    {
                      "k": "releases_url",
                      "v": "https://api.github.com/repos/mrphys/tensorflow-mri/releases{/id}"
                    },
                    {
                      "k": "size",
                      "v": 197333.0
                    },
                    {
                      "k": "ssh_url",
                      "v": "git@github.com:mrphys/tensorflow-mri.git"
                    },
                    {
                      "k": "stargazers",
                      "v": 40.0
                    },
                    {
                      "k": "stargazers_count",
                      "v": 40.0
                    },
                    {
                      "k": "stargazers_url",
                      "v": "https://api.github.com/repos/mrphys/tensorflow-mri/stargazers"
                    },
                    {
                      "k": "statuses_url",
                      "v": "https://api.github.com/repos/mrphys/tensorflow-mri/statuses/{sha}"
                    },
                    {
                      "k": "subscribers_url",
                      "v": "https://api.github.com/repos/mrphys/tensorflow-mri/subscribers"
                    },
                    {
                      "k": "subscription_url",
                      "v": "https://api.github.com/repos/mrphys/tensorflow-mri/subscription"
                    },
                    {
                      "k": "svn_url",
                      "v": "https://github.com/mrphys/tensorflow-mri"
                    },
                    {
                      "k": "tags_url",
                      "v": "https://api.github.com/repos/mrphys/tensorflow-mri/tags"
                    },
                    {
                      "k": "teams_url",
                      "v": "https://api.github.com/repos/mrphys/tensorflow-mri/teams"
                    },
                    {
                      "k": "topics",
                      "v": {
                        "t": 1,
                        "a": [
                          "machine-learning",
                          "magnetic-resonance-imaging",
                          "ml",
                          "mri",
                          "python",
                          "tensorflow"
                        ]
                      }
                    },
                    {
                      "k": "trees_url",
                      "v": "https://api.github.com/repos/mrphys/tensorflow-mri/git/trees{/sha}"
                    },
                    {
                      "k": "updated_at",
                      "v": "2025-03-13T21:52:44Z"
                    },
                    {
                      "k": "url",
                      "v": "https://github.com/mrphys/tensorflow-mri"
                    },
                    {
                      "k": "visibility",
                      "v": "public"
                    },
                    {
                      "k": "watchers",
                      "v": 40.0
                    },
                    {
                      "k": "watchers_count",
                      "v": 40.0
                    },
                    {
                      "k": "web_commit_signoff_required",
                      "v": false
                    }
                  ]
                }
              },
              {
                "k": "sender",
                "v": {
                  "t": 2,
                  "d": [
                    {
                      "k": "avatar_url",
                      "v": "https://avatars.githubusercontent.com/u/53479871?v=4"
                    },
                    {
                      "k": "events_url",
                      "v": "https://api.github.com/users/jennifersteeden/events{/privacy}"
                    },
                    {
                      "k": "followers_url",
                      "v": "https://api.github.com/users/jennifersteeden/followers"
                    },
                    {
                      "k": "following_url",
                      "v": "https://api.github.com/users/jennifersteeden/following{/other_user}"
                    },
                    {
                      "k": "gists_url",
                      "v": "https://api.github.com/users/jennifersteeden/gists{/gist_id}"
                    },
                    {
                      "k": "gravatar_id",
                      "v": ""
                    },
                    {
                      "k": "html_url",
                      "v": "https://github.com/jennifersteeden"
                    },
                    {
                      "k": "id",
                      "v": 53479871.0
                    },
                    {
                      "k": "login",
                      "v": "jennifersteeden"
                    },
                    {
                      "k": "node_id",
                      "v": "MDQ6VXNlcjUzNDc5ODcx"
                    },
                    {
                      "k": "organizations_url",
                      "v": "https://api.github.com/users/jennifersteeden/orgs"
                    },
                    {
                      "k": "received_events_url",
                      "v": "https://api.github.com/users/jennifersteeden/received_events"
                    },
                    {
                      "k": "repos_url",
                      "v": "https://api.github.com/users/jennifersteeden/repos"
                    },
                    {
                      "k": "site_admin",
                      "v": false
                    },
                    {
                      "k": "starred_url",
                      "v": "https://api.github.com/users/jennifersteeden/starred{/owner}{/repo}"
                    },
                    {
                      "k": "subscriptions_url",
                      "v": "https://api.github.com/users/jennifersteeden/subscriptions"
                    },
                    {
                      "k": "type",
                      "v": "User"
                    },
                    {
                      "k": "url",
                      "v": "https://api.github.com/users/jennifersteeden"
                    },
                    {
                      "k": "user_view_type",
                      "v": "public"
                    }
                  ]
                }
              }
            ]
          }
        },
        {
          "k": "workflow_ref",
          "v": "mrphys/tensorflow-mri/.github/workflows/build-package.yml@refs/heads/master"
        },
        {
          "k": "workflow_sha",
          "v": "5c27b3d425c145bf762976e86aa1597acb6c1438"
        },
        {
          "k": "repository_id",
          "v": "388094708"
        },
        {
          "k": "triggering_actor",
          "v": "jennifersteeden"
        }
      ]
    },
    "inputs": {
      "t": 2
    },
    "matrix": {
      "t": 2,
      "d": [
        {
          "k": "py_version",
          "v": "3.10"
        }
      ]
    },
    "needs": {
      "t": 2
    },
    "strategy": {
      "t": 2,
      "d": [
        {
          "k": "fail-fast",
          "v": true
        },
        {
          "k": "job-index",
          "v": 2.0
        },
        {
          "k": "job-total",
          "v": 3.0
        },
        {
          "k": "max-parallel",
          "v": 3.0
        }
      ]
    },
    "vars": {
      "t": 2
    }
  }
}
[2025-03-18 11:21:41Z INFO JobRunner] Job ID f4db9b4e-895c-579b-bf46-1eddea649fdb
[2025-03-18 11:21:41Z INFO ConfigurationStore] currentAssemblyLocation: /home/jenny/tensorflow-mri/actions-runner/bin/Runner.Worker.dll
[2025-03-18 11:21:41Z INFO HostContext] Well known directory 'Bin': '/home/jenny/tensorflow-mri/actions-runner/bin'
[2025-03-18 11:21:41Z INFO ConfigurationStore] binPath: /home/jenny/tensorflow-mri/actions-runner/bin
[2025-03-18 11:21:41Z INFO HostContext] Well known directory 'Bin': '/home/jenny/tensorflow-mri/actions-runner/bin'
[2025-03-18 11:21:41Z INFO HostContext] Well known directory 'Root': '/home/jenny/tensorflow-mri/actions-runner'
[2025-03-18 11:21:41Z INFO ConfigurationStore] RootFolder: /home/jenny/tensorflow-mri/actions-runner
[2025-03-18 11:21:41Z INFO HostContext] Well known directory 'Bin': '/home/jenny/tensorflow-mri/actions-runner/bin'
[2025-03-18 11:21:41Z INFO HostContext] Well known directory 'Root': '/home/jenny/tensorflow-mri/actions-runner'
[2025-03-18 11:21:41Z INFO HostContext] Well known config file 'Runner': '/home/jenny/tensorflow-mri/actions-runner/.runner'
[2025-03-18 11:21:41Z INFO ConfigurationStore] ConfigFilePath: /home/jenny/tensorflow-mri/actions-runner/.runner
[2025-03-18 11:21:41Z INFO HostContext] Well known directory 'Bin': '/home/jenny/tensorflow-mri/actions-runner/bin'
[2025-03-18 11:21:41Z INFO HostContext] Well known directory 'Root': '/home/jenny/tensorflow-mri/actions-runner'
[2025-03-18 11:21:41Z INFO HostContext] Well known config file 'Credentials': '/home/jenny/tensorflow-mri/actions-runner/.credentials'
[2025-03-18 11:21:41Z INFO ConfigurationStore] CredFilePath: /home/jenny/tensorflow-mri/actions-runner/.credentials
[2025-03-18 11:21:41Z INFO HostContext] Well known directory 'Bin': '/home/jenny/tensorflow-mri/actions-runner/bin'
[2025-03-18 11:21:41Z INFO HostContext] Well known directory 'Root': '/home/jenny/tensorflow-mri/actions-runner'
[2025-03-18 11:21:41Z INFO HostContext] Well known config file 'MigratedCredentials': '/home/jenny/tensorflow-mri/actions-runner/.credentials_migrated'
[2025-03-18 11:21:41Z INFO ConfigurationStore] MigratedCredFilePath: /home/jenny/tensorflow-mri/actions-runner/.credentials_migrated
[2025-03-18 11:21:41Z INFO HostContext] Well known directory 'Bin': '/home/jenny/tensorflow-mri/actions-runner/bin'
[2025-03-18 11:21:41Z INFO HostContext] Well known directory 'Root': '/home/jenny/tensorflow-mri/actions-runner'
[2025-03-18 11:21:41Z INFO HostContext] Well known config file 'Service': '/home/jenny/tensorflow-mri/actions-runner/.service'
[2025-03-18 11:21:41Z INFO ConfigurationStore] ServiceConfigFilePath: /home/jenny/tensorflow-mri/actions-runner/.service
[2025-03-18 11:21:41Z INFO ConfigurationStore] Read setting file: 294 chars
[2025-03-18 11:21:41Z INFO JobRunner] Initializing launch client
[2025-03-18 11:21:41Z INFO JobServerQueue] Initializing results client
[2025-03-18 11:21:41Z INFO ResultServer] Creating websocket client ...wss://results-receiver.actions.githubusercontent.com/_ws/ingest.sock
[2025-03-18 11:21:41Z INFO ResultServer] Attempting to start websocket client with delay 00:00:00.
[2025-03-18 11:21:41Z INFO JobServerQueue] Start process web console line queue.
[2025-03-18 11:21:41Z INFO JobServerQueue] Start process file upload queue.
[2025-03-18 11:21:41Z INFO JobServerQueue] Start results file upload queue.
[2025-03-18 11:21:41Z INFO JobServerQueue] Starting results-based upload queue...
[2025-03-18 11:21:41Z INFO JobServerQueue] Start process timeline update queue.
[2025-03-18 11:21:41Z INFO ExecutionContext] Initialize GitHub context
[2025-03-18 11:21:41Z INFO ExecutionContext] Initialize Env context
[2025-03-18 11:21:41Z INFO HostContext] Well known directory 'Bin': '/home/jenny/tensorflow-mri/actions-runner/bin'
[2025-03-18 11:21:41Z INFO HostContext] Well known directory 'Root': '/home/jenny/tensorflow-mri/actions-runner'
[2025-03-18 11:21:41Z INFO HostContext] Well known directory 'Diag': '/home/jenny/tensorflow-mri/actions-runner/_diag'
[2025-03-18 11:21:41Z INFO HostContext] Well known directory 'Bin': '/home/jenny/tensorflow-mri/actions-runner/bin'
[2025-03-18 11:21:41Z INFO HostContext] Well known directory 'Root': '/home/jenny/tensorflow-mri/actions-runner'
[2025-03-18 11:21:41Z INFO HostContext] Well known directory 'Diag': '/home/jenny/tensorflow-mri/actions-runner/_diag'
[2025-03-18 11:21:41Z INFO JobRunner] Starting the job execution context.
[2025-03-18 11:21:41Z INFO HostContext] Well known directory 'Bin': '/home/jenny/tensorflow-mri/actions-runner/bin'
[2025-03-18 11:21:41Z INFO HostContext] Well known directory 'Root': '/home/jenny/tensorflow-mri/actions-runner'
[2025-03-18 11:21:41Z INFO HostContext] Well known directory 'Work': '/home/jenny/tensorflow-mri/actions-runner/_work'
[2025-03-18 11:21:41Z INFO JobRunner] Validating directory permissions for: '/home/jenny/tensorflow-mri/actions-runner/_work'
[2025-03-18 11:21:41Z INFO HostContext] Well known directory 'Bin': '/home/jenny/tensorflow-mri/actions-runner/bin'
[2025-03-18 11:21:41Z INFO HostContext] Well known directory 'Root': '/home/jenny/tensorflow-mri/actions-runner'
[2025-03-18 11:21:41Z INFO HostContext] Well known directory 'Work': '/home/jenny/tensorflow-mri/actions-runner/_work'
[2025-03-18 11:21:41Z INFO HostContext] Well known directory 'Tools': '/home/jenny/tensorflow-mri/actions-runner/_work/_tool'
[2025-03-18 11:21:41Z INFO HostContext] Well known directory 'Bin': '/home/jenny/tensorflow-mri/actions-runner/bin'
[2025-03-18 11:21:41Z INFO HostContext] Well known directory 'Root': '/home/jenny/tensorflow-mri/actions-runner'
[2025-03-18 11:21:41Z INFO HostContext] Well known directory 'Work': '/home/jenny/tensorflow-mri/actions-runner/_work'
[2025-03-18 11:21:41Z INFO HostContext] Well known directory 'Temp': '/home/jenny/tensorflow-mri/actions-runner/_work/_temp'
[2025-03-18 11:21:41Z ERR  TempDirectoryManager] System.IO.IOException: Access to the path '/home/jenny/tensorflow-mri/actions-runner/_work/_temp/_github_home/.config/matplotlib' is denied.
   at System.IO.FileSystem.RemoveEmptyDirectory(String fullPath, Boolean topLevel, Boolean throwWhenNotEmpty)
   at System.IO.DirectoryInfo.Delete()
   at GitHub.Runner.Sdk.IOUtil.DeleteDirectory(String path, Boolean contentsOnly, Boolean continueOnContentDeleteError, CancellationToken cancellationToken)
   at GitHub.Runner.Worker.TempDirectoryManager.InitializeTempDirectory(IExecutionContext jobContext)
[2025-03-18 11:21:41Z INFO JobRunner] Getting job extension.
[2025-03-18 11:21:41Z INFO JobRunner] Initialize job. Getting all job steps.
[2025-03-18 11:21:41Z INFO HostContext] Well known directory 'Bin': '/home/jenny/tensorflow-mri/actions-runner/bin'
[2025-03-18 11:21:41Z INFO HostContext] Well known directory 'Root': '/home/jenny/tensorflow-mri/actions-runner'
[2025-03-18 11:21:41Z INFO HostContext] Well known directory 'Diag': '/home/jenny/tensorflow-mri/actions-runner/_diag'
[2025-03-18 11:21:41Z INFO HostContext] Well known directory 'Bin': '/home/jenny/tensorflow-mri/actions-runner/bin'
[2025-03-18 11:21:41Z INFO HostContext] Well known directory 'Root': '/home/jenny/tensorflow-mri/actions-runner'
[2025-03-18 11:21:41Z INFO HostContext] Well known directory 'Diag': '/home/jenny/tensorflow-mri/actions-runner/_diag'
[2025-03-18 11:21:41Z INFO HostContext] Well known directory 'Bin': '/home/jenny/tensorflow-mri/actions-runner/bin'
[2025-03-18 11:21:41Z INFO HostContext] Well known directory 'Root': '/home/jenny/tensorflow-mri/actions-runner'
[2025-03-18 11:21:41Z INFO HostContext] Well known config file 'Credentials': '/home/jenny/tensorflow-mri/actions-runner/.credentials'
[2025-03-18 11:21:41Z INFO HostContext] Well known directory 'Bin': '/home/jenny/tensorflow-mri/actions-runner/bin'
[2025-03-18 11:21:41Z INFO HostContext] Well known directory 'Root': '/home/jenny/tensorflow-mri/actions-runner'
[2025-03-18 11:21:41Z INFO HostContext] Well known config file 'SetupInfo': '/home/jenny/tensorflow-mri/actions-runner/.setup_info'
[2025-03-18 11:21:41Z INFO HostContext] Well known directory 'Bin': '/home/jenny/tensorflow-mri/actions-runner/bin'
[2025-03-18 11:21:41Z INFO HostContext] Well known directory 'Root': '/home/jenny/tensorflow-mri/actions-runner'
[2025-03-18 11:21:41Z INFO HostContext] Well known directory 'Work': '/home/jenny/tensorflow-mri/actions-runner/_work'
[2025-03-18 11:21:41Z INFO PipelineDirectoryManager] Loading tracking config if exists: /home/jenny/tensorflow-mri/actions-runner/_work/_PipelineMapping/mrphys/tensorflow-mri/PipelineFolder.json
[2025-03-18 11:21:41Z INFO PipelineDirectoryManager] Updating job run properties.
[2025-03-18 11:21:41Z INFO HostContext] Well known directory 'Bin': '/home/jenny/tensorflow-mri/actions-runner/bin'
[2025-03-18 11:21:41Z INFO HostContext] Well known directory 'Root': '/home/jenny/tensorflow-mri/actions-runner'
[2025-03-18 11:21:41Z INFO HostContext] Well known directory 'Work': '/home/jenny/tensorflow-mri/actions-runner/_work'
[2025-03-18 11:21:41Z INFO HostContext] Well known directory 'Bin': '/home/jenny/tensorflow-mri/actions-runner/bin'
[2025-03-18 11:21:41Z INFO HostContext] Well known directory 'Root': '/home/jenny/tensorflow-mri/actions-runner'
[2025-03-18 11:21:41Z INFO HostContext] Well known directory 'Work': '/home/jenny/tensorflow-mri/actions-runner/_work'
[2025-03-18 11:21:41Z INFO HostContext] Well known directory 'Bin': '/home/jenny/tensorflow-mri/actions-runner/bin'
[2025-03-18 11:21:41Z INFO HostContext] Well known directory 'Root': '/home/jenny/tensorflow-mri/actions-runner'
[2025-03-18 11:21:41Z INFO HostContext] Well known directory 'Work': '/home/jenny/tensorflow-mri/actions-runner/_work'
[2025-03-18 11:21:41Z INFO HostContext] Well known directory 'Bin': '/home/jenny/tensorflow-mri/actions-runner/bin'
[2025-03-18 11:21:41Z INFO HostContext] Well known directory 'Root': '/home/jenny/tensorflow-mri/actions-runner'
[2025-03-18 11:21:41Z INFO HostContext] Well known directory 'Work': '/home/jenny/tensorflow-mri/actions-runner/_work'
[2025-03-18 11:21:41Z INFO HostContext] Well known directory 'Bin': '/home/jenny/tensorflow-mri/actions-runner/bin'
[2025-03-18 11:21:41Z INFO HostContext] Well known directory 'Root': '/home/jenny/tensorflow-mri/actions-runner'
[2025-03-18 11:21:41Z INFO HostContext] Well known directory 'Work': '/home/jenny/tensorflow-mri/actions-runner/_work'
[2025-03-18 11:21:41Z INFO HostContext] Well known directory 'Tools': '/home/jenny/tensorflow-mri/actions-runner/_work/_tool'
[2025-03-18 11:21:41Z INFO HostContext] Well known directory 'Bin': '/home/jenny/tensorflow-mri/actions-runner/bin'
[2025-03-18 11:21:41Z INFO HostContext] Well known directory 'Root': '/home/jenny/tensorflow-mri/actions-runner'
[2025-03-18 11:21:41Z INFO HostContext] Well known directory 'Externals': '/home/jenny/tensorflow-mri/actions-runner/externals'
[2025-03-18 11:21:41Z INFO JobExtension] Downloading actions
[2025-03-18 11:21:41Z INFO HostContext] Well known directory 'Bin': '/home/jenny/tensorflow-mri/actions-runner/bin'
[2025-03-18 11:21:41Z INFO HostContext] Well known directory 'Root': '/home/jenny/tensorflow-mri/actions-runner'
[2025-03-18 11:21:41Z INFO HostContext] Well known directory 'Work': '/home/jenny/tensorflow-mri/actions-runner/_work'
[2025-03-18 11:21:41Z INFO HostContext] Well known directory 'Actions': '/home/jenny/tensorflow-mri/actions-runner/_work/_actions'
[2025-03-18 11:21:41Z INFO Worker] Listening for cancel message from the channel.
[2025-03-18 11:21:41Z INFO Worker] Waiting for the job to complete or for a cancel message from the channel.
[2025-03-18 11:21:41Z INFO ResultServer] Successfully started websocket client.
[2025-03-18 11:21:41Z INFO JobServerQueue] Try to append 1 batches web console lines for record '1327b0e4-994c-4b90-bc55-3f4af088ba95', success rate: 1/1.
[2025-03-18 11:21:42Z INFO HostContext] Well known directory 'Bin': '/home/jenny/tensorflow-mri/actions-runner/bin'
[2025-03-18 11:21:42Z INFO HostContext] Well known directory 'Root': '/home/jenny/tensorflow-mri/actions-runner'
[2025-03-18 11:21:42Z INFO HostContext] Well known directory 'Work': '/home/jenny/tensorflow-mri/actions-runner/_work'
[2025-03-18 11:21:42Z INFO HostContext] Well known directory 'Actions': '/home/jenny/tensorflow-mri/actions-runner/_work/_actions'
[2025-03-18 11:21:42Z INFO HostContext] Well known directory 'Bin': '/home/jenny/tensorflow-mri/actions-runner/bin'
[2025-03-18 11:21:42Z INFO HostContext] Well known directory 'Root': '/home/jenny/tensorflow-mri/actions-runner'
[2025-03-18 11:21:42Z INFO HostContext] Well known directory 'Work': '/home/jenny/tensorflow-mri/actions-runner/_work'
[2025-03-18 11:21:42Z INFO HostContext] Well known directory 'Actions': '/home/jenny/tensorflow-mri/actions-runner/_work/_actions'
[2025-03-18 11:21:42Z INFO ActionManager] Save archive 'https://api.github.com/repos/actions/checkout/tarball/11bd71901bbe5b1630ceea73d27597364c9af683' into /home/jenny/tensorflow-mri/actions-runner/_work/_actions/_temp_e85e5c0e-884e-4ef3-bcc8-3ded549c9014/2f3f8e12-01a0-49c0-8292-8c6f94463173.tar.gz.
[2025-03-18 11:21:42Z INFO JobServerQueue] Try to append 1 batches web console lines for record '1327b0e4-994c-4b90-bc55-3f4af088ba95', success rate: 1/1.
[2025-03-18 11:21:42Z INFO JobServerQueue] Job timeline record has been updated for the first time.
[2025-03-18 11:21:42Z INFO ActionManager] Request URL: https://api.github.com/repos/actions/checkout/tarball/11bd71901bbe5b1630ceea73d27597364c9af683 X-GitHub-Request-Id: 8334:F4BCA:3BF0:AA79:67D95746 Http Status: OK
[2025-03-18 11:21:42Z INFO ActionManager] Which2: 'tar'
[2025-03-18 11:21:42Z INFO ActionManager] Location: '/usr/bin/tar'
[2025-03-18 11:21:42Z INFO ProcessInvokerWrapper] Starting process:
[2025-03-18 11:21:42Z INFO ProcessInvokerWrapper]   File name: '/usr/bin/tar'
[2025-03-18 11:21:42Z INFO ProcessInvokerWrapper]   Arguments: '-xzf "/home/jenny/tensorflow-mri/actions-runner/_work/_actions/_temp_e85e5c0e-884e-4ef3-bcc8-3ded549c9014/2f3f8e12-01a0-49c0-8292-8c6f94463173.tar.gz"'
[2025-03-18 11:21:42Z INFO ProcessInvokerWrapper]   Working directory: '/home/jenny/tensorflow-mri/actions-runner/_work/_actions/_temp_e85e5c0e-884e-4ef3-bcc8-3ded549c9014/_staging'
[2025-03-18 11:21:42Z INFO ProcessInvokerWrapper]   Require exit code zero: 'False'
[2025-03-18 11:21:42Z INFO ProcessInvokerWrapper]   Encoding web name:  ; code page: ''
[2025-03-18 11:21:42Z INFO ProcessInvokerWrapper]   Force kill process on cancellation: 'False'
[2025-03-18 11:21:42Z INFO ProcessInvokerWrapper]   Redirected STDIN: 'False'
[2025-03-18 11:21:42Z INFO ProcessInvokerWrapper]   Persist current code page: 'False'
[2025-03-18 11:21:42Z INFO ProcessInvokerWrapper]   Keep redirected STDIN open: 'False'
[2025-03-18 11:21:42Z INFO ProcessInvokerWrapper]   High priority process: 'False'
[2025-03-18 11:21:42Z INFO ProcessInvokerWrapper] Updated oom_score_adj to 500 for PID: 839923.
[2025-03-18 11:21:42Z INFO ProcessInvokerWrapper] Process started with process id 839923, waiting for process exit.
[2025-03-18 11:21:42Z INFO ProcessInvokerWrapper] STDOUT/STDERR stream read finished.
[2025-03-18 11:21:42Z INFO ProcessInvokerWrapper] STDOUT/STDERR stream read finished.
[2025-03-18 11:21:42Z INFO ProcessInvokerWrapper] Finished process 839923 with exit code 0, and elapsed time 00:00:00.0144932.
[2025-03-18 11:21:42Z INFO ActionManager] Finished getting action repository.
[2025-03-18 11:21:42Z INFO HostContext] Well known directory 'Bin': '/home/jenny/tensorflow-mri/actions-runner/bin'
[2025-03-18 11:21:42Z INFO HostContext] Well known directory 'Root': '/home/jenny/tensorflow-mri/actions-runner'
[2025-03-18 11:21:42Z INFO HostContext] Well known directory 'Work': '/home/jenny/tensorflow-mri/actions-runner/_work'
[2025-03-18 11:21:42Z INFO HostContext] Well known directory 'Actions': '/home/jenny/tensorflow-mri/actions-runner/_work/_actions'
[2025-03-18 11:21:42Z INFO HostContext] Well known directory 'Bin': '/home/jenny/tensorflow-mri/actions-runner/bin'
[2025-03-18 11:21:42Z INFO HostContext] Well known directory 'Root': '/home/jenny/tensorflow-mri/actions-runner'
[2025-03-18 11:21:42Z INFO HostContext] Well known directory 'Work': '/home/jenny/tensorflow-mri/actions-runner/_work'
[2025-03-18 11:21:42Z INFO HostContext] Well known directory 'Actions': '/home/jenny/tensorflow-mri/actions-runner/_work/_actions'
[2025-03-18 11:21:42Z INFO ActionManager] Save archive 'https://api.github.com/repos/actions/upload-artifact/tarball/4cec3d8aa04e39d1a68397de0c4cd6fb9dce8ec1' into /home/jenny/tensorflow-mri/actions-runner/_work/_actions/_temp_4309e337-886a-4ec0-8ddb-cc26499bc4d1/f245fd06-60f3-4770-8db6-0970514ab839.tar.gz.
[2025-03-18 11:21:42Z INFO JobServerQueue] Try to append 1 batches web console lines for record '1327b0e4-994c-4b90-bc55-3f4af088ba95', success rate: 1/1.
[2025-03-18 11:21:42Z INFO ActionManager] Request URL: https://api.github.com/repos/actions/upload-artifact/tarball/4cec3d8aa04e39d1a68397de0c4cd6fb9dce8ec1 X-GitHub-Request-Id: 8338:B70BB:3AE5:A972:67D95746 Http Status: OK
[2025-03-18 11:21:42Z INFO ActionManager] Which2: 'tar'
[2025-03-18 11:21:42Z INFO ActionManager] Location: '/usr/bin/tar'
[2025-03-18 11:21:42Z INFO ProcessInvokerWrapper] Starting process:
[2025-03-18 11:21:42Z INFO ProcessInvokerWrapper]   File name: '/usr/bin/tar'
[2025-03-18 11:21:42Z INFO ProcessInvokerWrapper]   Arguments: '-xzf "/home/jenny/tensorflow-mri/actions-runner/_work/_actions/_temp_4309e337-886a-4ec0-8ddb-cc26499bc4d1/f245fd06-60f3-4770-8db6-0970514ab839.tar.gz"'
[2025-03-18 11:21:42Z INFO ProcessInvokerWrapper]   Working directory: '/home/jenny/tensorflow-mri/actions-runner/_work/_actions/_temp_4309e337-886a-4ec0-8ddb-cc26499bc4d1/_staging'
[2025-03-18 11:21:42Z INFO ProcessInvokerWrapper]   Require exit code zero: 'False'
[2025-03-18 11:21:42Z INFO ProcessInvokerWrapper]   Encoding web name:  ; code page: ''
[2025-03-18 11:21:42Z INFO ProcessInvokerWrapper]   Force kill process on cancellation: 'False'
[2025-03-18 11:21:42Z INFO ProcessInvokerWrapper]   Redirected STDIN: 'False'
[2025-03-18 11:21:42Z INFO ProcessInvokerWrapper]   Persist current code page: 'False'
[2025-03-18 11:21:42Z INFO ProcessInvokerWrapper]   Keep redirected STDIN open: 'False'
[2025-03-18 11:21:42Z INFO ProcessInvokerWrapper]   High priority process: 'False'
[2025-03-18 11:21:42Z INFO ProcessInvokerWrapper] Updated oom_score_adj to 500 for PID: 839939.
[2025-03-18 11:21:42Z INFO ProcessInvokerWrapper] Process started with process id 839939, waiting for process exit.
[2025-03-18 11:21:42Z INFO ProcessInvokerWrapper] STDOUT/STDERR stream read finished.
[2025-03-18 11:21:42Z INFO ProcessInvokerWrapper] STDOUT/STDERR stream read finished.
[2025-03-18 11:21:42Z INFO ProcessInvokerWrapper] Finished process 839939 with exit code 0, and elapsed time 00:00:00.0790559.
[2025-03-18 11:21:42Z INFO ActionManager] Finished getting action repository.
[2025-03-18 11:21:42Z INFO HostContext] Well known directory 'Bin': '/home/jenny/tensorflow-mri/actions-runner/bin'
[2025-03-18 11:21:42Z INFO HostContext] Well known directory 'Root': '/home/jenny/tensorflow-mri/actions-runner'
[2025-03-18 11:21:42Z INFO HostContext] Well known directory 'Work': '/home/jenny/tensorflow-mri/actions-runner/_work'
[2025-03-18 11:21:42Z INFO HostContext] Well known directory 'Actions': '/home/jenny/tensorflow-mri/actions-runner/_work/_actions'
[2025-03-18 11:21:42Z INFO HostContext] Well known directory 'Bin': '/home/jenny/tensorflow-mri/actions-runner/bin'
[2025-03-18 11:21:42Z INFO HostContext] Well known directory 'Root': '/home/jenny/tensorflow-mri/actions-runner'
[2025-03-18 11:21:42Z INFO HostContext] Well known directory 'Work': '/home/jenny/tensorflow-mri/actions-runner/_work'
[2025-03-18 11:21:42Z INFO HostContext] Well known directory 'Actions': '/home/jenny/tensorflow-mri/actions-runner/_work/_actions'
[2025-03-18 11:21:42Z INFO HostContext] Well known directory 'Bin': '/home/jenny/tensorflow-mri/actions-runner/bin'
[2025-03-18 11:21:42Z INFO HostContext] Well known directory 'Root': '/home/jenny/tensorflow-mri/actions-runner'
[2025-03-18 11:21:42Z INFO HostContext] Well known directory 'Work': '/home/jenny/tensorflow-mri/actions-runner/_work'
[2025-03-18 11:21:42Z INFO HostContext] Well known directory 'Actions': '/home/jenny/tensorflow-mri/actions-runner/_work/_actions'
[2025-03-18 11:21:42Z INFO ActionManager] Save archive 'https://api.github.com/repos/pypa/gh-action-pypi-publish/tarball/22b4d1f12511f2696162c08546dafbaa903448a2' into /home/jenny/tensorflow-mri/actions-runner/_work/_actions/_temp_2312af75-9304-41f9-80a5-23dccafcb62e/88578991-8ace-4fb9-9362-c93ce127e235.tar.gz.
[2025-03-18 11:21:43Z INFO JobServerQueue] Try to append 1 batches web console lines for record '1327b0e4-994c-4b90-bc55-3f4af088ba95', success rate: 1/1.
[2025-03-18 11:21:43Z INFO ActionManager] Request URL: https://api.github.com/repos/pypa/gh-action-pypi-publish/tarball/22b4d1f12511f2696162c08546dafbaa903448a2 X-GitHub-Request-Id: 8342:16E238:4116:AFA1:67D95747 Http Status: OK
[2025-03-18 11:21:43Z INFO ActionManager] Which2: 'tar'
[2025-03-18 11:21:43Z INFO ActionManager] Location: '/usr/bin/tar'
[2025-03-18 11:21:43Z INFO ProcessInvokerWrapper] Starting process:
[2025-03-18 11:21:43Z INFO ProcessInvokerWrapper]   File name: '/usr/bin/tar'
[2025-03-18 11:21:43Z INFO ProcessInvokerWrapper]   Arguments: '-xzf "/home/jenny/tensorflow-mri/actions-runner/_work/_actions/_temp_2312af75-9304-41f9-80a5-23dccafcb62e/88578991-8ace-4fb9-9362-c93ce127e235.tar.gz"'
[2025-03-18 11:21:43Z INFO ProcessInvokerWrapper]   Working directory: '/home/jenny/tensorflow-mri/actions-runner/_work/_actions/_temp_2312af75-9304-41f9-80a5-23dccafcb62e/_staging'
[2025-03-18 11:21:43Z INFO ProcessInvokerWrapper]   Require exit code zero: 'False'
[2025-03-18 11:21:43Z INFO ProcessInvokerWrapper]   Encoding web name:  ; code page: ''
[2025-03-18 11:21:43Z INFO ProcessInvokerWrapper]   Force kill process on cancellation: 'False'
[2025-03-18 11:21:43Z INFO ProcessInvokerWrapper]   Redirected STDIN: 'False'
[2025-03-18 11:21:43Z INFO ProcessInvokerWrapper]   Persist current code page: 'False'
[2025-03-18 11:21:43Z INFO ProcessInvokerWrapper]   Keep redirected STDIN open: 'False'
[2025-03-18 11:21:43Z INFO ProcessInvokerWrapper]   High priority process: 'False'
[2025-03-18 11:21:43Z INFO ProcessInvokerWrapper] Updated oom_score_adj to 500 for PID: 839945.
[2025-03-18 11:21:43Z INFO ProcessInvokerWrapper] Process started with process id 839945, waiting for process exit.
[2025-03-18 11:21:43Z INFO ProcessInvokerWrapper] STDOUT/STDERR stream read finished.
[2025-03-18 11:21:43Z INFO ProcessInvokerWrapper] STDOUT/STDERR stream read finished.
[2025-03-18 11:21:43Z INFO ProcessInvokerWrapper] Finished process 839945 with exit code 0, and elapsed time 00:00:00.0028326.
[2025-03-18 11:21:43Z INFO ActionManager] Finished getting action repository.
[2025-03-18 11:21:43Z INFO HostContext] Well known directory 'Bin': '/home/jenny/tensorflow-mri/actions-runner/bin'
[2025-03-18 11:21:43Z INFO HostContext] Well known directory 'Root': '/home/jenny/tensorflow-mri/actions-runner'
[2025-03-18 11:21:43Z INFO HostContext] Well known directory 'Work': '/home/jenny/tensorflow-mri/actions-runner/_work'
[2025-03-18 11:21:43Z INFO HostContext] Well known directory 'Actions': '/home/jenny/tensorflow-mri/actions-runner/_work/_actions'
[2025-03-18 11:21:43Z INFO ActionManifestManager] Load schema file with definitions: [
  "null",
  "boolean",
  "number",
  "string",
  "sequence",
  "mapping",
  "any",
  "action-root",
  "inputs",
  "input",
  "outputs",
  "output-definition",
  "runs",
  "container-runs",
  "container-runs-args",
  "container-runs-env",
  "node-runs",
  "plugin-runs",
  "composite-runs",
  "composite-steps",
  "composite-step",
  "run-step",
  "uses-step",
  "container-runs-context",
  "output-value",
  "input-default-context",
  "non-empty-string",
  "string-steps-context",
  "boolean-steps-context",
  "step-env",
  "step-if",
  "step-with"
]
[2025-03-18 11:21:43Z INFO HostContext] Well known directory 'Bin': '/home/jenny/tensorflow-mri/actions-runner/bin'
[2025-03-18 11:21:43Z INFO HostContext] Well known directory 'Root': '/home/jenny/tensorflow-mri/actions-runner'
[2025-03-18 11:21:43Z INFO HostContext] Well known directory 'Work': '/home/jenny/tensorflow-mri/actions-runner/_work'
[2025-03-18 11:21:43Z INFO HostContext] Well known directory 'Actions': '/home/jenny/tensorflow-mri/actions-runner/_work/_actions'
[2025-03-18 11:21:43Z INFO ActionManifestManager] Loaded action.yml file: {
  "name": "Checkout",
  "description": "Checkout a Git repository at a particular version",
  "inputs": {
    "type": 2,
    "map": [
      {
        "key": {
          "type": 0,
          "file": 2,
          "line": 4,
          "col": 3,
          "lit": "repository"
        },
        "value": {
          "type": 3,
          "file": 2,
          "line": 6,
          "col": 14,
          "expr": "github.repository"
        }
      },
      {
        "key": {
          "type": 0,
          "file": 2,
          "line": 7,
          "col": 3,
          "lit": "ref"
        },
        "value": ""
      },
      {
        "key": {
          "type": 0,
          "file": 2,
          "line": 12,
          "col": 3,
          "lit": "token"
        },
        "value": {
          "type": 3,
          "file": 2,
          "line": 24,
          "col": 14,
          "expr": "github.token"
        }
      },
      {
        "key": {
          "type": 0,
          "file": 2,
          "line": 25,
          "col": 3,
          "lit": "ssh-key"
        },
        "value": ""
      },
      {
        "key": {
          "type": 0,
          "file": 2,
          "line": 37,
          "col": 3,
          "lit": "ssh-known-hosts"
        },
        "value": ""
      },
      {
        "key": {
          "type": 0,
          "file": 2,
          "line": 42,
          "col": 3,
          "lit": "ssh-strict"
        },
        "value": {
          "type": 0,
          "file": 2,
          "line": 47,
          "col": 14,
          "lit": "true"
        }
      },
      {
        "key": {
          "type": 0,
          "file": 2,
          "line": 48,
          "col": 3,
          "lit": "ssh-user"
        },
        "value": {
          "type": 0,
          "file": 2,
          "line": 51,
          "col": 14,
          "lit": "git"
        }
      },
      {
        "key": {
          "type": 0,
          "file": 2,
          "line": 52,
          "col": 3,
          "lit": "persist-credentials"
        },
        "value": {
          "type": 0,
          "file": 2,
          "line": 54,
          "col": 14,
          "lit": "true"
        }
      },
      {
        "key": {
          "type": 0,
          "file": 2,
          "line": 55,
          "col": 3,
          "lit": "path"
        },
        "value": ""
      },
      {
        "key": {
          "type": 0,
          "file": 2,
          "line": 57,
          "col": 3,
          "lit": "clean"
        },
        "value": {
          "type": 0,
          "file": 2,
          "line": 59,
          "col": 14,
          "lit": "true"
        }
      },
      {
        "key": {
          "type": 0,
          "file": 2,
          "line": 60,
          "col": 3,
          "lit": "filter"
        },
        "value": {
          "type": 0,
          "file": 2,
          "line": 64,
          "col": 14,
          "lit": ""
        }
      },
      {
        "key": {
          "type": 0,
          "file": 2,
          "line": 65,
          "col": 3,
          "lit": "sparse-checkout"
        },
        "value": {
          "type": 0,
          "file": 2,
          "line": 69,
          "col": 14,
          "lit": ""
        }
      },
      {
        "key": {
          "type": 0,
          "file": 2,
          "line": 70,
          "col": 3,
          "lit": "sparse-checkout-cone-mode"
        },
        "value": {
          "type": 0,
          "file": 2,
          "line": 73,
          "col": 14,
          "lit": "true"
        }
      },
      {
        "key": {
          "type": 0,
          "file": 2,
          "line": 74,
          "col": 3,
          "lit": "fetch-depth"
        },
        "value": {
          "type": 0,
          "file": 2,
          "line": 76,
          "col": 14,
          "lit": "1"
        }
      },
      {
        "key": {
          "type": 0,
          "file": 2,
          "line": 77,
          "col": 3,
          "lit": "fetch-tags"
        },
        "value": {
          "type": 0,
          "file": 2,
          "line": 79,
          "col": 14,
          "lit": "false"
        }
      },
      {
        "key": {
          "type": 0,
          "file": 2,
          "line": 80,
          "col": 3,
          "lit": "show-progress"
        },
        "value": {
          "type": 0,
          "file": 2,
          "line": 82,
          "col": 14,
          "lit": "true"
        }
      },
      {
        "key": {
          "type": 0,
          "file": 2,
          "line": 83,
          "col": 3,
          "lit": "lfs"
        },
        "value": {
          "type": 0,
          "file": 2,
          "line": 85,
          "col": 14,
          "lit": "false"
        }
      },
      {
        "key": {
          "type": 0,
          "file": 2,
          "line": 86,
          "col": 3,
          "lit": "submodules"
        },
        "value": {
          "type": 0,
          "file": 2,
          "line": 94,
          "col": 14,
          "lit": "false"
        }
      },
      {
        "key": {
          "type": 0,
          "file": 2,
          "line": 95,
          "col": 3,
          "lit": "set-safe-directory"
        },
        "value": {
          "type": 0,
          "file": 2,
          "line": 97,
          "col": 14,
          "lit": "true"
        }
      },
      {
        "key": {
          "type": 0,
          "file": 2,
          "line": 98,
          "col": 3,
          "lit": "github-server-url"
        },
        "value": ""
      }
    ]
  },
  "execution": {
    "executionType": "nodeJS",
    "hasPre": false,
    "hasPost": true,
    "script": "dist/index.js",
    "pre": null,
    "post": "dist/index.js",
    "nodeVersion": "node20",
    "cleanupCondition": "always()",
    "initCondition": "always()"
  },
  "deprecated": null
}
[2025-03-18 11:21:43Z INFO ActionManager] Action node.js file: dist/index.js, no more preparation.
[2025-03-18 11:21:43Z INFO HostContext] Well known directory 'Bin': '/home/jenny/tensorflow-mri/actions-runner/bin'
[2025-03-18 11:21:43Z INFO HostContext] Well known directory 'Root': '/home/jenny/tensorflow-mri/actions-runner'
[2025-03-18 11:21:43Z INFO HostContext] Well known directory 'Work': '/home/jenny/tensorflow-mri/actions-runner/_work'
[2025-03-18 11:21:43Z INFO HostContext] Well known directory 'Actions': '/home/jenny/tensorflow-mri/actions-runner/_work/_actions'
[2025-03-18 11:21:43Z INFO ActionManager] Load action that reference repository from '/home/jenny/tensorflow-mri/actions-runner/_work/_actions/actions/checkout/v4'
[2025-03-18 11:21:43Z INFO HostContext] Well known directory 'Bin': '/home/jenny/tensorflow-mri/actions-runner/bin'
[2025-03-18 11:21:43Z INFO HostContext] Well known directory 'Root': '/home/jenny/tensorflow-mri/actions-runner'
[2025-03-18 11:21:43Z INFO HostContext] Well known directory 'Work': '/home/jenny/tensorflow-mri/actions-runner/_work'
[2025-03-18 11:21:43Z INFO HostContext] Well known directory 'Actions': '/home/jenny/tensorflow-mri/actions-runner/_work/_actions'
[2025-03-18 11:21:43Z INFO ActionManifestManager] Loaded action.yml file: {
  "name": "Checkout",
  "description": "Checkout a Git repository at a particular version",
  "inputs": {
    "type": 2,
    "map": [
      {
        "key": {
          "type": 0,
          "file": 2,
          "line": 4,
          "col": 3,
          "lit": "repository"
        },
        "value": {
          "type": 3,
          "file": 2,
          "line": 6,
          "col": 14,
          "expr": "github.repository"
        }
      },
      {
        "key": {
          "type": 0,
          "file": 2,
          "line": 7,
          "col": 3,
          "lit": "ref"
        },
        "value": ""
      },
      {
        "key": {
          "type": 0,
          "file": 2,
          "line": 12,
          "col": 3,
          "lit": "token"
        },
        "value": {
          "type": 3,
          "file": 2,
          "line": 24,
          "col": 14,
          "expr": "github.token"
        }
      },
      {
        "key": {
          "type": 0,
          "file": 2,
          "line": 25,
          "col": 3,
          "lit": "ssh-key"
        },
        "value": ""
      },
      {
        "key": {
          "type": 0,
          "file": 2,
          "line": 37,
          "col": 3,
          "lit": "ssh-known-hosts"
        },
        "value": ""
      },
      {
        "key": {
          "type": 0,
          "file": 2,
          "line": 42,
          "col": 3,
          "lit": "ssh-strict"
        },
        "value": {
          "type": 0,
          "file": 2,
          "line": 47,
          "col": 14,
          "lit": "true"
        }
      },
      {
        "key": {
          "type": 0,
          "file": 2,
          "line": 48,
          "col": 3,
          "lit": "ssh-user"
        },
        "value": {
          "type": 0,
          "file": 2,
          "line": 51,
          "col": 14,
          "lit": "git"
        }
      },
      {
        "key": {
          "type": 0,
          "file": 2,
          "line": 52,
          "col": 3,
          "lit": "persist-credentials"
        },
        "value": {
          "type": 0,
          "file": 2,
          "line": 54,
          "col": 14,
          "lit": "true"
        }
      },
      {
        "key": {
          "type": 0,
          "file": 2,
          "line": 55,
          "col": 3,
          "lit": "path"
        },
        "value": ""
      },
      {
        "key": {
          "type": 0,
          "file": 2,
          "line": 57,
          "col": 3,
          "lit": "clean"
        },
        "value": {
          "type": 0,
          "file": 2,
          "line": 59,
          "col": 14,
          "lit": "true"
        }
      },
      {
        "key": {
          "type": 0,
          "file": 2,
          "line": 60,
          "col": 3,
          "lit": "filter"
        },
        "value": {
          "type": 0,
          "file": 2,
          "line": 64,
          "col": 14,
          "lit": ""
        }
      },
      {
        "key": {
          "type": 0,
          "file": 2,
          "line": 65,
          "col": 3,
          "lit": "sparse-checkout"
        },
        "value": {
          "type": 0,
          "file": 2,
          "line": 69,
          "col": 14,
          "lit": ""
        }
      },
      {
        "key": {
          "type": 0,
          "file": 2,
          "line": 70,
          "col": 3,
          "lit": "sparse-checkout-cone-mode"
        },
        "value": {
          "type": 0,
          "file": 2,
          "line": 73,
          "col": 14,
          "lit": "true"
        }
      },
      {
        "key": {
          "type": 0,
          "file": 2,
          "line": 74,
          "col": 3,
          "lit": "fetch-depth"
        },
        "value": {
          "type": 0,
          "file": 2,
          "line": 76,
          "col": 14,
          "lit": "1"
        }
      },
      {
        "key": {
          "type": 0,
          "file": 2,
          "line": 77,
          "col": 3,
          "lit": "fetch-tags"
        },
        "value": {
          "type": 0,
          "file": 2,
          "line": 79,
          "col": 14,
          "lit": "false"
        }
      },
      {
        "key": {
          "type": 0,
          "file": 2,
          "line": 80,
          "col": 3,
          "lit": "show-progress"
        },
        "value": {
          "type": 0,
          "file": 2,
          "line": 82,
          "col": 14,
          "lit": "true"
        }
      },
      {
        "key": {
          "type": 0,
          "file": 2,
          "line": 83,
          "col": 3,
          "lit": "lfs"
        },
        "value": {
          "type": 0,
          "file": 2,
          "line": 85,
          "col": 14,
          "lit": "false"
        }
      },
      {
        "key": {
          "type": 0,
          "file": 2,
          "line": 86,
          "col": 3,
          "lit": "submodules"
        },
        "value": {
          "type": 0,
          "file": 2,
          "line": 94,
          "col": 14,
          "lit": "false"
        }
      },
      {
        "key": {
          "type": 0,
          "file": 2,
          "line": 95,
          "col": 3,
          "lit": "set-safe-directory"
        },
        "value": {
          "type": 0,
          "file": 2,
          "line": 97,
          "col": 14,
          "lit": "true"
        }
      },
      {
        "key": {
          "type": 0,
          "file": 2,
          "line": 98,
          "col": 3,
          "lit": "github-server-url"
        },
        "value": ""
      }
    ]
  },
  "execution": {
    "executionType": "nodeJS",
    "hasPre": false,
    "hasPost": true,
    "script": "dist/index.js",
    "pre": null,
    "post": "dist/index.js",
    "nodeVersion": "node20",
    "cleanupCondition": "always()",
    "initCondition": "always()"
  },
  "deprecated": null
}
[2025-03-18 11:21:43Z INFO ActionManager] Action pre node.js file: N/A.
[2025-03-18 11:21:43Z INFO ActionManager] Action node.js file: dist/index.js.
[2025-03-18 11:21:43Z INFO ActionManager] Action post node.js file: dist/index.js.
[2025-03-18 11:21:43Z INFO HostContext] Well known directory 'Bin': '/home/jenny/tensorflow-mri/actions-runner/bin'
[2025-03-18 11:21:43Z INFO HostContext] Well known directory 'Root': '/home/jenny/tensorflow-mri/actions-runner'
[2025-03-18 11:21:43Z INFO HostContext] Well known directory 'Work': '/home/jenny/tensorflow-mri/actions-runner/_work'
[2025-03-18 11:21:43Z INFO HostContext] Well known directory 'Actions': '/home/jenny/tensorflow-mri/actions-runner/_work/_actions'
[2025-03-18 11:21:43Z INFO HostContext] Well known directory 'Bin': '/home/jenny/tensorflow-mri/actions-runner/bin'
[2025-03-18 11:21:43Z INFO HostContext] Well known directory 'Root': '/home/jenny/tensorflow-mri/actions-runner'
[2025-03-18 11:21:43Z INFO HostContext] Well known directory 'Work': '/home/jenny/tensorflow-mri/actions-runner/_work'
[2025-03-18 11:21:43Z INFO HostContext] Well known directory 'Actions': '/home/jenny/tensorflow-mri/actions-runner/_work/_actions'
[2025-03-18 11:21:43Z INFO ActionManifestManager] Ignore action property author.
[2025-03-18 11:21:43Z INFO ActionManifestManager] Loaded action.yml file: {
  "name": "Upload a Build Artifact",
  "description": "Upload a build artifact that can be used by subsequent workflow steps",
  "inputs": {
    "type": 2,
    "map": [
      {
        "key": {
          "type": 0,
          "file": 3,
          "line": 5,
          "col": 3,
          "lit": "name"
        },
        "value": {
          "type": 0,
          "file": 3,
          "line": 7,
          "col": 14,
          "lit": "artifact"
        }
      },
      {
        "key": {
          "type": 0,
          "file": 3,
          "line": 8,
          "col": 3,
          "lit": "path"
        },
        "value": ""
      },
      {
        "key": {
          "type": 0,
          "file": 3,
          "line": 11,
          "col": 3,
          "lit": "if-no-files-found"
        },
        "value": {
          "type": 0,
          "file": 3,
          "line": 19,
          "col": 14,
          "lit": "warn"
        }
      },
      {
        "key": {
          "type": 0,
          "file": 3,
          "line": 20,
          "col": 3,
          "lit": "retention-days"
        },
        "value": ""
      },
      {
        "key": {
          "type": 0,
          "file": 3,
          "line": 26,
          "col": 3,
          "lit": "compression-level"
        },
        "value": {
          "type": 0,
          "file": 3,
          "line": 36,
          "col": 14,
          "lit": "6"
        }
      },
      {
        "key": {
          "type": 0,
          "file": 3,
          "line": 37,
          "col": 3,
          "lit": "overwrite"
        },
        "value": {
          "type": 0,
          "file": 3,
          "line": 42,
          "col": 14,
          "lit": "false"
        }
      },
      {
        "key": {
          "type": 0,
          "file": 3,
          "line": 43,
          "col": 3,
          "lit": "include-hidden-files"
        },
        "value": {
          "type": 0,
          "file": 3,
          "line": 47,
          "col": 14,
          "lit": "false"
        }
      }
    ]
  },
  "execution": {
    "executionType": "nodeJS",
    "hasPre": false,
    "hasPost": false,
    "script": "dist/upload/index.js",
    "pre": null,
    "post": null,
    "nodeVersion": "node20",
    "cleanupCondition": "always()",
    "initCondition": "always()"
  },
  "deprecated": null
}
[2025-03-18 11:21:43Z INFO ActionManager] Action node.js file: dist/upload/index.js, no more preparation.
[2025-03-18 11:21:43Z INFO HostContext] Well known directory 'Bin': '/home/jenny/tensorflow-mri/actions-runner/bin'
[2025-03-18 11:21:43Z INFO HostContext] Well known directory 'Root': '/home/jenny/tensorflow-mri/actions-runner'
[2025-03-18 11:21:43Z INFO HostContext] Well known directory 'Work': '/home/jenny/tensorflow-mri/actions-runner/_work'
[2025-03-18 11:21:43Z INFO HostContext] Well known directory 'Actions': '/home/jenny/tensorflow-mri/actions-runner/_work/_actions'
[2025-03-18 11:21:43Z INFO ActionManager] Load action that reference repository from '/home/jenny/tensorflow-mri/actions-runner/_work/_actions/actions/upload-artifact/v4'
[2025-03-18 11:21:43Z INFO HostContext] Well known directory 'Bin': '/home/jenny/tensorflow-mri/actions-runner/bin'
[2025-03-18 11:21:43Z INFO HostContext] Well known directory 'Root': '/home/jenny/tensorflow-mri/actions-runner'
[2025-03-18 11:21:43Z INFO HostContext] Well known directory 'Work': '/home/jenny/tensorflow-mri/actions-runner/_work'
[2025-03-18 11:21:43Z INFO HostContext] Well known directory 'Actions': '/home/jenny/tensorflow-mri/actions-runner/_work/_actions'
[2025-03-18 11:21:43Z INFO ActionManifestManager] Ignore action property author.
[2025-03-18 11:21:43Z INFO ActionManifestManager] Loaded action.yml file: {
  "name": "Upload a Build Artifact",
  "description": "Upload a build artifact that can be used by subsequent workflow steps",
  "inputs": {
    "type": 2,
    "map": [
      {
        "key": {
          "type": 0,
          "file": 3,
          "line": 5,
          "col": 3,
          "lit": "name"
        },
        "value": {
          "type": 0,
          "file": 3,
          "line": 7,
          "col": 14,
          "lit": "artifact"
        }
      },
      {
        "key": {
          "type": 0,
          "file": 3,
          "line": 8,
          "col": 3,
          "lit": "path"
        },
        "value": ""
      },
      {
        "key": {
          "type": 0,
          "file": 3,
          "line": 11,
          "col": 3,
          "lit": "if-no-files-found"
        },
        "value": {
          "type": 0,
          "file": 3,
          "line": 19,
          "col": 14,
          "lit": "warn"
        }
      },
      {
        "key": {
          "type": 0,
          "file": 3,
          "line": 20,
          "col": 3,
          "lit": "retention-days"
        },
        "value": ""
      },
      {
        "key": {
          "type": 0,
          "file": 3,
          "line": 26,
          "col": 3,
          "lit": "compression-level"
        },
        "value": {
          "type": 0,
          "file": 3,
          "line": 36,
          "col": 14,
          "lit": "6"
        }
      },
      {
        "key": {
          "type": 0,
          "file": 3,
          "line": 37,
          "col": 3,
          "lit": "overwrite"
        },
        "value": {
          "type": 0,
          "file": 3,
          "line": 42,
          "col": 14,
          "lit": "false"
        }
      },
      {
        "key": {
          "type": 0,
          "file": 3,
          "line": 43,
          "col": 3,
          "lit": "include-hidden-files"
        },
        "value": {
          "type": 0,
          "file": 3,
          "line": 47,
          "col": 14,
          "lit": "false"
        }
      }
    ]
  },
  "execution": {
    "executionType": "nodeJS",
    "hasPre": false,
    "hasPost": false,
    "script": "dist/upload/index.js",
    "pre": null,
    "post": null,
    "nodeVersion": "node20",
    "cleanupCondition": "always()",
    "initCondition": "always()"
  },
  "deprecated": null
}
[2025-03-18 11:21:43Z INFO ActionManager] Action pre node.js file: N/A.
[2025-03-18 11:21:43Z INFO ActionManager] Action node.js file: dist/upload/index.js.
[2025-03-18 11:21:43Z INFO ActionManager] Action post node.js file: N/A.
[2025-03-18 11:21:43Z INFO HostContext] Well known directory 'Bin': '/home/jenny/tensorflow-mri/actions-runner/bin'
[2025-03-18 11:21:43Z INFO HostContext] Well known directory 'Root': '/home/jenny/tensorflow-mri/actions-runner'
[2025-03-18 11:21:43Z INFO HostContext] Well known directory 'Work': '/home/jenny/tensorflow-mri/actions-runner/_work'
[2025-03-18 11:21:43Z INFO HostContext] Well known directory 'Actions': '/home/jenny/tensorflow-mri/actions-runner/_work/_actions'
[2025-03-18 11:21:43Z INFO HostContext] Well known directory 'Bin': '/home/jenny/tensorflow-mri/actions-runner/bin'
[2025-03-18 11:21:43Z INFO HostContext] Well known directory 'Root': '/home/jenny/tensorflow-mri/actions-runner'
[2025-03-18 11:21:43Z INFO HostContext] Well known directory 'Work': '/home/jenny/tensorflow-mri/actions-runner/_work'
[2025-03-18 11:21:43Z INFO HostContext] Well known directory 'Actions': '/home/jenny/tensorflow-mri/actions-runner/_work/_actions'
[2025-03-18 11:21:43Z INFO ActionManifestManager] Ignore action property author.
[2025-03-18 11:21:43Z INFO ActionManifestManager] Loaded action.yml file: {
  "name": "Upload a Build Artifact",
  "description": "Upload a build artifact that can be used by subsequent workflow steps",
  "inputs": {
    "type": 2,
    "map": [
      {
        "key": {
          "type": 0,
          "file": 3,
          "line": 5,
          "col": 3,
          "lit": "name"
        },
        "value": {
          "type": 0,
          "file": 3,
          "line": 7,
          "col": 14,
          "lit": "artifact"
        }
      },
      {
        "key": {
          "type": 0,
          "file": 3,
          "line": 8,
          "col": 3,
          "lit": "path"
        },
        "value": ""
      },
      {
        "key": {
          "type": 0,
          "file": 3,
          "line": 11,
          "col": 3,
          "lit": "if-no-files-found"
        },
        "value": {
          "type": 0,
          "file": 3,
          "line": 19,
          "col": 14,
          "lit": "warn"
        }
      },
      {
        "key": {
          "type": 0,
          "file": 3,
          "line": 20,
          "col": 3,
          "lit": "retention-days"
        },
        "value": ""
      },
      {
        "key": {
          "type": 0,
          "file": 3,
          "line": 26,
          "col": 3,
          "lit": "compression-level"
        },
        "value": {
          "type": 0,
          "file": 3,
          "line": 36,
          "col": 14,
          "lit": "6"
        }
      },
      {
        "key": {
          "type": 0,
          "file": 3,
          "line": 37,
          "col": 3,
          "lit": "overwrite"
        },
        "value": {
          "type": 0,
          "file": 3,
          "line": 42,
          "col": 14,
          "lit": "false"
        }
      },
      {
        "key": {
          "type": 0,
          "file": 3,
          "line": 43,
          "col": 3,
          "lit": "include-hidden-files"
        },
        "value": {
          "type": 0,
          "file": 3,
          "line": 47,
          "col": 14,
          "lit": "false"
        }
      }
    ]
  },
  "execution": {
    "executionType": "nodeJS",
    "hasPre": false,
    "hasPost": false,
    "script": "dist/upload/index.js",
    "pre": null,
    "post": null,
    "nodeVersion": "node20",
    "cleanupCondition": "always()",
    "initCondition": "always()"
  },
  "deprecated": null
}
[2025-03-18 11:21:43Z INFO ActionManager] Action node.js file: dist/upload/index.js, no more preparation.
[2025-03-18 11:21:43Z INFO HostContext] Well known directory 'Bin': '/home/jenny/tensorflow-mri/actions-runner/bin'
[2025-03-18 11:21:43Z INFO HostContext] Well known directory 'Root': '/home/jenny/tensorflow-mri/actions-runner'
[2025-03-18 11:21:43Z INFO HostContext] Well known directory 'Work': '/home/jenny/tensorflow-mri/actions-runner/_work'
[2025-03-18 11:21:43Z INFO HostContext] Well known directory 'Actions': '/home/jenny/tensorflow-mri/actions-runner/_work/_actions'
[2025-03-18 11:21:43Z INFO ActionManager] Load action that reference repository from '/home/jenny/tensorflow-mri/actions-runner/_work/_actions/actions/upload-artifact/v4'
[2025-03-18 11:21:43Z INFO HostContext] Well known directory 'Bin': '/home/jenny/tensorflow-mri/actions-runner/bin'
[2025-03-18 11:21:43Z INFO HostContext] Well known directory 'Root': '/home/jenny/tensorflow-mri/actions-runner'
[2025-03-18 11:21:43Z INFO HostContext] Well known directory 'Work': '/home/jenny/tensorflow-mri/actions-runner/_work'
[2025-03-18 11:21:43Z INFO HostContext] Well known directory 'Actions': '/home/jenny/tensorflow-mri/actions-runner/_work/_actions'
[2025-03-18 11:21:43Z INFO ActionManifestManager] Ignore action property author.
[2025-03-18 11:21:43Z INFO ActionManifestManager] Loaded action.yml file: {
  "name": "Upload a Build Artifact",
  "description": "Upload a build artifact that can be used by subsequent workflow steps",
  "inputs": {
    "type": 2,
    "map": [
      {
        "key": {
          "type": 0,
          "file": 3,
          "line": 5,
          "col": 3,
          "lit": "name"
        },
        "value": {
          "type": 0,
          "file": 3,
          "line": 7,
          "col": 14,
          "lit": "artifact"
        }
      },
      {
        "key": {
          "type": 0,
          "file": 3,
          "line": 8,
          "col": 3,
          "lit": "path"
        },
        "value": ""
      },
      {
        "key": {
          "type": 0,
          "file": 3,
          "line": 11,
          "col": 3,
          "lit": "if-no-files-found"
        },
        "value": {
          "type": 0,
          "file": 3,
          "line": 19,
          "col": 14,
          "lit": "warn"
        }
      },
      {
        "key": {
          "type": 0,
          "file": 3,
          "line": 20,
          "col": 3,
          "lit": "retention-days"
        },
        "value": ""
      },
      {
        "key": {
          "type": 0,
          "file": 3,
          "line": 26,
          "col": 3,
          "lit": "compression-level"
        },
        "value": {
          "type": 0,
          "file": 3,
          "line": 36,
          "col": 14,
          "lit": "6"
        }
      },
      {
        "key": {
          "type": 0,
          "file": 3,
          "line": 37,
          "col": 3,
          "lit": "overwrite"
        },
        "value": {
          "type": 0,
          "file": 3,
          "line": 42,
          "col": 14,
          "lit": "false"
        }
      },
      {
        "key": {
          "type": 0,
          "file": 3,
          "line": 43,
          "col": 3,
          "lit": "include-hidden-files"
        },
        "value": {
          "type": 0,
          "file": 3,
          "line": 47,
          "col": 14,
          "lit": "false"
        }
      }
    ]
  },
  "execution": {
    "executionType": "nodeJS",
    "hasPre": false,
    "hasPost": false,
    "script": "dist/upload/index.js",
    "pre": null,
    "post": null,
    "nodeVersion": "node20",
    "cleanupCondition": "always()",
    "initCondition": "always()"
  },
  "deprecated": null
}
[2025-03-18 11:21:43Z INFO ActionManager] Action pre node.js file: N/A.
[2025-03-18 11:21:43Z INFO ActionManager] Action node.js file: dist/upload/index.js.
[2025-03-18 11:21:43Z INFO ActionManager] Action post node.js file: N/A.
[2025-03-18 11:21:43Z INFO HostContext] Well known directory 'Bin': '/home/jenny/tensorflow-mri/actions-runner/bin'
[2025-03-18 11:21:43Z INFO HostContext] Well known directory 'Root': '/home/jenny/tensorflow-mri/actions-runner'
[2025-03-18 11:21:43Z INFO HostContext] Well known directory 'Work': '/home/jenny/tensorflow-mri/actions-runner/_work'
[2025-03-18 11:21:43Z INFO HostContext] Well known directory 'Actions': '/home/jenny/tensorflow-mri/actions-runner/_work/_actions'
[2025-03-18 11:21:43Z INFO HostContext] Well known directory 'Bin': '/home/jenny/tensorflow-mri/actions-runner/bin'
[2025-03-18 11:21:43Z INFO HostContext] Well known directory 'Root': '/home/jenny/tensorflow-mri/actions-runner'
[2025-03-18 11:21:43Z INFO HostContext] Well known directory 'Work': '/home/jenny/tensorflow-mri/actions-runner/_work'
[2025-03-18 11:21:43Z INFO HostContext] Well known directory 'Actions': '/home/jenny/tensorflow-mri/actions-runner/_work/_actions'
[2025-03-18 11:21:43Z INFO ActionManifestManager] Ignore action property branding.
[2025-03-18 11:21:43Z INFO ActionManifestManager] Loaded action.yml file: {
  "name": "pypi-publish",
  "description": "Upload Python distribution packages to PyPI",
  "inputs": {
    "type": 2,
    "map": [
      {
        "key": {
          "type": 0,
          "file": 4,
          "line": 5,
          "col": 3,
          "lit": "user"
        },
        "value": {
          "type": 0,
          "file": 4,
          "line": 8,
          "col": 14,
          "lit": "__token__"
        }
      },
      {
        "key": {
          "type": 0,
          "file": 4,
          "line": 9,
          "col": 3,
          "lit": "password"
        },
        "value": ""
      },
      {
        "key": {
          "type": 0,
          "file": 4,
          "line": 12,
          "col": 3,
          "lit": "repository-url"
        },
        "value": ""
      },
      {
        "key": {
          "type": 0,
          "file": 4,
          "line": 15,
          "col": 3,
          "lit": "repository_url"
        },
        "value": ""
      },
      {
        "key": {
          "type": 0,
          "file": 4,
          "line": 23,
          "col": 3,
          "lit": "packages-dir"
        },
        "value": ""
      },
      {
        "key": {
          "type": 0,
          "file": 4,
          "line": 27,
          "col": 3,
          "lit": "packages_dir"
        },
        "value": {
          "type": 0,
          "file": 4,
          "line": 35,
          "col": 14,
          "lit": "dist"
        }
      },
      {
        "key": {
          "type": 0,
          "file": 4,
          "line": 36,
          "col": 3,
          "lit": "verify-metadata"
        },
        "value": ""
      },
      {
        "key": {
          "type": 0,
          "file": 4,
          "line": 40,
          "col": 3,
          "lit": "verify_metadata"
        },
        "value": {
          "type": 0,
          "file": 4,
          "line": 48,
          "col": 14,
          "lit": "true"
        }
      },
      {
        "key": {
          "type": 0,
          "file": 4,
          "line": 49,
          "col": 3,
          "lit": "skip-existing"
        },
        "value": ""
      },
      {
        "key": {
          "type": 0,
          "file": 4,
          "line": 55,
          "col": 3,
          "lit": "skip_existing"
        },
        "value": {
          "type": 0,
          "file": 4,
          "line": 64,
          "col": 14,
          "lit": "false"
        }
      },
      {
        "key": {
          "type": 0,
          "file": 4,
          "line": 65,
          "col": 3,
          "lit": "verbose"
        },
        "value": {
          "type": 0,
          "file": 4,
          "line": 68,
          "col": 14,
          "lit": "false"
        }
      },
      {
        "key": {
          "type": 0,
          "file": 4,
          "line": 69,
          "col": 3,
          "lit": "print-hash"
        },
        "value": ""
      },
      {
        "key": {
          "type": 0,
          "file": 4,
          "line": 73,
          "col": 3,
          "lit": "print_hash"
        },
        "value": {
          "type": 0,
          "file": 4,
          "line": 81,
          "col": 14,
          "lit": "false"
        }
      }
    ]
  },
  "execution": {
    "executionType": "container",
    "hasPre": false,
    "hasPost": false,
    "image": "Dockerfile",
    "entryPoint": null,
    "arguments": {
      "type": 1,
      "file": 4,
      "line": 89,
      "col": 3,
      "seq": [
        {
          "type": 3,
          "file": 4,
          "line": 89,
          "col": 5,
          "expr": "inputs.user"
        },
        {
          "type": 3,
          "file": 4,
          "line": 90,
          "col": 5,
          "expr": "inputs.password"
        },
        {
          "type": 3,
          "file": 4,
          "line": 91,
          "col": 5,
          "expr": "inputs.repository-url"
        },
        {
          "type": 3,
          "file": 4,
          "line": 92,
          "col": 5,
          "expr": "inputs.packages-dir"
        },
        {
          "type": 3,
          "file": 4,
          "line": 93,
          "col": 5,
          "expr": "inputs.verify-metadata"
        },
        {
          "type": 3,
          "file": 4,
          "line": 94,
          "col": 5,
          "expr": "inputs.skip-existing"
        },
        {
          "type": 3,
          "file": 4,
          "line": 95,
          "col": 5,
          "expr": "inputs.verbose"
        },
        {
          "type": 3,
          "file": 4,
          "line": 96,
          "col": 5,
          "expr": "inputs.print-hash"
        }
      ]
    },
    "environment": null,
    "pre": null,
    "post": null,
    "cleanupCondition": "always()",
    "initCondition": "always()"
  },
  "deprecated": {
    "repository_url": "The inputs have been normalized to use kebab-case. Use `repository-url` instead.",
    "packages_dir": "The inputs have been normalized to use kebab-case. Use `packages-dir` instead.",
    "verify_metadata": "The inputs have been normalized to use kebab-case. Use `verify-metadata` instead.",
    "skip_existing": "The inputs have been normalized to use kebab-case. Use `skip-existing` instead.",
    "print_hash": "The inputs have been normalized to use kebab-case. Use `print-hash` instead."
  }
}
[2025-03-18 11:21:43Z INFO ActionManager] Action __pypa_gh-action-pypi-publish (b4be9ea6-9ad9-4ee5-a8ad-cb8bc89693e6) from repository 'pypa/gh-action-pypi-publish@release/v1.7' needs to build image '/home/jenny/tensorflow-mri/actions-runner/_work/_actions/pypa/gh-action-pypi-publish/release/v1.7/Dockerfile'
[2025-03-18 11:21:43Z INFO HostContext] Well known directory 'Bin': '/home/jenny/tensorflow-mri/actions-runner/bin'
[2025-03-18 11:21:43Z INFO HostContext] Well known directory 'Root': '/home/jenny/tensorflow-mri/actions-runner'
[2025-03-18 11:21:43Z INFO HostContext] Well known directory 'Work': '/home/jenny/tensorflow-mri/actions-runner/_work'
[2025-03-18 11:21:43Z INFO HostContext] Well known directory 'Actions': '/home/jenny/tensorflow-mri/actions-runner/_work/_actions'
[2025-03-18 11:21:43Z INFO ActionManager] Load action that reference repository from '/home/jenny/tensorflow-mri/actions-runner/_work/_actions/pypa/gh-action-pypi-publish/release/v1.7'
[2025-03-18 11:21:43Z INFO HostContext] Well known directory 'Bin': '/home/jenny/tensorflow-mri/actions-runner/bin'
[2025-03-18 11:21:43Z INFO HostContext] Well known directory 'Root': '/home/jenny/tensorflow-mri/actions-runner'
[2025-03-18 11:21:43Z INFO HostContext] Well known directory 'Work': '/home/jenny/tensorflow-mri/actions-runner/_work'
[2025-03-18 11:21:43Z INFO HostContext] Well known directory 'Actions': '/home/jenny/tensorflow-mri/actions-runner/_work/_actions'
[2025-03-18 11:21:43Z INFO ActionManifestManager] Ignore action property branding.
[2025-03-18 11:21:43Z INFO ActionManifestManager] Loaded action.yml file: {
  "name": "pypi-publish",
  "description": "Upload Python distribution packages to PyPI",
  "inputs": {
    "type": 2,
    "map": [
      {
        "key": {
          "type": 0,
          "file": 4,
          "line": 5,
          "col": 3,
          "lit": "user"
        },
        "value": {
          "type": 0,
          "file": 4,
          "line": 8,
          "col": 14,
          "lit": "__token__"
        }
      },
      {
        "key": {
          "type": 0,
          "file": 4,
          "line": 9,
          "col": 3,
          "lit": "password"
        },
        "value": ""
      },
      {
        "key": {
          "type": 0,
          "file": 4,
          "line": 12,
          "col": 3,
          "lit": "repository-url"
        },
        "value": ""
      },
      {
        "key": {
          "type": 0,
          "file": 4,
          "line": 15,
          "col": 3,
          "lit": "repository_url"
        },
        "value": ""
      },
      {
        "key": {
          "type": 0,
          "file": 4,
          "line": 23,
          "col": 3,
          "lit": "packages-dir"
        },
        "value": ""
      },
      {
        "key": {
          "type": 0,
          "file": 4,
          "line": 27,
          "col": 3,
          "lit": "packages_dir"
        },
        "value": {
          "type": 0,
          "file": 4,
          "line": 35,
          "col": 14,
          "lit": "dist"
        }
      },
      {
        "key": {
          "type": 0,
          "file": 4,
          "line": 36,
          "col": 3,
          "lit": "verify-metadata"
        },
        "value": ""
      },
      {
        "key": {
          "type": 0,
          "file": 4,
          "line": 40,
          "col": 3,
          "lit": "verify_metadata"
        },
        "value": {
          "type": 0,
          "file": 4,
          "line": 48,
          "col": 14,
          "lit": "true"
        }
      },
      {
        "key": {
          "type": 0,
          "file": 4,
          "line": 49,
          "col": 3,
          "lit": "skip-existing"
        },
        "value": ""
      },
      {
        "key": {
          "type": 0,
          "file": 4,
          "line": 55,
          "col": 3,
          "lit": "skip_existing"
        },
        "value": {
          "type": 0,
          "file": 4,
          "line": 64,
          "col": 14,
          "lit": "false"
        }
      },
      {
        "key": {
          "type": 0,
          "file": 4,
          "line": 65,
          "col": 3,
          "lit": "verbose"
        },
        "value": {
          "type": 0,
          "file": 4,
          "line": 68,
          "col": 14,
          "lit": "false"
        }
      },
      {
        "key": {
          "type": 0,
          "file": 4,
          "line": 69,
          "col": 3,
          "lit": "print-hash"
        },
        "value": ""
      },
      {
        "key": {
          "type": 0,
          "file": 4,
          "line": 73,
          "col": 3,
          "lit": "print_hash"
        },
        "value": {
          "type": 0,
          "file": 4,
          "line": 81,
          "col": 14,
          "lit": "false"
        }
      }
    ]
  },
  "execution": {
    "executionType": "container",
    "hasPre": false,
    "hasPost": false,
    "image": "Dockerfile",
    "entryPoint": null,
    "arguments": {
      "type": 1,
      "file": 4,
      "line": 89,
      "col": 3,
      "seq": [
        {
          "type": 3,
          "file": 4,
          "line": 89,
          "col": 5,
          "expr": "inputs.user"
        },
        {
          "type": 3,
          "file": 4,
          "line": 90,
          "col": 5,
          "expr": "inputs.password"
        },
        {
          "type": 3,
          "file": 4,
          "line": 91,
          "col": 5,
          "expr": "inputs.repository-url"
        },
        {
          "type": 3,
          "file": 4,
          "line": 92,
          "col": 5,
          "expr": "inputs.packages-dir"
        },
        {
          "type": 3,
          "file": 4,
          "line": 93,
          "col": 5,
          "expr": "inputs.verify-metadata"
        },
        {
          "type": 3,
          "file": 4,
          "line": 94,
          "col": 5,
          "expr": "inputs.skip-existing"
        },
        {
          "type": 3,
          "file": 4,
          "line": 95,
          "col": 5,
          "expr": "inputs.verbose"
        },
        {
          "type": 3,
          "file": 4,
          "line": 96,
          "col": 5,
          "expr": "inputs.print-hash"
        }
      ]
    },
    "environment": null,
    "pre": null,
    "post": null,
    "cleanupCondition": "always()",
    "initCondition": "always()"
  },
  "deprecated": {
    "repository_url": "The inputs have been normalized to use kebab-case. Use `repository-url` instead.",
    "packages_dir": "The inputs have been normalized to use kebab-case. Use `packages-dir` instead.",
    "verify_metadata": "The inputs have been normalized to use kebab-case. Use `verify-metadata` instead.",
    "skip_existing": "The inputs have been normalized to use kebab-case. Use `skip-existing` instead.",
    "print_hash": "The inputs have been normalized to use kebab-case. Use `print-hash` instead."
  }
}
[2025-03-18 11:21:43Z INFO ActionManager] Action container Dockerfile/image: Dockerfile.
[2025-03-18 11:21:43Z INFO ActionManager] Action container args:  {
  "type": 1,
  "file": 4,
  "line": 89,
  "col": 3,
  "seq": [
    {
      "type": 3,
      "file": 4,
      "line": 89,
      "col": 5,
      "expr": "inputs.user"
    },
    {
      "type": 3,
      "file": 4,
      "line": 90,
      "col": 5,
      "expr": "inputs.password"
    },
    {
      "type": 3,
      "file": 4,
      "line": 91,
      "col": 5,
      "expr": "inputs.repository-url"
    },
    {
      "type": 3,
      "file": 4,
      "line": 92,
      "col": 5,
      "expr": "inputs.packages-dir"
    },
    {
      "type": 3,
      "file": 4,
      "line": 93,
      "col": 5,
      "expr": "inputs.verify-metadata"
    },
    {
      "type": 3,
      "file": 4,
      "line": 94,
      "col": 5,
      "expr": "inputs.skip-existing"
    },
    {
      "type": 3,
      "file": 4,
      "line": 95,
      "col": 5,
      "expr": "inputs.verbose"
    },
    {
      "type": 3,
      "file": 4,
      "line": 96,
      "col": 5,
      "expr": "inputs.print-hash"
    }
  ]
}.
[2025-03-18 11:21:43Z INFO ActionManager] 1 steps need to build image from '/home/jenny/tensorflow-mri/actions-runner/_work/_actions/pypa/gh-action-pypi-publish/release/v1.7/Dockerfile'
[2025-03-18 11:21:43Z INFO DockerCommandManager] Which2: 'docker'
[2025-03-18 11:21:43Z INFO DockerCommandManager] Location: '/usr/bin/docker'
[2025-03-18 11:21:43Z INFO HostContext] Well known directory 'Bin': '/home/jenny/tensorflow-mri/actions-runner/bin'
[2025-03-18 11:21:43Z INFO HostContext] Well known directory 'Root': '/home/jenny/tensorflow-mri/actions-runner'
[2025-03-18 11:21:43Z INFO JobExtension] Adding .
[2025-03-18 11:21:43Z INFO JobExtension] Adding .
[2025-03-18 11:21:43Z INFO JobExtension] Adding .
[2025-03-18 11:21:43Z INFO JobExtension] Adding .
[2025-03-18 11:21:43Z INFO JobExtension] Adding .
[2025-03-18 11:21:43Z INFO JobExtension] Adding .
[2025-03-18 11:21:43Z INFO JobExtension] Adding .
[2025-03-18 11:21:43Z INFO JobExtension] Adding .
[2025-03-18 11:21:43Z INFO JobExtension] Adding .
[2025-03-18 11:21:43Z INFO JobExtension] Adding .
[2025-03-18 11:21:43Z INFO JobExtension] Adding .
[2025-03-18 11:21:43Z INFO JobExtension] Adding .
[2025-03-18 11:21:43Z INFO HostContext] Well known directory 'Bin': '/home/jenny/tensorflow-mri/actions-runner/bin'
[2025-03-18 11:21:43Z INFO HostContext] Well known directory 'Root': '/home/jenny/tensorflow-mri/actions-runner'
[2025-03-18 11:21:43Z INFO HostContext] Well known directory 'Diag': '/home/jenny/tensorflow-mri/actions-runner/_diag'
[2025-03-18 11:21:43Z INFO HostContext] Well known directory 'Bin': '/home/jenny/tensorflow-mri/actions-runner/bin'
[2025-03-18 11:21:43Z INFO HostContext] Well known directory 'Root': '/home/jenny/tensorflow-mri/actions-runner'
[2025-03-18 11:21:43Z INFO HostContext] Well known directory 'Diag': '/home/jenny/tensorflow-mri/actions-runner/_diag'
[2025-03-18 11:21:43Z INFO HostContext] Well known directory 'Bin': '/home/jenny/tensorflow-mri/actions-runner/bin'
[2025-03-18 11:21:43Z INFO HostContext] Well known directory 'Root': '/home/jenny/tensorflow-mri/actions-runner'
[2025-03-18 11:21:43Z INFO HostContext] Well known directory 'Diag': '/home/jenny/tensorflow-mri/actions-runner/_diag'
[2025-03-18 11:21:43Z INFO HostContext] Well known directory 'Bin': '/home/jenny/tensorflow-mri/actions-runner/bin'
[2025-03-18 11:21:43Z INFO HostContext] Well known directory 'Root': '/home/jenny/tensorflow-mri/actions-runner'
[2025-03-18 11:21:43Z INFO HostContext] Well known directory 'Diag': '/home/jenny/tensorflow-mri/actions-runner/_diag'
[2025-03-18 11:21:43Z INFO HostContext] Well known directory 'Bin': '/home/jenny/tensorflow-mri/actions-runner/bin'
[2025-03-18 11:21:43Z INFO HostContext] Well known directory 'Root': '/home/jenny/tensorflow-mri/actions-runner'
[2025-03-18 11:21:43Z INFO HostContext] Well known directory 'Diag': '/home/jenny/tensorflow-mri/actions-runner/_diag'
[2025-03-18 11:21:43Z INFO HostContext] Well known directory 'Bin': '/home/jenny/tensorflow-mri/actions-runner/bin'
[2025-03-18 11:21:43Z INFO HostContext] Well known directory 'Root': '/home/jenny/tensorflow-mri/actions-runner'
[2025-03-18 11:21:43Z INFO HostContext] Well known directory 'Diag': '/home/jenny/tensorflow-mri/actions-runner/_diag'
[2025-03-18 11:21:43Z INFO HostContext] Well known directory 'Bin': '/home/jenny/tensorflow-mri/actions-runner/bin'
[2025-03-18 11:21:43Z INFO HostContext] Well known directory 'Root': '/home/jenny/tensorflow-mri/actions-runner'
[2025-03-18 11:21:43Z INFO HostContext] Well known directory 'Diag': '/home/jenny/tensorflow-mri/actions-runner/_diag'
[2025-03-18 11:21:43Z INFO HostContext] Well known directory 'Bin': '/home/jenny/tensorflow-mri/actions-runner/bin'
[2025-03-18 11:21:43Z INFO HostContext] Well known directory 'Root': '/home/jenny/tensorflow-mri/actions-runner'
[2025-03-18 11:21:43Z INFO HostContext] Well known directory 'Diag': '/home/jenny/tensorflow-mri/actions-runner/_diag'
[2025-03-18 11:21:43Z INFO HostContext] Well known directory 'Bin': '/home/jenny/tensorflow-mri/actions-runner/bin'
[2025-03-18 11:21:43Z INFO HostContext] Well known directory 'Root': '/home/jenny/tensorflow-mri/actions-runner'
[2025-03-18 11:21:43Z INFO HostContext] Well known directory 'Diag': '/home/jenny/tensorflow-mri/actions-runner/_diag'
[2025-03-18 11:21:43Z INFO HostContext] Well known directory 'Bin': '/home/jenny/tensorflow-mri/actions-runner/bin'
[2025-03-18 11:21:43Z INFO HostContext] Well known directory 'Root': '/home/jenny/tensorflow-mri/actions-runner'
[2025-03-18 11:21:43Z INFO HostContext] Well known directory 'Diag': '/home/jenny/tensorflow-mri/actions-runner/_diag'
[2025-03-18 11:21:43Z INFO HostContext] Well known directory 'Bin': '/home/jenny/tensorflow-mri/actions-runner/bin'
[2025-03-18 11:21:43Z INFO HostContext] Well known directory 'Root': '/home/jenny/tensorflow-mri/actions-runner'
[2025-03-18 11:21:43Z INFO HostContext] Well known directory 'Diag': '/home/jenny/tensorflow-mri/actions-runner/_diag'
[2025-03-18 11:21:43Z INFO HostContext] Well known directory 'Bin': '/home/jenny/tensorflow-mri/actions-runner/bin'
[2025-03-18 11:21:43Z INFO HostContext] Well known directory 'Root': '/home/jenny/tensorflow-mri/actions-runner'
[2025-03-18 11:21:43Z INFO HostContext] Well known directory 'Diag': '/home/jenny/tensorflow-mri/actions-runner/_diag'
[2025-03-18 11:21:43Z INFO HostContext] Well known directory 'Bin': '/home/jenny/tensorflow-mri/actions-runner/bin'
[2025-03-18 11:21:43Z INFO HostContext] Well known directory 'Root': '/home/jenny/tensorflow-mri/actions-runner'
[2025-03-18 11:21:43Z INFO HostContext] Well known directory 'Diag': '/home/jenny/tensorflow-mri/actions-runner/_diag'
[2025-03-18 11:21:43Z INFO HostContext] Well known directory 'Bin': '/home/jenny/tensorflow-mri/actions-runner/bin'
[2025-03-18 11:21:43Z INFO HostContext] Well known directory 'Root': '/home/jenny/tensorflow-mri/actions-runner'
[2025-03-18 11:21:43Z INFO HostContext] Well known directory 'Diag': '/home/jenny/tensorflow-mri/actions-runner/_diag'
[2025-03-18 11:21:43Z INFO HostContext] Well known directory 'Bin': '/home/jenny/tensorflow-mri/actions-runner/bin'
[2025-03-18 11:21:43Z INFO HostContext] Well known directory 'Root': '/home/jenny/tensorflow-mri/actions-runner'
[2025-03-18 11:21:43Z INFO HostContext] Well known directory 'Diag': '/home/jenny/tensorflow-mri/actions-runner/_diag'
[2025-03-18 11:21:43Z INFO HostContext] Well known directory 'Bin': '/home/jenny/tensorflow-mri/actions-runner/bin'
[2025-03-18 11:21:43Z INFO HostContext] Well known directory 'Root': '/home/jenny/tensorflow-mri/actions-runner'
[2025-03-18 11:21:43Z INFO HostContext] Well known directory 'Diag': '/home/jenny/tensorflow-mri/actions-runner/_diag'
[2025-03-18 11:21:43Z INFO HostContext] Well known directory 'Bin': '/home/jenny/tensorflow-mri/actions-runner/bin'
[2025-03-18 11:21:43Z INFO HostContext] Well known directory 'Root': '/home/jenny/tensorflow-mri/actions-runner'
[2025-03-18 11:21:43Z INFO HostContext] Well known directory 'Diag': '/home/jenny/tensorflow-mri/actions-runner/_diag'
[2025-03-18 11:21:43Z INFO HostContext] Well known directory 'Bin': '/home/jenny/tensorflow-mri/actions-runner/bin'
[2025-03-18 11:21:43Z INFO HostContext] Well known directory 'Root': '/home/jenny/tensorflow-mri/actions-runner'
[2025-03-18 11:21:43Z INFO HostContext] Well known directory 'Diag': '/home/jenny/tensorflow-mri/actions-runner/_diag'
[2025-03-18 11:21:43Z INFO HostContext] Well known directory 'Bin': '/home/jenny/tensorflow-mri/actions-runner/bin'
[2025-03-18 11:21:43Z INFO HostContext] Well known directory 'Root': '/home/jenny/tensorflow-mri/actions-runner'
[2025-03-18 11:21:43Z INFO HostContext] Well known directory 'Diag': '/home/jenny/tensorflow-mri/actions-runner/_diag'
[2025-03-18 11:21:43Z INFO HostContext] Well known directory 'Bin': '/home/jenny/tensorflow-mri/actions-runner/bin'
[2025-03-18 11:21:43Z INFO HostContext] Well known directory 'Root': '/home/jenny/tensorflow-mri/actions-runner'
[2025-03-18 11:21:43Z INFO HostContext] Well known directory 'Diag': '/home/jenny/tensorflow-mri/actions-runner/_diag'
[2025-03-18 11:21:43Z INFO HostContext] Well known directory 'Bin': '/home/jenny/tensorflow-mri/actions-runner/bin'
[2025-03-18 11:21:43Z INFO HostContext] Well known directory 'Root': '/home/jenny/tensorflow-mri/actions-runner'
[2025-03-18 11:21:43Z INFO HostContext] Well known directory 'Diag': '/home/jenny/tensorflow-mri/actions-runner/_diag'
[2025-03-18 11:21:43Z INFO HostContext] Well known directory 'Bin': '/home/jenny/tensorflow-mri/actions-runner/bin'
[2025-03-18 11:21:43Z INFO HostContext] Well known directory 'Root': '/home/jenny/tensorflow-mri/actions-runner'
[2025-03-18 11:21:43Z INFO HostContext] Well known directory 'Diag': '/home/jenny/tensorflow-mri/actions-runner/_diag'
[2025-03-18 11:21:43Z INFO HostContext] Well known directory 'Bin': '/home/jenny/tensorflow-mri/actions-runner/bin'
[2025-03-18 11:21:43Z INFO HostContext] Well known directory 'Root': '/home/jenny/tensorflow-mri/actions-runner'
[2025-03-18 11:21:43Z INFO HostContext] Well known directory 'Diag': '/home/jenny/tensorflow-mri/actions-runner/_diag'
[2025-03-18 11:21:43Z INFO HostContext] Well known directory 'Bin': '/home/jenny/tensorflow-mri/actions-runner/bin'
[2025-03-18 11:21:43Z INFO HostContext] Well known directory 'Root': '/home/jenny/tensorflow-mri/actions-runner'
[2025-03-18 11:21:43Z INFO HostContext] Well known directory 'Diag': '/home/jenny/tensorflow-mri/actions-runner/_diag'
[2025-03-18 11:21:43Z INFO HostContext] Well known directory 'Bin': '/home/jenny/tensorflow-mri/actions-runner/bin'
[2025-03-18 11:21:43Z INFO HostContext] Well known directory 'Root': '/home/jenny/tensorflow-mri/actions-runner'
[2025-03-18 11:21:43Z INFO HostContext] Well known directory 'Diag': '/home/jenny/tensorflow-mri/actions-runner/_diag'
[2025-03-18 11:21:43Z INFO HostContext] Well known directory 'Bin': '/home/jenny/tensorflow-mri/actions-runner/bin'
[2025-03-18 11:21:43Z INFO HostContext] Well known directory 'Root': '/home/jenny/tensorflow-mri/actions-runner'
[2025-03-18 11:21:43Z INFO HostContext] Well known directory 'Diag': '/home/jenny/tensorflow-mri/actions-runner/_diag'
[2025-03-18 11:21:43Z INFO HostContext] Well known directory 'Bin': '/home/jenny/tensorflow-mri/actions-runner/bin'
[2025-03-18 11:21:43Z INFO HostContext] Well known directory 'Root': '/home/jenny/tensorflow-mri/actions-runner'
[2025-03-18 11:21:43Z INFO HostContext] Well known directory 'Diag': '/home/jenny/tensorflow-mri/actions-runner/_diag'
[2025-03-18 11:21:43Z INFO HostContext] Well known directory 'Bin': '/home/jenny/tensorflow-mri/actions-runner/bin'
[2025-03-18 11:21:43Z INFO HostContext] Well known directory 'Root': '/home/jenny/tensorflow-mri/actions-runner'
[2025-03-18 11:21:43Z INFO HostContext] Well known directory 'Diag': '/home/jenny/tensorflow-mri/actions-runner/_diag'
[2025-03-18 11:21:43Z INFO JobServerQueue] Try to append 1 batches web console lines for record '1327b0e4-994c-4b90-bc55-3f4af088ba95', success rate: 1/1.
[2025-03-18 11:21:43Z INFO JobExtension] Total accessible running process: 956.
[2025-03-18 11:21:43Z INFO HostContext] Well known directory 'Bin': '/home/jenny/tensorflow-mri/actions-runner/bin'
[2025-03-18 11:21:43Z INFO HostContext] Well known directory 'Root': '/home/jenny/tensorflow-mri/actions-runner'
[2025-03-18 11:21:43Z INFO HostContext] Well known directory 'Work': '/home/jenny/tensorflow-mri/actions-runner/_work'
[2025-03-18 11:21:43Z INFO JobExtension] Start checking service connectivity in background.
[2025-03-18 11:21:43Z INFO ExecutionContext] Publish step telemetry for current step {
  "action": "setup_job",
  "type": "runner",
  "stage": "Pre",
  "stepId": "1327b0e4-994c-4b90-bc55-3f4af088ba95",
  "result": "succeeded",
  "errorMessages": [],
  "executionTimeInSeconds": 3,
  "startTime": "2025-03-18T11:21:41.4919317Z",
  "finishTime": "2025-03-18T11:21:43.5880657Z"
}.
[2025-03-18 11:21:43Z INFO JobRunner] Total job steps: 14.
[2025-03-18 11:21:43Z INFO JobRunner] Run all job steps.
[2025-03-18 11:21:43Z INFO StepsRunner] Processing step: DisplayName='Build pypa/gh-action-pypi-publish@release/v1.7'
[2025-03-18 11:21:43Z INFO StepsRunner] Evaluating: success()
[2025-03-18 11:21:43Z INFO StepsRunner] Result: true
[2025-03-18 11:21:43Z INFO StepsRunner] Starting the step.
[2025-03-18 11:21:43Z INFO ProcessInvokerWrapper] Starting process:
[2025-03-18 11:21:43Z INFO ProcessInvokerWrapper]   File name: '/usr/bin/docker'
[2025-03-18 11:21:43Z INFO ProcessInvokerWrapper]   Arguments: 'build -t b6156e:fd7f3507028742ba8584d301d40d6a98 -f "/home/jenny/tensorflow-mri/actions-runner/_work/_actions/pypa/gh-action-pypi-publish/release/v1.7/Dockerfile" "/home/jenny/tensorflow-mri/actions-runner/_work/_actions/pypa/gh-action-pypi-publish/release/v1.7"'
[2025-03-18 11:21:43Z INFO ProcessInvokerWrapper]   Working directory: '/home/jenny/tensorflow-mri/actions-runner/_work/_actions/pypa/gh-action-pypi-publish/release/v1.7'
[2025-03-18 11:21:43Z INFO ProcessInvokerWrapper]   Require exit code zero: 'False'
[2025-03-18 11:21:43Z INFO ProcessInvokerWrapper]   Encoding web name:  ; code page: ''
[2025-03-18 11:21:43Z INFO ProcessInvokerWrapper]   Force kill process on cancellation: 'False'
[2025-03-18 11:21:43Z INFO ProcessInvokerWrapper]   Redirected STDIN: 'False'
[2025-03-18 11:21:43Z INFO ProcessInvokerWrapper]   Persist current code page: 'False'
[2025-03-18 11:21:43Z INFO ProcessInvokerWrapper]   Keep redirected STDIN open: 'False'
[2025-03-18 11:21:43Z INFO ProcessInvokerWrapper]   High priority process: 'False'
[2025-03-18 11:21:43Z INFO ProcessInvokerWrapper] Updated oom_score_adj to 500 for PID: 839950.
[2025-03-18 11:21:43Z INFO ProcessInvokerWrapper] Process started with process id 839950, waiting for process exit.
[2025-03-18 11:21:43Z INFO JobServerQueue] Try to append 1 batches web console lines for record '56ad67cc-810c-44ae-a1f8-c5cc9c29cd3b', success rate: 1/1.
[2025-03-18 11:21:44Z INFO JobServerQueue] Try to append 1 batches web console lines for record '56ad67cc-810c-44ae-a1f8-c5cc9c29cd3b', success rate: 1/1.
[2025-03-18 11:21:44Z INFO JobServerQueue] Try to upload 1 log files or attachments, success rate: 1/1.
[2025-03-18 11:21:44Z INFO JobServerQueue] Got a step log file to send to results service.
[2025-03-18 11:21:44Z INFO JobServerQueue] Starting upload of step log file to results service ResultsLog, /home/jenny/tensorflow-mri/actions-runner/_diag/blocks/c20b5653-0f9a-454e-bac6-4ff740629ab9_1327b0e4-994c-4b90-bc55-3f4af088ba95.1
[2025-03-18 11:21:45Z INFO JobServerQueue] Try to append 1 batches web console lines for record '56ad67cc-810c-44ae-a1f8-c5cc9c29cd3b', success rate: 1/1.
[2025-03-18 11:21:45Z INFO JobServerQueue] Tried to upload 1 file(s) to results, success rate: 1/1.
[2025-03-18 11:21:45Z INFO JobServerQueue] Try to append 1 batches web console lines for record '56ad67cc-810c-44ae-a1f8-c5cc9c29cd3b', success rate: 1/1.
[2025-03-18 11:21:45Z INFO JobServerQueue] Try to append 1 batches web console lines for record '56ad67cc-810c-44ae-a1f8-c5cc9c29cd3b', success rate: 1/1.
[2025-03-18 11:21:45Z INFO JobServerQueue] Try to append 1 batches web console lines for record '56ad67cc-810c-44ae-a1f8-c5cc9c29cd3b', success rate: 1/1.
[2025-03-18 11:21:46Z INFO JobServerQueue] Try to append 1 batches web console lines for record '56ad67cc-810c-44ae-a1f8-c5cc9c29cd3b', success rate: 1/1.
[2025-03-18 11:21:46Z INFO JobServerQueue] Try to append 1 batches web console lines for record '56ad67cc-810c-44ae-a1f8-c5cc9c29cd3b', success rate: 1/1.
[2025-03-18 11:21:46Z INFO JobServerQueue] Try to append 1 batches web console lines for record '56ad67cc-810c-44ae-a1f8-c5cc9c29cd3b', success rate: 1/1.
[2025-03-18 11:21:46Z INFO JobServerQueue] Try to append 1 batches web console lines for record '56ad67cc-810c-44ae-a1f8-c5cc9c29cd3b', success rate: 1/1.
[2025-03-18 11:21:47Z INFO JobServerQueue] Try to append 1 batches web console lines for record '56ad67cc-810c-44ae-a1f8-c5cc9c29cd3b', success rate: 1/1.
[2025-03-18 11:21:47Z INFO JobServerQueue] Try to append 1 batches web console lines for record '56ad67cc-810c-44ae-a1f8-c5cc9c29cd3b', success rate: 1/1.
[2025-03-18 11:21:47Z INFO JobServerQueue] Try to append 1 batches web console lines for record '56ad67cc-810c-44ae-a1f8-c5cc9c29cd3b', success rate: 1/1.
[2025-03-18 11:21:47Z INFO JobServerQueue] Try to append 1 batches web console lines for record '56ad67cc-810c-44ae-a1f8-c5cc9c29cd3b', success rate: 1/1.
[2025-03-18 11:21:48Z INFO JobServerQueue] Try to append 1 batches web console lines for record '56ad67cc-810c-44ae-a1f8-c5cc9c29cd3b', success rate: 1/1.
[2025-03-18 11:21:48Z INFO JobServerQueue] Try to append 1 batches web console lines for record '56ad67cc-810c-44ae-a1f8-c5cc9c29cd3b', success rate: 1/1.
[2025-03-18 11:21:48Z INFO JobServerQueue] Try to append 1 batches web console lines for record '56ad67cc-810c-44ae-a1f8-c5cc9c29cd3b', success rate: 1/1.
[2025-03-18 11:21:48Z INFO JobServerQueue] Try to append 1 batches web console lines for record '56ad67cc-810c-44ae-a1f8-c5cc9c29cd3b', success rate: 1/1.
[2025-03-18 11:21:49Z INFO JobServerQueue] Try to append 1 batches web console lines for record '56ad67cc-810c-44ae-a1f8-c5cc9c29cd3b', success rate: 1/1.
[2025-03-18 11:21:49Z INFO JobServerQueue] Try to append 1 batches web console lines for record '56ad67cc-810c-44ae-a1f8-c5cc9c29cd3b', success rate: 1/1.
[2025-03-18 11:21:49Z INFO JobServerQueue] Try to append 1 batches web console lines for record '56ad67cc-810c-44ae-a1f8-c5cc9c29cd3b', success rate: 1/1.
[2025-03-18 11:21:50Z INFO JobServerQueue] Try to append 1 batches web console lines for record '56ad67cc-810c-44ae-a1f8-c5cc9c29cd3b', success rate: 1/1.
[2025-03-18 11:21:50Z INFO JobServerQueue] Try to append 1 batches web console lines for record '56ad67cc-810c-44ae-a1f8-c5cc9c29cd3b', success rate: 1/1.
[2025-03-18 11:21:50Z INFO JobServerQueue] Try to append 1 batches web console lines for record '56ad67cc-810c-44ae-a1f8-c5cc9c29cd3b', success rate: 1/1.
[2025-03-18 11:21:50Z INFO JobServerQueue] Try to append 1 batches web console lines for record '56ad67cc-810c-44ae-a1f8-c5cc9c29cd3b', success rate: 1/1.
[2025-03-18 11:21:53Z INFO HostContext] Well known directory 'Bin': '/home/jenny/tensorflow-mri/actions-runner/bin'
[2025-03-18 11:21:53Z INFO HostContext] Well known directory 'Root': '/home/jenny/tensorflow-mri/actions-runner'
[2025-03-18 11:21:53Z INFO HostContext] Well known directory 'Work': '/home/jenny/tensorflow-mri/actions-runner/_work'
[2025-03-18 11:21:57Z INFO JobServerQueue] Try to append 1 batches web console lines for record '56ad67cc-810c-44ae-a1f8-c5cc9c29cd3b', success rate: 1/1.
[2025-03-18 11:22:02Z INFO JobServerQueue] Try to append 1 batches web console lines for record '56ad67cc-810c-44ae-a1f8-c5cc9c29cd3b', success rate: 1/1.
[2025-03-18 11:22:02Z INFO JobServerQueue] Try to append 1 batches web console lines for record '56ad67cc-810c-44ae-a1f8-c5cc9c29cd3b', success rate: 1/1.
[2025-03-18 11:22:03Z INFO JobServerQueue] Try to append 1 batches web console lines for record '56ad67cc-810c-44ae-a1f8-c5cc9c29cd3b', success rate: 1/1.
[2025-03-18 11:22:03Z INFO HostContext] Well known directory 'Bin': '/home/jenny/tensorflow-mri/actions-runner/bin'
[2025-03-18 11:22:03Z INFO HostContext] Well known directory 'Root': '/home/jenny/tensorflow-mri/actions-runner'
[2025-03-18 11:22:03Z INFO HostContext] Well known directory 'Work': '/home/jenny/tensorflow-mri/actions-runner/_work'
[2025-03-18 11:22:08Z INFO JobServerQueue] Try to append 1 batches web console lines for record '56ad67cc-810c-44ae-a1f8-c5cc9c29cd3b', success rate: 1/1.
[2025-03-18 11:22:13Z INFO HostContext] Well known directory 'Bin': '/home/jenny/tensorflow-mri/actions-runner/bin'
[2025-03-18 11:22:13Z INFO HostContext] Well known directory 'Root': '/home/jenny/tensorflow-mri/actions-runner'
[2025-03-18 11:22:13Z INFO HostContext] Well known directory 'Work': '/home/jenny/tensorflow-mri/actions-runner/_work'
[2025-03-18 11:22:14Z INFO JobServerQueue] Try to append 1 batches web console lines for record '56ad67cc-810c-44ae-a1f8-c5cc9c29cd3b', success rate: 1/1.
[2025-03-18 11:22:19Z INFO JobServerQueue] Try to append 1 batches web console lines for record '56ad67cc-810c-44ae-a1f8-c5cc9c29cd3b', success rate: 1/1.
[2025-03-18 11:22:19Z INFO JobServerQueue] Try to append 1 batches web console lines for record '56ad67cc-810c-44ae-a1f8-c5cc9c29cd3b', success rate: 1/1.
[2025-03-18 11:22:19Z INFO JobServerQueue] Try to append 1 batches web console lines for record '56ad67cc-810c-44ae-a1f8-c5cc9c29cd3b', success rate: 1/1.
[2025-03-18 11:22:19Z INFO JobServerQueue] Try to append 1 batches web console lines for record '56ad67cc-810c-44ae-a1f8-c5cc9c29cd3b', success rate: 1/1.
[2025-03-18 11:22:20Z INFO JobServerQueue] Try to append 1 batches web console lines for record '56ad67cc-810c-44ae-a1f8-c5cc9c29cd3b', success rate: 1/1.
[2025-03-18 11:22:20Z INFO JobServerQueue] Try to append 1 batches web console lines for record '56ad67cc-810c-44ae-a1f8-c5cc9c29cd3b', success rate: 1/1.
[2025-03-18 11:22:20Z INFO JobServerQueue] Try to append 1 batches web console lines for record '56ad67cc-810c-44ae-a1f8-c5cc9c29cd3b', success rate: 1/1.
[2025-03-18 11:22:20Z INFO JobServerQueue] Try to append 1 batches web console lines for record '56ad67cc-810c-44ae-a1f8-c5cc9c29cd3b', success rate: 1/1.
[2025-03-18 11:22:21Z INFO JobServerQueue] Try to append 1 batches web console lines for record '56ad67cc-810c-44ae-a1f8-c5cc9c29cd3b', success rate: 1/1.
[2025-03-18 11:22:21Z INFO JobServerQueue] Try to append 1 batches web console lines for record '56ad67cc-810c-44ae-a1f8-c5cc9c29cd3b', success rate: 1/1.
[2025-03-18 11:22:23Z INFO JobServerQueue] Try to append 1 batches web console lines for record '56ad67cc-810c-44ae-a1f8-c5cc9c29cd3b', success rate: 1/1.
[2025-03-18 11:22:23Z INFO JobServerQueue] Try to append 1 batches web console lines for record '56ad67cc-810c-44ae-a1f8-c5cc9c29cd3b', success rate: 1/1.
[2025-03-18 11:22:23Z INFO HostContext] Well known directory 'Bin': '/home/jenny/tensorflow-mri/actions-runner/bin'
[2025-03-18 11:22:23Z INFO HostContext] Well known directory 'Root': '/home/jenny/tensorflow-mri/actions-runner'
[2025-03-18 11:22:23Z INFO HostContext] Well known directory 'Work': '/home/jenny/tensorflow-mri/actions-runner/_work'
[2025-03-18 11:22:28Z INFO JobServerQueue] Try to append 1 batches web console lines for record '56ad67cc-810c-44ae-a1f8-c5cc9c29cd3b', success rate: 1/1.
[2025-03-18 11:22:28Z INFO JobServerQueue] Try to append 1 batches web console lines for record '56ad67cc-810c-44ae-a1f8-c5cc9c29cd3b', success rate: 1/1.
[2025-03-18 11:22:28Z INFO JobServerQueue] Try to append 1 batches web console lines for record '56ad67cc-810c-44ae-a1f8-c5cc9c29cd3b', success rate: 1/1.
[2025-03-18 11:22:28Z INFO JobServerQueue] Try to append 1 batches web console lines for record '56ad67cc-810c-44ae-a1f8-c5cc9c29cd3b', success rate: 1/1.
[2025-03-18 11:22:29Z INFO JobServerQueue] Try to append 1 batches web console lines for record '56ad67cc-810c-44ae-a1f8-c5cc9c29cd3b', success rate: 1/1.
[2025-03-18 11:22:29Z INFO ProcessInvokerWrapper] STDOUT/STDERR stream read finished.
[2025-03-18 11:22:29Z INFO ProcessInvokerWrapper] STDOUT/STDERR stream read finished.
[2025-03-18 11:22:29Z INFO ProcessInvokerWrapper] Finished process 839950 with exit code 0, and elapsed time 00:00:45.6391440.
[2025-03-18 11:22:29Z INFO ActionManager] Prepared docker image 'b6156e:fd7f3507028742ba8584d301d40d6a98' for action b4be9ea6-9ad9-4ee5-a8ad-cb8bc89693e6 (/home/jenny/tensorflow-mri/actions-runner/_work/_actions/pypa/gh-action-pypi-publish/release/v1.7/Dockerfile)
[2025-03-18 11:22:29Z INFO StepsRunner] Step result: 
[2025-03-18 11:22:29Z INFO ExecutionContext] Publish step telemetry for current step {
  "action": "build_pypa/gh-action-pypi-publish@release/v1.7",
  "type": "runner",
  "stage": "Pre",
  "stepId": "56ad67cc-810c-44ae-a1f8-c5cc9c29cd3b",
  "stepContextName": "56ad67cc810c44aea1f8c5cc9c29cd3b",
  "result": "succeeded",
  "errorMessages": [],
  "executionTimeInSeconds": 46,
  "startTime": "2025-03-18T11:21:43.6018731Z",
  "finishTime": "2025-03-18T11:22:29.2535661Z"
}.
[2025-03-18 11:22:29Z INFO StepsRunner] No need for updating job result with current step result 'Succeeded'.
[2025-03-18 11:22:29Z INFO StepsRunner] Current state: job state = ''
[2025-03-18 11:22:29Z INFO StepsRunner] Processing step: DisplayName='Initialize containers'
[2025-03-18 11:22:29Z INFO StepsRunner] Evaluating: success()
[2025-03-18 11:22:29Z INFO StepsRunner] Result: true
[2025-03-18 11:22:29Z INFO StepsRunner] Starting the step.
[2025-03-18 11:22:29Z INFO ExecutionContext] Reserve record order 16 to 30 for post job actions.
[2025-03-18 11:22:29Z INFO HostContext] Well known directory 'Bin': '/home/jenny/tensorflow-mri/actions-runner/bin'
[2025-03-18 11:22:29Z INFO HostContext] Well known directory 'Root': '/home/jenny/tensorflow-mri/actions-runner'
[2025-03-18 11:22:29Z INFO HostContext] Well known directory 'Diag': '/home/jenny/tensorflow-mri/actions-runner/_diag'
[2025-03-18 11:22:29Z INFO HostContext] Well known directory 'Bin': '/home/jenny/tensorflow-mri/actions-runner/bin'
[2025-03-18 11:22:29Z INFO HostContext] Well known directory 'Root': '/home/jenny/tensorflow-mri/actions-runner'
[2025-03-18 11:22:29Z INFO HostContext] Well known directory 'Diag': '/home/jenny/tensorflow-mri/actions-runner/_diag'
[2025-03-18 11:22:29Z INFO ProcessInvokerWrapper] Starting process:
[2025-03-18 11:22:29Z INFO ProcessInvokerWrapper]   File name: '/usr/bin/docker'
[2025-03-18 11:22:29Z INFO ProcessInvokerWrapper]   Arguments: 'version --format '{{.Server.APIVersion}}''
[2025-03-18 11:22:29Z INFO ProcessInvokerWrapper]   Working directory: '/home/jenny/tensorflow-mri/actions-runner/_work/tensorflow-mri/tensorflow-mri'
[2025-03-18 11:22:29Z INFO ProcessInvokerWrapper]   Require exit code zero: 'True'
[2025-03-18 11:22:29Z INFO ProcessInvokerWrapper]   Encoding web name:  ; code page: ''
[2025-03-18 11:22:29Z INFO ProcessInvokerWrapper]   Force kill process on cancellation: 'False'
[2025-03-18 11:22:29Z INFO ProcessInvokerWrapper]   Redirected STDIN: 'False'
[2025-03-18 11:22:29Z INFO ProcessInvokerWrapper]   Persist current code page: 'False'
[2025-03-18 11:22:29Z INFO ProcessInvokerWrapper]   Keep redirected STDIN open: 'False'
[2025-03-18 11:22:29Z INFO ProcessInvokerWrapper]   High priority process: 'False'
[2025-03-18 11:22:29Z INFO ProcessInvokerWrapper] Updated oom_score_adj to 500 for PID: 840488.
[2025-03-18 11:22:29Z INFO ProcessInvokerWrapper] Process started with process id 840488, waiting for process exit.
[2025-03-18 11:22:29Z INFO ProcessInvokerWrapper] STDOUT/STDERR stream read finished.
[2025-03-18 11:22:29Z INFO ProcessInvokerWrapper] STDOUT/STDERR stream read finished.
[2025-03-18 11:22:29Z INFO ProcessInvokerWrapper] Finished process 840488 with exit code 0, and elapsed time 00:00:00.0143467.
[2025-03-18 11:22:29Z INFO ProcessInvokerWrapper] Starting process:
[2025-03-18 11:22:29Z INFO ProcessInvokerWrapper]   File name: '/usr/bin/docker'
[2025-03-18 11:22:29Z INFO ProcessInvokerWrapper]   Arguments: 'version --format '{{.Client.APIVersion}}''
[2025-03-18 11:22:29Z INFO ProcessInvokerWrapper]   Working directory: '/home/jenny/tensorflow-mri/actions-runner/_work/tensorflow-mri/tensorflow-mri'
[2025-03-18 11:22:29Z INFO ProcessInvokerWrapper]   Require exit code zero: 'True'
[2025-03-18 11:22:29Z INFO ProcessInvokerWrapper]   Encoding web name:  ; code page: ''
[2025-03-18 11:22:29Z INFO ProcessInvokerWrapper]   Force kill process on cancellation: 'False'
[2025-03-18 11:22:29Z INFO ProcessInvokerWrapper]   Redirected STDIN: 'False'
[2025-03-18 11:22:29Z INFO ProcessInvokerWrapper]   Persist current code page: 'False'
[2025-03-18 11:22:29Z INFO ProcessInvokerWrapper]   Keep redirected STDIN open: 'False'
[2025-03-18 11:22:29Z INFO ProcessInvokerWrapper]   High priority process: 'False'
[2025-03-18 11:22:29Z INFO ProcessInvokerWrapper] Updated oom_score_adj to 500 for PID: 840504.
[2025-03-18 11:22:29Z INFO ProcessInvokerWrapper] Process started with process id 840504, waiting for process exit.
[2025-03-18 11:22:29Z INFO ProcessInvokerWrapper] STDOUT/STDERR stream read finished.
[2025-03-18 11:22:29Z INFO ProcessInvokerWrapper] STDOUT/STDERR stream read finished.
[2025-03-18 11:22:29Z INFO ProcessInvokerWrapper] Finished process 840504 with exit code 0, and elapsed time 00:00:00.0138674.
[2025-03-18 11:22:29Z INFO ProcessInvokerWrapper] Starting process:
[2025-03-18 11:22:29Z INFO ProcessInvokerWrapper]   File name: '/usr/bin/docker'
[2025-03-18 11:22:29Z INFO ProcessInvokerWrapper]   Arguments: 'ps --all --quiet --no-trunc --filter "label=b6156e"'
[2025-03-18 11:22:29Z INFO ProcessInvokerWrapper]   Working directory: '/home/jenny/tensorflow-mri/actions-runner/_work/tensorflow-mri/tensorflow-mri'
[2025-03-18 11:22:29Z INFO ProcessInvokerWrapper]   Require exit code zero: 'True'
[2025-03-18 11:22:29Z INFO ProcessInvokerWrapper]   Encoding web name:  ; code page: ''
[2025-03-18 11:22:29Z INFO ProcessInvokerWrapper]   Force kill process on cancellation: 'False'
[2025-03-18 11:22:29Z INFO ProcessInvokerWrapper]   Redirected STDIN: 'False'
[2025-03-18 11:22:29Z INFO ProcessInvokerWrapper]   Persist current code page: 'False'
[2025-03-18 11:22:29Z INFO ProcessInvokerWrapper]   Keep redirected STDIN open: 'False'
[2025-03-18 11:22:29Z INFO ProcessInvokerWrapper]   High priority process: 'False'
[2025-03-18 11:22:29Z INFO ProcessInvokerWrapper] Updated oom_score_adj to 500 for PID: 840524.
[2025-03-18 11:22:29Z INFO ProcessInvokerWrapper] Process started with process id 840524, waiting for process exit.
[2025-03-18 11:22:29Z INFO ProcessInvokerWrapper] STDOUT/STDERR stream read finished.
[2025-03-18 11:22:29Z INFO ProcessInvokerWrapper] STDOUT/STDERR stream read finished.
[2025-03-18 11:22:29Z INFO ProcessInvokerWrapper] Finished process 840524 with exit code 0, and elapsed time 00:00:00.0108790.
[2025-03-18 11:22:29Z INFO ProcessInvokerWrapper] Starting process:
[2025-03-18 11:22:29Z INFO ProcessInvokerWrapper]   File name: '/usr/bin/docker'
[2025-03-18 11:22:29Z INFO ProcessInvokerWrapper]   Arguments: 'network prune --force --filter "label=b6156e"'
[2025-03-18 11:22:29Z INFO ProcessInvokerWrapper]   Working directory: '/home/jenny/tensorflow-mri/actions-runner/_work/tensorflow-mri/tensorflow-mri'
[2025-03-18 11:22:29Z INFO ProcessInvokerWrapper]   Require exit code zero: 'False'
[2025-03-18 11:22:29Z INFO ProcessInvokerWrapper]   Encoding web name:  ; code page: ''
[2025-03-18 11:22:29Z INFO ProcessInvokerWrapper]   Force kill process on cancellation: 'False'
[2025-03-18 11:22:29Z INFO ProcessInvokerWrapper]   Redirected STDIN: 'False'
[2025-03-18 11:22:29Z INFO ProcessInvokerWrapper]   Persist current code page: 'False'
[2025-03-18 11:22:29Z INFO ProcessInvokerWrapper]   Keep redirected STDIN open: 'False'
[2025-03-18 11:22:29Z INFO ProcessInvokerWrapper]   High priority process: 'False'
[2025-03-18 11:22:29Z INFO ProcessInvokerWrapper] Updated oom_score_adj to 500 for PID: 840534.
[2025-03-18 11:22:29Z INFO ProcessInvokerWrapper] Process started with process id 840534, waiting for process exit.
[2025-03-18 11:22:29Z INFO ProcessInvokerWrapper] STDOUT/STDERR stream read finished.
[2025-03-18 11:22:29Z INFO ProcessInvokerWrapper] STDOUT/STDERR stream read finished.
[2025-03-18 11:22:29Z INFO ProcessInvokerWrapper] Finished process 840534 with exit code 0, and elapsed time 00:00:00.0098514.
[2025-03-18 11:22:29Z INFO ProcessInvokerWrapper] Starting process:
[2025-03-18 11:22:29Z INFO ProcessInvokerWrapper]   File name: '/usr/bin/docker'
[2025-03-18 11:22:29Z INFO ProcessInvokerWrapper]   Arguments: 'network create --label b6156e github_network_14e6e49f79b446bbb829ddb11a2728b7'
[2025-03-18 11:22:29Z INFO ProcessInvokerWrapper]   Working directory: '/home/jenny/tensorflow-mri/actions-runner/_work/tensorflow-mri/tensorflow-mri'
[2025-03-18 11:22:29Z INFO ProcessInvokerWrapper]   Require exit code zero: 'False'
[2025-03-18 11:22:29Z INFO ProcessInvokerWrapper]   Encoding web name:  ; code page: ''
[2025-03-18 11:22:29Z INFO ProcessInvokerWrapper]   Force kill process on cancellation: 'False'
[2025-03-18 11:22:29Z INFO ProcessInvokerWrapper]   Redirected STDIN: 'False'
[2025-03-18 11:22:29Z INFO ProcessInvokerWrapper]   Persist current code page: 'False'
[2025-03-18 11:22:29Z INFO ProcessInvokerWrapper]   Keep redirected STDIN open: 'False'
[2025-03-18 11:22:29Z INFO ProcessInvokerWrapper]   High priority process: 'False'
[2025-03-18 11:22:29Z INFO ProcessInvokerWrapper] Updated oom_score_adj to 500 for PID: 840545.
[2025-03-18 11:22:29Z INFO ProcessInvokerWrapper] Process started with process id 840545, waiting for process exit.
[2025-03-18 11:22:29Z INFO ProcessInvokerWrapper] STDOUT/STDERR stream read finished.
[2025-03-18 11:22:29Z INFO ProcessInvokerWrapper] STDOUT/STDERR stream read finished.
[2025-03-18 11:22:29Z INFO ProcessInvokerWrapper] Finished process 840545 with exit code 0, and elapsed time 00:00:00.0459562.
[2025-03-18 11:22:29Z INFO ContainerOperationProvider] Container name: 170e437a8d4b457eb03234462a4ed37f
[2025-03-18 11:22:29Z INFO ContainerOperationProvider] Container image: ghcr.io/mrphys/tensorflow-manylinux:1.14.0
[2025-03-18 11:22:29Z INFO ContainerOperationProvider] Container options: 
[2025-03-18 11:22:29Z INFO HostContext] Well known directory 'Bin': '/home/jenny/tensorflow-mri/actions-runner/bin'
[2025-03-18 11:22:29Z INFO HostContext] Well known directory 'Root': '/home/jenny/tensorflow-mri/actions-runner'
[2025-03-18 11:22:29Z INFO HostContext] Well known directory 'Work': '/home/jenny/tensorflow-mri/actions-runner/_work'
[2025-03-18 11:22:29Z INFO HostContext] Well known directory 'Temp': '/home/jenny/tensorflow-mri/actions-runner/_work/_temp'
[2025-03-18 11:22:29Z INFO ProcessInvokerWrapper] Starting process:
[2025-03-18 11:22:29Z INFO ProcessInvokerWrapper]   File name: '/usr/bin/docker'
[2025-03-18 11:22:29Z INFO ProcessInvokerWrapper]   Arguments: '--config /home/jenny/tensorflow-mri/actions-runner/_work/_temp/.docker_770ddb5b-4b08-41e9-a17f-9980d1535358 login ghcr.io -u jennifersteeden --password-stdin'
[2025-03-18 11:22:29Z INFO ProcessInvokerWrapper]   Working directory: '/home/jenny/tensorflow-mri/actions-runner/_work/tensorflow-mri/tensorflow-mri'
[2025-03-18 11:22:29Z INFO ProcessInvokerWrapper]   Require exit code zero: 'False'
[2025-03-18 11:22:29Z INFO ProcessInvokerWrapper]   Encoding web name:  ; code page: ''
[2025-03-18 11:22:29Z INFO ProcessInvokerWrapper]   Force kill process on cancellation: 'False'
[2025-03-18 11:22:29Z INFO ProcessInvokerWrapper]   Redirected STDIN: 'True'
[2025-03-18 11:22:29Z INFO ProcessInvokerWrapper]   Persist current code page: 'False'
[2025-03-18 11:22:29Z INFO ProcessInvokerWrapper]   Keep redirected STDIN open: 'False'
[2025-03-18 11:22:29Z INFO ProcessInvokerWrapper]   High priority process: 'False'
[2025-03-18 11:22:29Z INFO ProcessInvokerWrapper] Updated oom_score_adj to 500 for PID: 840608.
[2025-03-18 11:22:29Z INFO ProcessInvokerWrapper] Process started with process id 840608, waiting for process exit.
[2025-03-18 11:22:29Z INFO ProcessInvokerWrapper] Close STDIN after the first redirect finished.
[2025-03-18 11:22:29Z INFO ProcessInvokerWrapper] STDIN stream write finished.
[2025-03-18 11:22:29Z INFO JobServerQueue] Try to append 1 batches web console lines for record '56ad67cc-810c-44ae-a1f8-c5cc9c29cd3b', success rate: 1/1.
[2025-03-18 11:22:29Z INFO JobServerQueue] Try to append 1 batches web console lines for record '0accd8c9-bbc1-4948-88a6-5e01992f6c91', success rate: 1/1.
[2025-03-18 11:22:29Z INFO JobServerQueue] Try to upload 1 log files or attachments, success rate: 1/1.
[2025-03-18 11:22:29Z INFO ProcessInvokerWrapper] STDOUT/STDERR stream read finished.
[2025-03-18 11:22:29Z INFO ProcessInvokerWrapper] STDOUT/STDERR stream read finished.
[2025-03-18 11:22:29Z INFO ProcessInvokerWrapper] Finished process 840608 with exit code 0, and elapsed time 00:00:00.4251664.
[2025-03-18 11:22:29Z INFO ProcessInvokerWrapper] Starting process:
[2025-03-18 11:22:29Z INFO ProcessInvokerWrapper]   File name: '/usr/bin/docker'
[2025-03-18 11:22:29Z INFO ProcessInvokerWrapper]   Arguments: '--config /home/jenny/tensorflow-mri/actions-runner/_work/_temp/.docker_770ddb5b-4b08-41e9-a17f-9980d1535358 pull ghcr.io/mrphys/tensorflow-manylinux:1.14.0'
[2025-03-18 11:22:29Z INFO ProcessInvokerWrapper]   Working directory: '/home/jenny/tensorflow-mri/actions-runner/_work/tensorflow-mri/tensorflow-mri'
[2025-03-18 11:22:29Z INFO ProcessInvokerWrapper]   Require exit code zero: 'False'
[2025-03-18 11:22:29Z INFO ProcessInvokerWrapper]   Encoding web name:  ; code page: ''
[2025-03-18 11:22:29Z INFO ProcessInvokerWrapper]   Force kill process on cancellation: 'False'
[2025-03-18 11:22:29Z INFO ProcessInvokerWrapper]   Redirected STDIN: 'False'
[2025-03-18 11:22:29Z INFO ProcessInvokerWrapper]   Persist current code page: 'False'
[2025-03-18 11:22:29Z INFO ProcessInvokerWrapper]   Keep redirected STDIN open: 'False'
[2025-03-18 11:22:29Z INFO ProcessInvokerWrapper]   High priority process: 'False'
[2025-03-18 11:22:29Z INFO ProcessInvokerWrapper] Updated oom_score_adj to 500 for PID: 840618.
[2025-03-18 11:22:29Z INFO ProcessInvokerWrapper] Process started with process id 840618, waiting for process exit.
[2025-03-18 11:22:29Z INFO JobServerQueue] Try to append 1 batches web console lines for record '0accd8c9-bbc1-4948-88a6-5e01992f6c91', success rate: 1/1.
[2025-03-18 11:22:30Z INFO JobServerQueue] Got a step log file to send to results service.
[2025-03-18 11:22:30Z INFO JobServerQueue] Starting upload of step log file to results service ResultsLog, /home/jenny/tensorflow-mri/actions-runner/_diag/blocks/c20b5653-0f9a-454e-bac6-4ff740629ab9_56ad67cc-810c-44ae-a1f8-c5cc9c29cd3b.1
[2025-03-18 11:22:30Z INFO ProcessInvokerWrapper] STDOUT/STDERR stream read finished.
[2025-03-18 11:22:30Z INFO ProcessInvokerWrapper] STDOUT/STDERR stream read finished.
[2025-03-18 11:22:30Z INFO ProcessInvokerWrapper] Finished process 840618 with exit code 0, and elapsed time 00:00:00.5508024.
[2025-03-18 11:22:30Z INFO HostContext] Well known directory 'Bin': '/home/jenny/tensorflow-mri/actions-runner/bin'
[2025-03-18 11:22:30Z INFO HostContext] Well known directory 'Root': '/home/jenny/tensorflow-mri/actions-runner'
[2025-03-18 11:22:30Z INFO HostContext] Well known directory 'Work': '/home/jenny/tensorflow-mri/actions-runner/_work'
[2025-03-18 11:22:30Z INFO HostContext] Well known directory 'Bin': '/home/jenny/tensorflow-mri/actions-runner/bin'
[2025-03-18 11:22:30Z INFO HostContext] Well known directory 'Root': '/home/jenny/tensorflow-mri/actions-runner'
[2025-03-18 11:22:30Z INFO HostContext] Well known directory 'Work': '/home/jenny/tensorflow-mri/actions-runner/_work'
[2025-03-18 11:22:30Z INFO HostContext] Well known directory 'Bin': '/home/jenny/tensorflow-mri/actions-runner/bin'
[2025-03-18 11:22:30Z INFO HostContext] Well known directory 'Root': '/home/jenny/tensorflow-mri/actions-runner'
[2025-03-18 11:22:30Z INFO HostContext] Well known directory 'Externals': '/home/jenny/tensorflow-mri/actions-runner/externals'
[2025-03-18 11:22:30Z INFO HostContext] Well known directory 'Bin': '/home/jenny/tensorflow-mri/actions-runner/bin'
[2025-03-18 11:22:30Z INFO HostContext] Well known directory 'Root': '/home/jenny/tensorflow-mri/actions-runner'
[2025-03-18 11:22:30Z INFO HostContext] Well known directory 'Externals': '/home/jenny/tensorflow-mri/actions-runner/externals'
[2025-03-18 11:22:30Z INFO HostContext] Well known directory 'Bin': '/home/jenny/tensorflow-mri/actions-runner/bin'
[2025-03-18 11:22:30Z INFO HostContext] Well known directory 'Root': '/home/jenny/tensorflow-mri/actions-runner'
[2025-03-18 11:22:30Z INFO HostContext] Well known directory 'Work': '/home/jenny/tensorflow-mri/actions-runner/_work'
[2025-03-18 11:22:30Z INFO HostContext] Well known directory 'Temp': '/home/jenny/tensorflow-mri/actions-runner/_work/_temp'
[2025-03-18 11:22:30Z INFO HostContext] Well known directory 'Bin': '/home/jenny/tensorflow-mri/actions-runner/bin'
[2025-03-18 11:22:30Z INFO HostContext] Well known directory 'Root': '/home/jenny/tensorflow-mri/actions-runner'
[2025-03-18 11:22:30Z INFO HostContext] Well known directory 'Work': '/home/jenny/tensorflow-mri/actions-runner/_work'
[2025-03-18 11:22:30Z INFO HostContext] Well known directory 'Temp': '/home/jenny/tensorflow-mri/actions-runner/_work/_temp'
[2025-03-18 11:22:30Z INFO HostContext] Well known directory 'Bin': '/home/jenny/tensorflow-mri/actions-runner/bin'
[2025-03-18 11:22:30Z INFO HostContext] Well known directory 'Root': '/home/jenny/tensorflow-mri/actions-runner'
[2025-03-18 11:22:30Z INFO HostContext] Well known directory 'Work': '/home/jenny/tensorflow-mri/actions-runner/_work'
[2025-03-18 11:22:30Z INFO HostContext] Well known directory 'Actions': '/home/jenny/tensorflow-mri/actions-runner/_work/_actions'
[2025-03-18 11:22:30Z INFO HostContext] Well known directory 'Bin': '/home/jenny/tensorflow-mri/actions-runner/bin'
[2025-03-18 11:22:30Z INFO HostContext] Well known directory 'Root': '/home/jenny/tensorflow-mri/actions-runner'
[2025-03-18 11:22:30Z INFO HostContext] Well known directory 'Work': '/home/jenny/tensorflow-mri/actions-runner/_work'
[2025-03-18 11:22:30Z INFO HostContext] Well known directory 'Actions': '/home/jenny/tensorflow-mri/actions-runner/_work/_actions'
[2025-03-18 11:22:30Z INFO HostContext] Well known directory 'Bin': '/home/jenny/tensorflow-mri/actions-runner/bin'
[2025-03-18 11:22:30Z INFO HostContext] Well known directory 'Root': '/home/jenny/tensorflow-mri/actions-runner'
[2025-03-18 11:22:30Z INFO HostContext] Well known directory 'Work': '/home/jenny/tensorflow-mri/actions-runner/_work'
[2025-03-18 11:22:30Z INFO HostContext] Well known directory 'Tools': '/home/jenny/tensorflow-mri/actions-runner/_work/_tool'
[2025-03-18 11:22:30Z INFO HostContext] Well known directory 'Bin': '/home/jenny/tensorflow-mri/actions-runner/bin'
[2025-03-18 11:22:30Z INFO HostContext] Well known directory 'Root': '/home/jenny/tensorflow-mri/actions-runner'
[2025-03-18 11:22:30Z INFO HostContext] Well known directory 'Work': '/home/jenny/tensorflow-mri/actions-runner/_work'
[2025-03-18 11:22:30Z INFO HostContext] Well known directory 'Tools': '/home/jenny/tensorflow-mri/actions-runner/_work/_tool'
[2025-03-18 11:22:30Z INFO HostContext] Well known directory 'Bin': '/home/jenny/tensorflow-mri/actions-runner/bin'
[2025-03-18 11:22:30Z INFO HostContext] Well known directory 'Root': '/home/jenny/tensorflow-mri/actions-runner'
[2025-03-18 11:22:30Z INFO HostContext] Well known directory 'Work': '/home/jenny/tensorflow-mri/actions-runner/_work'
[2025-03-18 11:22:30Z INFO HostContext] Well known directory 'Temp': '/home/jenny/tensorflow-mri/actions-runner/_work/_temp'
[2025-03-18 11:22:30Z INFO HostContext] Well known directory 'Bin': '/home/jenny/tensorflow-mri/actions-runner/bin'
[2025-03-18 11:22:30Z INFO HostContext] Well known directory 'Root': '/home/jenny/tensorflow-mri/actions-runner'
[2025-03-18 11:22:30Z INFO HostContext] Well known directory 'Work': '/home/jenny/tensorflow-mri/actions-runner/_work'
[2025-03-18 11:22:30Z INFO HostContext] Well known directory 'Temp': '/home/jenny/tensorflow-mri/actions-runner/_work/_temp'
[2025-03-18 11:22:30Z INFO ProcessInvokerWrapper] Starting process:
[2025-03-18 11:22:30Z INFO ProcessInvokerWrapper]   File name: '/usr/bin/docker'
[2025-03-18 11:22:30Z INFO ProcessInvokerWrapper]   Arguments: 'create --name 170e437a8d4b457eb03234462a4ed37f_ghcriomrphystensorflowmanylinux1140_e35382 --label b6156e --workdir /__w/tensorflow-mri/tensorflow-mri --network github_network_14e6e49f79b446bbb829ddb11a2728b7  -e "HOME=/github/home" -e GITHUB_ACTIONS=true -e CI=true -v "/var/run/docker.sock":"/var/run/docker.sock" -v "/home/jenny/tensorflow-mri/actions-runner/_work":"/__w" -v "/home/jenny/tensorflow-mri/actions-runner/externals":"/__e":ro -v "/home/jenny/tensorflow-mri/actions-runner/_work/_temp":"/__w/_temp" -v "/home/jenny/tensorflow-mri/actions-runner/_work/_actions":"/__w/_actions" -v "/home/jenny/tensorflow-mri/actions-runner/_work/_tool":"/__w/_tool" -v "/home/jenny/tensorflow-mri/actions-runner/_work/_temp/_github_home":"/github/home" -v "/home/jenny/tensorflow-mri/actions-runner/_work/_temp/_github_workflow":"/github/workflow" --entrypoint "tail" ghcr.io/mrphys/tensorflow-manylinux:1.14.0 "-f" "/dev/null"'
[2025-03-18 11:22:30Z INFO ProcessInvokerWrapper]   Working directory: '/home/jenny/tensorflow-mri/actions-runner/_work/tensorflow-mri/tensorflow-mri'
[2025-03-18 11:22:30Z INFO ProcessInvokerWrapper]   Require exit code zero: 'True'
[2025-03-18 11:22:30Z INFO ProcessInvokerWrapper]   Encoding web name:  ; code page: ''
[2025-03-18 11:22:30Z INFO ProcessInvokerWrapper]   Force kill process on cancellation: 'False'
[2025-03-18 11:22:30Z INFO ProcessInvokerWrapper]   Redirected STDIN: 'False'
[2025-03-18 11:22:30Z INFO ProcessInvokerWrapper]   Persist current code page: 'False'
[2025-03-18 11:22:30Z INFO ProcessInvokerWrapper]   Keep redirected STDIN open: 'False'
[2025-03-18 11:22:30Z INFO ProcessInvokerWrapper]   High priority process: 'False'
[2025-03-18 11:22:30Z INFO ProcessInvokerWrapper] Updated oom_score_adj to 500 for PID: 840630.
[2025-03-18 11:22:30Z INFO ProcessInvokerWrapper] Process started with process id 840630, waiting for process exit.
[2025-03-18 11:22:30Z INFO ProcessInvokerWrapper] STDOUT/STDERR stream read finished.
[2025-03-18 11:22:30Z INFO ProcessInvokerWrapper] STDOUT/STDERR stream read finished.
[2025-03-18 11:22:30Z INFO ProcessInvokerWrapper] Finished process 840630 with exit code 0, and elapsed time 00:00:00.0494889.
[2025-03-18 11:22:30Z INFO ProcessInvokerWrapper] Starting process:
[2025-03-18 11:22:30Z INFO ProcessInvokerWrapper]   File name: '/usr/bin/docker'
[2025-03-18 11:22:30Z INFO ProcessInvokerWrapper]   Arguments: 'start 7d0d22bd978309e2e76882104f036f0710e0317ce6e7a4ba084e4bdfcd40d524'
[2025-03-18 11:22:30Z INFO ProcessInvokerWrapper]   Working directory: '/home/jenny/tensorflow-mri/actions-runner/_work/tensorflow-mri/tensorflow-mri'
[2025-03-18 11:22:30Z INFO ProcessInvokerWrapper]   Require exit code zero: 'False'
[2025-03-18 11:22:30Z INFO ProcessInvokerWrapper]   Encoding web name:  ; code page: ''
[2025-03-18 11:22:30Z INFO ProcessInvokerWrapper]   Force kill process on cancellation: 'False'
[2025-03-18 11:22:30Z INFO ProcessInvokerWrapper]   Redirected STDIN: 'False'
[2025-03-18 11:22:30Z INFO ProcessInvokerWrapper]   Persist current code page: 'False'
[2025-03-18 11:22:30Z INFO ProcessInvokerWrapper]   Keep redirected STDIN open: 'False'
[2025-03-18 11:22:30Z INFO ProcessInvokerWrapper]   High priority process: 'False'
[2025-03-18 11:22:30Z INFO ProcessInvokerWrapper] Updated oom_score_adj to 500 for PID: 840644.
[2025-03-18 11:22:30Z INFO ProcessInvokerWrapper] Process started with process id 840644, waiting for process exit.
[2025-03-18 11:22:30Z INFO JobServerQueue] Try to append 1 batches web console lines for record '0accd8c9-bbc1-4948-88a6-5e01992f6c91', success rate: 1/1.
[2025-03-18 11:22:30Z INFO JobServerQueue] Tried to upload 1 file(s) to results, success rate: 1/1.
[2025-03-18 11:22:30Z INFO ProcessInvokerWrapper] STDOUT/STDERR stream read finished.
[2025-03-18 11:22:30Z INFO ProcessInvokerWrapper] STDOUT/STDERR stream read finished.
[2025-03-18 11:22:30Z INFO ProcessInvokerWrapper] Finished process 840644 with exit code 0, and elapsed time 00:00:00.2161502.
[2025-03-18 11:22:30Z INFO ProcessInvokerWrapper] Starting process:
[2025-03-18 11:22:30Z INFO ProcessInvokerWrapper]   File name: '/usr/bin/docker'
[2025-03-18 11:22:30Z INFO ProcessInvokerWrapper]   Arguments: 'ps --all --filter id=7d0d22bd978309e2e76882104f036f0710e0317ce6e7a4ba084e4bdfcd40d524 --filter status=running --no-trunc --format "{{.ID}} {{.Status}}"'
[2025-03-18 11:22:30Z INFO ProcessInvokerWrapper]   Working directory: '/home/jenny/tensorflow-mri/actions-runner/_work/tensorflow-mri/tensorflow-mri'
[2025-03-18 11:22:30Z INFO ProcessInvokerWrapper]   Require exit code zero: 'True'
[2025-03-18 11:22:30Z INFO ProcessInvokerWrapper]   Encoding web name:  ; code page: ''
[2025-03-18 11:22:30Z INFO ProcessInvokerWrapper]   Force kill process on cancellation: 'False'
[2025-03-18 11:22:30Z INFO ProcessInvokerWrapper]   Redirected STDIN: 'False'
[2025-03-18 11:22:30Z INFO ProcessInvokerWrapper]   Persist current code page: 'False'
[2025-03-18 11:22:30Z INFO ProcessInvokerWrapper]   Keep redirected STDIN open: 'False'
[2025-03-18 11:22:30Z INFO ProcessInvokerWrapper]   High priority process: 'False'
[2025-03-18 11:22:30Z INFO ProcessInvokerWrapper] Updated oom_score_adj to 500 for PID: 840718.
[2025-03-18 11:22:30Z INFO ProcessInvokerWrapper] Process started with process id 840718, waiting for process exit.
[2025-03-18 11:22:30Z INFO ProcessInvokerWrapper] STDOUT/STDERR stream read finished.
[2025-03-18 11:22:30Z INFO ProcessInvokerWrapper] STDOUT/STDERR stream read finished.
[2025-03-18 11:22:30Z INFO ProcessInvokerWrapper] Finished process 840718 with exit code 0, and elapsed time 00:00:00.0107872.
[2025-03-18 11:22:30Z INFO ProcessInvokerWrapper] Starting process:
[2025-03-18 11:22:30Z INFO ProcessInvokerWrapper]   File name: '/usr/bin/docker'
[2025-03-18 11:22:30Z INFO ProcessInvokerWrapper]   Arguments: 'inspect --format "{{range .Config.Env}}{{println .}}{{end}}" 7d0d22bd978309e2e76882104f036f0710e0317ce6e7a4ba084e4bdfcd40d524'
[2025-03-18 11:22:30Z INFO ProcessInvokerWrapper]   Working directory: '/home/jenny/tensorflow-mri/actions-runner/_work/tensorflow-mri/tensorflow-mri'
[2025-03-18 11:22:30Z INFO ProcessInvokerWrapper]   Require exit code zero: 'True'
[2025-03-18 11:22:30Z INFO ProcessInvokerWrapper]   Encoding web name:  ; code page: ''
[2025-03-18 11:22:30Z INFO ProcessInvokerWrapper]   Force kill process on cancellation: 'False'
[2025-03-18 11:22:30Z INFO ProcessInvokerWrapper]   Redirected STDIN: 'False'
[2025-03-18 11:22:30Z INFO ProcessInvokerWrapper]   Persist current code page: 'False'
[2025-03-18 11:22:30Z INFO ProcessInvokerWrapper]   Keep redirected STDIN open: 'False'
[2025-03-18 11:22:30Z INFO ProcessInvokerWrapper]   High priority process: 'False'
[2025-03-18 11:22:30Z INFO ProcessInvokerWrapper] Updated oom_score_adj to 500 for PID: 840728.
[2025-03-18 11:22:30Z INFO ProcessInvokerWrapper] Process started with process id 840728, waiting for process exit.
[2025-03-18 11:22:30Z INFO ProcessInvokerWrapper] STDOUT/STDERR stream read finished.
[2025-03-18 11:22:30Z INFO ProcessInvokerWrapper] STDOUT/STDERR stream read finished.
[2025-03-18 11:22:30Z INFO ProcessInvokerWrapper] Finished process 840728 with exit code 0, and elapsed time 00:00:00.0109933.
[2025-03-18 11:22:30Z INFO StepsRunner] Step result: 
[2025-03-18 11:22:30Z INFO ExecutionContext] Publish step telemetry for current step {
  "action": "initialize_containers",
  "type": "runner",
  "stage": "Pre",
  "stepId": "0accd8c9-bbc1-4948-88a6-5e01992f6c91",
  "stepContextName": "0accd8c9bbc1494888a65e01992f6c91",
  "result": "succeeded",
  "errorMessages": [],
  "executionTimeInSeconds": 2,
  "startTime": "2025-03-18T11:22:29.2549388Z",
  "finishTime": "2025-03-18T11:22:30.6671926Z"
}.
[2025-03-18 11:22:30Z INFO StepsRunner] No need for updating job result with current step result 'Succeeded'.
[2025-03-18 11:22:30Z INFO StepsRunner] Current state: job state = ''
[2025-03-18 11:22:30Z INFO StepsRunner] Processing step: DisplayName='Checkout code'
[2025-03-18 11:22:30Z INFO StepsRunner] Evaluating: success()
[2025-03-18 11:22:30Z INFO StepsRunner] Result: true
[2025-03-18 11:22:30Z INFO StepsRunner] Starting the step.
[2025-03-18 11:22:30Z INFO HostContext] Well known directory 'Bin': '/home/jenny/tensorflow-mri/actions-runner/bin'
[2025-03-18 11:22:30Z INFO HostContext] Well known directory 'Root': '/home/jenny/tensorflow-mri/actions-runner'
[2025-03-18 11:22:30Z INFO HostContext] Well known directory 'Work': '/home/jenny/tensorflow-mri/actions-runner/_work'
[2025-03-18 11:22:30Z INFO HostContext] Well known directory 'Actions': '/home/jenny/tensorflow-mri/actions-runner/_work/_actions'
[2025-03-18 11:22:30Z INFO ActionManager] Load action that reference repository from '/home/jenny/tensorflow-mri/actions-runner/_work/_actions/actions/checkout/v4'
[2025-03-18 11:22:30Z INFO HostContext] Well known directory 'Bin': '/home/jenny/tensorflow-mri/actions-runner/bin'
[2025-03-18 11:22:30Z INFO HostContext] Well known directory 'Root': '/home/jenny/tensorflow-mri/actions-runner'
[2025-03-18 11:22:30Z INFO HostContext] Well known directory 'Work': '/home/jenny/tensorflow-mri/actions-runner/_work'
[2025-03-18 11:22:30Z INFO HostContext] Well known directory 'Actions': '/home/jenny/tensorflow-mri/actions-runner/_work/_actions'
[2025-03-18 11:22:30Z INFO ActionManifestManager] Loaded action.yml file: {
  "name": "Checkout",
  "description": "Checkout a Git repository at a particular version",
  "inputs": {
    "type": 2,
    "map": [
      {
        "key": {
          "type": 0,
          "file": 2,
          "line": 4,
          "col": 3,
          "lit": "repository"
        },
        "value": {
          "type": 3,
          "file": 2,
          "line": 6,
          "col": 14,
          "expr": "github.repository"
        }
      },
      {
        "key": {
          "type": 0,
          "file": 2,
          "line": 7,
          "col": 3,
          "lit": "ref"
        },
        "value": ""
      },
      {
        "key": {
          "type": 0,
          "file": 2,
          "line": 12,
          "col": 3,
          "lit": "token"
        },
        "value": {
          "type": 3,
          "file": 2,
          "line": 24,
          "col": 14,
          "expr": "github.token"
        }
      },
      {
        "key": {
          "type": 0,
          "file": 2,
          "line": 25,
          "col": 3,
          "lit": "ssh-key"
        },
        "value": ""
      },
      {
        "key": {
          "type": 0,
          "file": 2,
          "line": 37,
          "col": 3,
          "lit": "ssh-known-hosts"
        },
        "value": ""
      },
      {
        "key": {
          "type": 0,
          "file": 2,
          "line": 42,
          "col": 3,
          "lit": "ssh-strict"
        },
        "value": {
          "type": 0,
          "file": 2,
          "line": 47,
          "col": 14,
          "lit": "true"
        }
      },
      {
        "key": {
          "type": 0,
          "file": 2,
          "line": 48,
          "col": 3,
          "lit": "ssh-user"
        },
        "value": {
          "type": 0,
          "file": 2,
          "line": 51,
          "col": 14,
          "lit": "git"
        }
      },
      {
        "key": {
          "type": 0,
          "file": 2,
          "line": 52,
          "col": 3,
          "lit": "persist-credentials"
        },
        "value": {
          "type": 0,
          "file": 2,
          "line": 54,
          "col": 14,
          "lit": "true"
        }
      },
      {
        "key": {
          "type": 0,
          "file": 2,
          "line": 55,
          "col": 3,
          "lit": "path"
        },
        "value": ""
      },
      {
        "key": {
          "type": 0,
          "file": 2,
          "line": 57,
          "col": 3,
          "lit": "clean"
        },
        "value": {
          "type": 0,
          "file": 2,
          "line": 59,
          "col": 14,
          "lit": "true"
        }
      },
      {
        "key": {
          "type": 0,
          "file": 2,
          "line": 60,
          "col": 3,
          "lit": "filter"
        },
        "value": {
          "type": 0,
          "file": 2,
          "line": 64,
          "col": 14,
          "lit": ""
        }
      },
      {
        "key": {
          "type": 0,
          "file": 2,
          "line": 65,
          "col": 3,
          "lit": "sparse-checkout"
        },
        "value": {
          "type": 0,
          "file": 2,
          "line": 69,
          "col": 14,
          "lit": ""
        }
      },
      {
        "key": {
          "type": 0,
          "file": 2,
          "line": 70,
          "col": 3,
          "lit": "sparse-checkout-cone-mode"
        },
        "value": {
          "type": 0,
          "file": 2,
          "line": 73,
          "col": 14,
          "lit": "true"
        }
      },
      {
        "key": {
          "type": 0,
          "file": 2,
          "line": 74,
          "col": 3,
          "lit": "fetch-depth"
        },
        "value": {
          "type": 0,
          "file": 2,
          "line": 76,
          "col": 14,
          "lit": "1"
        }
      },
      {
        "key": {
          "type": 0,
          "file": 2,
          "line": 77,
          "col": 3,
          "lit": "fetch-tags"
        },
        "value": {
          "type": 0,
          "file": 2,
          "line": 79,
          "col": 14,
          "lit": "false"
        }
      },
      {
        "key": {
          "type": 0,
          "file": 2,
          "line": 80,
          "col": 3,
          "lit": "show-progress"
        },
        "value": {
          "type": 0,
          "file": 2,
          "line": 82,
          "col": 14,
          "lit": "true"
        }
      },
      {
        "key": {
          "type": 0,
          "file": 2,
          "line": 83,
          "col": 3,
          "lit": "lfs"
        },
        "value": {
          "type": 0,
          "file": 2,
          "line": 85,
          "col": 14,
          "lit": "false"
        }
      },
      {
        "key": {
          "type": 0,
          "file": 2,
          "line": 86,
          "col": 3,
          "lit": "submodules"
        },
        "value": {
          "type": 0,
          "file": 2,
          "line": 94,
          "col": 14,
          "lit": "false"
        }
      },
      {
        "key": {
          "type": 0,
          "file": 2,
          "line": 95,
          "col": 3,
          "lit": "set-safe-directory"
        },
        "value": {
          "type": 0,
          "file": 2,
          "line": 97,
          "col": 14,
          "lit": "true"
        }
      },
      {
        "key": {
          "type": 0,
          "file": 2,
          "line": 98,
          "col": 3,
          "lit": "github-server-url"
        },
        "value": ""
      }
    ]
  },
  "execution": {
    "executionType": "nodeJS",
    "hasPre": false,
    "hasPost": true,
    "script": "dist/index.js",
    "pre": null,
    "post": "dist/index.js",
    "nodeVersion": "node20",
    "cleanupCondition": "always()",
    "initCondition": "always()"
  },
  "deprecated": null
}
[2025-03-18 11:22:30Z INFO ActionManager] Action pre node.js file: N/A.
[2025-03-18 11:22:30Z INFO ActionManager] Action node.js file: dist/index.js.
[2025-03-18 11:22:30Z INFO ActionManager] Action post node.js file: dist/index.js.
[2025-03-18 11:22:30Z INFO HostContext] Well known directory 'Bin': '/home/jenny/tensorflow-mri/actions-runner/bin'
[2025-03-18 11:22:30Z INFO HostContext] Well known directory 'Root': '/home/jenny/tensorflow-mri/actions-runner'
[2025-03-18 11:22:30Z INFO HostContext] Well known directory 'Diag': '/home/jenny/tensorflow-mri/actions-runner/_diag'
[2025-03-18 11:22:30Z INFO HostContext] Well known directory 'Bin': '/home/jenny/tensorflow-mri/actions-runner/bin'
[2025-03-18 11:22:30Z INFO HostContext] Well known directory 'Root': '/home/jenny/tensorflow-mri/actions-runner'
[2025-03-18 11:22:30Z INFO HostContext] Well known directory 'Diag': '/home/jenny/tensorflow-mri/actions-runner/_diag'
[2025-03-18 11:22:30Z INFO HostContext] Well known directory 'Bin': '/home/jenny/tensorflow-mri/actions-runner/bin'
[2025-03-18 11:22:30Z INFO HostContext] Well known directory 'Root': '/home/jenny/tensorflow-mri/actions-runner'
[2025-03-18 11:22:30Z INFO HostContext] Well known directory 'Work': '/home/jenny/tensorflow-mri/actions-runner/_work'
[2025-03-18 11:22:30Z INFO HostContext] Well known directory 'Temp': '/home/jenny/tensorflow-mri/actions-runner/_work/_temp'
[2025-03-18 11:22:30Z INFO ExecutionContext] Write event payload to /home/jenny/tensorflow-mri/actions-runner/_work/_temp/_github_workflow/event.json
[2025-03-18 11:22:30Z INFO HostContext] Well known directory 'Bin': '/home/jenny/tensorflow-mri/actions-runner/bin'
[2025-03-18 11:22:30Z INFO HostContext] Well known directory 'Root': '/home/jenny/tensorflow-mri/actions-runner'
[2025-03-18 11:22:30Z INFO HostContext] Well known directory 'Work': '/home/jenny/tensorflow-mri/actions-runner/_work'
[2025-03-18 11:22:30Z INFO HostContext] Well known directory 'Temp': '/home/jenny/tensorflow-mri/actions-runner/_work/_temp'
[2025-03-18 11:22:30Z INFO ExtensionManager] Getting extensions for interface: 'GitHub.Runner.Worker.IFileCommandExtension'
[2025-03-18 11:22:30Z INFO ExtensionManager] Creating instance: GitHub.Runner.Worker.AddPathFileCommand, Runner.Worker
[2025-03-18 11:22:30Z INFO ExtensionManager] Creating instance: GitHub.Runner.Worker.SetEnvFileCommand, Runner.Worker
[2025-03-18 11:22:30Z INFO ExtensionManager] Creating instance: GitHub.Runner.Worker.CreateStepSummaryCommand, Runner.Worker
[2025-03-18 11:22:30Z INFO ExtensionManager] Creating instance: GitHub.Runner.Worker.SaveStateFileCommand, Runner.Worker
[2025-03-18 11:22:30Z INFO ExtensionManager] Creating instance: GitHub.Runner.Worker.SetOutputFileCommand, Runner.Worker
[2025-03-18 11:22:30Z INFO ActionManifestManager] Input 'repository': default value evaluate result: {
  "type": 0,
  "file": 2,
  "line": 6,
  "col": 14,
  "lit": "mrphys/tensorflow-mri"
}
[2025-03-18 11:22:30Z INFO ActionManifestManager] Input 'ref': default value evaluate result: ""
[2025-03-18 11:22:30Z INFO ActionManifestManager] Input 'token': default value evaluate result: {
  "type": 0,
  "file": 2,
  "line": 24,
  "col": 14,
  "lit": "***"
}
[2025-03-18 11:22:30Z INFO ActionManifestManager] Input 'ssh-key': default value evaluate result: ""
[2025-03-18 11:22:30Z INFO ActionManifestManager] Input 'ssh-known-hosts': default value evaluate result: ""
[2025-03-18 11:22:30Z INFO ActionManifestManager] Input 'ssh-strict': default value evaluate result: {
  "type": 0,
  "file": 2,
  "line": 47,
  "col": 14,
  "lit": "true"
}
[2025-03-18 11:22:30Z INFO ActionManifestManager] Input 'ssh-user': default value evaluate result: {
  "type": 0,
  "file": 2,
  "line": 51,
  "col": 14,
  "lit": "git"
}
[2025-03-18 11:22:30Z INFO ActionManifestManager] Input 'persist-credentials': default value evaluate result: {
  "type": 0,
  "file": 2,
  "line": 54,
  "col": 14,
  "lit": "true"
}
[2025-03-18 11:22:30Z INFO ActionManifestManager] Input 'path': default value evaluate result: ""
[2025-03-18 11:22:30Z INFO ActionManifestManager] Input 'clean': default value evaluate result: {
  "type": 0,
  "file": 2,
  "line": 59,
  "col": 14,
  "lit": "true"
}
[2025-03-18 11:22:30Z INFO ActionManifestManager] Input 'filter': default value evaluate result: {
  "type": 0,
  "file": 2,
  "line": 64,
  "col": 14,
  "lit": ""
}
[2025-03-18 11:22:30Z INFO ActionManifestManager] Input 'sparse-checkout': default value evaluate result: {
  "type": 0,
  "file": 2,
  "line": 69,
  "col": 14,
  "lit": ""
}
[2025-03-18 11:22:30Z INFO ActionManifestManager] Input 'sparse-checkout-cone-mode': default value evaluate result: {
  "type": 0,
  "file": 2,
  "line": 73,
  "col": 14,
  "lit": "true"
}
[2025-03-18 11:22:30Z INFO ActionManifestManager] Input 'fetch-depth': default value evaluate result: {
  "type": 0,
  "file": 2,
  "line": 76,
  "col": 14,
  "lit": "1"
}
[2025-03-18 11:22:30Z INFO ActionManifestManager] Input 'fetch-tags': default value evaluate result: {
  "type": 0,
  "file": 2,
  "line": 79,
  "col": 14,
  "lit": "false"
}
[2025-03-18 11:22:30Z INFO ActionManifestManager] Input 'show-progress': default value evaluate result: {
  "type": 0,
  "file": 2,
  "line": 82,
  "col": 14,
  "lit": "true"
}
[2025-03-18 11:22:30Z INFO ActionManifestManager] Input 'lfs': default value evaluate result: {
  "type": 0,
  "file": 2,
  "line": 85,
  "col": 14,
  "lit": "false"
}
[2025-03-18 11:22:30Z INFO ActionManifestManager] Input 'submodules': default value evaluate result: {
  "type": 0,
  "file": 2,
  "line": 94,
  "col": 14,
  "lit": "false"
}
[2025-03-18 11:22:30Z INFO ActionManifestManager] Input 'set-safe-directory': default value evaluate result: {
  "type": 0,
  "file": 2,
  "line": 97,
  "col": 14,
  "lit": "true"
}
[2025-03-18 11:22:30Z INFO ActionManifestManager] Input 'github-server-url': default value evaluate result: ""
[2025-03-18 11:22:30Z INFO ExtensionManager] Getting extensions for interface: 'GitHub.Runner.Worker.IActionCommandExtension'
[2025-03-18 11:22:30Z INFO ExtensionManager] Creating instance: GitHub.Runner.Worker.InternalPluginSetRepoPathCommandExtension, Runner.Worker
[2025-03-18 11:22:30Z INFO ExtensionManager] Creating instance: GitHub.Runner.Worker.SetEnvCommandExtension, Runner.Worker
[2025-03-18 11:22:30Z INFO ExtensionManager] Creating instance: GitHub.Runner.Worker.SetOutputCommandExtension, Runner.Worker
[2025-03-18 11:22:30Z INFO ExtensionManager] Creating instance: GitHub.Runner.Worker.SaveStateCommandExtension, Runner.Worker
[2025-03-18 11:22:30Z INFO ExtensionManager] Creating instance: GitHub.Runner.Worker.AddPathCommandExtension, Runner.Worker
[2025-03-18 11:22:30Z INFO ExtensionManager] Creating instance: GitHub.Runner.Worker.AddMaskCommandExtension, Runner.Worker
[2025-03-18 11:22:30Z INFO ExtensionManager] Creating instance: GitHub.Runner.Worker.AddMatcherCommandExtension, Runner.Worker
[2025-03-18 11:22:30Z INFO ExtensionManager] Creating instance: GitHub.Runner.Worker.RemoveMatcherCommandExtension, Runner.Worker
[2025-03-18 11:22:30Z INFO ExtensionManager] Creating instance: GitHub.Runner.Worker.WarningCommandExtension, Runner.Worker
[2025-03-18 11:22:30Z INFO ExtensionManager] Creating instance: GitHub.Runner.Worker.ErrorCommandExtension, Runner.Worker
[2025-03-18 11:22:30Z INFO ExtensionManager] Creating instance: GitHub.Runner.Worker.NoticeCommandExtension, Runner.Worker
[2025-03-18 11:22:30Z INFO ExtensionManager] Creating instance: GitHub.Runner.Worker.DebugCommandExtension, Runner.Worker
[2025-03-18 11:22:30Z INFO ExtensionManager] Creating instance: GitHub.Runner.Worker.GroupCommandExtension, Runner.Worker
[2025-03-18 11:22:30Z INFO ExtensionManager] Creating instance: GitHub.Runner.Worker.EndGroupCommandExtension, Runner.Worker
[2025-03-18 11:22:30Z INFO ExtensionManager] Creating instance: GitHub.Runner.Worker.EchoCommandExtension, Runner.Worker
[2025-03-18 11:22:30Z INFO ActionCommandManager] Register action command extension for command internal-set-repo-path
[2025-03-18 11:22:30Z INFO ActionCommandManager] Register action command extension for command set-env
[2025-03-18 11:22:30Z INFO ActionCommandManager] Register action command extension for command set-output
[2025-03-18 11:22:30Z INFO ActionCommandManager] Register action command extension for command save-state
[2025-03-18 11:22:30Z INFO ActionCommandManager] Register action command extension for command add-path
[2025-03-18 11:22:30Z INFO ActionCommandManager] Register action command extension for command add-mask
[2025-03-18 11:22:30Z INFO ActionCommandManager] Register action command extension for command add-matcher
[2025-03-18 11:22:30Z INFO ActionCommandManager] Register action command extension for command remove-matcher
[2025-03-18 11:22:30Z INFO ActionCommandManager] Register action command extension for command warning
[2025-03-18 11:22:30Z INFO ActionCommandManager] Register action command extension for command error
[2025-03-18 11:22:30Z INFO ActionCommandManager] Register action command extension for command notice
[2025-03-18 11:22:30Z INFO ActionCommandManager] Register action command extension for command debug
[2025-03-18 11:22:30Z INFO ActionCommandManager] Register action command extension for command group
[2025-03-18 11:22:30Z INFO ActionCommandManager] Register action command extension for command endgroup
[2025-03-18 11:22:30Z INFO ActionCommandManager] Register action command extension for command echo
[2025-03-18 11:22:30Z INFO HostContext] Well known directory 'Bin': '/home/jenny/tensorflow-mri/actions-runner/bin'
[2025-03-18 11:22:30Z INFO HostContext] Well known directory 'Root': '/home/jenny/tensorflow-mri/actions-runner'
[2025-03-18 11:22:30Z INFO HostContext] Well known directory 'Work': '/home/jenny/tensorflow-mri/actions-runner/_work'
[2025-03-18 11:22:30Z INFO ProcessInvokerWrapper] Starting process:
[2025-03-18 11:22:30Z INFO ProcessInvokerWrapper]   File name: '/usr/bin/docker'
[2025-03-18 11:22:30Z INFO ProcessInvokerWrapper]   Arguments: 'exec  7d0d22bd978309e2e76882104f036f0710e0317ce6e7a4ba084e4bdfcd40d524 sh -c "cat /etc/*release | grep ^ID"'
[2025-03-18 11:22:30Z INFO ProcessInvokerWrapper]   Working directory: '/home/jenny/tensorflow-mri/actions-runner/_work'
[2025-03-18 11:22:30Z INFO ProcessInvokerWrapper]   Require exit code zero: 'False'
[2025-03-18 11:22:30Z INFO ProcessInvokerWrapper]   Encoding web name:  ; code page: ''
[2025-03-18 11:22:30Z INFO ProcessInvokerWrapper]   Force kill process on cancellation: 'False'
[2025-03-18 11:22:30Z INFO ProcessInvokerWrapper]   Redirected STDIN: 'False'
[2025-03-18 11:22:30Z INFO ProcessInvokerWrapper]   Persist current code page: 'False'
[2025-03-18 11:22:30Z INFO ProcessInvokerWrapper]   Keep redirected STDIN open: 'False'
[2025-03-18 11:22:30Z INFO ProcessInvokerWrapper]   High priority process: 'False'
[2025-03-18 11:22:30Z INFO ProcessInvokerWrapper] Updated oom_score_adj to 500 for PID: 840738.
[2025-03-18 11:22:30Z INFO ProcessInvokerWrapper] Process started with process id 840738, waiting for process exit.
[2025-03-18 11:22:30Z INFO JobServerQueue] Try to append 1 batches web console lines for record '0accd8c9-bbc1-4948-88a6-5e01992f6c91', success rate: 1/1.
[2025-03-18 11:22:30Z INFO JobServerQueue] Try to append 1 batches web console lines for record 'cadd12df-5326-4e53-8581-381b4385960e', success rate: 1/1.
[2025-03-18 11:22:30Z INFO ProcessInvokerWrapper] STDOUT/STDERR stream read finished.
[2025-03-18 11:22:30Z INFO ProcessInvokerWrapper] STDOUT/STDERR stream read finished.
[2025-03-18 11:22:30Z INFO ProcessInvokerWrapper] Finished process 840738 with exit code 0, and elapsed time 00:00:00.0432036.
[2025-03-18 11:22:30Z INFO HostContext] Well known directory 'Bin': '/home/jenny/tensorflow-mri/actions-runner/bin'
[2025-03-18 11:22:30Z INFO HostContext] Well known directory 'Root': '/home/jenny/tensorflow-mri/actions-runner'
[2025-03-18 11:22:30Z INFO HostContext] Well known directory 'Externals': '/home/jenny/tensorflow-mri/actions-runner/externals'
[2025-03-18 11:22:30Z INFO HostContext] Well known directory 'Bin': '/home/jenny/tensorflow-mri/actions-runner/bin'
[2025-03-18 11:22:30Z INFO HostContext] Well known directory 'Root': '/home/jenny/tensorflow-mri/actions-runner'
[2025-03-18 11:22:30Z INFO HostContext] Well known directory 'Work': '/home/jenny/tensorflow-mri/actions-runner/_work'
[2025-03-18 11:22:30Z INFO ProcessInvokerWrapper] Starting process:
[2025-03-18 11:22:30Z INFO ProcessInvokerWrapper]   File name: '/usr/bin/docker'
[2025-03-18 11:22:30Z INFO ProcessInvokerWrapper]   Arguments: 'exec -i --workdir /__w/tensorflow-mri/tensorflow-mri -e "PYTHON" -e "INPUT_REPOSITORY" -e "INPUT_REF" -e "INPUT_TOKEN" -e "INPUT_SSH-KEY" -e "INPUT_SSH-KNOWN-HOSTS" -e "INPUT_SSH-STRICT" -e "INPUT_SSH-USER" -e "INPUT_PERSIST-CREDENTIALS" -e "INPUT_PATH" -e "INPUT_CLEAN" -e "INPUT_FILTER" -e "INPUT_SPARSE-CHECKOUT" -e "INPUT_SPARSE-CHECKOUT-CONE-MODE" -e "INPUT_FETCH-DEPTH" -e "INPUT_FETCH-TAGS" -e "INPUT_SHOW-PROGRESS" -e "INPUT_LFS" -e "INPUT_SUBMODULES" -e "INPUT_SET-SAFE-DIRECTORY" -e "INPUT_GITHUB-SERVER-URL" -e "GITHUB_JOB" -e "GITHUB_REF" -e "GITHUB_SHA" -e "GITHUB_REPOSITORY" -e "GITHUB_REPOSITORY_OWNER" -e "GITHUB_REPOSITORY_OWNER_ID" -e "GITHUB_RUN_ID" -e "GITHUB_RUN_NUMBER" -e "GITHUB_RETENTION_DAYS" -e "GITHUB_RUN_ATTEMPT" -e "GITHUB_ACTOR_ID" -e "GITHUB_ACTOR" -e "GITHUB_WORKFLOW" -e "GITHUB_HEAD_REF" -e "GITHUB_BASE_REF" -e "GITHUB_EVENT_NAME" -e "GITHUB_SERVER_URL" -e "GITHUB_API_URL" -e "GITHUB_GRAPHQL_URL" -e "GITHUB_REF_NAME" -e "GITHUB_REF_PROTECTED" -e "GITHUB_REF_TYPE" -e "GITHUB_WORKFLOW_REF" -e "GITHUB_WORKFLOW_SHA" -e "GITHUB_REPOSITORY_ID" -e "GITHUB_TRIGGERING_ACTOR" -e "GITHUB_WORKSPACE" -e "GITHUB_ACTION" -e "GITHUB_EVENT_PATH" -e "GITHUB_ACTION_REPOSITORY" -e "GITHUB_ACTION_REF" -e "GITHUB_PATH" -e "GITHUB_ENV" -e "GITHUB_STEP_SUMMARY" -e "GITHUB_STATE" -e "GITHUB_OUTPUT" -e "RUNNER_OS" -e "RUNNER_ARCH" -e "RUNNER_NAME" -e "RUNNER_ENVIRONMENT" -e "RUNNER_TOOL_CACHE" -e "RUNNER_TEMP" -e "RUNNER_WORKSPACE" -e "ACTIONS_RUNTIME_URL" -e "ACTIONS_RUNTIME_TOKEN" -e "ACTIONS_CACHE_URL" -e "ACTIONS_RESULTS_URL" -e "ACTIONS_CACHE_SERVICE_V2" 7d0d22bd978309e2e76882104f036f0710e0317ce6e7a4ba084e4bdfcd40d524 /__e/node20/bin/node /__w/_actions/actions/checkout/v4/dist/index.js'
[2025-03-18 11:22:30Z INFO ProcessInvokerWrapper]   Working directory: '/home/jenny/tensorflow-mri/actions-runner/_work'
[2025-03-18 11:22:30Z INFO ProcessInvokerWrapper]   Require exit code zero: 'False'
[2025-03-18 11:22:30Z INFO ProcessInvokerWrapper]   Encoding web name:  ; code page: ''
[2025-03-18 11:22:30Z INFO ProcessInvokerWrapper]   Force kill process on cancellation: 'False'
[2025-03-18 11:22:30Z INFO ProcessInvokerWrapper]   Redirected STDIN: 'False'
[2025-03-18 11:22:30Z INFO ProcessInvokerWrapper]   Persist current code page: 'False'
[2025-03-18 11:22:30Z INFO ProcessInvokerWrapper]   Keep redirected STDIN open: 'False'
[2025-03-18 11:22:30Z INFO ProcessInvokerWrapper]   High priority process: 'False'
[2025-03-18 11:22:30Z INFO ProcessInvokerWrapper] Updated oom_score_adj to 500 for PID: 840766.
[2025-03-18 11:22:30Z INFO ProcessInvokerWrapper] Process started with process id 840766, waiting for process exit.
[2025-03-18 11:22:30Z INFO AddMaskCommandExtension] Add new secret mask with length of 76
[2025-03-18 11:22:30Z INFO JobServerQueue] Try to append 1 batches web console lines for record 'cadd12df-5326-4e53-8581-381b4385960e', success rate: 1/1.
[2025-03-18 11:22:31Z INFO JobServerQueue] Try to append 1 batches web console lines for record 'cadd12df-5326-4e53-8581-381b4385960e', success rate: 1/1.
[2025-03-18 11:22:31Z INFO JobServerQueue] Try to upload 1 log files or attachments, success rate: 1/1.
[2025-03-18 11:22:31Z INFO JobServerQueue] Got a step log file to send to results service.
[2025-03-18 11:22:31Z INFO JobServerQueue] Starting upload of step log file to results service ResultsLog, /home/jenny/tensorflow-mri/actions-runner/_diag/blocks/c20b5653-0f9a-454e-bac6-4ff740629ab9_0accd8c9-bbc1-4948-88a6-5e01992f6c91.1
[2025-03-18 11:22:31Z INFO JobServerQueue] Tried to upload 1 file(s) to results, success rate: 1/1.
[2025-03-18 11:22:33Z INFO HostContext] Well known directory 'Bin': '/home/jenny/tensorflow-mri/actions-runner/bin'
[2025-03-18 11:22:33Z INFO HostContext] Well known directory 'Root': '/home/jenny/tensorflow-mri/actions-runner'
[2025-03-18 11:22:33Z INFO HostContext] Well known directory 'Work': '/home/jenny/tensorflow-mri/actions-runner/_work'
[2025-03-18 11:22:42Z INFO JobServerQueue] Stop aggressive process web console line queue.
[2025-03-18 11:22:43Z INFO HostContext] Well known directory 'Bin': '/home/jenny/tensorflow-mri/actions-runner/bin'
[2025-03-18 11:22:43Z INFO HostContext] Well known directory 'Root': '/home/jenny/tensorflow-mri/actions-runner'
[2025-03-18 11:22:43Z INFO HostContext] Well known directory 'Work': '/home/jenny/tensorflow-mri/actions-runner/_work'
[2025-03-18 11:22:45Z INFO JobServerQueue] Try to append 1 batches web console lines for record 'cadd12df-5326-4e53-8581-381b4385960e', success rate: 1/1.
[2025-03-18 11:22:46Z INFO JobServerQueue] Try to append 1 batches web console lines for record 'cadd12df-5326-4e53-8581-381b4385960e', success rate: 1/1.
[2025-03-18 11:22:46Z INFO JobServerQueue] Try to append 1 batches web console lines for record 'cadd12df-5326-4e53-8581-381b4385960e', success rate: 1/1.
[2025-03-18 11:22:47Z INFO ProcessInvokerWrapper] STDOUT/STDERR stream read finished.
[2025-03-18 11:22:47Z INFO ProcessInvokerWrapper] STDOUT/STDERR stream read finished.
[2025-03-18 11:22:47Z INFO ProcessInvokerWrapper] Finished process 840766 with exit code 0, and elapsed time 00:00:16.2735460.
[2025-03-18 11:22:47Z INFO CreateStepSummaryCommand] Step Summary file (/home/jenny/tensorflow-mri/actions-runner/_work/_temp/_runner_file_commands/step_summary_e88953bc-3747-4c51-8555-465c61030e91) is empty; skipping attachment upload
[2025-03-18 11:22:47Z INFO StepsRunner] Step result: 
[2025-03-18 11:22:47Z INFO ExecutionContext] Publish step telemetry for current step {
  "action": "actions/checkout",
  "ref": "v4",
  "type": "node20",
  "stage": "Main",
  "stepId": "cadd12df-5326-4e53-8581-381b4385960e",
  "stepContextName": "__actions_checkout",
  "hasPreStep": false,
  "hasPostStep": true,
  "result": "succeeded",
  "errorMessages": [],
  "executionTimeInSeconds": 17,
  "startTime": "2025-03-18T11:22:30.6678013Z",
  "finishTime": "2025-03-18T11:22:47.0193771Z"
}.
[2025-03-18 11:22:47Z INFO StepsRunner] No need for updating job result with current step result 'Succeeded'.
[2025-03-18 11:22:47Z INFO StepsRunner] Current state: job state = ''
[2025-03-18 11:22:47Z INFO StepsRunner] Processing step: DisplayName='Free Disk Space Before Build'
[2025-03-18 11:22:47Z INFO StepsRunner] Evaluating: success()
[2025-03-18 11:22:47Z INFO StepsRunner] Result: true
[2025-03-18 11:22:47Z INFO StepsRunner] Starting the step.
[2025-03-18 11:22:47Z INFO HostContext] Well known directory 'Bin': '/home/jenny/tensorflow-mri/actions-runner/bin'
[2025-03-18 11:22:47Z INFO HostContext] Well known directory 'Root': '/home/jenny/tensorflow-mri/actions-runner'
[2025-03-18 11:22:47Z INFO HostContext] Well known directory 'Work': '/home/jenny/tensorflow-mri/actions-runner/_work'
[2025-03-18 11:22:47Z INFO HostContext] Well known directory 'Temp': '/home/jenny/tensorflow-mri/actions-runner/_work/_temp'
[2025-03-18 11:22:47Z INFO ExecutionContext] Write event payload to /home/jenny/tensorflow-mri/actions-runner/_work/_temp/_github_workflow/event.json
[2025-03-18 11:22:47Z INFO HostContext] Well known directory 'Bin': '/home/jenny/tensorflow-mri/actions-runner/bin'
[2025-03-18 11:22:47Z INFO HostContext] Well known directory 'Root': '/home/jenny/tensorflow-mri/actions-runner'
[2025-03-18 11:22:47Z INFO HostContext] Well known directory 'Work': '/home/jenny/tensorflow-mri/actions-runner/_work'
[2025-03-18 11:22:47Z INFO HostContext] Well known directory 'Temp': '/home/jenny/tensorflow-mri/actions-runner/_work/_temp'
[2025-03-18 11:22:47Z INFO ExtensionManager] Getting extensions for interface: 'GitHub.Runner.Worker.IFileCommandExtension'
[2025-03-18 11:22:47Z INFO ExtensionManager] Getting extensions for interface: 'GitHub.Runner.Worker.IActionCommandExtension'
[2025-03-18 11:22:47Z INFO ActionCommandManager] Register action command extension for command internal-set-repo-path
[2025-03-18 11:22:47Z INFO ActionCommandManager] Register action command extension for command set-env
[2025-03-18 11:22:47Z INFO ActionCommandManager] Register action command extension for command set-output
[2025-03-18 11:22:47Z INFO ActionCommandManager] Register action command extension for command save-state
[2025-03-18 11:22:47Z INFO ActionCommandManager] Register action command extension for command add-path
[2025-03-18 11:22:47Z INFO ActionCommandManager] Register action command extension for command add-mask
[2025-03-18 11:22:47Z INFO ActionCommandManager] Register action command extension for command add-matcher
[2025-03-18 11:22:47Z INFO ActionCommandManager] Register action command extension for command remove-matcher
[2025-03-18 11:22:47Z INFO ActionCommandManager] Register action command extension for command warning
[2025-03-18 11:22:47Z INFO ActionCommandManager] Register action command extension for command error
[2025-03-18 11:22:47Z INFO ActionCommandManager] Register action command extension for command notice
[2025-03-18 11:22:47Z INFO ActionCommandManager] Register action command extension for command debug
[2025-03-18 11:22:47Z INFO ActionCommandManager] Register action command extension for command group
[2025-03-18 11:22:47Z INFO ActionCommandManager] Register action command extension for command endgroup
[2025-03-18 11:22:47Z INFO ActionCommandManager] Register action command extension for command echo
[2025-03-18 11:22:47Z INFO HostContext] Well known directory 'Bin': '/home/jenny/tensorflow-mri/actions-runner/bin'
[2025-03-18 11:22:47Z INFO HostContext] Well known directory 'Root': '/home/jenny/tensorflow-mri/actions-runner'
[2025-03-18 11:22:47Z INFO HostContext] Well known directory 'Work': '/home/jenny/tensorflow-mri/actions-runner/_work'
[2025-03-18 11:22:47Z INFO HostContext] Well known directory 'Temp': '/home/jenny/tensorflow-mri/actions-runner/_work/_temp'
[2025-03-18 11:22:47Z INFO ScriptHandler] Which2: 'bash'
[2025-03-18 11:22:47Z INFO ScriptHandler] Location: '/usr/bin/bash'
[2025-03-18 11:22:47Z INFO HostContext] Well known directory 'Bin': '/home/jenny/tensorflow-mri/actions-runner/bin'
[2025-03-18 11:22:47Z INFO HostContext] Well known directory 'Root': '/home/jenny/tensorflow-mri/actions-runner'
[2025-03-18 11:22:47Z INFO HostContext] Well known directory 'Work': '/home/jenny/tensorflow-mri/actions-runner/_work'
[2025-03-18 11:22:47Z INFO ProcessInvokerWrapper] Starting process:
[2025-03-18 11:22:47Z INFO ProcessInvokerWrapper]   File name: '/usr/bin/docker'
[2025-03-18 11:22:47Z INFO ProcessInvokerWrapper]   Arguments: 'exec -i --workdir /__w/tensorflow-mri/tensorflow-mri -e "PYTHON" -e "GITHUB_JOB" -e "GITHUB_REF" -e "GITHUB_SHA" -e "GITHUB_REPOSITORY" -e "GITHUB_REPOSITORY_OWNER" -e "GITHUB_REPOSITORY_OWNER_ID" -e "GITHUB_RUN_ID" -e "GITHUB_RUN_NUMBER" -e "GITHUB_RETENTION_DAYS" -e "GITHUB_RUN_ATTEMPT" -e "GITHUB_ACTOR_ID" -e "GITHUB_ACTOR" -e "GITHUB_WORKFLOW" -e "GITHUB_HEAD_REF" -e "GITHUB_BASE_REF" -e "GITHUB_EVENT_NAME" -e "GITHUB_SERVER_URL" -e "GITHUB_API_URL" -e "GITHUB_GRAPHQL_URL" -e "GITHUB_REF_NAME" -e "GITHUB_REF_PROTECTED" -e "GITHUB_REF_TYPE" -e "GITHUB_WORKFLOW_REF" -e "GITHUB_WORKFLOW_SHA" -e "GITHUB_REPOSITORY_ID" -e "GITHUB_TRIGGERING_ACTOR" -e "GITHUB_WORKSPACE" -e "GITHUB_ACTION" -e "GITHUB_EVENT_PATH" -e "GITHUB_ACTION_REPOSITORY" -e "GITHUB_ACTION_REF" -e "GITHUB_PATH" -e "GITHUB_ENV" -e "GITHUB_STEP_SUMMARY" -e "GITHUB_STATE" -e "GITHUB_OUTPUT" -e "RUNNER_OS" -e "RUNNER_ARCH" -e "RUNNER_NAME" -e "RUNNER_ENVIRONMENT" -e "RUNNER_TOOL_CACHE" -e "RUNNER_TEMP" -e "RUNNER_WORKSPACE" 7d0d22bd978309e2e76882104f036f0710e0317ce6e7a4ba084e4bdfcd40d524 sh -e /__w/_temp/7896a0a2-4812-4cbf-b6fa-49d0bbef219b.sh'
[2025-03-18 11:22:47Z INFO ProcessInvokerWrapper]   Working directory: '/home/jenny/tensorflow-mri/actions-runner/_work'
[2025-03-18 11:22:47Z INFO ProcessInvokerWrapper]   Require exit code zero: 'False'
[2025-03-18 11:22:47Z INFO ProcessInvokerWrapper]   Encoding web name:  ; code page: ''
[2025-03-18 11:22:47Z INFO ProcessInvokerWrapper]   Force kill process on cancellation: 'False'
[2025-03-18 11:22:47Z INFO ProcessInvokerWrapper]   Redirected STDIN: 'False'
[2025-03-18 11:22:47Z INFO ProcessInvokerWrapper]   Persist current code page: 'False'
[2025-03-18 11:22:47Z INFO ProcessInvokerWrapper]   Keep redirected STDIN open: 'False'
[2025-03-18 11:22:47Z INFO ProcessInvokerWrapper]   High priority process: 'False'
[2025-03-18 11:22:47Z INFO ProcessInvokerWrapper] Updated oom_score_adj to 500 for PID: 840985.
[2025-03-18 11:22:47Z INFO ProcessInvokerWrapper] Process started with process id 840985, waiting for process exit.
[2025-03-18 11:22:47Z INFO JobServerQueue] Try to append 1 batches web console lines for record 'cadd12df-5326-4e53-8581-381b4385960e', success rate: 1/1.
[2025-03-18 11:22:47Z INFO JobServerQueue] Try to append 1 batches web console lines for record '86151128-3226-483a-ba25-bcc8fe0af449', success rate: 1/1.
[2025-03-18 11:22:47Z INFO ProcessInvokerWrapper] STDOUT/STDERR stream read finished.
[2025-03-18 11:22:47Z INFO ProcessInvokerWrapper] STDOUT/STDERR stream read finished.
[2025-03-18 11:22:47Z INFO ProcessInvokerWrapper] Finished process 840985 with exit code 0, and elapsed time 00:00:00.0998392.
[2025-03-18 11:22:47Z INFO CreateStepSummaryCommand] Step Summary file (/home/jenny/tensorflow-mri/actions-runner/_work/_temp/_runner_file_commands/step_summary_545f9404-7daa-4c20-bf5f-8c2f70f532f6) is empty; skipping attachment upload
[2025-03-18 11:22:47Z INFO StepsRunner] Step result: 
[2025-03-18 11:22:47Z INFO ExecutionContext] Publish step telemetry for current step {
  "action": "sh",
  "type": "run",
  "stage": "Main",
  "stepId": "86151128-3226-483a-ba25-bcc8fe0af449",
  "stepContextName": "__run",
  "result": "succeeded",
  "errorMessages": [],
  "executionTimeInSeconds": 1,
  "startTime": "2025-03-18T11:22:47.0200009Z",
  "finishTime": "2025-03-18T11:22:47.1283763Z"
}.
[2025-03-18 11:22:47Z INFO StepsRunner] No need for updating job result with current step result 'Succeeded'.
[2025-03-18 11:22:47Z INFO StepsRunner] Current state: job state = ''
[2025-03-18 11:22:47Z INFO StepsRunner] Processing step: DisplayName='Lint code'
[2025-03-18 11:22:47Z INFO StepsRunner] Evaluating: success()
[2025-03-18 11:22:47Z INFO StepsRunner] Result: true
[2025-03-18 11:22:47Z INFO StepsRunner] Starting the step.
[2025-03-18 11:22:47Z INFO HostContext] Well known directory 'Bin': '/home/jenny/tensorflow-mri/actions-runner/bin'
[2025-03-18 11:22:47Z INFO HostContext] Well known directory 'Root': '/home/jenny/tensorflow-mri/actions-runner'
[2025-03-18 11:22:47Z INFO HostContext] Well known directory 'Work': '/home/jenny/tensorflow-mri/actions-runner/_work'
[2025-03-18 11:22:47Z INFO HostContext] Well known directory 'Temp': '/home/jenny/tensorflow-mri/actions-runner/_work/_temp'
[2025-03-18 11:22:47Z INFO ExecutionContext] Write event payload to /home/jenny/tensorflow-mri/actions-runner/_work/_temp/_github_workflow/event.json
[2025-03-18 11:22:47Z INFO HostContext] Well known directory 'Bin': '/home/jenny/tensorflow-mri/actions-runner/bin'
[2025-03-18 11:22:47Z INFO HostContext] Well known directory 'Root': '/home/jenny/tensorflow-mri/actions-runner'
[2025-03-18 11:22:47Z INFO HostContext] Well known directory 'Work': '/home/jenny/tensorflow-mri/actions-runner/_work'
[2025-03-18 11:22:47Z INFO HostContext] Well known directory 'Temp': '/home/jenny/tensorflow-mri/actions-runner/_work/_temp'
[2025-03-18 11:22:47Z INFO ExtensionManager] Getting extensions for interface: 'GitHub.Runner.Worker.IFileCommandExtension'
[2025-03-18 11:22:47Z INFO ExtensionManager] Getting extensions for interface: 'GitHub.Runner.Worker.IActionCommandExtension'
[2025-03-18 11:22:47Z INFO ActionCommandManager] Register action command extension for command internal-set-repo-path
[2025-03-18 11:22:47Z INFO ActionCommandManager] Register action command extension for command set-env
[2025-03-18 11:22:47Z INFO ActionCommandManager] Register action command extension for command set-output
[2025-03-18 11:22:47Z INFO ActionCommandManager] Register action command extension for command save-state
[2025-03-18 11:22:47Z INFO ActionCommandManager] Register action command extension for command add-path
[2025-03-18 11:22:47Z INFO ActionCommandManager] Register action command extension for command add-mask
[2025-03-18 11:22:47Z INFO ActionCommandManager] Register action command extension for command add-matcher
[2025-03-18 11:22:47Z INFO ActionCommandManager] Register action command extension for command remove-matcher
[2025-03-18 11:22:47Z INFO ActionCommandManager] Register action command extension for command warning
[2025-03-18 11:22:47Z INFO ActionCommandManager] Register action command extension for command error
[2025-03-18 11:22:47Z INFO ActionCommandManager] Register action command extension for command notice
[2025-03-18 11:22:47Z INFO ActionCommandManager] Register action command extension for command debug
[2025-03-18 11:22:47Z INFO ActionCommandManager] Register action command extension for command group
[2025-03-18 11:22:47Z INFO ActionCommandManager] Register action command extension for command endgroup
[2025-03-18 11:22:47Z INFO ActionCommandManager] Register action command extension for command echo
[2025-03-18 11:22:47Z INFO HostContext] Well known directory 'Bin': '/home/jenny/tensorflow-mri/actions-runner/bin'
[2025-03-18 11:22:47Z INFO HostContext] Well known directory 'Root': '/home/jenny/tensorflow-mri/actions-runner'
[2025-03-18 11:22:47Z INFO HostContext] Well known directory 'Work': '/home/jenny/tensorflow-mri/actions-runner/_work'
[2025-03-18 11:22:47Z INFO HostContext] Well known directory 'Temp': '/home/jenny/tensorflow-mri/actions-runner/_work/_temp'
[2025-03-18 11:22:47Z INFO ScriptHandler] Which2: 'bash'
[2025-03-18 11:22:47Z INFO ScriptHandler] Location: '/usr/bin/bash'
[2025-03-18 11:22:47Z INFO HostContext] Well known directory 'Bin': '/home/jenny/tensorflow-mri/actions-runner/bin'
[2025-03-18 11:22:47Z INFO HostContext] Well known directory 'Root': '/home/jenny/tensorflow-mri/actions-runner'
[2025-03-18 11:22:47Z INFO HostContext] Well known directory 'Work': '/home/jenny/tensorflow-mri/actions-runner/_work'
[2025-03-18 11:22:47Z INFO ProcessInvokerWrapper] Starting process:
[2025-03-18 11:22:47Z INFO ProcessInvokerWrapper]   File name: '/usr/bin/docker'
[2025-03-18 11:22:47Z INFO ProcessInvokerWrapper]   Arguments: 'exec -i --workdir /__w/tensorflow-mri/tensorflow-mri -e "PYTHON" -e "GITHUB_JOB" -e "GITHUB_REF" -e "GITHUB_SHA" -e "GITHUB_REPOSITORY" -e "GITHUB_REPOSITORY_OWNER" -e "GITHUB_REPOSITORY_OWNER_ID" -e "GITHUB_RUN_ID" -e "GITHUB_RUN_NUMBER" -e "GITHUB_RETENTION_DAYS" -e "GITHUB_RUN_ATTEMPT" -e "GITHUB_ACTOR_ID" -e "GITHUB_ACTOR" -e "GITHUB_WORKFLOW" -e "GITHUB_HEAD_REF" -e "GITHUB_BASE_REF" -e "GITHUB_EVENT_NAME" -e "GITHUB_SERVER_URL" -e "GITHUB_API_URL" -e "GITHUB_GRAPHQL_URL" -e "GITHUB_REF_NAME" -e "GITHUB_REF_PROTECTED" -e "GITHUB_REF_TYPE" -e "GITHUB_WORKFLOW_REF" -e "GITHUB_WORKFLOW_SHA" -e "GITHUB_REPOSITORY_ID" -e "GITHUB_TRIGGERING_ACTOR" -e "GITHUB_WORKSPACE" -e "GITHUB_ACTION" -e "GITHUB_EVENT_PATH" -e "GITHUB_ACTION_REPOSITORY" -e "GITHUB_ACTION_REF" -e "GITHUB_PATH" -e "GITHUB_ENV" -e "GITHUB_STEP_SUMMARY" -e "GITHUB_STATE" -e "GITHUB_OUTPUT" -e "RUNNER_OS" -e "RUNNER_ARCH" -e "RUNNER_NAME" -e "RUNNER_ENVIRONMENT" -e "RUNNER_TOOL_CACHE" -e "RUNNER_TEMP" -e "RUNNER_WORKSPACE" 7d0d22bd978309e2e76882104f036f0710e0317ce6e7a4ba084e4bdfcd40d524 sh -e /__w/_temp/752afca3-6d3e-4b60-b3c8-3f691c1dcec3.sh'
[2025-03-18 11:22:47Z INFO ProcessInvokerWrapper]   Working directory: '/home/jenny/tensorflow-mri/actions-runner/_work'
[2025-03-18 11:22:47Z INFO ProcessInvokerWrapper]   Require exit code zero: 'False'
[2025-03-18 11:22:47Z INFO ProcessInvokerWrapper]   Encoding web name:  ; code page: ''
[2025-03-18 11:22:47Z INFO ProcessInvokerWrapper]   Force kill process on cancellation: 'False'
[2025-03-18 11:22:47Z INFO ProcessInvokerWrapper]   Redirected STDIN: 'False'
[2025-03-18 11:22:47Z INFO ProcessInvokerWrapper]   Persist current code page: 'False'
[2025-03-18 11:22:47Z INFO ProcessInvokerWrapper]   Keep redirected STDIN open: 'False'
[2025-03-18 11:22:47Z INFO ProcessInvokerWrapper]   High priority process: 'False'
[2025-03-18 11:22:47Z INFO ProcessInvokerWrapper] Updated oom_score_adj to 500 for PID: 841030.
[2025-03-18 11:22:47Z INFO ProcessInvokerWrapper] Process started with process id 841030, waiting for process exit.
[2025-03-18 11:22:47Z INFO JobServerQueue] Try to upload 2 log files or attachments, success rate: 2/2.
[2025-03-18 11:22:47Z INFO JobServerQueue] Try to append 1 batches web console lines for record '86151128-3226-483a-ba25-bcc8fe0af449', success rate: 1/1.
[2025-03-18 11:22:47Z INFO JobServerQueue] Try to append 1 batches web console lines for record 'b61cc9e3-e41d-47cd-9722-dfc61d01f084', success rate: 1/1.
[2025-03-18 11:22:47Z INFO JobServerQueue] Got a step log file to send to results service.
[2025-03-18 11:22:47Z INFO JobServerQueue] Starting upload of step log file to results service ResultsLog, /home/jenny/tensorflow-mri/actions-runner/_diag/blocks/c20b5653-0f9a-454e-bac6-4ff740629ab9_cadd12df-5326-4e53-8581-381b4385960e.1
[2025-03-18 11:22:48Z INFO JobServerQueue] Try to append 1 batches web console lines for record 'b61cc9e3-e41d-47cd-9722-dfc61d01f084', success rate: 1/1.
[2025-03-18 11:22:48Z INFO JobServerQueue] Got a step log file to send to results service.
[2025-03-18 11:22:48Z INFO JobServerQueue] Starting upload of step log file to results service ResultsLog, /home/jenny/tensorflow-mri/actions-runner/_diag/blocks/c20b5653-0f9a-454e-bac6-4ff740629ab9_86151128-3226-483a-ba25-bcc8fe0af449.1
[2025-03-18 11:22:48Z INFO JobServerQueue] Tried to upload 2 file(s) to results, success rate: 2/2.
[2025-03-18 11:22:49Z INFO JobServerQueue] Try to append 1 batches web console lines for record 'b61cc9e3-e41d-47cd-9722-dfc61d01f084', success rate: 1/1.
[2025-03-18 11:22:51Z INFO JobServerQueue] Try to append 1 batches web console lines for record 'b61cc9e3-e41d-47cd-9722-dfc61d01f084', success rate: 1/1.
[2025-03-18 11:22:53Z INFO HostContext] Well known directory 'Bin': '/home/jenny/tensorflow-mri/actions-runner/bin'
[2025-03-18 11:22:53Z INFO HostContext] Well known directory 'Root': '/home/jenny/tensorflow-mri/actions-runner'
[2025-03-18 11:22:53Z INFO HostContext] Well known directory 'Work': '/home/jenny/tensorflow-mri/actions-runner/_work'
[2025-03-18 11:23:03Z INFO HostContext] Well known directory 'Bin': '/home/jenny/tensorflow-mri/actions-runner/bin'
[2025-03-18 11:23:03Z INFO HostContext] Well known directory 'Root': '/home/jenny/tensorflow-mri/actions-runner'
[2025-03-18 11:23:03Z INFO HostContext] Well known directory 'Work': '/home/jenny/tensorflow-mri/actions-runner/_work'
[2025-03-18 11:23:13Z INFO HostContext] Well known directory 'Bin': '/home/jenny/tensorflow-mri/actions-runner/bin'
[2025-03-18 11:23:13Z INFO HostContext] Well known directory 'Root': '/home/jenny/tensorflow-mri/actions-runner'
[2025-03-18 11:23:13Z INFO HostContext] Well known directory 'Work': '/home/jenny/tensorflow-mri/actions-runner/_work'
[2025-03-18 11:23:23Z INFO HostContext] Well known directory 'Bin': '/home/jenny/tensorflow-mri/actions-runner/bin'
[2025-03-18 11:23:23Z INFO HostContext] Well known directory 'Root': '/home/jenny/tensorflow-mri/actions-runner'
[2025-03-18 11:23:23Z INFO HostContext] Well known directory 'Work': '/home/jenny/tensorflow-mri/actions-runner/_work'
[2025-03-18 11:23:32Z INFO JobServerQueue] Try to append 1 batches web console lines for record 'b61cc9e3-e41d-47cd-9722-dfc61d01f084', success rate: 1/1.
[2025-03-18 11:23:33Z INFO HostContext] Well known directory 'Bin': '/home/jenny/tensorflow-mri/actions-runner/bin'
[2025-03-18 11:23:33Z INFO HostContext] Well known directory 'Root': '/home/jenny/tensorflow-mri/actions-runner'
[2025-03-18 11:23:33Z INFO HostContext] Well known directory 'Work': '/home/jenny/tensorflow-mri/actions-runner/_work'
[2025-03-18 11:23:38Z INFO ProcessInvokerWrapper] STDOUT/STDERR stream read finished.
[2025-03-18 11:23:38Z INFO ProcessInvokerWrapper] STDOUT/STDERR stream read finished.
[2025-03-18 11:23:38Z INFO ProcessInvokerWrapper] Finished process 841030 with exit code 0, and elapsed time 00:00:51.8443163.
[2025-03-18 11:23:38Z INFO CreateStepSummaryCommand] Step Summary file (/home/jenny/tensorflow-mri/actions-runner/_work/_temp/_runner_file_commands/step_summary_d364ffba-ff48-4b82-a0ec-2d50a61bc877) is empty; skipping attachment upload
[2025-03-18 11:23:38Z INFO StepsRunner] Step result: 
[2025-03-18 11:23:38Z INFO ExecutionContext] Publish step telemetry for current step {
  "action": "sh",
  "type": "run",
  "stage": "Main",
  "stepId": "b61cc9e3-e41d-47cd-9722-dfc61d01f084",
  "stepContextName": "__run_2",
  "result": "succeeded",
  "errorMessages": [],
  "executionTimeInSeconds": 52,
  "startTime": "2025-03-18T11:22:47.1292306Z",
  "finishTime": "2025-03-18T11:23:38.9804133Z"
}.
[2025-03-18 11:23:38Z INFO StepsRunner] No need for updating job result with current step result 'Succeeded'.
[2025-03-18 11:23:38Z INFO StepsRunner] Current state: job state = ''
[2025-03-18 11:23:38Z INFO StepsRunner] Processing step: DisplayName='Compile shared library'
[2025-03-18 11:23:38Z INFO StepsRunner] Evaluating: success()
[2025-03-18 11:23:38Z INFO StepsRunner] Result: true
[2025-03-18 11:23:38Z INFO StepsRunner] Starting the step.
[2025-03-18 11:23:38Z INFO HostContext] Well known directory 'Bin': '/home/jenny/tensorflow-mri/actions-runner/bin'
[2025-03-18 11:23:38Z INFO HostContext] Well known directory 'Root': '/home/jenny/tensorflow-mri/actions-runner'
[2025-03-18 11:23:38Z INFO HostContext] Well known directory 'Work': '/home/jenny/tensorflow-mri/actions-runner/_work'
[2025-03-18 11:23:38Z INFO HostContext] Well known directory 'Temp': '/home/jenny/tensorflow-mri/actions-runner/_work/_temp'
[2025-03-18 11:23:38Z INFO ExecutionContext] Write event payload to /home/jenny/tensorflow-mri/actions-runner/_work/_temp/_github_workflow/event.json
[2025-03-18 11:23:38Z INFO HostContext] Well known directory 'Bin': '/home/jenny/tensorflow-mri/actions-runner/bin'
[2025-03-18 11:23:38Z INFO HostContext] Well known directory 'Root': '/home/jenny/tensorflow-mri/actions-runner'
[2025-03-18 11:23:38Z INFO HostContext] Well known directory 'Work': '/home/jenny/tensorflow-mri/actions-runner/_work'
[2025-03-18 11:23:38Z INFO HostContext] Well known directory 'Temp': '/home/jenny/tensorflow-mri/actions-runner/_work/_temp'
[2025-03-18 11:23:38Z INFO ExtensionManager] Getting extensions for interface: 'GitHub.Runner.Worker.IFileCommandExtension'
[2025-03-18 11:23:38Z INFO ExtensionManager] Getting extensions for interface: 'GitHub.Runner.Worker.IActionCommandExtension'
[2025-03-18 11:23:38Z INFO ActionCommandManager] Register action command extension for command internal-set-repo-path
[2025-03-18 11:23:38Z INFO ActionCommandManager] Register action command extension for command set-env
[2025-03-18 11:23:38Z INFO ActionCommandManager] Register action command extension for command set-output
[2025-03-18 11:23:38Z INFO ActionCommandManager] Register action command extension for command save-state
[2025-03-18 11:23:38Z INFO ActionCommandManager] Register action command extension for command add-path
[2025-03-18 11:23:38Z INFO ActionCommandManager] Register action command extension for command add-mask
[2025-03-18 11:23:38Z INFO ActionCommandManager] Register action command extension for command add-matcher
[2025-03-18 11:23:38Z INFO ActionCommandManager] Register action command extension for command remove-matcher
[2025-03-18 11:23:38Z INFO ActionCommandManager] Register action command extension for command warning
[2025-03-18 11:23:38Z INFO ActionCommandManager] Register action command extension for command error
[2025-03-18 11:23:38Z INFO ActionCommandManager] Register action command extension for command notice
[2025-03-18 11:23:38Z INFO ActionCommandManager] Register action command extension for command debug
[2025-03-18 11:23:38Z INFO ActionCommandManager] Register action command extension for command group
[2025-03-18 11:23:38Z INFO ActionCommandManager] Register action command extension for command endgroup
[2025-03-18 11:23:38Z INFO ActionCommandManager] Register action command extension for command echo
[2025-03-18 11:23:38Z INFO HostContext] Well known directory 'Bin': '/home/jenny/tensorflow-mri/actions-runner/bin'
[2025-03-18 11:23:38Z INFO HostContext] Well known directory 'Root': '/home/jenny/tensorflow-mri/actions-runner'
[2025-03-18 11:23:38Z INFO HostContext] Well known directory 'Work': '/home/jenny/tensorflow-mri/actions-runner/_work'
[2025-03-18 11:23:38Z INFO HostContext] Well known directory 'Temp': '/home/jenny/tensorflow-mri/actions-runner/_work/_temp'
[2025-03-18 11:23:38Z INFO ScriptHandler] Which2: 'bash'
[2025-03-18 11:23:38Z INFO ScriptHandler] Location: '/usr/bin/bash'
[2025-03-18 11:23:38Z INFO HostContext] Well known directory 'Bin': '/home/jenny/tensorflow-mri/actions-runner/bin'
[2025-03-18 11:23:38Z INFO HostContext] Well known directory 'Root': '/home/jenny/tensorflow-mri/actions-runner'
[2025-03-18 11:23:38Z INFO HostContext] Well known directory 'Work': '/home/jenny/tensorflow-mri/actions-runner/_work'
[2025-03-18 11:23:38Z INFO ProcessInvokerWrapper] Starting process:
[2025-03-18 11:23:38Z INFO ProcessInvokerWrapper]   File name: '/usr/bin/docker'
[2025-03-18 11:23:38Z INFO ProcessInvokerWrapper]   Arguments: 'exec -i --workdir /__w/tensorflow-mri/tensorflow-mri -e "PYTHON" -e "GITHUB_JOB" -e "GITHUB_REF" -e "GITHUB_SHA" -e "GITHUB_REPOSITORY" -e "GITHUB_REPOSITORY_OWNER" -e "GITHUB_REPOSITORY_OWNER_ID" -e "GITHUB_RUN_ID" -e "GITHUB_RUN_NUMBER" -e "GITHUB_RETENTION_DAYS" -e "GITHUB_RUN_ATTEMPT" -e "GITHUB_ACTOR_ID" -e "GITHUB_ACTOR" -e "GITHUB_WORKFLOW" -e "GITHUB_HEAD_REF" -e "GITHUB_BASE_REF" -e "GITHUB_EVENT_NAME" -e "GITHUB_SERVER_URL" -e "GITHUB_API_URL" -e "GITHUB_GRAPHQL_URL" -e "GITHUB_REF_NAME" -e "GITHUB_REF_PROTECTED" -e "GITHUB_REF_TYPE" -e "GITHUB_WORKFLOW_REF" -e "GITHUB_WORKFLOW_SHA" -e "GITHUB_REPOSITORY_ID" -e "GITHUB_TRIGGERING_ACTOR" -e "GITHUB_WORKSPACE" -e "GITHUB_ACTION" -e "GITHUB_EVENT_PATH" -e "GITHUB_ACTION_REPOSITORY" -e "GITHUB_ACTION_REF" -e "GITHUB_PATH" -e "GITHUB_ENV" -e "GITHUB_STEP_SUMMARY" -e "GITHUB_STATE" -e "GITHUB_OUTPUT" -e "RUNNER_OS" -e "RUNNER_ARCH" -e "RUNNER_NAME" -e "RUNNER_ENVIRONMENT" -e "RUNNER_TOOL_CACHE" -e "RUNNER_TEMP" -e "RUNNER_WORKSPACE" 7d0d22bd978309e2e76882104f036f0710e0317ce6e7a4ba084e4bdfcd40d524 sh -e /__w/_temp/6c7c5449-fd12-4086-a4b8-56333b80b1b5.sh'
[2025-03-18 11:23:38Z INFO ProcessInvokerWrapper]   Working directory: '/home/jenny/tensorflow-mri/actions-runner/_work'
[2025-03-18 11:23:38Z INFO ProcessInvokerWrapper]   Require exit code zero: 'False'
[2025-03-18 11:23:38Z INFO ProcessInvokerWrapper]   Encoding web name:  ; code page: ''
[2025-03-18 11:23:38Z INFO ProcessInvokerWrapper]   Force kill process on cancellation: 'False'
[2025-03-18 11:23:38Z INFO ProcessInvokerWrapper]   Redirected STDIN: 'False'
[2025-03-18 11:23:38Z INFO ProcessInvokerWrapper]   Persist current code page: 'False'
[2025-03-18 11:23:38Z INFO ProcessInvokerWrapper]   Keep redirected STDIN open: 'False'
[2025-03-18 11:23:38Z INFO ProcessInvokerWrapper]   High priority process: 'False'
[2025-03-18 11:23:38Z INFO ProcessInvokerWrapper] Updated oom_score_adj to 500 for PID: 841689.
[2025-03-18 11:23:38Z INFO ProcessInvokerWrapper] Process started with process id 841689, waiting for process exit.
[2025-03-18 11:23:39Z INFO JobServerQueue] Try to append 1 batches web console lines for record 'a8150510-0d97-4e83-8d9c-b5e1d23201a3', success rate: 1/1.
[2025-03-18 11:23:39Z INFO JobServerQueue] Got a step log file to send to results service.
[2025-03-18 11:23:39Z INFO JobServerQueue] Starting upload of step log file to results service ResultsLog, /home/jenny/tensorflow-mri/actions-runner/_diag/blocks/c20b5653-0f9a-454e-bac6-4ff740629ab9_b61cc9e3-e41d-47cd-9722-dfc61d01f084.1
[2025-03-18 11:23:39Z INFO JobServerQueue] Try to upload 1 log files or attachments, success rate: 1/1.
[2025-03-18 11:23:39Z INFO JobServerQueue] Try to append 1 batches web console lines for record 'a8150510-0d97-4e83-8d9c-b5e1d23201a3', success rate: 1/1.
[2025-03-18 11:23:39Z INFO JobServerQueue] Tried to upload 1 file(s) to results, success rate: 1/1.
[2025-03-18 11:23:42Z INFO JobServerQueue] Try to append 1 batches web console lines for record 'a8150510-0d97-4e83-8d9c-b5e1d23201a3', success rate: 1/1.
[2025-03-18 11:23:43Z INFO HostContext] Well known directory 'Bin': '/home/jenny/tensorflow-mri/actions-runner/bin'
[2025-03-18 11:23:43Z INFO HostContext] Well known directory 'Root': '/home/jenny/tensorflow-mri/actions-runner'
[2025-03-18 11:23:43Z INFO HostContext] Well known directory 'Work': '/home/jenny/tensorflow-mri/actions-runner/_work'
[2025-03-18 11:23:44Z INFO JobServerQueue] Try to append 1 batches web console lines for record 'a8150510-0d97-4e83-8d9c-b5e1d23201a3', success rate: 1/1.
[2025-03-18 11:23:51Z INFO JobServerQueue] Try to append 2 batches web console lines for record 'a8150510-0d97-4e83-8d9c-b5e1d23201a3', success rate: 2/2.
[2025-03-18 11:23:51Z INFO ProcessInvokerWrapper] STDOUT/STDERR stream read finished.
[2025-03-18 11:23:51Z INFO ProcessInvokerWrapper] STDOUT/STDERR stream read finished.
[2025-03-18 11:23:51Z INFO ProcessInvokerWrapper] Finished process 841689 with exit code 0, and elapsed time 00:00:12.4274666.
[2025-03-18 11:23:51Z INFO CreateStepSummaryCommand] Step Summary file (/home/jenny/tensorflow-mri/actions-runner/_work/_temp/_runner_file_commands/step_summary_49957778-ed8f-4009-9def-5b4d485991d5) is empty; skipping attachment upload
[2025-03-18 11:23:51Z INFO StepsRunner] Step result: 
[2025-03-18 11:23:51Z INFO ExecutionContext] Publish step telemetry for current step {
  "action": "sh",
  "type": "run",
  "stage": "Main",
  "stepId": "a8150510-0d97-4e83-8d9c-b5e1d23201a3",
  "stepContextName": "__run_3",
  "result": "succeeded",
  "errorMessages": [],
  "executionTimeInSeconds": 13,
  "startTime": "2025-03-18T11:23:38.9810542Z",
  "finishTime": "2025-03-18T11:23:51.4136051Z"
}.
[2025-03-18 11:23:51Z INFO StepsRunner] No need for updating job result with current step result 'Succeeded'.
[2025-03-18 11:23:51Z INFO StepsRunner] Current state: job state = ''
[2025-03-18 11:23:51Z INFO StepsRunner] Processing step: DisplayName='Install required packages'
[2025-03-18 11:23:51Z INFO StepsRunner] Evaluating: success()
[2025-03-18 11:23:51Z INFO StepsRunner] Result: true
[2025-03-18 11:23:51Z INFO StepsRunner] Starting the step.
[2025-03-18 11:23:51Z INFO HostContext] Well known directory 'Bin': '/home/jenny/tensorflow-mri/actions-runner/bin'
[2025-03-18 11:23:51Z INFO HostContext] Well known directory 'Root': '/home/jenny/tensorflow-mri/actions-runner'
[2025-03-18 11:23:51Z INFO HostContext] Well known directory 'Work': '/home/jenny/tensorflow-mri/actions-runner/_work'
[2025-03-18 11:23:51Z INFO HostContext] Well known directory 'Temp': '/home/jenny/tensorflow-mri/actions-runner/_work/_temp'
[2025-03-18 11:23:51Z INFO ExecutionContext] Write event payload to /home/jenny/tensorflow-mri/actions-runner/_work/_temp/_github_workflow/event.json
[2025-03-18 11:23:51Z INFO HostContext] Well known directory 'Bin': '/home/jenny/tensorflow-mri/actions-runner/bin'
[2025-03-18 11:23:51Z INFO HostContext] Well known directory 'Root': '/home/jenny/tensorflow-mri/actions-runner'
[2025-03-18 11:23:51Z INFO HostContext] Well known directory 'Work': '/home/jenny/tensorflow-mri/actions-runner/_work'
[2025-03-18 11:23:51Z INFO HostContext] Well known directory 'Temp': '/home/jenny/tensorflow-mri/actions-runner/_work/_temp'
[2025-03-18 11:23:51Z INFO ExtensionManager] Getting extensions for interface: 'GitHub.Runner.Worker.IFileCommandExtension'
[2025-03-18 11:23:51Z INFO ExtensionManager] Getting extensions for interface: 'GitHub.Runner.Worker.IActionCommandExtension'
[2025-03-18 11:23:51Z INFO ActionCommandManager] Register action command extension for command internal-set-repo-path
[2025-03-18 11:23:51Z INFO ActionCommandManager] Register action command extension for command set-env
[2025-03-18 11:23:51Z INFO ActionCommandManager] Register action command extension for command set-output
[2025-03-18 11:23:51Z INFO ActionCommandManager] Register action command extension for command save-state
[2025-03-18 11:23:51Z INFO ActionCommandManager] Register action command extension for command add-path
[2025-03-18 11:23:51Z INFO ActionCommandManager] Register action command extension for command add-mask
[2025-03-18 11:23:51Z INFO ActionCommandManager] Register action command extension for command add-matcher
[2025-03-18 11:23:51Z INFO ActionCommandManager] Register action command extension for command remove-matcher
[2025-03-18 11:23:51Z INFO ActionCommandManager] Register action command extension for command warning
[2025-03-18 11:23:51Z INFO ActionCommandManager] Register action command extension for command error
[2025-03-18 11:23:51Z INFO ActionCommandManager] Register action command extension for command notice
[2025-03-18 11:23:51Z INFO ActionCommandManager] Register action command extension for command debug
[2025-03-18 11:23:51Z INFO ActionCommandManager] Register action command extension for command group
[2025-03-18 11:23:51Z INFO ActionCommandManager] Register action command extension for command endgroup
[2025-03-18 11:23:51Z INFO ActionCommandManager] Register action command extension for command echo
[2025-03-18 11:23:51Z INFO HostContext] Well known directory 'Bin': '/home/jenny/tensorflow-mri/actions-runner/bin'
[2025-03-18 11:23:51Z INFO HostContext] Well known directory 'Root': '/home/jenny/tensorflow-mri/actions-runner'
[2025-03-18 11:23:51Z INFO HostContext] Well known directory 'Work': '/home/jenny/tensorflow-mri/actions-runner/_work'
[2025-03-18 11:23:51Z INFO HostContext] Well known directory 'Temp': '/home/jenny/tensorflow-mri/actions-runner/_work/_temp'
[2025-03-18 11:23:51Z INFO ScriptHandler] Which2: 'bash'
[2025-03-18 11:23:51Z INFO ScriptHandler] Location: '/usr/bin/bash'
[2025-03-18 11:23:51Z INFO HostContext] Well known directory 'Bin': '/home/jenny/tensorflow-mri/actions-runner/bin'
[2025-03-18 11:23:51Z INFO HostContext] Well known directory 'Root': '/home/jenny/tensorflow-mri/actions-runner'
[2025-03-18 11:23:51Z INFO HostContext] Well known directory 'Work': '/home/jenny/tensorflow-mri/actions-runner/_work'
[2025-03-18 11:23:51Z INFO ProcessInvokerWrapper] Starting process:
[2025-03-18 11:23:51Z INFO ProcessInvokerWrapper]   File name: '/usr/bin/docker'
[2025-03-18 11:23:51Z INFO ProcessInvokerWrapper]   Arguments: 'exec -i --workdir /__w/tensorflow-mri/tensorflow-mri -e "PYTHON" -e "GITHUB_JOB" -e "GITHUB_REF" -e "GITHUB_SHA" -e "GITHUB_REPOSITORY" -e "GITHUB_REPOSITORY_OWNER" -e "GITHUB_REPOSITORY_OWNER_ID" -e "GITHUB_RUN_ID" -e "GITHUB_RUN_NUMBER" -e "GITHUB_RETENTION_DAYS" -e "GITHUB_RUN_ATTEMPT" -e "GITHUB_ACTOR_ID" -e "GITHUB_ACTOR" -e "GITHUB_WORKFLOW" -e "GITHUB_HEAD_REF" -e "GITHUB_BASE_REF" -e "GITHUB_EVENT_NAME" -e "GITHUB_SERVER_URL" -e "GITHUB_API_URL" -e "GITHUB_GRAPHQL_URL" -e "GITHUB_REF_NAME" -e "GITHUB_REF_PROTECTED" -e "GITHUB_REF_TYPE" -e "GITHUB_WORKFLOW_REF" -e "GITHUB_WORKFLOW_SHA" -e "GITHUB_REPOSITORY_ID" -e "GITHUB_TRIGGERING_ACTOR" -e "GITHUB_WORKSPACE" -e "GITHUB_ACTION" -e "GITHUB_EVENT_PATH" -e "GITHUB_ACTION_REPOSITORY" -e "GITHUB_ACTION_REF" -e "GITHUB_PATH" -e "GITHUB_ENV" -e "GITHUB_STEP_SUMMARY" -e "GITHUB_STATE" -e "GITHUB_OUTPUT" -e "RUNNER_OS" -e "RUNNER_ARCH" -e "RUNNER_NAME" -e "RUNNER_ENVIRONMENT" -e "RUNNER_TOOL_CACHE" -e "RUNNER_TEMP" -e "RUNNER_WORKSPACE" 7d0d22bd978309e2e76882104f036f0710e0317ce6e7a4ba084e4bdfcd40d524 sh -e /__w/_temp/569b7314-5cc1-4510-8fd6-2e29631d4f29.sh'
[2025-03-18 11:23:51Z INFO ProcessInvokerWrapper]   Working directory: '/home/jenny/tensorflow-mri/actions-runner/_work'
[2025-03-18 11:23:51Z INFO ProcessInvokerWrapper]   Require exit code zero: 'False'
[2025-03-18 11:23:51Z INFO ProcessInvokerWrapper]   Encoding web name:  ; code page: ''
[2025-03-18 11:23:51Z INFO ProcessInvokerWrapper]   Force kill process on cancellation: 'False'
[2025-03-18 11:23:51Z INFO ProcessInvokerWrapper]   Redirected STDIN: 'False'
[2025-03-18 11:23:51Z INFO ProcessInvokerWrapper]   Persist current code page: 'False'
[2025-03-18 11:23:51Z INFO ProcessInvokerWrapper]   Keep redirected STDIN open: 'False'
[2025-03-18 11:23:51Z INFO ProcessInvokerWrapper]   High priority process: 'False'
[2025-03-18 11:23:51Z INFO ProcessInvokerWrapper] Updated oom_score_adj to 500 for PID: 841872.
[2025-03-18 11:23:51Z INFO ProcessInvokerWrapper] Process started with process id 841872, waiting for process exit.
[2025-03-18 11:23:51Z INFO JobServerQueue] Try to upload 1 log files or attachments, success rate: 1/1.
[2025-03-18 11:23:51Z INFO JobServerQueue] Try to append 1 batches web console lines for record 'a8150510-0d97-4e83-8d9c-b5e1d23201a3', success rate: 1/1.
[2025-03-18 11:23:51Z INFO JobServerQueue] Try to append 1 batches web console lines for record '5e2b2130-a8d6-4d1b-96a7-7f8dd4fd3490', success rate: 1/1.
[2025-03-18 11:23:51Z INFO JobServerQueue] Got a step log file to send to results service.
[2025-03-18 11:23:51Z INFO JobServerQueue] Starting upload of step log file to results service ResultsLog, /home/jenny/tensorflow-mri/actions-runner/_diag/blocks/c20b5653-0f9a-454e-bac6-4ff740629ab9_a8150510-0d97-4e83-8d9c-b5e1d23201a3.1
[2025-03-18 11:23:52Z INFO JobServerQueue] Try to append 1 batches web console lines for record '5e2b2130-a8d6-4d1b-96a7-7f8dd4fd3490', success rate: 1/1.
[2025-03-18 11:23:52Z INFO JobServerQueue] Tried to upload 1 file(s) to results, success rate: 1/1.
[2025-03-18 11:23:52Z INFO JobServerQueue] Try to append 1 batches web console lines for record '5e2b2130-a8d6-4d1b-96a7-7f8dd4fd3490', success rate: 1/1.
[2025-03-18 11:23:53Z INFO JobServerQueue] Try to append 1 batches web console lines for record '5e2b2130-a8d6-4d1b-96a7-7f8dd4fd3490', success rate: 1/1.
[2025-03-18 11:23:53Z INFO HostContext] Well known directory 'Bin': '/home/jenny/tensorflow-mri/actions-runner/bin'
[2025-03-18 11:23:53Z INFO HostContext] Well known directory 'Root': '/home/jenny/tensorflow-mri/actions-runner'
[2025-03-18 11:23:53Z INFO HostContext] Well known directory 'Work': '/home/jenny/tensorflow-mri/actions-runner/_work'
[2025-03-18 11:23:54Z INFO JobServerQueue] Try to append 1 batches web console lines for record '5e2b2130-a8d6-4d1b-96a7-7f8dd4fd3490', success rate: 1/1.
[2025-03-18 11:23:55Z INFO JobServerQueue] Try to append 1 batches web console lines for record '5e2b2130-a8d6-4d1b-96a7-7f8dd4fd3490', success rate: 1/1.
[2025-03-18 11:23:56Z INFO JobServerQueue] Try to append 1 batches web console lines for record '5e2b2130-a8d6-4d1b-96a7-7f8dd4fd3490', success rate: 1/1.
[2025-03-18 11:23:57Z INFO JobServerQueue] Try to append 1 batches web console lines for record '5e2b2130-a8d6-4d1b-96a7-7f8dd4fd3490', success rate: 1/1.
[2025-03-18 11:23:57Z INFO JobServerQueue] Try to append 1 batches web console lines for record '5e2b2130-a8d6-4d1b-96a7-7f8dd4fd3490', success rate: 1/1.
[2025-03-18 11:23:58Z INFO JobServerQueue] Try to append 1 batches web console lines for record '5e2b2130-a8d6-4d1b-96a7-7f8dd4fd3490', success rate: 1/1.
[2025-03-18 11:24:00Z INFO JobServerQueue] Try to append 1 batches web console lines for record '5e2b2130-a8d6-4d1b-96a7-7f8dd4fd3490', success rate: 1/1.
[2025-03-18 11:24:01Z INFO JobServerQueue] Try to append 1 batches web console lines for record '5e2b2130-a8d6-4d1b-96a7-7f8dd4fd3490', success rate: 1/1.
[2025-03-18 11:24:02Z INFO JobServerQueue] Try to append 1 batches web console lines for record '5e2b2130-a8d6-4d1b-96a7-7f8dd4fd3490', success rate: 1/1.
[2025-03-18 11:24:03Z INFO JobServerQueue] Try to append 1 batches web console lines for record '5e2b2130-a8d6-4d1b-96a7-7f8dd4fd3490', success rate: 1/1.
[2025-03-18 11:24:03Z INFO JobServerQueue] Try to append 1 batches web console lines for record '5e2b2130-a8d6-4d1b-96a7-7f8dd4fd3490', success rate: 1/1.
[2025-03-18 11:24:03Z INFO HostContext] Well known directory 'Bin': '/home/jenny/tensorflow-mri/actions-runner/bin'
[2025-03-18 11:24:03Z INFO HostContext] Well known directory 'Root': '/home/jenny/tensorflow-mri/actions-runner'
[2025-03-18 11:24:03Z INFO HostContext] Well known directory 'Work': '/home/jenny/tensorflow-mri/actions-runner/_work'
[2025-03-18 11:24:04Z INFO JobServerQueue] Try to append 1 batches web console lines for record '5e2b2130-a8d6-4d1b-96a7-7f8dd4fd3490', success rate: 1/1.
[2025-03-18 11:24:04Z INFO JobServerQueue] Try to append 1 batches web console lines for record '5e2b2130-a8d6-4d1b-96a7-7f8dd4fd3490', success rate: 1/1.
[2025-03-18 11:24:05Z INFO JobServerQueue] Try to append 1 batches web console lines for record '5e2b2130-a8d6-4d1b-96a7-7f8dd4fd3490', success rate: 1/1.
[2025-03-18 11:24:05Z INFO JobServerQueue] Try to append 1 batches web console lines for record '5e2b2130-a8d6-4d1b-96a7-7f8dd4fd3490', success rate: 1/1.
[2025-03-18 11:24:06Z INFO JobServerQueue] Try to append 1 batches web console lines for record '5e2b2130-a8d6-4d1b-96a7-7f8dd4fd3490', success rate: 1/1.
[2025-03-18 11:24:06Z INFO JobServerQueue] Try to append 1 batches web console lines for record '5e2b2130-a8d6-4d1b-96a7-7f8dd4fd3490', success rate: 1/1.
[2025-03-18 11:24:07Z INFO JobServerQueue] Try to append 1 batches web console lines for record '5e2b2130-a8d6-4d1b-96a7-7f8dd4fd3490', success rate: 1/1.
[2025-03-18 11:24:07Z INFO JobServerQueue] Try to append 1 batches web console lines for record '5e2b2130-a8d6-4d1b-96a7-7f8dd4fd3490', success rate: 1/1.
[2025-03-18 11:24:08Z INFO JobServerQueue] Try to append 1 batches web console lines for record '5e2b2130-a8d6-4d1b-96a7-7f8dd4fd3490', success rate: 1/1.
[2025-03-18 11:24:08Z INFO JobServerQueue] Try to append 1 batches web console lines for record '5e2b2130-a8d6-4d1b-96a7-7f8dd4fd3490', success rate: 1/1.
[2025-03-18 11:24:09Z INFO JobServerQueue] Try to append 1 batches web console lines for record '5e2b2130-a8d6-4d1b-96a7-7f8dd4fd3490', success rate: 1/1.
[2025-03-18 11:24:09Z INFO JobServerQueue] Try to append 1 batches web console lines for record '5e2b2130-a8d6-4d1b-96a7-7f8dd4fd3490', success rate: 1/1.
[2025-03-18 11:24:10Z INFO JobServerQueue] Try to append 1 batches web console lines for record '5e2b2130-a8d6-4d1b-96a7-7f8dd4fd3490', success rate: 1/1.
[2025-03-18 11:24:10Z INFO JobServerQueue] Try to append 1 batches web console lines for record '5e2b2130-a8d6-4d1b-96a7-7f8dd4fd3490', success rate: 1/1.
[2025-03-18 11:24:11Z INFO JobServerQueue] Try to append 1 batches web console lines for record '5e2b2130-a8d6-4d1b-96a7-7f8dd4fd3490', success rate: 1/1.
[2025-03-18 11:24:13Z INFO HostContext] Well known directory 'Bin': '/home/jenny/tensorflow-mri/actions-runner/bin'
[2025-03-18 11:24:13Z INFO HostContext] Well known directory 'Root': '/home/jenny/tensorflow-mri/actions-runner'
[2025-03-18 11:24:13Z INFO HostContext] Well known directory 'Work': '/home/jenny/tensorflow-mri/actions-runner/_work'
[2025-03-18 11:24:14Z INFO JobServerQueue] Try to append 1 batches web console lines for record '5e2b2130-a8d6-4d1b-96a7-7f8dd4fd3490', success rate: 1/1.
[2025-03-18 11:24:15Z INFO JobServerQueue] Try to append 1 batches web console lines for record '5e2b2130-a8d6-4d1b-96a7-7f8dd4fd3490', success rate: 1/1.
[2025-03-18 11:24:15Z INFO JobServerQueue] Try to append 1 batches web console lines for record '5e2b2130-a8d6-4d1b-96a7-7f8dd4fd3490', success rate: 1/1.
[2025-03-18 11:24:16Z INFO JobServerQueue] Try to append 1 batches web console lines for record '5e2b2130-a8d6-4d1b-96a7-7f8dd4fd3490', success rate: 1/1.
[2025-03-18 11:24:16Z INFO JobServerQueue] Try to append 1 batches web console lines for record '5e2b2130-a8d6-4d1b-96a7-7f8dd4fd3490', success rate: 1/1.
[2025-03-18 11:24:17Z INFO JobServerQueue] Try to append 1 batches web console lines for record '5e2b2130-a8d6-4d1b-96a7-7f8dd4fd3490', success rate: 1/1.
[2025-03-18 11:24:17Z INFO JobServerQueue] Try to append 1 batches web console lines for record '5e2b2130-a8d6-4d1b-96a7-7f8dd4fd3490', success rate: 1/1.
[2025-03-18 11:24:18Z INFO JobServerQueue] Try to append 1 batches web console lines for record '5e2b2130-a8d6-4d1b-96a7-7f8dd4fd3490', success rate: 1/1.
[2025-03-18 11:24:18Z INFO JobServerQueue] Try to append 1 batches web console lines for record '5e2b2130-a8d6-4d1b-96a7-7f8dd4fd3490', success rate: 1/1.
[2025-03-18 11:24:19Z INFO JobServerQueue] Try to append 1 batches web console lines for record '5e2b2130-a8d6-4d1b-96a7-7f8dd4fd3490', success rate: 1/1.
[2025-03-18 11:24:19Z INFO JobServerQueue] Try to append 1 batches web console lines for record '5e2b2130-a8d6-4d1b-96a7-7f8dd4fd3490', success rate: 1/1.
[2025-03-18 11:24:20Z INFO JobServerQueue] Try to append 1 batches web console lines for record '5e2b2130-a8d6-4d1b-96a7-7f8dd4fd3490', success rate: 1/1.
[2025-03-18 11:24:21Z INFO JobServerQueue] Try to append 1 batches web console lines for record '5e2b2130-a8d6-4d1b-96a7-7f8dd4fd3490', success rate: 1/1.
[2025-03-18 11:24:22Z INFO JobServerQueue] Try to append 1 batches web console lines for record '5e2b2130-a8d6-4d1b-96a7-7f8dd4fd3490', success rate: 1/1.
[2025-03-18 11:24:22Z INFO JobServerQueue] Try to append 1 batches web console lines for record '5e2b2130-a8d6-4d1b-96a7-7f8dd4fd3490', success rate: 1/1.
[2025-03-18 11:24:23Z INFO JobServerQueue] Try to append 1 batches web console lines for record '5e2b2130-a8d6-4d1b-96a7-7f8dd4fd3490', success rate: 1/1.
[2025-03-18 11:24:23Z INFO HostContext] Well known directory 'Bin': '/home/jenny/tensorflow-mri/actions-runner/bin'
[2025-03-18 11:24:23Z INFO HostContext] Well known directory 'Root': '/home/jenny/tensorflow-mri/actions-runner'
[2025-03-18 11:24:23Z INFO HostContext] Well known directory 'Work': '/home/jenny/tensorflow-mri/actions-runner/_work'
[2025-03-18 11:24:24Z INFO JobServerQueue] Try to append 1 batches web console lines for record '5e2b2130-a8d6-4d1b-96a7-7f8dd4fd3490', success rate: 1/1.
[2025-03-18 11:24:25Z INFO JobServerQueue] Try to append 1 batches web console lines for record '5e2b2130-a8d6-4d1b-96a7-7f8dd4fd3490', success rate: 1/1.
[2025-03-18 11:24:25Z INFO JobServerQueue] Try to append 1 batches web console lines for record '5e2b2130-a8d6-4d1b-96a7-7f8dd4fd3490', success rate: 1/1.
[2025-03-18 11:24:33Z INFO HostContext] Well known directory 'Bin': '/home/jenny/tensorflow-mri/actions-runner/bin'
[2025-03-18 11:24:33Z INFO HostContext] Well known directory 'Root': '/home/jenny/tensorflow-mri/actions-runner'
[2025-03-18 11:24:33Z INFO HostContext] Well known directory 'Work': '/home/jenny/tensorflow-mri/actions-runner/_work'
[2025-03-18 11:24:43Z INFO HostContext] Well known directory 'Bin': '/home/jenny/tensorflow-mri/actions-runner/bin'
[2025-03-18 11:24:43Z INFO HostContext] Well known directory 'Root': '/home/jenny/tensorflow-mri/actions-runner'
[2025-03-18 11:24:43Z INFO HostContext] Well known directory 'Work': '/home/jenny/tensorflow-mri/actions-runner/_work'
[2025-03-18 11:24:45Z INFO JobServerQueue] Try to append 1 batches web console lines for record '5e2b2130-a8d6-4d1b-96a7-7f8dd4fd3490', success rate: 1/1.
[2025-03-18 11:24:45Z INFO ProcessInvokerWrapper] STDOUT/STDERR stream read finished.
[2025-03-18 11:24:45Z INFO ProcessInvokerWrapper] STDOUT/STDERR stream read finished.
[2025-03-18 11:24:45Z INFO ProcessInvokerWrapper] Finished process 841872 with exit code 0, and elapsed time 00:00:54.0206073.
[2025-03-18 11:24:45Z INFO CreateStepSummaryCommand] Step Summary file (/home/jenny/tensorflow-mri/actions-runner/_work/_temp/_runner_file_commands/step_summary_bf6b2c5b-b4d3-4022-ac95-4b15e70e7530) is empty; skipping attachment upload
[2025-03-18 11:24:45Z INFO StepsRunner] Step result: 
[2025-03-18 11:24:45Z INFO ExecutionContext] Publish step telemetry for current step {
  "action": "sh",
  "type": "run",
  "stage": "Main",
  "stepId": "5e2b2130-a8d6-4d1b-96a7-7f8dd4fd3490",
  "stepContextName": "__run_4",
  "result": "succeeded",
  "errorMessages": [],
  "executionTimeInSeconds": 55,
  "startTime": "2025-03-18T11:23:51.4141209Z",
  "finishTime": "2025-03-18T11:24:45.4402951Z"
}.
[2025-03-18 11:24:45Z INFO StepsRunner] No need for updating job result with current step result 'Succeeded'.
[2025-03-18 11:24:45Z INFO StepsRunner] Current state: job state = ''
[2025-03-18 11:24:45Z INFO StepsRunner] Processing step: DisplayName='Run test suite'
[2025-03-18 11:24:45Z INFO StepsRunner] Evaluating: success()
[2025-03-18 11:24:45Z INFO StepsRunner] Result: true
[2025-03-18 11:24:45Z INFO StepsRunner] Starting the step.
[2025-03-18 11:24:45Z INFO HostContext] Well known directory 'Bin': '/home/jenny/tensorflow-mri/actions-runner/bin'
[2025-03-18 11:24:45Z INFO HostContext] Well known directory 'Root': '/home/jenny/tensorflow-mri/actions-runner'
[2025-03-18 11:24:45Z INFO HostContext] Well known directory 'Work': '/home/jenny/tensorflow-mri/actions-runner/_work'
[2025-03-18 11:24:45Z INFO HostContext] Well known directory 'Temp': '/home/jenny/tensorflow-mri/actions-runner/_work/_temp'
[2025-03-18 11:24:45Z INFO ExecutionContext] Write event payload to /home/jenny/tensorflow-mri/actions-runner/_work/_temp/_github_workflow/event.json
[2025-03-18 11:24:45Z INFO HostContext] Well known directory 'Bin': '/home/jenny/tensorflow-mri/actions-runner/bin'
[2025-03-18 11:24:45Z INFO HostContext] Well known directory 'Root': '/home/jenny/tensorflow-mri/actions-runner'
[2025-03-18 11:24:45Z INFO HostContext] Well known directory 'Work': '/home/jenny/tensorflow-mri/actions-runner/_work'
[2025-03-18 11:24:45Z INFO HostContext] Well known directory 'Temp': '/home/jenny/tensorflow-mri/actions-runner/_work/_temp'
[2025-03-18 11:24:45Z INFO ExtensionManager] Getting extensions for interface: 'GitHub.Runner.Worker.IFileCommandExtension'
[2025-03-18 11:24:45Z INFO ExtensionManager] Getting extensions for interface: 'GitHub.Runner.Worker.IActionCommandExtension'
[2025-03-18 11:24:45Z INFO ActionCommandManager] Register action command extension for command internal-set-repo-path
[2025-03-18 11:24:45Z INFO ActionCommandManager] Register action command extension for command set-env
[2025-03-18 11:24:45Z INFO ActionCommandManager] Register action command extension for command set-output
[2025-03-18 11:24:45Z INFO ActionCommandManager] Register action command extension for command save-state
[2025-03-18 11:24:45Z INFO ActionCommandManager] Register action command extension for command add-path
[2025-03-18 11:24:45Z INFO ActionCommandManager] Register action command extension for command add-mask
[2025-03-18 11:24:45Z INFO ActionCommandManager] Register action command extension for command add-matcher
[2025-03-18 11:24:45Z INFO ActionCommandManager] Register action command extension for command remove-matcher
[2025-03-18 11:24:45Z INFO ActionCommandManager] Register action command extension for command warning
[2025-03-18 11:24:45Z INFO ActionCommandManager] Register action command extension for command error
[2025-03-18 11:24:45Z INFO ActionCommandManager] Register action command extension for command notice
[2025-03-18 11:24:45Z INFO ActionCommandManager] Register action command extension for command debug
[2025-03-18 11:24:45Z INFO ActionCommandManager] Register action command extension for command group
[2025-03-18 11:24:45Z INFO ActionCommandManager] Register action command extension for command endgroup
[2025-03-18 11:24:45Z INFO ActionCommandManager] Register action command extension for command echo
[2025-03-18 11:24:45Z INFO HostContext] Well known directory 'Bin': '/home/jenny/tensorflow-mri/actions-runner/bin'
[2025-03-18 11:24:45Z INFO HostContext] Well known directory 'Root': '/home/jenny/tensorflow-mri/actions-runner'
[2025-03-18 11:24:45Z INFO HostContext] Well known directory 'Work': '/home/jenny/tensorflow-mri/actions-runner/_work'
[2025-03-18 11:24:45Z INFO HostContext] Well known directory 'Temp': '/home/jenny/tensorflow-mri/actions-runner/_work/_temp'
[2025-03-18 11:24:45Z INFO ScriptHandler] Which2: 'bash'
[2025-03-18 11:24:45Z INFO ScriptHandler] Location: '/usr/bin/bash'
[2025-03-18 11:24:45Z INFO HostContext] Well known directory 'Bin': '/home/jenny/tensorflow-mri/actions-runner/bin'
[2025-03-18 11:24:45Z INFO HostContext] Well known directory 'Root': '/home/jenny/tensorflow-mri/actions-runner'
[2025-03-18 11:24:45Z INFO HostContext] Well known directory 'Work': '/home/jenny/tensorflow-mri/actions-runner/_work'
[2025-03-18 11:24:45Z INFO ProcessInvokerWrapper] Starting process:
[2025-03-18 11:24:45Z INFO ProcessInvokerWrapper]   File name: '/usr/bin/docker'
[2025-03-18 11:24:45Z INFO ProcessInvokerWrapper]   Arguments: 'exec -i --workdir /__w/tensorflow-mri/tensorflow-mri -e "PYTHON" -e "GITHUB_JOB" -e "GITHUB_REF" -e "GITHUB_SHA" -e "GITHUB_REPOSITORY" -e "GITHUB_REPOSITORY_OWNER" -e "GITHUB_REPOSITORY_OWNER_ID" -e "GITHUB_RUN_ID" -e "GITHUB_RUN_NUMBER" -e "GITHUB_RETENTION_DAYS" -e "GITHUB_RUN_ATTEMPT" -e "GITHUB_ACTOR_ID" -e "GITHUB_ACTOR" -e "GITHUB_WORKFLOW" -e "GITHUB_HEAD_REF" -e "GITHUB_BASE_REF" -e "GITHUB_EVENT_NAME" -e "GITHUB_SERVER_URL" -e "GITHUB_API_URL" -e "GITHUB_GRAPHQL_URL" -e "GITHUB_REF_NAME" -e "GITHUB_REF_PROTECTED" -e "GITHUB_REF_TYPE" -e "GITHUB_WORKFLOW_REF" -e "GITHUB_WORKFLOW_SHA" -e "GITHUB_REPOSITORY_ID" -e "GITHUB_TRIGGERING_ACTOR" -e "GITHUB_WORKSPACE" -e "GITHUB_ACTION" -e "GITHUB_EVENT_PATH" -e "GITHUB_ACTION_REPOSITORY" -e "GITHUB_ACTION_REF" -e "GITHUB_PATH" -e "GITHUB_ENV" -e "GITHUB_STEP_SUMMARY" -e "GITHUB_STATE" -e "GITHUB_OUTPUT" -e "RUNNER_OS" -e "RUNNER_ARCH" -e "RUNNER_NAME" -e "RUNNER_ENVIRONMENT" -e "RUNNER_TOOL_CACHE" -e "RUNNER_TEMP" -e "RUNNER_WORKSPACE" 7d0d22bd978309e2e76882104f036f0710e0317ce6e7a4ba084e4bdfcd40d524 sh -e /__w/_temp/03f828a0-70ae-4379-8cb5-d3763ceed5d9.sh'
[2025-03-18 11:24:45Z INFO ProcessInvokerWrapper]   Working directory: '/home/jenny/tensorflow-mri/actions-runner/_work'
[2025-03-18 11:24:45Z INFO ProcessInvokerWrapper]   Require exit code zero: 'False'
[2025-03-18 11:24:45Z INFO ProcessInvokerWrapper]   Encoding web name:  ; code page: ''
[2025-03-18 11:24:45Z INFO ProcessInvokerWrapper]   Force kill process on cancellation: 'False'
[2025-03-18 11:24:45Z INFO ProcessInvokerWrapper]   Redirected STDIN: 'False'
[2025-03-18 11:24:45Z INFO ProcessInvokerWrapper]   Persist current code page: 'False'
[2025-03-18 11:24:45Z INFO ProcessInvokerWrapper]   Keep redirected STDIN open: 'False'
[2025-03-18 11:24:45Z INFO ProcessInvokerWrapper]   High priority process: 'False'
[2025-03-18 11:24:45Z INFO ProcessInvokerWrapper] Updated oom_score_adj to 500 for PID: 842074.
[2025-03-18 11:24:45Z INFO ProcessInvokerWrapper] Process started with process id 842074, waiting for process exit.
[2025-03-18 11:24:45Z INFO JobServerQueue] Try to upload 1 log files or attachments, success rate: 1/1.
[2025-03-18 11:24:45Z INFO JobServerQueue] Try to append 1 batches web console lines for record '5e2b2130-a8d6-4d1b-96a7-7f8dd4fd3490', success rate: 1/1.
[2025-03-18 11:24:45Z INFO JobServerQueue] Try to append 1 batches web console lines for record '817e48dc-6bc1-447c-a5cb-91e654125c7e', success rate: 1/1.
[2025-03-18 11:24:46Z INFO JobServerQueue] Try to append 1 batches web console lines for record '817e48dc-6bc1-447c-a5cb-91e654125c7e', success rate: 1/1.
[2025-03-18 11:24:46Z INFO JobServerQueue] Got a step log file to send to results service.
[2025-03-18 11:24:46Z INFO JobServerQueue] Starting upload of step log file to results service ResultsLog, /home/jenny/tensorflow-mri/actions-runner/_diag/blocks/c20b5653-0f9a-454e-bac6-4ff740629ab9_5e2b2130-a8d6-4d1b-96a7-7f8dd4fd3490.1
[2025-03-18 11:24:46Z INFO JobServerQueue] Tried to upload 1 file(s) to results, success rate: 1/1.
[2025-03-18 11:24:48Z INFO JobServerQueue] Try to append 1 batches web console lines for record '817e48dc-6bc1-447c-a5cb-91e654125c7e', success rate: 1/1.
[2025-03-18 11:24:50Z INFO JobServerQueue] Try to append 1 batches web console lines for record '817e48dc-6bc1-447c-a5cb-91e654125c7e', success rate: 1/1.
[2025-03-18 11:24:53Z INFO HostContext] Well known directory 'Bin': '/home/jenny/tensorflow-mri/actions-runner/bin'
[2025-03-18 11:24:53Z INFO HostContext] Well known directory 'Root': '/home/jenny/tensorflow-mri/actions-runner'
[2025-03-18 11:24:53Z INFO HostContext] Well known directory 'Work': '/home/jenny/tensorflow-mri/actions-runner/_work'
[2025-03-18 11:24:58Z INFO JobServerQueue] Try to append 1 batches web console lines for record '817e48dc-6bc1-447c-a5cb-91e654125c7e', success rate: 1/1.
[2025-03-18 11:24:59Z INFO JobServerQueue] Try to append 1 batches web console lines for record '817e48dc-6bc1-447c-a5cb-91e654125c7e', success rate: 1/1.
[2025-03-18 11:24:59Z INFO JobServerQueue] Try to append 1 batches web console lines for record '817e48dc-6bc1-447c-a5cb-91e654125c7e', success rate: 1/1.
[2025-03-18 11:25:00Z INFO JobServerQueue] Try to append 1 batches web console lines for record '817e48dc-6bc1-447c-a5cb-91e654125c7e', success rate: 1/1.
[2025-03-18 11:25:00Z INFO JobServerQueue] Try to append 1 batches web console lines for record '817e48dc-6bc1-447c-a5cb-91e654125c7e', success rate: 1/1.
[2025-03-18 11:25:01Z INFO JobServerQueue] Try to append 1 batches web console lines for record '817e48dc-6bc1-447c-a5cb-91e654125c7e', success rate: 1/1.
[2025-03-18 11:25:01Z INFO JobServerQueue] Try to append 1 batches web console lines for record '817e48dc-6bc1-447c-a5cb-91e654125c7e', success rate: 1/1.
[2025-03-18 11:25:02Z INFO JobServerQueue] Try to append 1 batches web console lines for record '817e48dc-6bc1-447c-a5cb-91e654125c7e', success rate: 1/1.
[2025-03-18 11:25:02Z INFO JobServerQueue] Try to append 1 batches web console lines for record '817e48dc-6bc1-447c-a5cb-91e654125c7e', success rate: 1/1.
[2025-03-18 11:25:03Z INFO JobServerQueue] Try to append 1 batches web console lines for record '817e48dc-6bc1-447c-a5cb-91e654125c7e', success rate: 1/1.
[2025-03-18 11:25:03Z INFO JobServerQueue] Try to append 1 batches web console lines for record '817e48dc-6bc1-447c-a5cb-91e654125c7e', success rate: 1/1.
[2025-03-18 11:25:03Z INFO HostContext] Well known directory 'Bin': '/home/jenny/tensorflow-mri/actions-runner/bin'
[2025-03-18 11:25:03Z INFO HostContext] Well known directory 'Root': '/home/jenny/tensorflow-mri/actions-runner'
[2025-03-18 11:25:03Z INFO HostContext] Well known directory 'Work': '/home/jenny/tensorflow-mri/actions-runner/_work'
[2025-03-18 11:25:04Z INFO JobServerQueue] Try to append 1 batches web console lines for record '817e48dc-6bc1-447c-a5cb-91e654125c7e', success rate: 1/1.
[2025-03-18 11:25:04Z INFO JobServerQueue] Try to append 1 batches web console lines for record '817e48dc-6bc1-447c-a5cb-91e654125c7e', success rate: 1/1.
[2025-03-18 11:25:05Z INFO JobServerQueue] Try to append 1 batches web console lines for record '817e48dc-6bc1-447c-a5cb-91e654125c7e', success rate: 1/1.
[2025-03-18 11:25:05Z INFO JobServerQueue] Try to append 1 batches web console lines for record '817e48dc-6bc1-447c-a5cb-91e654125c7e', success rate: 1/1.
[2025-03-18 11:25:06Z INFO JobServerQueue] Try to append 1 batches web console lines for record '817e48dc-6bc1-447c-a5cb-91e654125c7e', success rate: 1/1.
[2025-03-18 11:25:06Z INFO JobServerQueue] Try to append 1 batches web console lines for record '817e48dc-6bc1-447c-a5cb-91e654125c7e', success rate: 1/1.
[2025-03-18 11:25:07Z INFO JobServerQueue] Try to append 1 batches web console lines for record '817e48dc-6bc1-447c-a5cb-91e654125c7e', success rate: 1/1.
[2025-03-18 11:25:07Z INFO JobServerQueue] Try to append 1 batches web console lines for record '817e48dc-6bc1-447c-a5cb-91e654125c7e', success rate: 1/1.
[2025-03-18 11:25:08Z INFO JobServerQueue] Try to append 1 batches web console lines for record '817e48dc-6bc1-447c-a5cb-91e654125c7e', success rate: 1/1.
[2025-03-18 11:25:08Z INFO JobServerQueue] Try to append 1 batches web console lines for record '817e48dc-6bc1-447c-a5cb-91e654125c7e', success rate: 1/1.
[2025-03-18 11:25:09Z INFO JobServerQueue] Try to append 1 batches web console lines for record '817e48dc-6bc1-447c-a5cb-91e654125c7e', success rate: 1/1.
[2025-03-18 11:25:09Z INFO JobServerQueue] Try to append 1 batches web console lines for record '817e48dc-6bc1-447c-a5cb-91e654125c7e', success rate: 1/1.
[2025-03-18 11:25:10Z INFO JobServerQueue] Try to append 1 batches web console lines for record '817e48dc-6bc1-447c-a5cb-91e654125c7e', success rate: 1/1.
[2025-03-18 11:25:10Z INFO JobServerQueue] Try to append 1 batches web console lines for record '817e48dc-6bc1-447c-a5cb-91e654125c7e', success rate: 1/1.
[2025-03-18 11:25:11Z INFO JobServerQueue] Try to append 1 batches web console lines for record '817e48dc-6bc1-447c-a5cb-91e654125c7e', success rate: 1/1.
[2025-03-18 11:25:11Z INFO JobServerQueue] Try to append 1 batches web console lines for record '817e48dc-6bc1-447c-a5cb-91e654125c7e', success rate: 1/1.
[2025-03-18 11:25:12Z INFO JobServerQueue] Try to append 1 batches web console lines for record '817e48dc-6bc1-447c-a5cb-91e654125c7e', success rate: 1/1.
[2025-03-18 11:25:12Z INFO JobServerQueue] Try to append 1 batches web console lines for record '817e48dc-6bc1-447c-a5cb-91e654125c7e', success rate: 1/1.
[2025-03-18 11:25:13Z INFO JobServerQueue] Try to append 1 batches web console lines for record '817e48dc-6bc1-447c-a5cb-91e654125c7e', success rate: 1/1.
[2025-03-18 11:25:13Z INFO JobServerQueue] Try to append 1 batches web console lines for record '817e48dc-6bc1-447c-a5cb-91e654125c7e', success rate: 1/1.
[2025-03-18 11:25:13Z INFO HostContext] Well known directory 'Bin': '/home/jenny/tensorflow-mri/actions-runner/bin'
[2025-03-18 11:25:13Z INFO HostContext] Well known directory 'Root': '/home/jenny/tensorflow-mri/actions-runner'
[2025-03-18 11:25:13Z INFO HostContext] Well known directory 'Work': '/home/jenny/tensorflow-mri/actions-runner/_work'
[2025-03-18 11:25:14Z INFO JobServerQueue] Try to append 1 batches web console lines for record '817e48dc-6bc1-447c-a5cb-91e654125c7e', success rate: 1/1.
[2025-03-18 11:25:14Z INFO JobServerQueue] Try to append 1 batches web console lines for record '817e48dc-6bc1-447c-a5cb-91e654125c7e', success rate: 1/1.
[2025-03-18 11:25:15Z INFO JobServerQueue] Try to append 1 batches web console lines for record '817e48dc-6bc1-447c-a5cb-91e654125c7e', success rate: 1/1.
[2025-03-18 11:25:15Z INFO JobServerQueue] Try to append 1 batches web console lines for record '817e48dc-6bc1-447c-a5cb-91e654125c7e', success rate: 1/1.
[2025-03-18 11:25:16Z INFO JobServerQueue] Try to append 1 batches web console lines for record '817e48dc-6bc1-447c-a5cb-91e654125c7e', success rate: 1/1.
[2025-03-18 11:25:16Z INFO JobServerQueue] Try to append 1 batches web console lines for record '817e48dc-6bc1-447c-a5cb-91e654125c7e', success rate: 1/1.
[2025-03-18 11:25:17Z INFO JobServerQueue] Try to append 1 batches web console lines for record '817e48dc-6bc1-447c-a5cb-91e654125c7e', success rate: 1/1.
[2025-03-18 11:25:17Z INFO JobServerQueue] Try to append 1 batches web console lines for record '817e48dc-6bc1-447c-a5cb-91e654125c7e', success rate: 1/1.
[2025-03-18 11:25:18Z INFO JobServerQueue] Try to append 1 batches web console lines for record '817e48dc-6bc1-447c-a5cb-91e654125c7e', success rate: 1/1.
[2025-03-18 11:25:18Z INFO JobServerQueue] Try to append 1 batches web console lines for record '817e48dc-6bc1-447c-a5cb-91e654125c7e', success rate: 1/1.
[2025-03-18 11:25:19Z INFO JobServerQueue] Try to append 1 batches web console lines for record '817e48dc-6bc1-447c-a5cb-91e654125c7e', success rate: 1/1.
[2025-03-18 11:25:19Z INFO JobServerQueue] Try to append 1 batches web console lines for record '817e48dc-6bc1-447c-a5cb-91e654125c7e', success rate: 1/1.
[2025-03-18 11:25:20Z INFO JobServerQueue] Try to append 1 batches web console lines for record '817e48dc-6bc1-447c-a5cb-91e654125c7e', success rate: 1/1.
[2025-03-18 11:25:20Z INFO JobServerQueue] Try to append 1 batches web console lines for record '817e48dc-6bc1-447c-a5cb-91e654125c7e', success rate: 1/1.
[2025-03-18 11:25:21Z INFO JobServerQueue] Try to append 1 batches web console lines for record '817e48dc-6bc1-447c-a5cb-91e654125c7e', success rate: 1/1.
[2025-03-18 11:25:21Z INFO JobServerQueue] Try to append 1 batches web console lines for record '817e48dc-6bc1-447c-a5cb-91e654125c7e', success rate: 1/1.
[2025-03-18 11:25:22Z INFO JobServerQueue] Try to append 1 batches web console lines for record '817e48dc-6bc1-447c-a5cb-91e654125c7e', success rate: 1/1.
[2025-03-18 11:25:22Z INFO JobServerQueue] Try to append 1 batches web console lines for record '817e48dc-6bc1-447c-a5cb-91e654125c7e', success rate: 1/1.
[2025-03-18 11:25:23Z INFO JobServerQueue] Try to append 1 batches web console lines for record '817e48dc-6bc1-447c-a5cb-91e654125c7e', success rate: 1/1.
[2025-03-18 11:25:23Z INFO JobServerQueue] Try to append 1 batches web console lines for record '817e48dc-6bc1-447c-a5cb-91e654125c7e', success rate: 1/1.
[2025-03-18 11:25:23Z INFO HostContext] Well known directory 'Bin': '/home/jenny/tensorflow-mri/actions-runner/bin'
[2025-03-18 11:25:23Z INFO HostContext] Well known directory 'Root': '/home/jenny/tensorflow-mri/actions-runner'
[2025-03-18 11:25:23Z INFO HostContext] Well known directory 'Work': '/home/jenny/tensorflow-mri/actions-runner/_work'
[2025-03-18 11:25:24Z INFO JobServerQueue] Try to append 1 batches web console lines for record '817e48dc-6bc1-447c-a5cb-91e654125c7e', success rate: 1/1.
[2025-03-18 11:25:24Z INFO JobServerQueue] Try to append 1 batches web console lines for record '817e48dc-6bc1-447c-a5cb-91e654125c7e', success rate: 1/1.
[2025-03-18 11:25:25Z INFO JobServerQueue] Try to append 1 batches web console lines for record '817e48dc-6bc1-447c-a5cb-91e654125c7e', success rate: 1/1.
[2025-03-18 11:25:25Z INFO JobServerQueue] Try to append 1 batches web console lines for record '817e48dc-6bc1-447c-a5cb-91e654125c7e', success rate: 1/1.
[2025-03-18 11:25:26Z INFO JobServerQueue] Try to append 1 batches web console lines for record '817e48dc-6bc1-447c-a5cb-91e654125c7e', success rate: 1/1.
[2025-03-18 11:25:26Z INFO JobServerQueue] Try to append 1 batches web console lines for record '817e48dc-6bc1-447c-a5cb-91e654125c7e', success rate: 1/1.
[2025-03-18 11:25:27Z INFO JobServerQueue] Try to append 1 batches web console lines for record '817e48dc-6bc1-447c-a5cb-91e654125c7e', success rate: 1/1.
[2025-03-18 11:25:27Z INFO JobServerQueue] Try to append 1 batches web console lines for record '817e48dc-6bc1-447c-a5cb-91e654125c7e', success rate: 1/1.
[2025-03-18 11:25:28Z INFO JobServerQueue] Try to append 1 batches web console lines for record '817e48dc-6bc1-447c-a5cb-91e654125c7e', success rate: 1/1.
[2025-03-18 11:25:28Z INFO JobServerQueue] Try to append 1 batches web console lines for record '817e48dc-6bc1-447c-a5cb-91e654125c7e', success rate: 1/1.
[2025-03-18 11:25:29Z INFO JobServerQueue] Try to append 1 batches web console lines for record '817e48dc-6bc1-447c-a5cb-91e654125c7e', success rate: 1/1.
[2025-03-18 11:25:29Z INFO JobServerQueue] Try to append 1 batches web console lines for record '817e48dc-6bc1-447c-a5cb-91e654125c7e', success rate: 1/1.
[2025-03-18 11:25:30Z INFO JobServerQueue] Try to append 1 batches web console lines for record '817e48dc-6bc1-447c-a5cb-91e654125c7e', success rate: 1/1.
[2025-03-18 11:25:30Z INFO JobServerQueue] Try to append 1 batches web console lines for record '817e48dc-6bc1-447c-a5cb-91e654125c7e', success rate: 1/1.
[2025-03-18 11:25:31Z INFO JobServerQueue] Try to append 1 batches web console lines for record '817e48dc-6bc1-447c-a5cb-91e654125c7e', success rate: 1/1.
[2025-03-18 11:25:31Z INFO JobServerQueue] Try to append 1 batches web console lines for record '817e48dc-6bc1-447c-a5cb-91e654125c7e', success rate: 1/1.
[2025-03-18 11:25:32Z INFO JobServerQueue] Try to append 1 batches web console lines for record '817e48dc-6bc1-447c-a5cb-91e654125c7e', success rate: 1/1.
[2025-03-18 11:25:32Z INFO JobServerQueue] Try to append 1 batches web console lines for record '817e48dc-6bc1-447c-a5cb-91e654125c7e', success rate: 1/1.
[2025-03-18 11:25:33Z INFO JobServerQueue] Try to append 1 batches web console lines for record '817e48dc-6bc1-447c-a5cb-91e654125c7e', success rate: 1/1.
[2025-03-18 11:25:33Z INFO JobServerQueue] Try to append 1 batches web console lines for record '817e48dc-6bc1-447c-a5cb-91e654125c7e', success rate: 1/1.
[2025-03-18 11:25:33Z INFO HostContext] Well known directory 'Bin': '/home/jenny/tensorflow-mri/actions-runner/bin'
[2025-03-18 11:25:33Z INFO HostContext] Well known directory 'Root': '/home/jenny/tensorflow-mri/actions-runner'
[2025-03-18 11:25:33Z INFO HostContext] Well known directory 'Work': '/home/jenny/tensorflow-mri/actions-runner/_work'
[2025-03-18 11:25:34Z INFO JobServerQueue] Try to append 1 batches web console lines for record '817e48dc-6bc1-447c-a5cb-91e654125c7e', success rate: 1/1.
[2025-03-18 11:25:34Z INFO JobServerQueue] Try to append 1 batches web console lines for record '817e48dc-6bc1-447c-a5cb-91e654125c7e', success rate: 1/1.
[2025-03-18 11:25:35Z INFO JobServerQueue] Try to append 1 batches web console lines for record '817e48dc-6bc1-447c-a5cb-91e654125c7e', success rate: 1/1.
[2025-03-18 11:25:35Z INFO JobServerQueue] Try to append 1 batches web console lines for record '817e48dc-6bc1-447c-a5cb-91e654125c7e', success rate: 1/1.
[2025-03-18 11:25:36Z INFO JobServerQueue] Try to append 1 batches web console lines for record '817e48dc-6bc1-447c-a5cb-91e654125c7e', success rate: 1/1.
[2025-03-18 11:25:36Z INFO JobServerQueue] Try to append 1 batches web console lines for record '817e48dc-6bc1-447c-a5cb-91e654125c7e', success rate: 1/1.
[2025-03-18 11:25:37Z INFO JobServerQueue] Try to append 1 batches web console lines for record '817e48dc-6bc1-447c-a5cb-91e654125c7e', success rate: 1/1.
[2025-03-18 11:25:37Z INFO JobServerQueue] Try to append 1 batches web console lines for record '817e48dc-6bc1-447c-a5cb-91e654125c7e', success rate: 1/1.
[2025-03-18 11:25:38Z INFO JobServerQueue] Try to append 1 batches web console lines for record '817e48dc-6bc1-447c-a5cb-91e654125c7e', success rate: 1/1.
[2025-03-18 11:25:38Z INFO JobServerQueue] Try to append 1 batches web console lines for record '817e48dc-6bc1-447c-a5cb-91e654125c7e', success rate: 1/1.
[2025-03-18 11:25:39Z INFO JobServerQueue] Try to append 1 batches web console lines for record '817e48dc-6bc1-447c-a5cb-91e654125c7e', success rate: 1/1.
[2025-03-18 11:25:39Z INFO JobServerQueue] Try to append 1 batches web console lines for record '817e48dc-6bc1-447c-a5cb-91e654125c7e', success rate: 1/1.
[2025-03-18 11:25:40Z INFO JobServerQueue] Try to append 1 batches web console lines for record '817e48dc-6bc1-447c-a5cb-91e654125c7e', success rate: 1/1.
[2025-03-18 11:25:40Z INFO JobServerQueue] Try to append 1 batches web console lines for record '817e48dc-6bc1-447c-a5cb-91e654125c7e', success rate: 1/1.
[2025-03-18 11:25:41Z INFO JobServerQueue] Try to append 1 batches web console lines for record '817e48dc-6bc1-447c-a5cb-91e654125c7e', success rate: 1/1.
[2025-03-18 11:25:41Z INFO JobServerQueue] Try to append 1 batches web console lines for record '817e48dc-6bc1-447c-a5cb-91e654125c7e', success rate: 1/1.
[2025-03-18 11:25:42Z INFO JobServerQueue] Try to append 1 batches web console lines for record '817e48dc-6bc1-447c-a5cb-91e654125c7e', success rate: 1/1.
[2025-03-18 11:25:42Z INFO JobServerQueue] Try to append 1 batches web console lines for record '817e48dc-6bc1-447c-a5cb-91e654125c7e', success rate: 1/1.
[2025-03-18 11:25:43Z INFO JobServerQueue] Try to append 1 batches web console lines for record '817e48dc-6bc1-447c-a5cb-91e654125c7e', success rate: 1/1.
[2025-03-18 11:25:43Z INFO JobServerQueue] Try to append 1 batches web console lines for record '817e48dc-6bc1-447c-a5cb-91e654125c7e', success rate: 1/1.
[2025-03-18 11:25:43Z INFO HostContext] Well known directory 'Bin': '/home/jenny/tensorflow-mri/actions-runner/bin'
[2025-03-18 11:25:43Z INFO HostContext] Well known directory 'Root': '/home/jenny/tensorflow-mri/actions-runner'
[2025-03-18 11:25:43Z INFO HostContext] Well known directory 'Work': '/home/jenny/tensorflow-mri/actions-runner/_work'
[2025-03-18 11:25:44Z INFO JobServerQueue] Try to append 1 batches web console lines for record '817e48dc-6bc1-447c-a5cb-91e654125c7e', success rate: 1/1.
[2025-03-18 11:25:44Z INFO JobServerQueue] Try to append 1 batches web console lines for record '817e48dc-6bc1-447c-a5cb-91e654125c7e', success rate: 1/1.
[2025-03-18 11:25:45Z INFO JobServerQueue] Try to append 1 batches web console lines for record '817e48dc-6bc1-447c-a5cb-91e654125c7e', success rate: 1/1.
[2025-03-18 11:25:45Z INFO JobServerQueue] Try to append 1 batches web console lines for record '817e48dc-6bc1-447c-a5cb-91e654125c7e', success rate: 1/1.
[2025-03-18 11:25:46Z INFO JobServerQueue] Try to append 1 batches web console lines for record '817e48dc-6bc1-447c-a5cb-91e654125c7e', success rate: 1/1.
[2025-03-18 11:25:46Z INFO JobServerQueue] Try to append 1 batches web console lines for record '817e48dc-6bc1-447c-a5cb-91e654125c7e', success rate: 1/1.
[2025-03-18 11:25:47Z INFO JobServerQueue] Try to append 1 batches web console lines for record '817e48dc-6bc1-447c-a5cb-91e654125c7e', success rate: 1/1.
[2025-03-18 11:25:47Z INFO JobServerQueue] Try to append 1 batches web console lines for record '817e48dc-6bc1-447c-a5cb-91e654125c7e', success rate: 1/1.
[2025-03-18 11:25:48Z INFO JobServerQueue] Try to append 1 batches web console lines for record '817e48dc-6bc1-447c-a5cb-91e654125c7e', success rate: 1/1.
[2025-03-18 11:25:48Z INFO JobServerQueue] Try to append 1 batches web console lines for record '817e48dc-6bc1-447c-a5cb-91e654125c7e', success rate: 1/1.
[2025-03-18 11:25:49Z INFO JobServerQueue] Try to append 1 batches web console lines for record '817e48dc-6bc1-447c-a5cb-91e654125c7e', success rate: 1/1.
[2025-03-18 11:25:49Z INFO JobServerQueue] Try to append 1 batches web console lines for record '817e48dc-6bc1-447c-a5cb-91e654125c7e', success rate: 1/1.
[2025-03-18 11:25:50Z INFO JobServerQueue] Try to append 1 batches web console lines for record '817e48dc-6bc1-447c-a5cb-91e654125c7e', success rate: 1/1.
[2025-03-18 11:25:50Z INFO JobServerQueue] Try to append 1 batches web console lines for record '817e48dc-6bc1-447c-a5cb-91e654125c7e', success rate: 1/1.
[2025-03-18 11:25:51Z INFO JobServerQueue] Try to append 1 batches web console lines for record '817e48dc-6bc1-447c-a5cb-91e654125c7e', success rate: 1/1.
[2025-03-18 11:25:51Z INFO JobServerQueue] Try to append 1 batches web console lines for record '817e48dc-6bc1-447c-a5cb-91e654125c7e', success rate: 1/1.
[2025-03-18 11:25:52Z INFO JobServerQueue] Try to append 1 batches web console lines for record '817e48dc-6bc1-447c-a5cb-91e654125c7e', success rate: 1/1.
[2025-03-18 11:25:52Z INFO JobServerQueue] Try to append 1 batches web console lines for record '817e48dc-6bc1-447c-a5cb-91e654125c7e', success rate: 1/1.
[2025-03-18 11:25:53Z INFO JobServerQueue] Try to append 1 batches web console lines for record '817e48dc-6bc1-447c-a5cb-91e654125c7e', success rate: 1/1.
[2025-03-18 11:25:53Z INFO JobServerQueue] Try to append 1 batches web console lines for record '817e48dc-6bc1-447c-a5cb-91e654125c7e', success rate: 1/1.
[2025-03-18 11:25:53Z INFO HostContext] Well known directory 'Bin': '/home/jenny/tensorflow-mri/actions-runner/bin'
[2025-03-18 11:25:53Z INFO HostContext] Well known directory 'Root': '/home/jenny/tensorflow-mri/actions-runner'
[2025-03-18 11:25:53Z INFO HostContext] Well known directory 'Work': '/home/jenny/tensorflow-mri/actions-runner/_work'
[2025-03-18 11:25:54Z INFO JobServerQueue] Try to append 1 batches web console lines for record '817e48dc-6bc1-447c-a5cb-91e654125c7e', success rate: 1/1.
[2025-03-18 11:25:54Z INFO JobServerQueue] Try to append 1 batches web console lines for record '817e48dc-6bc1-447c-a5cb-91e654125c7e', success rate: 1/1.
[2025-03-18 11:25:55Z INFO JobServerQueue] Try to append 1 batches web console lines for record '817e48dc-6bc1-447c-a5cb-91e654125c7e', success rate: 1/1.
[2025-03-18 11:25:55Z INFO JobServerQueue] Try to append 1 batches web console lines for record '817e48dc-6bc1-447c-a5cb-91e654125c7e', success rate: 1/1.
[2025-03-18 11:25:56Z INFO JobServerQueue] Try to append 1 batches web console lines for record '817e48dc-6bc1-447c-a5cb-91e654125c7e', success rate: 1/1.
[2025-03-18 11:25:56Z INFO JobServerQueue] Try to append 1 batches web console lines for record '817e48dc-6bc1-447c-a5cb-91e654125c7e', success rate: 1/1.
[2025-03-18 11:25:57Z INFO JobServerQueue] Try to append 1 batches web console lines for record '817e48dc-6bc1-447c-a5cb-91e654125c7e', success rate: 1/1.
[2025-03-18 11:25:57Z INFO JobServerQueue] Try to append 1 batches web console lines for record '817e48dc-6bc1-447c-a5cb-91e654125c7e', success rate: 1/1.
[2025-03-18 11:25:58Z INFO JobServerQueue] Try to append 1 batches web console lines for record '817e48dc-6bc1-447c-a5cb-91e654125c7e', success rate: 1/1.
[2025-03-18 11:25:58Z INFO JobServerQueue] Try to append 1 batches web console lines for record '817e48dc-6bc1-447c-a5cb-91e654125c7e', success rate: 1/1.
[2025-03-18 11:25:59Z INFO JobServerQueue] Try to append 1 batches web console lines for record '817e48dc-6bc1-447c-a5cb-91e654125c7e', success rate: 1/1.
[2025-03-18 11:25:59Z INFO JobServerQueue] Try to append 1 batches web console lines for record '817e48dc-6bc1-447c-a5cb-91e654125c7e', success rate: 1/1.
[2025-03-18 11:26:00Z INFO JobServerQueue] Try to append 1 batches web console lines for record '817e48dc-6bc1-447c-a5cb-91e654125c7e', success rate: 1/1.
[2025-03-18 11:26:00Z INFO JobServerQueue] Try to append 1 batches web console lines for record '817e48dc-6bc1-447c-a5cb-91e654125c7e', success rate: 1/1.
[2025-03-18 11:26:01Z INFO JobServerQueue] Try to append 1 batches web console lines for record '817e48dc-6bc1-447c-a5cb-91e654125c7e', success rate: 1/1.
[2025-03-18 11:26:01Z INFO JobServerQueue] Try to append 1 batches web console lines for record '817e48dc-6bc1-447c-a5cb-91e654125c7e', success rate: 1/1.
[2025-03-18 11:26:02Z INFO JobServerQueue] Try to append 1 batches web console lines for record '817e48dc-6bc1-447c-a5cb-91e654125c7e', success rate: 1/1.
[2025-03-18 11:26:02Z INFO JobServerQueue] Try to append 1 batches web console lines for record '817e48dc-6bc1-447c-a5cb-91e654125c7e', success rate: 1/1.
[2025-03-18 11:26:03Z INFO JobServerQueue] Try to append 1 batches web console lines for record '817e48dc-6bc1-447c-a5cb-91e654125c7e', success rate: 1/1.
[2025-03-18 11:26:03Z INFO JobServerQueue] Try to append 1 batches web console lines for record '817e48dc-6bc1-447c-a5cb-91e654125c7e', success rate: 1/1.
[2025-03-18 11:26:03Z INFO HostContext] Well known directory 'Bin': '/home/jenny/tensorflow-mri/actions-runner/bin'
[2025-03-18 11:26:03Z INFO HostContext] Well known directory 'Root': '/home/jenny/tensorflow-mri/actions-runner'
[2025-03-18 11:26:03Z INFO HostContext] Well known directory 'Work': '/home/jenny/tensorflow-mri/actions-runner/_work'
[2025-03-18 11:26:04Z INFO JobServerQueue] Try to append 1 batches web console lines for record '817e48dc-6bc1-447c-a5cb-91e654125c7e', success rate: 1/1.
[2025-03-18 11:26:04Z INFO JobServerQueue] Try to append 1 batches web console lines for record '817e48dc-6bc1-447c-a5cb-91e654125c7e', success rate: 1/1.
[2025-03-18 11:26:05Z INFO JobServerQueue] Try to append 1 batches web console lines for record '817e48dc-6bc1-447c-a5cb-91e654125c7e', success rate: 1/1.
[2025-03-18 11:26:05Z INFO JobServerQueue] Try to append 1 batches web console lines for record '817e48dc-6bc1-447c-a5cb-91e654125c7e', success rate: 1/1.
[2025-03-18 11:26:06Z INFO JobServerQueue] Try to append 1 batches web console lines for record '817e48dc-6bc1-447c-a5cb-91e654125c7e', success rate: 1/1.
[2025-03-18 11:26:06Z INFO JobServerQueue] Try to append 1 batches web console lines for record '817e48dc-6bc1-447c-a5cb-91e654125c7e', success rate: 1/1.
[2025-03-18 11:26:07Z INFO JobServerQueue] Try to append 1 batches web console lines for record '817e48dc-6bc1-447c-a5cb-91e654125c7e', success rate: 1/1.
[2025-03-18 11:26:07Z INFO JobServerQueue] Try to append 1 batches web console lines for record '817e48dc-6bc1-447c-a5cb-91e654125c7e', success rate: 1/1.
[2025-03-18 11:26:08Z INFO JobServerQueue] Try to append 1 batches web console lines for record '817e48dc-6bc1-447c-a5cb-91e654125c7e', success rate: 1/1.
[2025-03-18 11:26:08Z INFO JobServerQueue] Try to append 1 batches web console lines for record '817e48dc-6bc1-447c-a5cb-91e654125c7e', success rate: 1/1.
[2025-03-18 11:26:09Z INFO JobServerQueue] Try to append 1 batches web console lines for record '817e48dc-6bc1-447c-a5cb-91e654125c7e', success rate: 1/1.
[2025-03-18 11:26:09Z INFO JobServerQueue] Try to append 1 batches web console lines for record '817e48dc-6bc1-447c-a5cb-91e654125c7e', success rate: 1/1.
[2025-03-18 11:26:10Z INFO JobServerQueue] Try to append 1 batches web console lines for record '817e48dc-6bc1-447c-a5cb-91e654125c7e', success rate: 1/1.
[2025-03-18 11:26:10Z INFO JobServerQueue] Try to append 1 batches web console lines for record '817e48dc-6bc1-447c-a5cb-91e654125c7e', success rate: 1/1.
[2025-03-18 11:26:11Z INFO JobServerQueue] Try to append 1 batches web console lines for record '817e48dc-6bc1-447c-a5cb-91e654125c7e', success rate: 1/1.
[2025-03-18 11:26:11Z INFO JobServerQueue] Try to append 1 batches web console lines for record '817e48dc-6bc1-447c-a5cb-91e654125c7e', success rate: 1/1.
[2025-03-18 11:26:12Z INFO JobServerQueue] Try to append 1 batches web console lines for record '817e48dc-6bc1-447c-a5cb-91e654125c7e', success rate: 1/1.
[2025-03-18 11:26:12Z INFO JobServerQueue] Try to append 1 batches web console lines for record '817e48dc-6bc1-447c-a5cb-91e654125c7e', success rate: 1/1.
[2025-03-18 11:26:13Z INFO JobServerQueue] Try to append 1 batches web console lines for record '817e48dc-6bc1-447c-a5cb-91e654125c7e', success rate: 1/1.
[2025-03-18 11:26:13Z INFO JobServerQueue] Try to append 1 batches web console lines for record '817e48dc-6bc1-447c-a5cb-91e654125c7e', success rate: 1/1.
[2025-03-18 11:26:13Z INFO HostContext] Well known directory 'Bin': '/home/jenny/tensorflow-mri/actions-runner/bin'
[2025-03-18 11:26:13Z INFO HostContext] Well known directory 'Root': '/home/jenny/tensorflow-mri/actions-runner'
[2025-03-18 11:26:13Z INFO HostContext] Well known directory 'Work': '/home/jenny/tensorflow-mri/actions-runner/_work'
[2025-03-18 11:26:14Z INFO JobServerQueue] Try to append 1 batches web console lines for record '817e48dc-6bc1-447c-a5cb-91e654125c7e', success rate: 1/1.
[2025-03-18 11:26:14Z INFO JobServerQueue] Try to append 1 batches web console lines for record '817e48dc-6bc1-447c-a5cb-91e654125c7e', success rate: 1/1.
[2025-03-18 11:26:15Z INFO JobServerQueue] Try to append 1 batches web console lines for record '817e48dc-6bc1-447c-a5cb-91e654125c7e', success rate: 1/1.
[2025-03-18 11:26:15Z INFO JobServerQueue] Try to append 1 batches web console lines for record '817e48dc-6bc1-447c-a5cb-91e654125c7e', success rate: 1/1.
[2025-03-18 11:26:16Z INFO JobServerQueue] Try to append 1 batches web console lines for record '817e48dc-6bc1-447c-a5cb-91e654125c7e', success rate: 1/1.
[2025-03-18 11:26:16Z INFO JobServerQueue] Try to append 1 batches web console lines for record '817e48dc-6bc1-447c-a5cb-91e654125c7e', success rate: 1/1.
[2025-03-18 11:26:17Z INFO JobServerQueue] Try to append 1 batches web console lines for record '817e48dc-6bc1-447c-a5cb-91e654125c7e', success rate: 1/1.
[2025-03-18 11:26:17Z INFO JobServerQueue] Try to append 1 batches web console lines for record '817e48dc-6bc1-447c-a5cb-91e654125c7e', success rate: 1/1.
[2025-03-18 11:26:18Z INFO JobServerQueue] Try to append 1 batches web console lines for record '817e48dc-6bc1-447c-a5cb-91e654125c7e', success rate: 1/1.
[2025-03-18 11:26:18Z INFO JobServerQueue] Try to append 1 batches web console lines for record '817e48dc-6bc1-447c-a5cb-91e654125c7e', success rate: 1/1.
[2025-03-18 11:26:19Z INFO JobServerQueue] Try to append 1 batches web console lines for record '817e48dc-6bc1-447c-a5cb-91e654125c7e', success rate: 1/1.
[2025-03-18 11:26:19Z INFO JobServerQueue] Try to append 1 batches web console lines for record '817e48dc-6bc1-447c-a5cb-91e654125c7e', success rate: 1/1.
[2025-03-18 11:26:20Z INFO JobServerQueue] Try to append 1 batches web console lines for record '817e48dc-6bc1-447c-a5cb-91e654125c7e', success rate: 1/1.
[2025-03-18 11:26:20Z INFO JobServerQueue] Try to append 1 batches web console lines for record '817e48dc-6bc1-447c-a5cb-91e654125c7e', success rate: 1/1.
[2025-03-18 11:26:21Z INFO JobServerQueue] Try to append 1 batches web console lines for record '817e48dc-6bc1-447c-a5cb-91e654125c7e', success rate: 1/1.
[2025-03-18 11:26:22Z INFO JobServerQueue] Try to append 1 batches web console lines for record '817e48dc-6bc1-447c-a5cb-91e654125c7e', success rate: 1/1.
[2025-03-18 11:26:23Z INFO JobServerQueue] Try to append 1 batches web console lines for record '817e48dc-6bc1-447c-a5cb-91e654125c7e', success rate: 1/1.
[2025-03-18 11:26:23Z INFO HostContext] Well known directory 'Bin': '/home/jenny/tensorflow-mri/actions-runner/bin'
[2025-03-18 11:26:23Z INFO HostContext] Well known directory 'Root': '/home/jenny/tensorflow-mri/actions-runner'
[2025-03-18 11:26:23Z INFO HostContext] Well known directory 'Work': '/home/jenny/tensorflow-mri/actions-runner/_work'
[2025-03-18 11:26:24Z INFO JobServerQueue] Try to append 1 batches web console lines for record '817e48dc-6bc1-447c-a5cb-91e654125c7e', success rate: 1/1.
[2025-03-18 11:26:25Z INFO JobServerQueue] Try to append 1 batches web console lines for record '817e48dc-6bc1-447c-a5cb-91e654125c7e', success rate: 1/1.
[2025-03-18 11:26:26Z INFO JobServerQueue] Try to append 1 batches web console lines for record '817e48dc-6bc1-447c-a5cb-91e654125c7e', success rate: 1/1.
[2025-03-18 11:26:26Z INFO JobServerQueue] Try to append 1 batches web console lines for record '817e48dc-6bc1-447c-a5cb-91e654125c7e', success rate: 1/1.
[2025-03-18 11:26:27Z INFO JobServerQueue] Try to append 1 batches web console lines for record '817e48dc-6bc1-447c-a5cb-91e654125c7e', success rate: 1/1.
[2025-03-18 11:26:27Z INFO JobServerQueue] Try to append 1 batches web console lines for record '817e48dc-6bc1-447c-a5cb-91e654125c7e', success rate: 1/1.
[2025-03-18 11:26:28Z INFO JobServerQueue] Try to append 1 batches web console lines for record '817e48dc-6bc1-447c-a5cb-91e654125c7e', success rate: 1/1.
[2025-03-18 11:26:28Z INFO JobServerQueue] Try to append 1 batches web console lines for record '817e48dc-6bc1-447c-a5cb-91e654125c7e', success rate: 1/1.
[2025-03-18 11:26:29Z INFO JobServerQueue] Try to append 1 batches web console lines for record '817e48dc-6bc1-447c-a5cb-91e654125c7e', success rate: 1/1.
[2025-03-18 11:26:30Z INFO JobServerQueue] Try to append 1 batches web console lines for record '817e48dc-6bc1-447c-a5cb-91e654125c7e', success rate: 1/1.
[2025-03-18 11:26:31Z INFO JobServerQueue] Try to append 1 batches web console lines for record '817e48dc-6bc1-447c-a5cb-91e654125c7e', success rate: 1/1.
[2025-03-18 11:26:33Z INFO JobServerQueue] Try to append 1 batches web console lines for record '817e48dc-6bc1-447c-a5cb-91e654125c7e', success rate: 1/1.
[2025-03-18 11:26:33Z INFO HostContext] Well known directory 'Bin': '/home/jenny/tensorflow-mri/actions-runner/bin'
[2025-03-18 11:26:33Z INFO HostContext] Well known directory 'Root': '/home/jenny/tensorflow-mri/actions-runner'
[2025-03-18 11:26:33Z INFO HostContext] Well known directory 'Work': '/home/jenny/tensorflow-mri/actions-runner/_work'
[2025-03-18 11:26:34Z INFO JobServerQueue] Try to append 1 batches web console lines for record '817e48dc-6bc1-447c-a5cb-91e654125c7e', success rate: 1/1.
[2025-03-18 11:26:34Z INFO JobServerQueue] Try to append 1 batches web console lines for record '817e48dc-6bc1-447c-a5cb-91e654125c7e', success rate: 1/1.
[2025-03-18 11:26:35Z INFO JobServerQueue] Try to append 1 batches web console lines for record '817e48dc-6bc1-447c-a5cb-91e654125c7e', success rate: 1/1.
[2025-03-18 11:26:35Z INFO JobServerQueue] Try to append 1 batches web console lines for record '817e48dc-6bc1-447c-a5cb-91e654125c7e', success rate: 1/1.
[2025-03-18 11:26:36Z INFO JobServerQueue] Try to append 1 batches web console lines for record '817e48dc-6bc1-447c-a5cb-91e654125c7e', success rate: 1/1.
[2025-03-18 11:26:36Z INFO JobServerQueue] Try to append 1 batches web console lines for record '817e48dc-6bc1-447c-a5cb-91e654125c7e', success rate: 1/1.
[2025-03-18 11:26:37Z INFO JobServerQueue] Try to append 1 batches web console lines for record '817e48dc-6bc1-447c-a5cb-91e654125c7e', success rate: 1/1.
[2025-03-18 11:26:37Z INFO JobServerQueue] Try to append 1 batches web console lines for record '817e48dc-6bc1-447c-a5cb-91e654125c7e', success rate: 1/1.
[2025-03-18 11:26:38Z INFO JobServerQueue] Try to append 1 batches web console lines for record '817e48dc-6bc1-447c-a5cb-91e654125c7e', success rate: 1/1.
[2025-03-18 11:26:38Z INFO JobServerQueue] Try to append 1 batches web console lines for record '817e48dc-6bc1-447c-a5cb-91e654125c7e', success rate: 1/1.
[2025-03-18 11:26:39Z INFO JobServerQueue] Try to append 1 batches web console lines for record '817e48dc-6bc1-447c-a5cb-91e654125c7e', success rate: 1/1.
[2025-03-18 11:26:39Z INFO JobServerQueue] Try to append 1 batches web console lines for record '817e48dc-6bc1-447c-a5cb-91e654125c7e', success rate: 1/1.
[2025-03-18 11:26:40Z INFO JobServerQueue] Try to append 1 batches web console lines for record '817e48dc-6bc1-447c-a5cb-91e654125c7e', success rate: 1/1.
[2025-03-18 11:26:40Z INFO JobServerQueue] Try to append 1 batches web console lines for record '817e48dc-6bc1-447c-a5cb-91e654125c7e', success rate: 1/1.
[2025-03-18 11:26:41Z INFO JobServerQueue] Try to append 1 batches web console lines for record '817e48dc-6bc1-447c-a5cb-91e654125c7e', success rate: 1/1.
[2025-03-18 11:26:41Z INFO JobServerQueue] Try to append 1 batches web console lines for record '817e48dc-6bc1-447c-a5cb-91e654125c7e', success rate: 1/1.
[2025-03-18 11:26:42Z INFO JobServerQueue] Try to append 1 batches web console lines for record '817e48dc-6bc1-447c-a5cb-91e654125c7e', success rate: 1/1.
[2025-03-18 11:26:42Z INFO JobServerQueue] Try to append 1 batches web console lines for record '817e48dc-6bc1-447c-a5cb-91e654125c7e', success rate: 1/1.
[2025-03-18 11:26:43Z INFO JobServerQueue] Try to append 1 batches web console lines for record '817e48dc-6bc1-447c-a5cb-91e654125c7e', success rate: 1/1.
[2025-03-18 11:26:43Z INFO JobServerQueue] Try to append 1 batches web console lines for record '817e48dc-6bc1-447c-a5cb-91e654125c7e', success rate: 1/1.
[2025-03-18 11:26:43Z INFO HostContext] Well known directory 'Bin': '/home/jenny/tensorflow-mri/actions-runner/bin'
[2025-03-18 11:26:43Z INFO HostContext] Well known directory 'Root': '/home/jenny/tensorflow-mri/actions-runner'
[2025-03-18 11:26:43Z INFO HostContext] Well known directory 'Work': '/home/jenny/tensorflow-mri/actions-runner/_work'
[2025-03-18 11:26:44Z INFO JobServerQueue] Try to append 1 batches web console lines for record '817e48dc-6bc1-447c-a5cb-91e654125c7e', success rate: 1/1.
[2025-03-18 11:26:44Z INFO JobServerQueue] Try to append 1 batches web console lines for record '817e48dc-6bc1-447c-a5cb-91e654125c7e', success rate: 1/1.
[2025-03-18 11:26:46Z INFO JobServerQueue] Try to append 1 batches web console lines for record '817e48dc-6bc1-447c-a5cb-91e654125c7e', success rate: 1/1.
[2025-03-18 11:26:48Z INFO JobServerQueue] Try to append 1 batches web console lines for record '817e48dc-6bc1-447c-a5cb-91e654125c7e', success rate: 1/1.
[2025-03-18 11:26:49Z INFO JobServerQueue] Try to append 1 batches web console lines for record '817e48dc-6bc1-447c-a5cb-91e654125c7e', success rate: 1/1.
[2025-03-18 11:26:49Z INFO JobServerQueue] Try to append 1 batches web console lines for record '817e48dc-6bc1-447c-a5cb-91e654125c7e', success rate: 1/1.
[2025-03-18 11:26:50Z INFO JobServerQueue] Try to append 1 batches web console lines for record '817e48dc-6bc1-447c-a5cb-91e654125c7e', success rate: 1/1.
[2025-03-18 11:26:50Z INFO JobServerQueue] Try to append 1 batches web console lines for record '817e48dc-6bc1-447c-a5cb-91e654125c7e', success rate: 1/1.
[2025-03-18 11:26:51Z INFO JobServerQueue] Try to append 1 batches web console lines for record '817e48dc-6bc1-447c-a5cb-91e654125c7e', success rate: 1/1.
[2025-03-18 11:26:51Z INFO JobServerQueue] Try to append 1 batches web console lines for record '817e48dc-6bc1-447c-a5cb-91e654125c7e', success rate: 1/1.
[2025-03-18 11:26:52Z INFO JobServerQueue] Try to append 1 batches web console lines for record '817e48dc-6bc1-447c-a5cb-91e654125c7e', success rate: 1/1.
[2025-03-18 11:26:52Z INFO JobServerQueue] Try to append 1 batches web console lines for record '817e48dc-6bc1-447c-a5cb-91e654125c7e', success rate: 1/1.
[2025-03-18 11:26:53Z INFO JobServerQueue] Try to append 1 batches web console lines for record '817e48dc-6bc1-447c-a5cb-91e654125c7e', success rate: 1/1.
[2025-03-18 11:26:53Z INFO JobServerQueue] Try to append 1 batches web console lines for record '817e48dc-6bc1-447c-a5cb-91e654125c7e', success rate: 1/1.
[2025-03-18 11:26:53Z INFO HostContext] Well known directory 'Bin': '/home/jenny/tensorflow-mri/actions-runner/bin'
[2025-03-18 11:26:53Z INFO HostContext] Well known directory 'Root': '/home/jenny/tensorflow-mri/actions-runner'
[2025-03-18 11:26:53Z INFO HostContext] Well known directory 'Work': '/home/jenny/tensorflow-mri/actions-runner/_work'
[2025-03-18 11:26:54Z INFO JobServerQueue] Try to append 1 batches web console lines for record '817e48dc-6bc1-447c-a5cb-91e654125c7e', success rate: 1/1.
[2025-03-18 11:26:54Z INFO JobServerQueue] Try to append 1 batches web console lines for record '817e48dc-6bc1-447c-a5cb-91e654125c7e', success rate: 1/1.
[2025-03-18 11:26:55Z INFO JobServerQueue] Try to append 1 batches web console lines for record '817e48dc-6bc1-447c-a5cb-91e654125c7e', success rate: 1/1.
[2025-03-18 11:26:55Z INFO JobServerQueue] Try to append 1 batches web console lines for record '817e48dc-6bc1-447c-a5cb-91e654125c7e', success rate: 1/1.
[2025-03-18 11:26:56Z INFO JobServerQueue] Try to append 1 batches web console lines for record '817e48dc-6bc1-447c-a5cb-91e654125c7e', success rate: 1/1.
[2025-03-18 11:26:56Z INFO JobServerQueue] Try to append 1 batches web console lines for record '817e48dc-6bc1-447c-a5cb-91e654125c7e', success rate: 1/1.
[2025-03-18 11:26:57Z INFO JobServerQueue] Try to append 1 batches web console lines for record '817e48dc-6bc1-447c-a5cb-91e654125c7e', success rate: 1/1.
[2025-03-18 11:26:57Z INFO JobServerQueue] Try to append 1 batches web console lines for record '817e48dc-6bc1-447c-a5cb-91e654125c7e', success rate: 1/1.
[2025-03-18 11:26:58Z INFO JobServerQueue] Try to append 1 batches web console lines for record '817e48dc-6bc1-447c-a5cb-91e654125c7e', success rate: 1/1.
[2025-03-18 11:26:59Z INFO JobServerQueue] Try to append 1 batches web console lines for record '817e48dc-6bc1-447c-a5cb-91e654125c7e', success rate: 1/1.
[2025-03-18 11:27:00Z INFO JobServerQueue] Try to append 1 batches web console lines for record '817e48dc-6bc1-447c-a5cb-91e654125c7e', success rate: 1/1.
[2025-03-18 11:27:00Z INFO JobServerQueue] Try to append 1 batches web console lines for record '817e48dc-6bc1-447c-a5cb-91e654125c7e', success rate: 1/1.
[2025-03-18 11:27:01Z INFO JobServerQueue] Try to append 1 batches web console lines for record '817e48dc-6bc1-447c-a5cb-91e654125c7e', success rate: 1/1.
[2025-03-18 11:27:02Z INFO JobServerQueue] Try to append 1 batches web console lines for record '817e48dc-6bc1-447c-a5cb-91e654125c7e', success rate: 1/1.
[2025-03-18 11:27:03Z INFO HostContext] Well known directory 'Bin': '/home/jenny/tensorflow-mri/actions-runner/bin'
[2025-03-18 11:27:03Z INFO HostContext] Well known directory 'Root': '/home/jenny/tensorflow-mri/actions-runner'
[2025-03-18 11:27:03Z INFO HostContext] Well known directory 'Work': '/home/jenny/tensorflow-mri/actions-runner/_work'
[2025-03-18 11:27:04Z INFO JobServerQueue] Try to append 1 batches web console lines for record '817e48dc-6bc1-447c-a5cb-91e654125c7e', success rate: 1/1.
[2025-03-18 11:27:05Z INFO JobServerQueue] Try to append 1 batches web console lines for record '817e48dc-6bc1-447c-a5cb-91e654125c7e', success rate: 1/1.
[2025-03-18 11:27:05Z INFO JobServerQueue] Try to append 1 batches web console lines for record '817e48dc-6bc1-447c-a5cb-91e654125c7e', success rate: 1/1.
[2025-03-18 11:27:06Z INFO JobServerQueue] Try to append 1 batches web console lines for record '817e48dc-6bc1-447c-a5cb-91e654125c7e', success rate: 1/1.
[2025-03-18 11:27:07Z INFO JobServerQueue] Try to append 1 batches web console lines for record '817e48dc-6bc1-447c-a5cb-91e654125c7e', success rate: 1/1.
[2025-03-18 11:27:09Z INFO JobServerQueue] Try to append 1 batches web console lines for record '817e48dc-6bc1-447c-a5cb-91e654125c7e', success rate: 1/1.
[2025-03-18 11:27:10Z INFO JobServerQueue] Try to append 1 batches web console lines for record '817e48dc-6bc1-447c-a5cb-91e654125c7e', success rate: 1/1.
[2025-03-18 11:27:12Z INFO JobServerQueue] Try to append 1 batches web console lines for record '817e48dc-6bc1-447c-a5cb-91e654125c7e', success rate: 1/1.
[2025-03-18 11:27:12Z INFO JobServerQueue] Try to append 1 batches web console lines for record '817e48dc-6bc1-447c-a5cb-91e654125c7e', success rate: 1/1.
[2025-03-18 11:27:13Z INFO JobServerQueue] Try to append 1 batches web console lines for record '817e48dc-6bc1-447c-a5cb-91e654125c7e', success rate: 1/1.
[2025-03-18 11:27:13Z INFO JobServerQueue] Try to append 1 batches web console lines for record '817e48dc-6bc1-447c-a5cb-91e654125c7e', success rate: 1/1.
[2025-03-18 11:27:13Z INFO HostContext] Well known directory 'Bin': '/home/jenny/tensorflow-mri/actions-runner/bin'
[2025-03-18 11:27:13Z INFO HostContext] Well known directory 'Root': '/home/jenny/tensorflow-mri/actions-runner'
[2025-03-18 11:27:13Z INFO HostContext] Well known directory 'Work': '/home/jenny/tensorflow-mri/actions-runner/_work'
[2025-03-18 11:27:14Z INFO JobServerQueue] Try to append 1 batches web console lines for record '817e48dc-6bc1-447c-a5cb-91e654125c7e', success rate: 1/1.
[2025-03-18 11:27:14Z INFO JobServerQueue] Try to append 1 batches web console lines for record '817e48dc-6bc1-447c-a5cb-91e654125c7e', success rate: 1/1.
[2025-03-18 11:27:15Z INFO JobServerQueue] Try to append 1 batches web console lines for record '817e48dc-6bc1-447c-a5cb-91e654125c7e', success rate: 1/1.
[2025-03-18 11:27:15Z INFO JobServerQueue] Try to append 1 batches web console lines for record '817e48dc-6bc1-447c-a5cb-91e654125c7e', success rate: 1/1.
[2025-03-18 11:27:16Z INFO JobServerQueue] Try to append 1 batches web console lines for record '817e48dc-6bc1-447c-a5cb-91e654125c7e', success rate: 1/1.
[2025-03-18 11:27:17Z INFO JobServerQueue] Try to append 1 batches web console lines for record '817e48dc-6bc1-447c-a5cb-91e654125c7e', success rate: 1/1.
[2025-03-18 11:27:17Z INFO JobServerQueue] Try to append 1 batches web console lines for record '817e48dc-6bc1-447c-a5cb-91e654125c7e', success rate: 1/1.
[2025-03-18 11:27:18Z INFO JobServerQueue] Try to append 1 batches web console lines for record '817e48dc-6bc1-447c-a5cb-91e654125c7e', success rate: 1/1.
[2025-03-18 11:27:18Z INFO JobServerQueue] Try to append 1 batches web console lines for record '817e48dc-6bc1-447c-a5cb-91e654125c7e', success rate: 1/1.
[2025-03-18 11:27:19Z INFO JobServerQueue] Try to append 1 batches web console lines for record '817e48dc-6bc1-447c-a5cb-91e654125c7e', success rate: 1/1.
[2025-03-18 11:27:19Z INFO JobServerQueue] Try to append 1 batches web console lines for record '817e48dc-6bc1-447c-a5cb-91e654125c7e', success rate: 1/1.
[2025-03-18 11:27:20Z INFO JobServerQueue] Try to append 1 batches web console lines for record '817e48dc-6bc1-447c-a5cb-91e654125c7e', success rate: 1/1.
[2025-03-18 11:27:20Z INFO JobServerQueue] Try to append 1 batches web console lines for record '817e48dc-6bc1-447c-a5cb-91e654125c7e', success rate: 1/1.
[2025-03-18 11:27:21Z INFO JobServerQueue] Try to append 1 batches web console lines for record '817e48dc-6bc1-447c-a5cb-91e654125c7e', success rate: 1/1.
[2025-03-18 11:27:21Z INFO JobServerQueue] Try to append 1 batches web console lines for record '817e48dc-6bc1-447c-a5cb-91e654125c7e', success rate: 1/1.
[2025-03-18 11:27:22Z INFO JobServerQueue] Try to append 1 batches web console lines for record '817e48dc-6bc1-447c-a5cb-91e654125c7e', success rate: 1/1.
[2025-03-18 11:27:22Z INFO JobServerQueue] Try to append 1 batches web console lines for record '817e48dc-6bc1-447c-a5cb-91e654125c7e', success rate: 1/1.
[2025-03-18 11:27:23Z INFO JobServerQueue] Try to append 1 batches web console lines for record '817e48dc-6bc1-447c-a5cb-91e654125c7e', success rate: 1/1.
[2025-03-18 11:27:23Z INFO JobServerQueue] Try to append 1 batches web console lines for record '817e48dc-6bc1-447c-a5cb-91e654125c7e', success rate: 1/1.
[2025-03-18 11:27:23Z INFO HostContext] Well known directory 'Bin': '/home/jenny/tensorflow-mri/actions-runner/bin'
[2025-03-18 11:27:23Z INFO HostContext] Well known directory 'Root': '/home/jenny/tensorflow-mri/actions-runner'
[2025-03-18 11:27:23Z INFO HostContext] Well known directory 'Work': '/home/jenny/tensorflow-mri/actions-runner/_work'
[2025-03-18 11:27:24Z INFO JobServerQueue] Try to append 1 batches web console lines for record '817e48dc-6bc1-447c-a5cb-91e654125c7e', success rate: 1/1.
[2025-03-18 11:27:24Z INFO JobServerQueue] Try to append 1 batches web console lines for record '817e48dc-6bc1-447c-a5cb-91e654125c7e', success rate: 1/1.
[2025-03-18 11:27:25Z INFO JobServerQueue] Try to append 1 batches web console lines for record '817e48dc-6bc1-447c-a5cb-91e654125c7e', success rate: 1/1.
[2025-03-18 11:27:25Z INFO JobServerQueue] Try to append 1 batches web console lines for record '817e48dc-6bc1-447c-a5cb-91e654125c7e', success rate: 1/1.
[2025-03-18 11:27:26Z INFO JobServerQueue] Try to append 1 batches web console lines for record '817e48dc-6bc1-447c-a5cb-91e654125c7e', success rate: 1/1.
[2025-03-18 11:27:26Z INFO JobServerQueue] Try to append 1 batches web console lines for record '817e48dc-6bc1-447c-a5cb-91e654125c7e', success rate: 1/1.
[2025-03-18 11:27:27Z INFO JobServerQueue] Try to append 1 batches web console lines for record '817e48dc-6bc1-447c-a5cb-91e654125c7e', success rate: 1/1.
[2025-03-18 11:27:28Z INFO JobServerQueue] Try to append 1 batches web console lines for record '817e48dc-6bc1-447c-a5cb-91e654125c7e', success rate: 1/1.
[2025-03-18 11:27:28Z INFO JobServerQueue] Try to append 1 batches web console lines for record '817e48dc-6bc1-447c-a5cb-91e654125c7e', success rate: 1/1.
[2025-03-18 11:27:30Z INFO JobServerQueue] Try to append 1 batches web console lines for record '817e48dc-6bc1-447c-a5cb-91e654125c7e', success rate: 1/1.
[2025-03-18 11:27:31Z INFO JobServerQueue] Try to append 1 batches web console lines for record '817e48dc-6bc1-447c-a5cb-91e654125c7e', success rate: 1/1.
[2025-03-18 11:27:32Z INFO JobServerQueue] Try to append 1 batches web console lines for record '817e48dc-6bc1-447c-a5cb-91e654125c7e', success rate: 1/1.
[2025-03-18 11:27:32Z INFO JobServerQueue] Try to append 1 batches web console lines for record '817e48dc-6bc1-447c-a5cb-91e654125c7e', success rate: 1/1.
[2025-03-18 11:27:33Z INFO JobServerQueue] Try to append 1 batches web console lines for record '817e48dc-6bc1-447c-a5cb-91e654125c7e', success rate: 1/1.
[2025-03-18 11:27:33Z INFO HostContext] Well known directory 'Bin': '/home/jenny/tensorflow-mri/actions-runner/bin'
[2025-03-18 11:27:33Z INFO HostContext] Well known directory 'Root': '/home/jenny/tensorflow-mri/actions-runner'
[2025-03-18 11:27:33Z INFO HostContext] Well known directory 'Work': '/home/jenny/tensorflow-mri/actions-runner/_work'
[2025-03-18 11:27:43Z INFO HostContext] Well known directory 'Bin': '/home/jenny/tensorflow-mri/actions-runner/bin'
[2025-03-18 11:27:43Z INFO HostContext] Well known directory 'Root': '/home/jenny/tensorflow-mri/actions-runner'
[2025-03-18 11:27:43Z INFO HostContext] Well known directory 'Work': '/home/jenny/tensorflow-mri/actions-runner/_work'
[2025-03-18 11:27:53Z INFO HostContext] Well known directory 'Bin': '/home/jenny/tensorflow-mri/actions-runner/bin'
[2025-03-18 11:27:53Z INFO HostContext] Well known directory 'Root': '/home/jenny/tensorflow-mri/actions-runner'
[2025-03-18 11:27:53Z INFO HostContext] Well known directory 'Work': '/home/jenny/tensorflow-mri/actions-runner/_work'
[2025-03-18 11:28:03Z INFO HostContext] Well known directory 'Bin': '/home/jenny/tensorflow-mri/actions-runner/bin'
[2025-03-18 11:28:03Z INFO HostContext] Well known directory 'Root': '/home/jenny/tensorflow-mri/actions-runner'
[2025-03-18 11:28:03Z INFO HostContext] Well known directory 'Work': '/home/jenny/tensorflow-mri/actions-runner/_work'
[2025-03-18 11:28:12Z INFO JobServerQueue] Try to append 1 batches web console lines for record '817e48dc-6bc1-447c-a5cb-91e654125c7e', success rate: 1/1.
[2025-03-18 11:28:13Z INFO HostContext] Well known directory 'Bin': '/home/jenny/tensorflow-mri/actions-runner/bin'
[2025-03-18 11:28:13Z INFO HostContext] Well known directory 'Root': '/home/jenny/tensorflow-mri/actions-runner'
[2025-03-18 11:28:13Z INFO HostContext] Well known directory 'Work': '/home/jenny/tensorflow-mri/actions-runner/_work'
[2025-03-18 11:28:23Z INFO HostContext] Well known directory 'Bin': '/home/jenny/tensorflow-mri/actions-runner/bin'
[2025-03-18 11:28:23Z INFO HostContext] Well known directory 'Root': '/home/jenny/tensorflow-mri/actions-runner'
[2025-03-18 11:28:23Z INFO HostContext] Well known directory 'Work': '/home/jenny/tensorflow-mri/actions-runner/_work'
[2025-03-18 11:28:33Z INFO HostContext] Well known directory 'Bin': '/home/jenny/tensorflow-mri/actions-runner/bin'
[2025-03-18 11:28:33Z INFO HostContext] Well known directory 'Root': '/home/jenny/tensorflow-mri/actions-runner'
[2025-03-18 11:28:33Z INFO HostContext] Well known directory 'Work': '/home/jenny/tensorflow-mri/actions-runner/_work'
[2025-03-18 11:28:43Z INFO HostContext] Well known directory 'Bin': '/home/jenny/tensorflow-mri/actions-runner/bin'
[2025-03-18 11:28:43Z INFO HostContext] Well known directory 'Root': '/home/jenny/tensorflow-mri/actions-runner'
[2025-03-18 11:28:43Z INFO HostContext] Well known directory 'Work': '/home/jenny/tensorflow-mri/actions-runner/_work'
[2025-03-18 11:28:53Z INFO HostContext] Well known directory 'Bin': '/home/jenny/tensorflow-mri/actions-runner/bin'
[2025-03-18 11:28:53Z INFO HostContext] Well known directory 'Root': '/home/jenny/tensorflow-mri/actions-runner'
[2025-03-18 11:28:53Z INFO HostContext] Well known directory 'Work': '/home/jenny/tensorflow-mri/actions-runner/_work'
[2025-03-18 11:29:03Z INFO HostContext] Well known directory 'Bin': '/home/jenny/tensorflow-mri/actions-runner/bin'
[2025-03-18 11:29:03Z INFO HostContext] Well known directory 'Root': '/home/jenny/tensorflow-mri/actions-runner'
[2025-03-18 11:29:03Z INFO HostContext] Well known directory 'Work': '/home/jenny/tensorflow-mri/actions-runner/_work'
[2025-03-18 11:29:13Z INFO HostContext] Well known directory 'Bin': '/home/jenny/tensorflow-mri/actions-runner/bin'
[2025-03-18 11:29:13Z INFO HostContext] Well known directory 'Root': '/home/jenny/tensorflow-mri/actions-runner'
[2025-03-18 11:29:13Z INFO HostContext] Well known directory 'Work': '/home/jenny/tensorflow-mri/actions-runner/_work'
[2025-03-18 11:29:23Z INFO HostContext] Well known directory 'Bin': '/home/jenny/tensorflow-mri/actions-runner/bin'
[2025-03-18 11:29:23Z INFO HostContext] Well known directory 'Root': '/home/jenny/tensorflow-mri/actions-runner'
[2025-03-18 11:29:23Z INFO HostContext] Well known directory 'Work': '/home/jenny/tensorflow-mri/actions-runner/_work'
[2025-03-18 11:29:33Z INFO HostContext] Well known directory 'Bin': '/home/jenny/tensorflow-mri/actions-runner/bin'
[2025-03-18 11:29:33Z INFO HostContext] Well known directory 'Root': '/home/jenny/tensorflow-mri/actions-runner'
[2025-03-18 11:29:33Z INFO HostContext] Well known directory 'Work': '/home/jenny/tensorflow-mri/actions-runner/_work'
[2025-03-18 11:29:36Z INFO JobServerQueue] Try to append 1 batches web console lines for record '817e48dc-6bc1-447c-a5cb-91e654125c7e', success rate: 1/1.
[2025-03-18 11:29:43Z INFO HostContext] Well known directory 'Bin': '/home/jenny/tensorflow-mri/actions-runner/bin'
[2025-03-18 11:29:43Z INFO HostContext] Well known directory 'Root': '/home/jenny/tensorflow-mri/actions-runner'
[2025-03-18 11:29:43Z INFO HostContext] Well known directory 'Work': '/home/jenny/tensorflow-mri/actions-runner/_work'
[2025-03-18 11:29:53Z INFO HostContext] Well known directory 'Bin': '/home/jenny/tensorflow-mri/actions-runner/bin'
[2025-03-18 11:29:53Z INFO HostContext] Well known directory 'Root': '/home/jenny/tensorflow-mri/actions-runner'
[2025-03-18 11:29:53Z INFO HostContext] Well known directory 'Work': '/home/jenny/tensorflow-mri/actions-runner/_work'
[2025-03-18 11:30:03Z INFO HostContext] Well known directory 'Bin': '/home/jenny/tensorflow-mri/actions-runner/bin'
[2025-03-18 11:30:03Z INFO HostContext] Well known directory 'Root': '/home/jenny/tensorflow-mri/actions-runner'
[2025-03-18 11:30:03Z INFO HostContext] Well known directory 'Work': '/home/jenny/tensorflow-mri/actions-runner/_work'
[2025-03-18 11:30:06Z INFO JobServerQueue] Try to append 1 batches web console lines for record '817e48dc-6bc1-447c-a5cb-91e654125c7e', success rate: 1/1.
[2025-03-18 11:30:13Z INFO HostContext] Well known directory 'Bin': '/home/jenny/tensorflow-mri/actions-runner/bin'
[2025-03-18 11:30:13Z INFO HostContext] Well known directory 'Root': '/home/jenny/tensorflow-mri/actions-runner'
[2025-03-18 11:30:13Z INFO HostContext] Well known directory 'Work': '/home/jenny/tensorflow-mri/actions-runner/_work'
[2025-03-18 11:30:23Z INFO HostContext] Well known directory 'Bin': '/home/jenny/tensorflow-mri/actions-runner/bin'
[2025-03-18 11:30:23Z INFO HostContext] Well known directory 'Root': '/home/jenny/tensorflow-mri/actions-runner'
[2025-03-18 11:30:23Z INFO HostContext] Well known directory 'Work': '/home/jenny/tensorflow-mri/actions-runner/_work'
[2025-03-18 11:30:33Z INFO HostContext] Well known directory 'Bin': '/home/jenny/tensorflow-mri/actions-runner/bin'
[2025-03-18 11:30:33Z INFO HostContext] Well known directory 'Root': '/home/jenny/tensorflow-mri/actions-runner'
[2025-03-18 11:30:33Z INFO HostContext] Well known directory 'Work': '/home/jenny/tensorflow-mri/actions-runner/_work'
[2025-03-18 11:30:43Z INFO HostContext] Well known directory 'Bin': '/home/jenny/tensorflow-mri/actions-runner/bin'
[2025-03-18 11:30:43Z INFO HostContext] Well known directory 'Root': '/home/jenny/tensorflow-mri/actions-runner'
[2025-03-18 11:30:43Z INFO HostContext] Well known directory 'Work': '/home/jenny/tensorflow-mri/actions-runner/_work'
[2025-03-18 11:30:53Z INFO HostContext] Well known directory 'Bin': '/home/jenny/tensorflow-mri/actions-runner/bin'
[2025-03-18 11:30:53Z INFO HostContext] Well known directory 'Root': '/home/jenny/tensorflow-mri/actions-runner'
[2025-03-18 11:30:53Z INFO HostContext] Well known directory 'Work': '/home/jenny/tensorflow-mri/actions-runner/_work'
[2025-03-18 11:31:03Z INFO HostContext] Well known directory 'Bin': '/home/jenny/tensorflow-mri/actions-runner/bin'
[2025-03-18 11:31:03Z INFO HostContext] Well known directory 'Root': '/home/jenny/tensorflow-mri/actions-runner'
[2025-03-18 11:31:03Z INFO HostContext] Well known directory 'Work': '/home/jenny/tensorflow-mri/actions-runner/_work'
[2025-03-18 11:31:13Z INFO HostContext] Well known directory 'Bin': '/home/jenny/tensorflow-mri/actions-runner/bin'
[2025-03-18 11:31:13Z INFO HostContext] Well known directory 'Root': '/home/jenny/tensorflow-mri/actions-runner'
[2025-03-18 11:31:13Z INFO HostContext] Well known directory 'Work': '/home/jenny/tensorflow-mri/actions-runner/_work'
[2025-03-18 11:31:23Z INFO HostContext] Well known directory 'Bin': '/home/jenny/tensorflow-mri/actions-runner/bin'
[2025-03-18 11:31:23Z INFO HostContext] Well known directory 'Root': '/home/jenny/tensorflow-mri/actions-runner'
[2025-03-18 11:31:23Z INFO HostContext] Well known directory 'Work': '/home/jenny/tensorflow-mri/actions-runner/_work'
[2025-03-18 11:31:24Z INFO JobServerQueue] Try to append 1 batches web console lines for record '817e48dc-6bc1-447c-a5cb-91e654125c7e', success rate: 1/1.
[2025-03-18 11:31:25Z INFO JobServerQueue] Try to append 1 batches web console lines for record '817e48dc-6bc1-447c-a5cb-91e654125c7e', success rate: 1/1.
[2025-03-18 11:31:26Z INFO JobServerQueue] Try to append 1 batches web console lines for record '817e48dc-6bc1-447c-a5cb-91e654125c7e', success rate: 1/1.
[2025-03-18 11:31:26Z INFO JobServerQueue] Try to append 1 batches web console lines for record '817e48dc-6bc1-447c-a5cb-91e654125c7e', success rate: 1/1.
[2025-03-18 11:31:27Z INFO JobServerQueue] Try to append 1 batches web console lines for record '817e48dc-6bc1-447c-a5cb-91e654125c7e', success rate: 1/1.
[2025-03-18 11:31:27Z INFO JobServerQueue] Try to append 1 batches web console lines for record '817e48dc-6bc1-447c-a5cb-91e654125c7e', success rate: 1/1.
[2025-03-18 11:31:28Z INFO JobServerQueue] Try to append 1 batches web console lines for record '817e48dc-6bc1-447c-a5cb-91e654125c7e', success rate: 1/1.
[2025-03-18 11:31:33Z INFO JobServerQueue] Try to append 1 batches web console lines for record '817e48dc-6bc1-447c-a5cb-91e654125c7e', success rate: 1/1.
[2025-03-18 11:31:33Z INFO JobServerQueue] Try to append 3 batches web console lines for record '817e48dc-6bc1-447c-a5cb-91e654125c7e', success rate: 3/3.
[2025-03-18 11:31:33Z INFO HostContext] Well known directory 'Bin': '/home/jenny/tensorflow-mri/actions-runner/bin'
[2025-03-18 11:31:33Z INFO HostContext] Well known directory 'Root': '/home/jenny/tensorflow-mri/actions-runner'
[2025-03-18 11:31:33Z INFO HostContext] Well known directory 'Work': '/home/jenny/tensorflow-mri/actions-runner/_work'
[2025-03-18 11:31:34Z INFO JobServerQueue] Try to append 4 batches web console lines for record '817e48dc-6bc1-447c-a5cb-91e654125c7e', success rate: 4/4.
[2025-03-18 11:31:34Z INFO JobServerQueue] Try to append 6 batches web console lines for record '817e48dc-6bc1-447c-a5cb-91e654125c7e', success rate: 6/6.
[2025-03-18 11:31:35Z INFO JobServerQueue] Try to append 4 batches web console lines for record '817e48dc-6bc1-447c-a5cb-91e654125c7e', success rate: 4/4.
[2025-03-18 11:31:35Z INFO JobServerQueue] Try to append 6 batches web console lines for record '817e48dc-6bc1-447c-a5cb-91e654125c7e', success rate: 6/6.
[2025-03-18 11:31:36Z INFO JobServerQueue] Try to append 2 batches web console lines for record '817e48dc-6bc1-447c-a5cb-91e654125c7e', success rate: 2/2.
[2025-03-18 11:31:36Z INFO JobServerQueue] Try to append 1 batches web console lines for record '817e48dc-6bc1-447c-a5cb-91e654125c7e', success rate: 1/1.
[2025-03-18 11:31:37Z INFO JobServerQueue] Try to append 1 batches web console lines for record '817e48dc-6bc1-447c-a5cb-91e654125c7e', success rate: 1/1.
[2025-03-18 11:31:37Z INFO JobServerQueue] Try to append 3 batches web console lines for record '817e48dc-6bc1-447c-a5cb-91e654125c7e', success rate: 3/3.
[2025-03-18 11:31:39Z INFO ProcessInvokerWrapper] STDOUT/STDERR stream read finished.
[2025-03-18 11:31:39Z INFO ProcessInvokerWrapper] STDOUT/STDERR stream read finished.
[2025-03-18 11:31:39Z INFO ProcessInvokerWrapper] Finished process 842074 with exit code 2, and elapsed time 00:06:54.0783021.
[2025-03-18 11:31:39Z INFO CreateStepSummaryCommand] Step Summary file (/home/jenny/tensorflow-mri/actions-runner/_work/_temp/_runner_file_commands/step_summary_f9b6d750-7446-4510-83f8-704fb29994cd) is empty; skipping attachment upload
[2025-03-18 11:31:39Z INFO StepsRunner] Step result: Failed
[2025-03-18 11:31:39Z INFO ExecutionContext] Publish step telemetry for current step {
  "action": "sh",
  "type": "run",
  "stage": "Main",
  "stepId": "817e48dc-6bc1-447c-a5cb-91e654125c7e",
  "stepContextName": "__run_5",
  "result": "failed",
  "errorMessages": [
    "Process completed with exit code 2."
  ],
  "executionTimeInSeconds": 415,
  "startTime": "2025-03-18T11:24:45.4407874Z",
  "finishTime": "2025-03-18T11:31:39.5247877Z"
}.
[2025-03-18 11:31:39Z INFO StepsRunner] Update job result with current step result 'Failed'.
[2025-03-18 11:31:39Z INFO StepsRunner] Current state: job state = 'Failed'
[2025-03-18 11:31:39Z INFO StepsRunner] Processing step: DisplayName='Build wheel'
[2025-03-18 11:31:39Z INFO StepsRunner] Evaluating: success()
[2025-03-18 11:31:39Z INFO StepsRunner] Result: false
[2025-03-18 11:31:39Z INFO StepsRunner] Skipping step due to condition evaluation.
[2025-03-18 11:31:39Z INFO StepsRunner] No need for updating job result with current step result 'Skipped'.
[2025-03-18 11:31:39Z INFO StepsRunner] Current state: job state = 'Failed'
[2025-03-18 11:31:39Z INFO StepsRunner] Processing step: DisplayName='Build docs'
[2025-03-18 11:31:39Z INFO StepsRunner] Evaluating: success()
[2025-03-18 11:31:39Z INFO StepsRunner] Result: false
[2025-03-18 11:31:39Z INFO StepsRunner] Skipping step due to condition evaluation.
[2025-03-18 11:31:39Z INFO StepsRunner] No need for updating job result with current step result 'Skipped'.
[2025-03-18 11:31:39Z INFO StepsRunner] Current state: job state = 'Failed'
[2025-03-18 11:31:39Z INFO StepsRunner] Processing step: DisplayName='Upload wheel'
[2025-03-18 11:31:39Z INFO StepsRunner] Evaluating: (success() && startsWith(github.ref, 'refs/tags'))
[2025-03-18 11:31:39Z INFO StepsRunner] Expanded: (false && startsWith(github['ref'], 'refs/tags'))
[2025-03-18 11:31:39Z INFO StepsRunner] Result: false
[2025-03-18 11:31:39Z INFO StepsRunner] Skipping step due to condition evaluation.
[2025-03-18 11:31:39Z INFO StepsRunner] No need for updating job result with current step result 'Skipped'.
[2025-03-18 11:31:39Z INFO StepsRunner] Current state: job state = 'Failed'
[2025-03-18 11:31:39Z INFO StepsRunner] Processing step: DisplayName='Upload docs'
[2025-03-18 11:31:39Z INFO StepsRunner] Evaluating: (success() && startsWith(github.ref, 'refs/tags') && (matrix.py_version == 3.9))
[2025-03-18 11:31:39Z INFO StepsRunner] Expanded: (false && startsWith(github['ref'], 'refs/tags') && (matrix['py_version'] == 3.9))
[2025-03-18 11:31:39Z INFO StepsRunner] Result: false
[2025-03-18 11:31:39Z INFO StepsRunner] Skipping step due to condition evaluation.
[2025-03-18 11:31:39Z INFO StepsRunner] No need for updating job result with current step result 'Skipped'.
[2025-03-18 11:31:39Z INFO StepsRunner] Current state: job state = 'Failed'
[2025-03-18 11:31:39Z INFO StepsRunner] Processing step: DisplayName='Publish to Test PyPI'
[2025-03-18 11:31:39Z INFO StepsRunner] Evaluating: success()
[2025-03-18 11:31:39Z INFO StepsRunner] Result: false
[2025-03-18 11:31:39Z INFO StepsRunner] Skipping step due to condition evaluation.
[2025-03-18 11:31:39Z INFO StepsRunner] No need for updating job result with current step result 'Skipped'.
[2025-03-18 11:31:39Z INFO StepsRunner] Current state: job state = 'Failed'
[2025-03-18 11:31:39Z INFO StepsRunner] Processing step: DisplayName='Free Disk Space After Build'
[2025-03-18 11:31:39Z INFO StepsRunner] Evaluating: success()
[2025-03-18 11:31:39Z INFO StepsRunner] Result: false
[2025-03-18 11:31:39Z INFO StepsRunner] Skipping step due to condition evaluation.
[2025-03-18 11:31:39Z INFO StepsRunner] No need for updating job result with current step result 'Skipped'.
[2025-03-18 11:31:39Z INFO StepsRunner] Current state: job state = 'Failed'
[2025-03-18 11:31:39Z INFO StepsRunner] Processing step: DisplayName='Post Checkout code'
[2025-03-18 11:31:39Z INFO StepsRunner] Evaluating: always()
[2025-03-18 11:31:39Z INFO StepsRunner] Result: true
[2025-03-18 11:31:39Z INFO StepsRunner] Starting the step.
[2025-03-18 11:31:39Z INFO HostContext] Well known directory 'Bin': '/home/jenny/tensorflow-mri/actions-runner/bin'
[2025-03-18 11:31:39Z INFO HostContext] Well known directory 'Root': '/home/jenny/tensorflow-mri/actions-runner'
[2025-03-18 11:31:39Z INFO HostContext] Well known directory 'Work': '/home/jenny/tensorflow-mri/actions-runner/_work'
[2025-03-18 11:31:39Z INFO HostContext] Well known directory 'Actions': '/home/jenny/tensorflow-mri/actions-runner/_work/_actions'
[2025-03-18 11:31:39Z INFO ActionManager] Load action that reference repository from '/home/jenny/tensorflow-mri/actions-runner/_work/_actions/actions/checkout/v4'
[2025-03-18 11:31:39Z INFO HostContext] Well known directory 'Bin': '/home/jenny/tensorflow-mri/actions-runner/bin'
[2025-03-18 11:31:39Z INFO HostContext] Well known directory 'Root': '/home/jenny/tensorflow-mri/actions-runner'
[2025-03-18 11:31:39Z INFO HostContext] Well known directory 'Work': '/home/jenny/tensorflow-mri/actions-runner/_work'
[2025-03-18 11:31:39Z INFO HostContext] Well known directory 'Actions': '/home/jenny/tensorflow-mri/actions-runner/_work/_actions'
[2025-03-18 11:31:39Z INFO ActionManifestManager] Loaded action.yml file: {
  "name": "Checkout",
  "description": "Checkout a Git repository at a particular version",
  "inputs": {
    "type": 2,
    "map": [
      {
        "key": {
          "type": 0,
          "file": 2,
          "line": 4,
          "col": 3,
          "lit": "repository"
        },
        "value": {
          "type": 3,
          "file": 2,
          "line": 6,
          "col": 14,
          "expr": "github.repository"
        }
      },
      {
        "key": {
          "type": 0,
          "file": 2,
          "line": 7,
          "col": 3,
          "lit": "ref"
        },
        "value": ""
      },
      {
        "key": {
          "type": 0,
          "file": 2,
          "line": 12,
          "col": 3,
          "lit": "token"
        },
        "value": {
          "type": 3,
          "file": 2,
          "line": 24,
          "col": 14,
          "expr": "github.token"
        }
      },
      {
        "key": {
          "type": 0,
          "file": 2,
          "line": 25,
          "col": 3,
          "lit": "ssh-key"
        },
        "value": ""
      },
      {
        "key": {
          "type": 0,
          "file": 2,
          "line": 37,
          "col": 3,
          "lit": "ssh-known-hosts"
        },
        "value": ""
      },
      {
        "key": {
          "type": 0,
          "file": 2,
          "line": 42,
          "col": 3,
          "lit": "ssh-strict"
        },
        "value": {
          "type": 0,
          "file": 2,
          "line": 47,
          "col": 14,
          "lit": "true"
        }
      },
      {
        "key": {
          "type": 0,
          "file": 2,
          "line": 48,
          "col": 3,
          "lit": "ssh-user"
        },
        "value": {
          "type": 0,
          "file": 2,
          "line": 51,
          "col": 14,
          "lit": "git"
        }
      },
      {
        "key": {
          "type": 0,
          "file": 2,
          "line": 52,
          "col": 3,
          "lit": "persist-credentials"
        },
        "value": {
          "type": 0,
          "file": 2,
          "line": 54,
          "col": 14,
          "lit": "true"
        }
      },
      {
        "key": {
          "type": 0,
          "file": 2,
          "line": 55,
          "col": 3,
          "lit": "path"
        },
        "value": ""
      },
      {
        "key": {
          "type": 0,
          "file": 2,
          "line": 57,
          "col": 3,
          "lit": "clean"
        },
        "value": {
          "type": 0,
          "file": 2,
          "line": 59,
          "col": 14,
          "lit": "true"
        }
      },
      {
        "key": {
          "type": 0,
          "file": 2,
          "line": 60,
          "col": 3,
          "lit": "filter"
        },
        "value": {
          "type": 0,
          "file": 2,
          "line": 64,
          "col": 14,
          "lit": ""
        }
      },
      {
        "key": {
          "type": 0,
          "file": 2,
          "line": 65,
          "col": 3,
          "lit": "sparse-checkout"
        },
        "value": {
          "type": 0,
          "file": 2,
          "line": 69,
          "col": 14,
          "lit": ""
        }
      },
      {
        "key": {
          "type": 0,
          "file": 2,
          "line": 70,
          "col": 3,
          "lit": "sparse-checkout-cone-mode"
        },
        "value": {
          "type": 0,
          "file": 2,
          "line": 73,
          "col": 14,
          "lit": "true"
        }
      },
      {
        "key": {
          "type": 0,
          "file": 2,
          "line": 74,
          "col": 3,
          "lit": "fetch-depth"
        },
        "value": {
          "type": 0,
          "file": 2,
          "line": 76,
          "col": 14,
          "lit": "1"
        }
      },
      {
        "key": {
          "type": 0,
          "file": 2,
          "line": 77,
          "col": 3,
          "lit": "fetch-tags"
        },
        "value": {
          "type": 0,
          "file": 2,
          "line": 79,
          "col": 14,
          "lit": "false"
        }
      },
      {
        "key": {
          "type": 0,
          "file": 2,
          "line": 80,
          "col": 3,
          "lit": "show-progress"
        },
        "value": {
          "type": 0,
          "file": 2,
          "line": 82,
          "col": 14,
          "lit": "true"
        }
      },
      {
        "key": {
          "type": 0,
          "file": 2,
          "line": 83,
          "col": 3,
          "lit": "lfs"
        },
        "value": {
          "type": 0,
          "file": 2,
          "line": 85,
          "col": 14,
          "lit": "false"
        }
      },
      {
        "key": {
          "type": 0,
          "file": 2,
          "line": 86,
          "col": 3,
          "lit": "submodules"
        },
        "value": {
          "type": 0,
          "file": 2,
          "line": 94,
          "col": 14,
          "lit": "false"
        }
      },
      {
        "key": {
          "type": 0,
          "file": 2,
          "line": 95,
          "col": 3,
          "lit": "set-safe-directory"
        },
        "value": {
          "type": 0,
          "file": 2,
          "line": 97,
          "col": 14,
          "lit": "true"
        }
      },
      {
        "key": {
          "type": 0,
          "file": 2,
          "line": 98,
          "col": 3,
          "lit": "github-server-url"
        },
        "value": ""
      }
    ]
  },
  "execution": {
    "executionType": "nodeJS",
    "hasPre": false,
    "hasPost": true,
    "script": "dist/index.js",
    "pre": null,
    "post": "dist/index.js",
    "nodeVersion": "node20",
    "cleanupCondition": "always()",
    "initCondition": "always()"
  },
  "deprecated": null
}
[2025-03-18 11:31:39Z INFO ActionManager] Action pre node.js file: N/A.
[2025-03-18 11:31:39Z INFO ActionManager] Action node.js file: dist/index.js.
[2025-03-18 11:31:39Z INFO ActionManager] Action post node.js file: dist/index.js.
[2025-03-18 11:31:39Z INFO HostContext] Well known directory 'Bin': '/home/jenny/tensorflow-mri/actions-runner/bin'
[2025-03-18 11:31:39Z INFO HostContext] Well known directory 'Root': '/home/jenny/tensorflow-mri/actions-runner'
[2025-03-18 11:31:39Z INFO HostContext] Well known directory 'Work': '/home/jenny/tensorflow-mri/actions-runner/_work'
[2025-03-18 11:31:39Z INFO HostContext] Well known directory 'Temp': '/home/jenny/tensorflow-mri/actions-runner/_work/_temp'
[2025-03-18 11:31:39Z INFO ExecutionContext] Write event payload to /home/jenny/tensorflow-mri/actions-runner/_work/_temp/_github_workflow/event.json
[2025-03-18 11:31:39Z INFO HostContext] Well known directory 'Bin': '/home/jenny/tensorflow-mri/actions-runner/bin'
[2025-03-18 11:31:39Z INFO HostContext] Well known directory 'Root': '/home/jenny/tensorflow-mri/actions-runner'
[2025-03-18 11:31:39Z INFO HostContext] Well known directory 'Work': '/home/jenny/tensorflow-mri/actions-runner/_work'
[2025-03-18 11:31:39Z INFO HostContext] Well known directory 'Temp': '/home/jenny/tensorflow-mri/actions-runner/_work/_temp'
[2025-03-18 11:31:39Z INFO ExtensionManager] Getting extensions for interface: 'GitHub.Runner.Worker.IFileCommandExtension'
[2025-03-18 11:31:39Z INFO ActionManifestManager] Input 'repository': default value evaluate result: {
  "type": 0,
  "file": 2,
  "line": 6,
  "col": 14,
  "lit": "mrphys/tensorflow-mri"
}
[2025-03-18 11:31:39Z INFO ActionManifestManager] Input 'ref': default value evaluate result: ""
[2025-03-18 11:31:39Z INFO ActionManifestManager] Input 'token': default value evaluate result: {
  "type": 0,
  "file": 2,
  "line": 24,
  "col": 14,
  "lit": "***"
}
[2025-03-18 11:31:39Z INFO ActionManifestManager] Input 'ssh-key': default value evaluate result: ""
[2025-03-18 11:31:39Z INFO ActionManifestManager] Input 'ssh-known-hosts': default value evaluate result: ""
[2025-03-18 11:31:39Z INFO ActionManifestManager] Input 'ssh-strict': default value evaluate result: {
  "type": 0,
  "file": 2,
  "line": 47,
  "col": 14,
  "lit": "true"
}
[2025-03-18 11:31:39Z INFO ActionManifestManager] Input 'ssh-user': default value evaluate result: {
  "type": 0,
  "file": 2,
  "line": 51,
  "col": 14,
  "lit": "git"
}
[2025-03-18 11:31:39Z INFO ActionManifestManager] Input 'persist-credentials': default value evaluate result: {
  "type": 0,
  "file": 2,
  "line": 54,
  "col": 14,
  "lit": "true"
}
[2025-03-18 11:31:39Z INFO ActionManifestManager] Input 'path': default value evaluate result: ""
[2025-03-18 11:31:39Z INFO ActionManifestManager] Input 'clean': default value evaluate result: {
  "type": 0,
  "file": 2,
  "line": 59,
  "col": 14,
  "lit": "true"
}
[2025-03-18 11:31:39Z INFO ActionManifestManager] Input 'filter': default value evaluate result: {
  "type": 0,
  "file": 2,
  "line": 64,
  "col": 14,
  "lit": ""
}
[2025-03-18 11:31:39Z INFO ActionManifestManager] Input 'sparse-checkout': default value evaluate result: {
  "type": 0,
  "file": 2,
  "line": 69,
  "col": 14,
  "lit": ""
}
[2025-03-18 11:31:39Z INFO ActionManifestManager] Input 'sparse-checkout-cone-mode': default value evaluate result: {
  "type": 0,
  "file": 2,
  "line": 73,
  "col": 14,
  "lit": "true"
}
[2025-03-18 11:31:39Z INFO ActionManifestManager] Input 'fetch-depth': default value evaluate result: {
  "type": 0,
  "file": 2,
  "line": 76,
  "col": 14,
  "lit": "1"
}
[2025-03-18 11:31:39Z INFO ActionManifestManager] Input 'fetch-tags': default value evaluate result: {
  "type": 0,
  "file": 2,
  "line": 79,
  "col": 14,
  "lit": "false"
}
[2025-03-18 11:31:39Z INFO ActionManifestManager] Input 'show-progress': default value evaluate result: {
  "type": 0,
  "file": 2,
  "line": 82,
  "col": 14,
  "lit": "true"
}
[2025-03-18 11:31:39Z INFO ActionManifestManager] Input 'lfs': default value evaluate result: {
  "type": 0,
  "file": 2,
  "line": 85,
  "col": 14,
  "lit": "false"
}
[2025-03-18 11:31:39Z INFO ActionManifestManager] Input 'submodules': default value evaluate result: {
  "type": 0,
  "file": 2,
  "line": 94,
  "col": 14,
  "lit": "false"
}
[2025-03-18 11:31:39Z INFO ActionManifestManager] Input 'set-safe-directory': default value evaluate result: {
  "type": 0,
  "file": 2,
  "line": 97,
  "col": 14,
  "lit": "true"
}
[2025-03-18 11:31:39Z INFO ActionManifestManager] Input 'github-server-url': default value evaluate result: ""
[2025-03-18 11:31:39Z INFO ExtensionManager] Getting extensions for interface: 'GitHub.Runner.Worker.IActionCommandExtension'
[2025-03-18 11:31:39Z INFO ActionCommandManager] Register action command extension for command internal-set-repo-path
[2025-03-18 11:31:39Z INFO ActionCommandManager] Register action command extension for command set-env
[2025-03-18 11:31:39Z INFO ActionCommandManager] Register action command extension for command set-output
[2025-03-18 11:31:39Z INFO ActionCommandManager] Register action command extension for command save-state
[2025-03-18 11:31:39Z INFO ActionCommandManager] Register action command extension for command add-path
[2025-03-18 11:31:39Z INFO ActionCommandManager] Register action command extension for command add-mask
[2025-03-18 11:31:39Z INFO ActionCommandManager] Register action command extension for command add-matcher
[2025-03-18 11:31:39Z INFO ActionCommandManager] Register action command extension for command remove-matcher
[2025-03-18 11:31:39Z INFO ActionCommandManager] Register action command extension for command warning
[2025-03-18 11:31:39Z INFO ActionCommandManager] Register action command extension for command error
[2025-03-18 11:31:39Z INFO ActionCommandManager] Register action command extension for command notice
[2025-03-18 11:31:39Z INFO ActionCommandManager] Register action command extension for command debug
[2025-03-18 11:31:39Z INFO ActionCommandManager] Register action command extension for command group
[2025-03-18 11:31:39Z INFO ActionCommandManager] Register action command extension for command endgroup
[2025-03-18 11:31:39Z INFO ActionCommandManager] Register action command extension for command echo
[2025-03-18 11:31:39Z INFO HostContext] Well known directory 'Bin': '/home/jenny/tensorflow-mri/actions-runner/bin'
[2025-03-18 11:31:39Z INFO HostContext] Well known directory 'Root': '/home/jenny/tensorflow-mri/actions-runner'
[2025-03-18 11:31:39Z INFO HostContext] Well known directory 'Work': '/home/jenny/tensorflow-mri/actions-runner/_work'
[2025-03-18 11:31:39Z INFO ProcessInvokerWrapper] Starting process:
[2025-03-18 11:31:39Z INFO ProcessInvokerWrapper]   File name: '/usr/bin/docker'
[2025-03-18 11:31:39Z INFO ProcessInvokerWrapper]   Arguments: 'exec  7d0d22bd978309e2e76882104f036f0710e0317ce6e7a4ba084e4bdfcd40d524 sh -c "cat /etc/*release | grep ^ID"'
[2025-03-18 11:31:39Z INFO ProcessInvokerWrapper]   Working directory: '/home/jenny/tensorflow-mri/actions-runner/_work'
[2025-03-18 11:31:39Z INFO ProcessInvokerWrapper]   Require exit code zero: 'False'
[2025-03-18 11:31:39Z INFO ProcessInvokerWrapper]   Encoding web name:  ; code page: ''
[2025-03-18 11:31:39Z INFO ProcessInvokerWrapper]   Force kill process on cancellation: 'False'
[2025-03-18 11:31:39Z INFO ProcessInvokerWrapper]   Redirected STDIN: 'False'
[2025-03-18 11:31:39Z INFO ProcessInvokerWrapper]   Persist current code page: 'False'
[2025-03-18 11:31:39Z INFO ProcessInvokerWrapper]   Keep redirected STDIN open: 'False'
[2025-03-18 11:31:39Z INFO ProcessInvokerWrapper]   High priority process: 'False'
[2025-03-18 11:31:39Z INFO ProcessInvokerWrapper] Updated oom_score_adj to 500 for PID: 947088.
[2025-03-18 11:31:39Z INFO ProcessInvokerWrapper] Process started with process id 947088, waiting for process exit.
[2025-03-18 11:31:39Z INFO JobServerQueue] Got a step log file to send to results service.
[2025-03-18 11:31:39Z INFO JobServerQueue] Starting upload of step log file to results service ResultsLog, /home/jenny/tensorflow-mri/actions-runner/_diag/blocks/c20b5653-0f9a-454e-bac6-4ff740629ab9_817e48dc-6bc1-447c-a5cb-91e654125c7e.1
[2025-03-18 11:31:39Z INFO ProcessInvokerWrapper] STDOUT/STDERR stream read finished.
[2025-03-18 11:31:39Z INFO ProcessInvokerWrapper] STDOUT/STDERR stream read finished.
[2025-03-18 11:31:39Z INFO ProcessInvokerWrapper] Finished process 947088 with exit code 0, and elapsed time 00:00:00.0368716.
[2025-03-18 11:31:39Z INFO HostContext] Well known directory 'Bin': '/home/jenny/tensorflow-mri/actions-runner/bin'
[2025-03-18 11:31:39Z INFO HostContext] Well known directory 'Root': '/home/jenny/tensorflow-mri/actions-runner'
[2025-03-18 11:31:39Z INFO HostContext] Well known directory 'Externals': '/home/jenny/tensorflow-mri/actions-runner/externals'
[2025-03-18 11:31:39Z INFO HostContext] Well known directory 'Bin': '/home/jenny/tensorflow-mri/actions-runner/bin'
[2025-03-18 11:31:39Z INFO HostContext] Well known directory 'Root': '/home/jenny/tensorflow-mri/actions-runner'
[2025-03-18 11:31:39Z INFO HostContext] Well known directory 'Work': '/home/jenny/tensorflow-mri/actions-runner/_work'
[2025-03-18 11:31:39Z INFO ProcessInvokerWrapper] Starting process:
[2025-03-18 11:31:39Z INFO ProcessInvokerWrapper]   File name: '/usr/bin/docker'
[2025-03-18 11:31:39Z INFO ProcessInvokerWrapper]   Arguments: 'exec -i --workdir /__w/tensorflow-mri/tensorflow-mri -e "PYTHON" -e "STATE_isPost" -e "STATE_setSafeDirectory" -e "STATE_repositoryPath" -e "INPUT_REPOSITORY" -e "INPUT_REF" -e "INPUT_TOKEN" -e "INPUT_SSH-KEY" -e "INPUT_SSH-KNOWN-HOSTS" -e "INPUT_SSH-STRICT" -e "INPUT_SSH-USER" -e "INPUT_PERSIST-CREDENTIALS" -e "INPUT_PATH" -e "INPUT_CLEAN" -e "INPUT_FILTER" -e "INPUT_SPARSE-CHECKOUT" -e "INPUT_SPARSE-CHECKOUT-CONE-MODE" -e "INPUT_FETCH-DEPTH" -e "INPUT_FETCH-TAGS" -e "INPUT_SHOW-PROGRESS" -e "INPUT_LFS" -e "INPUT_SUBMODULES" -e "INPUT_SET-SAFE-DIRECTORY" -e "INPUT_GITHUB-SERVER-URL" -e "GITHUB_JOB" -e "GITHUB_REF" -e "GITHUB_SHA" -e "GITHUB_REPOSITORY" -e "GITHUB_REPOSITORY_OWNER" -e "GITHUB_REPOSITORY_OWNER_ID" -e "GITHUB_RUN_ID" -e "GITHUB_RUN_NUMBER" -e "GITHUB_RETENTION_DAYS" -e "GITHUB_RUN_ATTEMPT" -e "GITHUB_ACTOR_ID" -e "GITHUB_ACTOR" -e "GITHUB_WORKFLOW" -e "GITHUB_HEAD_REF" -e "GITHUB_BASE_REF" -e "GITHUB_EVENT_NAME" -e "GITHUB_SERVER_URL" -e "GITHUB_API_URL" -e "GITHUB_GRAPHQL_URL" -e "GITHUB_REF_NAME" -e "GITHUB_REF_PROTECTED" -e "GITHUB_REF_TYPE" -e "GITHUB_WORKFLOW_REF" -e "GITHUB_WORKFLOW_SHA" -e "GITHUB_REPOSITORY_ID" -e "GITHUB_TRIGGERING_ACTOR" -e "GITHUB_WORKSPACE" -e "GITHUB_ACTION" -e "GITHUB_EVENT_PATH" -e "GITHUB_ACTION_REPOSITORY" -e "GITHUB_ACTION_REF" -e "GITHUB_PATH" -e "GITHUB_ENV" -e "GITHUB_STEP_SUMMARY" -e "GITHUB_STATE" -e "GITHUB_OUTPUT" -e "RUNNER_OS" -e "RUNNER_ARCH" -e "RUNNER_NAME" -e "RUNNER_ENVIRONMENT" -e "RUNNER_TOOL_CACHE" -e "RUNNER_TEMP" -e "RUNNER_WORKSPACE" -e "ACTIONS_RUNTIME_URL" -e "ACTIONS_RUNTIME_TOKEN" -e "ACTIONS_CACHE_URL" -e "ACTIONS_RESULTS_URL" -e "ACTIONS_CACHE_SERVICE_V2" 7d0d22bd978309e2e76882104f036f0710e0317ce6e7a4ba084e4bdfcd40d524 /__e/node20/bin/node /__w/_actions/actions/checkout/v4/dist/index.js'
[2025-03-18 11:31:39Z INFO ProcessInvokerWrapper]   Working directory: '/home/jenny/tensorflow-mri/actions-runner/_work'
[2025-03-18 11:31:39Z INFO ProcessInvokerWrapper]   Require exit code zero: 'False'
[2025-03-18 11:31:39Z INFO ProcessInvokerWrapper]   Encoding web name:  ; code page: ''
[2025-03-18 11:31:39Z INFO ProcessInvokerWrapper]   Force kill process on cancellation: 'False'
[2025-03-18 11:31:39Z INFO ProcessInvokerWrapper]   Redirected STDIN: 'False'
[2025-03-18 11:31:39Z INFO ProcessInvokerWrapper]   Persist current code page: 'False'
[2025-03-18 11:31:39Z INFO ProcessInvokerWrapper]   Keep redirected STDIN open: 'False'
[2025-03-18 11:31:39Z INFO ProcessInvokerWrapper]   High priority process: 'False'
[2025-03-18 11:31:39Z INFO ProcessInvokerWrapper] Updated oom_score_adj to 500 for PID: 947119.
[2025-03-18 11:31:39Z INFO ProcessInvokerWrapper] Process started with process id 947119, waiting for process exit.
[2025-03-18 11:31:39Z INFO JobServerQueue] Try to append 1 batches web console lines for record '817e48dc-6bc1-447c-a5cb-91e654125c7e', success rate: 1/1.
[2025-03-18 11:31:39Z INFO JobServerQueue] Try to append 1 batches web console lines for record 'ce9eab39-f553-480b-8dce-7630b95874ed', success rate: 1/1.
[2025-03-18 11:31:39Z INFO AddMaskCommandExtension] Add new secret mask with length of 32
[2025-03-18 11:31:39Z INFO ProcessInvokerWrapper] STDOUT/STDERR stream read finished.
[2025-03-18 11:31:39Z INFO ProcessInvokerWrapper] STDOUT/STDERR stream read finished.
[2025-03-18 11:31:39Z INFO ProcessInvokerWrapper] Finished process 947119 with exit code 0, and elapsed time 00:00:00.1718735.
[2025-03-18 11:31:39Z INFO CreateStepSummaryCommand] Step Summary file (/home/jenny/tensorflow-mri/actions-runner/_work/_temp/_runner_file_commands/step_summary_2ea17e84-d038-47e6-b648-000b1d48d3d0) is empty; skipping attachment upload
[2025-03-18 11:31:39Z INFO StepsRunner] Step result: 
[2025-03-18 11:31:39Z INFO ExecutionContext] Publish step telemetry for current step {
  "action": "actions/checkout",
  "ref": "v4",
  "type": "node20",
  "stage": "Post",
  "stepId": "ce9eab39-f553-480b-8dce-7630b95874ed",
  "result": "succeeded",
  "errorMessages": [],
  "executionTimeInSeconds": 1,
  "startTime": "2025-03-18T11:31:39.5293243Z",
  "finishTime": "2025-03-18T11:31:39.7465109Z"
}.
[2025-03-18 11:31:39Z INFO StepsRunner] No need for updating job result with current step result 'Succeeded'.
[2025-03-18 11:31:39Z INFO StepsRunner] Current state: job state = 'Failed'
[2025-03-18 11:31:39Z INFO StepsRunner] Processing step: DisplayName='Stop containers'
[2025-03-18 11:31:39Z INFO StepsRunner] Evaluating: always()
[2025-03-18 11:31:39Z INFO StepsRunner] Result: true
[2025-03-18 11:31:39Z INFO StepsRunner] Starting the step.
[2025-03-18 11:31:39Z INFO ProcessInvokerWrapper] Starting process:
[2025-03-18 11:31:39Z INFO ProcessInvokerWrapper]   File name: '/usr/bin/docker'
[2025-03-18 11:31:39Z INFO ProcessInvokerWrapper]   Arguments: 'rm --force 7d0d22bd978309e2e76882104f036f0710e0317ce6e7a4ba084e4bdfcd40d524'
[2025-03-18 11:31:39Z INFO ProcessInvokerWrapper]   Working directory: '/home/jenny/tensorflow-mri/actions-runner/_work/tensorflow-mri/tensorflow-mri'
[2025-03-18 11:31:39Z INFO ProcessInvokerWrapper]   Require exit code zero: 'False'
[2025-03-18 11:31:39Z INFO ProcessInvokerWrapper]   Encoding web name:  ; code page: ''
[2025-03-18 11:31:39Z INFO ProcessInvokerWrapper]   Force kill process on cancellation: 'False'
[2025-03-18 11:31:39Z INFO ProcessInvokerWrapper]   Redirected STDIN: 'False'
[2025-03-18 11:31:39Z INFO ProcessInvokerWrapper]   Persist current code page: 'False'
[2025-03-18 11:31:39Z INFO ProcessInvokerWrapper]   Keep redirected STDIN open: 'False'
[2025-03-18 11:31:39Z INFO ProcessInvokerWrapper]   High priority process: 'False'
[2025-03-18 11:31:39Z INFO ProcessInvokerWrapper] Updated oom_score_adj to 500 for PID: 947217.
[2025-03-18 11:31:39Z INFO ProcessInvokerWrapper] Process started with process id 947217, waiting for process exit.
[2025-03-18 11:31:40Z INFO JobServerQueue] Try to append 1 batches web console lines for record 'ce9eab39-f553-480b-8dce-7630b95874ed', success rate: 1/1.
[2025-03-18 11:31:40Z INFO JobServerQueue] Try to append 1 batches web console lines for record 'b6de79a5-4117-4965-b170-bddfcc97fc25', success rate: 1/1.
[2025-03-18 11:31:40Z INFO JobServerQueue] Try to upload 2 log files or attachments, success rate: 2/2.
[2025-03-18 11:31:40Z INFO ProcessInvokerWrapper] STDOUT/STDERR stream read finished.
[2025-03-18 11:31:40Z INFO ProcessInvokerWrapper] STDOUT/STDERR stream read finished.
[2025-03-18 11:31:40Z INFO ProcessInvokerWrapper] Finished process 947217 with exit code 0, and elapsed time 00:00:00.7814187.
[2025-03-18 11:31:40Z INFO ProcessInvokerWrapper] Starting process:
[2025-03-18 11:31:40Z INFO ProcessInvokerWrapper]   File name: '/usr/bin/docker'
[2025-03-18 11:31:40Z INFO ProcessInvokerWrapper]   Arguments: 'network rm github_network_14e6e49f79b446bbb829ddb11a2728b7'
[2025-03-18 11:31:40Z INFO ProcessInvokerWrapper]   Working directory: '/home/jenny/tensorflow-mri/actions-runner/_work/tensorflow-mri/tensorflow-mri'
[2025-03-18 11:31:40Z INFO ProcessInvokerWrapper]   Require exit code zero: 'False'
[2025-03-18 11:31:40Z INFO ProcessInvokerWrapper]   Encoding web name:  ; code page: ''
[2025-03-18 11:31:40Z INFO ProcessInvokerWrapper]   Force kill process on cancellation: 'False'
[2025-03-18 11:31:40Z INFO ProcessInvokerWrapper]   Redirected STDIN: 'False'
[2025-03-18 11:31:40Z INFO ProcessInvokerWrapper]   Persist current code page: 'False'
[2025-03-18 11:31:40Z INFO ProcessInvokerWrapper]   Keep redirected STDIN open: 'False'
[2025-03-18 11:31:40Z INFO ProcessInvokerWrapper]   High priority process: 'False'
[2025-03-18 11:31:40Z INFO ProcessInvokerWrapper] Updated oom_score_adj to 500 for PID: 947278.
[2025-03-18 11:31:40Z INFO ProcessInvokerWrapper] Process started with process id 947278, waiting for process exit.
[2025-03-18 11:31:40Z INFO JobServerQueue] Try to append 1 batches web console lines for record 'b6de79a5-4117-4965-b170-bddfcc97fc25', success rate: 1/1.
[2025-03-18 11:31:40Z INFO ProcessInvokerWrapper] STDOUT/STDERR stream read finished.
[2025-03-18 11:31:40Z INFO ProcessInvokerWrapper] STDOUT/STDERR stream read finished.
[2025-03-18 11:31:40Z INFO ProcessInvokerWrapper] Finished process 947278 with exit code 0, and elapsed time 00:00:00.1484164.
[2025-03-18 11:31:40Z INFO StepsRunner] Step result: 
[2025-03-18 11:31:40Z INFO StepsRunner] No need for updating job result with current step result 'Succeeded'.
[2025-03-18 11:31:40Z INFO StepsRunner] Current state: job state = 'Failed'
[2025-03-18 11:31:40Z INFO JobRunner] Finalize job.
[2025-03-18 11:31:40Z INFO HostContext] Well known directory 'Bin': '/home/jenny/tensorflow-mri/actions-runner/bin'
[2025-03-18 11:31:40Z INFO HostContext] Well known directory 'Root': '/home/jenny/tensorflow-mri/actions-runner'
[2025-03-18 11:31:40Z INFO HostContext] Well known directory 'Diag': '/home/jenny/tensorflow-mri/actions-runner/_diag'
[2025-03-18 11:31:40Z INFO HostContext] Well known directory 'Bin': '/home/jenny/tensorflow-mri/actions-runner/bin'
[2025-03-18 11:31:40Z INFO HostContext] Well known directory 'Root': '/home/jenny/tensorflow-mri/actions-runner'
[2025-03-18 11:31:40Z INFO HostContext] Well known directory 'Diag': '/home/jenny/tensorflow-mri/actions-runner/_diag'
[2025-03-18 11:31:40Z INFO JobExtension] Initialize Env context
[2025-03-18 11:31:40Z INFO JobExtension] Initialize steps context
[2025-03-18 11:31:40Z INFO JobExtension] Total accessible running process: 952.
[2025-03-18 11:31:40Z INFO JobExtension] Inspecting process environment variables. PID: 585 (kworker/8:1H-events_highpri)
[2025-03-18 11:31:40Z INFO LinuxProcessExtensions] Read env from /proc/585/environ
[2025-03-18 11:31:40Z WARN JobExtension] Ignore exception during read process environment variables: Access to the path '/proc/585/environ' is denied.
[2025-03-18 11:31:40Z INFO JobExtension] Inspecting process environment variables. PID: 492886 (kworker/29:2-rcu_gp)
[2025-03-18 11:31:40Z INFO LinuxProcessExtensions] Read env from /proc/492886/environ
[2025-03-18 11:31:40Z WARN JobExtension] Ignore exception during read process environment variables: Access to the path '/proc/492886/environ' is denied.
[2025-03-18 11:31:40Z INFO JobExtension] Inspecting process environment variables. PID: 726893 (kworker/25:1-rcu_gp)
[2025-03-18 11:31:40Z INFO LinuxProcessExtensions] Read env from /proc/726893/environ
[2025-03-18 11:31:40Z WARN JobExtension] Ignore exception during read process environment variables: Access to the path '/proc/726893/environ' is denied.
[2025-03-18 11:31:40Z INFO JobExtension] Inspecting process environment variables. PID: 767596 (kworker/35:1-rcu_gp)
[2025-03-18 11:31:40Z INFO LinuxProcessExtensions] Read env from /proc/767596/environ
[2025-03-18 11:31:40Z WARN JobExtension] Ignore exception during read process environment variables: Access to the path '/proc/767596/environ' is denied.
[2025-03-18 11:31:40Z INFO JobExtension] Inspecting process environment variables. PID: 775312 (kworker/34:2-rcu_gp)
[2025-03-18 11:31:40Z INFO LinuxProcessExtensions] Read env from /proc/775312/environ
[2025-03-18 11:31:40Z WARN JobExtension] Ignore exception during read process environment variables: Access to the path '/proc/775312/environ' is denied.
[2025-03-18 11:31:40Z INFO JobExtension] Inspecting process environment variables. PID: 780116 (kworker/23:2-events)
[2025-03-18 11:31:40Z INFO LinuxProcessExtensions] Read env from /proc/780116/environ
[2025-03-18 11:31:40Z WARN JobExtension] Ignore exception during read process environment variables: Access to the path '/proc/780116/environ' is denied.
[2025-03-18 11:31:40Z INFO JobExtension] Inspecting process environment variables. PID: 781973 (kworker/31:1-events)
[2025-03-18 11:31:40Z INFO LinuxProcessExtensions] Read env from /proc/781973/environ
[2025-03-18 11:31:40Z WARN JobExtension] Ignore exception during read process environment variables: Access to the path '/proc/781973/environ' is denied.
[2025-03-18 11:31:40Z INFO JobExtension] Inspecting process environment variables. PID: 781993 (kworker/3:1-events)
[2025-03-18 11:31:40Z INFO LinuxProcessExtensions] Read env from /proc/781993/environ
[2025-03-18 11:31:40Z WARN JobExtension] Ignore exception during read process environment variables: Access to the path '/proc/781993/environ' is denied.
[2025-03-18 11:31:40Z INFO JobExtension] Inspecting process environment variables. PID: 786705 (kworker/16:2-mm_percpu_wq)
[2025-03-18 11:31:40Z INFO LinuxProcessExtensions] Read env from /proc/786705/environ
[2025-03-18 11:31:40Z WARN JobExtension] Ignore exception during read process environment variables: Access to the path '/proc/786705/environ' is denied.
[2025-03-18 11:31:40Z INFO JobExtension] Inspecting process environment variables. PID: 791189 (kworker/15:2-rcu_par_gp)
[2025-03-18 11:31:40Z INFO LinuxProcessExtensions] Read env from /proc/791189/environ
[2025-03-18 11:31:40Z WARN JobExtension] Ignore exception during read process environment variables: Access to the path '/proc/791189/environ' is denied.
[2025-03-18 11:31:40Z INFO JobExtension] Inspecting process environment variables. PID: 797184 (kworker/5:2-cgroup_destroy)
[2025-03-18 11:31:40Z INFO LinuxProcessExtensions] Read env from /proc/797184/environ
[2025-03-18 11:31:40Z WARN JobExtension] Ignore exception during read process environment variables: Access to the path '/proc/797184/environ' is denied.
[2025-03-18 11:31:40Z INFO JobExtension] Inspecting process environment variables. PID: 798628 (kworker/22:2-rcu_gp)
[2025-03-18 11:31:40Z INFO LinuxProcessExtensions] Read env from /proc/798628/environ
[2025-03-18 11:31:40Z WARN JobExtension] Ignore exception during read process environment variables: Access to the path '/proc/798628/environ' is denied.
[2025-03-18 11:31:40Z INFO JobExtension] Inspecting process environment variables. PID: 799470 (kworker/24:1-events)
[2025-03-18 11:31:40Z INFO LinuxProcessExtensions] Read env from /proc/799470/environ
[2025-03-18 11:31:40Z WARN JobExtension] Ignore exception during read process environment variables: Access to the path '/proc/799470/environ' is denied.
[2025-03-18 11:31:40Z INFO JobExtension] Inspecting process environment variables. PID: 806321 (kworker/21:0-rcu_par_gp)
[2025-03-18 11:31:40Z INFO LinuxProcessExtensions] Read env from /proc/806321/environ
[2025-03-18 11:31:40Z WARN JobExtension] Ignore exception during read process environment variables: Access to the path '/proc/806321/environ' is denied.
[2025-03-18 11:31:40Z INFO JobExtension] Inspecting process environment variables. PID: 816041 (kworker/7:0-rcu_par_gp)
[2025-03-18 11:31:40Z INFO LinuxProcessExtensions] Read env from /proc/816041/environ
[2025-03-18 11:31:40Z WARN JobExtension] Ignore exception during read process environment variables: Access to the path '/proc/816041/environ' is denied.
[2025-03-18 11:31:40Z INFO JobExtension] Inspecting process environment variables. PID: 816363 (kworker/19:2-events)
[2025-03-18 11:31:40Z INFO LinuxProcessExtensions] Read env from /proc/816363/environ
[2025-03-18 11:31:40Z WARN JobExtension] Ignore exception during read process environment variables: Access to the path '/proc/816363/environ' is denied.
[2025-03-18 11:31:40Z INFO JobExtension] Inspecting process environment variables. PID: 821945 (kworker/0:2-rcu_par_gp)
[2025-03-18 11:31:40Z INFO LinuxProcessExtensions] Read env from /proc/821945/environ
[2025-03-18 11:31:40Z WARN JobExtension] Ignore exception during read process environment variables: Access to the path '/proc/821945/environ' is denied.
[2025-03-18 11:31:40Z INFO JobExtension] Inspecting process environment variables. PID: 826898 (kworker/12:1-rcu_par_gp)
[2025-03-18 11:31:40Z INFO LinuxProcessExtensions] Read env from /proc/826898/environ
[2025-03-18 11:31:40Z WARN JobExtension] Ignore exception during read process environment variables: Access to the path '/proc/826898/environ' is denied.
[2025-03-18 11:31:40Z INFO JobExtension] Inspecting process environment variables. PID: 827480 (kworker/13:2-rcu_gp)
[2025-03-18 11:31:40Z INFO LinuxProcessExtensions] Read env from /proc/827480/environ
[2025-03-18 11:31:40Z WARN JobExtension] Ignore exception during read process environment variables: Access to the path '/proc/827480/environ' is denied.
[2025-03-18 11:31:40Z INFO JobExtension] Inspecting process environment variables. PID: 827867 (kworker/11:0-rcu_par_gp)
[2025-03-18 11:31:40Z INFO LinuxProcessExtensions] Read env from /proc/827867/environ
[2025-03-18 11:31:40Z WARN JobExtension] Ignore exception during read process environment variables: Access to the path '/proc/827867/environ' is denied.
[2025-03-18 11:31:40Z INFO JobExtension] Inspecting process environment variables. PID: 829433 (kworker/2:2-rcu_par_gp)
[2025-03-18 11:31:40Z INFO LinuxProcessExtensions] Read env from /proc/829433/environ
[2025-03-18 11:31:40Z WARN JobExtension] Ignore exception during read process environment variables: Access to the path '/proc/829433/environ' is denied.
[2025-03-18 11:31:40Z INFO JobExtension] Inspecting process environment variables. PID: 829841 (kworker/10:2-events)
[2025-03-18 11:31:40Z INFO LinuxProcessExtensions] Read env from /proc/829841/environ
[2025-03-18 11:31:40Z WARN JobExtension] Ignore exception during read process environment variables: Access to the path '/proc/829841/environ' is denied.
[2025-03-18 11:31:40Z INFO JobExtension] Inspecting process environment variables. PID: 829909 (kworker/20:0-rcu_par_gp)
[2025-03-18 11:31:40Z INFO LinuxProcessExtensions] Read env from /proc/829909/environ
[2025-03-18 11:31:40Z WARN JobExtension] Ignore exception during read process environment variables: Access to the path '/proc/829909/environ' is denied.
[2025-03-18 11:31:40Z INFO JobExtension] Inspecting process environment variables. PID: 830365 (kworker/9:0-rcu_par_gp)
[2025-03-18 11:31:40Z INFO LinuxProcessExtensions] Read env from /proc/830365/environ
[2025-03-18 11:31:40Z WARN JobExtension] Ignore exception during read process environment variables: Access to the path '/proc/830365/environ' is denied.
[2025-03-18 11:31:40Z INFO JobExtension] Inspecting process environment variables. PID: 830838 (kworker/18:2-events)
[2025-03-18 11:31:40Z INFO LinuxProcessExtensions] Read env from /proc/830838/environ
[2025-03-18 11:31:40Z WARN JobExtension] Ignore exception during read process environment variables: Access to the path '/proc/830838/environ' is denied.
[2025-03-18 11:31:40Z INFO JobExtension] Inspecting process environment variables. PID: 833186 (kworker/14:1-rcu_gp)
[2025-03-18 11:31:40Z INFO LinuxProcessExtensions] Read env from /proc/833186/environ
[2025-03-18 11:31:40Z WARN JobExtension] Ignore exception during read process environment variables: Access to the path '/proc/833186/environ' is denied.
[2025-03-18 11:31:40Z INFO JobExtension] Inspecting process environment variables. PID: 834917 (kworker/8:1-events)
[2025-03-18 11:31:40Z INFO LinuxProcessExtensions] Read env from /proc/834917/environ
[2025-03-18 11:31:40Z WARN JobExtension] Ignore exception during read process environment variables: Access to the path '/proc/834917/environ' is denied.
[2025-03-18 11:31:40Z INFO JobExtension] Inspecting process environment variables. PID: 836260 (kworker/u72:2-ext4-rsv-conversion)
[2025-03-18 11:31:40Z INFO LinuxProcessExtensions] Read env from /proc/836260/environ
[2025-03-18 11:31:40Z WARN JobExtension] Ignore exception during read process environment variables: Access to the path '/proc/836260/environ' is denied.
[2025-03-18 11:31:40Z INFO JobExtension] Inspecting process environment variables. PID: 836486 (kworker/17:0-events)
[2025-03-18 11:31:40Z INFO LinuxProcessExtensions] Read env from /proc/836486/environ
[2025-03-18 11:31:40Z WARN JobExtension] Ignore exception during read process environment variables: Access to the path '/proc/836486/environ' is denied.
[2025-03-18 11:31:40Z INFO JobExtension] Inspecting process environment variables. PID: 836907 (kworker/11:1-events)
[2025-03-18 11:31:40Z INFO LinuxProcessExtensions] Read env from /proc/836907/environ
[2025-03-18 11:31:40Z WARN JobExtension] Ignore exception during read process environment variables: Access to the path '/proc/836907/environ' is denied.
[2025-03-18 11:31:40Z INFO JobExtension] Inspecting process environment variables. PID: 838095 (kworker/12:0-rcu_gp)
[2025-03-18 11:31:40Z INFO LinuxProcessExtensions] Read env from /proc/838095/environ
[2025-03-18 11:31:40Z WARN JobExtension] Ignore exception during read process environment variables: Access to the path '/proc/838095/environ' is denied.
[2025-03-18 11:31:40Z INFO JobExtension] Inspecting process environment variables. PID: 838150 (kworker/6:0-events)
[2025-03-18 11:31:40Z INFO LinuxProcessExtensions] Read env from /proc/838150/environ
[2025-03-18 11:31:40Z WARN JobExtension] Ignore exception during read process environment variables: Access to the path '/proc/838150/environ' is denied.
[2025-03-18 11:31:40Z INFO JobExtension] Inspecting process environment variables. PID: 838423 (kworker/3:2-rcu_par_gp)
[2025-03-18 11:31:40Z INFO LinuxProcessExtensions] Read env from /proc/838423/environ
[2025-03-18 11:31:40Z WARN JobExtension] Ignore exception during read process environment variables: Access to the path '/proc/838423/environ' is denied.
[2025-03-18 11:31:40Z INFO JobExtension] Inspecting process environment variables. PID: 838433 (kworker/0:0-rcu_gp)
[2025-03-18 11:31:40Z INFO LinuxProcessExtensions] Read env from /proc/838433/environ
[2025-03-18 11:31:40Z WARN JobExtension] Ignore exception during read process environment variables: Access to the path '/proc/838433/environ' is denied.
[2025-03-18 11:31:40Z INFO JobExtension] Inspecting process environment variables. PID: 838580 (kworker/32:0-events)
[2025-03-18 11:31:40Z INFO LinuxProcessExtensions] Read env from /proc/838580/environ
[2025-03-18 11:31:40Z WARN JobExtension] Ignore exception during read process environment variables: Access to the path '/proc/838580/environ' is denied.
[2025-03-18 11:31:40Z INFO JobExtension] Inspecting process environment variables. PID: 838719 (kworker/16:1-rcu_par_gp)
[2025-03-18 11:31:40Z INFO LinuxProcessExtensions] Read env from /proc/838719/environ
[2025-03-18 11:31:40Z WARN JobExtension] Ignore exception during read process environment variables: Access to the path '/proc/838719/environ' is denied.
[2025-03-18 11:31:40Z INFO JobExtension] Inspecting process environment variables. PID: 840048 (kworker/5:1-rcu_par_gp)
[2025-03-18 11:31:40Z INFO LinuxProcessExtensions] Read env from /proc/840048/environ
[2025-03-18 11:31:40Z WARN JobExtension] Ignore exception during read process environment variables: Access to the path '/proc/840048/environ' is denied.
[2025-03-18 11:31:40Z INFO JobExtension] Inspecting process environment variables. PID: 840053 (kworker/7:1-mm_percpu_wq)
[2025-03-18 11:31:40Z INFO LinuxProcessExtensions] Read env from /proc/840053/environ
[2025-03-18 11:31:40Z WARN JobExtension] Ignore exception during read process environment variables: Access to the path '/proc/840053/environ' is denied.
[2025-03-18 11:31:40Z INFO JobExtension] Inspecting process environment variables. PID: 840066 (kworker/22:1-events)
[2025-03-18 11:31:40Z INFO LinuxProcessExtensions] Read env from /proc/840066/environ
[2025-03-18 11:31:40Z WARN JobExtension] Ignore exception during read process environment variables: Access to the path '/proc/840066/environ' is denied.
[2025-03-18 11:31:40Z INFO JobExtension] Inspecting process environment variables. PID: 840078 (kworker/2:0-events)
[2025-03-18 11:31:40Z INFO LinuxProcessExtensions] Read env from /proc/840078/environ
[2025-03-18 11:31:40Z WARN JobExtension] Ignore exception during read process environment variables: Access to the path '/proc/840078/environ' is denied.
[2025-03-18 11:31:40Z INFO JobExtension] Inspecting process environment variables. PID: 840089 (kworker/24:0-rcu_par_gp)
[2025-03-18 11:31:40Z INFO LinuxProcessExtensions] Read env from /proc/840089/environ
[2025-03-18 11:31:40Z WARN JobExtension] Ignore exception during read process environment variables: Access to the path '/proc/840089/environ' is denied.
[2025-03-18 11:31:40Z INFO JobExtension] Inspecting process environment variables. PID: 840094 (kworker/23:1-mm_percpu_wq)
[2025-03-18 11:31:40Z INFO LinuxProcessExtensions] Read env from /proc/840094/environ
[2025-03-18 11:31:40Z WARN JobExtension] Ignore exception during read process environment variables: Access to the path '/proc/840094/environ' is denied.
[2025-03-18 11:31:40Z INFO JobExtension] Inspecting process environment variables. PID: 840096 (kworker/9:1-rcu_par_gp)
[2025-03-18 11:31:40Z INFO LinuxProcessExtensions] Read env from /proc/840096/environ
[2025-03-18 11:31:40Z WARN JobExtension] Ignore exception during read process environment variables: Access to the path '/proc/840096/environ' is denied.
[2025-03-18 11:31:40Z INFO JobExtension] Inspecting process environment variables. PID: 840330 (kworker/18:3-rcu_par_gp)
[2025-03-18 11:31:40Z INFO LinuxProcessExtensions] Read env from /proc/840330/environ
[2025-03-18 11:31:40Z WARN JobExtension] Ignore exception during read process environment variables: Access to the path '/proc/840330/environ' is denied.
[2025-03-18 11:31:40Z INFO JobExtension] Inspecting process environment variables. PID: 840332 (kworker/u72:3-events_unbound)
[2025-03-18 11:31:40Z INFO LinuxProcessExtensions] Read env from /proc/840332/environ
[2025-03-18 11:31:40Z WARN JobExtension] Ignore exception during read process environment variables: Access to the path '/proc/840332/environ' is denied.
[2025-03-18 11:31:40Z INFO JobExtension] Inspecting process environment variables. PID: 840334 (kworker/20:2-events)
[2025-03-18 11:31:40Z INFO LinuxProcessExtensions] Read env from /proc/840334/environ
[2025-03-18 11:31:40Z WARN JobExtension] Ignore exception during read process environment variables: Access to the path '/proc/840334/environ' is denied.
[2025-03-18 11:31:40Z INFO JobExtension] Inspecting process environment variables. PID: 840339 (kworker/1:3-rcu_par_gp)
[2025-03-18 11:31:40Z INFO LinuxProcessExtensions] Read env from /proc/840339/environ
[2025-03-18 11:31:40Z WARN JobExtension] Ignore exception during read process environment variables: Access to the path '/proc/840339/environ' is denied.
[2025-03-18 11:31:40Z INFO JobExtension] Inspecting process environment variables. PID: 840445 (kworker/15:0-rcu_par_gp)
[2025-03-18 11:31:40Z INFO LinuxProcessExtensions] Read env from /proc/840445/environ
[2025-03-18 11:31:40Z WARN JobExtension] Ignore exception during read process environment variables: Access to the path '/proc/840445/environ' is denied.
[2025-03-18 11:31:40Z INFO JobExtension] Inspecting process environment variables. PID: 840473 (kworker/29:1-mm_percpu_wq)
[2025-03-18 11:31:40Z INFO LinuxProcessExtensions] Read env from /proc/840473/environ
[2025-03-18 11:31:40Z WARN JobExtension] Ignore exception during read process environment variables: Access to the path '/proc/840473/environ' is denied.
[2025-03-18 11:31:40Z INFO JobExtension] Inspecting process environment variables. PID: 840481 (kworker/31:0)
[2025-03-18 11:31:40Z INFO LinuxProcessExtensions] Read env from /proc/840481/environ
[2025-03-18 11:31:40Z WARN JobExtension] Ignore exception during read process environment variables: Access to the path '/proc/840481/environ' is denied.
[2025-03-18 11:31:40Z INFO JobExtension] Inspecting process environment variables. PID: 840482 (kworker/25:2-rcu_par_gp)
[2025-03-18 11:31:40Z INFO LinuxProcessExtensions] Read env from /proc/840482/environ
[2025-03-18 11:31:40Z WARN JobExtension] Ignore exception during read process environment variables: Access to the path '/proc/840482/environ' is denied.
[2025-03-18 11:31:40Z INFO JobExtension] Inspecting process environment variables. PID: 840483 (kworker/21:1-events)
[2025-03-18 11:31:40Z INFO LinuxProcessExtensions] Read env from /proc/840483/environ
[2025-03-18 11:31:40Z WARN JobExtension] Ignore exception during read process environment variables: Access to the path '/proc/840483/environ' is denied.
[2025-03-18 11:31:40Z INFO JobExtension] Inspecting process environment variables. PID: 840485 (kworker/6:3-rcu_par_gp)
[2025-03-18 11:31:40Z INFO LinuxProcessExtensions] Read env from /proc/840485/environ
[2025-03-18 11:31:40Z WARN JobExtension] Ignore exception during read process environment variables: Access to the path '/proc/840485/environ' is denied.
[2025-03-18 11:31:40Z INFO JobExtension] Inspecting process environment variables. PID: 840642 (kworker/34:1-mm_percpu_wq)
[2025-03-18 11:31:40Z INFO LinuxProcessExtensions] Read env from /proc/840642/environ
[2025-03-18 11:31:40Z WARN JobExtension] Ignore exception during read process environment variables: Access to the path '/proc/840642/environ' is denied.
[2025-03-18 11:31:40Z INFO JobExtension] Inspecting process environment variables. PID: 840643 (kworker/35:0-events)
[2025-03-18 11:31:40Z INFO LinuxProcessExtensions] Read env from /proc/840643/environ
[2025-03-18 11:31:40Z WARN JobExtension] Ignore exception during read process environment variables: Access to the path '/proc/840643/environ' is denied.
[2025-03-18 11:31:40Z INFO JobExtension] Inspecting process environment variables. PID: 840681 (kworker/30:1-rcu_gp)
[2025-03-18 11:31:40Z INFO LinuxProcessExtensions] Read env from /proc/840681/environ
[2025-03-18 11:31:40Z WARN JobExtension] Ignore exception during read process environment variables: Access to the path '/proc/840681/environ' is denied.
[2025-03-18 11:31:40Z INFO JobExtension] Inspecting process environment variables. PID: 840785 (kworker/33:1-events)
[2025-03-18 11:31:40Z INFO LinuxProcessExtensions] Read env from /proc/840785/environ
[2025-03-18 11:31:40Z WARN JobExtension] Ignore exception during read process environment variables: Access to the path '/proc/840785/environ' is denied.
[2025-03-18 11:31:40Z INFO JobExtension] Inspecting process environment variables. PID: 840898 (kworker/14:2-rcu_par_gp)
[2025-03-18 11:31:40Z INFO LinuxProcessExtensions] Read env from /proc/840898/environ
[2025-03-18 11:31:40Z WARN JobExtension] Ignore exception during read process environment variables: Access to the path '/proc/840898/environ' is denied.
[2025-03-18 11:31:40Z INFO JobExtension] Inspecting process environment variables. PID: 842094 (kworker/13:0-events)
[2025-03-18 11:31:40Z INFO LinuxProcessExtensions] Read env from /proc/842094/environ
[2025-03-18 11:31:40Z WARN JobExtension] Ignore exception during read process environment variables: Access to the path '/proc/842094/environ' is denied.
[2025-03-18 11:31:40Z INFO JobExtension] Inspecting process environment variables. PID: 945465 (sleep)
[2025-03-18 11:31:40Z INFO LinuxProcessExtensions] Read env from /proc/945465/environ
[2025-03-18 11:31:40Z WARN JobExtension] Ignore exception during read process environment variables: Access to the path '/proc/945465/environ' is denied.
[2025-03-18 11:31:40Z INFO JobExtension] Inspecting process environment variables. PID: 945519 (sleep)
[2025-03-18 11:31:40Z INFO LinuxProcessExtensions] Read env from /proc/945519/environ
[2025-03-18 11:31:40Z INFO JobExtension] Inspecting process environment variables. PID: 947108 (kworker/30:0-events)
[2025-03-18 11:31:40Z INFO LinuxProcessExtensions] Read env from /proc/947108/environ
[2025-03-18 11:31:40Z WARN JobExtension] Ignore exception during read process environment variables: Access to the path '/proc/947108/environ' is denied.
[2025-03-18 11:31:40Z INFO JobExtension] Inspecting process environment variables. PID: 947116 (kworker/11:2)
[2025-03-18 11:31:40Z INFO LinuxProcessExtensions] Read env from /proc/947116/environ
[2025-03-18 11:31:40Z WARN JobExtension] Ignore exception during read process environment variables: Access to the path '/proc/947116/environ' is denied.
[2025-03-18 11:31:40Z INFO JobExtension] Inspecting process environment variables. PID: 947138 (kworker/14:0-mm_percpu_wq)
[2025-03-18 11:31:40Z INFO LinuxProcessExtensions] Read env from /proc/947138/environ
[2025-03-18 11:31:40Z WARN JobExtension] Ignore exception during read process environment variables: Access to the path '/proc/947138/environ' is denied.
[2025-03-18 11:31:40Z INFO JobExtension] Inspecting process environment variables. PID: 947147 (kworker/17:1)
[2025-03-18 11:31:40Z INFO LinuxProcessExtensions] Read env from /proc/947147/environ
[2025-03-18 11:31:40Z WARN JobExtension] Ignore exception during read process environment variables: Access to the path '/proc/947147/environ' is denied.
[2025-03-18 11:31:40Z INFO JobExtension] Inspecting process environment variables. PID: 947235 (kworker/25:0-mm_percpu_wq)
[2025-03-18 11:31:40Z INFO LinuxProcessExtensions] Read env from /proc/947235/environ
[2025-03-18 11:31:40Z WARN JobExtension] Ignore exception during read process environment variables: Access to the path '/proc/947235/environ' is denied.
[2025-03-18 11:31:40Z INFO JobExtension] Inspecting process environment variables. PID: 947254 (kworker/15:1-events)
[2025-03-18 11:31:40Z INFO LinuxProcessExtensions] Read env from /proc/947254/environ
[2025-03-18 11:31:40Z WARN JobExtension] Ignore exception during read process environment variables: Access to the path '/proc/947254/environ' is denied.
[2025-03-18 11:31:40Z INFO JobExtension] Inspecting process environment variables. PID: 947255 (kworker/5:0-mm_percpu_wq)
[2025-03-18 11:31:40Z INFO LinuxProcessExtensions] Read env from /proc/947255/environ
[2025-03-18 11:31:40Z WARN JobExtension] Ignore exception during read process environment variables: Access to the path '/proc/947255/environ' is denied.
[2025-03-18 11:31:40Z INFO JobExtension] Inspecting process environment variables. PID: 947256 (kworker/26:1-events)
[2025-03-18 11:31:40Z INFO LinuxProcessExtensions] Read env from /proc/947256/environ
[2025-03-18 11:31:40Z WARN JobExtension] Ignore exception during read process environment variables: Access to the path '/proc/947256/environ' is denied.
[2025-03-18 11:31:40Z INFO JobExtension] Inspecting process environment variables. PID: 947257 (kworker/12:2-events)
[2025-03-18 11:31:40Z INFO LinuxProcessExtensions] Read env from /proc/947257/environ
[2025-03-18 11:31:40Z WARN JobExtension] Ignore exception during read process environment variables: Access to the path '/proc/947257/environ' is denied.
[2025-03-18 11:31:40Z INFO JobExtension] Inspecting process environment variables. PID: 947258 (systemd-udevd)
[2025-03-18 11:31:40Z INFO LinuxProcessExtensions] Read env from /proc/947258/environ
[2025-03-18 11:31:40Z WARN JobExtension] Ignore exception during read process environment variables: Access to the path '/proc/947258/environ' is denied.
[2025-03-18 11:31:40Z INFO JobExtension] Inspecting process environment variables. PID: 947260 (kworker/10:0-rcu_gp)
[2025-03-18 11:31:40Z INFO LinuxProcessExtensions] Read env from /proc/947260/environ
[2025-03-18 11:31:40Z WARN JobExtension] Ignore exception during read process environment variables: Access to the path '/proc/947260/environ' is denied.
[2025-03-18 11:31:40Z INFO JobExtension] Inspecting process environment variables. PID: 947262 (kworker/10:3-rcu_par_gp)
[2025-03-18 11:31:40Z INFO LinuxProcessExtensions] Read env from /proc/947262/environ
[2025-03-18 11:31:40Z WARN JobExtension] Ignore exception during read process environment variables: Access to the path '/proc/947262/environ' is denied.
[2025-03-18 11:31:40Z INFO JobExtension] Inspecting process environment variables. PID: 947265 (kworker/9:2-events)
[2025-03-18 11:31:40Z INFO LinuxProcessExtensions] Read env from /proc/947265/environ
[2025-03-18 11:31:40Z WARN JobExtension] Ignore exception during read process environment variables: Access to the path '/proc/947265/environ' is denied.
[2025-03-18 11:31:40Z INFO JobExtension] Inspecting process environment variables. PID: 947266 (systemd-udevd)
[2025-03-18 11:31:40Z INFO LinuxProcessExtensions] Read env from /proc/947266/environ
[2025-03-18 11:31:40Z WARN JobExtension] Ignore exception during read process environment variables: Access to the path '/proc/947266/environ' is denied.
[2025-03-18 11:31:40Z INFO JobExtension] Inspecting process environment variables. PID: 947267 (systemd-udevd)
[2025-03-18 11:31:40Z INFO LinuxProcessExtensions] Read env from /proc/947267/environ
[2025-03-18 11:31:40Z WARN JobExtension] Ignore exception during read process environment variables: Access to the path '/proc/947267/environ' is denied.
[2025-03-18 11:31:40Z INFO JobExtension] Inspecting process environment variables. PID: 947268 (systemd-udevd)
[2025-03-18 11:31:40Z INFO LinuxProcessExtensions] Read env from /proc/947268/environ
[2025-03-18 11:31:40Z WARN JobExtension] Ignore exception during read process environment variables: Access to the path '/proc/947268/environ' is denied.
[2025-03-18 11:31:40Z INFO JobExtension] Inspecting process environment variables. PID: 947269 (kworker/u72:0)
[2025-03-18 11:31:40Z INFO LinuxProcessExtensions] Read env from /proc/947269/environ
[2025-03-18 11:31:40Z WARN JobExtension] Ignore exception during read process environment variables: Access to the path '/proc/947269/environ' is denied.
[2025-03-18 11:31:40Z INFO JobExtension] Inspecting process environment variables. PID: 947270 (kworker/0:1-events)
[2025-03-18 11:31:40Z INFO LinuxProcessExtensions] Read env from /proc/947270/environ
[2025-03-18 11:31:40Z WARN JobExtension] Ignore exception during read process environment variables: Access to the path '/proc/947270/environ' is denied.
[2025-03-18 11:31:40Z INFO JobExtension] Inspecting process environment variables. PID: 947271 (sleep)
[2025-03-18 11:31:40Z INFO LinuxProcessExtensions] Read env from /proc/947271/environ
[2025-03-18 11:31:40Z WARN JobExtension] Ignore exception during read process environment variables: Access to the path '/proc/947271/environ' is denied.
[2025-03-18 11:31:40Z INFO JobExtension] Inspecting process environment variables. PID: 947291 (nm-dispatcher)
[2025-03-18 11:31:40Z INFO LinuxProcessExtensions] Read env from /proc/947291/environ
[2025-03-18 11:31:40Z WARN JobExtension] Ignore exception during read process environment variables: Access to the path '/proc/947291/environ' is denied.
[2025-03-18 11:31:40Z INFO JobExtension] Inspecting process environment variables. PID: 2109722 (kworker/26:2-events)
[2025-03-18 11:31:40Z INFO LinuxProcessExtensions] Read env from /proc/2109722/environ
[2025-03-18 11:31:40Z WARN JobExtension] Ignore exception during read process environment variables: Access to the path '/proc/2109722/environ' is denied.
[2025-03-18 11:31:40Z INFO JobExtension] Inspecting process environment variables. PID: 2190273 (kworker/33:0-rcu_gp)
[2025-03-18 11:31:40Z INFO LinuxProcessExtensions] Read env from /proc/2190273/environ
[2025-03-18 11:31:40Z WARN JobExtension] Ignore exception during read process environment variables: Access to the path '/proc/2190273/environ' is denied.
[2025-03-18 11:31:40Z INFO JobExtension] Inspecting process environment variables. PID: 2228205 (kworker/28:2-events)
[2025-03-18 11:31:40Z INFO LinuxProcessExtensions] Read env from /proc/2228205/environ
[2025-03-18 11:31:40Z WARN JobExtension] Ignore exception during read process environment variables: Access to the path '/proc/2228205/environ' is denied.
[2025-03-18 11:31:40Z INFO JobExtension] Inspecting process environment variables. PID: 2228218 (kworker/30:2-rcu_par_gp)
[2025-03-18 11:31:40Z INFO LinuxProcessExtensions] Read env from /proc/2228218/environ
[2025-03-18 11:31:40Z WARN JobExtension] Ignore exception during read process environment variables: Access to the path '/proc/2228218/environ' is denied.
[2025-03-18 11:31:40Z INFO JobExtension] Inspecting process environment variables. PID: 2235606 (kworker/26:0-events)
[2025-03-18 11:31:40Z INFO LinuxProcessExtensions] Read env from /proc/2235606/environ
[2025-03-18 11:31:40Z WARN JobExtension] Ignore exception during read process environment variables: Access to the path '/proc/2235606/environ' is denied.
[2025-03-18 11:31:40Z INFO JobExtension] Inspecting process environment variables. PID: 3481527 (kworker/32:1-rcu_par_gp)
[2025-03-18 11:31:40Z INFO LinuxProcessExtensions] Read env from /proc/3481527/environ
[2025-03-18 11:31:40Z WARN JobExtension] Ignore exception during read process environment variables: Access to the path '/proc/3481527/environ' is denied.
[2025-03-18 11:31:40Z INFO ExecutionContext] Publish step telemetry for current step {
  "action": "complete_job",
  "type": "runner",
  "stage": "Post",
  "stepId": "8c6bb1a5-0c1a-49fe-913d-8a5a60698724",
  "result": "succeeded",
  "errorMessages": [],
  "executionTimeInSeconds": 1,
  "startTime": "2025-03-18T11:31:40.6850853Z",
  "finishTime": "2025-03-18T11:31:40.8087649Z"
}.
[2025-03-18 11:31:40Z INFO JobRunner] Job result after all job steps finish: Failed
[2025-03-18 11:31:40Z INFO JobRunner] Completing the job execution context.
[2025-03-18 11:31:40Z INFO JobRunner] Shutting down the job server queue.
[2025-03-18 11:31:40Z INFO JobServerQueue] Fire signal to shutdown all queues.
[2025-03-18 11:31:40Z INFO JobServerQueue] Tried to upload 1 file(s) to results, success rate: 1/1.
[2025-03-18 11:31:41Z INFO JobServerQueue] All queue process task stopped.
[2025-03-18 11:31:41Z INFO JobServerQueue] Try to append 1 batches web console lines for record 'b6de79a5-4117-4965-b170-bddfcc97fc25', success rate: 1/1.
[2025-03-18 11:31:41Z INFO JobServerQueue] Try to append 1 batches web console lines for record '8c6bb1a5-0c1a-49fe-913d-8a5a60698724', success rate: 1/1.
[2025-03-18 11:31:41Z INFO JobServerQueue] Web console line queue drained.
[2025-03-18 11:31:41Z INFO JobServerQueue] Uploading 3 files in one shot.
[2025-03-18 11:31:41Z INFO JobServerQueue] Try to upload 3 log files or attachments, success rate: 3/3.
[2025-03-18 11:31:41Z INFO JobServerQueue] File upload queue drained.
[2025-03-18 11:31:41Z INFO JobServerQueue] Starting results-based upload queue...
[2025-03-18 11:31:41Z INFO JobServerQueue] Uploading 4 file(s) in one shot through results service.
[2025-03-18 11:31:41Z INFO JobServerQueue] Got a step log file to send to results service.
[2025-03-18 11:31:41Z INFO JobServerQueue] Starting upload of step log file to results service ResultsLog, /home/jenny/tensorflow-mri/actions-runner/_diag/blocks/c20b5653-0f9a-454e-bac6-4ff740629ab9_ce9eab39-f553-480b-8dce-7630b95874ed.1
[2025-03-18 11:31:42Z INFO JobServerQueue] Got a step log file to send to results service.
[2025-03-18 11:31:42Z INFO JobServerQueue] Starting upload of step log file to results service ResultsLog, /home/jenny/tensorflow-mri/actions-runner/_diag/blocks/c20b5653-0f9a-454e-bac6-4ff740629ab9_b6de79a5-4117-4965-b170-bddfcc97fc25.1
[2025-03-18 11:31:42Z INFO JobServerQueue] Got a step log file to send to results service.
[2025-03-18 11:31:42Z INFO JobServerQueue] Starting upload of step log file to results service ResultsLog, /home/jenny/tensorflow-mri/actions-runner/_diag/blocks/c20b5653-0f9a-454e-bac6-4ff740629ab9_8c6bb1a5-0c1a-49fe-913d-8a5a60698724.1
[2025-03-18 11:31:42Z INFO JobServerQueue] Got a job log file to send to results service.
[2025-03-18 11:31:42Z INFO JobServerQueue] Starting upload of job log file to results service ResultsLog, /home/jenny/tensorflow-mri/actions-runner/_diag/blocks/c20b5653-0f9a-454e-bac6-4ff740629ab9_f4db9b4e-895c-579b-bf46-1eddea649fdb.1
[2025-03-18 11:31:43Z INFO JobServerQueue] Tried to upload 4 file(s) to results, success rate: 4/4.
[2025-03-18 11:31:43Z INFO JobServerQueue] Results upload queue drained.
[2025-03-18 11:31:43Z INFO JobServerQueue] Timeline update queue drained.
[2025-03-18 11:31:43Z INFO JobServerQueue] Disposing job server ...
[2025-03-18 11:31:43Z INFO JobServerQueue] Disposing results server ...
[2025-03-18 11:31:43Z INFO JobServerQueue] All queue process tasks have been stopped, and all queues are drained.
[2025-03-18 11:31:43Z INFO TempDirectoryManager] Cleaning runner temp folder: /home/jenny/tensorflow-mri/actions-runner/_work/_temp
[2025-03-18 11:31:43Z ERR  TempDirectoryManager] System.IO.IOException: Access to the path '/home/jenny/tensorflow-mri/actions-runner/_work/_temp/_github_home/.config/matplotlib' is denied.
   at System.IO.FileSystem.RemoveEmptyDirectory(String fullPath, Boolean topLevel, Boolean throwWhenNotEmpty)
   at System.IO.DirectoryInfo.Delete()
   at GitHub.Runner.Sdk.IOUtil.DeleteDirectory(String path, Boolean contentsOnly, Boolean continueOnContentDeleteError, CancellationToken cancellationToken)
   at GitHub.Runner.Worker.TempDirectoryManager.CleanupTempDirectory()
[2025-03-18 11:31:43Z INFO HostContext] Well known directory 'Bin': '/home/jenny/tensorflow-mri/actions-runner/bin'
[2025-03-18 11:31:43Z INFO HostContext] Well known directory 'Root': '/home/jenny/tensorflow-mri/actions-runner'
[2025-03-18 11:31:43Z INFO HostContext] Well known directory 'Diag': '/home/jenny/tensorflow-mri/actions-runner/_diag'
[2025-03-18 11:31:43Z INFO HostContext] Well known config file 'Telemetry': '/home/jenny/tensorflow-mri/actions-runner/_diag/.telemetry'
[2025-03-18 11:31:43Z INFO JobRunner] Raising job completed against run service
[2025-03-18 11:31:43Z INFO Worker] Job completed.
