[2025-03-18 11:36:29Z INFO HostContext] No proxy settings were found based on environmental variables (http_proxy/https_proxy/HTTP_PROXY/HTTPS_PROXY)
[2025-03-18 11:36:29Z INFO HostContext] Well known directory 'Bin': '/home/jenny/tensorflow-mri/actions-runner/bin'
[2025-03-18 11:36:29Z INFO HostContext] Well known directory 'Root': '/home/jenny/tensorflow-mri/actions-runner'
[2025-03-18 11:36:29Z INFO HostContext] Well known config file 'Credentials': '/home/jenny/tensorflow-mri/actions-runner/.credentials'
[2025-03-18 11:36:29Z INFO HostContext] Well known directory 'Bin': '/home/jenny/tensorflow-mri/actions-runner/bin'
[2025-03-18 11:36:29Z INFO HostContext] Well known directory 'Root': '/home/jenny/tensorflow-mri/actions-runner'
[2025-03-18 11:36:29Z INFO HostContext] Well known config file 'Runner': '/home/jenny/tensorflow-mri/actions-runner/.runner'
[2025-03-18 11:36:29Z INFO Worker] Version: 2.322.0
[2025-03-18 11:36:29Z INFO Worker] Commit: 0edc478ca75d0a753dcbcec7405f3f26db67b1ac
[2025-03-18 11:36:29Z INFO Worker] Culture: en-GB
[2025-03-18 11:36:29Z INFO Worker] UI Culture: en-GB
[2025-03-18 11:36:29Z INFO Worker] Waiting to receive the job message from the channel.
[2025-03-18 11:36:29Z INFO ProcessChannel] Receiving message of length 26557, with hash '82fc403c7c3b42b1451eaf6257951af2611fde386d1622bd7ec24fb202420416'
[2025-03-18 11:36:29Z INFO Worker] Message received.
[2025-03-18 11:36:30Z INFO Worker] Job message:
 {
  "environmentVariables": [
    {
      "type": 2,
      "file": 1,
      "line": 29,
      "col": 7,
      "map": [
        {
          "key": {
            "type": 0,
            "file": 1,
            "line": 29,
            "col": 7,
            "lit": "PYTHON"
          },
          "value": {
            "type": 3,
            "file": 1,
            "line": 29,
            "col": 15,
            "expr": "format('python{0}', matrix.py_version)"
          }
        }
      ]
    }
  ],
  "fileTable": [
    ".github/workflows/build-package.yml"
  ],
  "mask": [
    {
      "type": "regex",
      "value": "***"
    },
    {
      "type": "regex",
      "value": "***"
    },
    {
      "type": "regex",
      "value": "***"
    },
    {
      "type": "regex",
      "value": "***"
    },
    {
      "type": "regex",
      "value": "***"
    },
    {
      "type": "regex",
      "value": "***"
    },
    {
      "type": "regex",
      "value": "***"
    },
    {
      "type": "regex",
      "value": "***"
    },
    {
      "type": "regex",
      "value": "***"
    },
    {
      "type": "regex",
      "value": "***"
    },
    {
      "type": "regex",
      "value": "***"
    },
    {
      "type": "regex",
      "value": "***"
    },
    {
      "type": "regex",
      "value": "***"
    },
    {
      "type": "regex",
      "value": "***"
    },
    {
      "type": "regex",
      "value": "***"
    },
    {
      "type": "regex",
      "value": "***"
    },
    {
      "type": "regex",
      "value": "***"
    },
    {
      "type": "regex",
      "value": "***"
    }
  ],
  "steps": [
    {
      "type": "action",
      "reference": {
        "type": "repository",
        "name": "actions/checkout",
        "ref": "v4",
        "repositoryType": "GitHub"
      },
      "displayNameToken": {
        "type": 0,
        "file": 1,
        "line": 32,
        "col": 15,
        "lit": "Checkout code"
      },
      "contextName": "__actions_checkout",
      "condition": "success()",
      "id": "bdf89840-dd66-4d02-a459-1b9c8c7c05b2",
      "name": "__actions_checkout"
    },
    {
      "type": "action",
      "reference": {
        "type": "script"
      },
      "displayNameToken": {
        "type": 0,
        "file": 1,
        "line": 37,
        "col": 15,
        "lit": "Free Disk Space Before Build"
      },
      "contextName": "__run",
      "inputs": {
        "type": 2,
        "map": [
          {
            "key": "script",
            "value": {
              "type": 0,
              "file": 1,
              "line": 38,
              "col": 14,
              "lit": "echo \"Disk space before cleanup:\"\ndf -h\nsudo rm -rf /usr/local/.ghcup\nsudo rm -rf /opt/hostedtoolcache/CodeQL\nsudo rm -rf /usr/local/lib/android/sdk/ndk\nsudo rm -rf /usr/share/dotnet\nsudo rm -rf /opt/ghc\nsudo rm -rf /usr/local/share/boost\n\nsudo rm -rf \"$AGENT_TOOLSDIRECTORY\"\n\nsudo apt-get clean\necho \"Disk space after cleanup:\"\ndf -h\n"
            }
          }
        ]
      },
      "condition": "success()",
      "id": "13949d89-c846-4f19-97af-3123cc713532",
      "name": "__run"
    },
    {
      "type": "action",
      "reference": {
        "type": "script"
      },
      "displayNameToken": {
        "type": 0,
        "file": 1,
        "line": 54,
        "col": 15,
        "lit": "Lint code"
      },
      "contextName": "__run_2",
      "inputs": {
        "type": 2,
        "map": [
          {
            "key": "script",
            "value": {
              "type": 3,
              "file": 1,
              "line": 55,
              "col": 14,
              "expr": "format('make lint PY_VERSION={0}\n', matrix.py_version)"
            }
          }
        ]
      },
      "condition": "success()",
      "id": "6822ea31-701e-41da-b38a-456ac1e8122d",
      "name": "__run_2"
    },
    {
      "type": "action",
      "reference": {
        "type": "script"
      },
      "displayNameToken": {
        "type": 0,
        "file": 1,
        "line": 58,
        "col": 15,
        "lit": "Compile shared library"
      },
      "contextName": "__run_3",
      "inputs": {
        "type": 2,
        "map": [
          {
            "key": "script",
            "value": {
              "type": 3,
              "file": 1,
              "line": 59,
              "col": 14,
              "expr": "format('make PY_VERSION={0} CXX=/dt9/usr/bin/g++\n', matrix.py_version)"
            }
          }
        ]
      },
      "condition": "success()",
      "id": "2e5e5fd7-91ed-4ca7-8b08-49a77dbd622a",
      "name": "__run_3"
    },
    {
      "type": "action",
      "reference": {
        "type": "script"
      },
      "displayNameToken": {
        "type": 0,
        "file": 1,
        "line": 62,
        "col": 15,
        "lit": "Install required packages"
      },
      "contextName": "__run_4",
      "inputs": {
        "type": 2,
        "map": [
          {
            "key": "script",
            "value": {
              "type": 0,
              "file": 1,
              "line": 63,
              "col": 14,
              "lit": "$PYTHON -m pip install --no-cache-dir -r requirements.txt\n"
            }
          }
        ]
      },
      "condition": "success()",
      "id": "59b80332-d70e-492c-a857-b9584722e196",
      "name": "__run_4"
    },
    {
      "type": "action",
      "reference": {
        "type": "script"
      },
      "displayNameToken": {
        "type": 0,
        "file": 1,
        "line": 66,
        "col": 15,
        "lit": "Run test suite"
      },
      "contextName": "__run_5",
      "inputs": {
        "type": 2,
        "map": [
          {
            "key": "script",
            "value": {
              "type": 3,
              "file": 1,
              "line": 67,
              "col": 14,
              "expr": "format('make test PY_VERSION={0}\n', matrix.py_version)"
            }
          }
        ]
      },
      "condition": "success()",
      "id": "88133581-ce50-419b-b026-38b099425643",
      "name": "__run_5"
    },
    {
      "type": "action",
      "reference": {
        "type": "script"
      },
      "displayNameToken": {
        "type": 0,
        "file": 1,
        "line": 70,
        "col": 15,
        "lit": "Build wheel"
      },
      "contextName": "__run_6",
      "inputs": {
        "type": 2,
        "map": [
          {
            "key": "script",
            "value": {
              "type": 3,
              "file": 1,
              "line": 71,
              "col": 14,
              "expr": "format('make wheel PY_VERSION={0}\n', matrix.py_version)"
            }
          }
        ]
      },
      "condition": "success()",
      "id": "77e73746-168a-44ee-bfa2-2d3bcdd8812a",
      "name": "__run_6"
    },
    {
      "type": "action",
      "reference": {
        "type": "script"
      },
      "displayNameToken": {
        "type": 0,
        "file": 1,
        "line": 74,
        "col": 15,
        "lit": "Build docs"
      },
      "contextName": "__run_7",
      "inputs": {
        "type": 2,
        "map": [
          {
            "key": "script",
            "value": {
              "type": 3,
              "file": 1,
              "line": 75,
              "col": 14,
              "expr": "format('make docs PY_VERSION={0}\n', matrix.py_version)"
            }
          }
        ]
      },
      "condition": "success()",
      "id": "103b7487-0333-4d91-8d4b-747e48930e53",
      "name": "__run_7"
    },
    {
      "type": "action",
      "reference": {
        "type": "repository",
        "name": "actions/upload-artifact",
        "ref": "v4",
        "repositoryType": "GitHub"
      },
      "displayNameToken": {
        "type": 0,
        "file": 1,
        "line": 78,
        "col": 15,
        "lit": "Upload wheel"
      },
      "contextName": "__actions_upload-artifact",
      "inputs": {
        "type": 2,
        "file": 1,
        "line": 82,
        "col": 11,
        "map": [
          {
            "key": {
              "type": 0,
              "file": 1,
              "line": 82,
              "col": 11,
              "lit": "name"
            },
            "value": {
              "type": 3,
              "file": 1,
              "line": 82,
              "col": 17,
              "expr": "format('wheel-py{0}', matrix.py_version)"
            }
          },
          {
            "key": {
              "type": 0,
              "file": 1,
              "line": 83,
              "col": 11,
              "lit": "path"
            },
            "value": {
              "type": 0,
              "file": 1,
              "line": 83,
              "col": 17,
              "lit": "./artifacts/*.whl"
            }
          }
        ]
      },
      "condition": "success() && (startsWith(github.ref, 'refs/tags'))",
      "id": "258b8c4b-6d98-43ca-8561-b43ace8f7d03",
      "name": "__actions_upload-artifact"
    },
    {
      "type": "action",
      "reference": {
        "type": "repository",
        "name": "actions/upload-artifact",
        "ref": "v4",
        "repositoryType": "GitHub"
      },
      "displayNameToken": {
        "type": 0,
        "file": 1,
        "line": 85,
        "col": 15,
        "lit": "Upload docs"
      },
      "contextName": "__actions_upload-artifact_2",
      "inputs": {
        "type": 2,
        "file": 1,
        "line": 89,
        "col": 11,
        "map": [
          {
            "key": {
              "type": 0,
              "file": 1,
              "line": 89,
              "col": 11,
              "lit": "name"
            },
            "value": {
              "type": 0,
              "file": 1,
              "line": 89,
              "col": 17,
              "lit": "docs"
            }
          },
          {
            "key": {
              "type": 0,
              "file": 1,
              "line": 90,
              "col": 11,
              "lit": "path"
            },
            "value": {
              "type": 0,
              "file": 1,
              "line": 90,
              "col": 17,
              "lit": "./tools/docs/_build/dirhtml"
            }
          }
        ]
      },
      "condition": "success() && (startsWith(github.ref, 'refs/tags') && matrix.py_version == 3.9)",
      "id": "b8fa1fef-6273-49dd-aa93-35608100629c",
      "name": "__actions_upload-artifact_2"
    },
    {
      "type": "action",
      "reference": {
        "type": "repository",
        "name": "pypa/gh-action-pypi-publish",
        "ref": "release/v1.7",
        "repositoryType": "GitHub"
      },
      "displayNameToken": {
        "type": 0,
        "file": 1,
        "line": 92,
        "col": 15,
        "lit": "Publish to Test PyPI"
      },
      "contextName": "__pypa_gh-action-pypi-publish",
      "inputs": {
        "type": 2,
        "file": 1,
        "line": 95,
        "col": 11,
        "map": [
          {
            "key": {
              "type": 0,
              "file": 1,
              "line": 95,
              "col": 11,
              "lit": "password"
            },
            "value": {
              "type": 3,
              "file": 1,
              "line": 95,
              "col": 21,
              "expr": "secrets.TEST_PYPI_API_TOKEN"
            }
          },
          {
            "key": {
              "type": 0,
              "file": 1,
              "line": 96,
              "col": 11,
              "lit": "repository-url"
            },
            "value": {
              "type": 0,
              "file": 1,
              "line": 96,
              "col": 27,
              "lit": "https://test.pypi.org/legacy/"
            }
          },
          {
            "key": {
              "type": 0,
              "file": 1,
              "line": 97,
              "col": 11,
              "lit": "packages-dir"
            },
            "value": {
              "type": 0,
              "file": 1,
              "line": 97,
              "col": 25,
              "lit": "artifacts/"
            }
          },
          {
            "key": {
              "type": 0,
              "file": 1,
              "line": 98,
              "col": 11,
              "lit": "skip-existing"
            },
            "value": {
              "type": 0,
              "file": 1,
              "line": 98,
              "col": 26,
              "lit": "true"
            }
          }
        ]
      },
      "condition": "success()",
      "id": "774243a5-489c-4428-8725-fc6d25c9cb4e",
      "name": "__pypa_gh-action-pypi-publish"
    },
    {
      "type": "action",
      "reference": {
        "type": "script"
      },
      "displayNameToken": {
        "type": 0,
        "file": 1,
        "line": 100,
        "col": 15,
        "lit": "Free Disk Space After Build"
      },
      "contextName": "__run_8",
      "inputs": {
        "type": 2,
        "map": [
          {
            "key": "script",
            "value": {
              "type": 0,
              "file": 1,
              "line": 101,
              "col": 14,
              "lit": "echo \"Disk space before post-build cleanup:\"\ndf -h\nsudo rm -rf /usr/local/.ghcup\nsudo rm -rf /opt/hostedtoolcache/CodeQL\nsudo rm -rf /usr/local/lib/android/sdk/ndk\nsudo rm -rf /usr/share/dotnet\nsudo rm -rf /opt/ghc\nsudo rm -rf /usr/local/share/boost\n\nsudo rm -rf \"$AGENT_TOOLSDIRECTORY\"\n\nsudo apt-get clean\necho \"Disk space after post-build cleanup:\"\ndf -h\n"
            }
          }
        ]
      },
      "condition": "success()",
      "id": "b2c8246c-acdf-4c5b-b66d-09862a36115b",
      "name": "__run_8"
    }
  ],
  "variables": {
    "Actions.EnableHttpRedirects": {
      "value": "true"
    },
    "DistributedTask.AddWarningToNode12Action": {
      "value": "true"
    },
    "DistributedTask.AddWarningToNode16Action": {
      "value": "true"
    },
    "DistributedTask.AllowRunnerContainerHooks": {
      "value": "true"
    },
    "DistributedTask.DeprecateStepOutputCommands": {
      "value": "true"
    },
    "DistributedTask.DetailUntarFailure": {
      "value": "true"
    },
    "DistributedTask.EnableCompositeActions": {
      "value": "true"
    },
    "DistributedTask.EnableJobServerQueueTelemetry": {
      "value": "true"
    },
    "DistributedTask.EnhancedAnnotations": {
      "value": "true"
    },
    "DistributedTask.ForceGithubJavascriptActionsToNode16": {
      "value": "true"
    },
    "DistributedTask.ForceGithubJavascriptActionsToNode20": {
      "value": "true"
    },
    "DistributedTask.LogTemplateErrorsAsDebugMessages": {
      "value": "true"
    },
    "DistributedTask.MarkJobAsFailedOnWorkerCrash": {
      "value": "true"
    },
    "DistributedTask.NewActionMetadata": {
      "value": "true"
    },
    "DistributedTask.UploadStepSummary": {
      "value": "true"
    },
    "DistributedTask.UseActionArchiveCache": {
      "value": "true"
    },
    "DistributedTask.UseWhich2": {
      "value": "true"
    },
    "RunService.FixEmbeddedIssues": {
      "value": "true"
    },
    "TEST_PYPI_API_TOKEN": {
      "value": "***",
      "isSecret": true
    },
    "actions_skip_retry_complete_job_upon_known_errors": {
      "value": "false"
    },
    "actions_uses_cache_service_v2": {
      "value": "true"
    },
    "github_token": {
      "value": "***",
      "isSecret": true
    },
    "system.from_run_service": {
      "value": "true"
    },
    "system.github.job": {
      "value": "build"
    },
    "system.github.launch_endpoint": {
      "value": "https://launch.actions.githubusercontent.com"
    },
    "system.github.results_endpoint": {
      "value": "https://results-receiver.actions.githubusercontent.com/"
    },
    "system.github.results_upload_with_sdk": {
      "value": "true"
    },
    "system.github.token": {
      "value": "***",
      "isSecret": true
    },
    "system.github.token.permissions": {
      "value": "{\"Actions\":\"write\",\"Attestations\":\"write\",\"Checks\":\"write\",\"Contents\":\"write\",\"Deployments\":\"write\",\"Discussions\":\"write\",\"Issues\":\"write\",\"Metadata\":\"read\",\"Packages\":\"write\",\"Pages\":\"write\",\"PullRequests\":\"write\",\"RepositoryProjects\":\"write\",\"SecurityEvents\":\"write\",\"Statuses\":\"write\"}"
    },
    "system.orchestrationId": {
      "value": "f9831e23-b408-4648-9cf3-bae7a143ca3d.build._3_9"
    },
    "system.phaseDisplayName": {
      "value": "Build package (3.9)"
    },
    "system.runner.lowdiskspacethreshold": {
      "value": "100"
    },
    "system.runnerEnvironment": {
      "value": "self-hosted"
    }
  },
  "messageType": "RunnerJobRequest",
  "plan": {
    "scopeIdentifier": "00000000-0000-0000-0000-000000000000",
    "planType": "actions",
    "version": 0,
    "planId": "f9831e23-b408-4648-9cf3-bae7a143ca3d",
    "planGroup": null,
    "artifactUri": null,
    "artifactLocation": null,
    "definition": null,
    "owner": null
  },
  "timeline": {
    "id": "f9831e23-b408-4648-9cf3-bae7a143ca3d",
    "changeId": 0,
    "location": null
  },
  "jobId": "19c20039-bbb4-5086-b8b6-587107183384",
  "jobDisplayName": "Build package (3.9)",
  "jobName": "_3_9",
  "jobContainer": {
    "type": 2,
    "file": 1,
    "line": 22,
    "col": 7,
    "map": [
      {
        "key": {
          "type": 0,
          "file": 1,
          "line": 22,
          "col": 7,
          "lit": "image"
        },
        "value": {
          "type": 0,
          "file": 1,
          "line": 22,
          "col": 14,
          "lit": "ghcr.io/mrphys/tensorflow-manylinux:1.14.0"
        }
      }
    ]
  },
  "requestId": 0,
  "lockedUntil": "0001-01-01T00:00:00",
  "resources": {
    "endpoints": [
      {
        "data": {
          "ServerId": "",
          "ServerName": "",
          "CacheServerUrl": "https://acghubeus2.actions.githubusercontent.com/vt3bImj3043IXjYZVOBEgt9xtkc1LUzoh1ehrojRmktneQJqoL/",
          "FeedStreamUrl": "wss://results-receiver.actions.githubusercontent.com/_ws/ingest.sock",
          "ResultsServiceUrl": "https://results-receiver.actions.githubusercontent.com/",
          "PipelinesServiceUrl": "https://pipelinesghubeus25.actions.githubusercontent.com/vt3bImj3043IXjYZVOBEgt9xtkc1LUzoh1ehrojRmktneQJqoL/",
          "GenerateIdTokenUrl": ""
        },
        "name": "SystemVssConnection",
        "url": "https://run-actions-1-azure-eastus.actions.githubusercontent.com/16/",
        "authorization": {
          "parameters": {
            "AccessToken": "***"
          },
          "scheme": "OAuth"
        },
        "isShared": false,
        "isReady": true
      }
    ]
  },
  "contextData": {
    "github": {
      "t": 2,
      "d": [
        {
          "k": "ref",
          "v": "refs/heads/master"
        },
        {
          "k": "sha",
          "v": "5c27b3d425c145bf762976e86aa1597acb6c1438"
        },
        {
          "k": "repository",
          "v": "mrphys/tensorflow-mri"
        },
        {
          "k": "repository_owner",
          "v": "mrphys"
        },
        {
          "k": "repository_owner_id",
          "v": "53480519"
        },
        {
          "k": "repositoryUrl",
          "v": "git://github.com/mrphys/tensorflow-mri.git"
        },
        {
          "k": "run_id",
          "v": "13845500479"
        },
        {
          "k": "run_number",
          "v": "219"
        },
        {
          "k": "retention_days",
          "v": "90"
        },
        {
          "k": "run_attempt",
          "v": "3"
        },
        {
          "k": "artifact_cache_size_limit",
          "v": "10"
        },
        {
          "k": "repository_visibility",
          "v": "public"
        },
        {
          "k": "actor_id",
          "v": "53479871"
        },
        {
          "k": "actor",
          "v": "jennifersteeden"
        },
        {
          "k": "workflow",
          "v": "build"
        },
        {
          "k": "head_ref",
          "v": ""
        },
        {
          "k": "base_ref",
          "v": ""
        },
        {
          "k": "event_name",
          "v": "push"
        },
        {
          "k": "server_url",
          "v": "https://github.com"
        },
        {
          "k": "api_url",
          "v": "https://api.github.com"
        },
        {
          "k": "graphql_url",
          "v": "https://api.github.com/graphql"
        },
        {
          "k": "ref_name",
          "v": "master"
        },
        {
          "k": "ref_protected",
          "v": true
        },
        {
          "k": "ref_type",
          "v": "branch"
        },
        {
          "k": "secret_source",
          "v": "Actions"
        },
        {
          "k": "event",
          "v": {
            "t": 2,
            "d": [
              {
                "k": "after",
                "v": "5c27b3d425c145bf762976e86aa1597acb6c1438"
              },
              {
                "k": "base_ref",
                "v": null
              },
              {
                "k": "before",
                "v": "7afa6f5cce9d885aa123917ad970d91bc6a7bf16"
              },
              {
                "k": "commits",
                "v": {
                  "t": 1,
                  "a": [
                    {
                      "t": 2,
                      "d": [
                        {
                          "k": "author",
                          "v": {
                            "t": 2,
                            "d": [
                              {
                                "k": "email",
                                "v": "jennifer.steeden@ucl.ac.uk"
                              },
                              {
                                "k": "name",
                                "v": "jennifersteeden"
                              },
                              {
                                "k": "username",
                                "v": "jennifersteeden"
                              }
                            ]
                          }
                        },
                        {
                          "k": "committer",
                          "v": {
                            "t": 2,
                            "d": [
                              {
                                "k": "email",
                                "v": "jennifer.steeden@ucl.ac.uk"
                              },
                              {
                                "k": "name",
                                "v": "jennifersteeden"
                              },
                              {
                                "k": "username",
                                "v": "jennifersteeden"
                              }
                            ]
                          }
                        },
                        {
                          "k": "distinct",
                          "v": true
                        },
                        {
                          "k": "id",
                          "v": "5c27b3d425c145bf762976e86aa1597acb6c1438"
                        },
                        {
                          "k": "message",
                          "v": "removed lfs: true in yml"
                        },
                        {
                          "k": "timestamp",
                          "v": "2025-03-13T22:04:42Z"
                        },
                        {
                          "k": "tree_id",
                          "v": "ef3387a56fbc37b750253bc165fb0388933f147d"
                        },
                        {
                          "k": "url",
                          "v": "https://github.com/mrphys/tensorflow-mri/commit/5c27b3d425c145bf762976e86aa1597acb6c1438"
                        }
                      ]
                    }
                  ]
                }
              },
              {
                "k": "compare",
                "v": "https://github.com/mrphys/tensorflow-mri/compare/7afa6f5cce9d...5c27b3d425c1"
              },
              {
                "k": "created",
                "v": false
              },
              {
                "k": "deleted",
                "v": false
              },
              {
                "k": "forced",
                "v": false
              },
              {
                "k": "head_commit",
                "v": {
                  "t": 2,
                  "d": [
                    {
                      "k": "author",
                      "v": {
                        "t": 2,
                        "d": [
                          {
                            "k": "email",
                            "v": "jennifer.steeden@ucl.ac.uk"
                          },
                          {
                            "k": "name",
                            "v": "jennifersteeden"
                          },
                          {
                            "k": "username",
                            "v": "jennifersteeden"
                          }
                        ]
                      }
                    },
                    {
                      "k": "committer",
                      "v": {
                        "t": 2,
                        "d": [
                          {
                            "k": "email",
                            "v": "jennifer.steeden@ucl.ac.uk"
                          },
                          {
                            "k": "name",
                            "v": "jennifersteeden"
                          },
                          {
                            "k": "username",
                            "v": "jennifersteeden"
                          }
                        ]
                      }
                    },
                    {
                      "k": "distinct",
                      "v": true
                    },
                    {
                      "k": "id",
                      "v": "5c27b3d425c145bf762976e86aa1597acb6c1438"
                    },
                    {
                      "k": "message",
                      "v": "removed lfs: true in yml"
                    },
                    {
                      "k": "timestamp",
                      "v": "2025-03-13T22:04:42Z"
                    },
                    {
                      "k": "tree_id",
                      "v": "ef3387a56fbc37b750253bc165fb0388933f147d"
                    },
                    {
                      "k": "url",
                      "v": "https://github.com/mrphys/tensorflow-mri/commit/5c27b3d425c145bf762976e86aa1597acb6c1438"
                    }
                  ]
                }
              },
              {
                "k": "organization",
                "v": {
                  "t": 2,
                  "d": [
                    {
                      "k": "avatar_url",
                      "v": "https://avatars.githubusercontent.com/u/53480519?v=4"
                    },
                    {
                      "k": "description",
                      "v": ""
                    },
                    {
                      "k": "events_url",
                      "v": "https://api.github.com/orgs/mrphys/events"
                    },
                    {
                      "k": "hooks_url",
                      "v": "https://api.github.com/orgs/mrphys/hooks"
                    },
                    {
                      "k": "id",
                      "v": 53480519.0
                    },
                    {
                      "k": "issues_url",
                      "v": "https://api.github.com/orgs/mrphys/issues"
                    },
                    {
                      "k": "login",
                      "v": "mrphys"
                    },
                    {
                      "k": "members_url",
                      "v": "https://api.github.com/orgs/mrphys/members{/member}"
                    },
                    {
                      "k": "node_id",
                      "v": "MDEyOk9yZ2FuaXphdGlvbjUzNDgwNTE5"
                    },
                    {
                      "k": "public_members_url",
                      "v": "https://api.github.com/orgs/mrphys/public_members{/member}"
                    },
                    {
                      "k": "repos_url",
                      "v": "https://api.github.com/orgs/mrphys/repos"
                    },
                    {
                      "k": "url",
                      "v": "https://api.github.com/orgs/mrphys"
                    }
                  ]
                }
              },
              {
                "k": "pusher",
                "v": {
                  "t": 2,
                  "d": [
                    {
                      "k": "email",
                      "v": "53479871+jennifersteeden@users.noreply.github.com"
                    },
                    {
                      "k": "name",
                      "v": "jennifersteeden"
                    }
                  ]
                }
              },
              {
                "k": "ref",
                "v": "refs/heads/master"
              },
              {
                "k": "repository",
                "v": {
                  "t": 2,
                  "d": [
                    {
                      "k": "allow_forking",
                      "v": true
                    },
                    {
                      "k": "archive_url",
                      "v": "https://api.github.com/repos/mrphys/tensorflow-mri/{archive_format}{/ref}"
                    },
                    {
                      "k": "archived",
                      "v": false
                    },
                    {
                      "k": "assignees_url",
                      "v": "https://api.github.com/repos/mrphys/tensorflow-mri/assignees{/user}"
                    },
                    {
                      "k": "blobs_url",
                      "v": "https://api.github.com/repos/mrphys/tensorflow-mri/git/blobs{/sha}"
                    },
                    {
                      "k": "branches_url",
                      "v": "https://api.github.com/repos/mrphys/tensorflow-mri/branches{/branch}"
                    },
                    {
                      "k": "clone_url",
                      "v": "https://github.com/mrphys/tensorflow-mri.git"
                    },
                    {
                      "k": "collaborators_url",
                      "v": "https://api.github.com/repos/mrphys/tensorflow-mri/collaborators{/collaborator}"
                    },
                    {
                      "k": "comments_url",
                      "v": "https://api.github.com/repos/mrphys/tensorflow-mri/comments{/number}"
                    },
                    {
                      "k": "commits_url",
                      "v": "https://api.github.com/repos/mrphys/tensorflow-mri/commits{/sha}"
                    },
                    {
                      "k": "compare_url",
                      "v": "https://api.github.com/repos/mrphys/tensorflow-mri/compare/{base}...{head}"
                    },
                    {
                      "k": "contents_url",
                      "v": "https://api.github.com/repos/mrphys/tensorflow-mri/contents/{+path}"
                    },
                    {
                      "k": "contributors_url",
                      "v": "https://api.github.com/repos/mrphys/tensorflow-mri/contributors"
                    },
                    {
                      "k": "created_at",
                      "v": 1626866930.0
                    },
                    {
                      "k": "custom_properties",
                      "v": {
                        "t": 2
                      }
                    },
                    {
                      "k": "default_branch",
                      "v": "master"
                    },
                    {
                      "k": "deployments_url",
                      "v": "https://api.github.com/repos/mrphys/tensorflow-mri/deployments"
                    },
                    {
                      "k": "description",
                      "v": "A Library of TensorFlow Operators for Computational MRI"
                    },
                    {
                      "k": "disabled",
                      "v": false
                    },
                    {
                      "k": "downloads_url",
                      "v": "https://api.github.com/repos/mrphys/tensorflow-mri/downloads"
                    },
                    {
                      "k": "events_url",
                      "v": "https://api.github.com/repos/mrphys/tensorflow-mri/events"
                    },
                    {
                      "k": "fork",
                      "v": false
                    },
                    {
                      "k": "forks",
                      "v": 3.0
                    },
                    {
                      "k": "forks_count",
                      "v": 3.0
                    },
                    {
                      "k": "forks_url",
                      "v": "https://api.github.com/repos/mrphys/tensorflow-mri/forks"
                    },
                    {
                      "k": "full_name",
                      "v": "mrphys/tensorflow-mri"
                    },
                    {
                      "k": "git_commits_url",
                      "v": "https://api.github.com/repos/mrphys/tensorflow-mri/git/commits{/sha}"
                    },
                    {
                      "k": "git_refs_url",
                      "v": "https://api.github.com/repos/mrphys/tensorflow-mri/git/refs{/sha}"
                    },
                    {
                      "k": "git_tags_url",
                      "v": "https://api.github.com/repos/mrphys/tensorflow-mri/git/tags{/sha}"
                    },
                    {
                      "k": "git_url",
                      "v": "git://github.com/mrphys/tensorflow-mri.git"
                    },
                    {
                      "k": "has_discussions",
                      "v": false
                    },
                    {
                      "k": "has_downloads",
                      "v": true
                    },
                    {
                      "k": "has_issues",
                      "v": true
                    },
                    {
                      "k": "has_pages",
                      "v": true
                    },
                    {
                      "k": "has_projects",
                      "v": true
                    },
                    {
                      "k": "has_wiki",
                      "v": true
                    },
                    {
                      "k": "homepage",
                      "v": "https://mrphys.github.io/tensorflow-mri/"
                    },
                    {
                      "k": "hooks_url",
                      "v": "https://api.github.com/repos/mrphys/tensorflow-mri/hooks"
                    },
                    {
                      "k": "html_url",
                      "v": "https://github.com/mrphys/tensorflow-mri"
                    },
                    {
                      "k": "id",
                      "v": 388094708.0
                    },
                    {
                      "k": "is_template",
                      "v": false
                    },
                    {
                      "k": "issue_comment_url",
                      "v": "https://api.github.com/repos/mrphys/tensorflow-mri/issues/comments{/number}"
                    },
                    {
                      "k": "issue_events_url",
                      "v": "https://api.github.com/repos/mrphys/tensorflow-mri/issues/events{/number}"
                    },
                    {
                      "k": "issues_url",
                      "v": "https://api.github.com/repos/mrphys/tensorflow-mri/issues{/number}"
                    },
                    {
                      "k": "keys_url",
                      "v": "https://api.github.com/repos/mrphys/tensorflow-mri/keys{/key_id}"
                    },
                    {
                      "k": "labels_url",
                      "v": "https://api.github.com/repos/mrphys/tensorflow-mri/labels{/name}"
                    },
                    {
                      "k": "language",
                      "v": "Jupyter Notebook"
                    },
                    {
                      "k": "languages_url",
                      "v": "https://api.github.com/repos/mrphys/tensorflow-mri/languages"
                    },
                    {
                      "k": "license",
                      "v": {
                        "t": 2,
                        "d": [
                          {
                            "k": "key",
                            "v": "apache-2.0"
                          },
                          {
                            "k": "name",
                            "v": "Apache License 2.0"
                          },
                          {
                            "k": "node_id",
                            "v": "MDc6TGljZW5zZTI="
                          },
                          {
                            "k": "spdx_id",
                            "v": "Apache-2.0"
                          },
                          {
                            "k": "url",
                            "v": "https://api.github.com/licenses/apache-2.0"
                          }
                        ]
                      }
                    },
                    {
                      "k": "master_branch",
                      "v": "master"
                    },
                    {
                      "k": "merges_url",
                      "v": "https://api.github.com/repos/mrphys/tensorflow-mri/merges"
                    },
                    {
                      "k": "milestones_url",
                      "v": "https://api.github.com/repos/mrphys/tensorflow-mri/milestones{/number}"
                    },
                    {
                      "k": "mirror_url",
                      "v": null
                    },
                    {
                      "k": "name",
                      "v": "tensorflow-mri"
                    },
                    {
                      "k": "node_id",
                      "v": "MDEwOlJlcG9zaXRvcnkzODgwOTQ3MDg="
                    },
                    {
                      "k": "notifications_url",
                      "v": "https://api.github.com/repos/mrphys/tensorflow-mri/notifications{?since,all,participating}"
                    },
                    {
                      "k": "open_issues",
                      "v": 8.0
                    },
                    {
                      "k": "open_issues_count",
                      "v": 8.0
                    },
                    {
                      "k": "organization",
                      "v": "mrphys"
                    },
                    {
                      "k": "owner",
                      "v": {
                        "t": 2,
                        "d": [
                          {
                            "k": "avatar_url",
                            "v": "https://avatars.githubusercontent.com/u/53480519?v=4"
                          },
                          {
                            "k": "email",
                            "v": null
                          },
                          {
                            "k": "events_url",
                            "v": "https://api.github.com/users/mrphys/events{/privacy}"
                          },
                          {
                            "k": "followers_url",
                            "v": "https://api.github.com/users/mrphys/followers"
                          },
                          {
                            "k": "following_url",
                            "v": "https://api.github.com/users/mrphys/following{/other_user}"
                          },
                          {
                            "k": "gists_url",
                            "v": "https://api.github.com/users/mrphys/gists{/gist_id}"
                          },
                          {
                            "k": "gravatar_id",
                            "v": ""
                          },
                          {
                            "k": "html_url",
                            "v": "https://github.com/mrphys"
                          },
                          {
                            "k": "id",
                            "v": 53480519.0
                          },
                          {
                            "k": "login",
                            "v": "mrphys"
                          },
                          {
                            "k": "name",
                            "v": "mrphys"
                          },
                          {
                            "k": "node_id",
                            "v": "MDEyOk9yZ2FuaXphdGlvbjUzNDgwNTE5"
                          },
                          {
                            "k": "organizations_url",
                            "v": "https://api.github.com/users/mrphys/orgs"
                          },
                          {
                            "k": "received_events_url",
                            "v": "https://api.github.com/users/mrphys/received_events"
                          },
                          {
                            "k": "repos_url",
                            "v": "https://api.github.com/users/mrphys/repos"
                          },
                          {
                            "k": "site_admin",
                            "v": false
                          },
                          {
                            "k": "starred_url",
                            "v": "https://api.github.com/users/mrphys/starred{/owner}{/repo}"
                          },
                          {
                            "k": "subscriptions_url",
                            "v": "https://api.github.com/users/mrphys/subscriptions"
                          },
                          {
                            "k": "type",
                            "v": "Organization"
                          },
                          {
                            "k": "url",
                            "v": "https://api.github.com/users/mrphys"
                          },
                          {
                            "k": "user_view_type",
                            "v": "public"
                          }
                        ]
                      }
                    },
                    {
                      "k": "private",
                      "v": false
                    },
                    {
                      "k": "pulls_url",
                      "v": "https://api.github.com/repos/mrphys/tensorflow-mri/pulls{/number}"
                    },
                    {
                      "k": "pushed_at",
                      "v": 1741903485.0
                    },
                    {
                      "k": "releases_url",
                      "v": "https://api.github.com/repos/mrphys/tensorflow-mri/releases{/id}"
                    },
                    {
                      "k": "size",
                      "v": 197333.0
                    },
                    {
                      "k": "ssh_url",
                      "v": "git@github.com:mrphys/tensorflow-mri.git"
                    },
                    {
                      "k": "stargazers",
                      "v": 40.0
                    },
                    {
                      "k": "stargazers_count",
                      "v": 40.0
                    },
                    {
                      "k": "stargazers_url",
                      "v": "https://api.github.com/repos/mrphys/tensorflow-mri/stargazers"
                    },
                    {
                      "k": "statuses_url",
                      "v": "https://api.github.com/repos/mrphys/tensorflow-mri/statuses/{sha}"
                    },
                    {
                      "k": "subscribers_url",
                      "v": "https://api.github.com/repos/mrphys/tensorflow-mri/subscribers"
                    },
                    {
                      "k": "subscription_url",
                      "v": "https://api.github.com/repos/mrphys/tensorflow-mri/subscription"
                    },
                    {
                      "k": "svn_url",
                      "v": "https://github.com/mrphys/tensorflow-mri"
                    },
                    {
                      "k": "tags_url",
                      "v": "https://api.github.com/repos/mrphys/tensorflow-mri/tags"
                    },
                    {
                      "k": "teams_url",
                      "v": "https://api.github.com/repos/mrphys/tensorflow-mri/teams"
                    },
                    {
                      "k": "topics",
                      "v": {
                        "t": 1,
                        "a": [
                          "machine-learning",
                          "magnetic-resonance-imaging",
                          "ml",
                          "mri",
                          "python",
                          "tensorflow"
                        ]
                      }
                    },
                    {
                      "k": "trees_url",
                      "v": "https://api.github.com/repos/mrphys/tensorflow-mri/git/trees{/sha}"
                    },
                    {
                      "k": "updated_at",
                      "v": "2025-03-13T21:52:44Z"
                    },
                    {
                      "k": "url",
                      "v": "https://github.com/mrphys/tensorflow-mri"
                    },
                    {
                      "k": "visibility",
                      "v": "public"
                    },
                    {
                      "k": "watchers",
                      "v": 40.0
                    },
                    {
                      "k": "watchers_count",
                      "v": 40.0
                    },
                    {
                      "k": "web_commit_signoff_required",
                      "v": false
                    }
                  ]
                }
              },
              {
                "k": "sender",
                "v": {
                  "t": 2,
                  "d": [
                    {
                      "k": "avatar_url",
                      "v": "https://avatars.githubusercontent.com/u/53479871?v=4"
                    },
                    {
                      "k": "events_url",
                      "v": "https://api.github.com/users/jennifersteeden/events{/privacy}"
                    },
                    {
                      "k": "followers_url",
                      "v": "https://api.github.com/users/jennifersteeden/followers"
                    },
                    {
                      "k": "following_url",
                      "v": "https://api.github.com/users/jennifersteeden/following{/other_user}"
                    },
                    {
                      "k": "gists_url",
                      "v": "https://api.github.com/users/jennifersteeden/gists{/gist_id}"
                    },
                    {
                      "k": "gravatar_id",
                      "v": ""
                    },
                    {
                      "k": "html_url",
                      "v": "https://github.com/jennifersteeden"
                    },
                    {
                      "k": "id",
                      "v": 53479871.0
                    },
                    {
                      "k": "login",
                      "v": "jennifersteeden"
                    },
                    {
                      "k": "node_id",
                      "v": "MDQ6VXNlcjUzNDc5ODcx"
                    },
                    {
                      "k": "organizations_url",
                      "v": "https://api.github.com/users/jennifersteeden/orgs"
                    },
                    {
                      "k": "received_events_url",
                      "v": "https://api.github.com/users/jennifersteeden/received_events"
                    },
                    {
                      "k": "repos_url",
                      "v": "https://api.github.com/users/jennifersteeden/repos"
                    },
                    {
                      "k": "site_admin",
                      "v": false
                    },
                    {
                      "k": "starred_url",
                      "v": "https://api.github.com/users/jennifersteeden/starred{/owner}{/repo}"
                    },
                    {
                      "k": "subscriptions_url",
                      "v": "https://api.github.com/users/jennifersteeden/subscriptions"
                    },
                    {
                      "k": "type",
                      "v": "User"
                    },
                    {
                      "k": "url",
                      "v": "https://api.github.com/users/jennifersteeden"
                    },
                    {
                      "k": "user_view_type",
                      "v": "public"
                    }
                  ]
                }
              }
            ]
          }
        },
        {
          "k": "workflow_ref",
          "v": "mrphys/tensorflow-mri/.github/workflows/build-package.yml@refs/heads/master"
        },
        {
          "k": "workflow_sha",
          "v": "5c27b3d425c145bf762976e86aa1597acb6c1438"
        },
        {
          "k": "repository_id",
          "v": "388094708"
        },
        {
          "k": "triggering_actor",
          "v": "jennifersteeden"
        }
      ]
    },
    "inputs": {
      "t": 2
    },
    "matrix": {
      "t": 2,
      "d": [
        {
          "k": "py_version",
          "v": "3.9"
        }
      ]
    },
    "needs": {
      "t": 2
    },
    "strategy": {
      "t": 2,
      "d": [
        {
          "k": "fail-fast",
          "v": true
        },
        {
          "k": "job-index",
          "v": 1.0
        },
        {
          "k": "job-total",
          "v": 3.0
        },
        {
          "k": "max-parallel",
          "v": 3.0
        }
      ]
    },
    "vars": {
      "t": 2
    }
  }
}
[2025-03-18 11:36:30Z INFO JobRunner] Job ID 19c20039-bbb4-5086-b8b6-587107183384
[2025-03-18 11:36:30Z INFO ConfigurationStore] currentAssemblyLocation: /home/jenny/tensorflow-mri/actions-runner/bin/Runner.Worker.dll
[2025-03-18 11:36:30Z INFO HostContext] Well known directory 'Bin': '/home/jenny/tensorflow-mri/actions-runner/bin'
[2025-03-18 11:36:30Z INFO ConfigurationStore] binPath: /home/jenny/tensorflow-mri/actions-runner/bin
[2025-03-18 11:36:30Z INFO HostContext] Well known directory 'Bin': '/home/jenny/tensorflow-mri/actions-runner/bin'
[2025-03-18 11:36:30Z INFO HostContext] Well known directory 'Root': '/home/jenny/tensorflow-mri/actions-runner'
[2025-03-18 11:36:30Z INFO ConfigurationStore] RootFolder: /home/jenny/tensorflow-mri/actions-runner
[2025-03-18 11:36:30Z INFO HostContext] Well known directory 'Bin': '/home/jenny/tensorflow-mri/actions-runner/bin'
[2025-03-18 11:36:30Z INFO HostContext] Well known directory 'Root': '/home/jenny/tensorflow-mri/actions-runner'
[2025-03-18 11:36:30Z INFO HostContext] Well known config file 'Runner': '/home/jenny/tensorflow-mri/actions-runner/.runner'
[2025-03-18 11:36:30Z INFO ConfigurationStore] ConfigFilePath: /home/jenny/tensorflow-mri/actions-runner/.runner
[2025-03-18 11:36:30Z INFO HostContext] Well known directory 'Bin': '/home/jenny/tensorflow-mri/actions-runner/bin'
[2025-03-18 11:36:30Z INFO HostContext] Well known directory 'Root': '/home/jenny/tensorflow-mri/actions-runner'
[2025-03-18 11:36:30Z INFO HostContext] Well known config file 'Credentials': '/home/jenny/tensorflow-mri/actions-runner/.credentials'
[2025-03-18 11:36:30Z INFO ConfigurationStore] CredFilePath: /home/jenny/tensorflow-mri/actions-runner/.credentials
[2025-03-18 11:36:30Z INFO HostContext] Well known directory 'Bin': '/home/jenny/tensorflow-mri/actions-runner/bin'
[2025-03-18 11:36:30Z INFO HostContext] Well known directory 'Root': '/home/jenny/tensorflow-mri/actions-runner'
[2025-03-18 11:36:30Z INFO HostContext] Well known config file 'MigratedCredentials': '/home/jenny/tensorflow-mri/actions-runner/.credentials_migrated'
[2025-03-18 11:36:30Z INFO ConfigurationStore] MigratedCredFilePath: /home/jenny/tensorflow-mri/actions-runner/.credentials_migrated
[2025-03-18 11:36:30Z INFO HostContext] Well known directory 'Bin': '/home/jenny/tensorflow-mri/actions-runner/bin'
[2025-03-18 11:36:30Z INFO HostContext] Well known directory 'Root': '/home/jenny/tensorflow-mri/actions-runner'
[2025-03-18 11:36:30Z INFO HostContext] Well known config file 'Service': '/home/jenny/tensorflow-mri/actions-runner/.service'
[2025-03-18 11:36:30Z INFO ConfigurationStore] ServiceConfigFilePath: /home/jenny/tensorflow-mri/actions-runner/.service
[2025-03-18 11:36:30Z INFO ConfigurationStore] Read setting file: 294 chars
[2025-03-18 11:36:30Z INFO JobRunner] Initializing launch client
[2025-03-18 11:36:30Z INFO JobServerQueue] Initializing results client
[2025-03-18 11:36:30Z INFO ResultServer] Creating websocket client ...wss://results-receiver.actions.githubusercontent.com/_ws/ingest.sock
[2025-03-18 11:36:30Z INFO ResultServer] Attempting to start websocket client with delay 00:00:00.
[2025-03-18 11:36:30Z INFO JobServerQueue] Start process web console line queue.
[2025-03-18 11:36:30Z INFO JobServerQueue] Start process file upload queue.
[2025-03-18 11:36:30Z INFO JobServerQueue] Start results file upload queue.
[2025-03-18 11:36:30Z INFO JobServerQueue] Starting results-based upload queue...
[2025-03-18 11:36:30Z INFO JobServerQueue] Start process timeline update queue.
[2025-03-18 11:36:30Z INFO ExecutionContext] Initialize GitHub context
[2025-03-18 11:36:30Z INFO ExecutionContext] Initialize Env context
[2025-03-18 11:36:30Z INFO HostContext] Well known directory 'Bin': '/home/jenny/tensorflow-mri/actions-runner/bin'
[2025-03-18 11:36:30Z INFO HostContext] Well known directory 'Root': '/home/jenny/tensorflow-mri/actions-runner'
[2025-03-18 11:36:30Z INFO HostContext] Well known directory 'Diag': '/home/jenny/tensorflow-mri/actions-runner/_diag'
[2025-03-18 11:36:30Z INFO HostContext] Well known directory 'Bin': '/home/jenny/tensorflow-mri/actions-runner/bin'
[2025-03-18 11:36:30Z INFO HostContext] Well known directory 'Root': '/home/jenny/tensorflow-mri/actions-runner'
[2025-03-18 11:36:30Z INFO HostContext] Well known directory 'Diag': '/home/jenny/tensorflow-mri/actions-runner/_diag'
[2025-03-18 11:36:30Z INFO JobRunner] Starting the job execution context.
[2025-03-18 11:36:30Z INFO HostContext] Well known directory 'Bin': '/home/jenny/tensorflow-mri/actions-runner/bin'
[2025-03-18 11:36:30Z INFO HostContext] Well known directory 'Root': '/home/jenny/tensorflow-mri/actions-runner'
[2025-03-18 11:36:30Z INFO HostContext] Well known directory 'Work': '/home/jenny/tensorflow-mri/actions-runner/_work'
[2025-03-18 11:36:30Z INFO JobRunner] Validating directory permissions for: '/home/jenny/tensorflow-mri/actions-runner/_work'
[2025-03-18 11:36:30Z INFO HostContext] Well known directory 'Bin': '/home/jenny/tensorflow-mri/actions-runner/bin'
[2025-03-18 11:36:30Z INFO HostContext] Well known directory 'Root': '/home/jenny/tensorflow-mri/actions-runner'
[2025-03-18 11:36:30Z INFO HostContext] Well known directory 'Work': '/home/jenny/tensorflow-mri/actions-runner/_work'
[2025-03-18 11:36:30Z INFO HostContext] Well known directory 'Tools': '/home/jenny/tensorflow-mri/actions-runner/_work/_tool'
[2025-03-18 11:36:30Z INFO HostContext] Well known directory 'Bin': '/home/jenny/tensorflow-mri/actions-runner/bin'
[2025-03-18 11:36:30Z INFO HostContext] Well known directory 'Root': '/home/jenny/tensorflow-mri/actions-runner'
[2025-03-18 11:36:30Z INFO HostContext] Well known directory 'Work': '/home/jenny/tensorflow-mri/actions-runner/_work'
[2025-03-18 11:36:30Z INFO HostContext] Well known directory 'Temp': '/home/jenny/tensorflow-mri/actions-runner/_work/_temp'
[2025-03-18 11:36:30Z ERR  TempDirectoryManager] System.IO.IOException: Access to the path '/home/jenny/tensorflow-mri/actions-runner/_work/_temp/_github_home/.config/matplotlib' is denied.
   at System.IO.FileSystem.RemoveEmptyDirectory(String fullPath, Boolean topLevel, Boolean throwWhenNotEmpty)
   at System.IO.DirectoryInfo.Delete()
   at GitHub.Runner.Sdk.IOUtil.DeleteDirectory(String path, Boolean contentsOnly, Boolean continueOnContentDeleteError, CancellationToken cancellationToken)
   at GitHub.Runner.Worker.TempDirectoryManager.InitializeTempDirectory(IExecutionContext jobContext)
[2025-03-18 11:36:30Z INFO JobRunner] Getting job extension.
[2025-03-18 11:36:30Z INFO JobRunner] Initialize job. Getting all job steps.
[2025-03-18 11:36:30Z INFO HostContext] Well known directory 'Bin': '/home/jenny/tensorflow-mri/actions-runner/bin'
[2025-03-18 11:36:30Z INFO HostContext] Well known directory 'Root': '/home/jenny/tensorflow-mri/actions-runner'
[2025-03-18 11:36:30Z INFO HostContext] Well known directory 'Diag': '/home/jenny/tensorflow-mri/actions-runner/_diag'
[2025-03-18 11:36:30Z INFO HostContext] Well known directory 'Bin': '/home/jenny/tensorflow-mri/actions-runner/bin'
[2025-03-18 11:36:30Z INFO HostContext] Well known directory 'Root': '/home/jenny/tensorflow-mri/actions-runner'
[2025-03-18 11:36:30Z INFO HostContext] Well known directory 'Diag': '/home/jenny/tensorflow-mri/actions-runner/_diag'
[2025-03-18 11:36:30Z INFO HostContext] Well known directory 'Bin': '/home/jenny/tensorflow-mri/actions-runner/bin'
[2025-03-18 11:36:30Z INFO HostContext] Well known directory 'Root': '/home/jenny/tensorflow-mri/actions-runner'
[2025-03-18 11:36:30Z INFO HostContext] Well known config file 'Credentials': '/home/jenny/tensorflow-mri/actions-runner/.credentials'
[2025-03-18 11:36:30Z INFO HostContext] Well known directory 'Bin': '/home/jenny/tensorflow-mri/actions-runner/bin'
[2025-03-18 11:36:30Z INFO HostContext] Well known directory 'Root': '/home/jenny/tensorflow-mri/actions-runner'
[2025-03-18 11:36:30Z INFO HostContext] Well known config file 'SetupInfo': '/home/jenny/tensorflow-mri/actions-runner/.setup_info'
[2025-03-18 11:36:30Z INFO HostContext] Well known directory 'Bin': '/home/jenny/tensorflow-mri/actions-runner/bin'
[2025-03-18 11:36:30Z INFO HostContext] Well known directory 'Root': '/home/jenny/tensorflow-mri/actions-runner'
[2025-03-18 11:36:30Z INFO HostContext] Well known directory 'Work': '/home/jenny/tensorflow-mri/actions-runner/_work'
[2025-03-18 11:36:30Z INFO PipelineDirectoryManager] Loading tracking config if exists: /home/jenny/tensorflow-mri/actions-runner/_work/_PipelineMapping/mrphys/tensorflow-mri/PipelineFolder.json
[2025-03-18 11:36:30Z INFO PipelineDirectoryManager] Updating job run properties.
[2025-03-18 11:36:30Z INFO HostContext] Well known directory 'Bin': '/home/jenny/tensorflow-mri/actions-runner/bin'
[2025-03-18 11:36:30Z INFO HostContext] Well known directory 'Root': '/home/jenny/tensorflow-mri/actions-runner'
[2025-03-18 11:36:30Z INFO HostContext] Well known directory 'Work': '/home/jenny/tensorflow-mri/actions-runner/_work'
[2025-03-18 11:36:30Z INFO HostContext] Well known directory 'Bin': '/home/jenny/tensorflow-mri/actions-runner/bin'
[2025-03-18 11:36:30Z INFO HostContext] Well known directory 'Root': '/home/jenny/tensorflow-mri/actions-runner'
[2025-03-18 11:36:30Z INFO HostContext] Well known directory 'Work': '/home/jenny/tensorflow-mri/actions-runner/_work'
[2025-03-18 11:36:30Z INFO HostContext] Well known directory 'Bin': '/home/jenny/tensorflow-mri/actions-runner/bin'
[2025-03-18 11:36:30Z INFO HostContext] Well known directory 'Root': '/home/jenny/tensorflow-mri/actions-runner'
[2025-03-18 11:36:30Z INFO HostContext] Well known directory 'Work': '/home/jenny/tensorflow-mri/actions-runner/_work'
[2025-03-18 11:36:30Z INFO HostContext] Well known directory 'Bin': '/home/jenny/tensorflow-mri/actions-runner/bin'
[2025-03-18 11:36:30Z INFO HostContext] Well known directory 'Root': '/home/jenny/tensorflow-mri/actions-runner'
[2025-03-18 11:36:30Z INFO HostContext] Well known directory 'Work': '/home/jenny/tensorflow-mri/actions-runner/_work'
[2025-03-18 11:36:30Z INFO HostContext] Well known directory 'Bin': '/home/jenny/tensorflow-mri/actions-runner/bin'
[2025-03-18 11:36:30Z INFO HostContext] Well known directory 'Root': '/home/jenny/tensorflow-mri/actions-runner'
[2025-03-18 11:36:30Z INFO HostContext] Well known directory 'Work': '/home/jenny/tensorflow-mri/actions-runner/_work'
[2025-03-18 11:36:30Z INFO HostContext] Well known directory 'Tools': '/home/jenny/tensorflow-mri/actions-runner/_work/_tool'
[2025-03-18 11:36:30Z INFO HostContext] Well known directory 'Bin': '/home/jenny/tensorflow-mri/actions-runner/bin'
[2025-03-18 11:36:30Z INFO HostContext] Well known directory 'Root': '/home/jenny/tensorflow-mri/actions-runner'
[2025-03-18 11:36:30Z INFO HostContext] Well known directory 'Externals': '/home/jenny/tensorflow-mri/actions-runner/externals'
[2025-03-18 11:36:30Z INFO JobExtension] Downloading actions
[2025-03-18 11:36:30Z INFO HostContext] Well known directory 'Bin': '/home/jenny/tensorflow-mri/actions-runner/bin'
[2025-03-18 11:36:30Z INFO HostContext] Well known directory 'Root': '/home/jenny/tensorflow-mri/actions-runner'
[2025-03-18 11:36:30Z INFO HostContext] Well known directory 'Work': '/home/jenny/tensorflow-mri/actions-runner/_work'
[2025-03-18 11:36:30Z INFO HostContext] Well known directory 'Actions': '/home/jenny/tensorflow-mri/actions-runner/_work/_actions'
[2025-03-18 11:36:30Z INFO Worker] Listening for cancel message from the channel.
[2025-03-18 11:36:30Z INFO Worker] Waiting for the job to complete or for a cancel message from the channel.
[2025-03-18 11:36:30Z INFO ResultServer] Successfully started websocket client.
[2025-03-18 11:36:30Z INFO JobServerQueue] Try to append 1 batches web console lines for record '86a91083-ec42-427c-b5a9-fba6fa37b16d', success rate: 1/1.
[2025-03-18 11:36:30Z INFO HostContext] Well known directory 'Bin': '/home/jenny/tensorflow-mri/actions-runner/bin'
[2025-03-18 11:36:30Z INFO HostContext] Well known directory 'Root': '/home/jenny/tensorflow-mri/actions-runner'
[2025-03-18 11:36:30Z INFO HostContext] Well known directory 'Work': '/home/jenny/tensorflow-mri/actions-runner/_work'
[2025-03-18 11:36:30Z INFO HostContext] Well known directory 'Actions': '/home/jenny/tensorflow-mri/actions-runner/_work/_actions'
[2025-03-18 11:36:30Z INFO HostContext] Well known directory 'Bin': '/home/jenny/tensorflow-mri/actions-runner/bin'
[2025-03-18 11:36:30Z INFO HostContext] Well known directory 'Root': '/home/jenny/tensorflow-mri/actions-runner'
[2025-03-18 11:36:30Z INFO HostContext] Well known directory 'Work': '/home/jenny/tensorflow-mri/actions-runner/_work'
[2025-03-18 11:36:30Z INFO HostContext] Well known directory 'Actions': '/home/jenny/tensorflow-mri/actions-runner/_work/_actions'
[2025-03-18 11:36:30Z INFO ActionManager] Save archive 'https://api.github.com/repos/actions/checkout/tarball/11bd71901bbe5b1630ceea73d27597364c9af683' into /home/jenny/tensorflow-mri/actions-runner/_work/_actions/_temp_f6e7c4e0-bdd2-44da-a464-9e9d9896d4f6/f94c4a49-101f-480a-8a40-a437bb748474.tar.gz.
[2025-03-18 11:36:30Z INFO JobServerQueue] Try to append 1 batches web console lines for record '86a91083-ec42-427c-b5a9-fba6fa37b16d', success rate: 1/1.
[2025-03-18 11:36:30Z INFO JobServerQueue] Job timeline record has been updated for the first time.
[2025-03-18 11:36:30Z INFO ActionManager] Request URL: https://api.github.com/repos/actions/checkout/tarball/11bd71901bbe5b1630ceea73d27597364c9af683 X-GitHub-Request-Id: CDCE:B70BB:477A:D1E3:67D95ABE Http Status: OK
[2025-03-18 11:36:30Z INFO ActionManager] Which2: 'tar'
[2025-03-18 11:36:30Z INFO ActionManager] Location: '/usr/bin/tar'
[2025-03-18 11:36:30Z INFO ProcessInvokerWrapper] Starting process:
[2025-03-18 11:36:30Z INFO ProcessInvokerWrapper]   File name: '/usr/bin/tar'
[2025-03-18 11:36:30Z INFO ProcessInvokerWrapper]   Arguments: '-xzf "/home/jenny/tensorflow-mri/actions-runner/_work/_actions/_temp_f6e7c4e0-bdd2-44da-a464-9e9d9896d4f6/f94c4a49-101f-480a-8a40-a437bb748474.tar.gz"'
[2025-03-18 11:36:30Z INFO ProcessInvokerWrapper]   Working directory: '/home/jenny/tensorflow-mri/actions-runner/_work/_actions/_temp_f6e7c4e0-bdd2-44da-a464-9e9d9896d4f6/_staging'
[2025-03-18 11:36:30Z INFO ProcessInvokerWrapper]   Require exit code zero: 'False'
[2025-03-18 11:36:30Z INFO ProcessInvokerWrapper]   Encoding web name:  ; code page: ''
[2025-03-18 11:36:30Z INFO ProcessInvokerWrapper]   Force kill process on cancellation: 'False'
[2025-03-18 11:36:30Z INFO ProcessInvokerWrapper]   Redirected STDIN: 'False'
[2025-03-18 11:36:30Z INFO ProcessInvokerWrapper]   Persist current code page: 'False'
[2025-03-18 11:36:30Z INFO ProcessInvokerWrapper]   Keep redirected STDIN open: 'False'
[2025-03-18 11:36:30Z INFO ProcessInvokerWrapper]   High priority process: 'False'
[2025-03-18 11:36:30Z INFO ProcessInvokerWrapper] Updated oom_score_adj to 500 for PID: 950996.
[2025-03-18 11:36:30Z INFO ProcessInvokerWrapper] Process started with process id 950996, waiting for process exit.
[2025-03-18 11:36:30Z INFO ProcessInvokerWrapper] STDOUT/STDERR stream read finished.
[2025-03-18 11:36:30Z INFO ProcessInvokerWrapper] STDOUT/STDERR stream read finished.
[2025-03-18 11:36:30Z INFO ProcessInvokerWrapper] Finished process 950996 with exit code 0, and elapsed time 00:00:00.0120898.
[2025-03-18 11:36:30Z INFO ActionManager] Finished getting action repository.
[2025-03-18 11:36:30Z INFO HostContext] Well known directory 'Bin': '/home/jenny/tensorflow-mri/actions-runner/bin'
[2025-03-18 11:36:30Z INFO HostContext] Well known directory 'Root': '/home/jenny/tensorflow-mri/actions-runner'
[2025-03-18 11:36:30Z INFO HostContext] Well known directory 'Work': '/home/jenny/tensorflow-mri/actions-runner/_work'
[2025-03-18 11:36:30Z INFO HostContext] Well known directory 'Actions': '/home/jenny/tensorflow-mri/actions-runner/_work/_actions'
[2025-03-18 11:36:30Z INFO HostContext] Well known directory 'Bin': '/home/jenny/tensorflow-mri/actions-runner/bin'
[2025-03-18 11:36:30Z INFO HostContext] Well known directory 'Root': '/home/jenny/tensorflow-mri/actions-runner'
[2025-03-18 11:36:30Z INFO HostContext] Well known directory 'Work': '/home/jenny/tensorflow-mri/actions-runner/_work'
[2025-03-18 11:36:30Z INFO HostContext] Well known directory 'Actions': '/home/jenny/tensorflow-mri/actions-runner/_work/_actions'
[2025-03-18 11:36:30Z INFO ActionManager] Save archive 'https://api.github.com/repos/actions/upload-artifact/tarball/4cec3d8aa04e39d1a68397de0c4cd6fb9dce8ec1' into /home/jenny/tensorflow-mri/actions-runner/_work/_actions/_temp_f0828e17-34e3-4dc5-896b-954ffcb14082/c82e1efa-7699-47ce-9e51-d13c180000e5.tar.gz.
[2025-03-18 11:36:31Z INFO JobServerQueue] Try to append 1 batches web console lines for record '86a91083-ec42-427c-b5a9-fba6fa37b16d', success rate: 1/1.
[2025-03-18 11:36:31Z INFO ActionManager] Request URL: https://api.github.com/repos/actions/upload-artifact/tarball/4cec3d8aa04e39d1a68397de0c4cd6fb9dce8ec1 X-GitHub-Request-Id: CDDC:16E238:4F0F:D95A:67D95ABF Http Status: OK
[2025-03-18 11:36:31Z INFO ActionManager] Which2: 'tar'
[2025-03-18 11:36:31Z INFO ActionManager] Location: '/usr/bin/tar'
[2025-03-18 11:36:31Z INFO ProcessInvokerWrapper] Starting process:
[2025-03-18 11:36:31Z INFO ProcessInvokerWrapper]   File name: '/usr/bin/tar'
[2025-03-18 11:36:31Z INFO ProcessInvokerWrapper]   Arguments: '-xzf "/home/jenny/tensorflow-mri/actions-runner/_work/_actions/_temp_f0828e17-34e3-4dc5-896b-954ffcb14082/c82e1efa-7699-47ce-9e51-d13c180000e5.tar.gz"'
[2025-03-18 11:36:31Z INFO ProcessInvokerWrapper]   Working directory: '/home/jenny/tensorflow-mri/actions-runner/_work/_actions/_temp_f0828e17-34e3-4dc5-896b-954ffcb14082/_staging'
[2025-03-18 11:36:31Z INFO ProcessInvokerWrapper]   Require exit code zero: 'False'
[2025-03-18 11:36:31Z INFO ProcessInvokerWrapper]   Encoding web name:  ; code page: ''
[2025-03-18 11:36:31Z INFO ProcessInvokerWrapper]   Force kill process on cancellation: 'False'
[2025-03-18 11:36:31Z INFO ProcessInvokerWrapper]   Redirected STDIN: 'False'
[2025-03-18 11:36:31Z INFO ProcessInvokerWrapper]   Persist current code page: 'False'
[2025-03-18 11:36:31Z INFO ProcessInvokerWrapper]   Keep redirected STDIN open: 'False'
[2025-03-18 11:36:31Z INFO ProcessInvokerWrapper]   High priority process: 'False'
[2025-03-18 11:36:31Z INFO ProcessInvokerWrapper] Updated oom_score_adj to 500 for PID: 950999.
[2025-03-18 11:36:31Z INFO ProcessInvokerWrapper] Process started with process id 950999, waiting for process exit.
[2025-03-18 11:36:31Z INFO ProcessInvokerWrapper] STDOUT/STDERR stream read finished.
[2025-03-18 11:36:31Z INFO ProcessInvokerWrapper] STDOUT/STDERR stream read finished.
[2025-03-18 11:36:31Z INFO ProcessInvokerWrapper] Finished process 950999 with exit code 0, and elapsed time 00:00:00.0485545.
[2025-03-18 11:36:31Z INFO ActionManager] Finished getting action repository.
[2025-03-18 11:36:31Z INFO HostContext] Well known directory 'Bin': '/home/jenny/tensorflow-mri/actions-runner/bin'
[2025-03-18 11:36:31Z INFO HostContext] Well known directory 'Root': '/home/jenny/tensorflow-mri/actions-runner'
[2025-03-18 11:36:31Z INFO HostContext] Well known directory 'Work': '/home/jenny/tensorflow-mri/actions-runner/_work'
[2025-03-18 11:36:31Z INFO HostContext] Well known directory 'Actions': '/home/jenny/tensorflow-mri/actions-runner/_work/_actions'
[2025-03-18 11:36:31Z INFO HostContext] Well known directory 'Bin': '/home/jenny/tensorflow-mri/actions-runner/bin'
[2025-03-18 11:36:31Z INFO HostContext] Well known directory 'Root': '/home/jenny/tensorflow-mri/actions-runner'
[2025-03-18 11:36:31Z INFO HostContext] Well known directory 'Work': '/home/jenny/tensorflow-mri/actions-runner/_work'
[2025-03-18 11:36:31Z INFO HostContext] Well known directory 'Actions': '/home/jenny/tensorflow-mri/actions-runner/_work/_actions'
[2025-03-18 11:36:31Z INFO HostContext] Well known directory 'Bin': '/home/jenny/tensorflow-mri/actions-runner/bin'
[2025-03-18 11:36:31Z INFO HostContext] Well known directory 'Root': '/home/jenny/tensorflow-mri/actions-runner'
[2025-03-18 11:36:31Z INFO HostContext] Well known directory 'Work': '/home/jenny/tensorflow-mri/actions-runner/_work'
[2025-03-18 11:36:31Z INFO HostContext] Well known directory 'Actions': '/home/jenny/tensorflow-mri/actions-runner/_work/_actions'
[2025-03-18 11:36:31Z INFO ActionManager] Save archive 'https://api.github.com/repos/pypa/gh-action-pypi-publish/tarball/22b4d1f12511f2696162c08546dafbaa903448a2' into /home/jenny/tensorflow-mri/actions-runner/_work/_actions/_temp_c6c9ebd8-d5bd-4bfc-baf8-fbe3ba539bf6/c61eaa8e-3841-47a6-a0e2-be2e89561170.tar.gz.
[2025-03-18 11:36:31Z INFO JobServerQueue] Try to append 1 batches web console lines for record '86a91083-ec42-427c-b5a9-fba6fa37b16d', success rate: 1/1.
[2025-03-18 11:36:31Z INFO ActionManager] Request URL: https://api.github.com/repos/pypa/gh-action-pypi-publish/tarball/22b4d1f12511f2696162c08546dafbaa903448a2 X-GitHub-Request-Id: CDEC:B70BB:477D:D1EB:67D95ABF Http Status: OK
[2025-03-18 11:36:31Z INFO ActionManager] Which2: 'tar'
[2025-03-18 11:36:31Z INFO ActionManager] Location: '/usr/bin/tar'
[2025-03-18 11:36:31Z INFO ProcessInvokerWrapper] Starting process:
[2025-03-18 11:36:31Z INFO ProcessInvokerWrapper]   File name: '/usr/bin/tar'
[2025-03-18 11:36:31Z INFO ProcessInvokerWrapper]   Arguments: '-xzf "/home/jenny/tensorflow-mri/actions-runner/_work/_actions/_temp_c6c9ebd8-d5bd-4bfc-baf8-fbe3ba539bf6/c61eaa8e-3841-47a6-a0e2-be2e89561170.tar.gz"'
[2025-03-18 11:36:31Z INFO ProcessInvokerWrapper]   Working directory: '/home/jenny/tensorflow-mri/actions-runner/_work/_actions/_temp_c6c9ebd8-d5bd-4bfc-baf8-fbe3ba539bf6/_staging'
[2025-03-18 11:36:31Z INFO ProcessInvokerWrapper]   Require exit code zero: 'False'
[2025-03-18 11:36:31Z INFO ProcessInvokerWrapper]   Encoding web name:  ; code page: ''
[2025-03-18 11:36:31Z INFO ProcessInvokerWrapper]   Force kill process on cancellation: 'False'
[2025-03-18 11:36:31Z INFO ProcessInvokerWrapper]   Redirected STDIN: 'False'
[2025-03-18 11:36:31Z INFO ProcessInvokerWrapper]   Persist current code page: 'False'
[2025-03-18 11:36:31Z INFO ProcessInvokerWrapper]   Keep redirected STDIN open: 'False'
[2025-03-18 11:36:31Z INFO ProcessInvokerWrapper]   High priority process: 'False'
[2025-03-18 11:36:31Z INFO ProcessInvokerWrapper] Updated oom_score_adj to 500 for PID: 951014.
[2025-03-18 11:36:31Z INFO ProcessInvokerWrapper] Process started with process id 951014, waiting for process exit.
[2025-03-18 11:36:31Z INFO ProcessInvokerWrapper] STDOUT/STDERR stream read finished.
[2025-03-18 11:36:31Z INFO ProcessInvokerWrapper] STDOUT/STDERR stream read finished.
[2025-03-18 11:36:31Z INFO ProcessInvokerWrapper] Finished process 951014 with exit code 0, and elapsed time 00:00:00.0025966.
[2025-03-18 11:36:31Z INFO ActionManager] Finished getting action repository.
[2025-03-18 11:36:31Z INFO HostContext] Well known directory 'Bin': '/home/jenny/tensorflow-mri/actions-runner/bin'
[2025-03-18 11:36:31Z INFO HostContext] Well known directory 'Root': '/home/jenny/tensorflow-mri/actions-runner'
[2025-03-18 11:36:31Z INFO HostContext] Well known directory 'Work': '/home/jenny/tensorflow-mri/actions-runner/_work'
[2025-03-18 11:36:31Z INFO HostContext] Well known directory 'Actions': '/home/jenny/tensorflow-mri/actions-runner/_work/_actions'
[2025-03-18 11:36:31Z INFO ActionManifestManager] Load schema file with definitions: [
  "null",
  "boolean",
  "number",
  "string",
  "sequence",
  "mapping",
  "any",
  "action-root",
  "inputs",
  "input",
  "outputs",
  "output-definition",
  "runs",
  "container-runs",
  "container-runs-args",
  "container-runs-env",
  "node-runs",
  "plugin-runs",
  "composite-runs",
  "composite-steps",
  "composite-step",
  "run-step",
  "uses-step",
  "container-runs-context",
  "output-value",
  "input-default-context",
  "non-empty-string",
  "string-steps-context",
  "boolean-steps-context",
  "step-env",
  "step-if",
  "step-with"
]
[2025-03-18 11:36:31Z INFO HostContext] Well known directory 'Bin': '/home/jenny/tensorflow-mri/actions-runner/bin'
[2025-03-18 11:36:31Z INFO HostContext] Well known directory 'Root': '/home/jenny/tensorflow-mri/actions-runner'
[2025-03-18 11:36:31Z INFO HostContext] Well known directory 'Work': '/home/jenny/tensorflow-mri/actions-runner/_work'
[2025-03-18 11:36:31Z INFO HostContext] Well known directory 'Actions': '/home/jenny/tensorflow-mri/actions-runner/_work/_actions'
[2025-03-18 11:36:31Z INFO ActionManifestManager] Loaded action.yml file: {
  "name": "Checkout",
  "description": "Checkout a Git repository at a particular version",
  "inputs": {
    "type": 2,
    "map": [
      {
        "key": {
          "type": 0,
          "file": 2,
          "line": 4,
          "col": 3,
          "lit": "repository"
        },
        "value": {
          "type": 3,
          "file": 2,
          "line": 6,
          "col": 14,
          "expr": "github.repository"
        }
      },
      {
        "key": {
          "type": 0,
          "file": 2,
          "line": 7,
          "col": 3,
          "lit": "ref"
        },
        "value": ""
      },
      {
        "key": {
          "type": 0,
          "file": 2,
          "line": 12,
          "col": 3,
          "lit": "token"
        },
        "value": {
          "type": 3,
          "file": 2,
          "line": 24,
          "col": 14,
          "expr": "github.token"
        }
      },
      {
        "key": {
          "type": 0,
          "file": 2,
          "line": 25,
          "col": 3,
          "lit": "ssh-key"
        },
        "value": ""
      },
      {
        "key": {
          "type": 0,
          "file": 2,
          "line": 37,
          "col": 3,
          "lit": "ssh-known-hosts"
        },
        "value": ""
      },
      {
        "key": {
          "type": 0,
          "file": 2,
          "line": 42,
          "col": 3,
          "lit": "ssh-strict"
        },
        "value": {
          "type": 0,
          "file": 2,
          "line": 47,
          "col": 14,
          "lit": "true"
        }
      },
      {
        "key": {
          "type": 0,
          "file": 2,
          "line": 48,
          "col": 3,
          "lit": "ssh-user"
        },
        "value": {
          "type": 0,
          "file": 2,
          "line": 51,
          "col": 14,
          "lit": "git"
        }
      },
      {
        "key": {
          "type": 0,
          "file": 2,
          "line": 52,
          "col": 3,
          "lit": "persist-credentials"
        },
        "value": {
          "type": 0,
          "file": 2,
          "line": 54,
          "col": 14,
          "lit": "true"
        }
      },
      {
        "key": {
          "type": 0,
          "file": 2,
          "line": 55,
          "col": 3,
          "lit": "path"
        },
        "value": ""
      },
      {
        "key": {
          "type": 0,
          "file": 2,
          "line": 57,
          "col": 3,
          "lit": "clean"
        },
        "value": {
          "type": 0,
          "file": 2,
          "line": 59,
          "col": 14,
          "lit": "true"
        }
      },
      {
        "key": {
          "type": 0,
          "file": 2,
          "line": 60,
          "col": 3,
          "lit": "filter"
        },
        "value": {
          "type": 0,
          "file": 2,
          "line": 64,
          "col": 14,
          "lit": ""
        }
      },
      {
        "key": {
          "type": 0,
          "file": 2,
          "line": 65,
          "col": 3,
          "lit": "sparse-checkout"
        },
        "value": {
          "type": 0,
          "file": 2,
          "line": 69,
          "col": 14,
          "lit": ""
        }
      },
      {
        "key": {
          "type": 0,
          "file": 2,
          "line": 70,
          "col": 3,
          "lit": "sparse-checkout-cone-mode"
        },
        "value": {
          "type": 0,
          "file": 2,
          "line": 73,
          "col": 14,
          "lit": "true"
        }
      },
      {
        "key": {
          "type": 0,
          "file": 2,
          "line": 74,
          "col": 3,
          "lit": "fetch-depth"
        },
        "value": {
          "type": 0,
          "file": 2,
          "line": 76,
          "col": 14,
          "lit": "1"
        }
      },
      {
        "key": {
          "type": 0,
          "file": 2,
          "line": 77,
          "col": 3,
          "lit": "fetch-tags"
        },
        "value": {
          "type": 0,
          "file": 2,
          "line": 79,
          "col": 14,
          "lit": "false"
        }
      },
      {
        "key": {
          "type": 0,
          "file": 2,
          "line": 80,
          "col": 3,
          "lit": "show-progress"
        },
        "value": {
          "type": 0,
          "file": 2,
          "line": 82,
          "col": 14,
          "lit": "true"
        }
      },
      {
        "key": {
          "type": 0,
          "file": 2,
          "line": 83,
          "col": 3,
          "lit": "lfs"
        },
        "value": {
          "type": 0,
          "file": 2,
          "line": 85,
          "col": 14,
          "lit": "false"
        }
      },
      {
        "key": {
          "type": 0,
          "file": 2,
          "line": 86,
          "col": 3,
          "lit": "submodules"
        },
        "value": {
          "type": 0,
          "file": 2,
          "line": 94,
          "col": 14,
          "lit": "false"
        }
      },
      {
        "key": {
          "type": 0,
          "file": 2,
          "line": 95,
          "col": 3,
          "lit": "set-safe-directory"
        },
        "value": {
          "type": 0,
          "file": 2,
          "line": 97,
          "col": 14,
          "lit": "true"
        }
      },
      {
        "key": {
          "type": 0,
          "file": 2,
          "line": 98,
          "col": 3,
          "lit": "github-server-url"
        },
        "value": ""
      }
    ]
  },
  "execution": {
    "executionType": "nodeJS",
    "hasPre": false,
    "hasPost": true,
    "script": "dist/index.js",
    "pre": null,
    "post": "dist/index.js",
    "nodeVersion": "node20",
    "cleanupCondition": "always()",
    "initCondition": "always()"
  },
  "deprecated": null
}
[2025-03-18 11:36:31Z INFO ActionManager] Action node.js file: dist/index.js, no more preparation.
[2025-03-18 11:36:31Z INFO HostContext] Well known directory 'Bin': '/home/jenny/tensorflow-mri/actions-runner/bin'
[2025-03-18 11:36:31Z INFO HostContext] Well known directory 'Root': '/home/jenny/tensorflow-mri/actions-runner'
[2025-03-18 11:36:31Z INFO HostContext] Well known directory 'Work': '/home/jenny/tensorflow-mri/actions-runner/_work'
[2025-03-18 11:36:31Z INFO HostContext] Well known directory 'Actions': '/home/jenny/tensorflow-mri/actions-runner/_work/_actions'
[2025-03-18 11:36:31Z INFO ActionManager] Load action that reference repository from '/home/jenny/tensorflow-mri/actions-runner/_work/_actions/actions/checkout/v4'
[2025-03-18 11:36:31Z INFO HostContext] Well known directory 'Bin': '/home/jenny/tensorflow-mri/actions-runner/bin'
[2025-03-18 11:36:31Z INFO HostContext] Well known directory 'Root': '/home/jenny/tensorflow-mri/actions-runner'
[2025-03-18 11:36:31Z INFO HostContext] Well known directory 'Work': '/home/jenny/tensorflow-mri/actions-runner/_work'
[2025-03-18 11:36:31Z INFO HostContext] Well known directory 'Actions': '/home/jenny/tensorflow-mri/actions-runner/_work/_actions'
[2025-03-18 11:36:31Z INFO ActionManifestManager] Loaded action.yml file: {
  "name": "Checkout",
  "description": "Checkout a Git repository at a particular version",
  "inputs": {
    "type": 2,
    "map": [
      {
        "key": {
          "type": 0,
          "file": 2,
          "line": 4,
          "col": 3,
          "lit": "repository"
        },
        "value": {
          "type": 3,
          "file": 2,
          "line": 6,
          "col": 14,
          "expr": "github.repository"
        }
      },
      {
        "key": {
          "type": 0,
          "file": 2,
          "line": 7,
          "col": 3,
          "lit": "ref"
        },
        "value": ""
      },
      {
        "key": {
          "type": 0,
          "file": 2,
          "line": 12,
          "col": 3,
          "lit": "token"
        },
        "value": {
          "type": 3,
          "file": 2,
          "line": 24,
          "col": 14,
          "expr": "github.token"
        }
      },
      {
        "key": {
          "type": 0,
          "file": 2,
          "line": 25,
          "col": 3,
          "lit": "ssh-key"
        },
        "value": ""
      },
      {
        "key": {
          "type": 0,
          "file": 2,
          "line": 37,
          "col": 3,
          "lit": "ssh-known-hosts"
        },
        "value": ""
      },
      {
        "key": {
          "type": 0,
          "file": 2,
          "line": 42,
          "col": 3,
          "lit": "ssh-strict"
        },
        "value": {
          "type": 0,
          "file": 2,
          "line": 47,
          "col": 14,
          "lit": "true"
        }
      },
      {
        "key": {
          "type": 0,
          "file": 2,
          "line": 48,
          "col": 3,
          "lit": "ssh-user"
        },
        "value": {
          "type": 0,
          "file": 2,
          "line": 51,
          "col": 14,
          "lit": "git"
        }
      },
      {
        "key": {
          "type": 0,
          "file": 2,
          "line": 52,
          "col": 3,
          "lit": "persist-credentials"
        },
        "value": {
          "type": 0,
          "file": 2,
          "line": 54,
          "col": 14,
          "lit": "true"
        }
      },
      {
        "key": {
          "type": 0,
          "file": 2,
          "line": 55,
          "col": 3,
          "lit": "path"
        },
        "value": ""
      },
      {
        "key": {
          "type": 0,
          "file": 2,
          "line": 57,
          "col": 3,
          "lit": "clean"
        },
        "value": {
          "type": 0,
          "file": 2,
          "line": 59,
          "col": 14,
          "lit": "true"
        }
      },
      {
        "key": {
          "type": 0,
          "file": 2,
          "line": 60,
          "col": 3,
          "lit": "filter"
        },
        "value": {
          "type": 0,
          "file": 2,
          "line": 64,
          "col": 14,
          "lit": ""
        }
      },
      {
        "key": {
          "type": 0,
          "file": 2,
          "line": 65,
          "col": 3,
          "lit": "sparse-checkout"
        },
        "value": {
          "type": 0,
          "file": 2,
          "line": 69,
          "col": 14,
          "lit": ""
        }
      },
      {
        "key": {
          "type": 0,
          "file": 2,
          "line": 70,
          "col": 3,
          "lit": "sparse-checkout-cone-mode"
        },
        "value": {
          "type": 0,
          "file": 2,
          "line": 73,
          "col": 14,
          "lit": "true"
        }
      },
      {
        "key": {
          "type": 0,
          "file": 2,
          "line": 74,
          "col": 3,
          "lit": "fetch-depth"
        },
        "value": {
          "type": 0,
          "file": 2,
          "line": 76,
          "col": 14,
          "lit": "1"
        }
      },
      {
        "key": {
          "type": 0,
          "file": 2,
          "line": 77,
          "col": 3,
          "lit": "fetch-tags"
        },
        "value": {
          "type": 0,
          "file": 2,
          "line": 79,
          "col": 14,
          "lit": "false"
        }
      },
      {
        "key": {
          "type": 0,
          "file": 2,
          "line": 80,
          "col": 3,
          "lit": "show-progress"
        },
        "value": {
          "type": 0,
          "file": 2,
          "line": 82,
          "col": 14,
          "lit": "true"
        }
      },
      {
        "key": {
          "type": 0,
          "file": 2,
          "line": 83,
          "col": 3,
          "lit": "lfs"
        },
        "value": {
          "type": 0,
          "file": 2,
          "line": 85,
          "col": 14,
          "lit": "false"
        }
      },
      {
        "key": {
          "type": 0,
          "file": 2,
          "line": 86,
          "col": 3,
          "lit": "submodules"
        },
        "value": {
          "type": 0,
          "file": 2,
          "line": 94,
          "col": 14,
          "lit": "false"
        }
      },
      {
        "key": {
          "type": 0,
          "file": 2,
          "line": 95,
          "col": 3,
          "lit": "set-safe-directory"
        },
        "value": {
          "type": 0,
          "file": 2,
          "line": 97,
          "col": 14,
          "lit": "true"
        }
      },
      {
        "key": {
          "type": 0,
          "file": 2,
          "line": 98,
          "col": 3,
          "lit": "github-server-url"
        },
        "value": ""
      }
    ]
  },
  "execution": {
    "executionType": "nodeJS",
    "hasPre": false,
    "hasPost": true,
    "script": "dist/index.js",
    "pre": null,
    "post": "dist/index.js",
    "nodeVersion": "node20",
    "cleanupCondition": "always()",
    "initCondition": "always()"
  },
  "deprecated": null
}
[2025-03-18 11:36:31Z INFO ActionManager] Action pre node.js file: N/A.
[2025-03-18 11:36:31Z INFO ActionManager] Action node.js file: dist/index.js.
[2025-03-18 11:36:31Z INFO ActionManager] Action post node.js file: dist/index.js.
[2025-03-18 11:36:31Z INFO HostContext] Well known directory 'Bin': '/home/jenny/tensorflow-mri/actions-runner/bin'
[2025-03-18 11:36:31Z INFO HostContext] Well known directory 'Root': '/home/jenny/tensorflow-mri/actions-runner'
[2025-03-18 11:36:31Z INFO HostContext] Well known directory 'Work': '/home/jenny/tensorflow-mri/actions-runner/_work'
[2025-03-18 11:36:31Z INFO HostContext] Well known directory 'Actions': '/home/jenny/tensorflow-mri/actions-runner/_work/_actions'
[2025-03-18 11:36:31Z INFO HostContext] Well known directory 'Bin': '/home/jenny/tensorflow-mri/actions-runner/bin'
[2025-03-18 11:36:31Z INFO HostContext] Well known directory 'Root': '/home/jenny/tensorflow-mri/actions-runner'
[2025-03-18 11:36:31Z INFO HostContext] Well known directory 'Work': '/home/jenny/tensorflow-mri/actions-runner/_work'
[2025-03-18 11:36:31Z INFO HostContext] Well known directory 'Actions': '/home/jenny/tensorflow-mri/actions-runner/_work/_actions'
[2025-03-18 11:36:31Z INFO ActionManifestManager] Ignore action property author.
[2025-03-18 11:36:31Z INFO ActionManifestManager] Loaded action.yml file: {
  "name": "Upload a Build Artifact",
  "description": "Upload a build artifact that can be used by subsequent workflow steps",
  "inputs": {
    "type": 2,
    "map": [
      {
        "key": {
          "type": 0,
          "file": 3,
          "line": 5,
          "col": 3,
          "lit": "name"
        },
        "value": {
          "type": 0,
          "file": 3,
          "line": 7,
          "col": 14,
          "lit": "artifact"
        }
      },
      {
        "key": {
          "type": 0,
          "file": 3,
          "line": 8,
          "col": 3,
          "lit": "path"
        },
        "value": ""
      },
      {
        "key": {
          "type": 0,
          "file": 3,
          "line": 11,
          "col": 3,
          "lit": "if-no-files-found"
        },
        "value": {
          "type": 0,
          "file": 3,
          "line": 19,
          "col": 14,
          "lit": "warn"
        }
      },
      {
        "key": {
          "type": 0,
          "file": 3,
          "line": 20,
          "col": 3,
          "lit": "retention-days"
        },
        "value": ""
      },
      {
        "key": {
          "type": 0,
          "file": 3,
          "line": 26,
          "col": 3,
          "lit": "compression-level"
        },
        "value": {
          "type": 0,
          "file": 3,
          "line": 36,
          "col": 14,
          "lit": "6"
        }
      },
      {
        "key": {
          "type": 0,
          "file": 3,
          "line": 37,
          "col": 3,
          "lit": "overwrite"
        },
        "value": {
          "type": 0,
          "file": 3,
          "line": 42,
          "col": 14,
          "lit": "false"
        }
      },
      {
        "key": {
          "type": 0,
          "file": 3,
          "line": 43,
          "col": 3,
          "lit": "include-hidden-files"
        },
        "value": {
          "type": 0,
          "file": 3,
          "line": 47,
          "col": 14,
          "lit": "false"
        }
      }
    ]
  },
  "execution": {
    "executionType": "nodeJS",
    "hasPre": false,
    "hasPost": false,
    "script": "dist/upload/index.js",
    "pre": null,
    "post": null,
    "nodeVersion": "node20",
    "cleanupCondition": "always()",
    "initCondition": "always()"
  },
  "deprecated": null
}
[2025-03-18 11:36:31Z INFO ActionManager] Action node.js file: dist/upload/index.js, no more preparation.
[2025-03-18 11:36:31Z INFO HostContext] Well known directory 'Bin': '/home/jenny/tensorflow-mri/actions-runner/bin'
[2025-03-18 11:36:31Z INFO HostContext] Well known directory 'Root': '/home/jenny/tensorflow-mri/actions-runner'
[2025-03-18 11:36:31Z INFO HostContext] Well known directory 'Work': '/home/jenny/tensorflow-mri/actions-runner/_work'
[2025-03-18 11:36:31Z INFO HostContext] Well known directory 'Actions': '/home/jenny/tensorflow-mri/actions-runner/_work/_actions'
[2025-03-18 11:36:31Z INFO ActionManager] Load action that reference repository from '/home/jenny/tensorflow-mri/actions-runner/_work/_actions/actions/upload-artifact/v4'
[2025-03-18 11:36:31Z INFO HostContext] Well known directory 'Bin': '/home/jenny/tensorflow-mri/actions-runner/bin'
[2025-03-18 11:36:31Z INFO HostContext] Well known directory 'Root': '/home/jenny/tensorflow-mri/actions-runner'
[2025-03-18 11:36:31Z INFO HostContext] Well known directory 'Work': '/home/jenny/tensorflow-mri/actions-runner/_work'
[2025-03-18 11:36:31Z INFO HostContext] Well known directory 'Actions': '/home/jenny/tensorflow-mri/actions-runner/_work/_actions'
[2025-03-18 11:36:31Z INFO ActionManifestManager] Ignore action property author.
[2025-03-18 11:36:31Z INFO ActionManifestManager] Loaded action.yml file: {
  "name": "Upload a Build Artifact",
  "description": "Upload a build artifact that can be used by subsequent workflow steps",
  "inputs": {
    "type": 2,
    "map": [
      {
        "key": {
          "type": 0,
          "file": 3,
          "line": 5,
          "col": 3,
          "lit": "name"
        },
        "value": {
          "type": 0,
          "file": 3,
          "line": 7,
          "col": 14,
          "lit": "artifact"
        }
      },
      {
        "key": {
          "type": 0,
          "file": 3,
          "line": 8,
          "col": 3,
          "lit": "path"
        },
        "value": ""
      },
      {
        "key": {
          "type": 0,
          "file": 3,
          "line": 11,
          "col": 3,
          "lit": "if-no-files-found"
        },
        "value": {
          "type": 0,
          "file": 3,
          "line": 19,
          "col": 14,
          "lit": "warn"
        }
      },
      {
        "key": {
          "type": 0,
          "file": 3,
          "line": 20,
          "col": 3,
          "lit": "retention-days"
        },
        "value": ""
      },
      {
        "key": {
          "type": 0,
          "file": 3,
          "line": 26,
          "col": 3,
          "lit": "compression-level"
        },
        "value": {
          "type": 0,
          "file": 3,
          "line": 36,
          "col": 14,
          "lit": "6"
        }
      },
      {
        "key": {
          "type": 0,
          "file": 3,
          "line": 37,
          "col": 3,
          "lit": "overwrite"
        },
        "value": {
          "type": 0,
          "file": 3,
          "line": 42,
          "col": 14,
          "lit": "false"
        }
      },
      {
        "key": {
          "type": 0,
          "file": 3,
          "line": 43,
          "col": 3,
          "lit": "include-hidden-files"
        },
        "value": {
          "type": 0,
          "file": 3,
          "line": 47,
          "col": 14,
          "lit": "false"
        }
      }
    ]
  },
  "execution": {
    "executionType": "nodeJS",
    "hasPre": false,
    "hasPost": false,
    "script": "dist/upload/index.js",
    "pre": null,
    "post": null,
    "nodeVersion": "node20",
    "cleanupCondition": "always()",
    "initCondition": "always()"
  },
  "deprecated": null
}
[2025-03-18 11:36:31Z INFO ActionManager] Action pre node.js file: N/A.
[2025-03-18 11:36:31Z INFO ActionManager] Action node.js file: dist/upload/index.js.
[2025-03-18 11:36:31Z INFO ActionManager] Action post node.js file: N/A.
[2025-03-18 11:36:31Z INFO HostContext] Well known directory 'Bin': '/home/jenny/tensorflow-mri/actions-runner/bin'
[2025-03-18 11:36:31Z INFO HostContext] Well known directory 'Root': '/home/jenny/tensorflow-mri/actions-runner'
[2025-03-18 11:36:31Z INFO HostContext] Well known directory 'Work': '/home/jenny/tensorflow-mri/actions-runner/_work'
[2025-03-18 11:36:31Z INFO HostContext] Well known directory 'Actions': '/home/jenny/tensorflow-mri/actions-runner/_work/_actions'
[2025-03-18 11:36:31Z INFO HostContext] Well known directory 'Bin': '/home/jenny/tensorflow-mri/actions-runner/bin'
[2025-03-18 11:36:31Z INFO HostContext] Well known directory 'Root': '/home/jenny/tensorflow-mri/actions-runner'
[2025-03-18 11:36:31Z INFO HostContext] Well known directory 'Work': '/home/jenny/tensorflow-mri/actions-runner/_work'
[2025-03-18 11:36:31Z INFO HostContext] Well known directory 'Actions': '/home/jenny/tensorflow-mri/actions-runner/_work/_actions'
[2025-03-18 11:36:31Z INFO ActionManifestManager] Ignore action property author.
[2025-03-18 11:36:31Z INFO ActionManifestManager] Loaded action.yml file: {
  "name": "Upload a Build Artifact",
  "description": "Upload a build artifact that can be used by subsequent workflow steps",
  "inputs": {
    "type": 2,
    "map": [
      {
        "key": {
          "type": 0,
          "file": 3,
          "line": 5,
          "col": 3,
          "lit": "name"
        },
        "value": {
          "type": 0,
          "file": 3,
          "line": 7,
          "col": 14,
          "lit": "artifact"
        }
      },
      {
        "key": {
          "type": 0,
          "file": 3,
          "line": 8,
          "col": 3,
          "lit": "path"
        },
        "value": ""
      },
      {
        "key": {
          "type": 0,
          "file": 3,
          "line": 11,
          "col": 3,
          "lit": "if-no-files-found"
        },
        "value": {
          "type": 0,
          "file": 3,
          "line": 19,
          "col": 14,
          "lit": "warn"
        }
      },
      {
        "key": {
          "type": 0,
          "file": 3,
          "line": 20,
          "col": 3,
          "lit": "retention-days"
        },
        "value": ""
      },
      {
        "key": {
          "type": 0,
          "file": 3,
          "line": 26,
          "col": 3,
          "lit": "compression-level"
        },
        "value": {
          "type": 0,
          "file": 3,
          "line": 36,
          "col": 14,
          "lit": "6"
        }
      },
      {
        "key": {
          "type": 0,
          "file": 3,
          "line": 37,
          "col": 3,
          "lit": "overwrite"
        },
        "value": {
          "type": 0,
          "file": 3,
          "line": 42,
          "col": 14,
          "lit": "false"
        }
      },
      {
        "key": {
          "type": 0,
          "file": 3,
          "line": 43,
          "col": 3,
          "lit": "include-hidden-files"
        },
        "value": {
          "type": 0,
          "file": 3,
          "line": 47,
          "col": 14,
          "lit": "false"
        }
      }
    ]
  },
  "execution": {
    "executionType": "nodeJS",
    "hasPre": false,
    "hasPost": false,
    "script": "dist/upload/index.js",
    "pre": null,
    "post": null,
    "nodeVersion": "node20",
    "cleanupCondition": "always()",
    "initCondition": "always()"
  },
  "deprecated": null
}
[2025-03-18 11:36:31Z INFO ActionManager] Action node.js file: dist/upload/index.js, no more preparation.
[2025-03-18 11:36:31Z INFO HostContext] Well known directory 'Bin': '/home/jenny/tensorflow-mri/actions-runner/bin'
[2025-03-18 11:36:31Z INFO HostContext] Well known directory 'Root': '/home/jenny/tensorflow-mri/actions-runner'
[2025-03-18 11:36:31Z INFO HostContext] Well known directory 'Work': '/home/jenny/tensorflow-mri/actions-runner/_work'
[2025-03-18 11:36:31Z INFO HostContext] Well known directory 'Actions': '/home/jenny/tensorflow-mri/actions-runner/_work/_actions'
[2025-03-18 11:36:31Z INFO ActionManager] Load action that reference repository from '/home/jenny/tensorflow-mri/actions-runner/_work/_actions/actions/upload-artifact/v4'
[2025-03-18 11:36:31Z INFO HostContext] Well known directory 'Bin': '/home/jenny/tensorflow-mri/actions-runner/bin'
[2025-03-18 11:36:31Z INFO HostContext] Well known directory 'Root': '/home/jenny/tensorflow-mri/actions-runner'
[2025-03-18 11:36:31Z INFO HostContext] Well known directory 'Work': '/home/jenny/tensorflow-mri/actions-runner/_work'
[2025-03-18 11:36:31Z INFO HostContext] Well known directory 'Actions': '/home/jenny/tensorflow-mri/actions-runner/_work/_actions'
[2025-03-18 11:36:31Z INFO ActionManifestManager] Ignore action property author.
[2025-03-18 11:36:31Z INFO ActionManifestManager] Loaded action.yml file: {
  "name": "Upload a Build Artifact",
  "description": "Upload a build artifact that can be used by subsequent workflow steps",
  "inputs": {
    "type": 2,
    "map": [
      {
        "key": {
          "type": 0,
          "file": 3,
          "line": 5,
          "col": 3,
          "lit": "name"
        },
        "value": {
          "type": 0,
          "file": 3,
          "line": 7,
          "col": 14,
          "lit": "artifact"
        }
      },
      {
        "key": {
          "type": 0,
          "file": 3,
          "line": 8,
          "col": 3,
          "lit": "path"
        },
        "value": ""
      },
      {
        "key": {
          "type": 0,
          "file": 3,
          "line": 11,
          "col": 3,
          "lit": "if-no-files-found"
        },
        "value": {
          "type": 0,
          "file": 3,
          "line": 19,
          "col": 14,
          "lit": "warn"
        }
      },
      {
        "key": {
          "type": 0,
          "file": 3,
          "line": 20,
          "col": 3,
          "lit": "retention-days"
        },
        "value": ""
      },
      {
        "key": {
          "type": 0,
          "file": 3,
          "line": 26,
          "col": 3,
          "lit": "compression-level"
        },
        "value": {
          "type": 0,
          "file": 3,
          "line": 36,
          "col": 14,
          "lit": "6"
        }
      },
      {
        "key": {
          "type": 0,
          "file": 3,
          "line": 37,
          "col": 3,
          "lit": "overwrite"
        },
        "value": {
          "type": 0,
          "file": 3,
          "line": 42,
          "col": 14,
          "lit": "false"
        }
      },
      {
        "key": {
          "type": 0,
          "file": 3,
          "line": 43,
          "col": 3,
          "lit": "include-hidden-files"
        },
        "value": {
          "type": 0,
          "file": 3,
          "line": 47,
          "col": 14,
          "lit": "false"
        }
      }
    ]
  },
  "execution": {
    "executionType": "nodeJS",
    "hasPre": false,
    "hasPost": false,
    "script": "dist/upload/index.js",
    "pre": null,
    "post": null,
    "nodeVersion": "node20",
    "cleanupCondition": "always()",
    "initCondition": "always()"
  },
  "deprecated": null
}
[2025-03-18 11:36:31Z INFO ActionManager] Action pre node.js file: N/A.
[2025-03-18 11:36:31Z INFO ActionManager] Action node.js file: dist/upload/index.js.
[2025-03-18 11:36:31Z INFO ActionManager] Action post node.js file: N/A.
[2025-03-18 11:36:31Z INFO HostContext] Well known directory 'Bin': '/home/jenny/tensorflow-mri/actions-runner/bin'
[2025-03-18 11:36:31Z INFO HostContext] Well known directory 'Root': '/home/jenny/tensorflow-mri/actions-runner'
[2025-03-18 11:36:31Z INFO HostContext] Well known directory 'Work': '/home/jenny/tensorflow-mri/actions-runner/_work'
[2025-03-18 11:36:31Z INFO HostContext] Well known directory 'Actions': '/home/jenny/tensorflow-mri/actions-runner/_work/_actions'
[2025-03-18 11:36:31Z INFO HostContext] Well known directory 'Bin': '/home/jenny/tensorflow-mri/actions-runner/bin'
[2025-03-18 11:36:31Z INFO HostContext] Well known directory 'Root': '/home/jenny/tensorflow-mri/actions-runner'
[2025-03-18 11:36:31Z INFO HostContext] Well known directory 'Work': '/home/jenny/tensorflow-mri/actions-runner/_work'
[2025-03-18 11:36:31Z INFO HostContext] Well known directory 'Actions': '/home/jenny/tensorflow-mri/actions-runner/_work/_actions'
[2025-03-18 11:36:31Z INFO ActionManifestManager] Ignore action property branding.
[2025-03-18 11:36:31Z INFO ActionManifestManager] Loaded action.yml file: {
  "name": "pypi-publish",
  "description": "Upload Python distribution packages to PyPI",
  "inputs": {
    "type": 2,
    "map": [
      {
        "key": {
          "type": 0,
          "file": 4,
          "line": 5,
          "col": 3,
          "lit": "user"
        },
        "value": {
          "type": 0,
          "file": 4,
          "line": 8,
          "col": 14,
          "lit": "__token__"
        }
      },
      {
        "key": {
          "type": 0,
          "file": 4,
          "line": 9,
          "col": 3,
          "lit": "password"
        },
        "value": ""
      },
      {
        "key": {
          "type": 0,
          "file": 4,
          "line": 12,
          "col": 3,
          "lit": "repository-url"
        },
        "value": ""
      },
      {
        "key": {
          "type": 0,
          "file": 4,
          "line": 15,
          "col": 3,
          "lit": "repository_url"
        },
        "value": ""
      },
      {
        "key": {
          "type": 0,
          "file": 4,
          "line": 23,
          "col": 3,
          "lit": "packages-dir"
        },
        "value": ""
      },
      {
        "key": {
          "type": 0,
          "file": 4,
          "line": 27,
          "col": 3,
          "lit": "packages_dir"
        },
        "value": {
          "type": 0,
          "file": 4,
          "line": 35,
          "col": 14,
          "lit": "dist"
        }
      },
      {
        "key": {
          "type": 0,
          "file": 4,
          "line": 36,
          "col": 3,
          "lit": "verify-metadata"
        },
        "value": ""
      },
      {
        "key": {
          "type": 0,
          "file": 4,
          "line": 40,
          "col": 3,
          "lit": "verify_metadata"
        },
        "value": {
          "type": 0,
          "file": 4,
          "line": 48,
          "col": 14,
          "lit": "true"
        }
      },
      {
        "key": {
          "type": 0,
          "file": 4,
          "line": 49,
          "col": 3,
          "lit": "skip-existing"
        },
        "value": ""
      },
      {
        "key": {
          "type": 0,
          "file": 4,
          "line": 55,
          "col": 3,
          "lit": "skip_existing"
        },
        "value": {
          "type": 0,
          "file": 4,
          "line": 64,
          "col": 14,
          "lit": "false"
        }
      },
      {
        "key": {
          "type": 0,
          "file": 4,
          "line": 65,
          "col": 3,
          "lit": "verbose"
        },
        "value": {
          "type": 0,
          "file": 4,
          "line": 68,
          "col": 14,
          "lit": "false"
        }
      },
      {
        "key": {
          "type": 0,
          "file": 4,
          "line": 69,
          "col": 3,
          "lit": "print-hash"
        },
        "value": ""
      },
      {
        "key": {
          "type": 0,
          "file": 4,
          "line": 73,
          "col": 3,
          "lit": "print_hash"
        },
        "value": {
          "type": 0,
          "file": 4,
          "line": 81,
          "col": 14,
          "lit": "false"
        }
      }
    ]
  },
  "execution": {
    "executionType": "container",
    "hasPre": false,
    "hasPost": false,
    "image": "Dockerfile",
    "entryPoint": null,
    "arguments": {
      "type": 1,
      "file": 4,
      "line": 89,
      "col": 3,
      "seq": [
        {
          "type": 3,
          "file": 4,
          "line": 89,
          "col": 5,
          "expr": "inputs.user"
        },
        {
          "type": 3,
          "file": 4,
          "line": 90,
          "col": 5,
          "expr": "inputs.password"
        },
        {
          "type": 3,
          "file": 4,
          "line": 91,
          "col": 5,
          "expr": "inputs.repository-url"
        },
        {
          "type": 3,
          "file": 4,
          "line": 92,
          "col": 5,
          "expr": "inputs.packages-dir"
        },
        {
          "type": 3,
          "file": 4,
          "line": 93,
          "col": 5,
          "expr": "inputs.verify-metadata"
        },
        {
          "type": 3,
          "file": 4,
          "line": 94,
          "col": 5,
          "expr": "inputs.skip-existing"
        },
        {
          "type": 3,
          "file": 4,
          "line": 95,
          "col": 5,
          "expr": "inputs.verbose"
        },
        {
          "type": 3,
          "file": 4,
          "line": 96,
          "col": 5,
          "expr": "inputs.print-hash"
        }
      ]
    },
    "environment": null,
    "pre": null,
    "post": null,
    "cleanupCondition": "always()",
    "initCondition": "always()"
  },
  "deprecated": {
    "repository_url": "The inputs have been normalized to use kebab-case. Use `repository-url` instead.",
    "packages_dir": "The inputs have been normalized to use kebab-case. Use `packages-dir` instead.",
    "verify_metadata": "The inputs have been normalized to use kebab-case. Use `verify-metadata` instead.",
    "skip_existing": "The inputs have been normalized to use kebab-case. Use `skip-existing` instead.",
    "print_hash": "The inputs have been normalized to use kebab-case. Use `print-hash` instead."
  }
}
[2025-03-18 11:36:31Z INFO ActionManager] Action __pypa_gh-action-pypi-publish (774243a5-489c-4428-8725-fc6d25c9cb4e) from repository 'pypa/gh-action-pypi-publish@release/v1.7' needs to build image '/home/jenny/tensorflow-mri/actions-runner/_work/_actions/pypa/gh-action-pypi-publish/release/v1.7/Dockerfile'
[2025-03-18 11:36:31Z INFO HostContext] Well known directory 'Bin': '/home/jenny/tensorflow-mri/actions-runner/bin'
[2025-03-18 11:36:31Z INFO HostContext] Well known directory 'Root': '/home/jenny/tensorflow-mri/actions-runner'
[2025-03-18 11:36:31Z INFO HostContext] Well known directory 'Work': '/home/jenny/tensorflow-mri/actions-runner/_work'
[2025-03-18 11:36:31Z INFO HostContext] Well known directory 'Actions': '/home/jenny/tensorflow-mri/actions-runner/_work/_actions'
[2025-03-18 11:36:31Z INFO ActionManager] Load action that reference repository from '/home/jenny/tensorflow-mri/actions-runner/_work/_actions/pypa/gh-action-pypi-publish/release/v1.7'
[2025-03-18 11:36:31Z INFO HostContext] Well known directory 'Bin': '/home/jenny/tensorflow-mri/actions-runner/bin'
[2025-03-18 11:36:31Z INFO HostContext] Well known directory 'Root': '/home/jenny/tensorflow-mri/actions-runner'
[2025-03-18 11:36:31Z INFO HostContext] Well known directory 'Work': '/home/jenny/tensorflow-mri/actions-runner/_work'
[2025-03-18 11:36:31Z INFO HostContext] Well known directory 'Actions': '/home/jenny/tensorflow-mri/actions-runner/_work/_actions'
[2025-03-18 11:36:31Z INFO ActionManifestManager] Ignore action property branding.
[2025-03-18 11:36:31Z INFO ActionManifestManager] Loaded action.yml file: {
  "name": "pypi-publish",
  "description": "Upload Python distribution packages to PyPI",
  "inputs": {
    "type": 2,
    "map": [
      {
        "key": {
          "type": 0,
          "file": 4,
          "line": 5,
          "col": 3,
          "lit": "user"
        },
        "value": {
          "type": 0,
          "file": 4,
          "line": 8,
          "col": 14,
          "lit": "__token__"
        }
      },
      {
        "key": {
          "type": 0,
          "file": 4,
          "line": 9,
          "col": 3,
          "lit": "password"
        },
        "value": ""
      },
      {
        "key": {
          "type": 0,
          "file": 4,
          "line": 12,
          "col": 3,
          "lit": "repository-url"
        },
        "value": ""
      },
      {
        "key": {
          "type": 0,
          "file": 4,
          "line": 15,
          "col": 3,
          "lit": "repository_url"
        },
        "value": ""
      },
      {
        "key": {
          "type": 0,
          "file": 4,
          "line": 23,
          "col": 3,
          "lit": "packages-dir"
        },
        "value": ""
      },
      {
        "key": {
          "type": 0,
          "file": 4,
          "line": 27,
          "col": 3,
          "lit": "packages_dir"
        },
        "value": {
          "type": 0,
          "file": 4,
          "line": 35,
          "col": 14,
          "lit": "dist"
        }
      },
      {
        "key": {
          "type": 0,
          "file": 4,
          "line": 36,
          "col": 3,
          "lit": "verify-metadata"
        },
        "value": ""
      },
      {
        "key": {
          "type": 0,
          "file": 4,
          "line": 40,
          "col": 3,
          "lit": "verify_metadata"
        },
        "value": {
          "type": 0,
          "file": 4,
          "line": 48,
          "col": 14,
          "lit": "true"
        }
      },
      {
        "key": {
          "type": 0,
          "file": 4,
          "line": 49,
          "col": 3,
          "lit": "skip-existing"
        },
        "value": ""
      },
      {
        "key": {
          "type": 0,
          "file": 4,
          "line": 55,
          "col": 3,
          "lit": "skip_existing"
        },
        "value": {
          "type": 0,
          "file": 4,
          "line": 64,
          "col": 14,
          "lit": "false"
        }
      },
      {
        "key": {
          "type": 0,
          "file": 4,
          "line": 65,
          "col": 3,
          "lit": "verbose"
        },
        "value": {
          "type": 0,
          "file": 4,
          "line": 68,
          "col": 14,
          "lit": "false"
        }
      },
      {
        "key": {
          "type": 0,
          "file": 4,
          "line": 69,
          "col": 3,
          "lit": "print-hash"
        },
        "value": ""
      },
      {
        "key": {
          "type": 0,
          "file": 4,
          "line": 73,
          "col": 3,
          "lit": "print_hash"
        },
        "value": {
          "type": 0,
          "file": 4,
          "line": 81,
          "col": 14,
          "lit": "false"
        }
      }
    ]
  },
  "execution": {
    "executionType": "container",
    "hasPre": false,
    "hasPost": false,
    "image": "Dockerfile",
    "entryPoint": null,
    "arguments": {
      "type": 1,
      "file": 4,
      "line": 89,
      "col": 3,
      "seq": [
        {
          "type": 3,
          "file": 4,
          "line": 89,
          "col": 5,
          "expr": "inputs.user"
        },
        {
          "type": 3,
          "file": 4,
          "line": 90,
          "col": 5,
          "expr": "inputs.password"
        },
        {
          "type": 3,
          "file": 4,
          "line": 91,
          "col": 5,
          "expr": "inputs.repository-url"
        },
        {
          "type": 3,
          "file": 4,
          "line": 92,
          "col": 5,
          "expr": "inputs.packages-dir"
        },
        {
          "type": 3,
          "file": 4,
          "line": 93,
          "col": 5,
          "expr": "inputs.verify-metadata"
        },
        {
          "type": 3,
          "file": 4,
          "line": 94,
          "col": 5,
          "expr": "inputs.skip-existing"
        },
        {
          "type": 3,
          "file": 4,
          "line": 95,
          "col": 5,
          "expr": "inputs.verbose"
        },
        {
          "type": 3,
          "file": 4,
          "line": 96,
          "col": 5,
          "expr": "inputs.print-hash"
        }
      ]
    },
    "environment": null,
    "pre": null,
    "post": null,
    "cleanupCondition": "always()",
    "initCondition": "always()"
  },
  "deprecated": {
    "repository_url": "The inputs have been normalized to use kebab-case. Use `repository-url` instead.",
    "packages_dir": "The inputs have been normalized to use kebab-case. Use `packages-dir` instead.",
    "verify_metadata": "The inputs have been normalized to use kebab-case. Use `verify-metadata` instead.",
    "skip_existing": "The inputs have been normalized to use kebab-case. Use `skip-existing` instead.",
    "print_hash": "The inputs have been normalized to use kebab-case. Use `print-hash` instead."
  }
}
[2025-03-18 11:36:31Z INFO ActionManager] Action container Dockerfile/image: Dockerfile.
[2025-03-18 11:36:31Z INFO ActionManager] Action container args:  {
  "type": 1,
  "file": 4,
  "line": 89,
  "col": 3,
  "seq": [
    {
      "type": 3,
      "file": 4,
      "line": 89,
      "col": 5,
      "expr": "inputs.user"
    },
    {
      "type": 3,
      "file": 4,
      "line": 90,
      "col": 5,
      "expr": "inputs.password"
    },
    {
      "type": 3,
      "file": 4,
      "line": 91,
      "col": 5,
      "expr": "inputs.repository-url"
    },
    {
      "type": 3,
      "file": 4,
      "line": 92,
      "col": 5,
      "expr": "inputs.packages-dir"
    },
    {
      "type": 3,
      "file": 4,
      "line": 93,
      "col": 5,
      "expr": "inputs.verify-metadata"
    },
    {
      "type": 3,
      "file": 4,
      "line": 94,
      "col": 5,
      "expr": "inputs.skip-existing"
    },
    {
      "type": 3,
      "file": 4,
      "line": 95,
      "col": 5,
      "expr": "inputs.verbose"
    },
    {
      "type": 3,
      "file": 4,
      "line": 96,
      "col": 5,
      "expr": "inputs.print-hash"
    }
  ]
}.
[2025-03-18 11:36:31Z INFO ActionManager] 1 steps need to build image from '/home/jenny/tensorflow-mri/actions-runner/_work/_actions/pypa/gh-action-pypi-publish/release/v1.7/Dockerfile'
[2025-03-18 11:36:31Z INFO DockerCommandManager] Which2: 'docker'
[2025-03-18 11:36:31Z INFO DockerCommandManager] Location: '/usr/bin/docker'
[2025-03-18 11:36:31Z INFO HostContext] Well known directory 'Bin': '/home/jenny/tensorflow-mri/actions-runner/bin'
[2025-03-18 11:36:31Z INFO HostContext] Well known directory 'Root': '/home/jenny/tensorflow-mri/actions-runner'
[2025-03-18 11:36:31Z INFO JobExtension] Adding .
[2025-03-18 11:36:31Z INFO JobExtension] Adding .
[2025-03-18 11:36:31Z INFO JobExtension] Adding .
[2025-03-18 11:36:31Z INFO JobExtension] Adding .
[2025-03-18 11:36:31Z INFO JobExtension] Adding .
[2025-03-18 11:36:31Z INFO JobExtension] Adding .
[2025-03-18 11:36:31Z INFO JobExtension] Adding .
[2025-03-18 11:36:31Z INFO JobExtension] Adding .
[2025-03-18 11:36:31Z INFO JobExtension] Adding .
[2025-03-18 11:36:31Z INFO JobExtension] Adding .
[2025-03-18 11:36:31Z INFO JobExtension] Adding .
[2025-03-18 11:36:31Z INFO JobExtension] Adding .
[2025-03-18 11:36:31Z INFO HostContext] Well known directory 'Bin': '/home/jenny/tensorflow-mri/actions-runner/bin'
[2025-03-18 11:36:31Z INFO HostContext] Well known directory 'Root': '/home/jenny/tensorflow-mri/actions-runner'
[2025-03-18 11:36:31Z INFO HostContext] Well known directory 'Diag': '/home/jenny/tensorflow-mri/actions-runner/_diag'
[2025-03-18 11:36:31Z INFO HostContext] Well known directory 'Bin': '/home/jenny/tensorflow-mri/actions-runner/bin'
[2025-03-18 11:36:31Z INFO HostContext] Well known directory 'Root': '/home/jenny/tensorflow-mri/actions-runner'
[2025-03-18 11:36:31Z INFO HostContext] Well known directory 'Diag': '/home/jenny/tensorflow-mri/actions-runner/_diag'
[2025-03-18 11:36:31Z INFO HostContext] Well known directory 'Bin': '/home/jenny/tensorflow-mri/actions-runner/bin'
[2025-03-18 11:36:31Z INFO HostContext] Well known directory 'Root': '/home/jenny/tensorflow-mri/actions-runner'
[2025-03-18 11:36:31Z INFO HostContext] Well known directory 'Diag': '/home/jenny/tensorflow-mri/actions-runner/_diag'
[2025-03-18 11:36:31Z INFO HostContext] Well known directory 'Bin': '/home/jenny/tensorflow-mri/actions-runner/bin'
[2025-03-18 11:36:31Z INFO HostContext] Well known directory 'Root': '/home/jenny/tensorflow-mri/actions-runner'
[2025-03-18 11:36:31Z INFO HostContext] Well known directory 'Diag': '/home/jenny/tensorflow-mri/actions-runner/_diag'
[2025-03-18 11:36:31Z INFO HostContext] Well known directory 'Bin': '/home/jenny/tensorflow-mri/actions-runner/bin'
[2025-03-18 11:36:31Z INFO HostContext] Well known directory 'Root': '/home/jenny/tensorflow-mri/actions-runner'
[2025-03-18 11:36:31Z INFO HostContext] Well known directory 'Diag': '/home/jenny/tensorflow-mri/actions-runner/_diag'
[2025-03-18 11:36:31Z INFO HostContext] Well known directory 'Bin': '/home/jenny/tensorflow-mri/actions-runner/bin'
[2025-03-18 11:36:31Z INFO HostContext] Well known directory 'Root': '/home/jenny/tensorflow-mri/actions-runner'
[2025-03-18 11:36:31Z INFO HostContext] Well known directory 'Diag': '/home/jenny/tensorflow-mri/actions-runner/_diag'
[2025-03-18 11:36:31Z INFO HostContext] Well known directory 'Bin': '/home/jenny/tensorflow-mri/actions-runner/bin'
[2025-03-18 11:36:31Z INFO HostContext] Well known directory 'Root': '/home/jenny/tensorflow-mri/actions-runner'
[2025-03-18 11:36:31Z INFO HostContext] Well known directory 'Diag': '/home/jenny/tensorflow-mri/actions-runner/_diag'
[2025-03-18 11:36:31Z INFO HostContext] Well known directory 'Bin': '/home/jenny/tensorflow-mri/actions-runner/bin'
[2025-03-18 11:36:31Z INFO HostContext] Well known directory 'Root': '/home/jenny/tensorflow-mri/actions-runner'
[2025-03-18 11:36:31Z INFO HostContext] Well known directory 'Diag': '/home/jenny/tensorflow-mri/actions-runner/_diag'
[2025-03-18 11:36:31Z INFO HostContext] Well known directory 'Bin': '/home/jenny/tensorflow-mri/actions-runner/bin'
[2025-03-18 11:36:31Z INFO HostContext] Well known directory 'Root': '/home/jenny/tensorflow-mri/actions-runner'
[2025-03-18 11:36:31Z INFO HostContext] Well known directory 'Diag': '/home/jenny/tensorflow-mri/actions-runner/_diag'
[2025-03-18 11:36:31Z INFO HostContext] Well known directory 'Bin': '/home/jenny/tensorflow-mri/actions-runner/bin'
[2025-03-18 11:36:31Z INFO HostContext] Well known directory 'Root': '/home/jenny/tensorflow-mri/actions-runner'
[2025-03-18 11:36:31Z INFO HostContext] Well known directory 'Diag': '/home/jenny/tensorflow-mri/actions-runner/_diag'
[2025-03-18 11:36:31Z INFO HostContext] Well known directory 'Bin': '/home/jenny/tensorflow-mri/actions-runner/bin'
[2025-03-18 11:36:31Z INFO HostContext] Well known directory 'Root': '/home/jenny/tensorflow-mri/actions-runner'
[2025-03-18 11:36:31Z INFO HostContext] Well known directory 'Diag': '/home/jenny/tensorflow-mri/actions-runner/_diag'
[2025-03-18 11:36:31Z INFO HostContext] Well known directory 'Bin': '/home/jenny/tensorflow-mri/actions-runner/bin'
[2025-03-18 11:36:31Z INFO HostContext] Well known directory 'Root': '/home/jenny/tensorflow-mri/actions-runner'
[2025-03-18 11:36:31Z INFO HostContext] Well known directory 'Diag': '/home/jenny/tensorflow-mri/actions-runner/_diag'
[2025-03-18 11:36:31Z INFO JobServerQueue] Try to append 1 batches web console lines for record '86a91083-ec42-427c-b5a9-fba6fa37b16d', success rate: 1/1.
[2025-03-18 11:36:31Z INFO HostContext] Well known directory 'Bin': '/home/jenny/tensorflow-mri/actions-runner/bin'
[2025-03-18 11:36:31Z INFO HostContext] Well known directory 'Root': '/home/jenny/tensorflow-mri/actions-runner'
[2025-03-18 11:36:31Z INFO HostContext] Well known directory 'Diag': '/home/jenny/tensorflow-mri/actions-runner/_diag'
[2025-03-18 11:36:31Z INFO HostContext] Well known directory 'Bin': '/home/jenny/tensorflow-mri/actions-runner/bin'
[2025-03-18 11:36:31Z INFO HostContext] Well known directory 'Root': '/home/jenny/tensorflow-mri/actions-runner'
[2025-03-18 11:36:31Z INFO HostContext] Well known directory 'Diag': '/home/jenny/tensorflow-mri/actions-runner/_diag'
[2025-03-18 11:36:31Z INFO HostContext] Well known directory 'Bin': '/home/jenny/tensorflow-mri/actions-runner/bin'
[2025-03-18 11:36:31Z INFO HostContext] Well known directory 'Root': '/home/jenny/tensorflow-mri/actions-runner'
[2025-03-18 11:36:31Z INFO HostContext] Well known directory 'Diag': '/home/jenny/tensorflow-mri/actions-runner/_diag'
[2025-03-18 11:36:31Z INFO HostContext] Well known directory 'Bin': '/home/jenny/tensorflow-mri/actions-runner/bin'
[2025-03-18 11:36:31Z INFO HostContext] Well known directory 'Root': '/home/jenny/tensorflow-mri/actions-runner'
[2025-03-18 11:36:31Z INFO HostContext] Well known directory 'Diag': '/home/jenny/tensorflow-mri/actions-runner/_diag'
[2025-03-18 11:36:31Z INFO HostContext] Well known directory 'Bin': '/home/jenny/tensorflow-mri/actions-runner/bin'
[2025-03-18 11:36:31Z INFO HostContext] Well known directory 'Root': '/home/jenny/tensorflow-mri/actions-runner'
[2025-03-18 11:36:31Z INFO HostContext] Well known directory 'Diag': '/home/jenny/tensorflow-mri/actions-runner/_diag'
[2025-03-18 11:36:31Z INFO HostContext] Well known directory 'Bin': '/home/jenny/tensorflow-mri/actions-runner/bin'
[2025-03-18 11:36:31Z INFO HostContext] Well known directory 'Root': '/home/jenny/tensorflow-mri/actions-runner'
[2025-03-18 11:36:31Z INFO HostContext] Well known directory 'Diag': '/home/jenny/tensorflow-mri/actions-runner/_diag'
[2025-03-18 11:36:31Z INFO HostContext] Well known directory 'Bin': '/home/jenny/tensorflow-mri/actions-runner/bin'
[2025-03-18 11:36:31Z INFO HostContext] Well known directory 'Root': '/home/jenny/tensorflow-mri/actions-runner'
[2025-03-18 11:36:31Z INFO HostContext] Well known directory 'Diag': '/home/jenny/tensorflow-mri/actions-runner/_diag'
[2025-03-18 11:36:31Z INFO HostContext] Well known directory 'Bin': '/home/jenny/tensorflow-mri/actions-runner/bin'
[2025-03-18 11:36:31Z INFO HostContext] Well known directory 'Root': '/home/jenny/tensorflow-mri/actions-runner'
[2025-03-18 11:36:31Z INFO HostContext] Well known directory 'Diag': '/home/jenny/tensorflow-mri/actions-runner/_diag'
[2025-03-18 11:36:31Z INFO HostContext] Well known directory 'Bin': '/home/jenny/tensorflow-mri/actions-runner/bin'
[2025-03-18 11:36:31Z INFO HostContext] Well known directory 'Root': '/home/jenny/tensorflow-mri/actions-runner'
[2025-03-18 11:36:31Z INFO HostContext] Well known directory 'Diag': '/home/jenny/tensorflow-mri/actions-runner/_diag'
[2025-03-18 11:36:31Z INFO HostContext] Well known directory 'Bin': '/home/jenny/tensorflow-mri/actions-runner/bin'
[2025-03-18 11:36:31Z INFO HostContext] Well known directory 'Root': '/home/jenny/tensorflow-mri/actions-runner'
[2025-03-18 11:36:31Z INFO HostContext] Well known directory 'Diag': '/home/jenny/tensorflow-mri/actions-runner/_diag'
[2025-03-18 11:36:31Z INFO HostContext] Well known directory 'Bin': '/home/jenny/tensorflow-mri/actions-runner/bin'
[2025-03-18 11:36:31Z INFO HostContext] Well known directory 'Root': '/home/jenny/tensorflow-mri/actions-runner'
[2025-03-18 11:36:31Z INFO HostContext] Well known directory 'Diag': '/home/jenny/tensorflow-mri/actions-runner/_diag'
[2025-03-18 11:36:31Z INFO HostContext] Well known directory 'Bin': '/home/jenny/tensorflow-mri/actions-runner/bin'
[2025-03-18 11:36:31Z INFO HostContext] Well known directory 'Root': '/home/jenny/tensorflow-mri/actions-runner'
[2025-03-18 11:36:31Z INFO HostContext] Well known directory 'Diag': '/home/jenny/tensorflow-mri/actions-runner/_diag'
[2025-03-18 11:36:31Z INFO HostContext] Well known directory 'Bin': '/home/jenny/tensorflow-mri/actions-runner/bin'
[2025-03-18 11:36:31Z INFO HostContext] Well known directory 'Root': '/home/jenny/tensorflow-mri/actions-runner'
[2025-03-18 11:36:31Z INFO HostContext] Well known directory 'Diag': '/home/jenny/tensorflow-mri/actions-runner/_diag'
[2025-03-18 11:36:31Z INFO HostContext] Well known directory 'Bin': '/home/jenny/tensorflow-mri/actions-runner/bin'
[2025-03-18 11:36:31Z INFO HostContext] Well known directory 'Root': '/home/jenny/tensorflow-mri/actions-runner'
[2025-03-18 11:36:31Z INFO HostContext] Well known directory 'Diag': '/home/jenny/tensorflow-mri/actions-runner/_diag'
[2025-03-18 11:36:31Z INFO HostContext] Well known directory 'Bin': '/home/jenny/tensorflow-mri/actions-runner/bin'
[2025-03-18 11:36:31Z INFO HostContext] Well known directory 'Root': '/home/jenny/tensorflow-mri/actions-runner'
[2025-03-18 11:36:31Z INFO HostContext] Well known directory 'Diag': '/home/jenny/tensorflow-mri/actions-runner/_diag'
[2025-03-18 11:36:31Z INFO HostContext] Well known directory 'Bin': '/home/jenny/tensorflow-mri/actions-runner/bin'
[2025-03-18 11:36:31Z INFO HostContext] Well known directory 'Root': '/home/jenny/tensorflow-mri/actions-runner'
[2025-03-18 11:36:31Z INFO HostContext] Well known directory 'Diag': '/home/jenny/tensorflow-mri/actions-runner/_diag'
[2025-03-18 11:36:31Z INFO JobExtension] Total accessible running process: 966.
[2025-03-18 11:36:31Z INFO HostContext] Well known directory 'Bin': '/home/jenny/tensorflow-mri/actions-runner/bin'
[2025-03-18 11:36:31Z INFO HostContext] Well known directory 'Root': '/home/jenny/tensorflow-mri/actions-runner'
[2025-03-18 11:36:31Z INFO HostContext] Well known directory 'Work': '/home/jenny/tensorflow-mri/actions-runner/_work'
[2025-03-18 11:36:31Z INFO JobExtension] Start checking service connectivity in background.
[2025-03-18 11:36:31Z INFO ExecutionContext] Publish step telemetry for current step {
  "action": "setup_job",
  "type": "runner",
  "stage": "Pre",
  "stepId": "86a91083-ec42-427c-b5a9-fba6fa37b16d",
  "result": "succeeded",
  "errorMessages": [],
  "executionTimeInSeconds": 2,
  "startTime": "2025-03-18T11:36:30.0956222Z",
  "finishTime": "2025-03-18T11:36:31.962159Z"
}.
[2025-03-18 11:36:31Z INFO JobRunner] Total job steps: 14.
[2025-03-18 11:36:31Z INFO JobRunner] Run all job steps.
[2025-03-18 11:36:31Z INFO StepsRunner] Processing step: DisplayName='Build pypa/gh-action-pypi-publish@release/v1.7'
[2025-03-18 11:36:31Z INFO StepsRunner] Evaluating: success()
[2025-03-18 11:36:31Z INFO StepsRunner] Result: true
[2025-03-18 11:36:31Z INFO StepsRunner] Starting the step.
[2025-03-18 11:36:31Z INFO ProcessInvokerWrapper] Starting process:
[2025-03-18 11:36:31Z INFO ProcessInvokerWrapper]   File name: '/usr/bin/docker'
[2025-03-18 11:36:31Z INFO ProcessInvokerWrapper]   Arguments: 'build -t b6156e:7ab132d9bd6e40d59b2a84ae77a8afa7 -f "/home/jenny/tensorflow-mri/actions-runner/_work/_actions/pypa/gh-action-pypi-publish/release/v1.7/Dockerfile" "/home/jenny/tensorflow-mri/actions-runner/_work/_actions/pypa/gh-action-pypi-publish/release/v1.7"'
[2025-03-18 11:36:31Z INFO ProcessInvokerWrapper]   Working directory: '/home/jenny/tensorflow-mri/actions-runner/_work/_actions/pypa/gh-action-pypi-publish/release/v1.7'
[2025-03-18 11:36:31Z INFO ProcessInvokerWrapper]   Require exit code zero: 'False'
[2025-03-18 11:36:31Z INFO ProcessInvokerWrapper]   Encoding web name:  ; code page: ''
[2025-03-18 11:36:31Z INFO ProcessInvokerWrapper]   Force kill process on cancellation: 'False'
[2025-03-18 11:36:31Z INFO ProcessInvokerWrapper]   Redirected STDIN: 'False'
[2025-03-18 11:36:31Z INFO ProcessInvokerWrapper]   Persist current code page: 'False'
[2025-03-18 11:36:31Z INFO ProcessInvokerWrapper]   Keep redirected STDIN open: 'False'
[2025-03-18 11:36:31Z INFO ProcessInvokerWrapper]   High priority process: 'False'
[2025-03-18 11:36:31Z INFO ProcessInvokerWrapper] Updated oom_score_adj to 500 for PID: 951016.
[2025-03-18 11:36:31Z INFO ProcessInvokerWrapper] Process started with process id 951016, waiting for process exit.
[2025-03-18 11:36:32Z INFO JobServerQueue] Got a step log file to send to results service.
[2025-03-18 11:36:32Z INFO JobServerQueue] Starting upload of step log file to results service ResultsLog, /home/jenny/tensorflow-mri/actions-runner/_diag/blocks/f9831e23-b408-4648-9cf3-bae7a143ca3d_86a91083-ec42-427c-b5a9-fba6fa37b16d.1
[2025-03-18 11:36:32Z INFO JobServerQueue] Try to upload 1 log files or attachments, success rate: 1/1.
[2025-03-18 11:36:32Z INFO JobServerQueue] Try to append 1 batches web console lines for record 'e400b6f0-29dd-42cd-9d36-22f43cba1910', success rate: 1/1.
[2025-03-18 11:36:32Z INFO JobServerQueue] Try to append 1 batches web console lines for record 'e400b6f0-29dd-42cd-9d36-22f43cba1910', success rate: 1/1.
[2025-03-18 11:36:32Z INFO JobServerQueue] Tried to upload 1 file(s) to results, success rate: 1/1.
[2025-03-18 11:36:32Z INFO ProcessInvokerWrapper] STDOUT/STDERR stream read finished.
[2025-03-18 11:36:32Z INFO ProcessInvokerWrapper] STDOUT/STDERR stream read finished.
[2025-03-18 11:36:32Z INFO ProcessInvokerWrapper] Finished process 951016 with exit code 0, and elapsed time 00:00:00.8260065.
[2025-03-18 11:36:32Z INFO ActionManager] Prepared docker image 'b6156e:7ab132d9bd6e40d59b2a84ae77a8afa7' for action 774243a5-489c-4428-8725-fc6d25c9cb4e (/home/jenny/tensorflow-mri/actions-runner/_work/_actions/pypa/gh-action-pypi-publish/release/v1.7/Dockerfile)
[2025-03-18 11:36:32Z INFO StepsRunner] Step result: 
[2025-03-18 11:36:32Z INFO ExecutionContext] Publish step telemetry for current step {
  "action": "build_pypa/gh-action-pypi-publish@release/v1.7",
  "type": "runner",
  "stage": "Pre",
  "stepId": "e400b6f0-29dd-42cd-9d36-22f43cba1910",
  "stepContextName": "e400b6f029dd42cd9d3622f43cba1910",
  "result": "succeeded",
  "errorMessages": [],
  "executionTimeInSeconds": 1,
  "startTime": "2025-03-18T11:36:31.97268Z",
  "finishTime": "2025-03-18T11:36:32.8084198Z"
}.
[2025-03-18 11:36:32Z INFO StepsRunner] No need for updating job result with current step result 'Succeeded'.
[2025-03-18 11:36:32Z INFO StepsRunner] Current state: job state = ''
[2025-03-18 11:36:32Z INFO StepsRunner] Processing step: DisplayName='Initialize containers'
[2025-03-18 11:36:32Z INFO StepsRunner] Evaluating: success()
[2025-03-18 11:36:32Z INFO StepsRunner] Result: true
[2025-03-18 11:36:32Z INFO StepsRunner] Starting the step.
[2025-03-18 11:36:32Z INFO ExecutionContext] Reserve record order 16 to 30 for post job actions.
[2025-03-18 11:36:32Z INFO HostContext] Well known directory 'Bin': '/home/jenny/tensorflow-mri/actions-runner/bin'
[2025-03-18 11:36:32Z INFO HostContext] Well known directory 'Root': '/home/jenny/tensorflow-mri/actions-runner'
[2025-03-18 11:36:32Z INFO HostContext] Well known directory 'Diag': '/home/jenny/tensorflow-mri/actions-runner/_diag'
[2025-03-18 11:36:32Z INFO HostContext] Well known directory 'Bin': '/home/jenny/tensorflow-mri/actions-runner/bin'
[2025-03-18 11:36:32Z INFO HostContext] Well known directory 'Root': '/home/jenny/tensorflow-mri/actions-runner'
[2025-03-18 11:36:32Z INFO HostContext] Well known directory 'Diag': '/home/jenny/tensorflow-mri/actions-runner/_diag'
[2025-03-18 11:36:32Z INFO ProcessInvokerWrapper] Starting process:
[2025-03-18 11:36:32Z INFO ProcessInvokerWrapper]   File name: '/usr/bin/docker'
[2025-03-18 11:36:32Z INFO ProcessInvokerWrapper]   Arguments: 'version --format '{{.Server.APIVersion}}''
[2025-03-18 11:36:32Z INFO ProcessInvokerWrapper]   Working directory: '/home/jenny/tensorflow-mri/actions-runner/_work/tensorflow-mri/tensorflow-mri'
[2025-03-18 11:36:32Z INFO ProcessInvokerWrapper]   Require exit code zero: 'True'
[2025-03-18 11:36:32Z INFO ProcessInvokerWrapper]   Encoding web name:  ; code page: ''
[2025-03-18 11:36:32Z INFO ProcessInvokerWrapper]   Force kill process on cancellation: 'False'
[2025-03-18 11:36:32Z INFO ProcessInvokerWrapper]   Redirected STDIN: 'False'
[2025-03-18 11:36:32Z INFO ProcessInvokerWrapper]   Persist current code page: 'False'
[2025-03-18 11:36:32Z INFO ProcessInvokerWrapper]   Keep redirected STDIN open: 'False'
[2025-03-18 11:36:32Z INFO ProcessInvokerWrapper]   High priority process: 'False'
[2025-03-18 11:36:32Z INFO ProcessInvokerWrapper] Updated oom_score_adj to 500 for PID: 951106.
[2025-03-18 11:36:32Z INFO ProcessInvokerWrapper] Process started with process id 951106, waiting for process exit.
[2025-03-18 11:36:32Z INFO ProcessInvokerWrapper] STDOUT/STDERR stream read finished.
[2025-03-18 11:36:32Z INFO ProcessInvokerWrapper] STDOUT/STDERR stream read finished.
[2025-03-18 11:36:32Z INFO ProcessInvokerWrapper] Finished process 951106 with exit code 0, and elapsed time 00:00:00.0144789.
[2025-03-18 11:36:32Z INFO ProcessInvokerWrapper] Starting process:
[2025-03-18 11:36:32Z INFO ProcessInvokerWrapper]   File name: '/usr/bin/docker'
[2025-03-18 11:36:32Z INFO ProcessInvokerWrapper]   Arguments: 'version --format '{{.Client.APIVersion}}''
[2025-03-18 11:36:32Z INFO ProcessInvokerWrapper]   Working directory: '/home/jenny/tensorflow-mri/actions-runner/_work/tensorflow-mri/tensorflow-mri'
[2025-03-18 11:36:32Z INFO ProcessInvokerWrapper]   Require exit code zero: 'True'
[2025-03-18 11:36:32Z INFO ProcessInvokerWrapper]   Encoding web name:  ; code page: ''
[2025-03-18 11:36:32Z INFO ProcessInvokerWrapper]   Force kill process on cancellation: 'False'
[2025-03-18 11:36:32Z INFO ProcessInvokerWrapper]   Redirected STDIN: 'False'
[2025-03-18 11:36:32Z INFO ProcessInvokerWrapper]   Persist current code page: 'False'
[2025-03-18 11:36:32Z INFO ProcessInvokerWrapper]   Keep redirected STDIN open: 'False'
[2025-03-18 11:36:32Z INFO ProcessInvokerWrapper]   High priority process: 'False'
[2025-03-18 11:36:32Z INFO ProcessInvokerWrapper] Updated oom_score_adj to 500 for PID: 951124.
[2025-03-18 11:36:32Z INFO ProcessInvokerWrapper] Process started with process id 951124, waiting for process exit.
[2025-03-18 11:36:32Z INFO ProcessInvokerWrapper] STDOUT/STDERR stream read finished.
[2025-03-18 11:36:32Z INFO ProcessInvokerWrapper] STDOUT/STDERR stream read finished.
[2025-03-18 11:36:32Z INFO ProcessInvokerWrapper] Finished process 951124 with exit code 0, and elapsed time 00:00:00.0141227.
[2025-03-18 11:36:32Z INFO ProcessInvokerWrapper] Starting process:
[2025-03-18 11:36:32Z INFO ProcessInvokerWrapper]   File name: '/usr/bin/docker'
[2025-03-18 11:36:32Z INFO ProcessInvokerWrapper]   Arguments: 'ps --all --quiet --no-trunc --filter "label=b6156e"'
[2025-03-18 11:36:32Z INFO ProcessInvokerWrapper]   Working directory: '/home/jenny/tensorflow-mri/actions-runner/_work/tensorflow-mri/tensorflow-mri'
[2025-03-18 11:36:32Z INFO ProcessInvokerWrapper]   Require exit code zero: 'True'
[2025-03-18 11:36:32Z INFO ProcessInvokerWrapper]   Encoding web name:  ; code page: ''
[2025-03-18 11:36:32Z INFO ProcessInvokerWrapper]   Force kill process on cancellation: 'False'
[2025-03-18 11:36:32Z INFO ProcessInvokerWrapper]   Redirected STDIN: 'False'
[2025-03-18 11:36:32Z INFO ProcessInvokerWrapper]   Persist current code page: 'False'
[2025-03-18 11:36:32Z INFO ProcessInvokerWrapper]   Keep redirected STDIN open: 'False'
[2025-03-18 11:36:32Z INFO ProcessInvokerWrapper]   High priority process: 'False'
[2025-03-18 11:36:32Z INFO ProcessInvokerWrapper] Updated oom_score_adj to 500 for PID: 951143.
[2025-03-18 11:36:32Z INFO ProcessInvokerWrapper] Process started with process id 951143, waiting for process exit.
[2025-03-18 11:36:32Z INFO ProcessInvokerWrapper] STDOUT/STDERR stream read finished.
[2025-03-18 11:36:32Z INFO ProcessInvokerWrapper] STDOUT/STDERR stream read finished.
[2025-03-18 11:36:32Z INFO ProcessInvokerWrapper] Finished process 951143 with exit code 0, and elapsed time 00:00:00.0100444.
[2025-03-18 11:36:32Z INFO ProcessInvokerWrapper] Starting process:
[2025-03-18 11:36:32Z INFO ProcessInvokerWrapper]   File name: '/usr/bin/docker'
[2025-03-18 11:36:32Z INFO ProcessInvokerWrapper]   Arguments: 'network prune --force --filter "label=b6156e"'
[2025-03-18 11:36:32Z INFO ProcessInvokerWrapper]   Working directory: '/home/jenny/tensorflow-mri/actions-runner/_work/tensorflow-mri/tensorflow-mri'
[2025-03-18 11:36:32Z INFO ProcessInvokerWrapper]   Require exit code zero: 'False'
[2025-03-18 11:36:32Z INFO ProcessInvokerWrapper]   Encoding web name:  ; code page: ''
[2025-03-18 11:36:32Z INFO ProcessInvokerWrapper]   Force kill process on cancellation: 'False'
[2025-03-18 11:36:32Z INFO ProcessInvokerWrapper]   Redirected STDIN: 'False'
[2025-03-18 11:36:32Z INFO ProcessInvokerWrapper]   Persist current code page: 'False'
[2025-03-18 11:36:32Z INFO ProcessInvokerWrapper]   Keep redirected STDIN open: 'False'
[2025-03-18 11:36:32Z INFO ProcessInvokerWrapper]   High priority process: 'False'
[2025-03-18 11:36:32Z INFO ProcessInvokerWrapper] Updated oom_score_adj to 500 for PID: 951157.
[2025-03-18 11:36:32Z INFO ProcessInvokerWrapper] Process started with process id 951157, waiting for process exit.
[2025-03-18 11:36:32Z INFO ProcessInvokerWrapper] STDOUT/STDERR stream read finished.
[2025-03-18 11:36:32Z INFO ProcessInvokerWrapper] STDOUT/STDERR stream read finished.
[2025-03-18 11:36:32Z INFO ProcessInvokerWrapper] Finished process 951157 with exit code 0, and elapsed time 00:00:00.0098413.
[2025-03-18 11:36:32Z INFO ProcessInvokerWrapper] Starting process:
[2025-03-18 11:36:32Z INFO ProcessInvokerWrapper]   File name: '/usr/bin/docker'
[2025-03-18 11:36:32Z INFO ProcessInvokerWrapper]   Arguments: 'network create --label b6156e github_network_797569cdd8fc4522b7f1f5614164bea6'
[2025-03-18 11:36:32Z INFO ProcessInvokerWrapper]   Working directory: '/home/jenny/tensorflow-mri/actions-runner/_work/tensorflow-mri/tensorflow-mri'
[2025-03-18 11:36:32Z INFO ProcessInvokerWrapper]   Require exit code zero: 'False'
[2025-03-18 11:36:32Z INFO ProcessInvokerWrapper]   Encoding web name:  ; code page: ''
[2025-03-18 11:36:32Z INFO ProcessInvokerWrapper]   Force kill process on cancellation: 'False'
[2025-03-18 11:36:32Z INFO ProcessInvokerWrapper]   Redirected STDIN: 'False'
[2025-03-18 11:36:32Z INFO ProcessInvokerWrapper]   Persist current code page: 'False'
[2025-03-18 11:36:32Z INFO ProcessInvokerWrapper]   Keep redirected STDIN open: 'False'
[2025-03-18 11:36:32Z INFO ProcessInvokerWrapper]   High priority process: 'False'
[2025-03-18 11:36:32Z INFO ProcessInvokerWrapper] Updated oom_score_adj to 500 for PID: 951167.
[2025-03-18 11:36:32Z INFO ProcessInvokerWrapper] Process started with process id 951167, waiting for process exit.
[2025-03-18 11:36:32Z INFO JobServerQueue] Try to append 1 batches web console lines for record 'e400b6f0-29dd-42cd-9d36-22f43cba1910', success rate: 1/1.
[2025-03-18 11:36:32Z INFO JobServerQueue] Try to append 1 batches web console lines for record 'b3b8928e-6d63-41ce-a9bf-675d42de03ed', success rate: 1/1.
[2025-03-18 11:36:32Z INFO ProcessInvokerWrapper] STDOUT/STDERR stream read finished.
[2025-03-18 11:36:32Z INFO ProcessInvokerWrapper] STDOUT/STDERR stream read finished.
[2025-03-18 11:36:32Z INFO ProcessInvokerWrapper] Finished process 951167 with exit code 0, and elapsed time 00:00:00.0471927.
[2025-03-18 11:36:32Z INFO ContainerOperationProvider] Container name: 459f1a8ff23444f58f2ff495062e6866
[2025-03-18 11:36:32Z INFO ContainerOperationProvider] Container image: ghcr.io/mrphys/tensorflow-manylinux:1.14.0
[2025-03-18 11:36:32Z INFO ContainerOperationProvider] Container options: 
[2025-03-18 11:36:32Z INFO HostContext] Well known directory 'Bin': '/home/jenny/tensorflow-mri/actions-runner/bin'
[2025-03-18 11:36:32Z INFO HostContext] Well known directory 'Root': '/home/jenny/tensorflow-mri/actions-runner'
[2025-03-18 11:36:32Z INFO HostContext] Well known directory 'Work': '/home/jenny/tensorflow-mri/actions-runner/_work'
[2025-03-18 11:36:32Z INFO HostContext] Well known directory 'Temp': '/home/jenny/tensorflow-mri/actions-runner/_work/_temp'
[2025-03-18 11:36:32Z INFO ProcessInvokerWrapper] Starting process:
[2025-03-18 11:36:32Z INFO ProcessInvokerWrapper]   File name: '/usr/bin/docker'
[2025-03-18 11:36:32Z INFO ProcessInvokerWrapper]   Arguments: '--config /home/jenny/tensorflow-mri/actions-runner/_work/_temp/.docker_164cf690-a875-42ae-b585-34d6dc975378 login ghcr.io -u jennifersteeden --password-stdin'
[2025-03-18 11:36:32Z INFO ProcessInvokerWrapper]   Working directory: '/home/jenny/tensorflow-mri/actions-runner/_work/tensorflow-mri/tensorflow-mri'
[2025-03-18 11:36:32Z INFO ProcessInvokerWrapper]   Require exit code zero: 'False'
[2025-03-18 11:36:32Z INFO ProcessInvokerWrapper]   Encoding web name:  ; code page: ''
[2025-03-18 11:36:32Z INFO ProcessInvokerWrapper]   Force kill process on cancellation: 'False'
[2025-03-18 11:36:32Z INFO ProcessInvokerWrapper]   Redirected STDIN: 'True'
[2025-03-18 11:36:32Z INFO ProcessInvokerWrapper]   Persist current code page: 'False'
[2025-03-18 11:36:32Z INFO ProcessInvokerWrapper]   Keep redirected STDIN open: 'False'
[2025-03-18 11:36:32Z INFO ProcessInvokerWrapper]   High priority process: 'False'
[2025-03-18 11:36:32Z INFO ProcessInvokerWrapper] Updated oom_score_adj to 500 for PID: 951234.
[2025-03-18 11:36:32Z INFO ProcessInvokerWrapper] Process started with process id 951234, waiting for process exit.
[2025-03-18 11:36:32Z INFO ProcessInvokerWrapper] Close STDIN after the first redirect finished.
[2025-03-18 11:36:32Z INFO ProcessInvokerWrapper] STDIN stream write finished.
[2025-03-18 11:36:33Z INFO JobServerQueue] Try to upload 1 log files or attachments, success rate: 1/1.
[2025-03-18 11:36:33Z INFO JobServerQueue] Try to append 1 batches web console lines for record 'b3b8928e-6d63-41ce-a9bf-675d42de03ed', success rate: 1/1.
[2025-03-18 11:36:33Z INFO ProcessInvokerWrapper] STDOUT/STDERR stream read finished.
[2025-03-18 11:36:33Z INFO ProcessInvokerWrapper] STDOUT/STDERR stream read finished.
[2025-03-18 11:36:33Z INFO ProcessInvokerWrapper] Finished process 951234 with exit code 0, and elapsed time 00:00:00.3544064.
[2025-03-18 11:36:33Z INFO ProcessInvokerWrapper] Starting process:
[2025-03-18 11:36:33Z INFO ProcessInvokerWrapper]   File name: '/usr/bin/docker'
[2025-03-18 11:36:33Z INFO ProcessInvokerWrapper]   Arguments: '--config /home/jenny/tensorflow-mri/actions-runner/_work/_temp/.docker_164cf690-a875-42ae-b585-34d6dc975378 pull ghcr.io/mrphys/tensorflow-manylinux:1.14.0'
[2025-03-18 11:36:33Z INFO ProcessInvokerWrapper]   Working directory: '/home/jenny/tensorflow-mri/actions-runner/_work/tensorflow-mri/tensorflow-mri'
[2025-03-18 11:36:33Z INFO ProcessInvokerWrapper]   Require exit code zero: 'False'
[2025-03-18 11:36:33Z INFO ProcessInvokerWrapper]   Encoding web name:  ; code page: ''
[2025-03-18 11:36:33Z INFO ProcessInvokerWrapper]   Force kill process on cancellation: 'False'
[2025-03-18 11:36:33Z INFO ProcessInvokerWrapper]   Redirected STDIN: 'False'
[2025-03-18 11:36:33Z INFO ProcessInvokerWrapper]   Persist current code page: 'False'
[2025-03-18 11:36:33Z INFO ProcessInvokerWrapper]   Keep redirected STDIN open: 'False'
[2025-03-18 11:36:33Z INFO ProcessInvokerWrapper]   High priority process: 'False'
[2025-03-18 11:36:33Z INFO ProcessInvokerWrapper] Updated oom_score_adj to 500 for PID: 951245.
[2025-03-18 11:36:33Z INFO ProcessInvokerWrapper] Process started with process id 951245, waiting for process exit.
[2025-03-18 11:36:33Z INFO JobServerQueue] Try to append 1 batches web console lines for record 'b3b8928e-6d63-41ce-a9bf-675d42de03ed', success rate: 1/1.
[2025-03-18 11:36:33Z INFO JobServerQueue] Got a step log file to send to results service.
[2025-03-18 11:36:33Z INFO JobServerQueue] Starting upload of step log file to results service ResultsLog, /home/jenny/tensorflow-mri/actions-runner/_diag/blocks/f9831e23-b408-4648-9cf3-bae7a143ca3d_e400b6f0-29dd-42cd-9d36-22f43cba1910.1
[2025-03-18 11:36:33Z INFO ProcessInvokerWrapper] STDOUT/STDERR stream read finished.
[2025-03-18 11:36:33Z INFO ProcessInvokerWrapper] STDOUT/STDERR stream read finished.
[2025-03-18 11:36:33Z INFO ProcessInvokerWrapper] Finished process 951245 with exit code 0, and elapsed time 00:00:00.5681056.
[2025-03-18 11:36:33Z INFO HostContext] Well known directory 'Bin': '/home/jenny/tensorflow-mri/actions-runner/bin'
[2025-03-18 11:36:33Z INFO HostContext] Well known directory 'Root': '/home/jenny/tensorflow-mri/actions-runner'
[2025-03-18 11:36:33Z INFO HostContext] Well known directory 'Work': '/home/jenny/tensorflow-mri/actions-runner/_work'
[2025-03-18 11:36:33Z INFO HostContext] Well known directory 'Bin': '/home/jenny/tensorflow-mri/actions-runner/bin'
[2025-03-18 11:36:33Z INFO HostContext] Well known directory 'Root': '/home/jenny/tensorflow-mri/actions-runner'
[2025-03-18 11:36:33Z INFO HostContext] Well known directory 'Work': '/home/jenny/tensorflow-mri/actions-runner/_work'
[2025-03-18 11:36:33Z INFO HostContext] Well known directory 'Bin': '/home/jenny/tensorflow-mri/actions-runner/bin'
[2025-03-18 11:36:33Z INFO HostContext] Well known directory 'Root': '/home/jenny/tensorflow-mri/actions-runner'
[2025-03-18 11:36:33Z INFO HostContext] Well known directory 'Externals': '/home/jenny/tensorflow-mri/actions-runner/externals'
[2025-03-18 11:36:33Z INFO HostContext] Well known directory 'Bin': '/home/jenny/tensorflow-mri/actions-runner/bin'
[2025-03-18 11:36:33Z INFO HostContext] Well known directory 'Root': '/home/jenny/tensorflow-mri/actions-runner'
[2025-03-18 11:36:33Z INFO HostContext] Well known directory 'Externals': '/home/jenny/tensorflow-mri/actions-runner/externals'
[2025-03-18 11:36:33Z INFO HostContext] Well known directory 'Bin': '/home/jenny/tensorflow-mri/actions-runner/bin'
[2025-03-18 11:36:33Z INFO HostContext] Well known directory 'Root': '/home/jenny/tensorflow-mri/actions-runner'
[2025-03-18 11:36:33Z INFO HostContext] Well known directory 'Work': '/home/jenny/tensorflow-mri/actions-runner/_work'
[2025-03-18 11:36:33Z INFO HostContext] Well known directory 'Temp': '/home/jenny/tensorflow-mri/actions-runner/_work/_temp'
[2025-03-18 11:36:33Z INFO HostContext] Well known directory 'Bin': '/home/jenny/tensorflow-mri/actions-runner/bin'
[2025-03-18 11:36:33Z INFO HostContext] Well known directory 'Root': '/home/jenny/tensorflow-mri/actions-runner'
[2025-03-18 11:36:33Z INFO HostContext] Well known directory 'Work': '/home/jenny/tensorflow-mri/actions-runner/_work'
[2025-03-18 11:36:33Z INFO HostContext] Well known directory 'Temp': '/home/jenny/tensorflow-mri/actions-runner/_work/_temp'
[2025-03-18 11:36:33Z INFO HostContext] Well known directory 'Bin': '/home/jenny/tensorflow-mri/actions-runner/bin'
[2025-03-18 11:36:33Z INFO HostContext] Well known directory 'Root': '/home/jenny/tensorflow-mri/actions-runner'
[2025-03-18 11:36:33Z INFO HostContext] Well known directory 'Work': '/home/jenny/tensorflow-mri/actions-runner/_work'
[2025-03-18 11:36:33Z INFO HostContext] Well known directory 'Actions': '/home/jenny/tensorflow-mri/actions-runner/_work/_actions'
[2025-03-18 11:36:33Z INFO HostContext] Well known directory 'Bin': '/home/jenny/tensorflow-mri/actions-runner/bin'
[2025-03-18 11:36:33Z INFO HostContext] Well known directory 'Root': '/home/jenny/tensorflow-mri/actions-runner'
[2025-03-18 11:36:33Z INFO HostContext] Well known directory 'Work': '/home/jenny/tensorflow-mri/actions-runner/_work'
[2025-03-18 11:36:33Z INFO HostContext] Well known directory 'Actions': '/home/jenny/tensorflow-mri/actions-runner/_work/_actions'
[2025-03-18 11:36:33Z INFO HostContext] Well known directory 'Bin': '/home/jenny/tensorflow-mri/actions-runner/bin'
[2025-03-18 11:36:33Z INFO HostContext] Well known directory 'Root': '/home/jenny/tensorflow-mri/actions-runner'
[2025-03-18 11:36:33Z INFO HostContext] Well known directory 'Work': '/home/jenny/tensorflow-mri/actions-runner/_work'
[2025-03-18 11:36:33Z INFO HostContext] Well known directory 'Tools': '/home/jenny/tensorflow-mri/actions-runner/_work/_tool'
[2025-03-18 11:36:33Z INFO HostContext] Well known directory 'Bin': '/home/jenny/tensorflow-mri/actions-runner/bin'
[2025-03-18 11:36:33Z INFO HostContext] Well known directory 'Root': '/home/jenny/tensorflow-mri/actions-runner'
[2025-03-18 11:36:33Z INFO HostContext] Well known directory 'Work': '/home/jenny/tensorflow-mri/actions-runner/_work'
[2025-03-18 11:36:33Z INFO HostContext] Well known directory 'Tools': '/home/jenny/tensorflow-mri/actions-runner/_work/_tool'
[2025-03-18 11:36:33Z INFO HostContext] Well known directory 'Bin': '/home/jenny/tensorflow-mri/actions-runner/bin'
[2025-03-18 11:36:33Z INFO HostContext] Well known directory 'Root': '/home/jenny/tensorflow-mri/actions-runner'
[2025-03-18 11:36:33Z INFO HostContext] Well known directory 'Work': '/home/jenny/tensorflow-mri/actions-runner/_work'
[2025-03-18 11:36:33Z INFO HostContext] Well known directory 'Temp': '/home/jenny/tensorflow-mri/actions-runner/_work/_temp'
[2025-03-18 11:36:33Z INFO HostContext] Well known directory 'Bin': '/home/jenny/tensorflow-mri/actions-runner/bin'
[2025-03-18 11:36:33Z INFO HostContext] Well known directory 'Root': '/home/jenny/tensorflow-mri/actions-runner'
[2025-03-18 11:36:33Z INFO HostContext] Well known directory 'Work': '/home/jenny/tensorflow-mri/actions-runner/_work'
[2025-03-18 11:36:33Z INFO HostContext] Well known directory 'Temp': '/home/jenny/tensorflow-mri/actions-runner/_work/_temp'
[2025-03-18 11:36:33Z INFO ProcessInvokerWrapper] Starting process:
[2025-03-18 11:36:33Z INFO ProcessInvokerWrapper]   File name: '/usr/bin/docker'
[2025-03-18 11:36:33Z INFO ProcessInvokerWrapper]   Arguments: 'create --name 459f1a8ff23444f58f2ff495062e6866_ghcriomrphystensorflowmanylinux1140_5744c8 --label b6156e --workdir /__w/tensorflow-mri/tensorflow-mri --network github_network_797569cdd8fc4522b7f1f5614164bea6  -e "HOME=/github/home" -e GITHUB_ACTIONS=true -e CI=true -v "/var/run/docker.sock":"/var/run/docker.sock" -v "/home/jenny/tensorflow-mri/actions-runner/_work":"/__w" -v "/home/jenny/tensorflow-mri/actions-runner/externals":"/__e":ro -v "/home/jenny/tensorflow-mri/actions-runner/_work/_temp":"/__w/_temp" -v "/home/jenny/tensorflow-mri/actions-runner/_work/_actions":"/__w/_actions" -v "/home/jenny/tensorflow-mri/actions-runner/_work/_tool":"/__w/_tool" -v "/home/jenny/tensorflow-mri/actions-runner/_work/_temp/_github_home":"/github/home" -v "/home/jenny/tensorflow-mri/actions-runner/_work/_temp/_github_workflow":"/github/workflow" --entrypoint "tail" ghcr.io/mrphys/tensorflow-manylinux:1.14.0 "-f" "/dev/null"'
[2025-03-18 11:36:33Z INFO ProcessInvokerWrapper]   Working directory: '/home/jenny/tensorflow-mri/actions-runner/_work/tensorflow-mri/tensorflow-mri'
[2025-03-18 11:36:33Z INFO ProcessInvokerWrapper]   Require exit code zero: 'True'
[2025-03-18 11:36:33Z INFO ProcessInvokerWrapper]   Encoding web name:  ; code page: ''
[2025-03-18 11:36:33Z INFO ProcessInvokerWrapper]   Force kill process on cancellation: 'False'
[2025-03-18 11:36:33Z INFO ProcessInvokerWrapper]   Redirected STDIN: 'False'
[2025-03-18 11:36:33Z INFO ProcessInvokerWrapper]   Persist current code page: 'False'
[2025-03-18 11:36:33Z INFO ProcessInvokerWrapper]   Keep redirected STDIN open: 'False'
[2025-03-18 11:36:33Z INFO ProcessInvokerWrapper]   High priority process: 'False'
[2025-03-18 11:36:33Z INFO ProcessInvokerWrapper] Updated oom_score_adj to 500 for PID: 951257.
[2025-03-18 11:36:33Z INFO ProcessInvokerWrapper] Process started with process id 951257, waiting for process exit.
[2025-03-18 11:36:33Z INFO JobServerQueue] Try to append 1 batches web console lines for record 'b3b8928e-6d63-41ce-a9bf-675d42de03ed', success rate: 1/1.
[2025-03-18 11:36:33Z INFO ProcessInvokerWrapper] STDOUT/STDERR stream read finished.
[2025-03-18 11:36:33Z INFO ProcessInvokerWrapper] STDOUT/STDERR stream read finished.
[2025-03-18 11:36:33Z INFO ProcessInvokerWrapper] Finished process 951257 with exit code 0, and elapsed time 00:00:00.0488229.
[2025-03-18 11:36:33Z INFO ProcessInvokerWrapper] Starting process:
[2025-03-18 11:36:33Z INFO ProcessInvokerWrapper]   File name: '/usr/bin/docker'
[2025-03-18 11:36:33Z INFO ProcessInvokerWrapper]   Arguments: 'start 31279a188bcc558f01284e79d5e78f9cacc88863b0ec83f38db0fe7a914ee28b'
[2025-03-18 11:36:33Z INFO ProcessInvokerWrapper]   Working directory: '/home/jenny/tensorflow-mri/actions-runner/_work/tensorflow-mri/tensorflow-mri'
[2025-03-18 11:36:33Z INFO ProcessInvokerWrapper]   Require exit code zero: 'False'
[2025-03-18 11:36:33Z INFO ProcessInvokerWrapper]   Encoding web name:  ; code page: ''
[2025-03-18 11:36:33Z INFO ProcessInvokerWrapper]   Force kill process on cancellation: 'False'
[2025-03-18 11:36:33Z INFO ProcessInvokerWrapper]   Redirected STDIN: 'False'
[2025-03-18 11:36:33Z INFO ProcessInvokerWrapper]   Persist current code page: 'False'
[2025-03-18 11:36:33Z INFO ProcessInvokerWrapper]   Keep redirected STDIN open: 'False'
[2025-03-18 11:36:33Z INFO ProcessInvokerWrapper]   High priority process: 'False'
[2025-03-18 11:36:33Z INFO ProcessInvokerWrapper] Updated oom_score_adj to 500 for PID: 951270.
[2025-03-18 11:36:33Z INFO ProcessInvokerWrapper] Process started with process id 951270, waiting for process exit.
[2025-03-18 11:36:33Z INFO JobServerQueue] Tried to upload 1 file(s) to results, success rate: 1/1.
[2025-03-18 11:36:34Z INFO ProcessInvokerWrapper] STDOUT/STDERR stream read finished.
[2025-03-18 11:36:34Z INFO ProcessInvokerWrapper] STDOUT/STDERR stream read finished.
[2025-03-18 11:36:34Z INFO ProcessInvokerWrapper] Finished process 951270 with exit code 0, and elapsed time 00:00:00.1838047.
[2025-03-18 11:36:34Z INFO ProcessInvokerWrapper] Starting process:
[2025-03-18 11:36:34Z INFO ProcessInvokerWrapper]   File name: '/usr/bin/docker'
[2025-03-18 11:36:34Z INFO ProcessInvokerWrapper]   Arguments: 'ps --all --filter id=31279a188bcc558f01284e79d5e78f9cacc88863b0ec83f38db0fe7a914ee28b --filter status=running --no-trunc --format "{{.ID}} {{.Status}}"'
[2025-03-18 11:36:34Z INFO ProcessInvokerWrapper]   Working directory: '/home/jenny/tensorflow-mri/actions-runner/_work/tensorflow-mri/tensorflow-mri'
[2025-03-18 11:36:34Z INFO ProcessInvokerWrapper]   Require exit code zero: 'True'
[2025-03-18 11:36:34Z INFO ProcessInvokerWrapper]   Encoding web name:  ; code page: ''
[2025-03-18 11:36:34Z INFO ProcessInvokerWrapper]   Force kill process on cancellation: 'False'
[2025-03-18 11:36:34Z INFO ProcessInvokerWrapper]   Redirected STDIN: 'False'
[2025-03-18 11:36:34Z INFO ProcessInvokerWrapper]   Persist current code page: 'False'
[2025-03-18 11:36:34Z INFO ProcessInvokerWrapper]   Keep redirected STDIN open: 'False'
[2025-03-18 11:36:34Z INFO ProcessInvokerWrapper]   High priority process: 'False'
[2025-03-18 11:36:34Z INFO ProcessInvokerWrapper] Updated oom_score_adj to 500 for PID: 951430.
[2025-03-18 11:36:34Z INFO ProcessInvokerWrapper] Process started with process id 951430, waiting for process exit.
[2025-03-18 11:36:34Z INFO ProcessInvokerWrapper] STDOUT/STDERR stream read finished.
[2025-03-18 11:36:34Z INFO ProcessInvokerWrapper] STDOUT/STDERR stream read finished.
[2025-03-18 11:36:34Z INFO ProcessInvokerWrapper] Finished process 951430 with exit code 0, and elapsed time 00:00:00.0106851.
[2025-03-18 11:36:34Z INFO ProcessInvokerWrapper] Starting process:
[2025-03-18 11:36:34Z INFO ProcessInvokerWrapper]   File name: '/usr/bin/docker'
[2025-03-18 11:36:34Z INFO ProcessInvokerWrapper]   Arguments: 'inspect --format "{{range .Config.Env}}{{println .}}{{end}}" 31279a188bcc558f01284e79d5e78f9cacc88863b0ec83f38db0fe7a914ee28b'
[2025-03-18 11:36:34Z INFO ProcessInvokerWrapper]   Working directory: '/home/jenny/tensorflow-mri/actions-runner/_work/tensorflow-mri/tensorflow-mri'
[2025-03-18 11:36:34Z INFO ProcessInvokerWrapper]   Require exit code zero: 'True'
[2025-03-18 11:36:34Z INFO ProcessInvokerWrapper]   Encoding web name:  ; code page: ''
[2025-03-18 11:36:34Z INFO ProcessInvokerWrapper]   Force kill process on cancellation: 'False'
[2025-03-18 11:36:34Z INFO ProcessInvokerWrapper]   Redirected STDIN: 'False'
[2025-03-18 11:36:34Z INFO ProcessInvokerWrapper]   Persist current code page: 'False'
[2025-03-18 11:36:34Z INFO ProcessInvokerWrapper]   Keep redirected STDIN open: 'False'
[2025-03-18 11:36:34Z INFO ProcessInvokerWrapper]   High priority process: 'False'
[2025-03-18 11:36:34Z INFO ProcessInvokerWrapper] Updated oom_score_adj to 500 for PID: 951440.
[2025-03-18 11:36:34Z INFO ProcessInvokerWrapper] Process started with process id 951440, waiting for process exit.
[2025-03-18 11:36:34Z INFO ProcessInvokerWrapper] STDOUT/STDERR stream read finished.
[2025-03-18 11:36:34Z INFO ProcessInvokerWrapper] STDOUT/STDERR stream read finished.
[2025-03-18 11:36:34Z INFO ProcessInvokerWrapper] Finished process 951440 with exit code 0, and elapsed time 00:00:00.0111188.
[2025-03-18 11:36:34Z INFO StepsRunner] Step result: 
[2025-03-18 11:36:34Z INFO ExecutionContext] Publish step telemetry for current step {
  "action": "initialize_containers",
  "type": "runner",
  "stage": "Pre",
  "stepId": "b3b8928e-6d63-41ce-a9bf-675d42de03ed",
  "stepContextName": "b3b8928e6d6341cea9bf675d42de03ed",
  "result": "succeeded",
  "errorMessages": [],
  "executionTimeInSeconds": 2,
  "startTime": "2025-03-18T11:36:32.8099701Z",
  "finishTime": "2025-03-18T11:36:34.1180934Z"
}.
[2025-03-18 11:36:34Z INFO StepsRunner] No need for updating job result with current step result 'Succeeded'.
[2025-03-18 11:36:34Z INFO StepsRunner] Current state: job state = ''
[2025-03-18 11:36:34Z INFO StepsRunner] Processing step: DisplayName='Checkout code'
[2025-03-18 11:36:34Z INFO StepsRunner] Evaluating: success()
[2025-03-18 11:36:34Z INFO StepsRunner] Result: true
[2025-03-18 11:36:34Z INFO StepsRunner] Starting the step.
[2025-03-18 11:36:34Z INFO HostContext] Well known directory 'Bin': '/home/jenny/tensorflow-mri/actions-runner/bin'
[2025-03-18 11:36:34Z INFO HostContext] Well known directory 'Root': '/home/jenny/tensorflow-mri/actions-runner'
[2025-03-18 11:36:34Z INFO HostContext] Well known directory 'Work': '/home/jenny/tensorflow-mri/actions-runner/_work'
[2025-03-18 11:36:34Z INFO HostContext] Well known directory 'Actions': '/home/jenny/tensorflow-mri/actions-runner/_work/_actions'
[2025-03-18 11:36:34Z INFO ActionManager] Load action that reference repository from '/home/jenny/tensorflow-mri/actions-runner/_work/_actions/actions/checkout/v4'
[2025-03-18 11:36:34Z INFO HostContext] Well known directory 'Bin': '/home/jenny/tensorflow-mri/actions-runner/bin'
[2025-03-18 11:36:34Z INFO HostContext] Well known directory 'Root': '/home/jenny/tensorflow-mri/actions-runner'
[2025-03-18 11:36:34Z INFO HostContext] Well known directory 'Work': '/home/jenny/tensorflow-mri/actions-runner/_work'
[2025-03-18 11:36:34Z INFO HostContext] Well known directory 'Actions': '/home/jenny/tensorflow-mri/actions-runner/_work/_actions'
[2025-03-18 11:36:34Z INFO ActionManifestManager] Loaded action.yml file: {
  "name": "Checkout",
  "description": "Checkout a Git repository at a particular version",
  "inputs": {
    "type": 2,
    "map": [
      {
        "key": {
          "type": 0,
          "file": 2,
          "line": 4,
          "col": 3,
          "lit": "repository"
        },
        "value": {
          "type": 3,
          "file": 2,
          "line": 6,
          "col": 14,
          "expr": "github.repository"
        }
      },
      {
        "key": {
          "type": 0,
          "file": 2,
          "line": 7,
          "col": 3,
          "lit": "ref"
        },
        "value": ""
      },
      {
        "key": {
          "type": 0,
          "file": 2,
          "line": 12,
          "col": 3,
          "lit": "token"
        },
        "value": {
          "type": 3,
          "file": 2,
          "line": 24,
          "col": 14,
          "expr": "github.token"
        }
      },
      {
        "key": {
          "type": 0,
          "file": 2,
          "line": 25,
          "col": 3,
          "lit": "ssh-key"
        },
        "value": ""
      },
      {
        "key": {
          "type": 0,
          "file": 2,
          "line": 37,
          "col": 3,
          "lit": "ssh-known-hosts"
        },
        "value": ""
      },
      {
        "key": {
          "type": 0,
          "file": 2,
          "line": 42,
          "col": 3,
          "lit": "ssh-strict"
        },
        "value": {
          "type": 0,
          "file": 2,
          "line": 47,
          "col": 14,
          "lit": "true"
        }
      },
      {
        "key": {
          "type": 0,
          "file": 2,
          "line": 48,
          "col": 3,
          "lit": "ssh-user"
        },
        "value": {
          "type": 0,
          "file": 2,
          "line": 51,
          "col": 14,
          "lit": "git"
        }
      },
      {
        "key": {
          "type": 0,
          "file": 2,
          "line": 52,
          "col": 3,
          "lit": "persist-credentials"
        },
        "value": {
          "type": 0,
          "file": 2,
          "line": 54,
          "col": 14,
          "lit": "true"
        }
      },
      {
        "key": {
          "type": 0,
          "file": 2,
          "line": 55,
          "col": 3,
          "lit": "path"
        },
        "value": ""
      },
      {
        "key": {
          "type": 0,
          "file": 2,
          "line": 57,
          "col": 3,
          "lit": "clean"
        },
        "value": {
          "type": 0,
          "file": 2,
          "line": 59,
          "col": 14,
          "lit": "true"
        }
      },
      {
        "key": {
          "type": 0,
          "file": 2,
          "line": 60,
          "col": 3,
          "lit": "filter"
        },
        "value": {
          "type": 0,
          "file": 2,
          "line": 64,
          "col": 14,
          "lit": ""
        }
      },
      {
        "key": {
          "type": 0,
          "file": 2,
          "line": 65,
          "col": 3,
          "lit": "sparse-checkout"
        },
        "value": {
          "type": 0,
          "file": 2,
          "line": 69,
          "col": 14,
          "lit": ""
        }
      },
      {
        "key": {
          "type": 0,
          "file": 2,
          "line": 70,
          "col": 3,
          "lit": "sparse-checkout-cone-mode"
        },
        "value": {
          "type": 0,
          "file": 2,
          "line": 73,
          "col": 14,
          "lit": "true"
        }
      },
      {
        "key": {
          "type": 0,
          "file": 2,
          "line": 74,
          "col": 3,
          "lit": "fetch-depth"
        },
        "value": {
          "type": 0,
          "file": 2,
          "line": 76,
          "col": 14,
          "lit": "1"
        }
      },
      {
        "key": {
          "type": 0,
          "file": 2,
          "line": 77,
          "col": 3,
          "lit": "fetch-tags"
        },
        "value": {
          "type": 0,
          "file": 2,
          "line": 79,
          "col": 14,
          "lit": "false"
        }
      },
      {
        "key": {
          "type": 0,
          "file": 2,
          "line": 80,
          "col": 3,
          "lit": "show-progress"
        },
        "value": {
          "type": 0,
          "file": 2,
          "line": 82,
          "col": 14,
          "lit": "true"
        }
      },
      {
        "key": {
          "type": 0,
          "file": 2,
          "line": 83,
          "col": 3,
          "lit": "lfs"
        },
        "value": {
          "type": 0,
          "file": 2,
          "line": 85,
          "col": 14,
          "lit": "false"
        }
      },
      {
        "key": {
          "type": 0,
          "file": 2,
          "line": 86,
          "col": 3,
          "lit": "submodules"
        },
        "value": {
          "type": 0,
          "file": 2,
          "line": 94,
          "col": 14,
          "lit": "false"
        }
      },
      {
        "key": {
          "type": 0,
          "file": 2,
          "line": 95,
          "col": 3,
          "lit": "set-safe-directory"
        },
        "value": {
          "type": 0,
          "file": 2,
          "line": 97,
          "col": 14,
          "lit": "true"
        }
      },
      {
        "key": {
          "type": 0,
          "file": 2,
          "line": 98,
          "col": 3,
          "lit": "github-server-url"
        },
        "value": ""
      }
    ]
  },
  "execution": {
    "executionType": "nodeJS",
    "hasPre": false,
    "hasPost": true,
    "script": "dist/index.js",
    "pre": null,
    "post": "dist/index.js",
    "nodeVersion": "node20",
    "cleanupCondition": "always()",
    "initCondition": "always()"
  },
  "deprecated": null
}
[2025-03-18 11:36:34Z INFO ActionManager] Action pre node.js file: N/A.
[2025-03-18 11:36:34Z INFO ActionManager] Action node.js file: dist/index.js.
[2025-03-18 11:36:34Z INFO ActionManager] Action post node.js file: dist/index.js.
[2025-03-18 11:36:34Z INFO HostContext] Well known directory 'Bin': '/home/jenny/tensorflow-mri/actions-runner/bin'
[2025-03-18 11:36:34Z INFO HostContext] Well known directory 'Root': '/home/jenny/tensorflow-mri/actions-runner'
[2025-03-18 11:36:34Z INFO HostContext] Well known directory 'Diag': '/home/jenny/tensorflow-mri/actions-runner/_diag'
[2025-03-18 11:36:34Z INFO HostContext] Well known directory 'Bin': '/home/jenny/tensorflow-mri/actions-runner/bin'
[2025-03-18 11:36:34Z INFO HostContext] Well known directory 'Root': '/home/jenny/tensorflow-mri/actions-runner'
[2025-03-18 11:36:34Z INFO HostContext] Well known directory 'Diag': '/home/jenny/tensorflow-mri/actions-runner/_diag'
[2025-03-18 11:36:34Z INFO HostContext] Well known directory 'Bin': '/home/jenny/tensorflow-mri/actions-runner/bin'
[2025-03-18 11:36:34Z INFO HostContext] Well known directory 'Root': '/home/jenny/tensorflow-mri/actions-runner'
[2025-03-18 11:36:34Z INFO HostContext] Well known directory 'Work': '/home/jenny/tensorflow-mri/actions-runner/_work'
[2025-03-18 11:36:34Z INFO HostContext] Well known directory 'Temp': '/home/jenny/tensorflow-mri/actions-runner/_work/_temp'
[2025-03-18 11:36:34Z INFO ExecutionContext] Write event payload to /home/jenny/tensorflow-mri/actions-runner/_work/_temp/_github_workflow/event.json
[2025-03-18 11:36:34Z INFO HostContext] Well known directory 'Bin': '/home/jenny/tensorflow-mri/actions-runner/bin'
[2025-03-18 11:36:34Z INFO HostContext] Well known directory 'Root': '/home/jenny/tensorflow-mri/actions-runner'
[2025-03-18 11:36:34Z INFO HostContext] Well known directory 'Work': '/home/jenny/tensorflow-mri/actions-runner/_work'
[2025-03-18 11:36:34Z INFO HostContext] Well known directory 'Temp': '/home/jenny/tensorflow-mri/actions-runner/_work/_temp'
[2025-03-18 11:36:34Z INFO ExtensionManager] Getting extensions for interface: 'GitHub.Runner.Worker.IFileCommandExtension'
[2025-03-18 11:36:34Z INFO ExtensionManager] Creating instance: GitHub.Runner.Worker.AddPathFileCommand, Runner.Worker
[2025-03-18 11:36:34Z INFO ExtensionManager] Creating instance: GitHub.Runner.Worker.SetEnvFileCommand, Runner.Worker
[2025-03-18 11:36:34Z INFO ExtensionManager] Creating instance: GitHub.Runner.Worker.CreateStepSummaryCommand, Runner.Worker
[2025-03-18 11:36:34Z INFO ExtensionManager] Creating instance: GitHub.Runner.Worker.SaveStateFileCommand, Runner.Worker
[2025-03-18 11:36:34Z INFO ExtensionManager] Creating instance: GitHub.Runner.Worker.SetOutputFileCommand, Runner.Worker
[2025-03-18 11:36:34Z INFO ActionManifestManager] Input 'repository': default value evaluate result: {
  "type": 0,
  "file": 2,
  "line": 6,
  "col": 14,
  "lit": "mrphys/tensorflow-mri"
}
[2025-03-18 11:36:34Z INFO ActionManifestManager] Input 'ref': default value evaluate result: ""
[2025-03-18 11:36:34Z INFO ActionManifestManager] Input 'token': default value evaluate result: {
  "type": 0,
  "file": 2,
  "line": 24,
  "col": 14,
  "lit": "***"
}
[2025-03-18 11:36:34Z INFO ActionManifestManager] Input 'ssh-key': default value evaluate result: ""
[2025-03-18 11:36:34Z INFO ActionManifestManager] Input 'ssh-known-hosts': default value evaluate result: ""
[2025-03-18 11:36:34Z INFO ActionManifestManager] Input 'ssh-strict': default value evaluate result: {
  "type": 0,
  "file": 2,
  "line": 47,
  "col": 14,
  "lit": "true"
}
[2025-03-18 11:36:34Z INFO ActionManifestManager] Input 'ssh-user': default value evaluate result: {
  "type": 0,
  "file": 2,
  "line": 51,
  "col": 14,
  "lit": "git"
}
[2025-03-18 11:36:34Z INFO ActionManifestManager] Input 'persist-credentials': default value evaluate result: {
  "type": 0,
  "file": 2,
  "line": 54,
  "col": 14,
  "lit": "true"
}
[2025-03-18 11:36:34Z INFO ActionManifestManager] Input 'path': default value evaluate result: ""
[2025-03-18 11:36:34Z INFO ActionManifestManager] Input 'clean': default value evaluate result: {
  "type": 0,
  "file": 2,
  "line": 59,
  "col": 14,
  "lit": "true"
}
[2025-03-18 11:36:34Z INFO ActionManifestManager] Input 'filter': default value evaluate result: {
  "type": 0,
  "file": 2,
  "line": 64,
  "col": 14,
  "lit": ""
}
[2025-03-18 11:36:34Z INFO ActionManifestManager] Input 'sparse-checkout': default value evaluate result: {
  "type": 0,
  "file": 2,
  "line": 69,
  "col": 14,
  "lit": ""
}
[2025-03-18 11:36:34Z INFO ActionManifestManager] Input 'sparse-checkout-cone-mode': default value evaluate result: {
  "type": 0,
  "file": 2,
  "line": 73,
  "col": 14,
  "lit": "true"
}
[2025-03-18 11:36:34Z INFO ActionManifestManager] Input 'fetch-depth': default value evaluate result: {
  "type": 0,
  "file": 2,
  "line": 76,
  "col": 14,
  "lit": "1"
}
[2025-03-18 11:36:34Z INFO ActionManifestManager] Input 'fetch-tags': default value evaluate result: {
  "type": 0,
  "file": 2,
  "line": 79,
  "col": 14,
  "lit": "false"
}
[2025-03-18 11:36:34Z INFO ActionManifestManager] Input 'show-progress': default value evaluate result: {
  "type": 0,
  "file": 2,
  "line": 82,
  "col": 14,
  "lit": "true"
}
[2025-03-18 11:36:34Z INFO ActionManifestManager] Input 'lfs': default value evaluate result: {
  "type": 0,
  "file": 2,
  "line": 85,
  "col": 14,
  "lit": "false"
}
[2025-03-18 11:36:34Z INFO ActionManifestManager] Input 'submodules': default value evaluate result: {
  "type": 0,
  "file": 2,
  "line": 94,
  "col": 14,
  "lit": "false"
}
[2025-03-18 11:36:34Z INFO ActionManifestManager] Input 'set-safe-directory': default value evaluate result: {
  "type": 0,
  "file": 2,
  "line": 97,
  "col": 14,
  "lit": "true"
}
[2025-03-18 11:36:34Z INFO ActionManifestManager] Input 'github-server-url': default value evaluate result: ""
[2025-03-18 11:36:34Z INFO ExtensionManager] Getting extensions for interface: 'GitHub.Runner.Worker.IActionCommandExtension'
[2025-03-18 11:36:34Z INFO ExtensionManager] Creating instance: GitHub.Runner.Worker.InternalPluginSetRepoPathCommandExtension, Runner.Worker
[2025-03-18 11:36:34Z INFO ExtensionManager] Creating instance: GitHub.Runner.Worker.SetEnvCommandExtension, Runner.Worker
[2025-03-18 11:36:34Z INFO ExtensionManager] Creating instance: GitHub.Runner.Worker.SetOutputCommandExtension, Runner.Worker
[2025-03-18 11:36:34Z INFO ExtensionManager] Creating instance: GitHub.Runner.Worker.SaveStateCommandExtension, Runner.Worker
[2025-03-18 11:36:34Z INFO ExtensionManager] Creating instance: GitHub.Runner.Worker.AddPathCommandExtension, Runner.Worker
[2025-03-18 11:36:34Z INFO ExtensionManager] Creating instance: GitHub.Runner.Worker.AddMaskCommandExtension, Runner.Worker
[2025-03-18 11:36:34Z INFO ExtensionManager] Creating instance: GitHub.Runner.Worker.AddMatcherCommandExtension, Runner.Worker
[2025-03-18 11:36:34Z INFO ExtensionManager] Creating instance: GitHub.Runner.Worker.RemoveMatcherCommandExtension, Runner.Worker
[2025-03-18 11:36:34Z INFO ExtensionManager] Creating instance: GitHub.Runner.Worker.WarningCommandExtension, Runner.Worker
[2025-03-18 11:36:34Z INFO ExtensionManager] Creating instance: GitHub.Runner.Worker.ErrorCommandExtension, Runner.Worker
[2025-03-18 11:36:34Z INFO ExtensionManager] Creating instance: GitHub.Runner.Worker.NoticeCommandExtension, Runner.Worker
[2025-03-18 11:36:34Z INFO ExtensionManager] Creating instance: GitHub.Runner.Worker.DebugCommandExtension, Runner.Worker
[2025-03-18 11:36:34Z INFO ExtensionManager] Creating instance: GitHub.Runner.Worker.GroupCommandExtension, Runner.Worker
[2025-03-18 11:36:34Z INFO ExtensionManager] Creating instance: GitHub.Runner.Worker.EndGroupCommandExtension, Runner.Worker
[2025-03-18 11:36:34Z INFO ExtensionManager] Creating instance: GitHub.Runner.Worker.EchoCommandExtension, Runner.Worker
[2025-03-18 11:36:34Z INFO ActionCommandManager] Register action command extension for command internal-set-repo-path
[2025-03-18 11:36:34Z INFO ActionCommandManager] Register action command extension for command set-env
[2025-03-18 11:36:34Z INFO ActionCommandManager] Register action command extension for command set-output
[2025-03-18 11:36:34Z INFO ActionCommandManager] Register action command extension for command save-state
[2025-03-18 11:36:34Z INFO ActionCommandManager] Register action command extension for command add-path
[2025-03-18 11:36:34Z INFO ActionCommandManager] Register action command extension for command add-mask
[2025-03-18 11:36:34Z INFO ActionCommandManager] Register action command extension for command add-matcher
[2025-03-18 11:36:34Z INFO ActionCommandManager] Register action command extension for command remove-matcher
[2025-03-18 11:36:34Z INFO ActionCommandManager] Register action command extension for command warning
[2025-03-18 11:36:34Z INFO ActionCommandManager] Register action command extension for command error
[2025-03-18 11:36:34Z INFO ActionCommandManager] Register action command extension for command notice
[2025-03-18 11:36:34Z INFO ActionCommandManager] Register action command extension for command debug
[2025-03-18 11:36:34Z INFO ActionCommandManager] Register action command extension for command group
[2025-03-18 11:36:34Z INFO ActionCommandManager] Register action command extension for command endgroup
[2025-03-18 11:36:34Z INFO ActionCommandManager] Register action command extension for command echo
[2025-03-18 11:36:34Z INFO JobServerQueue] Try to append 1 batches web console lines for record 'b3b8928e-6d63-41ce-a9bf-675d42de03ed', success rate: 1/1.
[2025-03-18 11:36:34Z INFO HostContext] Well known directory 'Bin': '/home/jenny/tensorflow-mri/actions-runner/bin'
[2025-03-18 11:36:34Z INFO HostContext] Well known directory 'Root': '/home/jenny/tensorflow-mri/actions-runner'
[2025-03-18 11:36:34Z INFO HostContext] Well known directory 'Work': '/home/jenny/tensorflow-mri/actions-runner/_work'
[2025-03-18 11:36:34Z INFO ProcessInvokerWrapper] Starting process:
[2025-03-18 11:36:34Z INFO ProcessInvokerWrapper]   File name: '/usr/bin/docker'
[2025-03-18 11:36:34Z INFO ProcessInvokerWrapper]   Arguments: 'exec  31279a188bcc558f01284e79d5e78f9cacc88863b0ec83f38db0fe7a914ee28b sh -c "cat /etc/*release | grep ^ID"'
[2025-03-18 11:36:34Z INFO ProcessInvokerWrapper]   Working directory: '/home/jenny/tensorflow-mri/actions-runner/_work'
[2025-03-18 11:36:34Z INFO ProcessInvokerWrapper]   Require exit code zero: 'False'
[2025-03-18 11:36:34Z INFO ProcessInvokerWrapper]   Encoding web name:  ; code page: ''
[2025-03-18 11:36:34Z INFO ProcessInvokerWrapper]   Force kill process on cancellation: 'False'
[2025-03-18 11:36:34Z INFO ProcessInvokerWrapper]   Redirected STDIN: 'False'
[2025-03-18 11:36:34Z INFO ProcessInvokerWrapper]   Persist current code page: 'False'
[2025-03-18 11:36:34Z INFO ProcessInvokerWrapper]   Keep redirected STDIN open: 'False'
[2025-03-18 11:36:34Z INFO ProcessInvokerWrapper]   High priority process: 'False'
[2025-03-18 11:36:34Z INFO ProcessInvokerWrapper] Updated oom_score_adj to 500 for PID: 951451.
[2025-03-18 11:36:34Z INFO ProcessInvokerWrapper] Process started with process id 951451, waiting for process exit.
[2025-03-18 11:36:34Z INFO ProcessInvokerWrapper] STDOUT/STDERR stream read finished.
[2025-03-18 11:36:34Z INFO ProcessInvokerWrapper] STDOUT/STDERR stream read finished.
[2025-03-18 11:36:34Z INFO ProcessInvokerWrapper] Finished process 951451 with exit code 0, and elapsed time 00:00:00.0604510.
[2025-03-18 11:36:34Z INFO HostContext] Well known directory 'Bin': '/home/jenny/tensorflow-mri/actions-runner/bin'
[2025-03-18 11:36:34Z INFO HostContext] Well known directory 'Root': '/home/jenny/tensorflow-mri/actions-runner'
[2025-03-18 11:36:34Z INFO HostContext] Well known directory 'Externals': '/home/jenny/tensorflow-mri/actions-runner/externals'
[2025-03-18 11:36:34Z INFO HostContext] Well known directory 'Bin': '/home/jenny/tensorflow-mri/actions-runner/bin'
[2025-03-18 11:36:34Z INFO HostContext] Well known directory 'Root': '/home/jenny/tensorflow-mri/actions-runner'
[2025-03-18 11:36:34Z INFO HostContext] Well known directory 'Work': '/home/jenny/tensorflow-mri/actions-runner/_work'
[2025-03-18 11:36:34Z INFO ProcessInvokerWrapper] Starting process:
[2025-03-18 11:36:34Z INFO ProcessInvokerWrapper]   File name: '/usr/bin/docker'
[2025-03-18 11:36:34Z INFO ProcessInvokerWrapper]   Arguments: 'exec -i --workdir /__w/tensorflow-mri/tensorflow-mri -e "PYTHON" -e "INPUT_REPOSITORY" -e "INPUT_REF" -e "INPUT_TOKEN" -e "INPUT_SSH-KEY" -e "INPUT_SSH-KNOWN-HOSTS" -e "INPUT_SSH-STRICT" -e "INPUT_SSH-USER" -e "INPUT_PERSIST-CREDENTIALS" -e "INPUT_PATH" -e "INPUT_CLEAN" -e "INPUT_FILTER" -e "INPUT_SPARSE-CHECKOUT" -e "INPUT_SPARSE-CHECKOUT-CONE-MODE" -e "INPUT_FETCH-DEPTH" -e "INPUT_FETCH-TAGS" -e "INPUT_SHOW-PROGRESS" -e "INPUT_LFS" -e "INPUT_SUBMODULES" -e "INPUT_SET-SAFE-DIRECTORY" -e "INPUT_GITHUB-SERVER-URL" -e "GITHUB_JOB" -e "GITHUB_REF" -e "GITHUB_SHA" -e "GITHUB_REPOSITORY" -e "GITHUB_REPOSITORY_OWNER" -e "GITHUB_REPOSITORY_OWNER_ID" -e "GITHUB_RUN_ID" -e "GITHUB_RUN_NUMBER" -e "GITHUB_RETENTION_DAYS" -e "GITHUB_RUN_ATTEMPT" -e "GITHUB_ACTOR_ID" -e "GITHUB_ACTOR" -e "GITHUB_WORKFLOW" -e "GITHUB_HEAD_REF" -e "GITHUB_BASE_REF" -e "GITHUB_EVENT_NAME" -e "GITHUB_SERVER_URL" -e "GITHUB_API_URL" -e "GITHUB_GRAPHQL_URL" -e "GITHUB_REF_NAME" -e "GITHUB_REF_PROTECTED" -e "GITHUB_REF_TYPE" -e "GITHUB_WORKFLOW_REF" -e "GITHUB_WORKFLOW_SHA" -e "GITHUB_REPOSITORY_ID" -e "GITHUB_TRIGGERING_ACTOR" -e "GITHUB_WORKSPACE" -e "GITHUB_ACTION" -e "GITHUB_EVENT_PATH" -e "GITHUB_ACTION_REPOSITORY" -e "GITHUB_ACTION_REF" -e "GITHUB_PATH" -e "GITHUB_ENV" -e "GITHUB_STEP_SUMMARY" -e "GITHUB_STATE" -e "GITHUB_OUTPUT" -e "RUNNER_OS" -e "RUNNER_ARCH" -e "RUNNER_NAME" -e "RUNNER_ENVIRONMENT" -e "RUNNER_TOOL_CACHE" -e "RUNNER_TEMP" -e "RUNNER_WORKSPACE" -e "ACTIONS_RUNTIME_URL" -e "ACTIONS_RUNTIME_TOKEN" -e "ACTIONS_CACHE_URL" -e "ACTIONS_RESULTS_URL" -e "ACTIONS_CACHE_SERVICE_V2" 31279a188bcc558f01284e79d5e78f9cacc88863b0ec83f38db0fe7a914ee28b /__e/node20/bin/node /__w/_actions/actions/checkout/v4/dist/index.js'
[2025-03-18 11:36:34Z INFO ProcessInvokerWrapper]   Working directory: '/home/jenny/tensorflow-mri/actions-runner/_work'
[2025-03-18 11:36:34Z INFO ProcessInvokerWrapper]   Require exit code zero: 'False'
[2025-03-18 11:36:34Z INFO ProcessInvokerWrapper]   Encoding web name:  ; code page: ''
[2025-03-18 11:36:34Z INFO ProcessInvokerWrapper]   Force kill process on cancellation: 'False'
[2025-03-18 11:36:34Z INFO ProcessInvokerWrapper]   Redirected STDIN: 'False'
[2025-03-18 11:36:34Z INFO ProcessInvokerWrapper]   Persist current code page: 'False'
[2025-03-18 11:36:34Z INFO ProcessInvokerWrapper]   Keep redirected STDIN open: 'False'
[2025-03-18 11:36:34Z INFO ProcessInvokerWrapper]   High priority process: 'False'
[2025-03-18 11:36:34Z INFO ProcessInvokerWrapper] Updated oom_score_adj to 500 for PID: 951481.
[2025-03-18 11:36:34Z INFO ProcessInvokerWrapper] Process started with process id 951481, waiting for process exit.
[2025-03-18 11:36:34Z INFO AddMaskCommandExtension] Add new secret mask with length of 76
[2025-03-18 11:36:34Z INFO JobServerQueue] Try to append 1 batches web console lines for record 'bdf89840-dd66-4d02-a459-1b9c8c7c05b2', success rate: 1/1.
[2025-03-18 11:36:34Z INFO JobServerQueue] Got a step log file to send to results service.
[2025-03-18 11:36:34Z INFO JobServerQueue] Starting upload of step log file to results service ResultsLog, /home/jenny/tensorflow-mri/actions-runner/_diag/blocks/f9831e23-b408-4648-9cf3-bae7a143ca3d_b3b8928e-6d63-41ce-a9bf-675d42de03ed.1
[2025-03-18 11:36:35Z INFO JobServerQueue] Try to upload 1 log files or attachments, success rate: 1/1.
[2025-03-18 11:36:35Z INFO JobServerQueue] Try to append 1 batches web console lines for record 'bdf89840-dd66-4d02-a459-1b9c8c7c05b2', success rate: 1/1.
[2025-03-18 11:36:35Z INFO JobServerQueue] Tried to upload 1 file(s) to results, success rate: 1/1.
[2025-03-18 11:36:35Z INFO JobServerQueue] Try to append 1 batches web console lines for record 'bdf89840-dd66-4d02-a459-1b9c8c7c05b2', success rate: 1/1.
[2025-03-18 11:36:35Z INFO ProcessInvokerWrapper] STDOUT/STDERR stream read finished.
[2025-03-18 11:36:35Z INFO ProcessInvokerWrapper] STDOUT/STDERR stream read finished.
[2025-03-18 11:36:35Z INFO ProcessInvokerWrapper] Finished process 951481 with exit code 0, and elapsed time 00:00:01.3453019.
[2025-03-18 11:36:35Z INFO CreateStepSummaryCommand] Step Summary file (/home/jenny/tensorflow-mri/actions-runner/_work/_temp/_runner_file_commands/step_summary_0be4f94f-86d8-4a93-8dd2-ac2c497250eb) is empty; skipping attachment upload
[2025-03-18 11:36:35Z INFO StepsRunner] Step result: 
[2025-03-18 11:36:35Z INFO ExecutionContext] Publish step telemetry for current step {
  "action": "actions/checkout",
  "ref": "v4",
  "type": "node20",
  "stage": "Main",
  "stepId": "bdf89840-dd66-4d02-a459-1b9c8c7c05b2",
  "stepContextName": "__actions_checkout",
  "hasPreStep": false,
  "hasPostStep": true,
  "result": "succeeded",
  "errorMessages": [],
  "executionTimeInSeconds": 2,
  "startTime": "2025-03-18T11:36:34.1187281Z",
  "finishTime": "2025-03-18T11:36:35.5695903Z"
}.
[2025-03-18 11:36:35Z INFO StepsRunner] No need for updating job result with current step result 'Succeeded'.
[2025-03-18 11:36:35Z INFO StepsRunner] Current state: job state = ''
[2025-03-18 11:36:35Z INFO StepsRunner] Processing step: DisplayName='Free Disk Space Before Build'
[2025-03-18 11:36:35Z INFO StepsRunner] Evaluating: success()
[2025-03-18 11:36:35Z INFO StepsRunner] Result: true
[2025-03-18 11:36:35Z INFO StepsRunner] Starting the step.
[2025-03-18 11:36:35Z INFO HostContext] Well known directory 'Bin': '/home/jenny/tensorflow-mri/actions-runner/bin'
[2025-03-18 11:36:35Z INFO HostContext] Well known directory 'Root': '/home/jenny/tensorflow-mri/actions-runner'
[2025-03-18 11:36:35Z INFO HostContext] Well known directory 'Work': '/home/jenny/tensorflow-mri/actions-runner/_work'
[2025-03-18 11:36:35Z INFO HostContext] Well known directory 'Temp': '/home/jenny/tensorflow-mri/actions-runner/_work/_temp'
[2025-03-18 11:36:35Z INFO ExecutionContext] Write event payload to /home/jenny/tensorflow-mri/actions-runner/_work/_temp/_github_workflow/event.json
[2025-03-18 11:36:35Z INFO HostContext] Well known directory 'Bin': '/home/jenny/tensorflow-mri/actions-runner/bin'
[2025-03-18 11:36:35Z INFO HostContext] Well known directory 'Root': '/home/jenny/tensorflow-mri/actions-runner'
[2025-03-18 11:36:35Z INFO HostContext] Well known directory 'Work': '/home/jenny/tensorflow-mri/actions-runner/_work'
[2025-03-18 11:36:35Z INFO HostContext] Well known directory 'Temp': '/home/jenny/tensorflow-mri/actions-runner/_work/_temp'
[2025-03-18 11:36:35Z INFO ExtensionManager] Getting extensions for interface: 'GitHub.Runner.Worker.IFileCommandExtension'
[2025-03-18 11:36:35Z INFO ExtensionManager] Getting extensions for interface: 'GitHub.Runner.Worker.IActionCommandExtension'
[2025-03-18 11:36:35Z INFO ActionCommandManager] Register action command extension for command internal-set-repo-path
[2025-03-18 11:36:35Z INFO ActionCommandManager] Register action command extension for command set-env
[2025-03-18 11:36:35Z INFO ActionCommandManager] Register action command extension for command set-output
[2025-03-18 11:36:35Z INFO ActionCommandManager] Register action command extension for command save-state
[2025-03-18 11:36:35Z INFO ActionCommandManager] Register action command extension for command add-path
[2025-03-18 11:36:35Z INFO ActionCommandManager] Register action command extension for command add-mask
[2025-03-18 11:36:35Z INFO ActionCommandManager] Register action command extension for command add-matcher
[2025-03-18 11:36:35Z INFO ActionCommandManager] Register action command extension for command remove-matcher
[2025-03-18 11:36:35Z INFO ActionCommandManager] Register action command extension for command warning
[2025-03-18 11:36:35Z INFO ActionCommandManager] Register action command extension for command error
[2025-03-18 11:36:35Z INFO ActionCommandManager] Register action command extension for command notice
[2025-03-18 11:36:35Z INFO ActionCommandManager] Register action command extension for command debug
[2025-03-18 11:36:35Z INFO ActionCommandManager] Register action command extension for command group
[2025-03-18 11:36:35Z INFO ActionCommandManager] Register action command extension for command endgroup
[2025-03-18 11:36:35Z INFO ActionCommandManager] Register action command extension for command echo
[2025-03-18 11:36:35Z INFO HostContext] Well known directory 'Bin': '/home/jenny/tensorflow-mri/actions-runner/bin'
[2025-03-18 11:36:35Z INFO HostContext] Well known directory 'Root': '/home/jenny/tensorflow-mri/actions-runner'
[2025-03-18 11:36:35Z INFO HostContext] Well known directory 'Work': '/home/jenny/tensorflow-mri/actions-runner/_work'
[2025-03-18 11:36:35Z INFO HostContext] Well known directory 'Temp': '/home/jenny/tensorflow-mri/actions-runner/_work/_temp'
[2025-03-18 11:36:35Z INFO ScriptHandler] Which2: 'bash'
[2025-03-18 11:36:35Z INFO ScriptHandler] Location: '/usr/bin/bash'
[2025-03-18 11:36:35Z INFO HostContext] Well known directory 'Bin': '/home/jenny/tensorflow-mri/actions-runner/bin'
[2025-03-18 11:36:35Z INFO HostContext] Well known directory 'Root': '/home/jenny/tensorflow-mri/actions-runner'
[2025-03-18 11:36:35Z INFO HostContext] Well known directory 'Work': '/home/jenny/tensorflow-mri/actions-runner/_work'
[2025-03-18 11:36:35Z INFO ProcessInvokerWrapper] Starting process:
[2025-03-18 11:36:35Z INFO ProcessInvokerWrapper]   File name: '/usr/bin/docker'
[2025-03-18 11:36:35Z INFO ProcessInvokerWrapper]   Arguments: 'exec -i --workdir /__w/tensorflow-mri/tensorflow-mri -e "PYTHON" -e "GITHUB_JOB" -e "GITHUB_REF" -e "GITHUB_SHA" -e "GITHUB_REPOSITORY" -e "GITHUB_REPOSITORY_OWNER" -e "GITHUB_REPOSITORY_OWNER_ID" -e "GITHUB_RUN_ID" -e "GITHUB_RUN_NUMBER" -e "GITHUB_RETENTION_DAYS" -e "GITHUB_RUN_ATTEMPT" -e "GITHUB_ACTOR_ID" -e "GITHUB_ACTOR" -e "GITHUB_WORKFLOW" -e "GITHUB_HEAD_REF" -e "GITHUB_BASE_REF" -e "GITHUB_EVENT_NAME" -e "GITHUB_SERVER_URL" -e "GITHUB_API_URL" -e "GITHUB_GRAPHQL_URL" -e "GITHUB_REF_NAME" -e "GITHUB_REF_PROTECTED" -e "GITHUB_REF_TYPE" -e "GITHUB_WORKFLOW_REF" -e "GITHUB_WORKFLOW_SHA" -e "GITHUB_REPOSITORY_ID" -e "GITHUB_TRIGGERING_ACTOR" -e "GITHUB_WORKSPACE" -e "GITHUB_ACTION" -e "GITHUB_EVENT_PATH" -e "GITHUB_ACTION_REPOSITORY" -e "GITHUB_ACTION_REF" -e "GITHUB_PATH" -e "GITHUB_ENV" -e "GITHUB_STEP_SUMMARY" -e "GITHUB_STATE" -e "GITHUB_OUTPUT" -e "RUNNER_OS" -e "RUNNER_ARCH" -e "RUNNER_NAME" -e "RUNNER_ENVIRONMENT" -e "RUNNER_TOOL_CACHE" -e "RUNNER_TEMP" -e "RUNNER_WORKSPACE" 31279a188bcc558f01284e79d5e78f9cacc88863b0ec83f38db0fe7a914ee28b sh -e /__w/_temp/9e76ec06-cb93-42be-b00a-d84305d1dde4.sh'
[2025-03-18 11:36:35Z INFO ProcessInvokerWrapper]   Working directory: '/home/jenny/tensorflow-mri/actions-runner/_work'
[2025-03-18 11:36:35Z INFO ProcessInvokerWrapper]   Require exit code zero: 'False'
[2025-03-18 11:36:35Z INFO ProcessInvokerWrapper]   Encoding web name:  ; code page: ''
[2025-03-18 11:36:35Z INFO ProcessInvokerWrapper]   Force kill process on cancellation: 'False'
[2025-03-18 11:36:35Z INFO ProcessInvokerWrapper]   Redirected STDIN: 'False'
[2025-03-18 11:36:35Z INFO ProcessInvokerWrapper]   Persist current code page: 'False'
[2025-03-18 11:36:35Z INFO ProcessInvokerWrapper]   Keep redirected STDIN open: 'False'
[2025-03-18 11:36:35Z INFO ProcessInvokerWrapper]   High priority process: 'False'
[2025-03-18 11:36:35Z INFO ProcessInvokerWrapper] Updated oom_score_adj to 500 for PID: 951724.
[2025-03-18 11:36:35Z INFO ProcessInvokerWrapper] Process started with process id 951724, waiting for process exit.
[2025-03-18 11:36:35Z INFO ProcessInvokerWrapper] STDOUT/STDERR stream read finished.
[2025-03-18 11:36:35Z INFO ProcessInvokerWrapper] STDOUT/STDERR stream read finished.
[2025-03-18 11:36:35Z INFO ProcessInvokerWrapper] Finished process 951724 with exit code 0, and elapsed time 00:00:00.0660057.
[2025-03-18 11:36:35Z INFO CreateStepSummaryCommand] Step Summary file (/home/jenny/tensorflow-mri/actions-runner/_work/_temp/_runner_file_commands/step_summary_47f2c032-b75a-4e7f-84d3-92121f2dcf14) is empty; skipping attachment upload
[2025-03-18 11:36:35Z INFO StepsRunner] Step result: 
[2025-03-18 11:36:35Z INFO ExecutionContext] Publish step telemetry for current step {
  "action": "sh",
  "type": "run",
  "stage": "Main",
  "stepId": "13949d89-c846-4f19-97af-3123cc713532",
  "stepContextName": "__run",
  "result": "succeeded",
  "errorMessages": [],
  "executionTimeInSeconds": 1,
  "startTime": "2025-03-18T11:36:35.5702414Z",
  "finishTime": "2025-03-18T11:36:35.6448244Z"
}.
[2025-03-18 11:36:35Z INFO StepsRunner] No need for updating job result with current step result 'Succeeded'.
[2025-03-18 11:36:35Z INFO StepsRunner] Current state: job state = ''
[2025-03-18 11:36:35Z INFO StepsRunner] Processing step: DisplayName='Lint code'
[2025-03-18 11:36:35Z INFO StepsRunner] Evaluating: success()
[2025-03-18 11:36:35Z INFO StepsRunner] Result: true
[2025-03-18 11:36:35Z INFO StepsRunner] Starting the step.
[2025-03-18 11:36:35Z INFO HostContext] Well known directory 'Bin': '/home/jenny/tensorflow-mri/actions-runner/bin'
[2025-03-18 11:36:35Z INFO HostContext] Well known directory 'Root': '/home/jenny/tensorflow-mri/actions-runner'
[2025-03-18 11:36:35Z INFO HostContext] Well known directory 'Work': '/home/jenny/tensorflow-mri/actions-runner/_work'
[2025-03-18 11:36:35Z INFO HostContext] Well known directory 'Temp': '/home/jenny/tensorflow-mri/actions-runner/_work/_temp'
[2025-03-18 11:36:35Z INFO ExecutionContext] Write event payload to /home/jenny/tensorflow-mri/actions-runner/_work/_temp/_github_workflow/event.json
[2025-03-18 11:36:35Z INFO HostContext] Well known directory 'Bin': '/home/jenny/tensorflow-mri/actions-runner/bin'
[2025-03-18 11:36:35Z INFO HostContext] Well known directory 'Root': '/home/jenny/tensorflow-mri/actions-runner'
[2025-03-18 11:36:35Z INFO HostContext] Well known directory 'Work': '/home/jenny/tensorflow-mri/actions-runner/_work'
[2025-03-18 11:36:35Z INFO HostContext] Well known directory 'Temp': '/home/jenny/tensorflow-mri/actions-runner/_work/_temp'
[2025-03-18 11:36:35Z INFO ExtensionManager] Getting extensions for interface: 'GitHub.Runner.Worker.IFileCommandExtension'
[2025-03-18 11:36:35Z INFO ExtensionManager] Getting extensions for interface: 'GitHub.Runner.Worker.IActionCommandExtension'
[2025-03-18 11:36:35Z INFO ActionCommandManager] Register action command extension for command internal-set-repo-path
[2025-03-18 11:36:35Z INFO ActionCommandManager] Register action command extension for command set-env
[2025-03-18 11:36:35Z INFO ActionCommandManager] Register action command extension for command set-output
[2025-03-18 11:36:35Z INFO ActionCommandManager] Register action command extension for command save-state
[2025-03-18 11:36:35Z INFO ActionCommandManager] Register action command extension for command add-path
[2025-03-18 11:36:35Z INFO ActionCommandManager] Register action command extension for command add-mask
[2025-03-18 11:36:35Z INFO ActionCommandManager] Register action command extension for command add-matcher
[2025-03-18 11:36:35Z INFO ActionCommandManager] Register action command extension for command remove-matcher
[2025-03-18 11:36:35Z INFO ActionCommandManager] Register action command extension for command warning
[2025-03-18 11:36:35Z INFO ActionCommandManager] Register action command extension for command error
[2025-03-18 11:36:35Z INFO ActionCommandManager] Register action command extension for command notice
[2025-03-18 11:36:35Z INFO ActionCommandManager] Register action command extension for command debug
[2025-03-18 11:36:35Z INFO ActionCommandManager] Register action command extension for command group
[2025-03-18 11:36:35Z INFO ActionCommandManager] Register action command extension for command endgroup
[2025-03-18 11:36:35Z INFO ActionCommandManager] Register action command extension for command echo
[2025-03-18 11:36:35Z INFO HostContext] Well known directory 'Bin': '/home/jenny/tensorflow-mri/actions-runner/bin'
[2025-03-18 11:36:35Z INFO HostContext] Well known directory 'Root': '/home/jenny/tensorflow-mri/actions-runner'
[2025-03-18 11:36:35Z INFO HostContext] Well known directory 'Work': '/home/jenny/tensorflow-mri/actions-runner/_work'
[2025-03-18 11:36:35Z INFO HostContext] Well known directory 'Temp': '/home/jenny/tensorflow-mri/actions-runner/_work/_temp'
[2025-03-18 11:36:35Z INFO ScriptHandler] Which2: 'bash'
[2025-03-18 11:36:35Z INFO ScriptHandler] Location: '/usr/bin/bash'
[2025-03-18 11:36:35Z INFO HostContext] Well known directory 'Bin': '/home/jenny/tensorflow-mri/actions-runner/bin'
[2025-03-18 11:36:35Z INFO HostContext] Well known directory 'Root': '/home/jenny/tensorflow-mri/actions-runner'
[2025-03-18 11:36:35Z INFO HostContext] Well known directory 'Work': '/home/jenny/tensorflow-mri/actions-runner/_work'
[2025-03-18 11:36:35Z INFO ProcessInvokerWrapper] Starting process:
[2025-03-18 11:36:35Z INFO ProcessInvokerWrapper]   File name: '/usr/bin/docker'
[2025-03-18 11:36:35Z INFO ProcessInvokerWrapper]   Arguments: 'exec -i --workdir /__w/tensorflow-mri/tensorflow-mri -e "PYTHON" -e "GITHUB_JOB" -e "GITHUB_REF" -e "GITHUB_SHA" -e "GITHUB_REPOSITORY" -e "GITHUB_REPOSITORY_OWNER" -e "GITHUB_REPOSITORY_OWNER_ID" -e "GITHUB_RUN_ID" -e "GITHUB_RUN_NUMBER" -e "GITHUB_RETENTION_DAYS" -e "GITHUB_RUN_ATTEMPT" -e "GITHUB_ACTOR_ID" -e "GITHUB_ACTOR" -e "GITHUB_WORKFLOW" -e "GITHUB_HEAD_REF" -e "GITHUB_BASE_REF" -e "GITHUB_EVENT_NAME" -e "GITHUB_SERVER_URL" -e "GITHUB_API_URL" -e "GITHUB_GRAPHQL_URL" -e "GITHUB_REF_NAME" -e "GITHUB_REF_PROTECTED" -e "GITHUB_REF_TYPE" -e "GITHUB_WORKFLOW_REF" -e "GITHUB_WORKFLOW_SHA" -e "GITHUB_REPOSITORY_ID" -e "GITHUB_TRIGGERING_ACTOR" -e "GITHUB_WORKSPACE" -e "GITHUB_ACTION" -e "GITHUB_EVENT_PATH" -e "GITHUB_ACTION_REPOSITORY" -e "GITHUB_ACTION_REF" -e "GITHUB_PATH" -e "GITHUB_ENV" -e "GITHUB_STEP_SUMMARY" -e "GITHUB_STATE" -e "GITHUB_OUTPUT" -e "RUNNER_OS" -e "RUNNER_ARCH" -e "RUNNER_NAME" -e "RUNNER_ENVIRONMENT" -e "RUNNER_TOOL_CACHE" -e "RUNNER_TEMP" -e "RUNNER_WORKSPACE" 31279a188bcc558f01284e79d5e78f9cacc88863b0ec83f38db0fe7a914ee28b sh -e /__w/_temp/44d95b30-8148-4a5a-92a6-2477335af8ed.sh'
[2025-03-18 11:36:35Z INFO ProcessInvokerWrapper]   Working directory: '/home/jenny/tensorflow-mri/actions-runner/_work'
[2025-03-18 11:36:35Z INFO ProcessInvokerWrapper]   Require exit code zero: 'False'
[2025-03-18 11:36:35Z INFO ProcessInvokerWrapper]   Encoding web name:  ; code page: ''
[2025-03-18 11:36:35Z INFO ProcessInvokerWrapper]   Force kill process on cancellation: 'False'
[2025-03-18 11:36:35Z INFO ProcessInvokerWrapper]   Redirected STDIN: 'False'
[2025-03-18 11:36:35Z INFO ProcessInvokerWrapper]   Persist current code page: 'False'
[2025-03-18 11:36:35Z INFO ProcessInvokerWrapper]   Keep redirected STDIN open: 'False'
[2025-03-18 11:36:35Z INFO ProcessInvokerWrapper]   High priority process: 'False'
[2025-03-18 11:36:35Z INFO ProcessInvokerWrapper] Updated oom_score_adj to 500 for PID: 951768.
[2025-03-18 11:36:35Z INFO ProcessInvokerWrapper] Process started with process id 951768, waiting for process exit.
[2025-03-18 11:36:35Z INFO JobServerQueue] Try to append 1 batches web console lines for record 'bdf89840-dd66-4d02-a459-1b9c8c7c05b2', success rate: 1/1.
[2025-03-18 11:36:35Z INFO JobServerQueue] Try to append 1 batches web console lines for record '13949d89-c846-4f19-97af-3123cc713532', success rate: 1/1.
[2025-03-18 11:36:35Z INFO JobServerQueue] Try to append 1 batches web console lines for record '6822ea31-701e-41da-b38a-456ac1e8122d', success rate: 1/1.
[2025-03-18 11:36:35Z INFO JobServerQueue] Try to append 1 batches web console lines for record '6822ea31-701e-41da-b38a-456ac1e8122d', success rate: 1/1.
[2025-03-18 11:36:36Z INFO JobServerQueue] Try to upload 2 log files or attachments, success rate: 2/2.
[2025-03-18 11:36:36Z INFO JobServerQueue] Try to append 1 batches web console lines for record '6822ea31-701e-41da-b38a-456ac1e8122d', success rate: 1/1.
[2025-03-18 11:36:36Z INFO JobServerQueue] Got a step log file to send to results service.
[2025-03-18 11:36:36Z INFO JobServerQueue] Starting upload of step log file to results service ResultsLog, /home/jenny/tensorflow-mri/actions-runner/_diag/blocks/f9831e23-b408-4648-9cf3-bae7a143ca3d_bdf89840-dd66-4d02-a459-1b9c8c7c05b2.1
[2025-03-18 11:36:36Z INFO JobServerQueue] Got a step log file to send to results service.
[2025-03-18 11:36:36Z INFO JobServerQueue] Starting upload of step log file to results service ResultsLog, /home/jenny/tensorflow-mri/actions-runner/_diag/blocks/f9831e23-b408-4648-9cf3-bae7a143ca3d_13949d89-c846-4f19-97af-3123cc713532.1
[2025-03-18 11:36:36Z INFO JobServerQueue] Tried to upload 2 file(s) to results, success rate: 2/2.
[2025-03-18 11:36:37Z INFO JobServerQueue] Try to append 1 batches web console lines for record '6822ea31-701e-41da-b38a-456ac1e8122d', success rate: 1/1.
[2025-03-18 11:36:37Z INFO JobServerQueue] Try to append 1 batches web console lines for record '6822ea31-701e-41da-b38a-456ac1e8122d', success rate: 1/1.
[2025-03-18 11:36:39Z INFO JobServerQueue] Try to append 1 batches web console lines for record '6822ea31-701e-41da-b38a-456ac1e8122d', success rate: 1/1.
[2025-03-18 11:36:41Z INFO HostContext] Well known directory 'Bin': '/home/jenny/tensorflow-mri/actions-runner/bin'
[2025-03-18 11:36:41Z INFO HostContext] Well known directory 'Root': '/home/jenny/tensorflow-mri/actions-runner'
[2025-03-18 11:36:41Z INFO HostContext] Well known directory 'Work': '/home/jenny/tensorflow-mri/actions-runner/_work'
[2025-03-18 11:36:51Z INFO HostContext] Well known directory 'Bin': '/home/jenny/tensorflow-mri/actions-runner/bin'
[2025-03-18 11:36:51Z INFO HostContext] Well known directory 'Root': '/home/jenny/tensorflow-mri/actions-runner'
[2025-03-18 11:36:51Z INFO HostContext] Well known directory 'Work': '/home/jenny/tensorflow-mri/actions-runner/_work'
[2025-03-18 11:37:01Z INFO HostContext] Well known directory 'Bin': '/home/jenny/tensorflow-mri/actions-runner/bin'
[2025-03-18 11:37:01Z INFO HostContext] Well known directory 'Root': '/home/jenny/tensorflow-mri/actions-runner'
[2025-03-18 11:37:01Z INFO HostContext] Well known directory 'Work': '/home/jenny/tensorflow-mri/actions-runner/_work'
[2025-03-18 11:37:11Z INFO JobServerQueue] Try to append 1 batches web console lines for record '6822ea31-701e-41da-b38a-456ac1e8122d', success rate: 1/1.
[2025-03-18 11:37:11Z INFO HostContext] Well known directory 'Bin': '/home/jenny/tensorflow-mri/actions-runner/bin'
[2025-03-18 11:37:11Z INFO HostContext] Well known directory 'Root': '/home/jenny/tensorflow-mri/actions-runner'
[2025-03-18 11:37:11Z INFO HostContext] Well known directory 'Work': '/home/jenny/tensorflow-mri/actions-runner/_work'
[2025-03-18 11:37:17Z INFO ProcessInvokerWrapper] STDOUT/STDERR stream read finished.
[2025-03-18 11:37:17Z INFO ProcessInvokerWrapper] STDOUT/STDERR stream read finished.
[2025-03-18 11:37:17Z INFO ProcessInvokerWrapper] Finished process 951768 with exit code 0, and elapsed time 00:00:41.4323091.
[2025-03-18 11:37:17Z INFO CreateStepSummaryCommand] Step Summary file (/home/jenny/tensorflow-mri/actions-runner/_work/_temp/_runner_file_commands/step_summary_0ccf8fa4-a94b-49a6-9254-5e48c9386f4f) is empty; skipping attachment upload
[2025-03-18 11:37:17Z INFO StepsRunner] Step result: 
[2025-03-18 11:37:17Z INFO ExecutionContext] Publish step telemetry for current step {
  "action": "sh",
  "type": "run",
  "stage": "Main",
  "stepId": "6822ea31-701e-41da-b38a-456ac1e8122d",
  "stepContextName": "__run_2",
  "result": "succeeded",
  "errorMessages": [],
  "executionTimeInSeconds": 42,
  "startTime": "2025-03-18T11:36:35.6453122Z",
  "finishTime": "2025-03-18T11:37:17.0817982Z"
}.
[2025-03-18 11:37:17Z INFO StepsRunner] No need for updating job result with current step result 'Succeeded'.
[2025-03-18 11:37:17Z INFO StepsRunner] Current state: job state = ''
[2025-03-18 11:37:17Z INFO StepsRunner] Processing step: DisplayName='Compile shared library'
[2025-03-18 11:37:17Z INFO StepsRunner] Evaluating: success()
[2025-03-18 11:37:17Z INFO StepsRunner] Result: true
[2025-03-18 11:37:17Z INFO StepsRunner] Starting the step.
[2025-03-18 11:37:17Z INFO HostContext] Well known directory 'Bin': '/home/jenny/tensorflow-mri/actions-runner/bin'
[2025-03-18 11:37:17Z INFO HostContext] Well known directory 'Root': '/home/jenny/tensorflow-mri/actions-runner'
[2025-03-18 11:37:17Z INFO HostContext] Well known directory 'Work': '/home/jenny/tensorflow-mri/actions-runner/_work'
[2025-03-18 11:37:17Z INFO HostContext] Well known directory 'Temp': '/home/jenny/tensorflow-mri/actions-runner/_work/_temp'
[2025-03-18 11:37:17Z INFO ExecutionContext] Write event payload to /home/jenny/tensorflow-mri/actions-runner/_work/_temp/_github_workflow/event.json
[2025-03-18 11:37:17Z INFO HostContext] Well known directory 'Bin': '/home/jenny/tensorflow-mri/actions-runner/bin'
[2025-03-18 11:37:17Z INFO HostContext] Well known directory 'Root': '/home/jenny/tensorflow-mri/actions-runner'
[2025-03-18 11:37:17Z INFO HostContext] Well known directory 'Work': '/home/jenny/tensorflow-mri/actions-runner/_work'
[2025-03-18 11:37:17Z INFO HostContext] Well known directory 'Temp': '/home/jenny/tensorflow-mri/actions-runner/_work/_temp'
[2025-03-18 11:37:17Z INFO ExtensionManager] Getting extensions for interface: 'GitHub.Runner.Worker.IFileCommandExtension'
[2025-03-18 11:37:17Z INFO ExtensionManager] Getting extensions for interface: 'GitHub.Runner.Worker.IActionCommandExtension'
[2025-03-18 11:37:17Z INFO ActionCommandManager] Register action command extension for command internal-set-repo-path
[2025-03-18 11:37:17Z INFO ActionCommandManager] Register action command extension for command set-env
[2025-03-18 11:37:17Z INFO ActionCommandManager] Register action command extension for command set-output
[2025-03-18 11:37:17Z INFO ActionCommandManager] Register action command extension for command save-state
[2025-03-18 11:37:17Z INFO ActionCommandManager] Register action command extension for command add-path
[2025-03-18 11:37:17Z INFO ActionCommandManager] Register action command extension for command add-mask
[2025-03-18 11:37:17Z INFO ActionCommandManager] Register action command extension for command add-matcher
[2025-03-18 11:37:17Z INFO ActionCommandManager] Register action command extension for command remove-matcher
[2025-03-18 11:37:17Z INFO ActionCommandManager] Register action command extension for command warning
[2025-03-18 11:37:17Z INFO ActionCommandManager] Register action command extension for command error
[2025-03-18 11:37:17Z INFO ActionCommandManager] Register action command extension for command notice
[2025-03-18 11:37:17Z INFO ActionCommandManager] Register action command extension for command debug
[2025-03-18 11:37:17Z INFO ActionCommandManager] Register action command extension for command group
[2025-03-18 11:37:17Z INFO ActionCommandManager] Register action command extension for command endgroup
[2025-03-18 11:37:17Z INFO ActionCommandManager] Register action command extension for command echo
[2025-03-18 11:37:17Z INFO HostContext] Well known directory 'Bin': '/home/jenny/tensorflow-mri/actions-runner/bin'
[2025-03-18 11:37:17Z INFO HostContext] Well known directory 'Root': '/home/jenny/tensorflow-mri/actions-runner'
[2025-03-18 11:37:17Z INFO HostContext] Well known directory 'Work': '/home/jenny/tensorflow-mri/actions-runner/_work'
[2025-03-18 11:37:17Z INFO HostContext] Well known directory 'Temp': '/home/jenny/tensorflow-mri/actions-runner/_work/_temp'
[2025-03-18 11:37:17Z INFO ScriptHandler] Which2: 'bash'
[2025-03-18 11:37:17Z INFO ScriptHandler] Location: '/usr/bin/bash'
[2025-03-18 11:37:17Z INFO HostContext] Well known directory 'Bin': '/home/jenny/tensorflow-mri/actions-runner/bin'
[2025-03-18 11:37:17Z INFO HostContext] Well known directory 'Root': '/home/jenny/tensorflow-mri/actions-runner'
[2025-03-18 11:37:17Z INFO HostContext] Well known directory 'Work': '/home/jenny/tensorflow-mri/actions-runner/_work'
[2025-03-18 11:37:17Z INFO ProcessInvokerWrapper] Starting process:
[2025-03-18 11:37:17Z INFO ProcessInvokerWrapper]   File name: '/usr/bin/docker'
[2025-03-18 11:37:17Z INFO ProcessInvokerWrapper]   Arguments: 'exec -i --workdir /__w/tensorflow-mri/tensorflow-mri -e "PYTHON" -e "GITHUB_JOB" -e "GITHUB_REF" -e "GITHUB_SHA" -e "GITHUB_REPOSITORY" -e "GITHUB_REPOSITORY_OWNER" -e "GITHUB_REPOSITORY_OWNER_ID" -e "GITHUB_RUN_ID" -e "GITHUB_RUN_NUMBER" -e "GITHUB_RETENTION_DAYS" -e "GITHUB_RUN_ATTEMPT" -e "GITHUB_ACTOR_ID" -e "GITHUB_ACTOR" -e "GITHUB_WORKFLOW" -e "GITHUB_HEAD_REF" -e "GITHUB_BASE_REF" -e "GITHUB_EVENT_NAME" -e "GITHUB_SERVER_URL" -e "GITHUB_API_URL" -e "GITHUB_GRAPHQL_URL" -e "GITHUB_REF_NAME" -e "GITHUB_REF_PROTECTED" -e "GITHUB_REF_TYPE" -e "GITHUB_WORKFLOW_REF" -e "GITHUB_WORKFLOW_SHA" -e "GITHUB_REPOSITORY_ID" -e "GITHUB_TRIGGERING_ACTOR" -e "GITHUB_WORKSPACE" -e "GITHUB_ACTION" -e "GITHUB_EVENT_PATH" -e "GITHUB_ACTION_REPOSITORY" -e "GITHUB_ACTION_REF" -e "GITHUB_PATH" -e "GITHUB_ENV" -e "GITHUB_STEP_SUMMARY" -e "GITHUB_STATE" -e "GITHUB_OUTPUT" -e "RUNNER_OS" -e "RUNNER_ARCH" -e "RUNNER_NAME" -e "RUNNER_ENVIRONMENT" -e "RUNNER_TOOL_CACHE" -e "RUNNER_TEMP" -e "RUNNER_WORKSPACE" 31279a188bcc558f01284e79d5e78f9cacc88863b0ec83f38db0fe7a914ee28b sh -e /__w/_temp/f0339637-0eb4-44e5-ade3-73ea1bbc3955.sh'
[2025-03-18 11:37:17Z INFO ProcessInvokerWrapper]   Working directory: '/home/jenny/tensorflow-mri/actions-runner/_work'
[2025-03-18 11:37:17Z INFO ProcessInvokerWrapper]   Require exit code zero: 'False'
[2025-03-18 11:37:17Z INFO ProcessInvokerWrapper]   Encoding web name:  ; code page: ''
[2025-03-18 11:37:17Z INFO ProcessInvokerWrapper]   Force kill process on cancellation: 'False'
[2025-03-18 11:37:17Z INFO ProcessInvokerWrapper]   Redirected STDIN: 'False'
[2025-03-18 11:37:17Z INFO ProcessInvokerWrapper]   Persist current code page: 'False'
[2025-03-18 11:37:17Z INFO ProcessInvokerWrapper]   Keep redirected STDIN open: 'False'
[2025-03-18 11:37:17Z INFO ProcessInvokerWrapper]   High priority process: 'False'
[2025-03-18 11:37:17Z INFO ProcessInvokerWrapper] Updated oom_score_adj to 500 for PID: 952147.
[2025-03-18 11:37:17Z INFO ProcessInvokerWrapper] Process started with process id 952147, waiting for process exit.
[2025-03-18 11:37:17Z INFO JobServerQueue] Try to append 1 batches web console lines for record '2e5e5fd7-91ed-4ca7-8b08-49a77dbd622a', success rate: 1/1.
[2025-03-18 11:37:17Z INFO JobServerQueue] Try to append 1 batches web console lines for record '2e5e5fd7-91ed-4ca7-8b08-49a77dbd622a', success rate: 1/1.
[2025-03-18 11:37:17Z INFO JobServerQueue] Got a step log file to send to results service.
[2025-03-18 11:37:17Z INFO JobServerQueue] Starting upload of step log file to results service ResultsLog, /home/jenny/tensorflow-mri/actions-runner/_diag/blocks/f9831e23-b408-4648-9cf3-bae7a143ca3d_6822ea31-701e-41da-b38a-456ac1e8122d.1
[2025-03-18 11:37:18Z INFO JobServerQueue] Try to upload 1 log files or attachments, success rate: 1/1.
[2025-03-18 11:37:18Z INFO JobServerQueue] Tried to upload 1 file(s) to results, success rate: 1/1.
[2025-03-18 11:37:18Z INFO JobServerQueue] Try to append 1 batches web console lines for record '2e5e5fd7-91ed-4ca7-8b08-49a77dbd622a', success rate: 1/1.
[2025-03-18 11:37:19Z INFO JobServerQueue] Try to append 1 batches web console lines for record '2e5e5fd7-91ed-4ca7-8b08-49a77dbd622a', success rate: 1/1.
[2025-03-18 11:37:20Z INFO JobServerQueue] Try to append 1 batches web console lines for record '2e5e5fd7-91ed-4ca7-8b08-49a77dbd622a', success rate: 1/1.
[2025-03-18 11:37:21Z INFO HostContext] Well known directory 'Bin': '/home/jenny/tensorflow-mri/actions-runner/bin'
[2025-03-18 11:37:21Z INFO HostContext] Well known directory 'Root': '/home/jenny/tensorflow-mri/actions-runner'
[2025-03-18 11:37:21Z INFO HostContext] Well known directory 'Work': '/home/jenny/tensorflow-mri/actions-runner/_work'
[2025-03-18 11:37:26Z INFO JobServerQueue] Try to append 2 batches web console lines for record '2e5e5fd7-91ed-4ca7-8b08-49a77dbd622a', success rate: 2/2.
[2025-03-18 11:37:26Z INFO JobServerQueue] Try to append 1 batches web console lines for record '2e5e5fd7-91ed-4ca7-8b08-49a77dbd622a', success rate: 1/1.
[2025-03-18 11:37:27Z INFO ProcessInvokerWrapper] STDOUT/STDERR stream read finished.
[2025-03-18 11:37:27Z INFO ProcessInvokerWrapper] STDOUT/STDERR stream read finished.
[2025-03-18 11:37:27Z INFO ProcessInvokerWrapper] Finished process 952147 with exit code 0, and elapsed time 00:00:09.9202214.
[2025-03-18 11:37:27Z INFO CreateStepSummaryCommand] Step Summary file (/home/jenny/tensorflow-mri/actions-runner/_work/_temp/_runner_file_commands/step_summary_6b57bc94-67ce-4ab5-be5f-6df59784c838) is empty; skipping attachment upload
[2025-03-18 11:37:27Z INFO StepsRunner] Step result: 
[2025-03-18 11:37:27Z INFO ExecutionContext] Publish step telemetry for current step {
  "action": "sh",
  "type": "run",
  "stage": "Main",
  "stepId": "2e5e5fd7-91ed-4ca7-8b08-49a77dbd622a",
  "stepContextName": "__run_3",
  "result": "succeeded",
  "errorMessages": [],
  "executionTimeInSeconds": 10,
  "startTime": "2025-03-18T11:37:17.0823406Z",
  "finishTime": "2025-03-18T11:37:27.0067812Z"
}.
[2025-03-18 11:37:27Z INFO StepsRunner] No need for updating job result with current step result 'Succeeded'.
[2025-03-18 11:37:27Z INFO StepsRunner] Current state: job state = ''
[2025-03-18 11:37:27Z INFO StepsRunner] Processing step: DisplayName='Install required packages'
[2025-03-18 11:37:27Z INFO StepsRunner] Evaluating: success()
[2025-03-18 11:37:27Z INFO StepsRunner] Result: true
[2025-03-18 11:37:27Z INFO StepsRunner] Starting the step.
[2025-03-18 11:37:27Z INFO HostContext] Well known directory 'Bin': '/home/jenny/tensorflow-mri/actions-runner/bin'
[2025-03-18 11:37:27Z INFO HostContext] Well known directory 'Root': '/home/jenny/tensorflow-mri/actions-runner'
[2025-03-18 11:37:27Z INFO HostContext] Well known directory 'Work': '/home/jenny/tensorflow-mri/actions-runner/_work'
[2025-03-18 11:37:27Z INFO HostContext] Well known directory 'Temp': '/home/jenny/tensorflow-mri/actions-runner/_work/_temp'
[2025-03-18 11:37:27Z INFO ExecutionContext] Write event payload to /home/jenny/tensorflow-mri/actions-runner/_work/_temp/_github_workflow/event.json
[2025-03-18 11:37:27Z INFO HostContext] Well known directory 'Bin': '/home/jenny/tensorflow-mri/actions-runner/bin'
[2025-03-18 11:37:27Z INFO HostContext] Well known directory 'Root': '/home/jenny/tensorflow-mri/actions-runner'
[2025-03-18 11:37:27Z INFO HostContext] Well known directory 'Work': '/home/jenny/tensorflow-mri/actions-runner/_work'
[2025-03-18 11:37:27Z INFO HostContext] Well known directory 'Temp': '/home/jenny/tensorflow-mri/actions-runner/_work/_temp'
[2025-03-18 11:37:27Z INFO ExtensionManager] Getting extensions for interface: 'GitHub.Runner.Worker.IFileCommandExtension'
[2025-03-18 11:37:27Z INFO ExtensionManager] Getting extensions for interface: 'GitHub.Runner.Worker.IActionCommandExtension'
[2025-03-18 11:37:27Z INFO ActionCommandManager] Register action command extension for command internal-set-repo-path
[2025-03-18 11:37:27Z INFO ActionCommandManager] Register action command extension for command set-env
[2025-03-18 11:37:27Z INFO ActionCommandManager] Register action command extension for command set-output
[2025-03-18 11:37:27Z INFO ActionCommandManager] Register action command extension for command save-state
[2025-03-18 11:37:27Z INFO ActionCommandManager] Register action command extension for command add-path
[2025-03-18 11:37:27Z INFO ActionCommandManager] Register action command extension for command add-mask
[2025-03-18 11:37:27Z INFO ActionCommandManager] Register action command extension for command add-matcher
[2025-03-18 11:37:27Z INFO ActionCommandManager] Register action command extension for command remove-matcher
[2025-03-18 11:37:27Z INFO ActionCommandManager] Register action command extension for command warning
[2025-03-18 11:37:27Z INFO ActionCommandManager] Register action command extension for command error
[2025-03-18 11:37:27Z INFO ActionCommandManager] Register action command extension for command notice
[2025-03-18 11:37:27Z INFO ActionCommandManager] Register action command extension for command debug
[2025-03-18 11:37:27Z INFO ActionCommandManager] Register action command extension for command group
[2025-03-18 11:37:27Z INFO ActionCommandManager] Register action command extension for command endgroup
[2025-03-18 11:37:27Z INFO ActionCommandManager] Register action command extension for command echo
[2025-03-18 11:37:27Z INFO HostContext] Well known directory 'Bin': '/home/jenny/tensorflow-mri/actions-runner/bin'
[2025-03-18 11:37:27Z INFO HostContext] Well known directory 'Root': '/home/jenny/tensorflow-mri/actions-runner'
[2025-03-18 11:37:27Z INFO HostContext] Well known directory 'Work': '/home/jenny/tensorflow-mri/actions-runner/_work'
[2025-03-18 11:37:27Z INFO HostContext] Well known directory 'Temp': '/home/jenny/tensorflow-mri/actions-runner/_work/_temp'
[2025-03-18 11:37:27Z INFO ScriptHandler] Which2: 'bash'
[2025-03-18 11:37:27Z INFO ScriptHandler] Location: '/usr/bin/bash'
[2025-03-18 11:37:27Z INFO HostContext] Well known directory 'Bin': '/home/jenny/tensorflow-mri/actions-runner/bin'
[2025-03-18 11:37:27Z INFO HostContext] Well known directory 'Root': '/home/jenny/tensorflow-mri/actions-runner'
[2025-03-18 11:37:27Z INFO HostContext] Well known directory 'Work': '/home/jenny/tensorflow-mri/actions-runner/_work'
[2025-03-18 11:37:27Z INFO ProcessInvokerWrapper] Starting process:
[2025-03-18 11:37:27Z INFO ProcessInvokerWrapper]   File name: '/usr/bin/docker'
[2025-03-18 11:37:27Z INFO ProcessInvokerWrapper]   Arguments: 'exec -i --workdir /__w/tensorflow-mri/tensorflow-mri -e "PYTHON" -e "GITHUB_JOB" -e "GITHUB_REF" -e "GITHUB_SHA" -e "GITHUB_REPOSITORY" -e "GITHUB_REPOSITORY_OWNER" -e "GITHUB_REPOSITORY_OWNER_ID" -e "GITHUB_RUN_ID" -e "GITHUB_RUN_NUMBER" -e "GITHUB_RETENTION_DAYS" -e "GITHUB_RUN_ATTEMPT" -e "GITHUB_ACTOR_ID" -e "GITHUB_ACTOR" -e "GITHUB_WORKFLOW" -e "GITHUB_HEAD_REF" -e "GITHUB_BASE_REF" -e "GITHUB_EVENT_NAME" -e "GITHUB_SERVER_URL" -e "GITHUB_API_URL" -e "GITHUB_GRAPHQL_URL" -e "GITHUB_REF_NAME" -e "GITHUB_REF_PROTECTED" -e "GITHUB_REF_TYPE" -e "GITHUB_WORKFLOW_REF" -e "GITHUB_WORKFLOW_SHA" -e "GITHUB_REPOSITORY_ID" -e "GITHUB_TRIGGERING_ACTOR" -e "GITHUB_WORKSPACE" -e "GITHUB_ACTION" -e "GITHUB_EVENT_PATH" -e "GITHUB_ACTION_REPOSITORY" -e "GITHUB_ACTION_REF" -e "GITHUB_PATH" -e "GITHUB_ENV" -e "GITHUB_STEP_SUMMARY" -e "GITHUB_STATE" -e "GITHUB_OUTPUT" -e "RUNNER_OS" -e "RUNNER_ARCH" -e "RUNNER_NAME" -e "RUNNER_ENVIRONMENT" -e "RUNNER_TOOL_CACHE" -e "RUNNER_TEMP" -e "RUNNER_WORKSPACE" 31279a188bcc558f01284e79d5e78f9cacc88863b0ec83f38db0fe7a914ee28b sh -e /__w/_temp/a57dbaa6-9e32-4701-ade9-70c91da88bd0.sh'
[2025-03-18 11:37:27Z INFO ProcessInvokerWrapper]   Working directory: '/home/jenny/tensorflow-mri/actions-runner/_work'
[2025-03-18 11:37:27Z INFO ProcessInvokerWrapper]   Require exit code zero: 'False'
[2025-03-18 11:37:27Z INFO ProcessInvokerWrapper]   Encoding web name:  ; code page: ''
[2025-03-18 11:37:27Z INFO ProcessInvokerWrapper]   Force kill process on cancellation: 'False'
[2025-03-18 11:37:27Z INFO ProcessInvokerWrapper]   Redirected STDIN: 'False'
[2025-03-18 11:37:27Z INFO ProcessInvokerWrapper]   Persist current code page: 'False'
[2025-03-18 11:37:27Z INFO ProcessInvokerWrapper]   Keep redirected STDIN open: 'False'
[2025-03-18 11:37:27Z INFO ProcessInvokerWrapper]   High priority process: 'False'
[2025-03-18 11:37:27Z INFO ProcessInvokerWrapper] Updated oom_score_adj to 500 for PID: 952411.
[2025-03-18 11:37:27Z INFO ProcessInvokerWrapper] Process started with process id 952411, waiting for process exit.
[2025-03-18 11:37:27Z INFO JobServerQueue] Try to upload 1 log files or attachments, success rate: 1/1.
[2025-03-18 11:37:27Z INFO JobServerQueue] Try to append 1 batches web console lines for record '2e5e5fd7-91ed-4ca7-8b08-49a77dbd622a', success rate: 1/1.
[2025-03-18 11:37:27Z INFO JobServerQueue] Try to append 1 batches web console lines for record '59b80332-d70e-492c-a857-b9584722e196', success rate: 1/1.
[2025-03-18 11:37:27Z INFO JobServerQueue] Got a step log file to send to results service.
[2025-03-18 11:37:27Z INFO JobServerQueue] Starting upload of step log file to results service ResultsLog, /home/jenny/tensorflow-mri/actions-runner/_diag/blocks/f9831e23-b408-4648-9cf3-bae7a143ca3d_2e5e5fd7-91ed-4ca7-8b08-49a77dbd622a.1
[2025-03-18 11:37:27Z INFO JobServerQueue] Tried to upload 1 file(s) to results, success rate: 1/1.
[2025-03-18 11:37:27Z INFO JobServerQueue] Try to append 1 batches web console lines for record '59b80332-d70e-492c-a857-b9584722e196', success rate: 1/1.
[2025-03-18 11:37:27Z INFO JobServerQueue] Try to append 1 batches web console lines for record '59b80332-d70e-492c-a857-b9584722e196', success rate: 1/1.
[2025-03-18 11:37:28Z INFO JobServerQueue] Try to append 1 batches web console lines for record '59b80332-d70e-492c-a857-b9584722e196', success rate: 1/1.
[2025-03-18 11:37:29Z INFO JobServerQueue] Try to append 1 batches web console lines for record '59b80332-d70e-492c-a857-b9584722e196', success rate: 1/1.
[2025-03-18 11:37:30Z INFO JobServerQueue] Stop aggressive process web console line queue.
[2025-03-18 11:37:30Z INFO JobServerQueue] Try to append 1 batches web console lines for record '59b80332-d70e-492c-a857-b9584722e196', success rate: 1/1.
[2025-03-18 11:37:31Z INFO JobServerQueue] Try to append 1 batches web console lines for record '59b80332-d70e-492c-a857-b9584722e196', success rate: 1/1.
[2025-03-18 11:37:31Z INFO HostContext] Well known directory 'Bin': '/home/jenny/tensorflow-mri/actions-runner/bin'
[2025-03-18 11:37:31Z INFO HostContext] Well known directory 'Root': '/home/jenny/tensorflow-mri/actions-runner'
[2025-03-18 11:37:31Z INFO HostContext] Well known directory 'Work': '/home/jenny/tensorflow-mri/actions-runner/_work'
[2025-03-18 11:37:32Z INFO JobServerQueue] Try to append 1 batches web console lines for record '59b80332-d70e-492c-a857-b9584722e196', success rate: 1/1.
[2025-03-18 11:37:32Z INFO JobServerQueue] Try to append 1 batches web console lines for record '59b80332-d70e-492c-a857-b9584722e196', success rate: 1/1.
[2025-03-18 11:37:33Z INFO JobServerQueue] Try to append 1 batches web console lines for record '59b80332-d70e-492c-a857-b9584722e196', success rate: 1/1.
[2025-03-18 11:37:36Z INFO JobServerQueue] Try to append 1 batches web console lines for record '59b80332-d70e-492c-a857-b9584722e196', success rate: 1/1.
[2025-03-18 11:37:36Z INFO JobServerQueue] Try to append 1 batches web console lines for record '59b80332-d70e-492c-a857-b9584722e196', success rate: 1/1.
[2025-03-18 11:37:38Z INFO JobServerQueue] Try to append 1 batches web console lines for record '59b80332-d70e-492c-a857-b9584722e196', success rate: 1/1.
[2025-03-18 11:37:38Z INFO JobServerQueue] Try to append 1 batches web console lines for record '59b80332-d70e-492c-a857-b9584722e196', success rate: 1/1.
[2025-03-18 11:37:39Z INFO JobServerQueue] Try to append 1 batches web console lines for record '59b80332-d70e-492c-a857-b9584722e196', success rate: 1/1.
[2025-03-18 11:37:39Z INFO JobServerQueue] Try to append 1 batches web console lines for record '59b80332-d70e-492c-a857-b9584722e196', success rate: 1/1.
[2025-03-18 11:37:40Z INFO JobServerQueue] Try to append 1 batches web console lines for record '59b80332-d70e-492c-a857-b9584722e196', success rate: 1/1.
[2025-03-18 11:37:40Z INFO JobServerQueue] Try to append 1 batches web console lines for record '59b80332-d70e-492c-a857-b9584722e196', success rate: 1/1.
[2025-03-18 11:37:41Z INFO JobServerQueue] Try to append 1 batches web console lines for record '59b80332-d70e-492c-a857-b9584722e196', success rate: 1/1.
[2025-03-18 11:37:41Z INFO JobServerQueue] Try to append 1 batches web console lines for record '59b80332-d70e-492c-a857-b9584722e196', success rate: 1/1.
[2025-03-18 11:37:41Z INFO HostContext] Well known directory 'Bin': '/home/jenny/tensorflow-mri/actions-runner/bin'
[2025-03-18 11:37:41Z INFO HostContext] Well known directory 'Root': '/home/jenny/tensorflow-mri/actions-runner'
[2025-03-18 11:37:41Z INFO HostContext] Well known directory 'Work': '/home/jenny/tensorflow-mri/actions-runner/_work'
[2025-03-18 11:37:42Z INFO JobServerQueue] Try to append 1 batches web console lines for record '59b80332-d70e-492c-a857-b9584722e196', success rate: 1/1.
[2025-03-18 11:37:42Z INFO JobServerQueue] Try to append 1 batches web console lines for record '59b80332-d70e-492c-a857-b9584722e196', success rate: 1/1.
[2025-03-18 11:37:43Z INFO JobServerQueue] Try to append 1 batches web console lines for record '59b80332-d70e-492c-a857-b9584722e196', success rate: 1/1.
[2025-03-18 11:37:43Z INFO JobServerQueue] Try to append 1 batches web console lines for record '59b80332-d70e-492c-a857-b9584722e196', success rate: 1/1.
[2025-03-18 11:37:44Z INFO JobServerQueue] Try to append 1 batches web console lines for record '59b80332-d70e-492c-a857-b9584722e196', success rate: 1/1.
[2025-03-18 11:37:44Z INFO JobServerQueue] Try to append 1 batches web console lines for record '59b80332-d70e-492c-a857-b9584722e196', success rate: 1/1.
[2025-03-18 11:37:45Z INFO JobServerQueue] Try to append 1 batches web console lines for record '59b80332-d70e-492c-a857-b9584722e196', success rate: 1/1.
[2025-03-18 11:37:45Z INFO JobServerQueue] Try to append 1 batches web console lines for record '59b80332-d70e-492c-a857-b9584722e196', success rate: 1/1.
[2025-03-18 11:37:46Z INFO JobServerQueue] Try to append 1 batches web console lines for record '59b80332-d70e-492c-a857-b9584722e196', success rate: 1/1.
[2025-03-18 11:37:46Z INFO JobServerQueue] Try to append 1 batches web console lines for record '59b80332-d70e-492c-a857-b9584722e196', success rate: 1/1.
[2025-03-18 11:37:47Z INFO JobServerQueue] Try to append 1 batches web console lines for record '59b80332-d70e-492c-a857-b9584722e196', success rate: 1/1.
[2025-03-18 11:37:48Z INFO JobServerQueue] Try to append 1 batches web console lines for record '59b80332-d70e-492c-a857-b9584722e196', success rate: 1/1.
[2025-03-18 11:37:48Z INFO JobServerQueue] Try to append 1 batches web console lines for record '59b80332-d70e-492c-a857-b9584722e196', success rate: 1/1.
[2025-03-18 11:37:49Z INFO JobServerQueue] Try to append 1 batches web console lines for record '59b80332-d70e-492c-a857-b9584722e196', success rate: 1/1.
[2025-03-18 11:37:49Z INFO JobServerQueue] Try to append 1 batches web console lines for record '59b80332-d70e-492c-a857-b9584722e196', success rate: 1/1.
[2025-03-18 11:37:50Z INFO JobServerQueue] Try to append 1 batches web console lines for record '59b80332-d70e-492c-a857-b9584722e196', success rate: 1/1.
[2025-03-18 11:37:51Z INFO JobServerQueue] Try to append 1 batches web console lines for record '59b80332-d70e-492c-a857-b9584722e196', success rate: 1/1.
[2025-03-18 11:37:51Z INFO JobServerQueue] Try to append 1 batches web console lines for record '59b80332-d70e-492c-a857-b9584722e196', success rate: 1/1.
[2025-03-18 11:37:51Z INFO HostContext] Well known directory 'Bin': '/home/jenny/tensorflow-mri/actions-runner/bin'
[2025-03-18 11:37:51Z INFO HostContext] Well known directory 'Root': '/home/jenny/tensorflow-mri/actions-runner'
[2025-03-18 11:37:51Z INFO HostContext] Well known directory 'Work': '/home/jenny/tensorflow-mri/actions-runner/_work'
[2025-03-18 11:37:52Z INFO JobServerQueue] Try to append 1 batches web console lines for record '59b80332-d70e-492c-a857-b9584722e196', success rate: 1/1.
[2025-03-18 11:38:01Z INFO HostContext] Well known directory 'Bin': '/home/jenny/tensorflow-mri/actions-runner/bin'
[2025-03-18 11:38:01Z INFO HostContext] Well known directory 'Root': '/home/jenny/tensorflow-mri/actions-runner'
[2025-03-18 11:38:01Z INFO HostContext] Well known directory 'Work': '/home/jenny/tensorflow-mri/actions-runner/_work'
[2025-03-18 11:38:08Z INFO JobServerQueue] Try to append 1 batches web console lines for record '59b80332-d70e-492c-a857-b9584722e196', success rate: 1/1.
[2025-03-18 11:38:08Z INFO ProcessInvokerWrapper] STDOUT/STDERR stream read finished.
[2025-03-18 11:38:08Z INFO ProcessInvokerWrapper] STDOUT/STDERR stream read finished.
[2025-03-18 11:38:08Z INFO ProcessInvokerWrapper] Finished process 952411 with exit code 0, and elapsed time 00:00:41.3546253.
[2025-03-18 11:38:08Z INFO CreateStepSummaryCommand] Step Summary file (/home/jenny/tensorflow-mri/actions-runner/_work/_temp/_runner_file_commands/step_summary_f186f8cf-d30e-4612-a857-ad366844d79c) is empty; skipping attachment upload
[2025-03-18 11:38:08Z INFO StepsRunner] Step result: 
[2025-03-18 11:38:08Z INFO ExecutionContext] Publish step telemetry for current step {
  "action": "sh",
  "type": "run",
  "stage": "Main",
  "stepId": "59b80332-d70e-492c-a857-b9584722e196",
  "stepContextName": "__run_4",
  "result": "succeeded",
  "errorMessages": [],
  "executionTimeInSeconds": 42,
  "startTime": "2025-03-18T11:37:27.0085553Z",
  "finishTime": "2025-03-18T11:38:08.3672237Z"
}.
[2025-03-18 11:38:08Z INFO StepsRunner] No need for updating job result with current step result 'Succeeded'.
[2025-03-18 11:38:08Z INFO StepsRunner] Current state: job state = ''
[2025-03-18 11:38:08Z INFO StepsRunner] Processing step: DisplayName='Run test suite'
[2025-03-18 11:38:08Z INFO StepsRunner] Evaluating: success()
[2025-03-18 11:38:08Z INFO StepsRunner] Result: true
[2025-03-18 11:38:08Z INFO StepsRunner] Starting the step.
[2025-03-18 11:38:08Z INFO HostContext] Well known directory 'Bin': '/home/jenny/tensorflow-mri/actions-runner/bin'
[2025-03-18 11:38:08Z INFO HostContext] Well known directory 'Root': '/home/jenny/tensorflow-mri/actions-runner'
[2025-03-18 11:38:08Z INFO HostContext] Well known directory 'Work': '/home/jenny/tensorflow-mri/actions-runner/_work'
[2025-03-18 11:38:08Z INFO HostContext] Well known directory 'Temp': '/home/jenny/tensorflow-mri/actions-runner/_work/_temp'
[2025-03-18 11:38:08Z INFO ExecutionContext] Write event payload to /home/jenny/tensorflow-mri/actions-runner/_work/_temp/_github_workflow/event.json
[2025-03-18 11:38:08Z INFO HostContext] Well known directory 'Bin': '/home/jenny/tensorflow-mri/actions-runner/bin'
[2025-03-18 11:38:08Z INFO HostContext] Well known directory 'Root': '/home/jenny/tensorflow-mri/actions-runner'
[2025-03-18 11:38:08Z INFO HostContext] Well known directory 'Work': '/home/jenny/tensorflow-mri/actions-runner/_work'
[2025-03-18 11:38:08Z INFO HostContext] Well known directory 'Temp': '/home/jenny/tensorflow-mri/actions-runner/_work/_temp'
[2025-03-18 11:38:08Z INFO ExtensionManager] Getting extensions for interface: 'GitHub.Runner.Worker.IFileCommandExtension'
[2025-03-18 11:38:08Z INFO ExtensionManager] Getting extensions for interface: 'GitHub.Runner.Worker.IActionCommandExtension'
[2025-03-18 11:38:08Z INFO ActionCommandManager] Register action command extension for command internal-set-repo-path
[2025-03-18 11:38:08Z INFO ActionCommandManager] Register action command extension for command set-env
[2025-03-18 11:38:08Z INFO ActionCommandManager] Register action command extension for command set-output
[2025-03-18 11:38:08Z INFO ActionCommandManager] Register action command extension for command save-state
[2025-03-18 11:38:08Z INFO ActionCommandManager] Register action command extension for command add-path
[2025-03-18 11:38:08Z INFO ActionCommandManager] Register action command extension for command add-mask
[2025-03-18 11:38:08Z INFO ActionCommandManager] Register action command extension for command add-matcher
[2025-03-18 11:38:08Z INFO ActionCommandManager] Register action command extension for command remove-matcher
[2025-03-18 11:38:08Z INFO ActionCommandManager] Register action command extension for command warning
[2025-03-18 11:38:08Z INFO ActionCommandManager] Register action command extension for command error
[2025-03-18 11:38:08Z INFO ActionCommandManager] Register action command extension for command notice
[2025-03-18 11:38:08Z INFO ActionCommandManager] Register action command extension for command debug
[2025-03-18 11:38:08Z INFO ActionCommandManager] Register action command extension for command group
[2025-03-18 11:38:08Z INFO ActionCommandManager] Register action command extension for command endgroup
[2025-03-18 11:38:08Z INFO ActionCommandManager] Register action command extension for command echo
[2025-03-18 11:38:08Z INFO HostContext] Well known directory 'Bin': '/home/jenny/tensorflow-mri/actions-runner/bin'
[2025-03-18 11:38:08Z INFO HostContext] Well known directory 'Root': '/home/jenny/tensorflow-mri/actions-runner'
[2025-03-18 11:38:08Z INFO HostContext] Well known directory 'Work': '/home/jenny/tensorflow-mri/actions-runner/_work'
[2025-03-18 11:38:08Z INFO HostContext] Well known directory 'Temp': '/home/jenny/tensorflow-mri/actions-runner/_work/_temp'
[2025-03-18 11:38:08Z INFO ScriptHandler] Which2: 'bash'
[2025-03-18 11:38:08Z INFO ScriptHandler] Location: '/usr/bin/bash'
[2025-03-18 11:38:08Z INFO HostContext] Well known directory 'Bin': '/home/jenny/tensorflow-mri/actions-runner/bin'
[2025-03-18 11:38:08Z INFO HostContext] Well known directory 'Root': '/home/jenny/tensorflow-mri/actions-runner'
[2025-03-18 11:38:08Z INFO HostContext] Well known directory 'Work': '/home/jenny/tensorflow-mri/actions-runner/_work'
[2025-03-18 11:38:08Z INFO ProcessInvokerWrapper] Starting process:
[2025-03-18 11:38:08Z INFO ProcessInvokerWrapper]   File name: '/usr/bin/docker'
[2025-03-18 11:38:08Z INFO ProcessInvokerWrapper]   Arguments: 'exec -i --workdir /__w/tensorflow-mri/tensorflow-mri -e "PYTHON" -e "GITHUB_JOB" -e "GITHUB_REF" -e "GITHUB_SHA" -e "GITHUB_REPOSITORY" -e "GITHUB_REPOSITORY_OWNER" -e "GITHUB_REPOSITORY_OWNER_ID" -e "GITHUB_RUN_ID" -e "GITHUB_RUN_NUMBER" -e "GITHUB_RETENTION_DAYS" -e "GITHUB_RUN_ATTEMPT" -e "GITHUB_ACTOR_ID" -e "GITHUB_ACTOR" -e "GITHUB_WORKFLOW" -e "GITHUB_HEAD_REF" -e "GITHUB_BASE_REF" -e "GITHUB_EVENT_NAME" -e "GITHUB_SERVER_URL" -e "GITHUB_API_URL" -e "GITHUB_GRAPHQL_URL" -e "GITHUB_REF_NAME" -e "GITHUB_REF_PROTECTED" -e "GITHUB_REF_TYPE" -e "GITHUB_WORKFLOW_REF" -e "GITHUB_WORKFLOW_SHA" -e "GITHUB_REPOSITORY_ID" -e "GITHUB_TRIGGERING_ACTOR" -e "GITHUB_WORKSPACE" -e "GITHUB_ACTION" -e "GITHUB_EVENT_PATH" -e "GITHUB_ACTION_REPOSITORY" -e "GITHUB_ACTION_REF" -e "GITHUB_PATH" -e "GITHUB_ENV" -e "GITHUB_STEP_SUMMARY" -e "GITHUB_STATE" -e "GITHUB_OUTPUT" -e "RUNNER_OS" -e "RUNNER_ARCH" -e "RUNNER_NAME" -e "RUNNER_ENVIRONMENT" -e "RUNNER_TOOL_CACHE" -e "RUNNER_TEMP" -e "RUNNER_WORKSPACE" 31279a188bcc558f01284e79d5e78f9cacc88863b0ec83f38db0fe7a914ee28b sh -e /__w/_temp/fe7537c7-f400-459e-8fa5-0a1bbe968d98.sh'
[2025-03-18 11:38:08Z INFO ProcessInvokerWrapper]   Working directory: '/home/jenny/tensorflow-mri/actions-runner/_work'
[2025-03-18 11:38:08Z INFO ProcessInvokerWrapper]   Require exit code zero: 'False'
[2025-03-18 11:38:08Z INFO ProcessInvokerWrapper]   Encoding web name:  ; code page: ''
[2025-03-18 11:38:08Z INFO ProcessInvokerWrapper]   Force kill process on cancellation: 'False'
[2025-03-18 11:38:08Z INFO ProcessInvokerWrapper]   Redirected STDIN: 'False'
[2025-03-18 11:38:08Z INFO ProcessInvokerWrapper]   Persist current code page: 'False'
[2025-03-18 11:38:08Z INFO ProcessInvokerWrapper]   Keep redirected STDIN open: 'False'
[2025-03-18 11:38:08Z INFO ProcessInvokerWrapper]   High priority process: 'False'
[2025-03-18 11:38:08Z INFO ProcessInvokerWrapper] Updated oom_score_adj to 500 for PID: 952585.
[2025-03-18 11:38:08Z INFO ProcessInvokerWrapper] Process started with process id 952585, waiting for process exit.
[2025-03-18 11:38:08Z INFO JobServerQueue] Got a step log file to send to results service.
[2025-03-18 11:38:08Z INFO JobServerQueue] Starting upload of step log file to results service ResultsLog, /home/jenny/tensorflow-mri/actions-runner/_diag/blocks/f9831e23-b408-4648-9cf3-bae7a143ca3d_59b80332-d70e-492c-a857-b9584722e196.1
[2025-03-18 11:38:08Z INFO JobServerQueue] Try to append 1 batches web console lines for record '88133581-ce50-419b-b026-38b099425643', success rate: 1/1.
[2025-03-18 11:38:08Z INFO JobServerQueue] Tried to upload 1 file(s) to results, success rate: 1/1.
[2025-03-18 11:38:09Z INFO JobServerQueue] Try to upload 1 log files or attachments, success rate: 1/1.
[2025-03-18 11:38:09Z INFO JobServerQueue] Try to append 1 batches web console lines for record '88133581-ce50-419b-b026-38b099425643', success rate: 1/1.
[2025-03-18 11:38:10Z INFO JobServerQueue] Try to append 1 batches web console lines for record '88133581-ce50-419b-b026-38b099425643', success rate: 1/1.
[2025-03-18 11:38:11Z INFO HostContext] Well known directory 'Bin': '/home/jenny/tensorflow-mri/actions-runner/bin'
[2025-03-18 11:38:11Z INFO HostContext] Well known directory 'Root': '/home/jenny/tensorflow-mri/actions-runner'
[2025-03-18 11:38:11Z INFO HostContext] Well known directory 'Work': '/home/jenny/tensorflow-mri/actions-runner/_work'
[2025-03-18 11:38:12Z INFO JobServerQueue] Try to append 1 batches web console lines for record '88133581-ce50-419b-b026-38b099425643', success rate: 1/1.
[2025-03-18 11:38:12Z INFO JobServerQueue] Try to append 1 batches web console lines for record '88133581-ce50-419b-b026-38b099425643', success rate: 1/1.
[2025-03-18 11:38:20Z INFO JobServerQueue] Try to append 1 batches web console lines for record '88133581-ce50-419b-b026-38b099425643', success rate: 1/1.
[2025-03-18 11:38:20Z INFO JobServerQueue] Try to append 1 batches web console lines for record '88133581-ce50-419b-b026-38b099425643', success rate: 1/1.
[2025-03-18 11:38:21Z INFO JobServerQueue] Try to append 1 batches web console lines for record '88133581-ce50-419b-b026-38b099425643', success rate: 1/1.
[2025-03-18 11:38:21Z INFO JobServerQueue] Try to append 1 batches web console lines for record '88133581-ce50-419b-b026-38b099425643', success rate: 1/1.
[2025-03-18 11:38:21Z INFO HostContext] Well known directory 'Bin': '/home/jenny/tensorflow-mri/actions-runner/bin'
[2025-03-18 11:38:21Z INFO HostContext] Well known directory 'Root': '/home/jenny/tensorflow-mri/actions-runner'
[2025-03-18 11:38:21Z INFO HostContext] Well known directory 'Work': '/home/jenny/tensorflow-mri/actions-runner/_work'
[2025-03-18 11:38:22Z INFO JobServerQueue] Try to append 1 batches web console lines for record '88133581-ce50-419b-b026-38b099425643', success rate: 1/1.
[2025-03-18 11:38:22Z INFO JobServerQueue] Try to append 1 batches web console lines for record '88133581-ce50-419b-b026-38b099425643', success rate: 1/1.
[2025-03-18 11:38:23Z INFO JobServerQueue] Try to append 1 batches web console lines for record '88133581-ce50-419b-b026-38b099425643', success rate: 1/1.
[2025-03-18 11:38:23Z INFO JobServerQueue] Try to append 1 batches web console lines for record '88133581-ce50-419b-b026-38b099425643', success rate: 1/1.
[2025-03-18 11:38:24Z INFO JobServerQueue] Try to append 1 batches web console lines for record '88133581-ce50-419b-b026-38b099425643', success rate: 1/1.
[2025-03-18 11:38:24Z INFO JobServerQueue] Try to append 1 batches web console lines for record '88133581-ce50-419b-b026-38b099425643', success rate: 1/1.
[2025-03-18 11:38:25Z INFO JobServerQueue] Try to append 1 batches web console lines for record '88133581-ce50-419b-b026-38b099425643', success rate: 1/1.
[2025-03-18 11:38:25Z INFO JobServerQueue] Try to append 1 batches web console lines for record '88133581-ce50-419b-b026-38b099425643', success rate: 1/1.
[2025-03-18 11:38:26Z INFO JobServerQueue] Try to append 1 batches web console lines for record '88133581-ce50-419b-b026-38b099425643', success rate: 1/1.
[2025-03-18 11:38:26Z INFO JobServerQueue] Try to append 1 batches web console lines for record '88133581-ce50-419b-b026-38b099425643', success rate: 1/1.
[2025-03-18 11:38:27Z INFO JobServerQueue] Try to append 1 batches web console lines for record '88133581-ce50-419b-b026-38b099425643', success rate: 1/1.
[2025-03-18 11:38:27Z INFO JobServerQueue] Try to append 1 batches web console lines for record '88133581-ce50-419b-b026-38b099425643', success rate: 1/1.
[2025-03-18 11:38:28Z INFO JobServerQueue] Try to append 1 batches web console lines for record '88133581-ce50-419b-b026-38b099425643', success rate: 1/1.
[2025-03-18 11:38:28Z INFO JobServerQueue] Try to append 1 batches web console lines for record '88133581-ce50-419b-b026-38b099425643', success rate: 1/1.
[2025-03-18 11:38:29Z INFO JobServerQueue] Try to append 1 batches web console lines for record '88133581-ce50-419b-b026-38b099425643', success rate: 1/1.
[2025-03-18 11:38:29Z INFO JobServerQueue] Try to append 1 batches web console lines for record '88133581-ce50-419b-b026-38b099425643', success rate: 1/1.
[2025-03-18 11:38:30Z INFO JobServerQueue] Try to append 1 batches web console lines for record '88133581-ce50-419b-b026-38b099425643', success rate: 1/1.
[2025-03-18 11:38:30Z INFO JobServerQueue] Try to append 1 batches web console lines for record '88133581-ce50-419b-b026-38b099425643', success rate: 1/1.
[2025-03-18 11:38:31Z INFO JobServerQueue] Try to append 1 batches web console lines for record '88133581-ce50-419b-b026-38b099425643', success rate: 1/1.
[2025-03-18 11:38:31Z INFO JobServerQueue] Try to append 1 batches web console lines for record '88133581-ce50-419b-b026-38b099425643', success rate: 1/1.
[2025-03-18 11:38:31Z INFO HostContext] Well known directory 'Bin': '/home/jenny/tensorflow-mri/actions-runner/bin'
[2025-03-18 11:38:31Z INFO HostContext] Well known directory 'Root': '/home/jenny/tensorflow-mri/actions-runner'
[2025-03-18 11:38:31Z INFO HostContext] Well known directory 'Work': '/home/jenny/tensorflow-mri/actions-runner/_work'
[2025-03-18 11:38:32Z INFO JobServerQueue] Try to append 1 batches web console lines for record '88133581-ce50-419b-b026-38b099425643', success rate: 1/1.
[2025-03-18 11:38:32Z INFO JobServerQueue] Try to append 1 batches web console lines for record '88133581-ce50-419b-b026-38b099425643', success rate: 1/1.
[2025-03-18 11:38:33Z INFO JobServerQueue] Try to append 1 batches web console lines for record '88133581-ce50-419b-b026-38b099425643', success rate: 1/1.
[2025-03-18 11:38:33Z INFO JobServerQueue] Try to append 1 batches web console lines for record '88133581-ce50-419b-b026-38b099425643', success rate: 1/1.
[2025-03-18 11:38:34Z INFO JobServerQueue] Try to append 1 batches web console lines for record '88133581-ce50-419b-b026-38b099425643', success rate: 1/1.
[2025-03-18 11:38:34Z INFO JobServerQueue] Try to append 1 batches web console lines for record '88133581-ce50-419b-b026-38b099425643', success rate: 1/1.
[2025-03-18 11:38:35Z INFO JobServerQueue] Try to append 1 batches web console lines for record '88133581-ce50-419b-b026-38b099425643', success rate: 1/1.
[2025-03-18 11:38:35Z INFO JobServerQueue] Try to append 1 batches web console lines for record '88133581-ce50-419b-b026-38b099425643', success rate: 1/1.
[2025-03-18 11:38:36Z INFO JobServerQueue] Try to append 1 batches web console lines for record '88133581-ce50-419b-b026-38b099425643', success rate: 1/1.
[2025-03-18 11:38:36Z INFO JobServerQueue] Try to append 1 batches web console lines for record '88133581-ce50-419b-b026-38b099425643', success rate: 1/1.
[2025-03-18 11:38:37Z INFO JobServerQueue] Try to append 1 batches web console lines for record '88133581-ce50-419b-b026-38b099425643', success rate: 1/1.
[2025-03-18 11:38:37Z INFO JobServerQueue] Try to append 1 batches web console lines for record '88133581-ce50-419b-b026-38b099425643', success rate: 1/1.
[2025-03-18 11:38:38Z INFO JobServerQueue] Try to append 1 batches web console lines for record '88133581-ce50-419b-b026-38b099425643', success rate: 1/1.
[2025-03-18 11:38:38Z INFO JobServerQueue] Try to append 1 batches web console lines for record '88133581-ce50-419b-b026-38b099425643', success rate: 1/1.
[2025-03-18 11:38:39Z INFO JobServerQueue] Try to append 1 batches web console lines for record '88133581-ce50-419b-b026-38b099425643', success rate: 1/1.
[2025-03-18 11:38:39Z INFO JobServerQueue] Try to append 1 batches web console lines for record '88133581-ce50-419b-b026-38b099425643', success rate: 1/1.
[2025-03-18 11:38:40Z INFO JobServerQueue] Try to append 1 batches web console lines for record '88133581-ce50-419b-b026-38b099425643', success rate: 1/1.
[2025-03-18 11:38:40Z INFO JobServerQueue] Try to append 1 batches web console lines for record '88133581-ce50-419b-b026-38b099425643', success rate: 1/1.
[2025-03-18 11:38:41Z INFO JobServerQueue] Try to append 1 batches web console lines for record '88133581-ce50-419b-b026-38b099425643', success rate: 1/1.
[2025-03-18 11:38:41Z INFO JobServerQueue] Try to append 1 batches web console lines for record '88133581-ce50-419b-b026-38b099425643', success rate: 1/1.
[2025-03-18 11:38:41Z INFO HostContext] Well known directory 'Bin': '/home/jenny/tensorflow-mri/actions-runner/bin'
[2025-03-18 11:38:41Z INFO HostContext] Well known directory 'Root': '/home/jenny/tensorflow-mri/actions-runner'
[2025-03-18 11:38:41Z INFO HostContext] Well known directory 'Work': '/home/jenny/tensorflow-mri/actions-runner/_work'
[2025-03-18 11:38:42Z INFO JobServerQueue] Try to append 1 batches web console lines for record '88133581-ce50-419b-b026-38b099425643', success rate: 1/1.
[2025-03-18 11:38:42Z INFO JobServerQueue] Try to append 1 batches web console lines for record '88133581-ce50-419b-b026-38b099425643', success rate: 1/1.
[2025-03-18 11:38:43Z INFO JobServerQueue] Try to append 1 batches web console lines for record '88133581-ce50-419b-b026-38b099425643', success rate: 1/1.
[2025-03-18 11:38:43Z INFO JobServerQueue] Try to append 1 batches web console lines for record '88133581-ce50-419b-b026-38b099425643', success rate: 1/1.
[2025-03-18 11:38:44Z INFO JobServerQueue] Try to append 1 batches web console lines for record '88133581-ce50-419b-b026-38b099425643', success rate: 1/1.
[2025-03-18 11:38:44Z INFO JobServerQueue] Try to append 1 batches web console lines for record '88133581-ce50-419b-b026-38b099425643', success rate: 1/1.
[2025-03-18 11:38:45Z INFO JobServerQueue] Try to append 1 batches web console lines for record '88133581-ce50-419b-b026-38b099425643', success rate: 1/1.
[2025-03-18 11:38:45Z INFO JobServerQueue] Try to append 1 batches web console lines for record '88133581-ce50-419b-b026-38b099425643', success rate: 1/1.
[2025-03-18 11:38:46Z INFO JobServerQueue] Try to append 1 batches web console lines for record '88133581-ce50-419b-b026-38b099425643', success rate: 1/1.
[2025-03-18 11:38:46Z INFO JobServerQueue] Try to append 1 batches web console lines for record '88133581-ce50-419b-b026-38b099425643', success rate: 1/1.
[2025-03-18 11:38:47Z INFO JobServerQueue] Try to append 1 batches web console lines for record '88133581-ce50-419b-b026-38b099425643', success rate: 1/1.
[2025-03-18 11:38:47Z INFO JobServerQueue] Try to append 1 batches web console lines for record '88133581-ce50-419b-b026-38b099425643', success rate: 1/1.
[2025-03-18 11:38:48Z INFO JobServerQueue] Try to append 1 batches web console lines for record '88133581-ce50-419b-b026-38b099425643', success rate: 1/1.
[2025-03-18 11:38:48Z INFO JobServerQueue] Try to append 1 batches web console lines for record '88133581-ce50-419b-b026-38b099425643', success rate: 1/1.
[2025-03-18 11:38:49Z INFO JobServerQueue] Try to append 1 batches web console lines for record '88133581-ce50-419b-b026-38b099425643', success rate: 1/1.
[2025-03-18 11:38:49Z INFO JobServerQueue] Try to append 1 batches web console lines for record '88133581-ce50-419b-b026-38b099425643', success rate: 1/1.
[2025-03-18 11:38:50Z INFO JobServerQueue] Try to append 1 batches web console lines for record '88133581-ce50-419b-b026-38b099425643', success rate: 1/1.
[2025-03-18 11:38:50Z INFO JobServerQueue] Try to append 1 batches web console lines for record '88133581-ce50-419b-b026-38b099425643', success rate: 1/1.
[2025-03-18 11:38:51Z INFO JobServerQueue] Try to append 1 batches web console lines for record '88133581-ce50-419b-b026-38b099425643', success rate: 1/1.
[2025-03-18 11:38:51Z INFO JobServerQueue] Try to append 1 batches web console lines for record '88133581-ce50-419b-b026-38b099425643', success rate: 1/1.
[2025-03-18 11:38:51Z INFO HostContext] Well known directory 'Bin': '/home/jenny/tensorflow-mri/actions-runner/bin'
[2025-03-18 11:38:51Z INFO HostContext] Well known directory 'Root': '/home/jenny/tensorflow-mri/actions-runner'
[2025-03-18 11:38:51Z INFO HostContext] Well known directory 'Work': '/home/jenny/tensorflow-mri/actions-runner/_work'
[2025-03-18 11:38:52Z INFO JobServerQueue] Try to append 1 batches web console lines for record '88133581-ce50-419b-b026-38b099425643', success rate: 1/1.
[2025-03-18 11:38:52Z INFO JobServerQueue] Try to append 1 batches web console lines for record '88133581-ce50-419b-b026-38b099425643', success rate: 1/1.
[2025-03-18 11:38:53Z INFO JobServerQueue] Try to append 1 batches web console lines for record '88133581-ce50-419b-b026-38b099425643', success rate: 1/1.
[2025-03-18 11:38:53Z INFO JobServerQueue] Try to append 1 batches web console lines for record '88133581-ce50-419b-b026-38b099425643', success rate: 1/1.
[2025-03-18 11:38:54Z INFO JobServerQueue] Try to append 1 batches web console lines for record '88133581-ce50-419b-b026-38b099425643', success rate: 1/1.
[2025-03-18 11:38:54Z INFO JobServerQueue] Try to append 1 batches web console lines for record '88133581-ce50-419b-b026-38b099425643', success rate: 1/1.
[2025-03-18 11:38:55Z INFO JobServerQueue] Try to append 1 batches web console lines for record '88133581-ce50-419b-b026-38b099425643', success rate: 1/1.
[2025-03-18 11:38:55Z INFO JobServerQueue] Try to append 1 batches web console lines for record '88133581-ce50-419b-b026-38b099425643', success rate: 1/1.
[2025-03-18 11:38:56Z INFO JobServerQueue] Try to append 1 batches web console lines for record '88133581-ce50-419b-b026-38b099425643', success rate: 1/1.
[2025-03-18 11:38:56Z INFO JobServerQueue] Try to append 1 batches web console lines for record '88133581-ce50-419b-b026-38b099425643', success rate: 1/1.
[2025-03-18 11:38:57Z INFO JobServerQueue] Try to append 1 batches web console lines for record '88133581-ce50-419b-b026-38b099425643', success rate: 1/1.
[2025-03-18 11:38:57Z INFO JobServerQueue] Try to append 1 batches web console lines for record '88133581-ce50-419b-b026-38b099425643', success rate: 1/1.
[2025-03-18 11:38:58Z INFO JobServerQueue] Try to append 1 batches web console lines for record '88133581-ce50-419b-b026-38b099425643', success rate: 1/1.
[2025-03-18 11:38:58Z INFO JobServerQueue] Try to append 1 batches web console lines for record '88133581-ce50-419b-b026-38b099425643', success rate: 1/1.
[2025-03-18 11:38:59Z INFO JobServerQueue] Try to append 1 batches web console lines for record '88133581-ce50-419b-b026-38b099425643', success rate: 1/1.
[2025-03-18 11:38:59Z INFO JobServerQueue] Try to append 1 batches web console lines for record '88133581-ce50-419b-b026-38b099425643', success rate: 1/1.
[2025-03-18 11:39:00Z INFO JobServerQueue] Try to append 1 batches web console lines for record '88133581-ce50-419b-b026-38b099425643', success rate: 1/1.
[2025-03-18 11:39:00Z INFO JobServerQueue] Try to append 1 batches web console lines for record '88133581-ce50-419b-b026-38b099425643', success rate: 1/1.
[2025-03-18 11:39:01Z INFO JobServerQueue] Try to append 1 batches web console lines for record '88133581-ce50-419b-b026-38b099425643', success rate: 1/1.
[2025-03-18 11:39:01Z INFO JobServerQueue] Try to append 1 batches web console lines for record '88133581-ce50-419b-b026-38b099425643', success rate: 1/1.
[2025-03-18 11:39:01Z INFO HostContext] Well known directory 'Bin': '/home/jenny/tensorflow-mri/actions-runner/bin'
[2025-03-18 11:39:01Z INFO HostContext] Well known directory 'Root': '/home/jenny/tensorflow-mri/actions-runner'
[2025-03-18 11:39:01Z INFO HostContext] Well known directory 'Work': '/home/jenny/tensorflow-mri/actions-runner/_work'
[2025-03-18 11:39:02Z INFO JobServerQueue] Try to append 1 batches web console lines for record '88133581-ce50-419b-b026-38b099425643', success rate: 1/1.
[2025-03-18 11:39:02Z INFO JobServerQueue] Try to append 1 batches web console lines for record '88133581-ce50-419b-b026-38b099425643', success rate: 1/1.
[2025-03-18 11:39:03Z INFO JobServerQueue] Try to append 1 batches web console lines for record '88133581-ce50-419b-b026-38b099425643', success rate: 1/1.
[2025-03-18 11:39:03Z INFO JobServerQueue] Try to append 1 batches web console lines for record '88133581-ce50-419b-b026-38b099425643', success rate: 1/1.
[2025-03-18 11:39:04Z INFO JobServerQueue] Try to append 1 batches web console lines for record '88133581-ce50-419b-b026-38b099425643', success rate: 1/1.
[2025-03-18 11:39:04Z INFO JobServerQueue] Try to append 1 batches web console lines for record '88133581-ce50-419b-b026-38b099425643', success rate: 1/1.
[2025-03-18 11:39:05Z INFO JobServerQueue] Try to append 1 batches web console lines for record '88133581-ce50-419b-b026-38b099425643', success rate: 1/1.
[2025-03-18 11:39:05Z INFO JobServerQueue] Try to append 1 batches web console lines for record '88133581-ce50-419b-b026-38b099425643', success rate: 1/1.
[2025-03-18 11:39:06Z INFO JobServerQueue] Try to append 1 batches web console lines for record '88133581-ce50-419b-b026-38b099425643', success rate: 1/1.
[2025-03-18 11:39:06Z INFO JobServerQueue] Try to append 1 batches web console lines for record '88133581-ce50-419b-b026-38b099425643', success rate: 1/1.
[2025-03-18 11:39:07Z INFO JobServerQueue] Try to append 1 batches web console lines for record '88133581-ce50-419b-b026-38b099425643', success rate: 1/1.
[2025-03-18 11:39:07Z INFO JobServerQueue] Try to append 1 batches web console lines for record '88133581-ce50-419b-b026-38b099425643', success rate: 1/1.
[2025-03-18 11:39:08Z INFO JobServerQueue] Try to append 1 batches web console lines for record '88133581-ce50-419b-b026-38b099425643', success rate: 1/1.
[2025-03-18 11:39:08Z INFO JobServerQueue] Try to append 1 batches web console lines for record '88133581-ce50-419b-b026-38b099425643', success rate: 1/1.
[2025-03-18 11:39:09Z INFO JobServerQueue] Try to append 1 batches web console lines for record '88133581-ce50-419b-b026-38b099425643', success rate: 1/1.
[2025-03-18 11:39:09Z INFO JobServerQueue] Try to append 1 batches web console lines for record '88133581-ce50-419b-b026-38b099425643', success rate: 1/1.
[2025-03-18 11:39:10Z INFO JobServerQueue] Try to append 1 batches web console lines for record '88133581-ce50-419b-b026-38b099425643', success rate: 1/1.
[2025-03-18 11:39:10Z INFO JobServerQueue] Try to append 1 batches web console lines for record '88133581-ce50-419b-b026-38b099425643', success rate: 1/1.
[2025-03-18 11:39:11Z INFO JobServerQueue] Try to append 1 batches web console lines for record '88133581-ce50-419b-b026-38b099425643', success rate: 1/1.
[2025-03-18 11:39:11Z INFO JobServerQueue] Try to append 1 batches web console lines for record '88133581-ce50-419b-b026-38b099425643', success rate: 1/1.
[2025-03-18 11:39:11Z INFO HostContext] Well known directory 'Bin': '/home/jenny/tensorflow-mri/actions-runner/bin'
[2025-03-18 11:39:11Z INFO HostContext] Well known directory 'Root': '/home/jenny/tensorflow-mri/actions-runner'
[2025-03-18 11:39:11Z INFO HostContext] Well known directory 'Work': '/home/jenny/tensorflow-mri/actions-runner/_work'
[2025-03-18 11:39:12Z INFO JobServerQueue] Try to append 1 batches web console lines for record '88133581-ce50-419b-b026-38b099425643', success rate: 1/1.
[2025-03-18 11:39:12Z INFO JobServerQueue] Try to append 1 batches web console lines for record '88133581-ce50-419b-b026-38b099425643', success rate: 1/1.
[2025-03-18 11:39:13Z INFO JobServerQueue] Try to append 1 batches web console lines for record '88133581-ce50-419b-b026-38b099425643', success rate: 1/1.
[2025-03-18 11:39:13Z INFO JobServerQueue] Try to append 1 batches web console lines for record '88133581-ce50-419b-b026-38b099425643', success rate: 1/1.
[2025-03-18 11:39:14Z INFO JobServerQueue] Try to append 1 batches web console lines for record '88133581-ce50-419b-b026-38b099425643', success rate: 1/1.
[2025-03-18 11:39:14Z INFO JobServerQueue] Try to append 1 batches web console lines for record '88133581-ce50-419b-b026-38b099425643', success rate: 1/1.
[2025-03-18 11:39:15Z INFO JobServerQueue] Try to append 1 batches web console lines for record '88133581-ce50-419b-b026-38b099425643', success rate: 1/1.
[2025-03-18 11:39:15Z INFO JobServerQueue] Try to append 1 batches web console lines for record '88133581-ce50-419b-b026-38b099425643', success rate: 1/1.
[2025-03-18 11:39:16Z INFO JobServerQueue] Try to append 1 batches web console lines for record '88133581-ce50-419b-b026-38b099425643', success rate: 1/1.
[2025-03-18 11:39:16Z INFO JobServerQueue] Try to append 1 batches web console lines for record '88133581-ce50-419b-b026-38b099425643', success rate: 1/1.
[2025-03-18 11:39:17Z INFO JobServerQueue] Try to append 1 batches web console lines for record '88133581-ce50-419b-b026-38b099425643', success rate: 1/1.
[2025-03-18 11:39:17Z INFO JobServerQueue] Try to append 1 batches web console lines for record '88133581-ce50-419b-b026-38b099425643', success rate: 1/1.
[2025-03-18 11:39:18Z INFO JobServerQueue] Try to append 1 batches web console lines for record '88133581-ce50-419b-b026-38b099425643', success rate: 1/1.
[2025-03-18 11:39:18Z INFO JobServerQueue] Try to append 1 batches web console lines for record '88133581-ce50-419b-b026-38b099425643', success rate: 1/1.
[2025-03-18 11:39:19Z INFO JobServerQueue] Try to append 1 batches web console lines for record '88133581-ce50-419b-b026-38b099425643', success rate: 1/1.
[2025-03-18 11:39:19Z INFO JobServerQueue] Try to append 1 batches web console lines for record '88133581-ce50-419b-b026-38b099425643', success rate: 1/1.
[2025-03-18 11:39:20Z INFO JobServerQueue] Try to append 1 batches web console lines for record '88133581-ce50-419b-b026-38b099425643', success rate: 1/1.
[2025-03-18 11:39:20Z INFO JobServerQueue] Try to append 1 batches web console lines for record '88133581-ce50-419b-b026-38b099425643', success rate: 1/1.
[2025-03-18 11:39:21Z INFO JobServerQueue] Try to append 1 batches web console lines for record '88133581-ce50-419b-b026-38b099425643', success rate: 1/1.
[2025-03-18 11:39:21Z INFO JobServerQueue] Try to append 1 batches web console lines for record '88133581-ce50-419b-b026-38b099425643', success rate: 1/1.
[2025-03-18 11:39:21Z INFO HostContext] Well known directory 'Bin': '/home/jenny/tensorflow-mri/actions-runner/bin'
[2025-03-18 11:39:21Z INFO HostContext] Well known directory 'Root': '/home/jenny/tensorflow-mri/actions-runner'
[2025-03-18 11:39:21Z INFO HostContext] Well known directory 'Work': '/home/jenny/tensorflow-mri/actions-runner/_work'
[2025-03-18 11:39:22Z INFO JobServerQueue] Try to append 1 batches web console lines for record '88133581-ce50-419b-b026-38b099425643', success rate: 1/1.
[2025-03-18 11:39:22Z INFO JobServerQueue] Try to append 1 batches web console lines for record '88133581-ce50-419b-b026-38b099425643', success rate: 1/1.
[2025-03-18 11:39:23Z INFO JobServerQueue] Try to append 1 batches web console lines for record '88133581-ce50-419b-b026-38b099425643', success rate: 1/1.
[2025-03-18 11:39:23Z INFO JobServerQueue] Try to append 1 batches web console lines for record '88133581-ce50-419b-b026-38b099425643', success rate: 1/1.
[2025-03-18 11:39:24Z INFO JobServerQueue] Try to append 1 batches web console lines for record '88133581-ce50-419b-b026-38b099425643', success rate: 1/1.
[2025-03-18 11:39:24Z INFO JobServerQueue] Try to append 1 batches web console lines for record '88133581-ce50-419b-b026-38b099425643', success rate: 1/1.
[2025-03-18 11:39:25Z INFO JobServerQueue] Try to append 1 batches web console lines for record '88133581-ce50-419b-b026-38b099425643', success rate: 1/1.
[2025-03-18 11:39:25Z INFO JobServerQueue] Try to append 1 batches web console lines for record '88133581-ce50-419b-b026-38b099425643', success rate: 1/1.
[2025-03-18 11:39:26Z INFO JobServerQueue] Try to append 1 batches web console lines for record '88133581-ce50-419b-b026-38b099425643', success rate: 1/1.
[2025-03-18 11:39:26Z INFO JobServerQueue] Try to append 1 batches web console lines for record '88133581-ce50-419b-b026-38b099425643', success rate: 1/1.
[2025-03-18 11:39:27Z INFO JobServerQueue] Try to append 1 batches web console lines for record '88133581-ce50-419b-b026-38b099425643', success rate: 1/1.
[2025-03-18 11:39:27Z INFO JobServerQueue] Try to append 1 batches web console lines for record '88133581-ce50-419b-b026-38b099425643', success rate: 1/1.
[2025-03-18 11:39:28Z INFO JobServerQueue] Try to append 1 batches web console lines for record '88133581-ce50-419b-b026-38b099425643', success rate: 1/1.
[2025-03-18 11:39:28Z INFO JobServerQueue] Try to append 1 batches web console lines for record '88133581-ce50-419b-b026-38b099425643', success rate: 1/1.
[2025-03-18 11:39:29Z INFO JobServerQueue] Try to append 1 batches web console lines for record '88133581-ce50-419b-b026-38b099425643', success rate: 1/1.
[2025-03-18 11:39:29Z INFO JobServerQueue] Try to append 1 batches web console lines for record '88133581-ce50-419b-b026-38b099425643', success rate: 1/1.
[2025-03-18 11:39:30Z INFO JobServerQueue] Try to append 1 batches web console lines for record '88133581-ce50-419b-b026-38b099425643', success rate: 1/1.
[2025-03-18 11:39:30Z INFO JobServerQueue] Try to append 1 batches web console lines for record '88133581-ce50-419b-b026-38b099425643', success rate: 1/1.
[2025-03-18 11:39:31Z INFO JobServerQueue] Try to append 1 batches web console lines for record '88133581-ce50-419b-b026-38b099425643', success rate: 1/1.
[2025-03-18 11:39:31Z INFO JobServerQueue] Try to append 1 batches web console lines for record '88133581-ce50-419b-b026-38b099425643', success rate: 1/1.
[2025-03-18 11:39:31Z INFO HostContext] Well known directory 'Bin': '/home/jenny/tensorflow-mri/actions-runner/bin'
[2025-03-18 11:39:31Z INFO HostContext] Well known directory 'Root': '/home/jenny/tensorflow-mri/actions-runner'
[2025-03-18 11:39:31Z INFO HostContext] Well known directory 'Work': '/home/jenny/tensorflow-mri/actions-runner/_work'
[2025-03-18 11:39:32Z INFO JobServerQueue] Try to append 1 batches web console lines for record '88133581-ce50-419b-b026-38b099425643', success rate: 1/1.
[2025-03-18 11:39:32Z INFO JobServerQueue] Try to append 1 batches web console lines for record '88133581-ce50-419b-b026-38b099425643', success rate: 1/1.
[2025-03-18 11:39:33Z INFO JobServerQueue] Try to append 1 batches web console lines for record '88133581-ce50-419b-b026-38b099425643', success rate: 1/1.
[2025-03-18 11:39:33Z INFO JobServerQueue] Try to append 1 batches web console lines for record '88133581-ce50-419b-b026-38b099425643', success rate: 1/1.
[2025-03-18 11:39:34Z INFO JobServerQueue] Try to append 1 batches web console lines for record '88133581-ce50-419b-b026-38b099425643', success rate: 1/1.
[2025-03-18 11:39:34Z INFO JobServerQueue] Try to append 1 batches web console lines for record '88133581-ce50-419b-b026-38b099425643', success rate: 1/1.
[2025-03-18 11:39:35Z INFO JobServerQueue] Try to append 1 batches web console lines for record '88133581-ce50-419b-b026-38b099425643', success rate: 1/1.
[2025-03-18 11:39:35Z INFO JobServerQueue] Try to append 1 batches web console lines for record '88133581-ce50-419b-b026-38b099425643', success rate: 1/1.
[2025-03-18 11:39:36Z INFO JobServerQueue] Try to append 1 batches web console lines for record '88133581-ce50-419b-b026-38b099425643', success rate: 1/1.
[2025-03-18 11:39:36Z INFO JobServerQueue] Try to append 1 batches web console lines for record '88133581-ce50-419b-b026-38b099425643', success rate: 1/1.
[2025-03-18 11:39:37Z INFO JobServerQueue] Try to append 1 batches web console lines for record '88133581-ce50-419b-b026-38b099425643', success rate: 1/1.
[2025-03-18 11:39:37Z INFO JobServerQueue] Try to append 1 batches web console lines for record '88133581-ce50-419b-b026-38b099425643', success rate: 1/1.
[2025-03-18 11:39:38Z INFO JobServerQueue] Try to append 1 batches web console lines for record '88133581-ce50-419b-b026-38b099425643', success rate: 1/1.
[2025-03-18 11:39:38Z INFO JobServerQueue] Try to append 1 batches web console lines for record '88133581-ce50-419b-b026-38b099425643', success rate: 1/1.
[2025-03-18 11:39:39Z INFO JobServerQueue] Try to append 1 batches web console lines for record '88133581-ce50-419b-b026-38b099425643', success rate: 1/1.
[2025-03-18 11:39:39Z INFO JobServerQueue] Try to append 1 batches web console lines for record '88133581-ce50-419b-b026-38b099425643', success rate: 1/1.
[2025-03-18 11:39:40Z INFO JobServerQueue] Try to append 1 batches web console lines for record '88133581-ce50-419b-b026-38b099425643', success rate: 1/1.
[2025-03-18 11:39:40Z INFO JobServerQueue] Try to append 1 batches web console lines for record '88133581-ce50-419b-b026-38b099425643', success rate: 1/1.
[2025-03-18 11:39:41Z INFO JobServerQueue] Try to append 1 batches web console lines for record '88133581-ce50-419b-b026-38b099425643', success rate: 1/1.
[2025-03-18 11:39:41Z INFO JobServerQueue] Try to append 1 batches web console lines for record '88133581-ce50-419b-b026-38b099425643', success rate: 1/1.
[2025-03-18 11:39:41Z INFO HostContext] Well known directory 'Bin': '/home/jenny/tensorflow-mri/actions-runner/bin'
[2025-03-18 11:39:41Z INFO HostContext] Well known directory 'Root': '/home/jenny/tensorflow-mri/actions-runner'
[2025-03-18 11:39:41Z INFO HostContext] Well known directory 'Work': '/home/jenny/tensorflow-mri/actions-runner/_work'
[2025-03-18 11:39:42Z INFO JobServerQueue] Try to append 1 batches web console lines for record '88133581-ce50-419b-b026-38b099425643', success rate: 1/1.
[2025-03-18 11:39:42Z INFO JobServerQueue] Try to append 1 batches web console lines for record '88133581-ce50-419b-b026-38b099425643', success rate: 1/1.
[2025-03-18 11:39:43Z INFO JobServerQueue] Try to append 1 batches web console lines for record '88133581-ce50-419b-b026-38b099425643', success rate: 1/1.
[2025-03-18 11:39:44Z INFO JobServerQueue] Try to append 1 batches web console lines for record '88133581-ce50-419b-b026-38b099425643', success rate: 1/1.
[2025-03-18 11:39:45Z INFO JobServerQueue] Try to append 1 batches web console lines for record '88133581-ce50-419b-b026-38b099425643', success rate: 1/1.
[2025-03-18 11:39:46Z INFO JobServerQueue] Try to append 1 batches web console lines for record '88133581-ce50-419b-b026-38b099425643', success rate: 1/1.
[2025-03-18 11:39:47Z INFO JobServerQueue] Try to append 1 batches web console lines for record '88133581-ce50-419b-b026-38b099425643', success rate: 1/1.
[2025-03-18 11:39:48Z INFO JobServerQueue] Try to append 1 batches web console lines for record '88133581-ce50-419b-b026-38b099425643', success rate: 1/1.
[2025-03-18 11:39:49Z INFO JobServerQueue] Try to append 1 batches web console lines for record '88133581-ce50-419b-b026-38b099425643', success rate: 1/1.
[2025-03-18 11:39:49Z INFO JobServerQueue] Try to append 1 batches web console lines for record '88133581-ce50-419b-b026-38b099425643', success rate: 1/1.
[2025-03-18 11:39:50Z INFO JobServerQueue] Try to append 1 batches web console lines for record '88133581-ce50-419b-b026-38b099425643', success rate: 1/1.
[2025-03-18 11:39:50Z INFO JobServerQueue] Try to append 1 batches web console lines for record '88133581-ce50-419b-b026-38b099425643', success rate: 1/1.
[2025-03-18 11:39:51Z INFO JobServerQueue] Try to append 1 batches web console lines for record '88133581-ce50-419b-b026-38b099425643', success rate: 1/1.
[2025-03-18 11:39:51Z INFO HostContext] Well known directory 'Bin': '/home/jenny/tensorflow-mri/actions-runner/bin'
[2025-03-18 11:39:51Z INFO HostContext] Well known directory 'Root': '/home/jenny/tensorflow-mri/actions-runner'
[2025-03-18 11:39:51Z INFO HostContext] Well known directory 'Work': '/home/jenny/tensorflow-mri/actions-runner/_work'
[2025-03-18 11:39:52Z INFO JobServerQueue] Try to append 1 batches web console lines for record '88133581-ce50-419b-b026-38b099425643', success rate: 1/1.
[2025-03-18 11:39:53Z INFO JobServerQueue] Try to append 1 batches web console lines for record '88133581-ce50-419b-b026-38b099425643', success rate: 1/1.
[2025-03-18 11:39:55Z INFO JobServerQueue] Try to append 1 batches web console lines for record '88133581-ce50-419b-b026-38b099425643', success rate: 1/1.
[2025-03-18 11:39:56Z INFO JobServerQueue] Try to append 1 batches web console lines for record '88133581-ce50-419b-b026-38b099425643', success rate: 1/1.
[2025-03-18 11:39:56Z INFO JobServerQueue] Try to append 1 batches web console lines for record '88133581-ce50-419b-b026-38b099425643', success rate: 1/1.
[2025-03-18 11:39:57Z INFO JobServerQueue] Try to append 1 batches web console lines for record '88133581-ce50-419b-b026-38b099425643', success rate: 1/1.
[2025-03-18 11:39:57Z INFO JobServerQueue] Try to append 1 batches web console lines for record '88133581-ce50-419b-b026-38b099425643', success rate: 1/1.
[2025-03-18 11:39:58Z INFO JobServerQueue] Try to append 1 batches web console lines for record '88133581-ce50-419b-b026-38b099425643', success rate: 1/1.
[2025-03-18 11:39:58Z INFO JobServerQueue] Try to append 1 batches web console lines for record '88133581-ce50-419b-b026-38b099425643', success rate: 1/1.
[2025-03-18 11:39:59Z INFO JobServerQueue] Try to append 1 batches web console lines for record '88133581-ce50-419b-b026-38b099425643', success rate: 1/1.
[2025-03-18 11:39:59Z INFO JobServerQueue] Try to append 1 batches web console lines for record '88133581-ce50-419b-b026-38b099425643', success rate: 1/1.
[2025-03-18 11:40:00Z INFO JobServerQueue] Try to append 1 batches web console lines for record '88133581-ce50-419b-b026-38b099425643', success rate: 1/1.
[2025-03-18 11:40:00Z INFO JobServerQueue] Try to append 1 batches web console lines for record '88133581-ce50-419b-b026-38b099425643', success rate: 1/1.
[2025-03-18 11:40:01Z INFO JobServerQueue] Try to append 1 batches web console lines for record '88133581-ce50-419b-b026-38b099425643', success rate: 1/1.
[2025-03-18 11:40:01Z INFO JobServerQueue] Try to append 1 batches web console lines for record '88133581-ce50-419b-b026-38b099425643', success rate: 1/1.
[2025-03-18 11:40:01Z INFO HostContext] Well known directory 'Bin': '/home/jenny/tensorflow-mri/actions-runner/bin'
[2025-03-18 11:40:01Z INFO HostContext] Well known directory 'Root': '/home/jenny/tensorflow-mri/actions-runner'
[2025-03-18 11:40:01Z INFO HostContext] Well known directory 'Work': '/home/jenny/tensorflow-mri/actions-runner/_work'
[2025-03-18 11:40:02Z INFO JobServerQueue] Try to append 1 batches web console lines for record '88133581-ce50-419b-b026-38b099425643', success rate: 1/1.
[2025-03-18 11:40:02Z INFO JobServerQueue] Try to append 1 batches web console lines for record '88133581-ce50-419b-b026-38b099425643', success rate: 1/1.
[2025-03-18 11:40:03Z INFO JobServerQueue] Try to append 1 batches web console lines for record '88133581-ce50-419b-b026-38b099425643', success rate: 1/1.
[2025-03-18 11:40:03Z INFO JobServerQueue] Try to append 1 batches web console lines for record '88133581-ce50-419b-b026-38b099425643', success rate: 1/1.
[2025-03-18 11:40:04Z INFO JobServerQueue] Try to append 1 batches web console lines for record '88133581-ce50-419b-b026-38b099425643', success rate: 1/1.
[2025-03-18 11:40:04Z INFO JobServerQueue] Try to append 1 batches web console lines for record '88133581-ce50-419b-b026-38b099425643', success rate: 1/1.
[2025-03-18 11:40:05Z INFO JobServerQueue] Try to append 1 batches web console lines for record '88133581-ce50-419b-b026-38b099425643', success rate: 1/1.
[2025-03-18 11:40:05Z INFO JobServerQueue] Try to append 1 batches web console lines for record '88133581-ce50-419b-b026-38b099425643', success rate: 1/1.
[2025-03-18 11:40:06Z INFO JobServerQueue] Try to append 1 batches web console lines for record '88133581-ce50-419b-b026-38b099425643', success rate: 1/1.
[2025-03-18 11:40:06Z INFO JobServerQueue] Try to append 1 batches web console lines for record '88133581-ce50-419b-b026-38b099425643', success rate: 1/1.
[2025-03-18 11:40:07Z INFO JobServerQueue] Try to append 1 batches web console lines for record '88133581-ce50-419b-b026-38b099425643', success rate: 1/1.
[2025-03-18 11:40:08Z INFO JobServerQueue] Try to append 1 batches web console lines for record '88133581-ce50-419b-b026-38b099425643', success rate: 1/1.
[2025-03-18 11:40:10Z INFO JobServerQueue] Try to append 1 batches web console lines for record '88133581-ce50-419b-b026-38b099425643', success rate: 1/1.
[2025-03-18 11:40:11Z INFO JobServerQueue] Try to append 1 batches web console lines for record '88133581-ce50-419b-b026-38b099425643', success rate: 1/1.
[2025-03-18 11:40:11Z INFO JobServerQueue] Try to append 1 batches web console lines for record '88133581-ce50-419b-b026-38b099425643', success rate: 1/1.
[2025-03-18 11:40:11Z INFO HostContext] Well known directory 'Bin': '/home/jenny/tensorflow-mri/actions-runner/bin'
[2025-03-18 11:40:11Z INFO HostContext] Well known directory 'Root': '/home/jenny/tensorflow-mri/actions-runner'
[2025-03-18 11:40:11Z INFO HostContext] Well known directory 'Work': '/home/jenny/tensorflow-mri/actions-runner/_work'
[2025-03-18 11:40:12Z INFO JobServerQueue] Try to append 1 batches web console lines for record '88133581-ce50-419b-b026-38b099425643', success rate: 1/1.
[2025-03-18 11:40:12Z INFO JobServerQueue] Try to append 1 batches web console lines for record '88133581-ce50-419b-b026-38b099425643', success rate: 1/1.
[2025-03-18 11:40:13Z INFO JobServerQueue] Try to append 1 batches web console lines for record '88133581-ce50-419b-b026-38b099425643', success rate: 1/1.
[2025-03-18 11:40:13Z INFO JobServerQueue] Try to append 1 batches web console lines for record '88133581-ce50-419b-b026-38b099425643', success rate: 1/1.
[2025-03-18 11:40:14Z INFO JobServerQueue] Try to append 1 batches web console lines for record '88133581-ce50-419b-b026-38b099425643', success rate: 1/1.
[2025-03-18 11:40:14Z INFO JobServerQueue] Try to append 1 batches web console lines for record '88133581-ce50-419b-b026-38b099425643', success rate: 1/1.
[2025-03-18 11:40:15Z INFO JobServerQueue] Try to append 1 batches web console lines for record '88133581-ce50-419b-b026-38b099425643', success rate: 1/1.
[2025-03-18 11:40:15Z INFO JobServerQueue] Try to append 1 batches web console lines for record '88133581-ce50-419b-b026-38b099425643', success rate: 1/1.
[2025-03-18 11:40:16Z INFO JobServerQueue] Try to append 1 batches web console lines for record '88133581-ce50-419b-b026-38b099425643', success rate: 1/1.
[2025-03-18 11:40:16Z INFO JobServerQueue] Try to append 1 batches web console lines for record '88133581-ce50-419b-b026-38b099425643', success rate: 1/1.
[2025-03-18 11:40:17Z INFO JobServerQueue] Try to append 1 batches web console lines for record '88133581-ce50-419b-b026-38b099425643', success rate: 1/1.
[2025-03-18 11:40:17Z INFO JobServerQueue] Try to append 1 batches web console lines for record '88133581-ce50-419b-b026-38b099425643', success rate: 1/1.
[2025-03-18 11:40:18Z INFO JobServerQueue] Try to append 1 batches web console lines for record '88133581-ce50-419b-b026-38b099425643', success rate: 1/1.
[2025-03-18 11:40:18Z INFO JobServerQueue] Try to append 1 batches web console lines for record '88133581-ce50-419b-b026-38b099425643', success rate: 1/1.
[2025-03-18 11:40:19Z INFO JobServerQueue] Try to append 1 batches web console lines for record '88133581-ce50-419b-b026-38b099425643', success rate: 1/1.
[2025-03-18 11:40:19Z INFO JobServerQueue] Try to append 1 batches web console lines for record '88133581-ce50-419b-b026-38b099425643', success rate: 1/1.
[2025-03-18 11:40:20Z INFO JobServerQueue] Try to append 1 batches web console lines for record '88133581-ce50-419b-b026-38b099425643', success rate: 1/1.
[2025-03-18 11:40:21Z INFO JobServerQueue] Try to append 1 batches web console lines for record '88133581-ce50-419b-b026-38b099425643', success rate: 1/1.
[2025-03-18 11:40:21Z INFO HostContext] Well known directory 'Bin': '/home/jenny/tensorflow-mri/actions-runner/bin'
[2025-03-18 11:40:21Z INFO HostContext] Well known directory 'Root': '/home/jenny/tensorflow-mri/actions-runner'
[2025-03-18 11:40:21Z INFO HostContext] Well known directory 'Work': '/home/jenny/tensorflow-mri/actions-runner/_work'
[2025-03-18 11:40:22Z INFO JobServerQueue] Try to append 1 batches web console lines for record '88133581-ce50-419b-b026-38b099425643', success rate: 1/1.
[2025-03-18 11:40:22Z INFO JobServerQueue] Try to append 1 batches web console lines for record '88133581-ce50-419b-b026-38b099425643', success rate: 1/1.
[2025-03-18 11:40:23Z INFO JobServerQueue] Try to append 1 batches web console lines for record '88133581-ce50-419b-b026-38b099425643', success rate: 1/1.
[2025-03-18 11:40:25Z INFO JobServerQueue] Try to append 1 batches web console lines for record '88133581-ce50-419b-b026-38b099425643', success rate: 1/1.
[2025-03-18 11:40:26Z INFO JobServerQueue] Try to append 1 batches web console lines for record '88133581-ce50-419b-b026-38b099425643', success rate: 1/1.
[2025-03-18 11:40:26Z INFO JobServerQueue] Try to append 1 batches web console lines for record '88133581-ce50-419b-b026-38b099425643', success rate: 1/1.
[2025-03-18 11:40:27Z INFO JobServerQueue] Try to append 1 batches web console lines for record '88133581-ce50-419b-b026-38b099425643', success rate: 1/1.
[2025-03-18 11:40:28Z INFO JobServerQueue] Try to append 1 batches web console lines for record '88133581-ce50-419b-b026-38b099425643', success rate: 1/1.
[2025-03-18 11:40:30Z INFO JobServerQueue] Try to append 1 batches web console lines for record '88133581-ce50-419b-b026-38b099425643', success rate: 1/1.
[2025-03-18 11:40:31Z INFO JobServerQueue] Try to append 1 batches web console lines for record '88133581-ce50-419b-b026-38b099425643', success rate: 1/1.
[2025-03-18 11:40:31Z INFO HostContext] Well known directory 'Bin': '/home/jenny/tensorflow-mri/actions-runner/bin'
[2025-03-18 11:40:31Z INFO HostContext] Well known directory 'Root': '/home/jenny/tensorflow-mri/actions-runner'
[2025-03-18 11:40:31Z INFO HostContext] Well known directory 'Work': '/home/jenny/tensorflow-mri/actions-runner/_work'
[2025-03-18 11:40:32Z INFO JobServerQueue] Try to append 1 batches web console lines for record '88133581-ce50-419b-b026-38b099425643', success rate: 1/1.
[2025-03-18 11:40:33Z INFO JobServerQueue] Try to append 1 batches web console lines for record '88133581-ce50-419b-b026-38b099425643', success rate: 1/1.
[2025-03-18 11:40:34Z INFO JobServerQueue] Try to append 1 batches web console lines for record '88133581-ce50-419b-b026-38b099425643', success rate: 1/1.
[2025-03-18 11:40:35Z INFO JobServerQueue] Try to append 1 batches web console lines for record '88133581-ce50-419b-b026-38b099425643', success rate: 1/1.
[2025-03-18 11:40:35Z INFO JobServerQueue] Try to append 1 batches web console lines for record '88133581-ce50-419b-b026-38b099425643', success rate: 1/1.
[2025-03-18 11:40:36Z INFO JobServerQueue] Try to append 1 batches web console lines for record '88133581-ce50-419b-b026-38b099425643', success rate: 1/1.
[2025-03-18 11:40:36Z INFO JobServerQueue] Try to append 1 batches web console lines for record '88133581-ce50-419b-b026-38b099425643', success rate: 1/1.
[2025-03-18 11:40:37Z INFO JobServerQueue] Try to append 1 batches web console lines for record '88133581-ce50-419b-b026-38b099425643', success rate: 1/1.
[2025-03-18 11:40:37Z INFO JobServerQueue] Try to append 1 batches web console lines for record '88133581-ce50-419b-b026-38b099425643', success rate: 1/1.
[2025-03-18 11:40:38Z INFO JobServerQueue] Try to append 1 batches web console lines for record '88133581-ce50-419b-b026-38b099425643', success rate: 1/1.
[2025-03-18 11:40:38Z INFO JobServerQueue] Try to append 1 batches web console lines for record '88133581-ce50-419b-b026-38b099425643', success rate: 1/1.
[2025-03-18 11:40:39Z INFO JobServerQueue] Try to append 1 batches web console lines for record '88133581-ce50-419b-b026-38b099425643', success rate: 1/1.
[2025-03-18 11:40:39Z INFO JobServerQueue] Try to append 1 batches web console lines for record '88133581-ce50-419b-b026-38b099425643', success rate: 1/1.
[2025-03-18 11:40:40Z INFO JobServerQueue] Try to append 1 batches web console lines for record '88133581-ce50-419b-b026-38b099425643', success rate: 1/1.
[2025-03-18 11:40:40Z INFO JobServerQueue] Try to append 1 batches web console lines for record '88133581-ce50-419b-b026-38b099425643', success rate: 1/1.
[2025-03-18 11:40:41Z INFO JobServerQueue] Try to append 1 batches web console lines for record '88133581-ce50-419b-b026-38b099425643', success rate: 1/1.
[2025-03-18 11:40:41Z INFO JobServerQueue] Try to append 1 batches web console lines for record '88133581-ce50-419b-b026-38b099425643', success rate: 1/1.
[2025-03-18 11:40:41Z INFO HostContext] Well known directory 'Bin': '/home/jenny/tensorflow-mri/actions-runner/bin'
[2025-03-18 11:40:41Z INFO HostContext] Well known directory 'Root': '/home/jenny/tensorflow-mri/actions-runner'
[2025-03-18 11:40:41Z INFO HostContext] Well known directory 'Work': '/home/jenny/tensorflow-mri/actions-runner/_work'
[2025-03-18 11:40:42Z INFO JobServerQueue] Try to append 1 batches web console lines for record '88133581-ce50-419b-b026-38b099425643', success rate: 1/1.
[2025-03-18 11:40:42Z INFO JobServerQueue] Try to append 1 batches web console lines for record '88133581-ce50-419b-b026-38b099425643', success rate: 1/1.
[2025-03-18 11:40:43Z INFO JobServerQueue] Try to append 1 batches web console lines for record '88133581-ce50-419b-b026-38b099425643', success rate: 1/1.
[2025-03-18 11:40:43Z INFO JobServerQueue] Try to append 1 batches web console lines for record '88133581-ce50-419b-b026-38b099425643', success rate: 1/1.
[2025-03-18 11:40:44Z INFO JobServerQueue] Try to append 1 batches web console lines for record '88133581-ce50-419b-b026-38b099425643', success rate: 1/1.
[2025-03-18 11:40:44Z INFO JobServerQueue] Try to append 1 batches web console lines for record '88133581-ce50-419b-b026-38b099425643', success rate: 1/1.
[2025-03-18 11:40:45Z INFO JobServerQueue] Try to append 1 batches web console lines for record '88133581-ce50-419b-b026-38b099425643', success rate: 1/1.
[2025-03-18 11:40:45Z INFO JobServerQueue] Try to append 1 batches web console lines for record '88133581-ce50-419b-b026-38b099425643', success rate: 1/1.
[2025-03-18 11:40:46Z INFO JobServerQueue] Try to append 1 batches web console lines for record '88133581-ce50-419b-b026-38b099425643', success rate: 1/1.
[2025-03-18 11:40:46Z INFO JobServerQueue] Try to append 1 batches web console lines for record '88133581-ce50-419b-b026-38b099425643', success rate: 1/1.
[2025-03-18 11:40:47Z INFO JobServerQueue] Try to append 1 batches web console lines for record '88133581-ce50-419b-b026-38b099425643', success rate: 1/1.
[2025-03-18 11:40:47Z INFO JobServerQueue] Try to append 1 batches web console lines for record '88133581-ce50-419b-b026-38b099425643', success rate: 1/1.
[2025-03-18 11:40:48Z INFO JobServerQueue] Try to append 1 batches web console lines for record '88133581-ce50-419b-b026-38b099425643', success rate: 1/1.
[2025-03-18 11:40:48Z INFO JobServerQueue] Try to append 1 batches web console lines for record '88133581-ce50-419b-b026-38b099425643', success rate: 1/1.
[2025-03-18 11:40:49Z INFO JobServerQueue] Try to append 1 batches web console lines for record '88133581-ce50-419b-b026-38b099425643', success rate: 1/1.
[2025-03-18 11:40:49Z INFO JobServerQueue] Try to append 1 batches web console lines for record '88133581-ce50-419b-b026-38b099425643', success rate: 1/1.
[2025-03-18 11:40:50Z INFO JobServerQueue] Try to append 1 batches web console lines for record '88133581-ce50-419b-b026-38b099425643', success rate: 1/1.
[2025-03-18 11:40:50Z INFO JobServerQueue] Try to append 1 batches web console lines for record '88133581-ce50-419b-b026-38b099425643', success rate: 1/1.
[2025-03-18 11:40:51Z INFO JobServerQueue] Try to append 1 batches web console lines for record '88133581-ce50-419b-b026-38b099425643', success rate: 1/1.
[2025-03-18 11:40:51Z INFO JobServerQueue] Try to append 1 batches web console lines for record '88133581-ce50-419b-b026-38b099425643', success rate: 1/1.
[2025-03-18 11:40:51Z INFO HostContext] Well known directory 'Bin': '/home/jenny/tensorflow-mri/actions-runner/bin'
[2025-03-18 11:40:51Z INFO HostContext] Well known directory 'Root': '/home/jenny/tensorflow-mri/actions-runner'
[2025-03-18 11:40:51Z INFO HostContext] Well known directory 'Work': '/home/jenny/tensorflow-mri/actions-runner/_work'
[2025-03-18 11:40:52Z INFO JobServerQueue] Try to append 1 batches web console lines for record '88133581-ce50-419b-b026-38b099425643', success rate: 1/1.
[2025-03-18 11:40:53Z INFO JobServerQueue] Try to append 1 batches web console lines for record '88133581-ce50-419b-b026-38b099425643', success rate: 1/1.
[2025-03-18 11:40:53Z INFO JobServerQueue] Try to append 1 batches web console lines for record '88133581-ce50-419b-b026-38b099425643', success rate: 1/1.
[2025-03-18 11:40:54Z INFO JobServerQueue] Try to append 1 batches web console lines for record '88133581-ce50-419b-b026-38b099425643', success rate: 1/1.
[2025-03-18 11:40:54Z INFO JobServerQueue] Try to append 1 batches web console lines for record '88133581-ce50-419b-b026-38b099425643', success rate: 1/1.
[2025-03-18 11:40:55Z INFO JobServerQueue] Try to append 1 batches web console lines for record '88133581-ce50-419b-b026-38b099425643', success rate: 1/1.
[2025-03-18 11:40:55Z INFO JobServerQueue] Try to append 1 batches web console lines for record '88133581-ce50-419b-b026-38b099425643', success rate: 1/1.
[2025-03-18 11:40:56Z INFO JobServerQueue] Try to append 1 batches web console lines for record '88133581-ce50-419b-b026-38b099425643', success rate: 1/1.
[2025-03-18 11:40:56Z INFO JobServerQueue] Try to append 1 batches web console lines for record '88133581-ce50-419b-b026-38b099425643', success rate: 1/1.
[2025-03-18 11:40:57Z INFO JobServerQueue] Try to append 1 batches web console lines for record '88133581-ce50-419b-b026-38b099425643', success rate: 1/1.
[2025-03-18 11:40:58Z INFO JobServerQueue] Try to append 1 batches web console lines for record '88133581-ce50-419b-b026-38b099425643', success rate: 1/1.
[2025-03-18 11:40:59Z INFO JobServerQueue] Try to append 1 batches web console lines for record '88133581-ce50-419b-b026-38b099425643', success rate: 1/1.
[2025-03-18 11:41:01Z INFO JobServerQueue] Try to append 1 batches web console lines for record '88133581-ce50-419b-b026-38b099425643', success rate: 1/1.
[2025-03-18 11:41:01Z INFO HostContext] Well known directory 'Bin': '/home/jenny/tensorflow-mri/actions-runner/bin'
[2025-03-18 11:41:01Z INFO HostContext] Well known directory 'Root': '/home/jenny/tensorflow-mri/actions-runner'
[2025-03-18 11:41:01Z INFO HostContext] Well known directory 'Work': '/home/jenny/tensorflow-mri/actions-runner/_work'
[2025-03-18 11:41:03Z INFO JobServerQueue] Try to append 1 batches web console lines for record '88133581-ce50-419b-b026-38b099425643', success rate: 1/1.
[2025-03-18 11:41:04Z INFO JobServerQueue] Try to append 1 batches web console lines for record '88133581-ce50-419b-b026-38b099425643', success rate: 1/1.
[2025-03-18 11:41:04Z INFO JobServerQueue] Try to append 1 batches web console lines for record '88133581-ce50-419b-b026-38b099425643', success rate: 1/1.
[2025-03-18 11:41:05Z INFO JobServerQueue] Try to append 1 batches web console lines for record '88133581-ce50-419b-b026-38b099425643', success rate: 1/1.
[2025-03-18 11:41:11Z INFO HostContext] Well known directory 'Bin': '/home/jenny/tensorflow-mri/actions-runner/bin'
[2025-03-18 11:41:11Z INFO HostContext] Well known directory 'Root': '/home/jenny/tensorflow-mri/actions-runner'
[2025-03-18 11:41:11Z INFO HostContext] Well known directory 'Work': '/home/jenny/tensorflow-mri/actions-runner/_work'
[2025-03-18 11:41:21Z INFO HostContext] Well known directory 'Bin': '/home/jenny/tensorflow-mri/actions-runner/bin'
[2025-03-18 11:41:21Z INFO HostContext] Well known directory 'Root': '/home/jenny/tensorflow-mri/actions-runner'
[2025-03-18 11:41:21Z INFO HostContext] Well known directory 'Work': '/home/jenny/tensorflow-mri/actions-runner/_work'
[2025-03-18 11:41:31Z INFO HostContext] Well known directory 'Bin': '/home/jenny/tensorflow-mri/actions-runner/bin'
[2025-03-18 11:41:31Z INFO HostContext] Well known directory 'Root': '/home/jenny/tensorflow-mri/actions-runner'
[2025-03-18 11:41:31Z INFO HostContext] Well known directory 'Work': '/home/jenny/tensorflow-mri/actions-runner/_work'
[2025-03-18 11:41:41Z INFO HostContext] Well known directory 'Bin': '/home/jenny/tensorflow-mri/actions-runner/bin'
[2025-03-18 11:41:41Z INFO HostContext] Well known directory 'Root': '/home/jenny/tensorflow-mri/actions-runner'
[2025-03-18 11:41:41Z INFO HostContext] Well known directory 'Work': '/home/jenny/tensorflow-mri/actions-runner/_work'
[2025-03-18 11:41:51Z INFO JobServerQueue] Try to append 1 batches web console lines for record '88133581-ce50-419b-b026-38b099425643', success rate: 1/1.
[2025-03-18 11:41:51Z INFO HostContext] Well known directory 'Bin': '/home/jenny/tensorflow-mri/actions-runner/bin'
[2025-03-18 11:41:51Z INFO HostContext] Well known directory 'Root': '/home/jenny/tensorflow-mri/actions-runner'
[2025-03-18 11:41:51Z INFO HostContext] Well known directory 'Work': '/home/jenny/tensorflow-mri/actions-runner/_work'
[2025-03-18 11:42:01Z INFO HostContext] Well known directory 'Bin': '/home/jenny/tensorflow-mri/actions-runner/bin'
[2025-03-18 11:42:01Z INFO HostContext] Well known directory 'Root': '/home/jenny/tensorflow-mri/actions-runner'
[2025-03-18 11:42:01Z INFO HostContext] Well known directory 'Work': '/home/jenny/tensorflow-mri/actions-runner/_work'
[2025-03-18 11:42:11Z INFO HostContext] Well known directory 'Bin': '/home/jenny/tensorflow-mri/actions-runner/bin'
[2025-03-18 11:42:11Z INFO HostContext] Well known directory 'Root': '/home/jenny/tensorflow-mri/actions-runner'
[2025-03-18 11:42:11Z INFO HostContext] Well known directory 'Work': '/home/jenny/tensorflow-mri/actions-runner/_work'
[2025-03-18 11:42:21Z INFO HostContext] Well known directory 'Bin': '/home/jenny/tensorflow-mri/actions-runner/bin'
[2025-03-18 11:42:21Z INFO HostContext] Well known directory 'Root': '/home/jenny/tensorflow-mri/actions-runner'
[2025-03-18 11:42:21Z INFO HostContext] Well known directory 'Work': '/home/jenny/tensorflow-mri/actions-runner/_work'
[2025-03-18 11:42:31Z INFO HostContext] Well known directory 'Bin': '/home/jenny/tensorflow-mri/actions-runner/bin'
[2025-03-18 11:42:31Z INFO HostContext] Well known directory 'Root': '/home/jenny/tensorflow-mri/actions-runner'
[2025-03-18 11:42:31Z INFO HostContext] Well known directory 'Work': '/home/jenny/tensorflow-mri/actions-runner/_work'
[2025-03-18 11:42:41Z INFO HostContext] Well known directory 'Bin': '/home/jenny/tensorflow-mri/actions-runner/bin'
[2025-03-18 11:42:41Z INFO HostContext] Well known directory 'Root': '/home/jenny/tensorflow-mri/actions-runner'
[2025-03-18 11:42:41Z INFO HostContext] Well known directory 'Work': '/home/jenny/tensorflow-mri/actions-runner/_work'
[2025-03-18 11:42:51Z INFO HostContext] Well known directory 'Bin': '/home/jenny/tensorflow-mri/actions-runner/bin'
[2025-03-18 11:42:51Z INFO HostContext] Well known directory 'Root': '/home/jenny/tensorflow-mri/actions-runner'
[2025-03-18 11:42:51Z INFO HostContext] Well known directory 'Work': '/home/jenny/tensorflow-mri/actions-runner/_work'
[2025-03-18 11:43:01Z INFO HostContext] Well known directory 'Bin': '/home/jenny/tensorflow-mri/actions-runner/bin'
[2025-03-18 11:43:01Z INFO HostContext] Well known directory 'Root': '/home/jenny/tensorflow-mri/actions-runner'
[2025-03-18 11:43:01Z INFO HostContext] Well known directory 'Work': '/home/jenny/tensorflow-mri/actions-runner/_work'
[2025-03-18 11:43:11Z INFO HostContext] Well known directory 'Bin': '/home/jenny/tensorflow-mri/actions-runner/bin'
[2025-03-18 11:43:11Z INFO HostContext] Well known directory 'Root': '/home/jenny/tensorflow-mri/actions-runner'
[2025-03-18 11:43:11Z INFO HostContext] Well known directory 'Work': '/home/jenny/tensorflow-mri/actions-runner/_work'
[2025-03-18 11:43:21Z INFO HostContext] Well known directory 'Bin': '/home/jenny/tensorflow-mri/actions-runner/bin'
[2025-03-18 11:43:21Z INFO HostContext] Well known directory 'Root': '/home/jenny/tensorflow-mri/actions-runner'
[2025-03-18 11:43:21Z INFO HostContext] Well known directory 'Work': '/home/jenny/tensorflow-mri/actions-runner/_work'
[2025-03-18 11:43:29Z INFO JobServerQueue] Try to append 1 batches web console lines for record '88133581-ce50-419b-b026-38b099425643', success rate: 1/1.
[2025-03-18 11:43:31Z INFO HostContext] Well known directory 'Bin': '/home/jenny/tensorflow-mri/actions-runner/bin'
[2025-03-18 11:43:31Z INFO HostContext] Well known directory 'Root': '/home/jenny/tensorflow-mri/actions-runner'
[2025-03-18 11:43:31Z INFO HostContext] Well known directory 'Work': '/home/jenny/tensorflow-mri/actions-runner/_work'
[2025-03-18 11:43:41Z INFO HostContext] Well known directory 'Bin': '/home/jenny/tensorflow-mri/actions-runner/bin'
[2025-03-18 11:43:41Z INFO HostContext] Well known directory 'Root': '/home/jenny/tensorflow-mri/actions-runner'
[2025-03-18 11:43:41Z INFO HostContext] Well known directory 'Work': '/home/jenny/tensorflow-mri/actions-runner/_work'
[2025-03-18 11:43:51Z INFO HostContext] Well known directory 'Bin': '/home/jenny/tensorflow-mri/actions-runner/bin'
[2025-03-18 11:43:51Z INFO HostContext] Well known directory 'Root': '/home/jenny/tensorflow-mri/actions-runner'
[2025-03-18 11:43:51Z INFO HostContext] Well known directory 'Work': '/home/jenny/tensorflow-mri/actions-runner/_work'
[2025-03-18 11:44:01Z INFO HostContext] Well known directory 'Bin': '/home/jenny/tensorflow-mri/actions-runner/bin'
[2025-03-18 11:44:01Z INFO HostContext] Well known directory 'Root': '/home/jenny/tensorflow-mri/actions-runner'
[2025-03-18 11:44:01Z INFO HostContext] Well known directory 'Work': '/home/jenny/tensorflow-mri/actions-runner/_work'
[2025-03-18 11:44:03Z INFO JobServerQueue] Try to append 1 batches web console lines for record '88133581-ce50-419b-b026-38b099425643', success rate: 1/1.
[2025-03-18 11:44:11Z INFO HostContext] Well known directory 'Bin': '/home/jenny/tensorflow-mri/actions-runner/bin'
[2025-03-18 11:44:11Z INFO HostContext] Well known directory 'Root': '/home/jenny/tensorflow-mri/actions-runner'
[2025-03-18 11:44:11Z INFO HostContext] Well known directory 'Work': '/home/jenny/tensorflow-mri/actions-runner/_work'
[2025-03-18 11:44:21Z INFO HostContext] Well known directory 'Bin': '/home/jenny/tensorflow-mri/actions-runner/bin'
[2025-03-18 11:44:21Z INFO HostContext] Well known directory 'Root': '/home/jenny/tensorflow-mri/actions-runner'
[2025-03-18 11:44:21Z INFO HostContext] Well known directory 'Work': '/home/jenny/tensorflow-mri/actions-runner/_work'
[2025-03-18 11:44:31Z INFO HostContext] Well known directory 'Bin': '/home/jenny/tensorflow-mri/actions-runner/bin'
[2025-03-18 11:44:31Z INFO HostContext] Well known directory 'Root': '/home/jenny/tensorflow-mri/actions-runner'
[2025-03-18 11:44:31Z INFO HostContext] Well known directory 'Work': '/home/jenny/tensorflow-mri/actions-runner/_work'
[2025-03-18 11:44:41Z INFO HostContext] Well known directory 'Bin': '/home/jenny/tensorflow-mri/actions-runner/bin'
[2025-03-18 11:44:41Z INFO HostContext] Well known directory 'Root': '/home/jenny/tensorflow-mri/actions-runner'
[2025-03-18 11:44:41Z INFO HostContext] Well known directory 'Work': '/home/jenny/tensorflow-mri/actions-runner/_work'
[2025-03-18 11:44:51Z INFO HostContext] Well known directory 'Bin': '/home/jenny/tensorflow-mri/actions-runner/bin'
[2025-03-18 11:44:51Z INFO HostContext] Well known directory 'Root': '/home/jenny/tensorflow-mri/actions-runner'
[2025-03-18 11:44:51Z INFO HostContext] Well known directory 'Work': '/home/jenny/tensorflow-mri/actions-runner/_work'
[2025-03-18 11:45:01Z INFO HostContext] Well known directory 'Bin': '/home/jenny/tensorflow-mri/actions-runner/bin'
[2025-03-18 11:45:01Z INFO HostContext] Well known directory 'Root': '/home/jenny/tensorflow-mri/actions-runner'
[2025-03-18 11:45:01Z INFO HostContext] Well known directory 'Work': '/home/jenny/tensorflow-mri/actions-runner/_work'
[2025-03-18 11:45:11Z INFO HostContext] Well known directory 'Bin': '/home/jenny/tensorflow-mri/actions-runner/bin'
[2025-03-18 11:45:11Z INFO HostContext] Well known directory 'Root': '/home/jenny/tensorflow-mri/actions-runner'
[2025-03-18 11:45:11Z INFO HostContext] Well known directory 'Work': '/home/jenny/tensorflow-mri/actions-runner/_work'
[2025-03-18 11:45:21Z INFO HostContext] Well known directory 'Bin': '/home/jenny/tensorflow-mri/actions-runner/bin'
[2025-03-18 11:45:21Z INFO HostContext] Well known directory 'Root': '/home/jenny/tensorflow-mri/actions-runner'
[2025-03-18 11:45:21Z INFO HostContext] Well known directory 'Work': '/home/jenny/tensorflow-mri/actions-runner/_work'
[2025-03-18 11:45:31Z INFO HostContext] Well known directory 'Bin': '/home/jenny/tensorflow-mri/actions-runner/bin'
[2025-03-18 11:45:31Z INFO HostContext] Well known directory 'Root': '/home/jenny/tensorflow-mri/actions-runner'
[2025-03-18 11:45:31Z INFO HostContext] Well known directory 'Work': '/home/jenny/tensorflow-mri/actions-runner/_work'
[2025-03-18 11:45:41Z INFO HostContext] Well known directory 'Bin': '/home/jenny/tensorflow-mri/actions-runner/bin'
[2025-03-18 11:45:41Z INFO HostContext] Well known directory 'Root': '/home/jenny/tensorflow-mri/actions-runner'
[2025-03-18 11:45:41Z INFO HostContext] Well known directory 'Work': '/home/jenny/tensorflow-mri/actions-runner/_work'
[2025-03-18 11:45:51Z INFO HostContext] Well known directory 'Bin': '/home/jenny/tensorflow-mri/actions-runner/bin'
[2025-03-18 11:45:51Z INFO HostContext] Well known directory 'Root': '/home/jenny/tensorflow-mri/actions-runner'
[2025-03-18 11:45:51Z INFO HostContext] Well known directory 'Work': '/home/jenny/tensorflow-mri/actions-runner/_work'
[2025-03-18 11:46:01Z INFO HostContext] Well known directory 'Bin': '/home/jenny/tensorflow-mri/actions-runner/bin'
[2025-03-18 11:46:01Z INFO HostContext] Well known directory 'Root': '/home/jenny/tensorflow-mri/actions-runner'
[2025-03-18 11:46:01Z INFO HostContext] Well known directory 'Work': '/home/jenny/tensorflow-mri/actions-runner/_work'
[2025-03-18 11:46:11Z INFO HostContext] Well known directory 'Bin': '/home/jenny/tensorflow-mri/actions-runner/bin'
[2025-03-18 11:46:11Z INFO HostContext] Well known directory 'Root': '/home/jenny/tensorflow-mri/actions-runner'
[2025-03-18 11:46:11Z INFO HostContext] Well known directory 'Work': '/home/jenny/tensorflow-mri/actions-runner/_work'
[2025-03-18 11:46:21Z INFO HostContext] Well known directory 'Bin': '/home/jenny/tensorflow-mri/actions-runner/bin'
[2025-03-18 11:46:21Z INFO HostContext] Well known directory 'Root': '/home/jenny/tensorflow-mri/actions-runner'
[2025-03-18 11:46:21Z INFO HostContext] Well known directory 'Work': '/home/jenny/tensorflow-mri/actions-runner/_work'
[2025-03-18 11:46:31Z INFO HostContext] Well known directory 'Bin': '/home/jenny/tensorflow-mri/actions-runner/bin'
[2025-03-18 11:46:31Z INFO HostContext] Well known directory 'Root': '/home/jenny/tensorflow-mri/actions-runner'
[2025-03-18 11:46:31Z INFO HostContext] Well known directory 'Work': '/home/jenny/tensorflow-mri/actions-runner/_work'
[2025-03-18 11:46:41Z INFO HostContext] Well known directory 'Bin': '/home/jenny/tensorflow-mri/actions-runner/bin'
[2025-03-18 11:46:41Z INFO HostContext] Well known directory 'Root': '/home/jenny/tensorflow-mri/actions-runner'
[2025-03-18 11:46:41Z INFO HostContext] Well known directory 'Work': '/home/jenny/tensorflow-mri/actions-runner/_work'
[2025-03-18 11:46:48Z INFO JobServerQueue] Try to append 1 batches web console lines for record '88133581-ce50-419b-b026-38b099425643', success rate: 1/1.
[2025-03-18 11:46:51Z INFO HostContext] Well known directory 'Bin': '/home/jenny/tensorflow-mri/actions-runner/bin'
[2025-03-18 11:46:51Z INFO HostContext] Well known directory 'Root': '/home/jenny/tensorflow-mri/actions-runner'
[2025-03-18 11:46:51Z INFO HostContext] Well known directory 'Work': '/home/jenny/tensorflow-mri/actions-runner/_work'
[2025-03-18 11:46:52Z INFO JobServerQueue] Try to append 1 batches web console lines for record '88133581-ce50-419b-b026-38b099425643', success rate: 1/1.
[2025-03-18 11:46:52Z INFO JobServerQueue] Try to append 1 batches web console lines for record '88133581-ce50-419b-b026-38b099425643', success rate: 1/1.
[2025-03-18 11:46:53Z INFO JobServerQueue] Try to append 1 batches web console lines for record '88133581-ce50-419b-b026-38b099425643', success rate: 1/1.
[2025-03-18 11:46:53Z INFO JobServerQueue] Try to append 1 batches web console lines for record '88133581-ce50-419b-b026-38b099425643', success rate: 1/1.
[2025-03-18 11:46:54Z INFO JobServerQueue] Try to append 1 batches web console lines for record '88133581-ce50-419b-b026-38b099425643', success rate: 1/1.
[2025-03-18 11:46:54Z INFO JobServerQueue] Try to append 1 batches web console lines for record '88133581-ce50-419b-b026-38b099425643', success rate: 1/1.
[2025-03-18 11:46:55Z INFO JobServerQueue] Try to append 1 batches web console lines for record '88133581-ce50-419b-b026-38b099425643', success rate: 1/1.
[2025-03-18 11:47:01Z INFO JobServerQueue] Try to append 1 batches web console lines for record '88133581-ce50-419b-b026-38b099425643', success rate: 1/1.
[2025-03-18 11:47:01Z INFO JobServerQueue] Try to append 3 batches web console lines for record '88133581-ce50-419b-b026-38b099425643', success rate: 3/3.
[2025-03-18 11:47:01Z INFO HostContext] Well known directory 'Bin': '/home/jenny/tensorflow-mri/actions-runner/bin'
[2025-03-18 11:47:01Z INFO HostContext] Well known directory 'Root': '/home/jenny/tensorflow-mri/actions-runner'
[2025-03-18 11:47:01Z INFO HostContext] Well known directory 'Work': '/home/jenny/tensorflow-mri/actions-runner/_work'
[2025-03-18 11:47:02Z INFO JobServerQueue] Try to append 4 batches web console lines for record '88133581-ce50-419b-b026-38b099425643', success rate: 4/4.
[2025-03-18 11:47:02Z INFO JobServerQueue] Try to append 3 batches web console lines for record '88133581-ce50-419b-b026-38b099425643', success rate: 3/3.
[2025-03-18 11:47:03Z INFO JobServerQueue] Try to append 6 batches web console lines for record '88133581-ce50-419b-b026-38b099425643', success rate: 6/6.
[2025-03-18 11:47:03Z INFO JobServerQueue] Try to append 2 batches web console lines for record '88133581-ce50-419b-b026-38b099425643', success rate: 2/2.
[2025-03-18 11:47:04Z INFO JobServerQueue] Try to append 6 batches web console lines for record '88133581-ce50-419b-b026-38b099425643', success rate: 6/6.
[2025-03-18 11:47:04Z INFO JobServerQueue] Try to append 2 batches web console lines for record '88133581-ce50-419b-b026-38b099425643', success rate: 2/2.
[2025-03-18 11:47:05Z INFO JobServerQueue] Try to append 1 batches web console lines for record '88133581-ce50-419b-b026-38b099425643', success rate: 1/1.
[2025-03-18 11:47:05Z INFO JobServerQueue] Try to append 1 batches web console lines for record '88133581-ce50-419b-b026-38b099425643', success rate: 1/1.
[2025-03-18 11:47:06Z INFO JobServerQueue] Try to append 3 batches web console lines for record '88133581-ce50-419b-b026-38b099425643', success rate: 3/3.
[2025-03-18 11:47:08Z INFO ProcessInvokerWrapper] STDOUT/STDERR stream read finished.
[2025-03-18 11:47:08Z INFO ProcessInvokerWrapper] STDOUT/STDERR stream read finished.
[2025-03-18 11:47:08Z INFO ProcessInvokerWrapper] Finished process 952585 with exit code 2, and elapsed time 00:09:00.2943996.
[2025-03-18 11:47:08Z INFO CreateStepSummaryCommand] Step Summary file (/home/jenny/tensorflow-mri/actions-runner/_work/_temp/_runner_file_commands/step_summary_fdce37f1-5a0b-4599-bba6-15031882b08f) is empty; skipping attachment upload
[2025-03-18 11:47:08Z INFO StepsRunner] Step result: Failed
[2025-03-18 11:47:08Z INFO ExecutionContext] Publish step telemetry for current step {
  "action": "sh",
  "type": "run",
  "stage": "Main",
  "stepId": "88133581-ce50-419b-b026-38b099425643",
  "stepContextName": "__run_5",
  "result": "failed",
  "errorMessages": [
    "Process completed with exit code 2."
  ],
  "executionTimeInSeconds": 541,
  "startTime": "2025-03-18T11:38:08.3677168Z",
  "finishTime": "2025-03-18T11:47:08.6679984Z"
}.
[2025-03-18 11:47:08Z INFO StepsRunner] Update job result with current step result 'Failed'.
[2025-03-18 11:47:08Z INFO StepsRunner] Current state: job state = 'Failed'
[2025-03-18 11:47:08Z INFO StepsRunner] Processing step: DisplayName='Build wheel'
[2025-03-18 11:47:08Z INFO StepsRunner] Evaluating: success()
[2025-03-18 11:47:08Z INFO StepsRunner] Result: false
[2025-03-18 11:47:08Z INFO StepsRunner] Skipping step due to condition evaluation.
[2025-03-18 11:47:08Z INFO StepsRunner] No need for updating job result with current step result 'Skipped'.
[2025-03-18 11:47:08Z INFO StepsRunner] Current state: job state = 'Failed'
[2025-03-18 11:47:08Z INFO StepsRunner] Processing step: DisplayName='Build docs'
[2025-03-18 11:47:08Z INFO StepsRunner] Evaluating: success()
[2025-03-18 11:47:08Z INFO StepsRunner] Result: false
[2025-03-18 11:47:08Z INFO StepsRunner] Skipping step due to condition evaluation.
[2025-03-18 11:47:08Z INFO StepsRunner] No need for updating job result with current step result 'Skipped'.
[2025-03-18 11:47:08Z INFO StepsRunner] Current state: job state = 'Failed'
[2025-03-18 11:47:08Z INFO StepsRunner] Processing step: DisplayName='Upload wheel'
[2025-03-18 11:47:08Z INFO StepsRunner] Evaluating: (success() && startsWith(github.ref, 'refs/tags'))
[2025-03-18 11:47:08Z INFO StepsRunner] Expanded: (false && startsWith(github['ref'], 'refs/tags'))
[2025-03-18 11:47:08Z INFO StepsRunner] Result: false
[2025-03-18 11:47:08Z INFO StepsRunner] Skipping step due to condition evaluation.
[2025-03-18 11:47:08Z INFO StepsRunner] No need for updating job result with current step result 'Skipped'.
[2025-03-18 11:47:08Z INFO StepsRunner] Current state: job state = 'Failed'
[2025-03-18 11:47:08Z INFO StepsRunner] Processing step: DisplayName='Upload docs'
[2025-03-18 11:47:08Z INFO StepsRunner] Evaluating: (success() && startsWith(github.ref, 'refs/tags') && (matrix.py_version == 3.9))
[2025-03-18 11:47:08Z INFO StepsRunner] Expanded: (false && startsWith(github['ref'], 'refs/tags') && (matrix['py_version'] == 3.9))
[2025-03-18 11:47:08Z INFO StepsRunner] Result: false
[2025-03-18 11:47:08Z INFO StepsRunner] Skipping step due to condition evaluation.
[2025-03-18 11:47:08Z INFO StepsRunner] No need for updating job result with current step result 'Skipped'.
[2025-03-18 11:47:08Z INFO StepsRunner] Current state: job state = 'Failed'
[2025-03-18 11:47:08Z INFO StepsRunner] Processing step: DisplayName='Publish to Test PyPI'
[2025-03-18 11:47:08Z INFO StepsRunner] Evaluating: success()
[2025-03-18 11:47:08Z INFO StepsRunner] Result: false
[2025-03-18 11:47:08Z INFO StepsRunner] Skipping step due to condition evaluation.
[2025-03-18 11:47:08Z INFO StepsRunner] No need for updating job result with current step result 'Skipped'.
[2025-03-18 11:47:08Z INFO StepsRunner] Current state: job state = 'Failed'
[2025-03-18 11:47:08Z INFO StepsRunner] Processing step: DisplayName='Free Disk Space After Build'
[2025-03-18 11:47:08Z INFO StepsRunner] Evaluating: success()
[2025-03-18 11:47:08Z INFO StepsRunner] Result: false
[2025-03-18 11:47:08Z INFO StepsRunner] Skipping step due to condition evaluation.
[2025-03-18 11:47:08Z INFO StepsRunner] No need for updating job result with current step result 'Skipped'.
[2025-03-18 11:47:08Z INFO StepsRunner] Current state: job state = 'Failed'
[2025-03-18 11:47:08Z INFO StepsRunner] Processing step: DisplayName='Post Checkout code'
[2025-03-18 11:47:08Z INFO StepsRunner] Evaluating: always()
[2025-03-18 11:47:08Z INFO StepsRunner] Result: true
[2025-03-18 11:47:08Z INFO StepsRunner] Starting the step.
[2025-03-18 11:47:08Z INFO HostContext] Well known directory 'Bin': '/home/jenny/tensorflow-mri/actions-runner/bin'
[2025-03-18 11:47:08Z INFO HostContext] Well known directory 'Root': '/home/jenny/tensorflow-mri/actions-runner'
[2025-03-18 11:47:08Z INFO HostContext] Well known directory 'Work': '/home/jenny/tensorflow-mri/actions-runner/_work'
[2025-03-18 11:47:08Z INFO HostContext] Well known directory 'Actions': '/home/jenny/tensorflow-mri/actions-runner/_work/_actions'
[2025-03-18 11:47:08Z INFO ActionManager] Load action that reference repository from '/home/jenny/tensorflow-mri/actions-runner/_work/_actions/actions/checkout/v4'
[2025-03-18 11:47:08Z INFO HostContext] Well known directory 'Bin': '/home/jenny/tensorflow-mri/actions-runner/bin'
[2025-03-18 11:47:08Z INFO HostContext] Well known directory 'Root': '/home/jenny/tensorflow-mri/actions-runner'
[2025-03-18 11:47:08Z INFO HostContext] Well known directory 'Work': '/home/jenny/tensorflow-mri/actions-runner/_work'
[2025-03-18 11:47:08Z INFO HostContext] Well known directory 'Actions': '/home/jenny/tensorflow-mri/actions-runner/_work/_actions'
[2025-03-18 11:47:08Z INFO ActionManifestManager] Loaded action.yml file: {
  "name": "Checkout",
  "description": "Checkout a Git repository at a particular version",
  "inputs": {
    "type": 2,
    "map": [
      {
        "key": {
          "type": 0,
          "file": 2,
          "line": 4,
          "col": 3,
          "lit": "repository"
        },
        "value": {
          "type": 3,
          "file": 2,
          "line": 6,
          "col": 14,
          "expr": "github.repository"
        }
      },
      {
        "key": {
          "type": 0,
          "file": 2,
          "line": 7,
          "col": 3,
          "lit": "ref"
        },
        "value": ""
      },
      {
        "key": {
          "type": 0,
          "file": 2,
          "line": 12,
          "col": 3,
          "lit": "token"
        },
        "value": {
          "type": 3,
          "file": 2,
          "line": 24,
          "col": 14,
          "expr": "github.token"
        }
      },
      {
        "key": {
          "type": 0,
          "file": 2,
          "line": 25,
          "col": 3,
          "lit": "ssh-key"
        },
        "value": ""
      },
      {
        "key": {
          "type": 0,
          "file": 2,
          "line": 37,
          "col": 3,
          "lit": "ssh-known-hosts"
        },
        "value": ""
      },
      {
        "key": {
          "type": 0,
          "file": 2,
          "line": 42,
          "col": 3,
          "lit": "ssh-strict"
        },
        "value": {
          "type": 0,
          "file": 2,
          "line": 47,
          "col": 14,
          "lit": "true"
        }
      },
      {
        "key": {
          "type": 0,
          "file": 2,
          "line": 48,
          "col": 3,
          "lit": "ssh-user"
        },
        "value": {
          "type": 0,
          "file": 2,
          "line": 51,
          "col": 14,
          "lit": "git"
        }
      },
      {
        "key": {
          "type": 0,
          "file": 2,
          "line": 52,
          "col": 3,
          "lit": "persist-credentials"
        },
        "value": {
          "type": 0,
          "file": 2,
          "line": 54,
          "col": 14,
          "lit": "true"
        }
      },
      {
        "key": {
          "type": 0,
          "file": 2,
          "line": 55,
          "col": 3,
          "lit": "path"
        },
        "value": ""
      },
      {
        "key": {
          "type": 0,
          "file": 2,
          "line": 57,
          "col": 3,
          "lit": "clean"
        },
        "value": {
          "type": 0,
          "file": 2,
          "line": 59,
          "col": 14,
          "lit": "true"
        }
      },
      {
        "key": {
          "type": 0,
          "file": 2,
          "line": 60,
          "col": 3,
          "lit": "filter"
        },
        "value": {
          "type": 0,
          "file": 2,
          "line": 64,
          "col": 14,
          "lit": ""
        }
      },
      {
        "key": {
          "type": 0,
          "file": 2,
          "line": 65,
          "col": 3,
          "lit": "sparse-checkout"
        },
        "value": {
          "type": 0,
          "file": 2,
          "line": 69,
          "col": 14,
          "lit": ""
        }
      },
      {
        "key": {
          "type": 0,
          "file": 2,
          "line": 70,
          "col": 3,
          "lit": "sparse-checkout-cone-mode"
        },
        "value": {
          "type": 0,
          "file": 2,
          "line": 73,
          "col": 14,
          "lit": "true"
        }
      },
      {
        "key": {
          "type": 0,
          "file": 2,
          "line": 74,
          "col": 3,
          "lit": "fetch-depth"
        },
        "value": {
          "type": 0,
          "file": 2,
          "line": 76,
          "col": 14,
          "lit": "1"
        }
      },
      {
        "key": {
          "type": 0,
          "file": 2,
          "line": 77,
          "col": 3,
          "lit": "fetch-tags"
        },
        "value": {
          "type": 0,
          "file": 2,
          "line": 79,
          "col": 14,
          "lit": "false"
        }
      },
      {
        "key": {
          "type": 0,
          "file": 2,
          "line": 80,
          "col": 3,
          "lit": "show-progress"
        },
        "value": {
          "type": 0,
          "file": 2,
          "line": 82,
          "col": 14,
          "lit": "true"
        }
      },
      {
        "key": {
          "type": 0,
          "file": 2,
          "line": 83,
          "col": 3,
          "lit": "lfs"
        },
        "value": {
          "type": 0,
          "file": 2,
          "line": 85,
          "col": 14,
          "lit": "false"
        }
      },
      {
        "key": {
          "type": 0,
          "file": 2,
          "line": 86,
          "col": 3,
          "lit": "submodules"
        },
        "value": {
          "type": 0,
          "file": 2,
          "line": 94,
          "col": 14,
          "lit": "false"
        }
      },
      {
        "key": {
          "type": 0,
          "file": 2,
          "line": 95,
          "col": 3,
          "lit": "set-safe-directory"
        },
        "value": {
          "type": 0,
          "file": 2,
          "line": 97,
          "col": 14,
          "lit": "true"
        }
      },
      {
        "key": {
          "type": 0,
          "file": 2,
          "line": 98,
          "col": 3,
          "lit": "github-server-url"
        },
        "value": ""
      }
    ]
  },
  "execution": {
    "executionType": "nodeJS",
    "hasPre": false,
    "hasPost": true,
    "script": "dist/index.js",
    "pre": null,
    "post": "dist/index.js",
    "nodeVersion": "node20",
    "cleanupCondition": "always()",
    "initCondition": "always()"
  },
  "deprecated": null
}
[2025-03-18 11:47:08Z INFO ActionManager] Action pre node.js file: N/A.
[2025-03-18 11:47:08Z INFO ActionManager] Action node.js file: dist/index.js.
[2025-03-18 11:47:08Z INFO ActionManager] Action post node.js file: dist/index.js.
[2025-03-18 11:47:08Z INFO HostContext] Well known directory 'Bin': '/home/jenny/tensorflow-mri/actions-runner/bin'
[2025-03-18 11:47:08Z INFO HostContext] Well known directory 'Root': '/home/jenny/tensorflow-mri/actions-runner'
[2025-03-18 11:47:08Z INFO HostContext] Well known directory 'Work': '/home/jenny/tensorflow-mri/actions-runner/_work'
[2025-03-18 11:47:08Z INFO HostContext] Well known directory 'Temp': '/home/jenny/tensorflow-mri/actions-runner/_work/_temp'
[2025-03-18 11:47:08Z INFO ExecutionContext] Write event payload to /home/jenny/tensorflow-mri/actions-runner/_work/_temp/_github_workflow/event.json
[2025-03-18 11:47:08Z INFO HostContext] Well known directory 'Bin': '/home/jenny/tensorflow-mri/actions-runner/bin'
[2025-03-18 11:47:08Z INFO HostContext] Well known directory 'Root': '/home/jenny/tensorflow-mri/actions-runner'
[2025-03-18 11:47:08Z INFO HostContext] Well known directory 'Work': '/home/jenny/tensorflow-mri/actions-runner/_work'
[2025-03-18 11:47:08Z INFO HostContext] Well known directory 'Temp': '/home/jenny/tensorflow-mri/actions-runner/_work/_temp'
[2025-03-18 11:47:08Z INFO ExtensionManager] Getting extensions for interface: 'GitHub.Runner.Worker.IFileCommandExtension'
[2025-03-18 11:47:08Z INFO ActionManifestManager] Input 'repository': default value evaluate result: {
  "type": 0,
  "file": 2,
  "line": 6,
  "col": 14,
  "lit": "mrphys/tensorflow-mri"
}
[2025-03-18 11:47:08Z INFO ActionManifestManager] Input 'ref': default value evaluate result: ""
[2025-03-18 11:47:08Z INFO ActionManifestManager] Input 'token': default value evaluate result: {
  "type": 0,
  "file": 2,
  "line": 24,
  "col": 14,
  "lit": "***"
}
[2025-03-18 11:47:08Z INFO ActionManifestManager] Input 'ssh-key': default value evaluate result: ""
[2025-03-18 11:47:08Z INFO ActionManifestManager] Input 'ssh-known-hosts': default value evaluate result: ""
[2025-03-18 11:47:08Z INFO ActionManifestManager] Input 'ssh-strict': default value evaluate result: {
  "type": 0,
  "file": 2,
  "line": 47,
  "col": 14,
  "lit": "true"
}
[2025-03-18 11:47:08Z INFO ActionManifestManager] Input 'ssh-user': default value evaluate result: {
  "type": 0,
  "file": 2,
  "line": 51,
  "col": 14,
  "lit": "git"
}
[2025-03-18 11:47:08Z INFO ActionManifestManager] Input 'persist-credentials': default value evaluate result: {
  "type": 0,
  "file": 2,
  "line": 54,
  "col": 14,
  "lit": "true"
}
[2025-03-18 11:47:08Z INFO ActionManifestManager] Input 'path': default value evaluate result: ""
[2025-03-18 11:47:08Z INFO ActionManifestManager] Input 'clean': default value evaluate result: {
  "type": 0,
  "file": 2,
  "line": 59,
  "col": 14,
  "lit": "true"
}
[2025-03-18 11:47:08Z INFO ActionManifestManager] Input 'filter': default value evaluate result: {
  "type": 0,
  "file": 2,
  "line": 64,
  "col": 14,
  "lit": ""
}
[2025-03-18 11:47:08Z INFO ActionManifestManager] Input 'sparse-checkout': default value evaluate result: {
  "type": 0,
  "file": 2,
  "line": 69,
  "col": 14,
  "lit": ""
}
[2025-03-18 11:47:08Z INFO ActionManifestManager] Input 'sparse-checkout-cone-mode': default value evaluate result: {
  "type": 0,
  "file": 2,
  "line": 73,
  "col": 14,
  "lit": "true"
}
[2025-03-18 11:47:08Z INFO ActionManifestManager] Input 'fetch-depth': default value evaluate result: {
  "type": 0,
  "file": 2,
  "line": 76,
  "col": 14,
  "lit": "1"
}
[2025-03-18 11:47:08Z INFO ActionManifestManager] Input 'fetch-tags': default value evaluate result: {
  "type": 0,
  "file": 2,
  "line": 79,
  "col": 14,
  "lit": "false"
}
[2025-03-18 11:47:08Z INFO ActionManifestManager] Input 'show-progress': default value evaluate result: {
  "type": 0,
  "file": 2,
  "line": 82,
  "col": 14,
  "lit": "true"
}
[2025-03-18 11:47:08Z INFO ActionManifestManager] Input 'lfs': default value evaluate result: {
  "type": 0,
  "file": 2,
  "line": 85,
  "col": 14,
  "lit": "false"
}
[2025-03-18 11:47:08Z INFO ActionManifestManager] Input 'submodules': default value evaluate result: {
  "type": 0,
  "file": 2,
  "line": 94,
  "col": 14,
  "lit": "false"
}
[2025-03-18 11:47:08Z INFO ActionManifestManager] Input 'set-safe-directory': default value evaluate result: {
  "type": 0,
  "file": 2,
  "line": 97,
  "col": 14,
  "lit": "true"
}
[2025-03-18 11:47:08Z INFO ActionManifestManager] Input 'github-server-url': default value evaluate result: ""
[2025-03-18 11:47:08Z INFO ExtensionManager] Getting extensions for interface: 'GitHub.Runner.Worker.IActionCommandExtension'
[2025-03-18 11:47:08Z INFO ActionCommandManager] Register action command extension for command internal-set-repo-path
[2025-03-18 11:47:08Z INFO ActionCommandManager] Register action command extension for command set-env
[2025-03-18 11:47:08Z INFO ActionCommandManager] Register action command extension for command set-output
[2025-03-18 11:47:08Z INFO ActionCommandManager] Register action command extension for command save-state
[2025-03-18 11:47:08Z INFO ActionCommandManager] Register action command extension for command add-path
[2025-03-18 11:47:08Z INFO ActionCommandManager] Register action command extension for command add-mask
[2025-03-18 11:47:08Z INFO ActionCommandManager] Register action command extension for command add-matcher
[2025-03-18 11:47:08Z INFO ActionCommandManager] Register action command extension for command remove-matcher
[2025-03-18 11:47:08Z INFO ActionCommandManager] Register action command extension for command warning
[2025-03-18 11:47:08Z INFO ActionCommandManager] Register action command extension for command error
[2025-03-18 11:47:08Z INFO ActionCommandManager] Register action command extension for command notice
[2025-03-18 11:47:08Z INFO ActionCommandManager] Register action command extension for command debug
[2025-03-18 11:47:08Z INFO ActionCommandManager] Register action command extension for command group
[2025-03-18 11:47:08Z INFO ActionCommandManager] Register action command extension for command endgroup
[2025-03-18 11:47:08Z INFO ActionCommandManager] Register action command extension for command echo
[2025-03-18 11:47:08Z INFO HostContext] Well known directory 'Bin': '/home/jenny/tensorflow-mri/actions-runner/bin'
[2025-03-18 11:47:08Z INFO HostContext] Well known directory 'Root': '/home/jenny/tensorflow-mri/actions-runner'
[2025-03-18 11:47:08Z INFO HostContext] Well known directory 'Work': '/home/jenny/tensorflow-mri/actions-runner/_work'
[2025-03-18 11:47:08Z INFO ProcessInvokerWrapper] Starting process:
[2025-03-18 11:47:08Z INFO ProcessInvokerWrapper]   File name: '/usr/bin/docker'
[2025-03-18 11:47:08Z INFO ProcessInvokerWrapper]   Arguments: 'exec  31279a188bcc558f01284e79d5e78f9cacc88863b0ec83f38db0fe7a914ee28b sh -c "cat /etc/*release | grep ^ID"'
[2025-03-18 11:47:08Z INFO ProcessInvokerWrapper]   Working directory: '/home/jenny/tensorflow-mri/actions-runner/_work'
[2025-03-18 11:47:08Z INFO ProcessInvokerWrapper]   Require exit code zero: 'False'
[2025-03-18 11:47:08Z INFO ProcessInvokerWrapper]   Encoding web name:  ; code page: ''
[2025-03-18 11:47:08Z INFO ProcessInvokerWrapper]   Force kill process on cancellation: 'False'
[2025-03-18 11:47:08Z INFO ProcessInvokerWrapper]   Redirected STDIN: 'False'
[2025-03-18 11:47:08Z INFO ProcessInvokerWrapper]   Persist current code page: 'False'
[2025-03-18 11:47:08Z INFO ProcessInvokerWrapper]   Keep redirected STDIN open: 'False'
[2025-03-18 11:47:08Z INFO ProcessInvokerWrapper]   High priority process: 'False'
[2025-03-18 11:47:08Z INFO ProcessInvokerWrapper] Updated oom_score_adj to 500 for PID: 1061926.
[2025-03-18 11:47:08Z INFO ProcessInvokerWrapper] Process started with process id 1061926, waiting for process exit.
[2025-03-18 11:47:08Z INFO JobServerQueue] Try to append 1 batches web console lines for record '88133581-ce50-419b-b026-38b099425643', success rate: 1/1.
[2025-03-18 11:47:08Z INFO JobServerQueue] Try to append 1 batches web console lines for record 'adae739f-e4f1-42d0-8171-d498ef86f93d', success rate: 1/1.
[2025-03-18 11:47:08Z INFO ProcessInvokerWrapper] STDOUT/STDERR stream read finished.
[2025-03-18 11:47:08Z INFO ProcessInvokerWrapper] STDOUT/STDERR stream read finished.
[2025-03-18 11:47:08Z INFO ProcessInvokerWrapper] Finished process 1061926 with exit code 0, and elapsed time 00:00:00.2087454.
[2025-03-18 11:47:08Z INFO HostContext] Well known directory 'Bin': '/home/jenny/tensorflow-mri/actions-runner/bin'
[2025-03-18 11:47:08Z INFO HostContext] Well known directory 'Root': '/home/jenny/tensorflow-mri/actions-runner'
[2025-03-18 11:47:08Z INFO HostContext] Well known directory 'Externals': '/home/jenny/tensorflow-mri/actions-runner/externals'
[2025-03-18 11:47:08Z INFO HostContext] Well known directory 'Bin': '/home/jenny/tensorflow-mri/actions-runner/bin'
[2025-03-18 11:47:08Z INFO HostContext] Well known directory 'Root': '/home/jenny/tensorflow-mri/actions-runner'
[2025-03-18 11:47:08Z INFO HostContext] Well known directory 'Work': '/home/jenny/tensorflow-mri/actions-runner/_work'
[2025-03-18 11:47:08Z INFO ProcessInvokerWrapper] Starting process:
[2025-03-18 11:47:08Z INFO ProcessInvokerWrapper]   File name: '/usr/bin/docker'
[2025-03-18 11:47:08Z INFO ProcessInvokerWrapper]   Arguments: 'exec -i --workdir /__w/tensorflow-mri/tensorflow-mri -e "PYTHON" -e "STATE_isPost" -e "STATE_setSafeDirectory" -e "STATE_repositoryPath" -e "INPUT_REPOSITORY" -e "INPUT_REF" -e "INPUT_TOKEN" -e "INPUT_SSH-KEY" -e "INPUT_SSH-KNOWN-HOSTS" -e "INPUT_SSH-STRICT" -e "INPUT_SSH-USER" -e "INPUT_PERSIST-CREDENTIALS" -e "INPUT_PATH" -e "INPUT_CLEAN" -e "INPUT_FILTER" -e "INPUT_SPARSE-CHECKOUT" -e "INPUT_SPARSE-CHECKOUT-CONE-MODE" -e "INPUT_FETCH-DEPTH" -e "INPUT_FETCH-TAGS" -e "INPUT_SHOW-PROGRESS" -e "INPUT_LFS" -e "INPUT_SUBMODULES" -e "INPUT_SET-SAFE-DIRECTORY" -e "INPUT_GITHUB-SERVER-URL" -e "GITHUB_JOB" -e "GITHUB_REF" -e "GITHUB_SHA" -e "GITHUB_REPOSITORY" -e "GITHUB_REPOSITORY_OWNER" -e "GITHUB_REPOSITORY_OWNER_ID" -e "GITHUB_RUN_ID" -e "GITHUB_RUN_NUMBER" -e "GITHUB_RETENTION_DAYS" -e "GITHUB_RUN_ATTEMPT" -e "GITHUB_ACTOR_ID" -e "GITHUB_ACTOR" -e "GITHUB_WORKFLOW" -e "GITHUB_HEAD_REF" -e "GITHUB_BASE_REF" -e "GITHUB_EVENT_NAME" -e "GITHUB_SERVER_URL" -e "GITHUB_API_URL" -e "GITHUB_GRAPHQL_URL" -e "GITHUB_REF_NAME" -e "GITHUB_REF_PROTECTED" -e "GITHUB_REF_TYPE" -e "GITHUB_WORKFLOW_REF" -e "GITHUB_WORKFLOW_SHA" -e "GITHUB_REPOSITORY_ID" -e "GITHUB_TRIGGERING_ACTOR" -e "GITHUB_WORKSPACE" -e "GITHUB_ACTION" -e "GITHUB_EVENT_PATH" -e "GITHUB_ACTION_REPOSITORY" -e "GITHUB_ACTION_REF" -e "GITHUB_PATH" -e "GITHUB_ENV" -e "GITHUB_STEP_SUMMARY" -e "GITHUB_STATE" -e "GITHUB_OUTPUT" -e "RUNNER_OS" -e "RUNNER_ARCH" -e "RUNNER_NAME" -e "RUNNER_ENVIRONMENT" -e "RUNNER_TOOL_CACHE" -e "RUNNER_TEMP" -e "RUNNER_WORKSPACE" -e "ACTIONS_RUNTIME_URL" -e "ACTIONS_RUNTIME_TOKEN" -e "ACTIONS_CACHE_URL" -e "ACTIONS_RESULTS_URL" -e "ACTIONS_CACHE_SERVICE_V2" 31279a188bcc558f01284e79d5e78f9cacc88863b0ec83f38db0fe7a914ee28b /__e/node20/bin/node /__w/_actions/actions/checkout/v4/dist/index.js'
[2025-03-18 11:47:08Z INFO ProcessInvokerWrapper]   Working directory: '/home/jenny/tensorflow-mri/actions-runner/_work'
[2025-03-18 11:47:08Z INFO ProcessInvokerWrapper]   Require exit code zero: 'False'
[2025-03-18 11:47:08Z INFO ProcessInvokerWrapper]   Encoding web name:  ; code page: ''
[2025-03-18 11:47:08Z INFO ProcessInvokerWrapper]   Force kill process on cancellation: 'False'
[2025-03-18 11:47:08Z INFO ProcessInvokerWrapper]   Redirected STDIN: 'False'
[2025-03-18 11:47:08Z INFO ProcessInvokerWrapper]   Persist current code page: 'False'
[2025-03-18 11:47:08Z INFO ProcessInvokerWrapper]   Keep redirected STDIN open: 'False'
[2025-03-18 11:47:08Z INFO ProcessInvokerWrapper]   High priority process: 'False'
[2025-03-18 11:47:08Z INFO ProcessInvokerWrapper] Updated oom_score_adj to 500 for PID: 1061952.
[2025-03-18 11:47:08Z INFO ProcessInvokerWrapper] Process started with process id 1061952, waiting for process exit.
[2025-03-18 11:47:08Z INFO JobServerQueue] Got a step log file to send to results service.
[2025-03-18 11:47:08Z INFO JobServerQueue] Starting upload of step log file to results service ResultsLog, /home/jenny/tensorflow-mri/actions-runner/_diag/blocks/f9831e23-b408-4648-9cf3-bae7a143ca3d_88133581-ce50-419b-b026-38b099425643.1
[2025-03-18 11:47:09Z INFO AddMaskCommandExtension] Add new secret mask with length of 32
[2025-03-18 11:47:09Z INFO JobServerQueue] Try to upload 1 log files or attachments, success rate: 1/1.
[2025-03-18 11:47:09Z INFO ProcessInvokerWrapper] STDOUT/STDERR stream read finished.
[2025-03-18 11:47:09Z INFO ProcessInvokerWrapper] STDOUT/STDERR stream read finished.
[2025-03-18 11:47:09Z INFO ProcessInvokerWrapper] Finished process 1061952 with exit code 0, and elapsed time 00:00:00.2747717.
[2025-03-18 11:47:09Z INFO CreateStepSummaryCommand] Step Summary file (/home/jenny/tensorflow-mri/actions-runner/_work/_temp/_runner_file_commands/step_summary_e10faa02-f6cf-48b3-aa0a-bdcecbdf954d) is empty; skipping attachment upload
[2025-03-18 11:47:09Z INFO StepsRunner] Step result: 
[2025-03-18 11:47:09Z INFO ExecutionContext] Publish step telemetry for current step {
  "action": "actions/checkout",
  "ref": "v4",
  "type": "node20",
  "stage": "Post",
  "stepId": "adae739f-e4f1-42d0-8171-d498ef86f93d",
  "result": "succeeded",
  "errorMessages": [],
  "executionTimeInSeconds": 1,
  "startTime": "2025-03-18T11:47:08.673715Z",
  "finishTime": "2025-03-18T11:47:09.16865Z"
}.
[2025-03-18 11:47:09Z INFO StepsRunner] No need for updating job result with current step result 'Succeeded'.
[2025-03-18 11:47:09Z INFO StepsRunner] Current state: job state = 'Failed'
[2025-03-18 11:47:09Z INFO StepsRunner] Processing step: DisplayName='Stop containers'
[2025-03-18 11:47:09Z INFO StepsRunner] Evaluating: always()
[2025-03-18 11:47:09Z INFO StepsRunner] Result: true
[2025-03-18 11:47:09Z INFO StepsRunner] Starting the step.
[2025-03-18 11:47:09Z INFO ProcessInvokerWrapper] Starting process:
[2025-03-18 11:47:09Z INFO ProcessInvokerWrapper]   File name: '/usr/bin/docker'
[2025-03-18 11:47:09Z INFO ProcessInvokerWrapper]   Arguments: 'rm --force 31279a188bcc558f01284e79d5e78f9cacc88863b0ec83f38db0fe7a914ee28b'
[2025-03-18 11:47:09Z INFO ProcessInvokerWrapper]   Working directory: '/home/jenny/tensorflow-mri/actions-runner/_work/tensorflow-mri/tensorflow-mri'
[2025-03-18 11:47:09Z INFO ProcessInvokerWrapper]   Require exit code zero: 'False'
[2025-03-18 11:47:09Z INFO ProcessInvokerWrapper]   Encoding web name:  ; code page: ''
[2025-03-18 11:47:09Z INFO ProcessInvokerWrapper]   Force kill process on cancellation: 'False'
[2025-03-18 11:47:09Z INFO ProcessInvokerWrapper]   Redirected STDIN: 'False'
[2025-03-18 11:47:09Z INFO ProcessInvokerWrapper]   Persist current code page: 'False'
[2025-03-18 11:47:09Z INFO ProcessInvokerWrapper]   Keep redirected STDIN open: 'False'
[2025-03-18 11:47:09Z INFO ProcessInvokerWrapper]   High priority process: 'False'
[2025-03-18 11:47:09Z INFO ProcessInvokerWrapper] Updated oom_score_adj to 500 for PID: 1062047.
[2025-03-18 11:47:09Z INFO ProcessInvokerWrapper] Process started with process id 1062047, waiting for process exit.
[2025-03-18 11:47:09Z INFO JobServerQueue] Try to append 1 batches web console lines for record 'adae739f-e4f1-42d0-8171-d498ef86f93d', success rate: 1/1.
[2025-03-18 11:47:09Z INFO JobServerQueue] Try to append 1 batches web console lines for record '5ea820de-50fa-4e49-8251-fb407beb5a72', success rate: 1/1.
[2025-03-18 11:47:10Z INFO JobServerQueue] Try to upload 1 log files or attachments, success rate: 1/1.
[2025-03-18 11:47:10Z INFO JobServerQueue] Tried to upload 1 file(s) to results, success rate: 1/1.
[2025-03-18 11:47:10Z INFO ProcessInvokerWrapper] STDOUT/STDERR stream read finished.
[2025-03-18 11:47:10Z INFO ProcessInvokerWrapper] STDOUT/STDERR stream read finished.
[2025-03-18 11:47:10Z INFO ProcessInvokerWrapper] Finished process 1062047 with exit code 0, and elapsed time 00:00:01.2819219.
[2025-03-18 11:47:10Z INFO ProcessInvokerWrapper] Starting process:
[2025-03-18 11:47:10Z INFO ProcessInvokerWrapper]   File name: '/usr/bin/docker'
[2025-03-18 11:47:10Z INFO ProcessInvokerWrapper]   Arguments: 'network rm github_network_797569cdd8fc4522b7f1f5614164bea6'
[2025-03-18 11:47:10Z INFO ProcessInvokerWrapper]   Working directory: '/home/jenny/tensorflow-mri/actions-runner/_work/tensorflow-mri/tensorflow-mri'
[2025-03-18 11:47:10Z INFO ProcessInvokerWrapper]   Require exit code zero: 'False'
[2025-03-18 11:47:10Z INFO ProcessInvokerWrapper]   Encoding web name:  ; code page: ''
[2025-03-18 11:47:10Z INFO ProcessInvokerWrapper]   Force kill process on cancellation: 'False'
[2025-03-18 11:47:10Z INFO ProcessInvokerWrapper]   Redirected STDIN: 'False'
[2025-03-18 11:47:10Z INFO ProcessInvokerWrapper]   Persist current code page: 'False'
[2025-03-18 11:47:10Z INFO ProcessInvokerWrapper]   Keep redirected STDIN open: 'False'
[2025-03-18 11:47:10Z INFO ProcessInvokerWrapper]   High priority process: 'False'
[2025-03-18 11:47:10Z INFO ProcessInvokerWrapper] Updated oom_score_adj to 500 for PID: 1062093.
[2025-03-18 11:47:10Z INFO ProcessInvokerWrapper] Process started with process id 1062093, waiting for process exit.
[2025-03-18 11:47:10Z INFO JobServerQueue] Try to append 1 batches web console lines for record '5ea820de-50fa-4e49-8251-fb407beb5a72', success rate: 1/1.
[2025-03-18 11:47:11Z INFO ProcessInvokerWrapper] STDOUT/STDERR stream read finished.
[2025-03-18 11:47:11Z INFO ProcessInvokerWrapper] STDOUT/STDERR stream read finished.
[2025-03-18 11:47:11Z INFO ProcessInvokerWrapper] Finished process 1062093 with exit code 0, and elapsed time 00:00:00.5608916.
[2025-03-18 11:47:11Z INFO StepsRunner] Step result: 
[2025-03-18 11:47:11Z INFO StepsRunner] No need for updating job result with current step result 'Succeeded'.
[2025-03-18 11:47:11Z INFO StepsRunner] Current state: job state = 'Failed'
[2025-03-18 11:47:11Z INFO JobRunner] Finalize job.
[2025-03-18 11:47:11Z INFO HostContext] Well known directory 'Bin': '/home/jenny/tensorflow-mri/actions-runner/bin'
[2025-03-18 11:47:11Z INFO HostContext] Well known directory 'Root': '/home/jenny/tensorflow-mri/actions-runner'
[2025-03-18 11:47:11Z INFO HostContext] Well known directory 'Diag': '/home/jenny/tensorflow-mri/actions-runner/_diag'
[2025-03-18 11:47:11Z INFO HostContext] Well known directory 'Bin': '/home/jenny/tensorflow-mri/actions-runner/bin'
[2025-03-18 11:47:11Z INFO HostContext] Well known directory 'Root': '/home/jenny/tensorflow-mri/actions-runner'
[2025-03-18 11:47:11Z INFO HostContext] Well known directory 'Diag': '/home/jenny/tensorflow-mri/actions-runner/_diag'
[2025-03-18 11:47:11Z INFO JobExtension] Initialize Env context
[2025-03-18 11:47:11Z INFO JobExtension] Initialize steps context
[2025-03-18 11:47:11Z INFO JobExtension] Total accessible running process: 975.
[2025-03-18 11:47:11Z INFO JobServerQueue] Try to upload 1 log files or attachments, success rate: 1/1.
[2025-03-18 11:47:11Z INFO JobExtension] Inspecting process environment variables. PID: 649 (kworker/23:1H-events_highpri)
[2025-03-18 11:47:11Z INFO LinuxProcessExtensions] Read env from /proc/649/environ
[2025-03-18 11:47:11Z WARN JobExtension] Ignore exception during read process environment variables: Access to the path '/proc/649/environ' is denied.
[2025-03-18 11:47:11Z INFO JobExtension] Inspecting process environment variables. PID: 444238 (kworker/28:0-rcu_par_gp)
[2025-03-18 11:47:11Z INFO LinuxProcessExtensions] Read env from /proc/444238/environ
[2025-03-18 11:47:11Z WARN JobExtension] Ignore exception during read process environment variables: Access to the path '/proc/444238/environ' is denied.
[2025-03-18 11:47:11Z INFO JobExtension] Inspecting process environment variables. PID: 483585 (kworker/27:0-rcu_par_gp)
[2025-03-18 11:47:11Z INFO LinuxProcessExtensions] Read env from /proc/483585/environ
[2025-03-18 11:47:11Z WARN JobExtension] Ignore exception during read process environment variables: Access to the path '/proc/483585/environ' is denied.
[2025-03-18 11:47:11Z INFO JobExtension] Inspecting process environment variables. PID: 759630 (kworker/27:1-rcu_gp)
[2025-03-18 11:47:11Z INFO LinuxProcessExtensions] Read env from /proc/759630/environ
[2025-03-18 11:47:11Z WARN JobExtension] Ignore exception during read process environment variables: Access to the path '/proc/759630/environ' is denied.
[2025-03-18 11:47:11Z INFO JobExtension] Inspecting process environment variables. PID: 767596 (kworker/35:1-rcu_par_gp)
[2025-03-18 11:47:11Z INFO LinuxProcessExtensions] Read env from /proc/767596/environ
[2025-03-18 11:47:11Z WARN JobExtension] Ignore exception during read process environment variables: Access to the path '/proc/767596/environ' is denied.
[2025-03-18 11:47:11Z INFO JobExtension] Inspecting process environment variables. PID: 780116 (kworker/23:2-rcu_par_gp)
[2025-03-18 11:47:11Z INFO LinuxProcessExtensions] Read env from /proc/780116/environ
[2025-03-18 11:47:11Z WARN JobExtension] Ignore exception during read process environment variables: Access to the path '/proc/780116/environ' is denied.
[2025-03-18 11:47:11Z INFO JobExtension] Inspecting process environment variables. PID: 781993 (kworker/3:1-events)
[2025-03-18 11:47:11Z INFO LinuxProcessExtensions] Read env from /proc/781993/environ
[2025-03-18 11:47:11Z WARN JobExtension] Ignore exception during read process environment variables: Access to the path '/proc/781993/environ' is denied.
[2025-03-18 11:47:11Z INFO JobExtension] Inspecting process environment variables. PID: 786705 (kworker/16:2-events)
[2025-03-18 11:47:11Z INFO LinuxProcessExtensions] Read env from /proc/786705/environ
[2025-03-18 11:47:11Z WARN JobExtension] Ignore exception during read process environment variables: Access to the path '/proc/786705/environ' is denied.
[2025-03-18 11:47:11Z INFO JobExtension] Inspecting process environment variables. PID: 798628 (kworker/22:2-rcu_par_gp)
[2025-03-18 11:47:11Z INFO LinuxProcessExtensions] Read env from /proc/798628/environ
[2025-03-18 11:47:11Z WARN JobExtension] Ignore exception during read process environment variables: Access to the path '/proc/798628/environ' is denied.
[2025-03-18 11:47:11Z INFO JobExtension] Inspecting process environment variables. PID: 799470 (kworker/24:1-events)
[2025-03-18 11:47:11Z INFO LinuxProcessExtensions] Read env from /proc/799470/environ
[2025-03-18 11:47:11Z WARN JobExtension] Ignore exception during read process environment variables: Access to the path '/proc/799470/environ' is denied.
[2025-03-18 11:47:11Z INFO JobExtension] Inspecting process environment variables. PID: 830431 (kworker/u72:1-writeback)
[2025-03-18 11:47:11Z INFO LinuxProcessExtensions] Read env from /proc/830431/environ
[2025-03-18 11:47:11Z WARN JobExtension] Ignore exception during read process environment variables: Access to the path '/proc/830431/environ' is denied.
[2025-03-18 11:47:11Z INFO JobExtension] Inspecting process environment variables. PID: 830838 (kworker/18:2-events)
[2025-03-18 11:47:11Z INFO LinuxProcessExtensions] Read env from /proc/830838/environ
[2025-03-18 11:47:11Z WARN JobExtension] Ignore exception during read process environment variables: Access to the path '/proc/830838/environ' is denied.
[2025-03-18 11:47:11Z INFO JobExtension] Inspecting process environment variables. PID: 834917 (kworker/8:1-rcu_gp)
[2025-03-18 11:47:11Z INFO LinuxProcessExtensions] Read env from /proc/834917/environ
[2025-03-18 11:47:11Z WARN JobExtension] Ignore exception during read process environment variables: Access to the path '/proc/834917/environ' is denied.
[2025-03-18 11:47:11Z INFO JobExtension] Inspecting process environment variables. PID: 836260 (kworker/u72:2-ext4-rsv-conversion)
[2025-03-18 11:47:11Z INFO LinuxProcessExtensions] Read env from /proc/836260/environ
[2025-03-18 11:47:11Z WARN JobExtension] Ignore exception during read process environment variables: Access to the path '/proc/836260/environ' is denied.
[2025-03-18 11:47:11Z INFO JobExtension] Inspecting process environment variables. PID: 836486 (kworker/17:0-rcu_par_gp)
[2025-03-18 11:47:11Z INFO LinuxProcessExtensions] Read env from /proc/836486/environ
[2025-03-18 11:47:11Z WARN JobExtension] Ignore exception during read process environment variables: Access to the path '/proc/836486/environ' is denied.
[2025-03-18 11:47:11Z INFO JobExtension] Inspecting process environment variables. PID: 838150 (kworker/6:0-cgroup_destroy)
[2025-03-18 11:47:11Z INFO LinuxProcessExtensions] Read env from /proc/838150/environ
[2025-03-18 11:47:11Z WARN JobExtension] Ignore exception during read process environment variables: Access to the path '/proc/838150/environ' is denied.
[2025-03-18 11:47:11Z INFO JobExtension] Inspecting process environment variables. PID: 838433 (kworker/0:0-cgroup_destroy)
[2025-03-18 11:47:11Z INFO LinuxProcessExtensions] Read env from /proc/838433/environ
[2025-03-18 11:47:11Z WARN JobExtension] Ignore exception during read process environment variables: Access to the path '/proc/838433/environ' is denied.
[2025-03-18 11:47:11Z INFO JobExtension] Inspecting process environment variables. PID: 838580 (kworker/32:0-rcu_gp)
[2025-03-18 11:47:11Z INFO LinuxProcessExtensions] Read env from /proc/838580/environ
[2025-03-18 11:47:11Z WARN JobExtension] Ignore exception during read process environment variables: Access to the path '/proc/838580/environ' is denied.
[2025-03-18 11:47:11Z INFO JobExtension] Inspecting process environment variables. PID: 840053 (kworker/7:1-rcu_gp)
[2025-03-18 11:47:11Z INFO LinuxProcessExtensions] Read env from /proc/840053/environ
[2025-03-18 11:47:11Z WARN JobExtension] Ignore exception during read process environment variables: Access to the path '/proc/840053/environ' is denied.
[2025-03-18 11:47:11Z INFO JobExtension] Inspecting process environment variables. PID: 840066 (kworker/22:1-rcu_par_gp)
[2025-03-18 11:47:11Z INFO LinuxProcessExtensions] Read env from /proc/840066/environ
[2025-03-18 11:47:11Z WARN JobExtension] Ignore exception during read process environment variables: Access to the path '/proc/840066/environ' is denied.
[2025-03-18 11:47:11Z INFO JobExtension] Inspecting process environment variables. PID: 840078 (kworker/2:0-events)
[2025-03-18 11:47:11Z INFO LinuxProcessExtensions] Read env from /proc/840078/environ
[2025-03-18 11:47:11Z WARN JobExtension] Ignore exception during read process environment variables: Access to the path '/proc/840078/environ' is denied.
[2025-03-18 11:47:11Z INFO JobExtension] Inspecting process environment variables. PID: 840094 (kworker/23:1-rcu_par_gp)
[2025-03-18 11:47:11Z INFO LinuxProcessExtensions] Read env from /proc/840094/environ
[2025-03-18 11:47:11Z WARN JobExtension] Ignore exception during read process environment variables: Access to the path '/proc/840094/environ' is denied.
[2025-03-18 11:47:11Z INFO JobExtension] Inspecting process environment variables. PID: 840096 (kworker/9:1-rcu_par_gp)
[2025-03-18 11:47:11Z INFO LinuxProcessExtensions] Read env from /proc/840096/environ
[2025-03-18 11:47:11Z WARN JobExtension] Ignore exception during read process environment variables: Access to the path '/proc/840096/environ' is denied.
[2025-03-18 11:47:11Z INFO JobExtension] Inspecting process environment variables. PID: 840332 (kworker/u72:3-ext4-rsv-conversion)
[2025-03-18 11:47:11Z INFO LinuxProcessExtensions] Read env from /proc/840332/environ
[2025-03-18 11:47:11Z WARN JobExtension] Ignore exception during read process environment variables: Access to the path '/proc/840332/environ' is denied.
[2025-03-18 11:47:11Z INFO JobExtension] Inspecting process environment variables. PID: 840334 (kworker/20:2-events)
[2025-03-18 11:47:11Z INFO LinuxProcessExtensions] Read env from /proc/840334/environ
[2025-03-18 11:47:11Z WARN JobExtension] Ignore exception during read process environment variables: Access to the path '/proc/840334/environ' is denied.
[2025-03-18 11:47:11Z INFO JobExtension] Inspecting process environment variables. PID: 840483 (kworker/21:1-cgroup_destroy)
[2025-03-18 11:47:11Z INFO LinuxProcessExtensions] Read env from /proc/840483/environ
[2025-03-18 11:47:11Z WARN JobExtension] Ignore exception during read process environment variables: Access to the path '/proc/840483/environ' is denied.
[2025-03-18 11:47:11Z INFO JobExtension] Inspecting process environment variables. PID: 840643 (kworker/35:0-rcu_par_gp)
[2025-03-18 11:47:11Z INFO LinuxProcessExtensions] Read env from /proc/840643/environ
[2025-03-18 11:47:11Z WARN JobExtension] Ignore exception during read process environment variables: Access to the path '/proc/840643/environ' is denied.
[2025-03-18 11:47:11Z INFO JobExtension] Inspecting process environment variables. PID: 840681 (kworker/30:1-rcu_par_gp)
[2025-03-18 11:47:11Z INFO LinuxProcessExtensions] Read env from /proc/840681/environ
[2025-03-18 11:47:11Z WARN JobExtension] Ignore exception during read process environment variables: Access to the path '/proc/840681/environ' is denied.
[2025-03-18 11:47:11Z INFO JobExtension] Inspecting process environment variables. PID: 840785 (kworker/33:1-rcu_par_gp)
[2025-03-18 11:47:11Z INFO LinuxProcessExtensions] Read env from /proc/840785/environ
[2025-03-18 11:47:11Z WARN JobExtension] Ignore exception during read process environment variables: Access to the path '/proc/840785/environ' is denied.
[2025-03-18 11:47:11Z INFO JobExtension] Inspecting process environment variables. PID: 947108 (kworker/30:0-events)
[2025-03-18 11:47:11Z INFO LinuxProcessExtensions] Read env from /proc/947108/environ
[2025-03-18 11:47:11Z WARN JobExtension] Ignore exception during read process environment variables: Access to the path '/proc/947108/environ' is denied.
[2025-03-18 11:47:11Z INFO JobExtension] Inspecting process environment variables. PID: 947254 (kworker/15:1-rcu_par_gp)
[2025-03-18 11:47:11Z INFO LinuxProcessExtensions] Read env from /proc/947254/environ
[2025-03-18 11:47:11Z WARN JobExtension] Ignore exception during read process environment variables: Access to the path '/proc/947254/environ' is denied.
[2025-03-18 11:47:11Z INFO JobExtension] Inspecting process environment variables. PID: 947255 (kworker/5:0-rcu_par_gp)
[2025-03-18 11:47:11Z INFO LinuxProcessExtensions] Read env from /proc/947255/environ
[2025-03-18 11:47:11Z WARN JobExtension] Ignore exception during read process environment variables: Access to the path '/proc/947255/environ' is denied.
[2025-03-18 11:47:11Z INFO JobExtension] Inspecting process environment variables. PID: 947256 (kworker/26:1-rcu_par_gp)
[2025-03-18 11:47:11Z INFO LinuxProcessExtensions] Read env from /proc/947256/environ
[2025-03-18 11:47:11Z WARN JobExtension] Ignore exception during read process environment variables: Access to the path '/proc/947256/environ' is denied.
[2025-03-18 11:47:11Z INFO JobExtension] Inspecting process environment variables. PID: 947257 (kworker/12:2-cgroup_destroy)
[2025-03-18 11:47:11Z INFO LinuxProcessExtensions] Read env from /proc/947257/environ
[2025-03-18 11:47:11Z WARN JobExtension] Ignore exception during read process environment variables: Access to the path '/proc/947257/environ' is denied.
[2025-03-18 11:47:11Z INFO JobExtension] Inspecting process environment variables. PID: 947260 (kworker/10:0-events)
[2025-03-18 11:47:11Z INFO LinuxProcessExtensions] Read env from /proc/947260/environ
[2025-03-18 11:47:11Z WARN JobExtension] Ignore exception during read process environment variables: Access to the path '/proc/947260/environ' is denied.
[2025-03-18 11:47:11Z INFO JobExtension] Inspecting process environment variables. PID: 948655 (kworker/8:0-rcu_par_gp)
[2025-03-18 11:47:11Z INFO LinuxProcessExtensions] Read env from /proc/948655/environ
[2025-03-18 11:47:11Z WARN JobExtension] Ignore exception during read process environment variables: Access to the path '/proc/948655/environ' is denied.
[2025-03-18 11:47:11Z INFO JobExtension] Inspecting process environment variables. PID: 948706 (kworker/34:0-mm_percpu_wq)
[2025-03-18 11:47:11Z INFO LinuxProcessExtensions] Read env from /proc/948706/environ
[2025-03-18 11:47:11Z WARN JobExtension] Ignore exception during read process environment variables: Access to the path '/proc/948706/environ' is denied.
[2025-03-18 11:47:11Z INFO JobExtension] Inspecting process environment variables. PID: 949228 (kworker/7:2-rcu_par_gp)
[2025-03-18 11:47:11Z INFO LinuxProcessExtensions] Read env from /proc/949228/environ
[2025-03-18 11:47:11Z WARN JobExtension] Ignore exception during read process environment variables: Access to the path '/proc/949228/environ' is denied.
[2025-03-18 11:47:11Z INFO JobExtension] Inspecting process environment variables. PID: 951103 (kworker/4:1-rcu_par_gp)
[2025-03-18 11:47:11Z INFO LinuxProcessExtensions] Read env from /proc/951103/environ
[2025-03-18 11:47:11Z WARN JobExtension] Ignore exception during read process environment variables: Access to the path '/proc/951103/environ' is denied.
[2025-03-18 11:47:11Z INFO JobExtension] Inspecting process environment variables. PID: 951269 (kworker/2:1-cgroup_destroy)
[2025-03-18 11:47:11Z INFO LinuxProcessExtensions] Read env from /proc/951269/environ
[2025-03-18 11:47:11Z WARN JobExtension] Ignore exception during read process environment variables: Access to the path '/proc/951269/environ' is denied.
[2025-03-18 11:47:11Z INFO JobExtension] Inspecting process environment variables. PID: 951478 (kworker/21:2-events)
[2025-03-18 11:47:11Z INFO LinuxProcessExtensions] Read env from /proc/951478/environ
[2025-03-18 11:47:11Z WARN JobExtension] Ignore exception during read process environment variables: Access to the path '/proc/951478/environ' is denied.
[2025-03-18 11:47:11Z INFO JobExtension] Inspecting process environment variables. PID: 951971 (kworker/14:2-events)
[2025-03-18 11:47:11Z INFO LinuxProcessExtensions] Read env from /proc/951971/environ
[2025-03-18 11:47:11Z WARN JobExtension] Ignore exception during read process environment variables: Access to the path '/proc/951971/environ' is denied.
[2025-03-18 11:47:11Z INFO JobExtension] Inspecting process environment variables. PID: 952025 (kworker/3:3-events)
[2025-03-18 11:47:11Z INFO LinuxProcessExtensions] Read env from /proc/952025/environ
[2025-03-18 11:47:11Z WARN JobExtension] Ignore exception during read process environment variables: Access to the path '/proc/952025/environ' is denied.
[2025-03-18 11:47:11Z INFO JobExtension] Inspecting process environment variables. PID: 952031 (kworker/26:0-events)
[2025-03-18 11:47:11Z INFO LinuxProcessExtensions] Read env from /proc/952031/environ
[2025-03-18 11:47:11Z WARN JobExtension] Ignore exception during read process environment variables: Access to the path '/proc/952031/environ' is denied.
[2025-03-18 11:47:11Z INFO JobExtension] Inspecting process environment variables. PID: 952032 (kworker/5:1-mm_percpu_wq)
[2025-03-18 11:47:11Z INFO LinuxProcessExtensions] Read env from /proc/952032/environ
[2025-03-18 11:47:11Z WARN JobExtension] Ignore exception during read process environment variables: Access to the path '/proc/952032/environ' is denied.
[2025-03-18 11:47:11Z INFO JobExtension] Inspecting process environment variables. PID: 952033 (kworker/12:1-mm_percpu_wq)
[2025-03-18 11:47:11Z INFO LinuxProcessExtensions] Read env from /proc/952033/environ
[2025-03-18 11:47:11Z WARN JobExtension] Ignore exception during read process environment variables: Access to the path '/proc/952033/environ' is denied.
[2025-03-18 11:47:11Z INFO JobExtension] Inspecting process environment variables. PID: 952603 (kworker/17:2-events)
[2025-03-18 11:47:11Z INFO LinuxProcessExtensions] Read env from /proc/952603/environ
[2025-03-18 11:47:11Z WARN JobExtension] Ignore exception during read process environment variables: Access to the path '/proc/952603/environ' is denied.
[2025-03-18 11:47:11Z INFO JobExtension] Inspecting process environment variables. PID: 952612 (kworker/10:1-events)
[2025-03-18 11:47:11Z INFO LinuxProcessExtensions] Read env from /proc/952612/environ
[2025-03-18 11:47:11Z WARN JobExtension] Ignore exception during read process environment variables: Access to the path '/proc/952612/environ' is denied.
[2025-03-18 11:47:11Z INFO JobExtension] Inspecting process environment variables. PID: 992099 (kworker/11:0-rcu_par_gp)
[2025-03-18 11:47:11Z INFO LinuxProcessExtensions] Read env from /proc/992099/environ
[2025-03-18 11:47:11Z WARN JobExtension] Ignore exception during read process environment variables: Access to the path '/proc/992099/environ' is denied.
[2025-03-18 11:47:11Z INFO JobExtension] Inspecting process environment variables. PID: 992634 (condor_starter)
[2025-03-18 11:47:11Z INFO LinuxProcessExtensions] Read env from /proc/992634/environ
[2025-03-18 11:47:11Z WARN JobExtension] Ignore exception during read process environment variables: Access to the path '/proc/992634/environ' is denied.
[2025-03-18 11:47:11Z INFO JobExtension] Inspecting process environment variables. PID: 992640 (docker)
[2025-03-18 11:47:11Z INFO LinuxProcessExtensions] Read env from /proc/992640/environ
[2025-03-18 11:47:11Z WARN JobExtension] Ignore exception during read process environment variables: Access to the path '/proc/992640/environ' is denied.
[2025-03-18 11:47:11Z INFO JobExtension] Inspecting process environment variables. PID: 992660 (docker-compose)
[2025-03-18 11:47:11Z INFO LinuxProcessExtensions] Read env from /proc/992660/environ
[2025-03-18 11:47:11Z WARN JobExtension] Ignore exception during read process environment variables: Access to the path '/proc/992660/environ' is denied.
[2025-03-18 11:47:11Z INFO JobExtension] Inspecting process environment variables. PID: 992717 (kworker/33:2-mm_percpu_wq)
[2025-03-18 11:47:11Z INFO LinuxProcessExtensions] Read env from /proc/992717/environ
[2025-03-18 11:47:11Z WARN JobExtension] Ignore exception during read process environment variables: Access to the path '/proc/992717/environ' is denied.
[2025-03-18 11:47:11Z INFO JobExtension] Inspecting process environment variables. PID: 992722 (kworker/25:2-mm_percpu_wq)
[2025-03-18 11:47:11Z INFO LinuxProcessExtensions] Read env from /proc/992722/environ
[2025-03-18 11:47:11Z WARN JobExtension] Ignore exception during read process environment variables: Access to the path '/proc/992722/environ' is denied.
[2025-03-18 11:47:11Z INFO JobExtension] Inspecting process environment variables. PID: 992875 (kworker/18:0-events)
[2025-03-18 11:47:11Z INFO LinuxProcessExtensions] Read env from /proc/992875/environ
[2025-03-18 11:47:11Z WARN JobExtension] Ignore exception during read process environment variables: Access to the path '/proc/992875/environ' is denied.
[2025-03-18 11:47:11Z INFO JobExtension] Inspecting process environment variables. PID: 992876 (kworker/15:2-events)
[2025-03-18 11:47:11Z INFO LinuxProcessExtensions] Read env from /proc/992876/environ
[2025-03-18 11:47:11Z WARN JobExtension] Ignore exception during read process environment variables: Access to the path '/proc/992876/environ' is denied.
[2025-03-18 11:47:11Z INFO JobExtension] Inspecting process environment variables. PID: 993005 (kworker/1:2)
[2025-03-18 11:47:11Z INFO LinuxProcessExtensions] Read env from /proc/993005/environ
[2025-03-18 11:47:11Z WARN JobExtension] Ignore exception during read process environment variables: Access to the path '/proc/993005/environ' is denied.
[2025-03-18 11:47:11Z INFO JobExtension] Inspecting process environment variables. PID: 993006 (kworker/19:0-events)
[2025-03-18 11:47:11Z INFO LinuxProcessExtensions] Read env from /proc/993006/environ
[2025-03-18 11:47:11Z WARN JobExtension] Ignore exception during read process environment variables: Access to the path '/proc/993006/environ' is denied.
[2025-03-18 11:47:11Z INFO JobExtension] Inspecting process environment variables. PID: 1004116 (kworker/21:0-events)
[2025-03-18 11:47:11Z INFO LinuxProcessExtensions] Read env from /proc/1004116/environ
[2025-03-18 11:47:11Z WARN JobExtension] Ignore exception during read process environment variables: Access to the path '/proc/1004116/environ' is denied.
[2025-03-18 11:47:11Z INFO JobExtension] Inspecting process environment variables. PID: 1004270 (kworker/16:1-events)
[2025-03-18 11:47:11Z INFO LinuxProcessExtensions] Read env from /proc/1004270/environ
[2025-03-18 11:47:11Z WARN JobExtension] Ignore exception during read process environment variables: Access to the path '/proc/1004270/environ' is denied.
[2025-03-18 11:47:11Z INFO JobExtension] Inspecting process environment variables. PID: 1004511 (kworker/14:0-events)
[2025-03-18 11:47:11Z INFO LinuxProcessExtensions] Read env from /proc/1004511/environ
[2025-03-18 11:47:11Z WARN JobExtension] Ignore exception during read process environment variables: Access to the path '/proc/1004511/environ' is denied.
[2025-03-18 11:47:11Z INFO JobExtension] Inspecting process environment variables. PID: 1004795 (kworker/9:0-rcu_par_gp)
[2025-03-18 11:47:11Z INFO LinuxProcessExtensions] Read env from /proc/1004795/environ
[2025-03-18 11:47:11Z WARN JobExtension] Ignore exception during read process environment variables: Access to the path '/proc/1004795/environ' is denied.
[2025-03-18 11:47:11Z INFO JobExtension] Inspecting process environment variables. PID: 1004979 (kworker/0:2-events)
[2025-03-18 11:47:11Z INFO LinuxProcessExtensions] Read env from /proc/1004979/environ
[2025-03-18 11:47:11Z WARN JobExtension] Ignore exception during read process environment variables: Access to the path '/proc/1004979/environ' is denied.
[2025-03-18 11:47:11Z INFO JobExtension] Inspecting process environment variables. PID: 1007132 (kworker/6:2-events)
[2025-03-18 11:47:11Z INFO LinuxProcessExtensions] Read env from /proc/1007132/environ
[2025-03-18 11:47:11Z WARN JobExtension] Ignore exception during read process environment variables: Access to the path '/proc/1007132/environ' is denied.
[2025-03-18 11:47:11Z INFO JobExtension] Inspecting process environment variables. PID: 1007832 (condor_starter)
[2025-03-18 11:47:11Z INFO LinuxProcessExtensions] Read env from /proc/1007832/environ
[2025-03-18 11:47:11Z WARN JobExtension] Ignore exception during read process environment variables: Access to the path '/proc/1007832/environ' is denied.
[2025-03-18 11:47:11Z INFO JobExtension] Inspecting process environment variables. PID: 1008546 (docker)
[2025-03-18 11:47:11Z INFO LinuxProcessExtensions] Read env from /proc/1008546/environ
[2025-03-18 11:47:11Z WARN JobExtension] Ignore exception during read process environment variables: Access to the path '/proc/1008546/environ' is denied.
[2025-03-18 11:47:11Z INFO JobExtension] Inspecting process environment variables. PID: 1008563 (docker-compose)
[2025-03-18 11:47:11Z INFO LinuxProcessExtensions] Read env from /proc/1008563/environ
[2025-03-18 11:47:11Z WARN JobExtension] Ignore exception during read process environment variables: Access to the path '/proc/1008563/environ' is denied.
[2025-03-18 11:47:11Z INFO JobExtension] Inspecting process environment variables. PID: 1008690 (kworker/30:2-rcu_par_gp)
[2025-03-18 11:47:11Z INFO LinuxProcessExtensions] Read env from /proc/1008690/environ
[2025-03-18 11:47:11Z WARN JobExtension] Ignore exception during read process environment variables: Access to the path '/proc/1008690/environ' is denied.
[2025-03-18 11:47:11Z INFO JobExtension] Inspecting process environment variables. PID: 1008883 (kworker/20:1)
[2025-03-18 11:47:11Z INFO LinuxProcessExtensions] Read env from /proc/1008883/environ
[2025-03-18 11:47:11Z WARN JobExtension] Ignore exception during read process environment variables: Access to the path '/proc/1008883/environ' is denied.
[2025-03-18 11:47:11Z INFO JobExtension] Inspecting process environment variables. PID: 1008955 (kworker/32:2-mm_percpu_wq)
[2025-03-18 11:47:11Z INFO LinuxProcessExtensions] Read env from /proc/1008955/environ
[2025-03-18 11:47:11Z WARN JobExtension] Ignore exception during read process environment variables: Access to the path '/proc/1008955/environ' is denied.
[2025-03-18 11:47:11Z INFO JobExtension] Inspecting process environment variables. PID: 1008956 (kworker/u72:0-ext4-rsv-conversion)
[2025-03-18 11:47:11Z INFO LinuxProcessExtensions] Read env from /proc/1008956/environ
[2025-03-18 11:47:11Z WARN JobExtension] Ignore exception during read process environment variables: Access to the path '/proc/1008956/environ' is denied.
[2025-03-18 11:47:11Z INFO JobExtension] Inspecting process environment variables. PID: 1008957 (kworker/5:2-rcu_par_gp)
[2025-03-18 11:47:11Z INFO LinuxProcessExtensions] Read env from /proc/1008957/environ
[2025-03-18 11:47:11Z WARN JobExtension] Ignore exception during read process environment variables: Access to the path '/proc/1008957/environ' is denied.
[2025-03-18 11:47:11Z INFO JobExtension] Inspecting process environment variables. PID: 1012088 (kworker/26:2-events)
[2025-03-18 11:47:11Z INFO LinuxProcessExtensions] Read env from /proc/1012088/environ
[2025-03-18 11:47:11Z WARN JobExtension] Ignore exception during read process environment variables: Access to the path '/proc/1012088/environ' is denied.
[2025-03-18 11:47:11Z INFO JobExtension] Inspecting process environment variables. PID: 1013222 (kworker/22:0-mm_percpu_wq)
[2025-03-18 11:47:11Z INFO LinuxProcessExtensions] Read env from /proc/1013222/environ
[2025-03-18 11:47:11Z WARN JobExtension] Ignore exception during read process environment variables: Access to the path '/proc/1013222/environ' is denied.
[2025-03-18 11:47:11Z INFO JobExtension] Inspecting process environment variables. PID: 1013513 (kworker/8:2-mm_percpu_wq)
[2025-03-18 11:47:11Z INFO LinuxProcessExtensions] Read env from /proc/1013513/environ
[2025-03-18 11:47:11Z WARN JobExtension] Ignore exception during read process environment variables: Access to the path '/proc/1013513/environ' is denied.
[2025-03-18 11:47:11Z INFO JobExtension] Inspecting process environment variables. PID: 1013514 (kworker/28:1-events)
[2025-03-18 11:47:11Z INFO LinuxProcessExtensions] Read env from /proc/1013514/environ
[2025-03-18 11:47:11Z WARN JobExtension] Ignore exception during read process environment variables: Access to the path '/proc/1013514/environ' is denied.
[2025-03-18 11:47:11Z INFO JobExtension] Inspecting process environment variables. PID: 1013678 (kworker/9:3-rcu_par_gp)
[2025-03-18 11:47:11Z INFO LinuxProcessExtensions] Read env from /proc/1013678/environ
[2025-03-18 11:47:11Z WARN JobExtension] Ignore exception during read process environment variables: Access to the path '/proc/1013678/environ' is denied.
[2025-03-18 11:47:11Z INFO JobExtension] Inspecting process environment variables. PID: 1013812 (kworker/4:2-rcu_par_gp)
[2025-03-18 11:47:11Z INFO LinuxProcessExtensions] Read env from /proc/1013812/environ
[2025-03-18 11:47:11Z WARN JobExtension] Ignore exception during read process environment variables: Access to the path '/proc/1013812/environ' is denied.
[2025-03-18 11:47:11Z INFO JobExtension] Inspecting process environment variables. PID: 1013845 (kworker/17:1-mm_percpu_wq)
[2025-03-18 11:47:11Z INFO LinuxProcessExtensions] Read env from /proc/1013845/environ
[2025-03-18 11:47:11Z WARN JobExtension] Ignore exception during read process environment variables: Access to the path '/proc/1013845/environ' is denied.
[2025-03-18 11:47:11Z INFO JobExtension] Inspecting process environment variables. PID: 1013972 (containerd-shim-runc-v2)
[2025-03-18 11:47:11Z INFO LinuxProcessExtensions] Read env from /proc/1013972/environ
[2025-03-18 11:47:11Z WARN JobExtension] Ignore exception during read process environment variables: Access to the path '/proc/1013972/environ' is denied.
[2025-03-18 11:47:11Z INFO JobExtension] Inspecting process environment variables. PID: 1014092 (kworker/7:0-mm_percpu_wq)
[2025-03-18 11:47:11Z INFO LinuxProcessExtensions] Read env from /proc/1014092/environ
[2025-03-18 11:47:11Z WARN JobExtension] Ignore exception during read process environment variables: Access to the path '/proc/1014092/environ' is denied.
[2025-03-18 11:47:11Z INFO JobExtension] Inspecting process environment variables. PID: 1014095 (python)
[2025-03-18 11:47:11Z INFO LinuxProcessExtensions] Read env from /proc/1014095/environ
[2025-03-18 11:47:11Z WARN JobExtension] Ignore exception during read process environment variables: Access to the path '/proc/1014095/environ' is denied.
[2025-03-18 11:47:11Z INFO JobExtension] Inspecting process environment variables. PID: 1014157 (kworker/27:2-mm_percpu_wq)
[2025-03-18 11:47:11Z INFO LinuxProcessExtensions] Read env from /proc/1014157/environ
[2025-03-18 11:47:11Z WARN JobExtension] Ignore exception during read process environment variables: Access to the path '/proc/1014157/environ' is denied.
[2025-03-18 11:47:11Z INFO JobExtension] Inspecting process environment variables. PID: 1014158 (kworker/2:2-events)
[2025-03-18 11:47:11Z INFO LinuxProcessExtensions] Read env from /proc/1014158/environ
[2025-03-18 11:47:11Z WARN JobExtension] Ignore exception during read process environment variables: Access to the path '/proc/1014158/environ' is denied.
[2025-03-18 11:47:11Z INFO JobExtension] Inspecting process environment variables. PID: 1025067 (vidmem lazy fre)
[2025-03-18 11:47:11Z INFO LinuxProcessExtensions] Read env from /proc/1025067/environ
[2025-03-18 11:47:11Z WARN JobExtension] Ignore exception during read process environment variables: Access to the path '/proc/1025067/environ' is denied.
[2025-03-18 11:47:11Z INFO JobExtension] Inspecting process environment variables. PID: 1025100 (UVM GPU1 BH)
[2025-03-18 11:47:11Z INFO LinuxProcessExtensions] Read env from /proc/1025100/environ
[2025-03-18 11:47:11Z WARN JobExtension] Ignore exception during read process environment variables: Access to the path '/proc/1025100/environ' is denied.
[2025-03-18 11:47:11Z INFO JobExtension] Inspecting process environment variables. PID: 1025101 (UVM GPU1 KC)
[2025-03-18 11:47:11Z INFO LinuxProcessExtensions] Read env from /proc/1025101/environ
[2025-03-18 11:47:11Z WARN JobExtension] Ignore exception during read process environment variables: Access to the path '/proc/1025101/environ' is denied.
[2025-03-18 11:47:11Z INFO JobExtension] Inspecting process environment variables. PID: 1059861 (sleep)
[2025-03-18 11:47:11Z INFO LinuxProcessExtensions] Read env from /proc/1059861/environ
[2025-03-18 11:47:11Z INFO JobExtension] Inspecting process environment variables. PID: 1061977 (kworker/23:0-mm_percpu_wq)
[2025-03-18 11:47:11Z INFO LinuxProcessExtensions] Read env from /proc/1061977/environ
[2025-03-18 11:47:11Z WARN JobExtension] Ignore exception during read process environment variables: Access to the path '/proc/1061977/environ' is denied.
[2025-03-18 11:47:11Z INFO JobExtension] Inspecting process environment variables. PID: 1062063 (kworker/33:0-events)
[2025-03-18 11:47:11Z INFO LinuxProcessExtensions] Read env from /proc/1062063/environ
[2025-03-18 11:47:11Z WARN JobExtension] Ignore exception during read process environment variables: Access to the path '/proc/1062063/environ' is denied.
[2025-03-18 11:47:11Z INFO JobExtension] Inspecting process environment variables. PID: 1062082 (kworker/35:2-mm_percpu_wq)
[2025-03-18 11:47:11Z INFO LinuxProcessExtensions] Read env from /proc/1062082/environ
[2025-03-18 11:47:11Z WARN JobExtension] Ignore exception during read process environment variables: Access to the path '/proc/1062082/environ' is denied.
[2025-03-18 11:47:11Z INFO JobExtension] Inspecting process environment variables. PID: 1062083 (kworker/19:2-rcu_par_gp)
[2025-03-18 11:47:11Z INFO LinuxProcessExtensions] Read env from /proc/1062083/environ
[2025-03-18 11:47:11Z INFO JobServerQueue] Got a step log file to send to results service.
[2025-03-18 11:47:11Z WARN JobExtension] Ignore exception during read process environment variables: Access to the path '/proc/1062083/environ' is denied.
[2025-03-18 11:47:11Z INFO JobServerQueue] Starting upload of step log file to results service ResultsLog, /home/jenny/tensorflow-mri/actions-runner/_diag/blocks/f9831e23-b408-4648-9cf3-bae7a143ca3d_adae739f-e4f1-42d0-8171-d498ef86f93d.1
[2025-03-18 11:47:11Z INFO JobExtension] Inspecting process environment variables. PID: 1062084 (systemd-udevd)
[2025-03-18 11:47:11Z INFO LinuxProcessExtensions] Read env from /proc/1062084/environ
[2025-03-18 11:47:11Z WARN JobExtension] Ignore exception during read process environment variables: Access to the path '/proc/1062084/environ' is denied.
[2025-03-18 11:47:11Z INFO JobExtension] Inspecting process environment variables. PID: 1062087 (kworker/23:3-rcu_par_gp)
[2025-03-18 11:47:11Z INFO LinuxProcessExtensions] Read env from /proc/1062087/environ
[2025-03-18 11:47:11Z WARN JobExtension] Ignore exception during read process environment variables: Access to the path '/proc/1062087/environ' is denied.
[2025-03-18 11:47:11Z INFO JobExtension] Inspecting process environment variables. PID: 1062090 (systemd-udevd)
[2025-03-18 11:47:11Z INFO LinuxProcessExtensions] Read env from /proc/1062090/environ
[2025-03-18 11:47:11Z WARN JobExtension] Ignore exception during read process environment variables: Access to the path '/proc/1062090/environ' is denied.
[2025-03-18 11:47:11Z INFO JobExtension] Inspecting process environment variables. PID: 1062091 (systemd-udevd)
[2025-03-18 11:47:11Z INFO LinuxProcessExtensions] Read env from /proc/1062091/environ
[2025-03-18 11:47:11Z WARN JobExtension] Ignore exception during read process environment variables: Access to the path '/proc/1062091/environ' is denied.
[2025-03-18 11:47:11Z INFO JobExtension] Inspecting process environment variables. PID: 1062092 (sleep)
[2025-03-18 11:47:11Z INFO LinuxProcessExtensions] Read env from /proc/1062092/environ
[2025-03-18 11:47:11Z WARN JobExtension] Ignore exception during read process environment variables: Access to the path '/proc/1062092/environ' is denied.
[2025-03-18 11:47:11Z INFO JobExtension] Inspecting process environment variables. PID: 1062102 (nm-dispatcher)
[2025-03-18 11:47:11Z INFO LinuxProcessExtensions] Read env from /proc/1062102/environ
[2025-03-18 11:47:11Z WARN JobExtension] Ignore exception during read process environment variables: Access to the path '/proc/1062102/environ' is denied.
[2025-03-18 11:47:11Z INFO JobExtension] Inspecting process environment variables. PID: 2228205 (kworker/28:2-rcu_par_gp)
[2025-03-18 11:47:11Z INFO LinuxProcessExtensions] Read env from /proc/2228205/environ
[2025-03-18 11:47:11Z WARN JobExtension] Ignore exception during read process environment variables: Access to the path '/proc/2228205/environ' is denied.
[2025-03-18 11:47:11Z INFO ExecutionContext] Publish step telemetry for current step {
  "action": "complete_job",
  "type": "runner",
  "stage": "Post",
  "stepId": "9f7b9f12-ae9f-4c7b-9006-2a1826f3d834",
  "result": "succeeded",
  "errorMessages": [],
  "executionTimeInSeconds": 1,
  "startTime": "2025-03-18T11:47:11.0224773Z",
  "finishTime": "2025-03-18T11:47:11.2085595Z"
}.
[2025-03-18 11:47:11Z INFO JobRunner] Job result after all job steps finish: Failed
[2025-03-18 11:47:11Z INFO JobRunner] Completing the job execution context.
[2025-03-18 11:47:11Z INFO JobRunner] Shutting down the job server queue.
[2025-03-18 11:47:11Z INFO JobServerQueue] Fire signal to shutdown all queues.
[2025-03-18 11:47:11Z INFO JobServerQueue] Got a step log file to send to results service.
[2025-03-18 11:47:11Z INFO JobServerQueue] Starting upload of step log file to results service ResultsLog, /home/jenny/tensorflow-mri/actions-runner/_diag/blocks/f9831e23-b408-4648-9cf3-bae7a143ca3d_5ea820de-50fa-4e49-8251-fb407beb5a72.1
[2025-03-18 11:47:11Z INFO JobServerQueue] Tried to upload 2 file(s) to results, success rate: 2/2.
[2025-03-18 11:47:12Z INFO JobServerQueue] All queue process task stopped.
[2025-03-18 11:47:12Z INFO JobServerQueue] Try to append 1 batches web console lines for record '5ea820de-50fa-4e49-8251-fb407beb5a72', success rate: 1/1.
[2025-03-18 11:47:12Z INFO JobServerQueue] Try to append 1 batches web console lines for record '9f7b9f12-ae9f-4c7b-9006-2a1826f3d834', success rate: 1/1.
[2025-03-18 11:47:12Z INFO JobServerQueue] Web console line queue drained.
[2025-03-18 11:47:12Z INFO JobServerQueue] Uploading 2 files in one shot.
[2025-03-18 11:47:12Z INFO JobServerQueue] Try to upload 2 log files or attachments, success rate: 2/2.
[2025-03-18 11:47:12Z INFO JobServerQueue] File upload queue drained.
[2025-03-18 11:47:12Z INFO JobServerQueue] Starting results-based upload queue...
[2025-03-18 11:47:12Z INFO JobServerQueue] Uploading 2 file(s) in one shot through results service.
[2025-03-18 11:47:12Z INFO JobServerQueue] Got a step log file to send to results service.
[2025-03-18 11:47:12Z INFO JobServerQueue] Starting upload of step log file to results service ResultsLog, /home/jenny/tensorflow-mri/actions-runner/_diag/blocks/f9831e23-b408-4648-9cf3-bae7a143ca3d_9f7b9f12-ae9f-4c7b-9006-2a1826f3d834.1
[2025-03-18 11:47:12Z INFO JobServerQueue] Got a job log file to send to results service.
[2025-03-18 11:47:12Z INFO JobServerQueue] Starting upload of job log file to results service ResultsLog, /home/jenny/tensorflow-mri/actions-runner/_diag/blocks/f9831e23-b408-4648-9cf3-bae7a143ca3d_19c20039-bbb4-5086-b8b6-587107183384.1
[2025-03-18 11:47:13Z INFO JobServerQueue] Tried to upload 2 file(s) to results, success rate: 2/2.
[2025-03-18 11:47:13Z INFO JobServerQueue] Results upload queue drained.
[2025-03-18 11:47:13Z INFO JobServerQueue] Timeline update queue drained.
[2025-03-18 11:47:13Z INFO JobServerQueue] Disposing job server ...
[2025-03-18 11:47:13Z INFO JobServerQueue] Disposing results server ...
[2025-03-18 11:47:13Z INFO JobServerQueue] All queue process tasks have been stopped, and all queues are drained.
[2025-03-18 11:47:13Z INFO TempDirectoryManager] Cleaning runner temp folder: /home/jenny/tensorflow-mri/actions-runner/_work/_temp
[2025-03-18 11:47:13Z ERR  TempDirectoryManager] System.IO.IOException: Access to the path '/home/jenny/tensorflow-mri/actions-runner/_work/_temp/_github_home/.config/matplotlib' is denied.
   at System.IO.FileSystem.RemoveEmptyDirectory(String fullPath, Boolean topLevel, Boolean throwWhenNotEmpty)
   at System.IO.DirectoryInfo.Delete()
   at GitHub.Runner.Sdk.IOUtil.DeleteDirectory(String path, Boolean contentsOnly, Boolean continueOnContentDeleteError, CancellationToken cancellationToken)
   at GitHub.Runner.Worker.TempDirectoryManager.CleanupTempDirectory()
[2025-03-18 11:47:13Z INFO HostContext] Well known directory 'Bin': '/home/jenny/tensorflow-mri/actions-runner/bin'
[2025-03-18 11:47:13Z INFO HostContext] Well known directory 'Root': '/home/jenny/tensorflow-mri/actions-runner'
[2025-03-18 11:47:13Z INFO HostContext] Well known directory 'Diag': '/home/jenny/tensorflow-mri/actions-runner/_diag'
[2025-03-18 11:47:13Z INFO HostContext] Well known config file 'Telemetry': '/home/jenny/tensorflow-mri/actions-runner/_diag/.telemetry'
[2025-03-18 11:47:13Z INFO JobRunner] Raising job completed against run service
[2025-03-18 11:47:14Z INFO Worker] Job completed.
