[2025-03-19 12:34:47Z INFO HostContext] No proxy settings were found based on environmental variables (http_proxy/https_proxy/HTTP_PROXY/HTTPS_PROXY)
[2025-03-19 12:34:47Z INFO HostContext] Well known directory 'Bin': '/home/jenny/tensorflow-mri/actions-runner/bin'
[2025-03-19 12:34:47Z INFO HostContext] Well known directory 'Root': '/home/jenny/tensorflow-mri/actions-runner'
[2025-03-19 12:34:47Z INFO HostContext] Well known config file 'Credentials': '/home/jenny/tensorflow-mri/actions-runner/.credentials'
[2025-03-19 12:34:47Z INFO HostContext] Well known directory 'Bin': '/home/jenny/tensorflow-mri/actions-runner/bin'
[2025-03-19 12:34:47Z INFO HostContext] Well known directory 'Root': '/home/jenny/tensorflow-mri/actions-runner'
[2025-03-19 12:34:47Z INFO HostContext] Well known config file 'Runner': '/home/jenny/tensorflow-mri/actions-runner/.runner'
[2025-03-19 12:34:47Z INFO Worker] Version: 2.322.0
[2025-03-19 12:34:47Z INFO Worker] Commit: 0edc478ca75d0a753dcbcec7405f3f26db67b1ac
[2025-03-19 12:34:47Z INFO Worker] Culture: en-GB
[2025-03-19 12:34:47Z INFO Worker] UI Culture: en-GB
[2025-03-19 12:34:47Z INFO Worker] Waiting to receive the job message from the channel.
[2025-03-19 12:34:47Z INFO ProcessChannel] Receiving message of length 26577, with hash '59095fb090fb67c4c85484a0f76f3072b1c1facdcaad734fd06f93dc35ca39af'
[2025-03-19 12:34:47Z INFO Worker] Message received.
[2025-03-19 12:34:47Z INFO Worker] Job message:
 {
  "environmentVariables": [
    {
      "type": 2,
      "file": 1,
      "line": 29,
      "col": 7,
      "map": [
        {
          "key": {
            "type": 0,
            "file": 1,
            "line": 29,
            "col": 7,
            "lit": "PYTHON"
          },
          "value": {
            "type": 3,
            "file": 1,
            "line": 29,
            "col": 15,
            "expr": "format('python{0}', matrix.py_version)"
          }
        }
      ]
    }
  ],
  "fileTable": [
    ".github/workflows/build-package.yml"
  ],
  "mask": [
    {
      "type": "regex",
      "value": "***"
    },
    {
      "type": "regex",
      "value": "***"
    },
    {
      "type": "regex",
      "value": "***"
    },
    {
      "type": "regex",
      "value": "***"
    },
    {
      "type": "regex",
      "value": "***"
    },
    {
      "type": "regex",
      "value": "***"
    },
    {
      "type": "regex",
      "value": "***"
    },
    {
      "type": "regex",
      "value": "***"
    },
    {
      "type": "regex",
      "value": "***"
    },
    {
      "type": "regex",
      "value": "***"
    },
    {
      "type": "regex",
      "value": "***"
    },
    {
      "type": "regex",
      "value": "***"
    },
    {
      "type": "regex",
      "value": "***"
    },
    {
      "type": "regex",
      "value": "***"
    },
    {
      "type": "regex",
      "value": "***"
    },
    {
      "type": "regex",
      "value": "***"
    },
    {
      "type": "regex",
      "value": "***"
    },
    {
      "type": "regex",
      "value": "***"
    }
  ],
  "steps": [
    {
      "type": "action",
      "reference": {
        "type": "repository",
        "name": "actions/checkout",
        "ref": "v4",
        "repositoryType": "GitHub"
      },
      "displayNameToken": {
        "type": 0,
        "file": 1,
        "line": 32,
        "col": 15,
        "lit": "Checkout code"
      },
      "contextName": "__actions_checkout",
      "condition": "success()",
      "id": "5e819ede-120b-473c-a633-3be4a6ffe3cb",
      "name": "__actions_checkout"
    },
    {
      "type": "action",
      "reference": {
        "type": "script"
      },
      "displayNameToken": {
        "type": 0,
        "file": 1,
        "line": 37,
        "col": 15,
        "lit": "Free Disk Space Before Build"
      },
      "contextName": "__run",
      "inputs": {
        "type": 2,
        "map": [
          {
            "key": "script",
            "value": {
              "type": 0,
              "file": 1,
              "line": 38,
              "col": 14,
              "lit": "echo \"Disk space before cleanup:\"\ndf -h\nsudo rm -rf /usr/local/.ghcup\nsudo rm -rf /opt/hostedtoolcache/CodeQL\nsudo rm -rf /usr/local/lib/android/sdk/ndk\nsudo rm -rf /usr/share/dotnet\nsudo rm -rf /opt/ghc\nsudo rm -rf /usr/local/share/boost\n\nsudo rm -rf \"$AGENT_TOOLSDIRECTORY\"\n\nsudo apt-get clean\necho \"Disk space after cleanup:\"\ndf -h\n"
            }
          }
        ]
      },
      "condition": "success()",
      "id": "a0283762-9f95-4c52-808b-c09af5b41a7b",
      "name": "__run"
    },
    {
      "type": "action",
      "reference": {
        "type": "script"
      },
      "displayNameToken": {
        "type": 0,
        "file": 1,
        "line": 54,
        "col": 15,
        "lit": "Lint code"
      },
      "contextName": "__run_2",
      "inputs": {
        "type": 2,
        "map": [
          {
            "key": "script",
            "value": {
              "type": 3,
              "file": 1,
              "line": 55,
              "col": 14,
              "expr": "format('make lint PY_VERSION={0}\n', matrix.py_version)"
            }
          }
        ]
      },
      "condition": "success()",
      "id": "47c6ce48-dabd-43bd-8b56-1db95352fc2d",
      "name": "__run_2"
    },
    {
      "type": "action",
      "reference": {
        "type": "script"
      },
      "displayNameToken": {
        "type": 0,
        "file": 1,
        "line": 58,
        "col": 15,
        "lit": "Compile shared library"
      },
      "contextName": "__run_3",
      "inputs": {
        "type": 2,
        "map": [
          {
            "key": "script",
            "value": {
              "type": 3,
              "file": 1,
              "line": 59,
              "col": 14,
              "expr": "format('make PY_VERSION={0} CXX=/dt9/usr/bin/g++\n', matrix.py_version)"
            }
          }
        ]
      },
      "condition": "success()",
      "id": "f5d6ff4d-c0e6-4fc0-b3be-17844c584fc7",
      "name": "__run_3"
    },
    {
      "type": "action",
      "reference": {
        "type": "script"
      },
      "displayNameToken": {
        "type": 0,
        "file": 1,
        "line": 62,
        "col": 15,
        "lit": "Install required packages"
      },
      "contextName": "__run_4",
      "inputs": {
        "type": 2,
        "map": [
          {
            "key": "script",
            "value": {
              "type": 0,
              "file": 1,
              "line": 63,
              "col": 14,
              "lit": "$PYTHON -m pip install --no-cache-dir -r requirements.txt\n"
            }
          }
        ]
      },
      "condition": "success()",
      "id": "37d6d998-07a7-45f8-929a-4d86f4f61ada",
      "name": "__run_4"
    },
    {
      "type": "action",
      "reference": {
        "type": "script"
      },
      "displayNameToken": {
        "type": 0,
        "file": 1,
        "line": 66,
        "col": 15,
        "lit": "Run test suite"
      },
      "contextName": "__run_5",
      "inputs": {
        "type": 2,
        "map": [
          {
            "key": "script",
            "value": {
              "type": 3,
              "file": 1,
              "line": 67,
              "col": 14,
              "expr": "format('make test PY_VERSION={0}\n', matrix.py_version)"
            }
          }
        ]
      },
      "condition": "success()",
      "id": "9c38652a-0129-442b-a4c2-b9c088369c0b",
      "name": "__run_5"
    },
    {
      "type": "action",
      "reference": {
        "type": "script"
      },
      "displayNameToken": {
        "type": 0,
        "file": 1,
        "line": 70,
        "col": 15,
        "lit": "Build wheel"
      },
      "contextName": "__run_6",
      "inputs": {
        "type": 2,
        "map": [
          {
            "key": "script",
            "value": {
              "type": 3,
              "file": 1,
              "line": 71,
              "col": 14,
              "expr": "format('make wheel PY_VERSION={0}\n', matrix.py_version)"
            }
          }
        ]
      },
      "condition": "success()",
      "id": "0530418d-7e71-4e07-bbc6-bcff1a2665de",
      "name": "__run_6"
    },
    {
      "type": "action",
      "reference": {
        "type": "script"
      },
      "displayNameToken": {
        "type": 0,
        "file": 1,
        "line": 74,
        "col": 15,
        "lit": "Build docs"
      },
      "contextName": "__run_7",
      "inputs": {
        "type": 2,
        "map": [
          {
            "key": "script",
            "value": {
              "type": 3,
              "file": 1,
              "line": 75,
              "col": 14,
              "expr": "format('make docs PY_VERSION={0}\n', matrix.py_version)"
            }
          }
        ]
      },
      "condition": "success()",
      "id": "e38de725-cb47-43fb-88c0-6788d11e4eed",
      "name": "__run_7"
    },
    {
      "type": "action",
      "reference": {
        "type": "repository",
        "name": "actions/upload-artifact",
        "ref": "v4",
        "repositoryType": "GitHub"
      },
      "displayNameToken": {
        "type": 0,
        "file": 1,
        "line": 78,
        "col": 15,
        "lit": "Upload wheel"
      },
      "contextName": "__actions_upload-artifact",
      "inputs": {
        "type": 2,
        "file": 1,
        "line": 82,
        "col": 11,
        "map": [
          {
            "key": {
              "type": 0,
              "file": 1,
              "line": 82,
              "col": 11,
              "lit": "name"
            },
            "value": {
              "type": 3,
              "file": 1,
              "line": 82,
              "col": 17,
              "expr": "format('wheel-py{0}', matrix.py_version)"
            }
          },
          {
            "key": {
              "type": 0,
              "file": 1,
              "line": 83,
              "col": 11,
              "lit": "path"
            },
            "value": {
              "type": 0,
              "file": 1,
              "line": 83,
              "col": 17,
              "lit": "./artifacts/*.whl"
            }
          }
        ]
      },
      "condition": "success() && (startsWith(github.ref, 'refs/tags'))",
      "id": "17ce2492-c17d-4a59-bed3-c3d7d8c29d40",
      "name": "__actions_upload-artifact"
    },
    {
      "type": "action",
      "reference": {
        "type": "repository",
        "name": "actions/upload-artifact",
        "ref": "v4",
        "repositoryType": "GitHub"
      },
      "displayNameToken": {
        "type": 0,
        "file": 1,
        "line": 85,
        "col": 15,
        "lit": "Upload docs"
      },
      "contextName": "__actions_upload-artifact_2",
      "inputs": {
        "type": 2,
        "file": 1,
        "line": 89,
        "col": 11,
        "map": [
          {
            "key": {
              "type": 0,
              "file": 1,
              "line": 89,
              "col": 11,
              "lit": "name"
            },
            "value": {
              "type": 0,
              "file": 1,
              "line": 89,
              "col": 17,
              "lit": "docs"
            }
          },
          {
            "key": {
              "type": 0,
              "file": 1,
              "line": 90,
              "col": 11,
              "lit": "path"
            },
            "value": {
              "type": 0,
              "file": 1,
              "line": 90,
              "col": 17,
              "lit": "./tools/docs/_build/dirhtml"
            }
          }
        ]
      },
      "condition": "success() && (startsWith(github.ref, 'refs/tags') && matrix.py_version == 3.9)",
      "id": "20bfa09a-7c3e-4c55-b2f9-ad069d8c0590",
      "name": "__actions_upload-artifact_2"
    },
    {
      "type": "action",
      "reference": {
        "type": "repository",
        "name": "pypa/gh-action-pypi-publish",
        "ref": "release/v1.7",
        "repositoryType": "GitHub"
      },
      "displayNameToken": {
        "type": 0,
        "file": 1,
        "line": 92,
        "col": 15,
        "lit": "Publish to Test PyPI"
      },
      "contextName": "__pypa_gh-action-pypi-publish",
      "inputs": {
        "type": 2,
        "file": 1,
        "line": 95,
        "col": 11,
        "map": [
          {
            "key": {
              "type": 0,
              "file": 1,
              "line": 95,
              "col": 11,
              "lit": "password"
            },
            "value": {
              "type": 3,
              "file": 1,
              "line": 95,
              "col": 21,
              "expr": "secrets.TEST_PYPI_API_TOKEN"
            }
          },
          {
            "key": {
              "type": 0,
              "file": 1,
              "line": 96,
              "col": 11,
              "lit": "repository-url"
            },
            "value": {
              "type": 0,
              "file": 1,
              "line": 96,
              "col": 27,
              "lit": "https://test.pypi.org/legacy/"
            }
          },
          {
            "key": {
              "type": 0,
              "file": 1,
              "line": 97,
              "col": 11,
              "lit": "packages-dir"
            },
            "value": {
              "type": 0,
              "file": 1,
              "line": 97,
              "col": 25,
              "lit": "artifacts/"
            }
          },
          {
            "key": {
              "type": 0,
              "file": 1,
              "line": 98,
              "col": 11,
              "lit": "skip-existing"
            },
            "value": {
              "type": 0,
              "file": 1,
              "line": 98,
              "col": 26,
              "lit": "true"
            }
          }
        ]
      },
      "condition": "success()",
      "id": "7992132a-3f16-4212-955c-59ce67b67bd3",
      "name": "__pypa_gh-action-pypi-publish"
    },
    {
      "type": "action",
      "reference": {
        "type": "script"
      },
      "displayNameToken": {
        "type": 0,
        "file": 1,
        "line": 100,
        "col": 15,
        "lit": "Free Disk Space After Build"
      },
      "contextName": "__run_8",
      "inputs": {
        "type": 2,
        "map": [
          {
            "key": "script",
            "value": {
              "type": 0,
              "file": 1,
              "line": 101,
              "col": 14,
              "lit": "echo \"Disk space before post-build cleanup:\"\ndf -h\nsudo rm -rf /usr/local/.ghcup\nsudo rm -rf /opt/hostedtoolcache/CodeQL\nsudo rm -rf /usr/local/lib/android/sdk/ndk\nsudo rm -rf /usr/share/dotnet\nsudo rm -rf /opt/ghc\nsudo rm -rf /usr/local/share/boost\n\nsudo rm -rf \"$AGENT_TOOLSDIRECTORY\"\n\nsudo apt-get clean\necho \"Disk space after post-build cleanup:\"\ndf -h\n"
            }
          }
        ]
      },
      "condition": "success()",
      "id": "526f7911-ecd4-4399-abf1-2656f02246a8",
      "name": "__run_8"
    }
  ],
  "variables": {
    "Actions.EnableHttpRedirects": {
      "value": "true"
    },
    "DistributedTask.AddWarningToNode12Action": {
      "value": "true"
    },
    "DistributedTask.AddWarningToNode16Action": {
      "value": "true"
    },
    "DistributedTask.AllowRunnerContainerHooks": {
      "value": "true"
    },
    "DistributedTask.DeprecateStepOutputCommands": {
      "value": "true"
    },
    "DistributedTask.DetailUntarFailure": {
      "value": "true"
    },
    "DistributedTask.EnableCompositeActions": {
      "value": "true"
    },
    "DistributedTask.EnableJobServerQueueTelemetry": {
      "value": "true"
    },
    "DistributedTask.EnhancedAnnotations": {
      "value": "true"
    },
    "DistributedTask.ForceGithubJavascriptActionsToNode16": {
      "value": "true"
    },
    "DistributedTask.ForceGithubJavascriptActionsToNode20": {
      "value": "true"
    },
    "DistributedTask.LogTemplateErrorsAsDebugMessages": {
      "value": "true"
    },
    "DistributedTask.MarkJobAsFailedOnWorkerCrash": {
      "value": "true"
    },
    "DistributedTask.NewActionMetadata": {
      "value": "true"
    },
    "DistributedTask.UploadStepSummary": {
      "value": "true"
    },
    "DistributedTask.UseActionArchiveCache": {
      "value": "true"
    },
    "DistributedTask.UseWhich2": {
      "value": "true"
    },
    "RunService.FixEmbeddedIssues": {
      "value": "true"
    },
    "TEST_PYPI_API_TOKEN": {
      "value": "***",
      "isSecret": true
    },
    "actions_skip_retry_complete_job_upon_known_errors": {
      "value": "false"
    },
    "actions_uses_cache_service_v2": {
      "value": "true"
    },
    "github_token": {
      "value": "***",
      "isSecret": true
    },
    "system.from_run_service": {
      "value": "true"
    },
    "system.github.job": {
      "value": "build"
    },
    "system.github.launch_endpoint": {
      "value": "https://launch.actions.githubusercontent.com"
    },
    "system.github.results_endpoint": {
      "value": "https://results-receiver.actions.githubusercontent.com/"
    },
    "system.github.results_upload_with_sdk": {
      "value": "true"
    },
    "system.github.token": {
      "value": "***",
      "isSecret": true
    },
    "system.github.token.permissions": {
      "value": "{\"Actions\":\"write\",\"Attestations\":\"write\",\"Checks\":\"write\",\"Contents\":\"write\",\"Deployments\":\"write\",\"Discussions\":\"write\",\"Issues\":\"write\",\"Metadata\":\"read\",\"Models\":\"read\",\"Packages\":\"write\",\"Pages\":\"write\",\"PullRequests\":\"write\",\"RepositoryProjects\":\"write\",\"SecurityEvents\":\"write\",\"Statuses\":\"write\"}"
    },
    "system.orchestrationId": {
      "value": "b3976377-3d73-4371-9101-528685db81e9.build._3_9"
    },
    "system.phaseDisplayName": {
      "value": "Build package (3.9)"
    },
    "system.runner.lowdiskspacethreshold": {
      "value": "100"
    },
    "system.runnerEnvironment": {
      "value": "self-hosted"
    }
  },
  "messageType": "RunnerJobRequest",
  "plan": {
    "scopeIdentifier": "00000000-0000-0000-0000-000000000000",
    "planType": "actions",
    "version": 0,
    "planId": "b3976377-3d73-4371-9101-528685db81e9",
    "planGroup": null,
    "artifactUri": null,
    "artifactLocation": null,
    "definition": null,
    "owner": null
  },
  "timeline": {
    "id": "b3976377-3d73-4371-9101-528685db81e9",
    "changeId": 0,
    "location": null
  },
  "jobId": "ca8211b7-2bd2-5917-bc2d-f78037511703",
  "jobDisplayName": "Build package (3.9)",
  "jobName": "_3_9",
  "jobContainer": {
    "type": 2,
    "file": 1,
    "line": 22,
    "col": 7,
    "map": [
      {
        "key": {
          "type": 0,
          "file": 1,
          "line": 22,
          "col": 7,
          "lit": "image"
        },
        "value": {
          "type": 0,
          "file": 1,
          "line": 22,
          "col": 14,
          "lit": "ghcr.io/mrphys/tensorflow-manylinux:1.14.0"
        }
      }
    ]
  },
  "requestId": 0,
  "lockedUntil": "0001-01-01T00:00:00",
  "resources": {
    "endpoints": [
      {
        "data": {
          "ServerId": "",
          "ServerName": "",
          "CacheServerUrl": "https://acghubeus2.actions.githubusercontent.com/vt3bImj3043IXjYZVOBEgt9xtkc1LUzoh1ehrojRmktneQJqoL/",
          "FeedStreamUrl": "wss://results-receiver.actions.githubusercontent.com/_ws/ingest.sock",
          "ResultsServiceUrl": "https://results-receiver.actions.githubusercontent.com/",
          "PipelinesServiceUrl": "https://pipelinesghubeus25.actions.githubusercontent.com/vt3bImj3043IXjYZVOBEgt9xtkc1LUzoh1ehrojRmktneQJqoL/",
          "GenerateIdTokenUrl": ""
        },
        "name": "SystemVssConnection",
        "url": "https://run-actions-1-azure-eastus.actions.githubusercontent.com/23/",
        "authorization": {
          "parameters": {
            "AccessToken": "***"
          },
          "scheme": "OAuth"
        },
        "isShared": false,
        "isReady": true
      }
    ]
  },
  "contextData": {
    "github": {
      "t": 2,
      "d": [
        {
          "k": "ref",
          "v": "refs/heads/master"
        },
        {
          "k": "sha",
          "v": "5c27b3d425c145bf762976e86aa1597acb6c1438"
        },
        {
          "k": "repository",
          "v": "mrphys/tensorflow-mri"
        },
        {
          "k": "repository_owner",
          "v": "mrphys"
        },
        {
          "k": "repository_owner_id",
          "v": "53480519"
        },
        {
          "k": "repositoryUrl",
          "v": "git://github.com/mrphys/tensorflow-mri.git"
        },
        {
          "k": "run_id",
          "v": "13845500479"
        },
        {
          "k": "run_number",
          "v": "219"
        },
        {
          "k": "retention_days",
          "v": "90"
        },
        {
          "k": "run_attempt",
          "v": "4"
        },
        {
          "k": "artifact_cache_size_limit",
          "v": "10"
        },
        {
          "k": "repository_visibility",
          "v": "public"
        },
        {
          "k": "actor_id",
          "v": "53479871"
        },
        {
          "k": "actor",
          "v": "jennifersteeden"
        },
        {
          "k": "workflow",
          "v": "build"
        },
        {
          "k": "head_ref",
          "v": ""
        },
        {
          "k": "base_ref",
          "v": ""
        },
        {
          "k": "event_name",
          "v": "push"
        },
        {
          "k": "server_url",
          "v": "https://github.com"
        },
        {
          "k": "api_url",
          "v": "https://api.github.com"
        },
        {
          "k": "graphql_url",
          "v": "https://api.github.com/graphql"
        },
        {
          "k": "ref_name",
          "v": "master"
        },
        {
          "k": "ref_protected",
          "v": true
        },
        {
          "k": "ref_type",
          "v": "branch"
        },
        {
          "k": "secret_source",
          "v": "Actions"
        },
        {
          "k": "event",
          "v": {
            "t": 2,
            "d": [
              {
                "k": "after",
                "v": "5c27b3d425c145bf762976e86aa1597acb6c1438"
              },
              {
                "k": "base_ref",
                "v": null
              },
              {
                "k": "before",
                "v": "7afa6f5cce9d885aa123917ad970d91bc6a7bf16"
              },
              {
                "k": "commits",
                "v": {
                  "t": 1,
                  "a": [
                    {
                      "t": 2,
                      "d": [
                        {
                          "k": "author",
                          "v": {
                            "t": 2,
                            "d": [
                              {
                                "k": "email",
                                "v": "jennifer.steeden@ucl.ac.uk"
                              },
                              {
                                "k": "name",
                                "v": "jennifersteeden"
                              },
                              {
                                "k": "username",
                                "v": "jennifersteeden"
                              }
                            ]
                          }
                        },
                        {
                          "k": "committer",
                          "v": {
                            "t": 2,
                            "d": [
                              {
                                "k": "email",
                                "v": "jennifer.steeden@ucl.ac.uk"
                              },
                              {
                                "k": "name",
                                "v": "jennifersteeden"
                              },
                              {
                                "k": "username",
                                "v": "jennifersteeden"
                              }
                            ]
                          }
                        },
                        {
                          "k": "distinct",
                          "v": true
                        },
                        {
                          "k": "id",
                          "v": "5c27b3d425c145bf762976e86aa1597acb6c1438"
                        },
                        {
                          "k": "message",
                          "v": "removed lfs: true in yml"
                        },
                        {
                          "k": "timestamp",
                          "v": "2025-03-13T22:04:42Z"
                        },
                        {
                          "k": "tree_id",
                          "v": "ef3387a56fbc37b750253bc165fb0388933f147d"
                        },
                        {
                          "k": "url",
                          "v": "https://github.com/mrphys/tensorflow-mri/commit/5c27b3d425c145bf762976e86aa1597acb6c1438"
                        }
                      ]
                    }
                  ]
                }
              },
              {
                "k": "compare",
                "v": "https://github.com/mrphys/tensorflow-mri/compare/7afa6f5cce9d...5c27b3d425c1"
              },
              {
                "k": "created",
                "v": false
              },
              {
                "k": "deleted",
                "v": false
              },
              {
                "k": "forced",
                "v": false
              },
              {
                "k": "head_commit",
                "v": {
                  "t": 2,
                  "d": [
                    {
                      "k": "author",
                      "v": {
                        "t": 2,
                        "d": [
                          {
                            "k": "email",
                            "v": "jennifer.steeden@ucl.ac.uk"
                          },
                          {
                            "k": "name",
                            "v": "jennifersteeden"
                          },
                          {
                            "k": "username",
                            "v": "jennifersteeden"
                          }
                        ]
                      }
                    },
                    {
                      "k": "committer",
                      "v": {
                        "t": 2,
                        "d": [
                          {
                            "k": "email",
                            "v": "jennifer.steeden@ucl.ac.uk"
                          },
                          {
                            "k": "name",
                            "v": "jennifersteeden"
                          },
                          {
                            "k": "username",
                            "v": "jennifersteeden"
                          }
                        ]
                      }
                    },
                    {
                      "k": "distinct",
                      "v": true
                    },
                    {
                      "k": "id",
                      "v": "5c27b3d425c145bf762976e86aa1597acb6c1438"
                    },
                    {
                      "k": "message",
                      "v": "removed lfs: true in yml"
                    },
                    {
                      "k": "timestamp",
                      "v": "2025-03-13T22:04:42Z"
                    },
                    {
                      "k": "tree_id",
                      "v": "ef3387a56fbc37b750253bc165fb0388933f147d"
                    },
                    {
                      "k": "url",
                      "v": "https://github.com/mrphys/tensorflow-mri/commit/5c27b3d425c145bf762976e86aa1597acb6c1438"
                    }
                  ]
                }
              },
              {
                "k": "organization",
                "v": {
                  "t": 2,
                  "d": [
                    {
                      "k": "avatar_url",
                      "v": "https://avatars.githubusercontent.com/u/53480519?v=4"
                    },
                    {
                      "k": "description",
                      "v": ""
                    },
                    {
                      "k": "events_url",
                      "v": "https://api.github.com/orgs/mrphys/events"
                    },
                    {
                      "k": "hooks_url",
                      "v": "https://api.github.com/orgs/mrphys/hooks"
                    },
                    {
                      "k": "id",
                      "v": 53480519.0
                    },
                    {
                      "k": "issues_url",
                      "v": "https://api.github.com/orgs/mrphys/issues"
                    },
                    {
                      "k": "login",
                      "v": "mrphys"
                    },
                    {
                      "k": "members_url",
                      "v": "https://api.github.com/orgs/mrphys/members{/member}"
                    },
                    {
                      "k": "node_id",
                      "v": "MDEyOk9yZ2FuaXphdGlvbjUzNDgwNTE5"
                    },
                    {
                      "k": "public_members_url",
                      "v": "https://api.github.com/orgs/mrphys/public_members{/member}"
                    },
                    {
                      "k": "repos_url",
                      "v": "https://api.github.com/orgs/mrphys/repos"
                    },
                    {
                      "k": "url",
                      "v": "https://api.github.com/orgs/mrphys"
                    }
                  ]
                }
              },
              {
                "k": "pusher",
                "v": {
                  "t": 2,
                  "d": [
                    {
                      "k": "email",
                      "v": "53479871+jennifersteeden@users.noreply.github.com"
                    },
                    {
                      "k": "name",
                      "v": "jennifersteeden"
                    }
                  ]
                }
              },
              {
                "k": "ref",
                "v": "refs/heads/master"
              },
              {
                "k": "repository",
                "v": {
                  "t": 2,
                  "d": [
                    {
                      "k": "allow_forking",
                      "v": true
                    },
                    {
                      "k": "archive_url",
                      "v": "https://api.github.com/repos/mrphys/tensorflow-mri/{archive_format}{/ref}"
                    },
                    {
                      "k": "archived",
                      "v": false
                    },
                    {
                      "k": "assignees_url",
                      "v": "https://api.github.com/repos/mrphys/tensorflow-mri/assignees{/user}"
                    },
                    {
                      "k": "blobs_url",
                      "v": "https://api.github.com/repos/mrphys/tensorflow-mri/git/blobs{/sha}"
                    },
                    {
                      "k": "branches_url",
                      "v": "https://api.github.com/repos/mrphys/tensorflow-mri/branches{/branch}"
                    },
                    {
                      "k": "clone_url",
                      "v": "https://github.com/mrphys/tensorflow-mri.git"
                    },
                    {
                      "k": "collaborators_url",
                      "v": "https://api.github.com/repos/mrphys/tensorflow-mri/collaborators{/collaborator}"
                    },
                    {
                      "k": "comments_url",
                      "v": "https://api.github.com/repos/mrphys/tensorflow-mri/comments{/number}"
                    },
                    {
                      "k": "commits_url",
                      "v": "https://api.github.com/repos/mrphys/tensorflow-mri/commits{/sha}"
                    },
                    {
                      "k": "compare_url",
                      "v": "https://api.github.com/repos/mrphys/tensorflow-mri/compare/{base}...{head}"
                    },
                    {
                      "k": "contents_url",
                      "v": "https://api.github.com/repos/mrphys/tensorflow-mri/contents/{+path}"
                    },
                    {
                      "k": "contributors_url",
                      "v": "https://api.github.com/repos/mrphys/tensorflow-mri/contributors"
                    },
                    {
                      "k": "created_at",
                      "v": 1626866930.0
                    },
                    {
                      "k": "custom_properties",
                      "v": {
                        "t": 2
                      }
                    },
                    {
                      "k": "default_branch",
                      "v": "master"
                    },
                    {
                      "k": "deployments_url",
                      "v": "https://api.github.com/repos/mrphys/tensorflow-mri/deployments"
                    },
                    {
                      "k": "description",
                      "v": "A Library of TensorFlow Operators for Computational MRI"
                    },
                    {
                      "k": "disabled",
                      "v": false
                    },
                    {
                      "k": "downloads_url",
                      "v": "https://api.github.com/repos/mrphys/tensorflow-mri/downloads"
                    },
                    {
                      "k": "events_url",
                      "v": "https://api.github.com/repos/mrphys/tensorflow-mri/events"
                    },
                    {
                      "k": "fork",
                      "v": false
                    },
                    {
                      "k": "forks",
                      "v": 3.0
                    },
                    {
                      "k": "forks_count",
                      "v": 3.0
                    },
                    {
                      "k": "forks_url",
                      "v": "https://api.github.com/repos/mrphys/tensorflow-mri/forks"
                    },
                    {
                      "k": "full_name",
                      "v": "mrphys/tensorflow-mri"
                    },
                    {
                      "k": "git_commits_url",
                      "v": "https://api.github.com/repos/mrphys/tensorflow-mri/git/commits{/sha}"
                    },
                    {
                      "k": "git_refs_url",
                      "v": "https://api.github.com/repos/mrphys/tensorflow-mri/git/refs{/sha}"
                    },
                    {
                      "k": "git_tags_url",
                      "v": "https://api.github.com/repos/mrphys/tensorflow-mri/git/tags{/sha}"
                    },
                    {
                      "k": "git_url",
                      "v": "git://github.com/mrphys/tensorflow-mri.git"
                    },
                    {
                      "k": "has_discussions",
                      "v": false
                    },
                    {
                      "k": "has_downloads",
                      "v": true
                    },
                    {
                      "k": "has_issues",
                      "v": true
                    },
                    {
                      "k": "has_pages",
                      "v": true
                    },
                    {
                      "k": "has_projects",
                      "v": true
                    },
                    {
                      "k": "has_wiki",
                      "v": true
                    },
                    {
                      "k": "homepage",
                      "v": "https://mrphys.github.io/tensorflow-mri/"
                    },
                    {
                      "k": "hooks_url",
                      "v": "https://api.github.com/repos/mrphys/tensorflow-mri/hooks"
                    },
                    {
                      "k": "html_url",
                      "v": "https://github.com/mrphys/tensorflow-mri"
                    },
                    {
                      "k": "id",
                      "v": 388094708.0
                    },
                    {
                      "k": "is_template",
                      "v": false
                    },
                    {
                      "k": "issue_comment_url",
                      "v": "https://api.github.com/repos/mrphys/tensorflow-mri/issues/comments{/number}"
                    },
                    {
                      "k": "issue_events_url",
                      "v": "https://api.github.com/repos/mrphys/tensorflow-mri/issues/events{/number}"
                    },
                    {
                      "k": "issues_url",
                      "v": "https://api.github.com/repos/mrphys/tensorflow-mri/issues{/number}"
                    },
                    {
                      "k": "keys_url",
                      "v": "https://api.github.com/repos/mrphys/tensorflow-mri/keys{/key_id}"
                    },
                    {
                      "k": "labels_url",
                      "v": "https://api.github.com/repos/mrphys/tensorflow-mri/labels{/name}"
                    },
                    {
                      "k": "language",
                      "v": "Jupyter Notebook"
                    },
                    {
                      "k": "languages_url",
                      "v": "https://api.github.com/repos/mrphys/tensorflow-mri/languages"
                    },
                    {
                      "k": "license",
                      "v": {
                        "t": 2,
                        "d": [
                          {
                            "k": "key",
                            "v": "apache-2.0"
                          },
                          {
                            "k": "name",
                            "v": "Apache License 2.0"
                          },
                          {
                            "k": "node_id",
                            "v": "MDc6TGljZW5zZTI="
                          },
                          {
                            "k": "spdx_id",
                            "v": "Apache-2.0"
                          },
                          {
                            "k": "url",
                            "v": "https://api.github.com/licenses/apache-2.0"
                          }
                        ]
                      }
                    },
                    {
                      "k": "master_branch",
                      "v": "master"
                    },
                    {
                      "k": "merges_url",
                      "v": "https://api.github.com/repos/mrphys/tensorflow-mri/merges"
                    },
                    {
                      "k": "milestones_url",
                      "v": "https://api.github.com/repos/mrphys/tensorflow-mri/milestones{/number}"
                    },
                    {
                      "k": "mirror_url",
                      "v": null
                    },
                    {
                      "k": "name",
                      "v": "tensorflow-mri"
                    },
                    {
                      "k": "node_id",
                      "v": "MDEwOlJlcG9zaXRvcnkzODgwOTQ3MDg="
                    },
                    {
                      "k": "notifications_url",
                      "v": "https://api.github.com/repos/mrphys/tensorflow-mri/notifications{?since,all,participating}"
                    },
                    {
                      "k": "open_issues",
                      "v": 8.0
                    },
                    {
                      "k": "open_issues_count",
                      "v": 8.0
                    },
                    {
                      "k": "organization",
                      "v": "mrphys"
                    },
                    {
                      "k": "owner",
                      "v": {
                        "t": 2,
                        "d": [
                          {
                            "k": "avatar_url",
                            "v": "https://avatars.githubusercontent.com/u/53480519?v=4"
                          },
                          {
                            "k": "email",
                            "v": null
                          },
                          {
                            "k": "events_url",
                            "v": "https://api.github.com/users/mrphys/events{/privacy}"
                          },
                          {
                            "k": "followers_url",
                            "v": "https://api.github.com/users/mrphys/followers"
                          },
                          {
                            "k": "following_url",
                            "v": "https://api.github.com/users/mrphys/following{/other_user}"
                          },
                          {
                            "k": "gists_url",
                            "v": "https://api.github.com/users/mrphys/gists{/gist_id}"
                          },
                          {
                            "k": "gravatar_id",
                            "v": ""
                          },
                          {
                            "k": "html_url",
                            "v": "https://github.com/mrphys"
                          },
                          {
                            "k": "id",
                            "v": 53480519.0
                          },
                          {
                            "k": "login",
                            "v": "mrphys"
                          },
                          {
                            "k": "name",
                            "v": "mrphys"
                          },
                          {
                            "k": "node_id",
                            "v": "MDEyOk9yZ2FuaXphdGlvbjUzNDgwNTE5"
                          },
                          {
                            "k": "organizations_url",
                            "v": "https://api.github.com/users/mrphys/orgs"
                          },
                          {
                            "k": "received_events_url",
                            "v": "https://api.github.com/users/mrphys/received_events"
                          },
                          {
                            "k": "repos_url",
                            "v": "https://api.github.com/users/mrphys/repos"
                          },
                          {
                            "k": "site_admin",
                            "v": false
                          },
                          {
                            "k": "starred_url",
                            "v": "https://api.github.com/users/mrphys/starred{/owner}{/repo}"
                          },
                          {
                            "k": "subscriptions_url",
                            "v": "https://api.github.com/users/mrphys/subscriptions"
                          },
                          {
                            "k": "type",
                            "v": "Organization"
                          },
                          {
                            "k": "url",
                            "v": "https://api.github.com/users/mrphys"
                          },
                          {
                            "k": "user_view_type",
                            "v": "public"
                          }
                        ]
                      }
                    },
                    {
                      "k": "private",
                      "v": false
                    },
                    {
                      "k": "pulls_url",
                      "v": "https://api.github.com/repos/mrphys/tensorflow-mri/pulls{/number}"
                    },
                    {
                      "k": "pushed_at",
                      "v": 1741903485.0
                    },
                    {
                      "k": "releases_url",
                      "v": "https://api.github.com/repos/mrphys/tensorflow-mri/releases{/id}"
                    },
                    {
                      "k": "size",
                      "v": 197333.0
                    },
                    {
                      "k": "ssh_url",
                      "v": "git@github.com:mrphys/tensorflow-mri.git"
                    },
                    {
                      "k": "stargazers",
                      "v": 40.0
                    },
                    {
                      "k": "stargazers_count",
                      "v": 40.0
                    },
                    {
                      "k": "stargazers_url",
                      "v": "https://api.github.com/repos/mrphys/tensorflow-mri/stargazers"
                    },
                    {
                      "k": "statuses_url",
                      "v": "https://api.github.com/repos/mrphys/tensorflow-mri/statuses/{sha}"
                    },
                    {
                      "k": "subscribers_url",
                      "v": "https://api.github.com/repos/mrphys/tensorflow-mri/subscribers"
                    },
                    {
                      "k": "subscription_url",
                      "v": "https://api.github.com/repos/mrphys/tensorflow-mri/subscription"
                    },
                    {
                      "k": "svn_url",
                      "v": "https://github.com/mrphys/tensorflow-mri"
                    },
                    {
                      "k": "tags_url",
                      "v": "https://api.github.com/repos/mrphys/tensorflow-mri/tags"
                    },
                    {
                      "k": "teams_url",
                      "v": "https://api.github.com/repos/mrphys/tensorflow-mri/teams"
                    },
                    {
                      "k": "topics",
                      "v": {
                        "t": 1,
                        "a": [
                          "machine-learning",
                          "magnetic-resonance-imaging",
                          "ml",
                          "mri",
                          "python",
                          "tensorflow"
                        ]
                      }
                    },
                    {
                      "k": "trees_url",
                      "v": "https://api.github.com/repos/mrphys/tensorflow-mri/git/trees{/sha}"
                    },
                    {
                      "k": "updated_at",
                      "v": "2025-03-13T21:52:44Z"
                    },
                    {
                      "k": "url",
                      "v": "https://github.com/mrphys/tensorflow-mri"
                    },
                    {
                      "k": "visibility",
                      "v": "public"
                    },
                    {
                      "k": "watchers",
                      "v": 40.0
                    },
                    {
                      "k": "watchers_count",
                      "v": 40.0
                    },
                    {
                      "k": "web_commit_signoff_required",
                      "v": false
                    }
                  ]
                }
              },
              {
                "k": "sender",
                "v": {
                  "t": 2,
                  "d": [
                    {
                      "k": "avatar_url",
                      "v": "https://avatars.githubusercontent.com/u/53479871?v=4"
                    },
                    {
                      "k": "events_url",
                      "v": "https://api.github.com/users/jennifersteeden/events{/privacy}"
                    },
                    {
                      "k": "followers_url",
                      "v": "https://api.github.com/users/jennifersteeden/followers"
                    },
                    {
                      "k": "following_url",
                      "v": "https://api.github.com/users/jennifersteeden/following{/other_user}"
                    },
                    {
                      "k": "gists_url",
                      "v": "https://api.github.com/users/jennifersteeden/gists{/gist_id}"
                    },
                    {
                      "k": "gravatar_id",
                      "v": ""
                    },
                    {
                      "k": "html_url",
                      "v": "https://github.com/jennifersteeden"
                    },
                    {
                      "k": "id",
                      "v": 53479871.0
                    },
                    {
                      "k": "login",
                      "v": "jennifersteeden"
                    },
                    {
                      "k": "node_id",
                      "v": "MDQ6VXNlcjUzNDc5ODcx"
                    },
                    {
                      "k": "organizations_url",
                      "v": "https://api.github.com/users/jennifersteeden/orgs"
                    },
                    {
                      "k": "received_events_url",
                      "v": "https://api.github.com/users/jennifersteeden/received_events"
                    },
                    {
                      "k": "repos_url",
                      "v": "https://api.github.com/users/jennifersteeden/repos"
                    },
                    {
                      "k": "site_admin",
                      "v": false
                    },
                    {
                      "k": "starred_url",
                      "v": "https://api.github.com/users/jennifersteeden/starred{/owner}{/repo}"
                    },
                    {
                      "k": "subscriptions_url",
                      "v": "https://api.github.com/users/jennifersteeden/subscriptions"
                    },
                    {
                      "k": "type",
                      "v": "User"
                    },
                    {
                      "k": "url",
                      "v": "https://api.github.com/users/jennifersteeden"
                    },
                    {
                      "k": "user_view_type",
                      "v": "public"
                    }
                  ]
                }
              }
            ]
          }
        },
        {
          "k": "workflow_ref",
          "v": "mrphys/tensorflow-mri/.github/workflows/build-package.yml@refs/heads/master"
        },
        {
          "k": "workflow_sha",
          "v": "5c27b3d425c145bf762976e86aa1597acb6c1438"
        },
        {
          "k": "repository_id",
          "v": "388094708"
        },
        {
          "k": "triggering_actor",
          "v": "jennifersteeden"
        }
      ]
    },
    "inputs": {
      "t": 2
    },
    "matrix": {
      "t": 2,
      "d": [
        {
          "k": "py_version",
          "v": "3.9"
        }
      ]
    },
    "needs": {
      "t": 2
    },
    "strategy": {
      "t": 2,
      "d": [
        {
          "k": "fail-fast",
          "v": true
        },
        {
          "k": "job-index",
          "v": 1.0
        },
        {
          "k": "job-total",
          "v": 3.0
        },
        {
          "k": "max-parallel",
          "v": 3.0
        }
      ]
    },
    "vars": {
      "t": 2
    }
  }
}
[2025-03-19 12:34:47Z INFO JobRunner] Job ID ca8211b7-2bd2-5917-bc2d-f78037511703
[2025-03-19 12:34:47Z INFO ConfigurationStore] currentAssemblyLocation: /home/jenny/tensorflow-mri/actions-runner/bin/Runner.Worker.dll
[2025-03-19 12:34:47Z INFO HostContext] Well known directory 'Bin': '/home/jenny/tensorflow-mri/actions-runner/bin'
[2025-03-19 12:34:47Z INFO ConfigurationStore] binPath: /home/jenny/tensorflow-mri/actions-runner/bin
[2025-03-19 12:34:47Z INFO HostContext] Well known directory 'Bin': '/home/jenny/tensorflow-mri/actions-runner/bin'
[2025-03-19 12:34:47Z INFO HostContext] Well known directory 'Root': '/home/jenny/tensorflow-mri/actions-runner'
[2025-03-19 12:34:47Z INFO ConfigurationStore] RootFolder: /home/jenny/tensorflow-mri/actions-runner
[2025-03-19 12:34:47Z INFO HostContext] Well known directory 'Bin': '/home/jenny/tensorflow-mri/actions-runner/bin'
[2025-03-19 12:34:47Z INFO HostContext] Well known directory 'Root': '/home/jenny/tensorflow-mri/actions-runner'
[2025-03-19 12:34:47Z INFO HostContext] Well known config file 'Runner': '/home/jenny/tensorflow-mri/actions-runner/.runner'
[2025-03-19 12:34:47Z INFO ConfigurationStore] ConfigFilePath: /home/jenny/tensorflow-mri/actions-runner/.runner
[2025-03-19 12:34:47Z INFO HostContext] Well known directory 'Bin': '/home/jenny/tensorflow-mri/actions-runner/bin'
[2025-03-19 12:34:47Z INFO HostContext] Well known directory 'Root': '/home/jenny/tensorflow-mri/actions-runner'
[2025-03-19 12:34:47Z INFO HostContext] Well known config file 'Credentials': '/home/jenny/tensorflow-mri/actions-runner/.credentials'
[2025-03-19 12:34:47Z INFO ConfigurationStore] CredFilePath: /home/jenny/tensorflow-mri/actions-runner/.credentials
[2025-03-19 12:34:47Z INFO HostContext] Well known directory 'Bin': '/home/jenny/tensorflow-mri/actions-runner/bin'
[2025-03-19 12:34:47Z INFO HostContext] Well known directory 'Root': '/home/jenny/tensorflow-mri/actions-runner'
[2025-03-19 12:34:47Z INFO HostContext] Well known config file 'MigratedCredentials': '/home/jenny/tensorflow-mri/actions-runner/.credentials_migrated'
[2025-03-19 12:34:47Z INFO ConfigurationStore] MigratedCredFilePath: /home/jenny/tensorflow-mri/actions-runner/.credentials_migrated
[2025-03-19 12:34:47Z INFO HostContext] Well known directory 'Bin': '/home/jenny/tensorflow-mri/actions-runner/bin'
[2025-03-19 12:34:47Z INFO HostContext] Well known directory 'Root': '/home/jenny/tensorflow-mri/actions-runner'
[2025-03-19 12:34:47Z INFO HostContext] Well known config file 'Service': '/home/jenny/tensorflow-mri/actions-runner/.service'
[2025-03-19 12:34:47Z INFO ConfigurationStore] ServiceConfigFilePath: /home/jenny/tensorflow-mri/actions-runner/.service
[2025-03-19 12:34:47Z INFO ConfigurationStore] Read setting file: 294 chars
[2025-03-19 12:34:47Z INFO JobRunner] Initializing launch client
[2025-03-19 12:34:47Z INFO JobServerQueue] Initializing results client
[2025-03-19 12:34:47Z INFO ResultServer] Creating websocket client ...wss://results-receiver.actions.githubusercontent.com/_ws/ingest.sock
[2025-03-19 12:34:47Z INFO ResultServer] Attempting to start websocket client with delay 00:00:00.
[2025-03-19 12:34:47Z INFO JobServerQueue] Start process web console line queue.
[2025-03-19 12:34:47Z INFO JobServerQueue] Start process file upload queue.
[2025-03-19 12:34:47Z INFO JobServerQueue] Start results file upload queue.
[2025-03-19 12:34:47Z INFO JobServerQueue] Starting results-based upload queue...
[2025-03-19 12:34:47Z INFO JobServerQueue] Start process timeline update queue.
[2025-03-19 12:34:47Z INFO ExecutionContext] Initialize GitHub context
[2025-03-19 12:34:47Z INFO ExecutionContext] Initialize Env context
[2025-03-19 12:34:47Z INFO HostContext] Well known directory 'Bin': '/home/jenny/tensorflow-mri/actions-runner/bin'
[2025-03-19 12:34:47Z INFO HostContext] Well known directory 'Root': '/home/jenny/tensorflow-mri/actions-runner'
[2025-03-19 12:34:47Z INFO HostContext] Well known directory 'Diag': '/home/jenny/tensorflow-mri/actions-runner/_diag'
[2025-03-19 12:34:47Z INFO HostContext] Well known directory 'Bin': '/home/jenny/tensorflow-mri/actions-runner/bin'
[2025-03-19 12:34:47Z INFO HostContext] Well known directory 'Root': '/home/jenny/tensorflow-mri/actions-runner'
[2025-03-19 12:34:47Z INFO HostContext] Well known directory 'Diag': '/home/jenny/tensorflow-mri/actions-runner/_diag'
[2025-03-19 12:34:47Z INFO JobRunner] Starting the job execution context.
[2025-03-19 12:34:47Z INFO HostContext] Well known directory 'Bin': '/home/jenny/tensorflow-mri/actions-runner/bin'
[2025-03-19 12:34:47Z INFO HostContext] Well known directory 'Root': '/home/jenny/tensorflow-mri/actions-runner'
[2025-03-19 12:34:47Z INFO HostContext] Well known directory 'Work': '/home/jenny/tensorflow-mri/actions-runner/_work'
[2025-03-19 12:34:47Z INFO JobRunner] Validating directory permissions for: '/home/jenny/tensorflow-mri/actions-runner/_work'
[2025-03-19 12:34:47Z INFO HostContext] Well known directory 'Bin': '/home/jenny/tensorflow-mri/actions-runner/bin'
[2025-03-19 12:34:47Z INFO HostContext] Well known directory 'Root': '/home/jenny/tensorflow-mri/actions-runner'
[2025-03-19 12:34:47Z INFO HostContext] Well known directory 'Work': '/home/jenny/tensorflow-mri/actions-runner/_work'
[2025-03-19 12:34:47Z INFO HostContext] Well known directory 'Tools': '/home/jenny/tensorflow-mri/actions-runner/_work/_tool'
[2025-03-19 12:34:47Z INFO HostContext] Well known directory 'Bin': '/home/jenny/tensorflow-mri/actions-runner/bin'
[2025-03-19 12:34:47Z INFO HostContext] Well known directory 'Root': '/home/jenny/tensorflow-mri/actions-runner'
[2025-03-19 12:34:47Z INFO HostContext] Well known directory 'Work': '/home/jenny/tensorflow-mri/actions-runner/_work'
[2025-03-19 12:34:47Z INFO HostContext] Well known directory 'Temp': '/home/jenny/tensorflow-mri/actions-runner/_work/_temp'
[2025-03-19 12:34:47Z INFO JobRunner] Getting job extension.
[2025-03-19 12:34:47Z INFO JobRunner] Initialize job. Getting all job steps.
[2025-03-19 12:34:47Z INFO HostContext] Well known directory 'Bin': '/home/jenny/tensorflow-mri/actions-runner/bin'
[2025-03-19 12:34:47Z INFO HostContext] Well known directory 'Root': '/home/jenny/tensorflow-mri/actions-runner'
[2025-03-19 12:34:47Z INFO HostContext] Well known directory 'Diag': '/home/jenny/tensorflow-mri/actions-runner/_diag'
[2025-03-19 12:34:47Z INFO HostContext] Well known directory 'Bin': '/home/jenny/tensorflow-mri/actions-runner/bin'
[2025-03-19 12:34:47Z INFO HostContext] Well known directory 'Root': '/home/jenny/tensorflow-mri/actions-runner'
[2025-03-19 12:34:47Z INFO HostContext] Well known directory 'Diag': '/home/jenny/tensorflow-mri/actions-runner/_diag'
[2025-03-19 12:34:47Z INFO HostContext] Well known directory 'Bin': '/home/jenny/tensorflow-mri/actions-runner/bin'
[2025-03-19 12:34:47Z INFO HostContext] Well known directory 'Root': '/home/jenny/tensorflow-mri/actions-runner'
[2025-03-19 12:34:47Z INFO HostContext] Well known config file 'Credentials': '/home/jenny/tensorflow-mri/actions-runner/.credentials'
[2025-03-19 12:34:47Z INFO HostContext] Well known directory 'Bin': '/home/jenny/tensorflow-mri/actions-runner/bin'
[2025-03-19 12:34:47Z INFO HostContext] Well known directory 'Root': '/home/jenny/tensorflow-mri/actions-runner'
[2025-03-19 12:34:47Z INFO HostContext] Well known config file 'SetupInfo': '/home/jenny/tensorflow-mri/actions-runner/.setup_info'
[2025-03-19 12:34:47Z INFO HostContext] Well known directory 'Bin': '/home/jenny/tensorflow-mri/actions-runner/bin'
[2025-03-19 12:34:47Z INFO HostContext] Well known directory 'Root': '/home/jenny/tensorflow-mri/actions-runner'
[2025-03-19 12:34:47Z INFO HostContext] Well known directory 'Work': '/home/jenny/tensorflow-mri/actions-runner/_work'
[2025-03-19 12:34:47Z INFO PipelineDirectoryManager] Loading tracking config if exists: /home/jenny/tensorflow-mri/actions-runner/_work/_PipelineMapping/mrphys/tensorflow-mri/PipelineFolder.json
[2025-03-19 12:34:47Z INFO PipelineDirectoryManager] Updating job run properties.
[2025-03-19 12:34:47Z INFO HostContext] Well known directory 'Bin': '/home/jenny/tensorflow-mri/actions-runner/bin'
[2025-03-19 12:34:47Z INFO HostContext] Well known directory 'Root': '/home/jenny/tensorflow-mri/actions-runner'
[2025-03-19 12:34:47Z INFO HostContext] Well known directory 'Work': '/home/jenny/tensorflow-mri/actions-runner/_work'
[2025-03-19 12:34:47Z INFO HostContext] Well known directory 'Bin': '/home/jenny/tensorflow-mri/actions-runner/bin'
[2025-03-19 12:34:47Z INFO HostContext] Well known directory 'Root': '/home/jenny/tensorflow-mri/actions-runner'
[2025-03-19 12:34:47Z INFO HostContext] Well known directory 'Work': '/home/jenny/tensorflow-mri/actions-runner/_work'
[2025-03-19 12:34:47Z INFO HostContext] Well known directory 'Bin': '/home/jenny/tensorflow-mri/actions-runner/bin'
[2025-03-19 12:34:47Z INFO HostContext] Well known directory 'Root': '/home/jenny/tensorflow-mri/actions-runner'
[2025-03-19 12:34:47Z INFO HostContext] Well known directory 'Work': '/home/jenny/tensorflow-mri/actions-runner/_work'
[2025-03-19 12:34:48Z INFO HostContext] Well known directory 'Bin': '/home/jenny/tensorflow-mri/actions-runner/bin'
[2025-03-19 12:34:48Z INFO HostContext] Well known directory 'Root': '/home/jenny/tensorflow-mri/actions-runner'
[2025-03-19 12:34:48Z INFO HostContext] Well known directory 'Work': '/home/jenny/tensorflow-mri/actions-runner/_work'
[2025-03-19 12:34:48Z INFO HostContext] Well known directory 'Bin': '/home/jenny/tensorflow-mri/actions-runner/bin'
[2025-03-19 12:34:48Z INFO HostContext] Well known directory 'Root': '/home/jenny/tensorflow-mri/actions-runner'
[2025-03-19 12:34:48Z INFO HostContext] Well known directory 'Work': '/home/jenny/tensorflow-mri/actions-runner/_work'
[2025-03-19 12:34:48Z INFO HostContext] Well known directory 'Tools': '/home/jenny/tensorflow-mri/actions-runner/_work/_tool'
[2025-03-19 12:34:48Z INFO HostContext] Well known directory 'Bin': '/home/jenny/tensorflow-mri/actions-runner/bin'
[2025-03-19 12:34:48Z INFO HostContext] Well known directory 'Root': '/home/jenny/tensorflow-mri/actions-runner'
[2025-03-19 12:34:48Z INFO HostContext] Well known directory 'Externals': '/home/jenny/tensorflow-mri/actions-runner/externals'
[2025-03-19 12:34:48Z INFO JobExtension] Downloading actions
[2025-03-19 12:34:48Z INFO HostContext] Well known directory 'Bin': '/home/jenny/tensorflow-mri/actions-runner/bin'
[2025-03-19 12:34:48Z INFO HostContext] Well known directory 'Root': '/home/jenny/tensorflow-mri/actions-runner'
[2025-03-19 12:34:48Z INFO HostContext] Well known directory 'Work': '/home/jenny/tensorflow-mri/actions-runner/_work'
[2025-03-19 12:34:48Z INFO HostContext] Well known directory 'Actions': '/home/jenny/tensorflow-mri/actions-runner/_work/_actions'
[2025-03-19 12:34:48Z INFO Worker] Listening for cancel message from the channel.
[2025-03-19 12:34:48Z INFO Worker] Waiting for the job to complete or for a cancel message from the channel.
[2025-03-19 12:34:48Z INFO ResultServer] Successfully started websocket client.
[2025-03-19 12:34:48Z INFO JobServerQueue] Try to append 1 batches web console lines for record '5caa82c7-d3fa-440e-8fba-21e9e6636cc4', success rate: 1/1.
[2025-03-19 12:34:48Z INFO HostContext] Well known directory 'Bin': '/home/jenny/tensorflow-mri/actions-runner/bin'
[2025-03-19 12:34:48Z INFO HostContext] Well known directory 'Root': '/home/jenny/tensorflow-mri/actions-runner'
[2025-03-19 12:34:48Z INFO HostContext] Well known directory 'Work': '/home/jenny/tensorflow-mri/actions-runner/_work'
[2025-03-19 12:34:48Z INFO HostContext] Well known directory 'Actions': '/home/jenny/tensorflow-mri/actions-runner/_work/_actions'
[2025-03-19 12:34:48Z INFO HostContext] Well known directory 'Bin': '/home/jenny/tensorflow-mri/actions-runner/bin'
[2025-03-19 12:34:48Z INFO HostContext] Well known directory 'Root': '/home/jenny/tensorflow-mri/actions-runner'
[2025-03-19 12:34:48Z INFO HostContext] Well known directory 'Work': '/home/jenny/tensorflow-mri/actions-runner/_work'
[2025-03-19 12:34:48Z INFO HostContext] Well known directory 'Actions': '/home/jenny/tensorflow-mri/actions-runner/_work/_actions'
[2025-03-19 12:34:48Z INFO ActionManager] Save archive 'https://api.github.com/repos/actions/checkout/tarball/11bd71901bbe5b1630ceea73d27597364c9af683' into /home/jenny/tensorflow-mri/actions-runner/_work/_actions/_temp_7408420d-8c29-40ca-8d2f-a9167e6d6abf/2983389b-b360-49d3-ac37-f590b311c194.tar.gz.
[2025-03-19 12:34:48Z INFO JobServerQueue] Try to append 1 batches web console lines for record '5caa82c7-d3fa-440e-8fba-21e9e6636cc4', success rate: 1/1.
[2025-03-19 12:34:48Z INFO JobServerQueue] Job timeline record has been updated for the first time.
[2025-03-19 12:34:48Z INFO ActionManager] Request URL: https://api.github.com/repos/actions/checkout/tarball/11bd71901bbe5b1630ceea73d27597364c9af683 X-GitHub-Request-Id: 8BE0:133948:10D7:30E3:67DAB9E8 Http Status: OK
[2025-03-19 12:34:48Z INFO ActionManager] Which2: 'tar'
[2025-03-19 12:34:48Z INFO ActionManager] Location: '/usr/bin/tar'
[2025-03-19 12:34:48Z INFO ProcessInvokerWrapper] Starting process:
[2025-03-19 12:34:48Z INFO ProcessInvokerWrapper]   File name: '/usr/bin/tar'
[2025-03-19 12:34:48Z INFO ProcessInvokerWrapper]   Arguments: '-xzf "/home/jenny/tensorflow-mri/actions-runner/_work/_actions/_temp_7408420d-8c29-40ca-8d2f-a9167e6d6abf/2983389b-b360-49d3-ac37-f590b311c194.tar.gz"'
[2025-03-19 12:34:48Z INFO ProcessInvokerWrapper]   Working directory: '/home/jenny/tensorflow-mri/actions-runner/_work/_actions/_temp_7408420d-8c29-40ca-8d2f-a9167e6d6abf/_staging'
[2025-03-19 12:34:48Z INFO ProcessInvokerWrapper]   Require exit code zero: 'False'
[2025-03-19 12:34:48Z INFO ProcessInvokerWrapper]   Encoding web name:  ; code page: ''
[2025-03-19 12:34:48Z INFO ProcessInvokerWrapper]   Force kill process on cancellation: 'False'
[2025-03-19 12:34:48Z INFO ProcessInvokerWrapper]   Redirected STDIN: 'False'
[2025-03-19 12:34:48Z INFO ProcessInvokerWrapper]   Persist current code page: 'False'
[2025-03-19 12:34:48Z INFO ProcessInvokerWrapper]   Keep redirected STDIN open: 'False'
[2025-03-19 12:34:48Z INFO ProcessInvokerWrapper]   High priority process: 'False'
[2025-03-19 12:34:48Z INFO ProcessInvokerWrapper] Updated oom_score_adj to 500 for PID: 1444301.
[2025-03-19 12:34:48Z INFO ProcessInvokerWrapper] Process started with process id 1444301, waiting for process exit.
[2025-03-19 12:34:48Z INFO ProcessInvokerWrapper] STDOUT/STDERR stream read finished.
[2025-03-19 12:34:48Z INFO ProcessInvokerWrapper] STDOUT/STDERR stream read finished.
[2025-03-19 12:34:48Z INFO ProcessInvokerWrapper] Finished process 1444301 with exit code 0, and elapsed time 00:00:00.0124152.
[2025-03-19 12:34:48Z INFO ActionManager] Finished getting action repository.
[2025-03-19 12:34:48Z INFO HostContext] Well known directory 'Bin': '/home/jenny/tensorflow-mri/actions-runner/bin'
[2025-03-19 12:34:48Z INFO HostContext] Well known directory 'Root': '/home/jenny/tensorflow-mri/actions-runner'
[2025-03-19 12:34:48Z INFO HostContext] Well known directory 'Work': '/home/jenny/tensorflow-mri/actions-runner/_work'
[2025-03-19 12:34:48Z INFO HostContext] Well known directory 'Actions': '/home/jenny/tensorflow-mri/actions-runner/_work/_actions'
[2025-03-19 12:34:48Z INFO HostContext] Well known directory 'Bin': '/home/jenny/tensorflow-mri/actions-runner/bin'
[2025-03-19 12:34:48Z INFO HostContext] Well known directory 'Root': '/home/jenny/tensorflow-mri/actions-runner'
[2025-03-19 12:34:48Z INFO HostContext] Well known directory 'Work': '/home/jenny/tensorflow-mri/actions-runner/_work'
[2025-03-19 12:34:48Z INFO HostContext] Well known directory 'Actions': '/home/jenny/tensorflow-mri/actions-runner/_work/_actions'
[2025-03-19 12:34:48Z INFO ActionManager] Save archive 'https://api.github.com/repos/actions/upload-artifact/tarball/4cec3d8aa04e39d1a68397de0c4cd6fb9dce8ec1' into /home/jenny/tensorflow-mri/actions-runner/_work/_actions/_temp_a2031fa8-9d6c-473e-89da-626288d27039/ff04c232-fcb5-4a31-a16f-a93f3a3f4e80.tar.gz.
[2025-03-19 12:34:48Z INFO JobServerQueue] Try to append 1 batches web console lines for record '5caa82c7-d3fa-440e-8fba-21e9e6636cc4', success rate: 1/1.
[2025-03-19 12:34:49Z INFO ActionManager] Request URL: https://api.github.com/repos/actions/upload-artifact/tarball/4cec3d8aa04e39d1a68397de0c4cd6fb9dce8ec1 X-GitHub-Request-Id: 8BE2:3EE349:0EC8:2EEE:67DAB9E8 Http Status: OK
[2025-03-19 12:34:49Z INFO ActionManager] Which2: 'tar'
[2025-03-19 12:34:49Z INFO ActionManager] Location: '/usr/bin/tar'
[2025-03-19 12:34:49Z INFO ProcessInvokerWrapper] Starting process:
[2025-03-19 12:34:49Z INFO ProcessInvokerWrapper]   File name: '/usr/bin/tar'
[2025-03-19 12:34:49Z INFO ProcessInvokerWrapper]   Arguments: '-xzf "/home/jenny/tensorflow-mri/actions-runner/_work/_actions/_temp_a2031fa8-9d6c-473e-89da-626288d27039/ff04c232-fcb5-4a31-a16f-a93f3a3f4e80.tar.gz"'
[2025-03-19 12:34:49Z INFO ProcessInvokerWrapper]   Working directory: '/home/jenny/tensorflow-mri/actions-runner/_work/_actions/_temp_a2031fa8-9d6c-473e-89da-626288d27039/_staging'
[2025-03-19 12:34:49Z INFO ProcessInvokerWrapper]   Require exit code zero: 'False'
[2025-03-19 12:34:49Z INFO ProcessInvokerWrapper]   Encoding web name:  ; code page: ''
[2025-03-19 12:34:49Z INFO ProcessInvokerWrapper]   Force kill process on cancellation: 'False'
[2025-03-19 12:34:49Z INFO ProcessInvokerWrapper]   Redirected STDIN: 'False'
[2025-03-19 12:34:49Z INFO ProcessInvokerWrapper]   Persist current code page: 'False'
[2025-03-19 12:34:49Z INFO ProcessInvokerWrapper]   Keep redirected STDIN open: 'False'
[2025-03-19 12:34:49Z INFO ProcessInvokerWrapper]   High priority process: 'False'
[2025-03-19 12:34:49Z INFO ProcessInvokerWrapper] Updated oom_score_adj to 500 for PID: 1444312.
[2025-03-19 12:34:49Z INFO ProcessInvokerWrapper] Process started with process id 1444312, waiting for process exit.
[2025-03-19 12:34:49Z INFO ProcessInvokerWrapper] STDOUT/STDERR stream read finished.
[2025-03-19 12:34:49Z INFO ProcessInvokerWrapper] STDOUT/STDERR stream read finished.
[2025-03-19 12:34:49Z INFO ProcessInvokerWrapper] Finished process 1444312 with exit code 0, and elapsed time 00:00:00.0474090.
[2025-03-19 12:34:49Z INFO ActionManager] Finished getting action repository.
[2025-03-19 12:34:49Z INFO HostContext] Well known directory 'Bin': '/home/jenny/tensorflow-mri/actions-runner/bin'
[2025-03-19 12:34:49Z INFO HostContext] Well known directory 'Root': '/home/jenny/tensorflow-mri/actions-runner'
[2025-03-19 12:34:49Z INFO HostContext] Well known directory 'Work': '/home/jenny/tensorflow-mri/actions-runner/_work'
[2025-03-19 12:34:49Z INFO HostContext] Well known directory 'Actions': '/home/jenny/tensorflow-mri/actions-runner/_work/_actions'
[2025-03-19 12:34:49Z INFO HostContext] Well known directory 'Bin': '/home/jenny/tensorflow-mri/actions-runner/bin'
[2025-03-19 12:34:49Z INFO HostContext] Well known directory 'Root': '/home/jenny/tensorflow-mri/actions-runner'
[2025-03-19 12:34:49Z INFO HostContext] Well known directory 'Work': '/home/jenny/tensorflow-mri/actions-runner/_work'
[2025-03-19 12:34:49Z INFO HostContext] Well known directory 'Actions': '/home/jenny/tensorflow-mri/actions-runner/_work/_actions'
[2025-03-19 12:34:49Z INFO HostContext] Well known directory 'Bin': '/home/jenny/tensorflow-mri/actions-runner/bin'
[2025-03-19 12:34:49Z INFO HostContext] Well known directory 'Root': '/home/jenny/tensorflow-mri/actions-runner'
[2025-03-19 12:34:49Z INFO HostContext] Well known directory 'Work': '/home/jenny/tensorflow-mri/actions-runner/_work'
[2025-03-19 12:34:49Z INFO HostContext] Well known directory 'Actions': '/home/jenny/tensorflow-mri/actions-runner/_work/_actions'
[2025-03-19 12:34:49Z INFO ActionManager] Save archive 'https://api.github.com/repos/pypa/gh-action-pypi-publish/tarball/22b4d1f12511f2696162c08546dafbaa903448a2' into /home/jenny/tensorflow-mri/actions-runner/_work/_actions/_temp_acd41682-d366-45b3-a653-a65dc7d37df9/50df9494-4408-4cda-a7b8-5eecc78308c8.tar.gz.
[2025-03-19 12:34:49Z INFO JobServerQueue] Try to append 1 batches web console lines for record '5caa82c7-d3fa-440e-8fba-21e9e6636cc4', success rate: 1/1.
[2025-03-19 12:34:49Z INFO ActionManager] Request URL: https://api.github.com/repos/pypa/gh-action-pypi-publish/tarball/22b4d1f12511f2696162c08546dafbaa903448a2 X-GitHub-Request-Id: 8BF2:2E8FC7:0D7D:2D8F:67DAB9E9 Http Status: OK
[2025-03-19 12:34:49Z INFO ActionManager] Which2: 'tar'
[2025-03-19 12:34:49Z INFO ActionManager] Location: '/usr/bin/tar'
[2025-03-19 12:34:49Z INFO ProcessInvokerWrapper] Starting process:
[2025-03-19 12:34:49Z INFO ProcessInvokerWrapper]   File name: '/usr/bin/tar'
[2025-03-19 12:34:49Z INFO ProcessInvokerWrapper]   Arguments: '-xzf "/home/jenny/tensorflow-mri/actions-runner/_work/_actions/_temp_acd41682-d366-45b3-a653-a65dc7d37df9/50df9494-4408-4cda-a7b8-5eecc78308c8.tar.gz"'
[2025-03-19 12:34:49Z INFO ProcessInvokerWrapper]   Working directory: '/home/jenny/tensorflow-mri/actions-runner/_work/_actions/_temp_acd41682-d366-45b3-a653-a65dc7d37df9/_staging'
[2025-03-19 12:34:49Z INFO ProcessInvokerWrapper]   Require exit code zero: 'False'
[2025-03-19 12:34:49Z INFO ProcessInvokerWrapper]   Encoding web name:  ; code page: ''
[2025-03-19 12:34:49Z INFO ProcessInvokerWrapper]   Force kill process on cancellation: 'False'
[2025-03-19 12:34:49Z INFO ProcessInvokerWrapper]   Redirected STDIN: 'False'
[2025-03-19 12:34:49Z INFO ProcessInvokerWrapper]   Persist current code page: 'False'
[2025-03-19 12:34:49Z INFO ProcessInvokerWrapper]   Keep redirected STDIN open: 'False'
[2025-03-19 12:34:49Z INFO ProcessInvokerWrapper]   High priority process: 'False'
[2025-03-19 12:34:49Z INFO ProcessInvokerWrapper] Updated oom_score_adj to 500 for PID: 1444335.
[2025-03-19 12:34:49Z INFO ProcessInvokerWrapper] Process started with process id 1444335, waiting for process exit.
[2025-03-19 12:34:49Z INFO ProcessInvokerWrapper] STDOUT/STDERR stream read finished.
[2025-03-19 12:34:49Z INFO ProcessInvokerWrapper] STDOUT/STDERR stream read finished.
[2025-03-19 12:34:49Z INFO ProcessInvokerWrapper] Finished process 1444335 with exit code 0, and elapsed time 00:00:00.0028358.
[2025-03-19 12:34:49Z INFO ActionManager] Finished getting action repository.
[2025-03-19 12:34:49Z INFO HostContext] Well known directory 'Bin': '/home/jenny/tensorflow-mri/actions-runner/bin'
[2025-03-19 12:34:49Z INFO HostContext] Well known directory 'Root': '/home/jenny/tensorflow-mri/actions-runner'
[2025-03-19 12:34:49Z INFO HostContext] Well known directory 'Work': '/home/jenny/tensorflow-mri/actions-runner/_work'
[2025-03-19 12:34:49Z INFO HostContext] Well known directory 'Actions': '/home/jenny/tensorflow-mri/actions-runner/_work/_actions'
[2025-03-19 12:34:49Z INFO ActionManifestManager] Load schema file with definitions: [
  "null",
  "boolean",
  "number",
  "string",
  "sequence",
  "mapping",
  "any",
  "action-root",
  "inputs",
  "input",
  "outputs",
  "output-definition",
  "runs",
  "container-runs",
  "container-runs-args",
  "container-runs-env",
  "node-runs",
  "plugin-runs",
  "composite-runs",
  "composite-steps",
  "composite-step",
  "run-step",
  "uses-step",
  "container-runs-context",
  "output-value",
  "input-default-context",
  "non-empty-string",
  "string-steps-context",
  "boolean-steps-context",
  "step-env",
  "step-if",
  "step-with"
]
[2025-03-19 12:34:49Z INFO HostContext] Well known directory 'Bin': '/home/jenny/tensorflow-mri/actions-runner/bin'
[2025-03-19 12:34:49Z INFO HostContext] Well known directory 'Root': '/home/jenny/tensorflow-mri/actions-runner'
[2025-03-19 12:34:49Z INFO HostContext] Well known directory 'Work': '/home/jenny/tensorflow-mri/actions-runner/_work'
[2025-03-19 12:34:49Z INFO HostContext] Well known directory 'Actions': '/home/jenny/tensorflow-mri/actions-runner/_work/_actions'
[2025-03-19 12:34:49Z INFO ActionManifestManager] Loaded action.yml file: {
  "name": "Checkout",
  "description": "Checkout a Git repository at a particular version",
  "inputs": {
    "type": 2,
    "map": [
      {
        "key": {
          "type": 0,
          "file": 2,
          "line": 4,
          "col": 3,
          "lit": "repository"
        },
        "value": {
          "type": 3,
          "file": 2,
          "line": 6,
          "col": 14,
          "expr": "github.repository"
        }
      },
      {
        "key": {
          "type": 0,
          "file": 2,
          "line": 7,
          "col": 3,
          "lit": "ref"
        },
        "value": ""
      },
      {
        "key": {
          "type": 0,
          "file": 2,
          "line": 12,
          "col": 3,
          "lit": "token"
        },
        "value": {
          "type": 3,
          "file": 2,
          "line": 24,
          "col": 14,
          "expr": "github.token"
        }
      },
      {
        "key": {
          "type": 0,
          "file": 2,
          "line": 25,
          "col": 3,
          "lit": "ssh-key"
        },
        "value": ""
      },
      {
        "key": {
          "type": 0,
          "file": 2,
          "line": 37,
          "col": 3,
          "lit": "ssh-known-hosts"
        },
        "value": ""
      },
      {
        "key": {
          "type": 0,
          "file": 2,
          "line": 42,
          "col": 3,
          "lit": "ssh-strict"
        },
        "value": {
          "type": 0,
          "file": 2,
          "line": 47,
          "col": 14,
          "lit": "true"
        }
      },
      {
        "key": {
          "type": 0,
          "file": 2,
          "line": 48,
          "col": 3,
          "lit": "ssh-user"
        },
        "value": {
          "type": 0,
          "file": 2,
          "line": 51,
          "col": 14,
          "lit": "git"
        }
      },
      {
        "key": {
          "type": 0,
          "file": 2,
          "line": 52,
          "col": 3,
          "lit": "persist-credentials"
        },
        "value": {
          "type": 0,
          "file": 2,
          "line": 54,
          "col": 14,
          "lit": "true"
        }
      },
      {
        "key": {
          "type": 0,
          "file": 2,
          "line": 55,
          "col": 3,
          "lit": "path"
        },
        "value": ""
      },
      {
        "key": {
          "type": 0,
          "file": 2,
          "line": 57,
          "col": 3,
          "lit": "clean"
        },
        "value": {
          "type": 0,
          "file": 2,
          "line": 59,
          "col": 14,
          "lit": "true"
        }
      },
      {
        "key": {
          "type": 0,
          "file": 2,
          "line": 60,
          "col": 3,
          "lit": "filter"
        },
        "value": {
          "type": 0,
          "file": 2,
          "line": 64,
          "col": 14,
          "lit": ""
        }
      },
      {
        "key": {
          "type": 0,
          "file": 2,
          "line": 65,
          "col": 3,
          "lit": "sparse-checkout"
        },
        "value": {
          "type": 0,
          "file": 2,
          "line": 69,
          "col": 14,
          "lit": ""
        }
      },
      {
        "key": {
          "type": 0,
          "file": 2,
          "line": 70,
          "col": 3,
          "lit": "sparse-checkout-cone-mode"
        },
        "value": {
          "type": 0,
          "file": 2,
          "line": 73,
          "col": 14,
          "lit": "true"
        }
      },
      {
        "key": {
          "type": 0,
          "file": 2,
          "line": 74,
          "col": 3,
          "lit": "fetch-depth"
        },
        "value": {
          "type": 0,
          "file": 2,
          "line": 76,
          "col": 14,
          "lit": "1"
        }
      },
      {
        "key": {
          "type": 0,
          "file": 2,
          "line": 77,
          "col": 3,
          "lit": "fetch-tags"
        },
        "value": {
          "type": 0,
          "file": 2,
          "line": 79,
          "col": 14,
          "lit": "false"
        }
      },
      {
        "key": {
          "type": 0,
          "file": 2,
          "line": 80,
          "col": 3,
          "lit": "show-progress"
        },
        "value": {
          "type": 0,
          "file": 2,
          "line": 82,
          "col": 14,
          "lit": "true"
        }
      },
      {
        "key": {
          "type": 0,
          "file": 2,
          "line": 83,
          "col": 3,
          "lit": "lfs"
        },
        "value": {
          "type": 0,
          "file": 2,
          "line": 85,
          "col": 14,
          "lit": "false"
        }
      },
      {
        "key": {
          "type": 0,
          "file": 2,
          "line": 86,
          "col": 3,
          "lit": "submodules"
        },
        "value": {
          "type": 0,
          "file": 2,
          "line": 94,
          "col": 14,
          "lit": "false"
        }
      },
      {
        "key": {
          "type": 0,
          "file": 2,
          "line": 95,
          "col": 3,
          "lit": "set-safe-directory"
        },
        "value": {
          "type": 0,
          "file": 2,
          "line": 97,
          "col": 14,
          "lit": "true"
        }
      },
      {
        "key": {
          "type": 0,
          "file": 2,
          "line": 98,
          "col": 3,
          "lit": "github-server-url"
        },
        "value": ""
      }
    ]
  },
  "execution": {
    "executionType": "nodeJS",
    "hasPre": false,
    "hasPost": true,
    "script": "dist/index.js",
    "pre": null,
    "post": "dist/index.js",
    "nodeVersion": "node20",
    "cleanupCondition": "always()",
    "initCondition": "always()"
  },
  "deprecated": null
}
[2025-03-19 12:34:49Z INFO ActionManager] Action node.js file: dist/index.js, no more preparation.
[2025-03-19 12:34:49Z INFO HostContext] Well known directory 'Bin': '/home/jenny/tensorflow-mri/actions-runner/bin'
[2025-03-19 12:34:49Z INFO HostContext] Well known directory 'Root': '/home/jenny/tensorflow-mri/actions-runner'
[2025-03-19 12:34:49Z INFO HostContext] Well known directory 'Work': '/home/jenny/tensorflow-mri/actions-runner/_work'
[2025-03-19 12:34:49Z INFO HostContext] Well known directory 'Actions': '/home/jenny/tensorflow-mri/actions-runner/_work/_actions'
[2025-03-19 12:34:49Z INFO ActionManager] Load action that reference repository from '/home/jenny/tensorflow-mri/actions-runner/_work/_actions/actions/checkout/v4'
[2025-03-19 12:34:49Z INFO HostContext] Well known directory 'Bin': '/home/jenny/tensorflow-mri/actions-runner/bin'
[2025-03-19 12:34:49Z INFO HostContext] Well known directory 'Root': '/home/jenny/tensorflow-mri/actions-runner'
[2025-03-19 12:34:49Z INFO HostContext] Well known directory 'Work': '/home/jenny/tensorflow-mri/actions-runner/_work'
[2025-03-19 12:34:49Z INFO HostContext] Well known directory 'Actions': '/home/jenny/tensorflow-mri/actions-runner/_work/_actions'
[2025-03-19 12:34:49Z INFO ActionManifestManager] Loaded action.yml file: {
  "name": "Checkout",
  "description": "Checkout a Git repository at a particular version",
  "inputs": {
    "type": 2,
    "map": [
      {
        "key": {
          "type": 0,
          "file": 2,
          "line": 4,
          "col": 3,
          "lit": "repository"
        },
        "value": {
          "type": 3,
          "file": 2,
          "line": 6,
          "col": 14,
          "expr": "github.repository"
        }
      },
      {
        "key": {
          "type": 0,
          "file": 2,
          "line": 7,
          "col": 3,
          "lit": "ref"
        },
        "value": ""
      },
      {
        "key": {
          "type": 0,
          "file": 2,
          "line": 12,
          "col": 3,
          "lit": "token"
        },
        "value": {
          "type": 3,
          "file": 2,
          "line": 24,
          "col": 14,
          "expr": "github.token"
        }
      },
      {
        "key": {
          "type": 0,
          "file": 2,
          "line": 25,
          "col": 3,
          "lit": "ssh-key"
        },
        "value": ""
      },
      {
        "key": {
          "type": 0,
          "file": 2,
          "line": 37,
          "col": 3,
          "lit": "ssh-known-hosts"
        },
        "value": ""
      },
      {
        "key": {
          "type": 0,
          "file": 2,
          "line": 42,
          "col": 3,
          "lit": "ssh-strict"
        },
        "value": {
          "type": 0,
          "file": 2,
          "line": 47,
          "col": 14,
          "lit": "true"
        }
      },
      {
        "key": {
          "type": 0,
          "file": 2,
          "line": 48,
          "col": 3,
          "lit": "ssh-user"
        },
        "value": {
          "type": 0,
          "file": 2,
          "line": 51,
          "col": 14,
          "lit": "git"
        }
      },
      {
        "key": {
          "type": 0,
          "file": 2,
          "line": 52,
          "col": 3,
          "lit": "persist-credentials"
        },
        "value": {
          "type": 0,
          "file": 2,
          "line": 54,
          "col": 14,
          "lit": "true"
        }
      },
      {
        "key": {
          "type": 0,
          "file": 2,
          "line": 55,
          "col": 3,
          "lit": "path"
        },
        "value": ""
      },
      {
        "key": {
          "type": 0,
          "file": 2,
          "line": 57,
          "col": 3,
          "lit": "clean"
        },
        "value": {
          "type": 0,
          "file": 2,
          "line": 59,
          "col": 14,
          "lit": "true"
        }
      },
      {
        "key": {
          "type": 0,
          "file": 2,
          "line": 60,
          "col": 3,
          "lit": "filter"
        },
        "value": {
          "type": 0,
          "file": 2,
          "line": 64,
          "col": 14,
          "lit": ""
        }
      },
      {
        "key": {
          "type": 0,
          "file": 2,
          "line": 65,
          "col": 3,
          "lit": "sparse-checkout"
        },
        "value": {
          "type": 0,
          "file": 2,
          "line": 69,
          "col": 14,
          "lit": ""
        }
      },
      {
        "key": {
          "type": 0,
          "file": 2,
          "line": 70,
          "col": 3,
          "lit": "sparse-checkout-cone-mode"
        },
        "value": {
          "type": 0,
          "file": 2,
          "line": 73,
          "col": 14,
          "lit": "true"
        }
      },
      {
        "key": {
          "type": 0,
          "file": 2,
          "line": 74,
          "col": 3,
          "lit": "fetch-depth"
        },
        "value": {
          "type": 0,
          "file": 2,
          "line": 76,
          "col": 14,
          "lit": "1"
        }
      },
      {
        "key": {
          "type": 0,
          "file": 2,
          "line": 77,
          "col": 3,
          "lit": "fetch-tags"
        },
        "value": {
          "type": 0,
          "file": 2,
          "line": 79,
          "col": 14,
          "lit": "false"
        }
      },
      {
        "key": {
          "type": 0,
          "file": 2,
          "line": 80,
          "col": 3,
          "lit": "show-progress"
        },
        "value": {
          "type": 0,
          "file": 2,
          "line": 82,
          "col": 14,
          "lit": "true"
        }
      },
      {
        "key": {
          "type": 0,
          "file": 2,
          "line": 83,
          "col": 3,
          "lit": "lfs"
        },
        "value": {
          "type": 0,
          "file": 2,
          "line": 85,
          "col": 14,
          "lit": "false"
        }
      },
      {
        "key": {
          "type": 0,
          "file": 2,
          "line": 86,
          "col": 3,
          "lit": "submodules"
        },
        "value": {
          "type": 0,
          "file": 2,
          "line": 94,
          "col": 14,
          "lit": "false"
        }
      },
      {
        "key": {
          "type": 0,
          "file": 2,
          "line": 95,
          "col": 3,
          "lit": "set-safe-directory"
        },
        "value": {
          "type": 0,
          "file": 2,
          "line": 97,
          "col": 14,
          "lit": "true"
        }
      },
      {
        "key": {
          "type": 0,
          "file": 2,
          "line": 98,
          "col": 3,
          "lit": "github-server-url"
        },
        "value": ""
      }
    ]
  },
  "execution": {
    "executionType": "nodeJS",
    "hasPre": false,
    "hasPost": true,
    "script": "dist/index.js",
    "pre": null,
    "post": "dist/index.js",
    "nodeVersion": "node20",
    "cleanupCondition": "always()",
    "initCondition": "always()"
  },
  "deprecated": null
}
[2025-03-19 12:34:49Z INFO ActionManager] Action pre node.js file: N/A.
[2025-03-19 12:34:49Z INFO ActionManager] Action node.js file: dist/index.js.
[2025-03-19 12:34:49Z INFO ActionManager] Action post node.js file: dist/index.js.
[2025-03-19 12:34:49Z INFO HostContext] Well known directory 'Bin': '/home/jenny/tensorflow-mri/actions-runner/bin'
[2025-03-19 12:34:49Z INFO HostContext] Well known directory 'Root': '/home/jenny/tensorflow-mri/actions-runner'
[2025-03-19 12:34:49Z INFO HostContext] Well known directory 'Work': '/home/jenny/tensorflow-mri/actions-runner/_work'
[2025-03-19 12:34:49Z INFO HostContext] Well known directory 'Actions': '/home/jenny/tensorflow-mri/actions-runner/_work/_actions'
[2025-03-19 12:34:49Z INFO HostContext] Well known directory 'Bin': '/home/jenny/tensorflow-mri/actions-runner/bin'
[2025-03-19 12:34:49Z INFO HostContext] Well known directory 'Root': '/home/jenny/tensorflow-mri/actions-runner'
[2025-03-19 12:34:49Z INFO HostContext] Well known directory 'Work': '/home/jenny/tensorflow-mri/actions-runner/_work'
[2025-03-19 12:34:49Z INFO HostContext] Well known directory 'Actions': '/home/jenny/tensorflow-mri/actions-runner/_work/_actions'
[2025-03-19 12:34:49Z INFO ActionManifestManager] Ignore action property author.
[2025-03-19 12:34:49Z INFO ActionManifestManager] Loaded action.yml file: {
  "name": "Upload a Build Artifact",
  "description": "Upload a build artifact that can be used by subsequent workflow steps",
  "inputs": {
    "type": 2,
    "map": [
      {
        "key": {
          "type": 0,
          "file": 3,
          "line": 5,
          "col": 3,
          "lit": "name"
        },
        "value": {
          "type": 0,
          "file": 3,
          "line": 7,
          "col": 14,
          "lit": "artifact"
        }
      },
      {
        "key": {
          "type": 0,
          "file": 3,
          "line": 8,
          "col": 3,
          "lit": "path"
        },
        "value": ""
      },
      {
        "key": {
          "type": 0,
          "file": 3,
          "line": 11,
          "col": 3,
          "lit": "if-no-files-found"
        },
        "value": {
          "type": 0,
          "file": 3,
          "line": 19,
          "col": 14,
          "lit": "warn"
        }
      },
      {
        "key": {
          "type": 0,
          "file": 3,
          "line": 20,
          "col": 3,
          "lit": "retention-days"
        },
        "value": ""
      },
      {
        "key": {
          "type": 0,
          "file": 3,
          "line": 26,
          "col": 3,
          "lit": "compression-level"
        },
        "value": {
          "type": 0,
          "file": 3,
          "line": 36,
          "col": 14,
          "lit": "6"
        }
      },
      {
        "key": {
          "type": 0,
          "file": 3,
          "line": 37,
          "col": 3,
          "lit": "overwrite"
        },
        "value": {
          "type": 0,
          "file": 3,
          "line": 42,
          "col": 14,
          "lit": "false"
        }
      },
      {
        "key": {
          "type": 0,
          "file": 3,
          "line": 43,
          "col": 3,
          "lit": "include-hidden-files"
        },
        "value": {
          "type": 0,
          "file": 3,
          "line": 47,
          "col": 14,
          "lit": "false"
        }
      }
    ]
  },
  "execution": {
    "executionType": "nodeJS",
    "hasPre": false,
    "hasPost": false,
    "script": "dist/upload/index.js",
    "pre": null,
    "post": null,
    "nodeVersion": "node20",
    "cleanupCondition": "always()",
    "initCondition": "always()"
  },
  "deprecated": null
}
[2025-03-19 12:34:49Z INFO ActionManager] Action node.js file: dist/upload/index.js, no more preparation.
[2025-03-19 12:34:49Z INFO HostContext] Well known directory 'Bin': '/home/jenny/tensorflow-mri/actions-runner/bin'
[2025-03-19 12:34:49Z INFO HostContext] Well known directory 'Root': '/home/jenny/tensorflow-mri/actions-runner'
[2025-03-19 12:34:49Z INFO HostContext] Well known directory 'Work': '/home/jenny/tensorflow-mri/actions-runner/_work'
[2025-03-19 12:34:49Z INFO HostContext] Well known directory 'Actions': '/home/jenny/tensorflow-mri/actions-runner/_work/_actions'
[2025-03-19 12:34:49Z INFO ActionManager] Load action that reference repository from '/home/jenny/tensorflow-mri/actions-runner/_work/_actions/actions/upload-artifact/v4'
[2025-03-19 12:34:49Z INFO HostContext] Well known directory 'Bin': '/home/jenny/tensorflow-mri/actions-runner/bin'
[2025-03-19 12:34:49Z INFO HostContext] Well known directory 'Root': '/home/jenny/tensorflow-mri/actions-runner'
[2025-03-19 12:34:49Z INFO HostContext] Well known directory 'Work': '/home/jenny/tensorflow-mri/actions-runner/_work'
[2025-03-19 12:34:49Z INFO HostContext] Well known directory 'Actions': '/home/jenny/tensorflow-mri/actions-runner/_work/_actions'
[2025-03-19 12:34:49Z INFO ActionManifestManager] Ignore action property author.
[2025-03-19 12:34:49Z INFO ActionManifestManager] Loaded action.yml file: {
  "name": "Upload a Build Artifact",
  "description": "Upload a build artifact that can be used by subsequent workflow steps",
  "inputs": {
    "type": 2,
    "map": [
      {
        "key": {
          "type": 0,
          "file": 3,
          "line": 5,
          "col": 3,
          "lit": "name"
        },
        "value": {
          "type": 0,
          "file": 3,
          "line": 7,
          "col": 14,
          "lit": "artifact"
        }
      },
      {
        "key": {
          "type": 0,
          "file": 3,
          "line": 8,
          "col": 3,
          "lit": "path"
        },
        "value": ""
      },
      {
        "key": {
          "type": 0,
          "file": 3,
          "line": 11,
          "col": 3,
          "lit": "if-no-files-found"
        },
        "value": {
          "type": 0,
          "file": 3,
          "line": 19,
          "col": 14,
          "lit": "warn"
        }
      },
      {
        "key": {
          "type": 0,
          "file": 3,
          "line": 20,
          "col": 3,
          "lit": "retention-days"
        },
        "value": ""
      },
      {
        "key": {
          "type": 0,
          "file": 3,
          "line": 26,
          "col": 3,
          "lit": "compression-level"
        },
        "value": {
          "type": 0,
          "file": 3,
          "line": 36,
          "col": 14,
          "lit": "6"
        }
      },
      {
        "key": {
          "type": 0,
          "file": 3,
          "line": 37,
          "col": 3,
          "lit": "overwrite"
        },
        "value": {
          "type": 0,
          "file": 3,
          "line": 42,
          "col": 14,
          "lit": "false"
        }
      },
      {
        "key": {
          "type": 0,
          "file": 3,
          "line": 43,
          "col": 3,
          "lit": "include-hidden-files"
        },
        "value": {
          "type": 0,
          "file": 3,
          "line": 47,
          "col": 14,
          "lit": "false"
        }
      }
    ]
  },
  "execution": {
    "executionType": "nodeJS",
    "hasPre": false,
    "hasPost": false,
    "script": "dist/upload/index.js",
    "pre": null,
    "post": null,
    "nodeVersion": "node20",
    "cleanupCondition": "always()",
    "initCondition": "always()"
  },
  "deprecated": null
}
[2025-03-19 12:34:49Z INFO ActionManager] Action pre node.js file: N/A.
[2025-03-19 12:34:49Z INFO ActionManager] Action node.js file: dist/upload/index.js.
[2025-03-19 12:34:49Z INFO ActionManager] Action post node.js file: N/A.
[2025-03-19 12:34:49Z INFO HostContext] Well known directory 'Bin': '/home/jenny/tensorflow-mri/actions-runner/bin'
[2025-03-19 12:34:49Z INFO HostContext] Well known directory 'Root': '/home/jenny/tensorflow-mri/actions-runner'
[2025-03-19 12:34:49Z INFO HostContext] Well known directory 'Work': '/home/jenny/tensorflow-mri/actions-runner/_work'
[2025-03-19 12:34:49Z INFO HostContext] Well known directory 'Actions': '/home/jenny/tensorflow-mri/actions-runner/_work/_actions'
[2025-03-19 12:34:49Z INFO HostContext] Well known directory 'Bin': '/home/jenny/tensorflow-mri/actions-runner/bin'
[2025-03-19 12:34:49Z INFO HostContext] Well known directory 'Root': '/home/jenny/tensorflow-mri/actions-runner'
[2025-03-19 12:34:49Z INFO HostContext] Well known directory 'Work': '/home/jenny/tensorflow-mri/actions-runner/_work'
[2025-03-19 12:34:49Z INFO HostContext] Well known directory 'Actions': '/home/jenny/tensorflow-mri/actions-runner/_work/_actions'
[2025-03-19 12:34:49Z INFO ActionManifestManager] Ignore action property author.
[2025-03-19 12:34:49Z INFO ActionManifestManager] Loaded action.yml file: {
  "name": "Upload a Build Artifact",
  "description": "Upload a build artifact that can be used by subsequent workflow steps",
  "inputs": {
    "type": 2,
    "map": [
      {
        "key": {
          "type": 0,
          "file": 3,
          "line": 5,
          "col": 3,
          "lit": "name"
        },
        "value": {
          "type": 0,
          "file": 3,
          "line": 7,
          "col": 14,
          "lit": "artifact"
        }
      },
      {
        "key": {
          "type": 0,
          "file": 3,
          "line": 8,
          "col": 3,
          "lit": "path"
        },
        "value": ""
      },
      {
        "key": {
          "type": 0,
          "file": 3,
          "line": 11,
          "col": 3,
          "lit": "if-no-files-found"
        },
        "value": {
          "type": 0,
          "file": 3,
          "line": 19,
          "col": 14,
          "lit": "warn"
        }
      },
      {
        "key": {
          "type": 0,
          "file": 3,
          "line": 20,
          "col": 3,
          "lit": "retention-days"
        },
        "value": ""
      },
      {
        "key": {
          "type": 0,
          "file": 3,
          "line": 26,
          "col": 3,
          "lit": "compression-level"
        },
        "value": {
          "type": 0,
          "file": 3,
          "line": 36,
          "col": 14,
          "lit": "6"
        }
      },
      {
        "key": {
          "type": 0,
          "file": 3,
          "line": 37,
          "col": 3,
          "lit": "overwrite"
        },
        "value": {
          "type": 0,
          "file": 3,
          "line": 42,
          "col": 14,
          "lit": "false"
        }
      },
      {
        "key": {
          "type": 0,
          "file": 3,
          "line": 43,
          "col": 3,
          "lit": "include-hidden-files"
        },
        "value": {
          "type": 0,
          "file": 3,
          "line": 47,
          "col": 14,
          "lit": "false"
        }
      }
    ]
  },
  "execution": {
    "executionType": "nodeJS",
    "hasPre": false,
    "hasPost": false,
    "script": "dist/upload/index.js",
    "pre": null,
    "post": null,
    "nodeVersion": "node20",
    "cleanupCondition": "always()",
    "initCondition": "always()"
  },
  "deprecated": null
}
[2025-03-19 12:34:49Z INFO ActionManager] Action node.js file: dist/upload/index.js, no more preparation.
[2025-03-19 12:34:49Z INFO HostContext] Well known directory 'Bin': '/home/jenny/tensorflow-mri/actions-runner/bin'
[2025-03-19 12:34:49Z INFO HostContext] Well known directory 'Root': '/home/jenny/tensorflow-mri/actions-runner'
[2025-03-19 12:34:49Z INFO HostContext] Well known directory 'Work': '/home/jenny/tensorflow-mri/actions-runner/_work'
[2025-03-19 12:34:49Z INFO HostContext] Well known directory 'Actions': '/home/jenny/tensorflow-mri/actions-runner/_work/_actions'
[2025-03-19 12:34:49Z INFO ActionManager] Load action that reference repository from '/home/jenny/tensorflow-mri/actions-runner/_work/_actions/actions/upload-artifact/v4'
[2025-03-19 12:34:49Z INFO HostContext] Well known directory 'Bin': '/home/jenny/tensorflow-mri/actions-runner/bin'
[2025-03-19 12:34:49Z INFO HostContext] Well known directory 'Root': '/home/jenny/tensorflow-mri/actions-runner'
[2025-03-19 12:34:49Z INFO HostContext] Well known directory 'Work': '/home/jenny/tensorflow-mri/actions-runner/_work'
[2025-03-19 12:34:49Z INFO HostContext] Well known directory 'Actions': '/home/jenny/tensorflow-mri/actions-runner/_work/_actions'
[2025-03-19 12:34:49Z INFO ActionManifestManager] Ignore action property author.
[2025-03-19 12:34:49Z INFO ActionManifestManager] Loaded action.yml file: {
  "name": "Upload a Build Artifact",
  "description": "Upload a build artifact that can be used by subsequent workflow steps",
  "inputs": {
    "type": 2,
    "map": [
      {
        "key": {
          "type": 0,
          "file": 3,
          "line": 5,
          "col": 3,
          "lit": "name"
        },
        "value": {
          "type": 0,
          "file": 3,
          "line": 7,
          "col": 14,
          "lit": "artifact"
        }
      },
      {
        "key": {
          "type": 0,
          "file": 3,
          "line": 8,
          "col": 3,
          "lit": "path"
        },
        "value": ""
      },
      {
        "key": {
          "type": 0,
          "file": 3,
          "line": 11,
          "col": 3,
          "lit": "if-no-files-found"
        },
        "value": {
          "type": 0,
          "file": 3,
          "line": 19,
          "col": 14,
          "lit": "warn"
        }
      },
      {
        "key": {
          "type": 0,
          "file": 3,
          "line": 20,
          "col": 3,
          "lit": "retention-days"
        },
        "value": ""
      },
      {
        "key": {
          "type": 0,
          "file": 3,
          "line": 26,
          "col": 3,
          "lit": "compression-level"
        },
        "value": {
          "type": 0,
          "file": 3,
          "line": 36,
          "col": 14,
          "lit": "6"
        }
      },
      {
        "key": {
          "type": 0,
          "file": 3,
          "line": 37,
          "col": 3,
          "lit": "overwrite"
        },
        "value": {
          "type": 0,
          "file": 3,
          "line": 42,
          "col": 14,
          "lit": "false"
        }
      },
      {
        "key": {
          "type": 0,
          "file": 3,
          "line": 43,
          "col": 3,
          "lit": "include-hidden-files"
        },
        "value": {
          "type": 0,
          "file": 3,
          "line": 47,
          "col": 14,
          "lit": "false"
        }
      }
    ]
  },
  "execution": {
    "executionType": "nodeJS",
    "hasPre": false,
    "hasPost": false,
    "script": "dist/upload/index.js",
    "pre": null,
    "post": null,
    "nodeVersion": "node20",
    "cleanupCondition": "always()",
    "initCondition": "always()"
  },
  "deprecated": null
}
[2025-03-19 12:34:49Z INFO ActionManager] Action pre node.js file: N/A.
[2025-03-19 12:34:49Z INFO ActionManager] Action node.js file: dist/upload/index.js.
[2025-03-19 12:34:49Z INFO ActionManager] Action post node.js file: N/A.
[2025-03-19 12:34:49Z INFO HostContext] Well known directory 'Bin': '/home/jenny/tensorflow-mri/actions-runner/bin'
[2025-03-19 12:34:49Z INFO HostContext] Well known directory 'Root': '/home/jenny/tensorflow-mri/actions-runner'
[2025-03-19 12:34:49Z INFO HostContext] Well known directory 'Work': '/home/jenny/tensorflow-mri/actions-runner/_work'
[2025-03-19 12:34:49Z INFO HostContext] Well known directory 'Actions': '/home/jenny/tensorflow-mri/actions-runner/_work/_actions'
[2025-03-19 12:34:49Z INFO HostContext] Well known directory 'Bin': '/home/jenny/tensorflow-mri/actions-runner/bin'
[2025-03-19 12:34:49Z INFO HostContext] Well known directory 'Root': '/home/jenny/tensorflow-mri/actions-runner'
[2025-03-19 12:34:49Z INFO HostContext] Well known directory 'Work': '/home/jenny/tensorflow-mri/actions-runner/_work'
[2025-03-19 12:34:49Z INFO HostContext] Well known directory 'Actions': '/home/jenny/tensorflow-mri/actions-runner/_work/_actions'
[2025-03-19 12:34:49Z INFO ActionManifestManager] Ignore action property branding.
[2025-03-19 12:34:49Z INFO ActionManifestManager] Loaded action.yml file: {
  "name": "pypi-publish",
  "description": "Upload Python distribution packages to PyPI",
  "inputs": {
    "type": 2,
    "map": [
      {
        "key": {
          "type": 0,
          "file": 4,
          "line": 5,
          "col": 3,
          "lit": "user"
        },
        "value": {
          "type": 0,
          "file": 4,
          "line": 8,
          "col": 14,
          "lit": "__token__"
        }
      },
      {
        "key": {
          "type": 0,
          "file": 4,
          "line": 9,
          "col": 3,
          "lit": "password"
        },
        "value": ""
      },
      {
        "key": {
          "type": 0,
          "file": 4,
          "line": 12,
          "col": 3,
          "lit": "repository-url"
        },
        "value": ""
      },
      {
        "key": {
          "type": 0,
          "file": 4,
          "line": 15,
          "col": 3,
          "lit": "repository_url"
        },
        "value": ""
      },
      {
        "key": {
          "type": 0,
          "file": 4,
          "line": 23,
          "col": 3,
          "lit": "packages-dir"
        },
        "value": ""
      },
      {
        "key": {
          "type": 0,
          "file": 4,
          "line": 27,
          "col": 3,
          "lit": "packages_dir"
        },
        "value": {
          "type": 0,
          "file": 4,
          "line": 35,
          "col": 14,
          "lit": "dist"
        }
      },
      {
        "key": {
          "type": 0,
          "file": 4,
          "line": 36,
          "col": 3,
          "lit": "verify-metadata"
        },
        "value": ""
      },
      {
        "key": {
          "type": 0,
          "file": 4,
          "line": 40,
          "col": 3,
          "lit": "verify_metadata"
        },
        "value": {
          "type": 0,
          "file": 4,
          "line": 48,
          "col": 14,
          "lit": "true"
        }
      },
      {
        "key": {
          "type": 0,
          "file": 4,
          "line": 49,
          "col": 3,
          "lit": "skip-existing"
        },
        "value": ""
      },
      {
        "key": {
          "type": 0,
          "file": 4,
          "line": 55,
          "col": 3,
          "lit": "skip_existing"
        },
        "value": {
          "type": 0,
          "file": 4,
          "line": 64,
          "col": 14,
          "lit": "false"
        }
      },
      {
        "key": {
          "type": 0,
          "file": 4,
          "line": 65,
          "col": 3,
          "lit": "verbose"
        },
        "value": {
          "type": 0,
          "file": 4,
          "line": 68,
          "col": 14,
          "lit": "false"
        }
      },
      {
        "key": {
          "type": 0,
          "file": 4,
          "line": 69,
          "col": 3,
          "lit": "print-hash"
        },
        "value": ""
      },
      {
        "key": {
          "type": 0,
          "file": 4,
          "line": 73,
          "col": 3,
          "lit": "print_hash"
        },
        "value": {
          "type": 0,
          "file": 4,
          "line": 81,
          "col": 14,
          "lit": "false"
        }
      }
    ]
  },
  "execution": {
    "executionType": "container",
    "hasPre": false,
    "hasPost": false,
    "image": "Dockerfile",
    "entryPoint": null,
    "arguments": {
      "type": 1,
      "file": 4,
      "line": 89,
      "col": 3,
      "seq": [
        {
          "type": 3,
          "file": 4,
          "line": 89,
          "col": 5,
          "expr": "inputs.user"
        },
        {
          "type": 3,
          "file": 4,
          "line": 90,
          "col": 5,
          "expr": "inputs.password"
        },
        {
          "type": 3,
          "file": 4,
          "line": 91,
          "col": 5,
          "expr": "inputs.repository-url"
        },
        {
          "type": 3,
          "file": 4,
          "line": 92,
          "col": 5,
          "expr": "inputs.packages-dir"
        },
        {
          "type": 3,
          "file": 4,
          "line": 93,
          "col": 5,
          "expr": "inputs.verify-metadata"
        },
        {
          "type": 3,
          "file": 4,
          "line": 94,
          "col": 5,
          "expr": "inputs.skip-existing"
        },
        {
          "type": 3,
          "file": 4,
          "line": 95,
          "col": 5,
          "expr": "inputs.verbose"
        },
        {
          "type": 3,
          "file": 4,
          "line": 96,
          "col": 5,
          "expr": "inputs.print-hash"
        }
      ]
    },
    "environment": null,
    "pre": null,
    "post": null,
    "cleanupCondition": "always()",
    "initCondition": "always()"
  },
  "deprecated": {
    "repository_url": "The inputs have been normalized to use kebab-case. Use `repository-url` instead.",
    "packages_dir": "The inputs have been normalized to use kebab-case. Use `packages-dir` instead.",
    "verify_metadata": "The inputs have been normalized to use kebab-case. Use `verify-metadata` instead.",
    "skip_existing": "The inputs have been normalized to use kebab-case. Use `skip-existing` instead.",
    "print_hash": "The inputs have been normalized to use kebab-case. Use `print-hash` instead."
  }
}
[2025-03-19 12:34:49Z INFO ActionManager] Action __pypa_gh-action-pypi-publish (7992132a-3f16-4212-955c-59ce67b67bd3) from repository 'pypa/gh-action-pypi-publish@release/v1.7' needs to build image '/home/jenny/tensorflow-mri/actions-runner/_work/_actions/pypa/gh-action-pypi-publish/release/v1.7/Dockerfile'
[2025-03-19 12:34:49Z INFO HostContext] Well known directory 'Bin': '/home/jenny/tensorflow-mri/actions-runner/bin'
[2025-03-19 12:34:49Z INFO HostContext] Well known directory 'Root': '/home/jenny/tensorflow-mri/actions-runner'
[2025-03-19 12:34:49Z INFO HostContext] Well known directory 'Work': '/home/jenny/tensorflow-mri/actions-runner/_work'
[2025-03-19 12:34:49Z INFO HostContext] Well known directory 'Actions': '/home/jenny/tensorflow-mri/actions-runner/_work/_actions'
[2025-03-19 12:34:49Z INFO ActionManager] Load action that reference repository from '/home/jenny/tensorflow-mri/actions-runner/_work/_actions/pypa/gh-action-pypi-publish/release/v1.7'
[2025-03-19 12:34:49Z INFO HostContext] Well known directory 'Bin': '/home/jenny/tensorflow-mri/actions-runner/bin'
[2025-03-19 12:34:49Z INFO HostContext] Well known directory 'Root': '/home/jenny/tensorflow-mri/actions-runner'
[2025-03-19 12:34:49Z INFO HostContext] Well known directory 'Work': '/home/jenny/tensorflow-mri/actions-runner/_work'
[2025-03-19 12:34:49Z INFO HostContext] Well known directory 'Actions': '/home/jenny/tensorflow-mri/actions-runner/_work/_actions'
[2025-03-19 12:34:49Z INFO ActionManifestManager] Ignore action property branding.
[2025-03-19 12:34:49Z INFO ActionManifestManager] Loaded action.yml file: {
  "name": "pypi-publish",
  "description": "Upload Python distribution packages to PyPI",
  "inputs": {
    "type": 2,
    "map": [
      {
        "key": {
          "type": 0,
          "file": 4,
          "line": 5,
          "col": 3,
          "lit": "user"
        },
        "value": {
          "type": 0,
          "file": 4,
          "line": 8,
          "col": 14,
          "lit": "__token__"
        }
      },
      {
        "key": {
          "type": 0,
          "file": 4,
          "line": 9,
          "col": 3,
          "lit": "password"
        },
        "value": ""
      },
      {
        "key": {
          "type": 0,
          "file": 4,
          "line": 12,
          "col": 3,
          "lit": "repository-url"
        },
        "value": ""
      },
      {
        "key": {
          "type": 0,
          "file": 4,
          "line": 15,
          "col": 3,
          "lit": "repository_url"
        },
        "value": ""
      },
      {
        "key": {
          "type": 0,
          "file": 4,
          "line": 23,
          "col": 3,
          "lit": "packages-dir"
        },
        "value": ""
      },
      {
        "key": {
          "type": 0,
          "file": 4,
          "line": 27,
          "col": 3,
          "lit": "packages_dir"
        },
        "value": {
          "type": 0,
          "file": 4,
          "line": 35,
          "col": 14,
          "lit": "dist"
        }
      },
      {
        "key": {
          "type": 0,
          "file": 4,
          "line": 36,
          "col": 3,
          "lit": "verify-metadata"
        },
        "value": ""
      },
      {
        "key": {
          "type": 0,
          "file": 4,
          "line": 40,
          "col": 3,
          "lit": "verify_metadata"
        },
        "value": {
          "type": 0,
          "file": 4,
          "line": 48,
          "col": 14,
          "lit": "true"
        }
      },
      {
        "key": {
          "type": 0,
          "file": 4,
          "line": 49,
          "col": 3,
          "lit": "skip-existing"
        },
        "value": ""
      },
      {
        "key": {
          "type": 0,
          "file": 4,
          "line": 55,
          "col": 3,
          "lit": "skip_existing"
        },
        "value": {
          "type": 0,
          "file": 4,
          "line": 64,
          "col": 14,
          "lit": "false"
        }
      },
      {
        "key": {
          "type": 0,
          "file": 4,
          "line": 65,
          "col": 3,
          "lit": "verbose"
        },
        "value": {
          "type": 0,
          "file": 4,
          "line": 68,
          "col": 14,
          "lit": "false"
        }
      },
      {
        "key": {
          "type": 0,
          "file": 4,
          "line": 69,
          "col": 3,
          "lit": "print-hash"
        },
        "value": ""
      },
      {
        "key": {
          "type": 0,
          "file": 4,
          "line": 73,
          "col": 3,
          "lit": "print_hash"
        },
        "value": {
          "type": 0,
          "file": 4,
          "line": 81,
          "col": 14,
          "lit": "false"
        }
      }
    ]
  },
  "execution": {
    "executionType": "container",
    "hasPre": false,
    "hasPost": false,
    "image": "Dockerfile",
    "entryPoint": null,
    "arguments": {
      "type": 1,
      "file": 4,
      "line": 89,
      "col": 3,
      "seq": [
        {
          "type": 3,
          "file": 4,
          "line": 89,
          "col": 5,
          "expr": "inputs.user"
        },
        {
          "type": 3,
          "file": 4,
          "line": 90,
          "col": 5,
          "expr": "inputs.password"
        },
        {
          "type": 3,
          "file": 4,
          "line": 91,
          "col": 5,
          "expr": "inputs.repository-url"
        },
        {
          "type": 3,
          "file": 4,
          "line": 92,
          "col": 5,
          "expr": "inputs.packages-dir"
        },
        {
          "type": 3,
          "file": 4,
          "line": 93,
          "col": 5,
          "expr": "inputs.verify-metadata"
        },
        {
          "type": 3,
          "file": 4,
          "line": 94,
          "col": 5,
          "expr": "inputs.skip-existing"
        },
        {
          "type": 3,
          "file": 4,
          "line": 95,
          "col": 5,
          "expr": "inputs.verbose"
        },
        {
          "type": 3,
          "file": 4,
          "line": 96,
          "col": 5,
          "expr": "inputs.print-hash"
        }
      ]
    },
    "environment": null,
    "pre": null,
    "post": null,
    "cleanupCondition": "always()",
    "initCondition": "always()"
  },
  "deprecated": {
    "repository_url": "The inputs have been normalized to use kebab-case. Use `repository-url` instead.",
    "packages_dir": "The inputs have been normalized to use kebab-case. Use `packages-dir` instead.",
    "verify_metadata": "The inputs have been normalized to use kebab-case. Use `verify-metadata` instead.",
    "skip_existing": "The inputs have been normalized to use kebab-case. Use `skip-existing` instead.",
    "print_hash": "The inputs have been normalized to use kebab-case. Use `print-hash` instead."
  }
}
[2025-03-19 12:34:49Z INFO ActionManager] Action container Dockerfile/image: Dockerfile.
[2025-03-19 12:34:49Z INFO ActionManager] Action container args:  {
  "type": 1,
  "file": 4,
  "line": 89,
  "col": 3,
  "seq": [
    {
      "type": 3,
      "file": 4,
      "line": 89,
      "col": 5,
      "expr": "inputs.user"
    },
    {
      "type": 3,
      "file": 4,
      "line": 90,
      "col": 5,
      "expr": "inputs.password"
    },
    {
      "type": 3,
      "file": 4,
      "line": 91,
      "col": 5,
      "expr": "inputs.repository-url"
    },
    {
      "type": 3,
      "file": 4,
      "line": 92,
      "col": 5,
      "expr": "inputs.packages-dir"
    },
    {
      "type": 3,
      "file": 4,
      "line": 93,
      "col": 5,
      "expr": "inputs.verify-metadata"
    },
    {
      "type": 3,
      "file": 4,
      "line": 94,
      "col": 5,
      "expr": "inputs.skip-existing"
    },
    {
      "type": 3,
      "file": 4,
      "line": 95,
      "col": 5,
      "expr": "inputs.verbose"
    },
    {
      "type": 3,
      "file": 4,
      "line": 96,
      "col": 5,
      "expr": "inputs.print-hash"
    }
  ]
}.
[2025-03-19 12:34:49Z INFO ActionManager] 1 steps need to build image from '/home/jenny/tensorflow-mri/actions-runner/_work/_actions/pypa/gh-action-pypi-publish/release/v1.7/Dockerfile'
[2025-03-19 12:34:49Z INFO DockerCommandManager] Which2: 'docker'
[2025-03-19 12:34:49Z INFO DockerCommandManager] Location: '/usr/bin/docker'
[2025-03-19 12:34:49Z INFO HostContext] Well known directory 'Bin': '/home/jenny/tensorflow-mri/actions-runner/bin'
[2025-03-19 12:34:49Z INFO HostContext] Well known directory 'Root': '/home/jenny/tensorflow-mri/actions-runner'
[2025-03-19 12:34:49Z INFO JobExtension] Adding .
[2025-03-19 12:34:49Z INFO JobExtension] Adding .
[2025-03-19 12:34:49Z INFO JobExtension] Adding .
[2025-03-19 12:34:49Z INFO JobExtension] Adding .
[2025-03-19 12:34:49Z INFO JobExtension] Adding .
[2025-03-19 12:34:49Z INFO JobExtension] Adding .
[2025-03-19 12:34:49Z INFO JobExtension] Adding .
[2025-03-19 12:34:49Z INFO JobExtension] Adding .
[2025-03-19 12:34:49Z INFO JobExtension] Adding .
[2025-03-19 12:34:49Z INFO JobExtension] Adding .
[2025-03-19 12:34:49Z INFO JobExtension] Adding .
[2025-03-19 12:34:49Z INFO JobExtension] Adding .
[2025-03-19 12:34:49Z INFO HostContext] Well known directory 'Bin': '/home/jenny/tensorflow-mri/actions-runner/bin'
[2025-03-19 12:34:49Z INFO HostContext] Well known directory 'Root': '/home/jenny/tensorflow-mri/actions-runner'
[2025-03-19 12:34:49Z INFO HostContext] Well known directory 'Diag': '/home/jenny/tensorflow-mri/actions-runner/_diag'
[2025-03-19 12:34:49Z INFO HostContext] Well known directory 'Bin': '/home/jenny/tensorflow-mri/actions-runner/bin'
[2025-03-19 12:34:49Z INFO HostContext] Well known directory 'Root': '/home/jenny/tensorflow-mri/actions-runner'
[2025-03-19 12:34:49Z INFO HostContext] Well known directory 'Diag': '/home/jenny/tensorflow-mri/actions-runner/_diag'
[2025-03-19 12:34:49Z INFO HostContext] Well known directory 'Bin': '/home/jenny/tensorflow-mri/actions-runner/bin'
[2025-03-19 12:34:49Z INFO HostContext] Well known directory 'Root': '/home/jenny/tensorflow-mri/actions-runner'
[2025-03-19 12:34:49Z INFO HostContext] Well known directory 'Diag': '/home/jenny/tensorflow-mri/actions-runner/_diag'
[2025-03-19 12:34:49Z INFO HostContext] Well known directory 'Bin': '/home/jenny/tensorflow-mri/actions-runner/bin'
[2025-03-19 12:34:49Z INFO HostContext] Well known directory 'Root': '/home/jenny/tensorflow-mri/actions-runner'
[2025-03-19 12:34:49Z INFO HostContext] Well known directory 'Diag': '/home/jenny/tensorflow-mri/actions-runner/_diag'
[2025-03-19 12:34:49Z INFO HostContext] Well known directory 'Bin': '/home/jenny/tensorflow-mri/actions-runner/bin'
[2025-03-19 12:34:49Z INFO HostContext] Well known directory 'Root': '/home/jenny/tensorflow-mri/actions-runner'
[2025-03-19 12:34:49Z INFO HostContext] Well known directory 'Diag': '/home/jenny/tensorflow-mri/actions-runner/_diag'
[2025-03-19 12:34:49Z INFO HostContext] Well known directory 'Bin': '/home/jenny/tensorflow-mri/actions-runner/bin'
[2025-03-19 12:34:49Z INFO HostContext] Well known directory 'Root': '/home/jenny/tensorflow-mri/actions-runner'
[2025-03-19 12:34:49Z INFO HostContext] Well known directory 'Diag': '/home/jenny/tensorflow-mri/actions-runner/_diag'
[2025-03-19 12:34:49Z INFO HostContext] Well known directory 'Bin': '/home/jenny/tensorflow-mri/actions-runner/bin'
[2025-03-19 12:34:49Z INFO HostContext] Well known directory 'Root': '/home/jenny/tensorflow-mri/actions-runner'
[2025-03-19 12:34:49Z INFO HostContext] Well known directory 'Diag': '/home/jenny/tensorflow-mri/actions-runner/_diag'
[2025-03-19 12:34:49Z INFO HostContext] Well known directory 'Bin': '/home/jenny/tensorflow-mri/actions-runner/bin'
[2025-03-19 12:34:49Z INFO HostContext] Well known directory 'Root': '/home/jenny/tensorflow-mri/actions-runner'
[2025-03-19 12:34:49Z INFO HostContext] Well known directory 'Diag': '/home/jenny/tensorflow-mri/actions-runner/_diag'
[2025-03-19 12:34:49Z INFO HostContext] Well known directory 'Bin': '/home/jenny/tensorflow-mri/actions-runner/bin'
[2025-03-19 12:34:49Z INFO HostContext] Well known directory 'Root': '/home/jenny/tensorflow-mri/actions-runner'
[2025-03-19 12:34:49Z INFO HostContext] Well known directory 'Diag': '/home/jenny/tensorflow-mri/actions-runner/_diag'
[2025-03-19 12:34:49Z INFO HostContext] Well known directory 'Bin': '/home/jenny/tensorflow-mri/actions-runner/bin'
[2025-03-19 12:34:49Z INFO HostContext] Well known directory 'Root': '/home/jenny/tensorflow-mri/actions-runner'
[2025-03-19 12:34:49Z INFO HostContext] Well known directory 'Diag': '/home/jenny/tensorflow-mri/actions-runner/_diag'
[2025-03-19 12:34:49Z INFO HostContext] Well known directory 'Bin': '/home/jenny/tensorflow-mri/actions-runner/bin'
[2025-03-19 12:34:49Z INFO HostContext] Well known directory 'Root': '/home/jenny/tensorflow-mri/actions-runner'
[2025-03-19 12:34:49Z INFO HostContext] Well known directory 'Diag': '/home/jenny/tensorflow-mri/actions-runner/_diag'
[2025-03-19 12:34:49Z INFO HostContext] Well known directory 'Bin': '/home/jenny/tensorflow-mri/actions-runner/bin'
[2025-03-19 12:34:49Z INFO HostContext] Well known directory 'Root': '/home/jenny/tensorflow-mri/actions-runner'
[2025-03-19 12:34:49Z INFO HostContext] Well known directory 'Diag': '/home/jenny/tensorflow-mri/actions-runner/_diag'
[2025-03-19 12:34:49Z INFO HostContext] Well known directory 'Bin': '/home/jenny/tensorflow-mri/actions-runner/bin'
[2025-03-19 12:34:49Z INFO HostContext] Well known directory 'Root': '/home/jenny/tensorflow-mri/actions-runner'
[2025-03-19 12:34:49Z INFO HostContext] Well known directory 'Diag': '/home/jenny/tensorflow-mri/actions-runner/_diag'
[2025-03-19 12:34:49Z INFO HostContext] Well known directory 'Bin': '/home/jenny/tensorflow-mri/actions-runner/bin'
[2025-03-19 12:34:49Z INFO HostContext] Well known directory 'Root': '/home/jenny/tensorflow-mri/actions-runner'
[2025-03-19 12:34:49Z INFO HostContext] Well known directory 'Diag': '/home/jenny/tensorflow-mri/actions-runner/_diag'
[2025-03-19 12:34:49Z INFO HostContext] Well known directory 'Bin': '/home/jenny/tensorflow-mri/actions-runner/bin'
[2025-03-19 12:34:49Z INFO HostContext] Well known directory 'Root': '/home/jenny/tensorflow-mri/actions-runner'
[2025-03-19 12:34:49Z INFO HostContext] Well known directory 'Diag': '/home/jenny/tensorflow-mri/actions-runner/_diag'
[2025-03-19 12:34:49Z INFO HostContext] Well known directory 'Bin': '/home/jenny/tensorflow-mri/actions-runner/bin'
[2025-03-19 12:34:49Z INFO HostContext] Well known directory 'Root': '/home/jenny/tensorflow-mri/actions-runner'
[2025-03-19 12:34:49Z INFO HostContext] Well known directory 'Diag': '/home/jenny/tensorflow-mri/actions-runner/_diag'
[2025-03-19 12:34:49Z INFO HostContext] Well known directory 'Bin': '/home/jenny/tensorflow-mri/actions-runner/bin'
[2025-03-19 12:34:49Z INFO HostContext] Well known directory 'Root': '/home/jenny/tensorflow-mri/actions-runner'
[2025-03-19 12:34:49Z INFO HostContext] Well known directory 'Diag': '/home/jenny/tensorflow-mri/actions-runner/_diag'
[2025-03-19 12:34:49Z INFO HostContext] Well known directory 'Bin': '/home/jenny/tensorflow-mri/actions-runner/bin'
[2025-03-19 12:34:49Z INFO HostContext] Well known directory 'Root': '/home/jenny/tensorflow-mri/actions-runner'
[2025-03-19 12:34:49Z INFO HostContext] Well known directory 'Diag': '/home/jenny/tensorflow-mri/actions-runner/_diag'
[2025-03-19 12:34:49Z INFO HostContext] Well known directory 'Bin': '/home/jenny/tensorflow-mri/actions-runner/bin'
[2025-03-19 12:34:49Z INFO HostContext] Well known directory 'Root': '/home/jenny/tensorflow-mri/actions-runner'
[2025-03-19 12:34:49Z INFO HostContext] Well known directory 'Diag': '/home/jenny/tensorflow-mri/actions-runner/_diag'
[2025-03-19 12:34:49Z INFO HostContext] Well known directory 'Bin': '/home/jenny/tensorflow-mri/actions-runner/bin'
[2025-03-19 12:34:49Z INFO HostContext] Well known directory 'Root': '/home/jenny/tensorflow-mri/actions-runner'
[2025-03-19 12:34:49Z INFO HostContext] Well known directory 'Diag': '/home/jenny/tensorflow-mri/actions-runner/_diag'
[2025-03-19 12:34:49Z INFO HostContext] Well known directory 'Bin': '/home/jenny/tensorflow-mri/actions-runner/bin'
[2025-03-19 12:34:49Z INFO HostContext] Well known directory 'Root': '/home/jenny/tensorflow-mri/actions-runner'
[2025-03-19 12:34:49Z INFO HostContext] Well known directory 'Diag': '/home/jenny/tensorflow-mri/actions-runner/_diag'
[2025-03-19 12:34:49Z INFO HostContext] Well known directory 'Bin': '/home/jenny/tensorflow-mri/actions-runner/bin'
[2025-03-19 12:34:49Z INFO HostContext] Well known directory 'Root': '/home/jenny/tensorflow-mri/actions-runner'
[2025-03-19 12:34:49Z INFO HostContext] Well known directory 'Diag': '/home/jenny/tensorflow-mri/actions-runner/_diag'
[2025-03-19 12:34:49Z INFO HostContext] Well known directory 'Bin': '/home/jenny/tensorflow-mri/actions-runner/bin'
[2025-03-19 12:34:49Z INFO HostContext] Well known directory 'Root': '/home/jenny/tensorflow-mri/actions-runner'
[2025-03-19 12:34:49Z INFO HostContext] Well known directory 'Diag': '/home/jenny/tensorflow-mri/actions-runner/_diag'
[2025-03-19 12:34:49Z INFO HostContext] Well known directory 'Bin': '/home/jenny/tensorflow-mri/actions-runner/bin'
[2025-03-19 12:34:49Z INFO HostContext] Well known directory 'Root': '/home/jenny/tensorflow-mri/actions-runner'
[2025-03-19 12:34:49Z INFO HostContext] Well known directory 'Diag': '/home/jenny/tensorflow-mri/actions-runner/_diag'
[2025-03-19 12:34:49Z INFO HostContext] Well known directory 'Bin': '/home/jenny/tensorflow-mri/actions-runner/bin'
[2025-03-19 12:34:49Z INFO HostContext] Well known directory 'Root': '/home/jenny/tensorflow-mri/actions-runner'
[2025-03-19 12:34:49Z INFO HostContext] Well known directory 'Diag': '/home/jenny/tensorflow-mri/actions-runner/_diag'
[2025-03-19 12:34:49Z INFO HostContext] Well known directory 'Bin': '/home/jenny/tensorflow-mri/actions-runner/bin'
[2025-03-19 12:34:49Z INFO HostContext] Well known directory 'Root': '/home/jenny/tensorflow-mri/actions-runner'
[2025-03-19 12:34:49Z INFO HostContext] Well known directory 'Diag': '/home/jenny/tensorflow-mri/actions-runner/_diag'
[2025-03-19 12:34:49Z INFO HostContext] Well known directory 'Bin': '/home/jenny/tensorflow-mri/actions-runner/bin'
[2025-03-19 12:34:49Z INFO HostContext] Well known directory 'Root': '/home/jenny/tensorflow-mri/actions-runner'
[2025-03-19 12:34:49Z INFO HostContext] Well known directory 'Diag': '/home/jenny/tensorflow-mri/actions-runner/_diag'
[2025-03-19 12:34:49Z INFO HostContext] Well known directory 'Bin': '/home/jenny/tensorflow-mri/actions-runner/bin'
[2025-03-19 12:34:49Z INFO HostContext] Well known directory 'Root': '/home/jenny/tensorflow-mri/actions-runner'
[2025-03-19 12:34:49Z INFO HostContext] Well known directory 'Diag': '/home/jenny/tensorflow-mri/actions-runner/_diag'
[2025-03-19 12:34:49Z INFO JobExtension] Total accessible running process: 551.
[2025-03-19 12:34:49Z INFO HostContext] Well known directory 'Bin': '/home/jenny/tensorflow-mri/actions-runner/bin'
[2025-03-19 12:34:49Z INFO HostContext] Well known directory 'Root': '/home/jenny/tensorflow-mri/actions-runner'
[2025-03-19 12:34:49Z INFO HostContext] Well known directory 'Work': '/home/jenny/tensorflow-mri/actions-runner/_work'
[2025-03-19 12:34:49Z INFO JobExtension] Start checking service connectivity in background.
[2025-03-19 12:34:49Z INFO ExecutionContext] Publish step telemetry for current step {
  "action": "setup_job",
  "type": "runner",
  "stage": "Pre",
  "stepId": "5caa82c7-d3fa-440e-8fba-21e9e6636cc4",
  "result": "succeeded",
  "errorMessages": [],
  "executionTimeInSeconds": 2,
  "startTime": "2025-03-19T12:34:47.9524281Z",
  "finishTime": "2025-03-19T12:34:49.8795779Z"
}.
[2025-03-19 12:34:49Z INFO JobRunner] Total job steps: 14.
[2025-03-19 12:34:49Z INFO JobRunner] Run all job steps.
[2025-03-19 12:34:49Z INFO StepsRunner] Processing step: DisplayName='Build pypa/gh-action-pypi-publish@release/v1.7'
[2025-03-19 12:34:49Z INFO StepsRunner] Evaluating: success()
[2025-03-19 12:34:49Z INFO StepsRunner] Result: true
[2025-03-19 12:34:49Z INFO StepsRunner] Starting the step.
[2025-03-19 12:34:49Z INFO ProcessInvokerWrapper] Starting process:
[2025-03-19 12:34:49Z INFO ProcessInvokerWrapper]   File name: '/usr/bin/docker'
[2025-03-19 12:34:49Z INFO ProcessInvokerWrapper]   Arguments: 'build -t b6156e:5cc49d8c0be747cea88fc3b6c801ae5e -f "/home/jenny/tensorflow-mri/actions-runner/_work/_actions/pypa/gh-action-pypi-publish/release/v1.7/Dockerfile" "/home/jenny/tensorflow-mri/actions-runner/_work/_actions/pypa/gh-action-pypi-publish/release/v1.7"'
[2025-03-19 12:34:49Z INFO ProcessInvokerWrapper]   Working directory: '/home/jenny/tensorflow-mri/actions-runner/_work/_actions/pypa/gh-action-pypi-publish/release/v1.7'
[2025-03-19 12:34:49Z INFO ProcessInvokerWrapper]   Require exit code zero: 'False'
[2025-03-19 12:34:49Z INFO ProcessInvokerWrapper]   Encoding web name:  ; code page: ''
[2025-03-19 12:34:49Z INFO ProcessInvokerWrapper]   Force kill process on cancellation: 'False'
[2025-03-19 12:34:49Z INFO ProcessInvokerWrapper]   Redirected STDIN: 'False'
[2025-03-19 12:34:49Z INFO ProcessInvokerWrapper]   Persist current code page: 'False'
[2025-03-19 12:34:49Z INFO ProcessInvokerWrapper]   Keep redirected STDIN open: 'False'
[2025-03-19 12:34:49Z INFO ProcessInvokerWrapper]   High priority process: 'False'
[2025-03-19 12:34:49Z INFO ProcessInvokerWrapper] Updated oom_score_adj to 500 for PID: 1444337.
[2025-03-19 12:34:49Z INFO ProcessInvokerWrapper] Process started with process id 1444337, waiting for process exit.
[2025-03-19 12:34:49Z INFO JobServerQueue] Got a step log file to send to results service.
[2025-03-19 12:34:49Z INFO JobServerQueue] Starting upload of step log file to results service ResultsLog, /home/jenny/tensorflow-mri/actions-runner/_diag/blocks/b3976377-3d73-4371-9101-528685db81e9_5caa82c7-d3fa-440e-8fba-21e9e6636cc4.1
[2025-03-19 12:34:49Z INFO JobServerQueue] Try to upload 1 log files or attachments, success rate: 1/1.
[2025-03-19 12:34:49Z INFO JobServerQueue] Try to append 1 batches web console lines for record '5caa82c7-d3fa-440e-8fba-21e9e6636cc4', success rate: 1/1.
[2025-03-19 12:34:49Z INFO JobServerQueue] Try to append 1 batches web console lines for record '3923c207-3bb1-47f7-b1ee-29ea58c82b34', success rate: 1/1.
[2025-03-19 12:34:50Z INFO JobServerQueue] Try to append 1 batches web console lines for record '3923c207-3bb1-47f7-b1ee-29ea58c82b34', success rate: 1/1.
[2025-03-19 12:34:50Z INFO JobServerQueue] Tried to upload 1 file(s) to results, success rate: 1/1.
[2025-03-19 12:34:50Z INFO ProcessInvokerWrapper] STDOUT/STDERR stream read finished.
[2025-03-19 12:34:50Z INFO ProcessInvokerWrapper] STDOUT/STDERR stream read finished.
[2025-03-19 12:34:50Z INFO ProcessInvokerWrapper] Finished process 1444337 with exit code 0, and elapsed time 00:00:00.8411707.
[2025-03-19 12:34:50Z INFO ActionManager] Prepared docker image 'b6156e:5cc49d8c0be747cea88fc3b6c801ae5e' for action 7992132a-3f16-4212-955c-59ce67b67bd3 (/home/jenny/tensorflow-mri/actions-runner/_work/_actions/pypa/gh-action-pypi-publish/release/v1.7/Dockerfile)
[2025-03-19 12:34:50Z INFO StepsRunner] Step result: 
[2025-03-19 12:34:50Z INFO ExecutionContext] Publish step telemetry for current step {
  "action": "build_pypa/gh-action-pypi-publish@release/v1.7",
  "type": "runner",
  "stage": "Pre",
  "stepId": "3923c207-3bb1-47f7-b1ee-29ea58c82b34",
  "stepContextName": "3923c2073bb147f7b1ee29ea58c82b34",
  "result": "succeeded",
  "errorMessages": [],
  "executionTimeInSeconds": 1,
  "startTime": "2025-03-19T12:34:49.8895603Z",
  "finishTime": "2025-03-19T12:34:50.7406479Z"
}.
[2025-03-19 12:34:50Z INFO StepsRunner] No need for updating job result with current step result 'Succeeded'.
[2025-03-19 12:34:50Z INFO StepsRunner] Current state: job state = ''
[2025-03-19 12:34:50Z INFO StepsRunner] Processing step: DisplayName='Initialize containers'
[2025-03-19 12:34:50Z INFO StepsRunner] Evaluating: success()
[2025-03-19 12:34:50Z INFO StepsRunner] Result: true
[2025-03-19 12:34:50Z INFO StepsRunner] Starting the step.
[2025-03-19 12:34:50Z INFO ExecutionContext] Reserve record order 16 to 30 for post job actions.
[2025-03-19 12:34:50Z INFO HostContext] Well known directory 'Bin': '/home/jenny/tensorflow-mri/actions-runner/bin'
[2025-03-19 12:34:50Z INFO HostContext] Well known directory 'Root': '/home/jenny/tensorflow-mri/actions-runner'
[2025-03-19 12:34:50Z INFO HostContext] Well known directory 'Diag': '/home/jenny/tensorflow-mri/actions-runner/_diag'
[2025-03-19 12:34:50Z INFO HostContext] Well known directory 'Bin': '/home/jenny/tensorflow-mri/actions-runner/bin'
[2025-03-19 12:34:50Z INFO HostContext] Well known directory 'Root': '/home/jenny/tensorflow-mri/actions-runner'
[2025-03-19 12:34:50Z INFO HostContext] Well known directory 'Diag': '/home/jenny/tensorflow-mri/actions-runner/_diag'
[2025-03-19 12:34:50Z INFO JobServerQueue] Try to append 1 batches web console lines for record '3923c207-3bb1-47f7-b1ee-29ea58c82b34', success rate: 1/1.
[2025-03-19 12:34:50Z INFO JobServerQueue] Try to append 1 batches web console lines for record 'ef90e6a8-24e3-4676-8099-35400a2baa60', success rate: 1/1.
[2025-03-19 12:34:50Z INFO ProcessInvokerWrapper] Starting process:
[2025-03-19 12:34:50Z INFO ProcessInvokerWrapper]   File name: '/usr/bin/docker'
[2025-03-19 12:34:50Z INFO ProcessInvokerWrapper]   Arguments: 'version --format '{{.Server.APIVersion}}''
[2025-03-19 12:34:50Z INFO ProcessInvokerWrapper]   Working directory: '/home/jenny/tensorflow-mri/actions-runner/_work/tensorflow-mri/tensorflow-mri'
[2025-03-19 12:34:50Z INFO ProcessInvokerWrapper]   Require exit code zero: 'True'
[2025-03-19 12:34:50Z INFO ProcessInvokerWrapper]   Encoding web name:  ; code page: ''
[2025-03-19 12:34:50Z INFO ProcessInvokerWrapper]   Force kill process on cancellation: 'False'
[2025-03-19 12:34:50Z INFO ProcessInvokerWrapper]   Redirected STDIN: 'False'
[2025-03-19 12:34:50Z INFO ProcessInvokerWrapper]   Persist current code page: 'False'
[2025-03-19 12:34:50Z INFO ProcessInvokerWrapper]   Keep redirected STDIN open: 'False'
[2025-03-19 12:34:50Z INFO ProcessInvokerWrapper]   High priority process: 'False'
[2025-03-19 12:34:50Z INFO ProcessInvokerWrapper] Updated oom_score_adj to 500 for PID: 1444429.
[2025-03-19 12:34:50Z INFO ProcessInvokerWrapper] Process started with process id 1444429, waiting for process exit.
[2025-03-19 12:34:50Z INFO ProcessInvokerWrapper] STDOUT/STDERR stream read finished.
[2025-03-19 12:34:50Z INFO ProcessInvokerWrapper] STDOUT/STDERR stream read finished.
[2025-03-19 12:34:50Z INFO ProcessInvokerWrapper] Finished process 1444429 with exit code 0, and elapsed time 00:00:00.0156956.
[2025-03-19 12:34:50Z INFO ProcessInvokerWrapper] Starting process:
[2025-03-19 12:34:50Z INFO ProcessInvokerWrapper]   File name: '/usr/bin/docker'
[2025-03-19 12:34:50Z INFO ProcessInvokerWrapper]   Arguments: 'version --format '{{.Client.APIVersion}}''
[2025-03-19 12:34:50Z INFO ProcessInvokerWrapper]   Working directory: '/home/jenny/tensorflow-mri/actions-runner/_work/tensorflow-mri/tensorflow-mri'
[2025-03-19 12:34:50Z INFO ProcessInvokerWrapper]   Require exit code zero: 'True'
[2025-03-19 12:34:50Z INFO ProcessInvokerWrapper]   Encoding web name:  ; code page: ''
[2025-03-19 12:34:50Z INFO ProcessInvokerWrapper]   Force kill process on cancellation: 'False'
[2025-03-19 12:34:50Z INFO ProcessInvokerWrapper]   Redirected STDIN: 'False'
[2025-03-19 12:34:50Z INFO ProcessInvokerWrapper]   Persist current code page: 'False'
[2025-03-19 12:34:50Z INFO ProcessInvokerWrapper]   Keep redirected STDIN open: 'False'
[2025-03-19 12:34:50Z INFO ProcessInvokerWrapper]   High priority process: 'False'
[2025-03-19 12:34:50Z INFO ProcessInvokerWrapper] Updated oom_score_adj to 500 for PID: 1444447.
[2025-03-19 12:34:50Z INFO ProcessInvokerWrapper] Process started with process id 1444447, waiting for process exit.
[2025-03-19 12:34:50Z INFO ProcessInvokerWrapper] STDOUT/STDERR stream read finished.
[2025-03-19 12:34:50Z INFO ProcessInvokerWrapper] STDOUT/STDERR stream read finished.
[2025-03-19 12:34:50Z INFO ProcessInvokerWrapper] Finished process 1444447 with exit code 0, and elapsed time 00:00:00.0149062.
[2025-03-19 12:34:50Z INFO ProcessInvokerWrapper] Starting process:
[2025-03-19 12:34:50Z INFO ProcessInvokerWrapper]   File name: '/usr/bin/docker'
[2025-03-19 12:34:50Z INFO ProcessInvokerWrapper]   Arguments: 'ps --all --quiet --no-trunc --filter "label=b6156e"'
[2025-03-19 12:34:50Z INFO ProcessInvokerWrapper]   Working directory: '/home/jenny/tensorflow-mri/actions-runner/_work/tensorflow-mri/tensorflow-mri'
[2025-03-19 12:34:50Z INFO ProcessInvokerWrapper]   Require exit code zero: 'True'
[2025-03-19 12:34:50Z INFO ProcessInvokerWrapper]   Encoding web name:  ; code page: ''
[2025-03-19 12:34:50Z INFO ProcessInvokerWrapper]   Force kill process on cancellation: 'False'
[2025-03-19 12:34:50Z INFO ProcessInvokerWrapper]   Redirected STDIN: 'False'
[2025-03-19 12:34:50Z INFO ProcessInvokerWrapper]   Persist current code page: 'False'
[2025-03-19 12:34:50Z INFO ProcessInvokerWrapper]   Keep redirected STDIN open: 'False'
[2025-03-19 12:34:50Z INFO ProcessInvokerWrapper]   High priority process: 'False'
[2025-03-19 12:34:50Z INFO ProcessInvokerWrapper] Updated oom_score_adj to 500 for PID: 1444465.
[2025-03-19 12:34:50Z INFO ProcessInvokerWrapper] Process started with process id 1444465, waiting for process exit.
[2025-03-19 12:34:50Z INFO ProcessInvokerWrapper] STDOUT/STDERR stream read finished.
[2025-03-19 12:34:50Z INFO ProcessInvokerWrapper] STDOUT/STDERR stream read finished.
[2025-03-19 12:34:50Z INFO ProcessInvokerWrapper] Finished process 1444465 with exit code 0, and elapsed time 00:00:00.0107358.
[2025-03-19 12:34:50Z INFO ProcessInvokerWrapper] Starting process:
[2025-03-19 12:34:50Z INFO ProcessInvokerWrapper]   File name: '/usr/bin/docker'
[2025-03-19 12:34:50Z INFO ProcessInvokerWrapper]   Arguments: 'network prune --force --filter "label=b6156e"'
[2025-03-19 12:34:50Z INFO ProcessInvokerWrapper]   Working directory: '/home/jenny/tensorflow-mri/actions-runner/_work/tensorflow-mri/tensorflow-mri'
[2025-03-19 12:34:50Z INFO ProcessInvokerWrapper]   Require exit code zero: 'False'
[2025-03-19 12:34:50Z INFO ProcessInvokerWrapper]   Encoding web name:  ; code page: ''
[2025-03-19 12:34:50Z INFO ProcessInvokerWrapper]   Force kill process on cancellation: 'False'
[2025-03-19 12:34:50Z INFO ProcessInvokerWrapper]   Redirected STDIN: 'False'
[2025-03-19 12:34:50Z INFO ProcessInvokerWrapper]   Persist current code page: 'False'
[2025-03-19 12:34:50Z INFO ProcessInvokerWrapper]   Keep redirected STDIN open: 'False'
[2025-03-19 12:34:50Z INFO ProcessInvokerWrapper]   High priority process: 'False'
[2025-03-19 12:34:50Z INFO ProcessInvokerWrapper] Updated oom_score_adj to 500 for PID: 1444477.
[2025-03-19 12:34:50Z INFO ProcessInvokerWrapper] Process started with process id 1444477, waiting for process exit.
[2025-03-19 12:34:50Z INFO ProcessInvokerWrapper] STDOUT/STDERR stream read finished.
[2025-03-19 12:34:50Z INFO ProcessInvokerWrapper] STDOUT/STDERR stream read finished.
[2025-03-19 12:34:50Z INFO ProcessInvokerWrapper] Finished process 1444477 with exit code 0, and elapsed time 00:00:00.0105492.
[2025-03-19 12:34:50Z INFO ProcessInvokerWrapper] Starting process:
[2025-03-19 12:34:50Z INFO ProcessInvokerWrapper]   File name: '/usr/bin/docker'
[2025-03-19 12:34:50Z INFO ProcessInvokerWrapper]   Arguments: 'network create --label b6156e github_network_bbafa13a728a478c99e14ef51ba67b1e'
[2025-03-19 12:34:50Z INFO ProcessInvokerWrapper]   Working directory: '/home/jenny/tensorflow-mri/actions-runner/_work/tensorflow-mri/tensorflow-mri'
[2025-03-19 12:34:50Z INFO ProcessInvokerWrapper]   Require exit code zero: 'False'
[2025-03-19 12:34:50Z INFO ProcessInvokerWrapper]   Encoding web name:  ; code page: ''
[2025-03-19 12:34:50Z INFO ProcessInvokerWrapper]   Force kill process on cancellation: 'False'
[2025-03-19 12:34:50Z INFO ProcessInvokerWrapper]   Redirected STDIN: 'False'
[2025-03-19 12:34:50Z INFO ProcessInvokerWrapper]   Persist current code page: 'False'
[2025-03-19 12:34:50Z INFO ProcessInvokerWrapper]   Keep redirected STDIN open: 'False'
[2025-03-19 12:34:50Z INFO ProcessInvokerWrapper]   High priority process: 'False'
[2025-03-19 12:34:50Z INFO ProcessInvokerWrapper] Updated oom_score_adj to 500 for PID: 1444489.
[2025-03-19 12:34:50Z INFO ProcessInvokerWrapper] Process started with process id 1444489, waiting for process exit.
[2025-03-19 12:34:50Z INFO ProcessInvokerWrapper] STDOUT/STDERR stream read finished.
[2025-03-19 12:34:50Z INFO ProcessInvokerWrapper] STDOUT/STDERR stream read finished.
[2025-03-19 12:34:50Z INFO ProcessInvokerWrapper] Finished process 1444489 with exit code 0, and elapsed time 00:00:00.0436012.
[2025-03-19 12:34:50Z INFO ContainerOperationProvider] Container name: dfa4789614814feca250ba0b3cede15d
[2025-03-19 12:34:50Z INFO ContainerOperationProvider] Container image: ghcr.io/mrphys/tensorflow-manylinux:1.14.0
[2025-03-19 12:34:50Z INFO ContainerOperationProvider] Container options: 
[2025-03-19 12:34:50Z INFO HostContext] Well known directory 'Bin': '/home/jenny/tensorflow-mri/actions-runner/bin'
[2025-03-19 12:34:50Z INFO HostContext] Well known directory 'Root': '/home/jenny/tensorflow-mri/actions-runner'
[2025-03-19 12:34:50Z INFO HostContext] Well known directory 'Work': '/home/jenny/tensorflow-mri/actions-runner/_work'
[2025-03-19 12:34:50Z INFO HostContext] Well known directory 'Temp': '/home/jenny/tensorflow-mri/actions-runner/_work/_temp'
[2025-03-19 12:34:50Z INFO ProcessInvokerWrapper] Starting process:
[2025-03-19 12:34:50Z INFO ProcessInvokerWrapper]   File name: '/usr/bin/docker'
[2025-03-19 12:34:50Z INFO ProcessInvokerWrapper]   Arguments: '--config /home/jenny/tensorflow-mri/actions-runner/_work/_temp/.docker_dccd56c8-eebe-4589-b391-16b4eaaaf5af login ghcr.io -u jennifersteeden --password-stdin'
[2025-03-19 12:34:50Z INFO ProcessInvokerWrapper]   Working directory: '/home/jenny/tensorflow-mri/actions-runner/_work/tensorflow-mri/tensorflow-mri'
[2025-03-19 12:34:50Z INFO ProcessInvokerWrapper]   Require exit code zero: 'False'
[2025-03-19 12:34:50Z INFO ProcessInvokerWrapper]   Encoding web name:  ; code page: ''
[2025-03-19 12:34:50Z INFO ProcessInvokerWrapper]   Force kill process on cancellation: 'False'
[2025-03-19 12:34:50Z INFO ProcessInvokerWrapper]   Redirected STDIN: 'True'
[2025-03-19 12:34:50Z INFO ProcessInvokerWrapper]   Persist current code page: 'False'
[2025-03-19 12:34:50Z INFO ProcessInvokerWrapper]   Keep redirected STDIN open: 'False'
[2025-03-19 12:34:50Z INFO ProcessInvokerWrapper]   High priority process: 'False'
[2025-03-19 12:34:50Z INFO ProcessInvokerWrapper] Updated oom_score_adj to 500 for PID: 1444554.
[2025-03-19 12:34:50Z INFO ProcessInvokerWrapper] Process started with process id 1444554, waiting for process exit.
[2025-03-19 12:34:50Z INFO ProcessInvokerWrapper] Close STDIN after the first redirect finished.
[2025-03-19 12:34:50Z INFO ProcessInvokerWrapper] STDIN stream write finished.
[2025-03-19 12:34:50Z INFO JobServerQueue] Try to upload 1 log files or attachments, success rate: 1/1.
[2025-03-19 12:34:51Z INFO JobServerQueue] Try to append 1 batches web console lines for record 'ef90e6a8-24e3-4676-8099-35400a2baa60', success rate: 1/1.
[2025-03-19 12:34:51Z INFO ProcessInvokerWrapper] STDOUT/STDERR stream read finished.
[2025-03-19 12:34:51Z INFO ProcessInvokerWrapper] STDOUT/STDERR stream read finished.
[2025-03-19 12:34:51Z INFO ProcessInvokerWrapper] Finished process 1444554 with exit code 0, and elapsed time 00:00:00.3771311.
[2025-03-19 12:34:51Z INFO ProcessInvokerWrapper] Starting process:
[2025-03-19 12:34:51Z INFO ProcessInvokerWrapper]   File name: '/usr/bin/docker'
[2025-03-19 12:34:51Z INFO ProcessInvokerWrapper]   Arguments: '--config /home/jenny/tensorflow-mri/actions-runner/_work/_temp/.docker_dccd56c8-eebe-4589-b391-16b4eaaaf5af pull ghcr.io/mrphys/tensorflow-manylinux:1.14.0'
[2025-03-19 12:34:51Z INFO ProcessInvokerWrapper]   Working directory: '/home/jenny/tensorflow-mri/actions-runner/_work/tensorflow-mri/tensorflow-mri'
[2025-03-19 12:34:51Z INFO ProcessInvokerWrapper]   Require exit code zero: 'False'
[2025-03-19 12:34:51Z INFO ProcessInvokerWrapper]   Encoding web name:  ; code page: ''
[2025-03-19 12:34:51Z INFO ProcessInvokerWrapper]   Force kill process on cancellation: 'False'
[2025-03-19 12:34:51Z INFO ProcessInvokerWrapper]   Redirected STDIN: 'False'
[2025-03-19 12:34:51Z INFO ProcessInvokerWrapper]   Persist current code page: 'False'
[2025-03-19 12:34:51Z INFO ProcessInvokerWrapper]   Keep redirected STDIN open: 'False'
[2025-03-19 12:34:51Z INFO ProcessInvokerWrapper]   High priority process: 'False'
[2025-03-19 12:34:51Z INFO ProcessInvokerWrapper] Updated oom_score_adj to 500 for PID: 1444574.
[2025-03-19 12:34:51Z INFO ProcessInvokerWrapper] Process started with process id 1444574, waiting for process exit.
[2025-03-19 12:34:51Z INFO JobServerQueue] Try to append 1 batches web console lines for record 'ef90e6a8-24e3-4676-8099-35400a2baa60', success rate: 1/1.
[2025-03-19 12:34:51Z INFO JobServerQueue] Got a step log file to send to results service.
[2025-03-19 12:34:51Z INFO JobServerQueue] Starting upload of step log file to results service ResultsLog, /home/jenny/tensorflow-mri/actions-runner/_diag/blocks/b3976377-3d73-4371-9101-528685db81e9_3923c207-3bb1-47f7-b1ee-29ea58c82b34.1
[2025-03-19 12:34:51Z INFO ProcessInvokerWrapper] STDOUT/STDERR stream read finished.
[2025-03-19 12:34:51Z INFO ProcessInvokerWrapper] STDOUT/STDERR stream read finished.
[2025-03-19 12:34:51Z INFO ProcessInvokerWrapper] Finished process 1444574 with exit code 0, and elapsed time 00:00:00.4221419.
[2025-03-19 12:34:51Z INFO HostContext] Well known directory 'Bin': '/home/jenny/tensorflow-mri/actions-runner/bin'
[2025-03-19 12:34:51Z INFO HostContext] Well known directory 'Root': '/home/jenny/tensorflow-mri/actions-runner'
[2025-03-19 12:34:51Z INFO HostContext] Well known directory 'Work': '/home/jenny/tensorflow-mri/actions-runner/_work'
[2025-03-19 12:34:51Z INFO HostContext] Well known directory 'Bin': '/home/jenny/tensorflow-mri/actions-runner/bin'
[2025-03-19 12:34:51Z INFO HostContext] Well known directory 'Root': '/home/jenny/tensorflow-mri/actions-runner'
[2025-03-19 12:34:51Z INFO HostContext] Well known directory 'Work': '/home/jenny/tensorflow-mri/actions-runner/_work'
[2025-03-19 12:34:51Z INFO HostContext] Well known directory 'Bin': '/home/jenny/tensorflow-mri/actions-runner/bin'
[2025-03-19 12:34:51Z INFO HostContext] Well known directory 'Root': '/home/jenny/tensorflow-mri/actions-runner'
[2025-03-19 12:34:51Z INFO HostContext] Well known directory 'Externals': '/home/jenny/tensorflow-mri/actions-runner/externals'
[2025-03-19 12:34:51Z INFO HostContext] Well known directory 'Bin': '/home/jenny/tensorflow-mri/actions-runner/bin'
[2025-03-19 12:34:51Z INFO HostContext] Well known directory 'Root': '/home/jenny/tensorflow-mri/actions-runner'
[2025-03-19 12:34:51Z INFO HostContext] Well known directory 'Externals': '/home/jenny/tensorflow-mri/actions-runner/externals'
[2025-03-19 12:34:51Z INFO HostContext] Well known directory 'Bin': '/home/jenny/tensorflow-mri/actions-runner/bin'
[2025-03-19 12:34:51Z INFO HostContext] Well known directory 'Root': '/home/jenny/tensorflow-mri/actions-runner'
[2025-03-19 12:34:51Z INFO HostContext] Well known directory 'Work': '/home/jenny/tensorflow-mri/actions-runner/_work'
[2025-03-19 12:34:51Z INFO HostContext] Well known directory 'Temp': '/home/jenny/tensorflow-mri/actions-runner/_work/_temp'
[2025-03-19 12:34:51Z INFO HostContext] Well known directory 'Bin': '/home/jenny/tensorflow-mri/actions-runner/bin'
[2025-03-19 12:34:51Z INFO HostContext] Well known directory 'Root': '/home/jenny/tensorflow-mri/actions-runner'
[2025-03-19 12:34:51Z INFO HostContext] Well known directory 'Work': '/home/jenny/tensorflow-mri/actions-runner/_work'
[2025-03-19 12:34:51Z INFO HostContext] Well known directory 'Temp': '/home/jenny/tensorflow-mri/actions-runner/_work/_temp'
[2025-03-19 12:34:51Z INFO HostContext] Well known directory 'Bin': '/home/jenny/tensorflow-mri/actions-runner/bin'
[2025-03-19 12:34:51Z INFO HostContext] Well known directory 'Root': '/home/jenny/tensorflow-mri/actions-runner'
[2025-03-19 12:34:51Z INFO HostContext] Well known directory 'Work': '/home/jenny/tensorflow-mri/actions-runner/_work'
[2025-03-19 12:34:51Z INFO HostContext] Well known directory 'Actions': '/home/jenny/tensorflow-mri/actions-runner/_work/_actions'
[2025-03-19 12:34:51Z INFO HostContext] Well known directory 'Bin': '/home/jenny/tensorflow-mri/actions-runner/bin'
[2025-03-19 12:34:51Z INFO HostContext] Well known directory 'Root': '/home/jenny/tensorflow-mri/actions-runner'
[2025-03-19 12:34:51Z INFO HostContext] Well known directory 'Work': '/home/jenny/tensorflow-mri/actions-runner/_work'
[2025-03-19 12:34:51Z INFO HostContext] Well known directory 'Actions': '/home/jenny/tensorflow-mri/actions-runner/_work/_actions'
[2025-03-19 12:34:51Z INFO HostContext] Well known directory 'Bin': '/home/jenny/tensorflow-mri/actions-runner/bin'
[2025-03-19 12:34:51Z INFO HostContext] Well known directory 'Root': '/home/jenny/tensorflow-mri/actions-runner'
[2025-03-19 12:34:51Z INFO HostContext] Well known directory 'Work': '/home/jenny/tensorflow-mri/actions-runner/_work'
[2025-03-19 12:34:51Z INFO HostContext] Well known directory 'Tools': '/home/jenny/tensorflow-mri/actions-runner/_work/_tool'
[2025-03-19 12:34:51Z INFO HostContext] Well known directory 'Bin': '/home/jenny/tensorflow-mri/actions-runner/bin'
[2025-03-19 12:34:51Z INFO HostContext] Well known directory 'Root': '/home/jenny/tensorflow-mri/actions-runner'
[2025-03-19 12:34:51Z INFO HostContext] Well known directory 'Work': '/home/jenny/tensorflow-mri/actions-runner/_work'
[2025-03-19 12:34:51Z INFO HostContext] Well known directory 'Tools': '/home/jenny/tensorflow-mri/actions-runner/_work/_tool'
[2025-03-19 12:34:51Z INFO HostContext] Well known directory 'Bin': '/home/jenny/tensorflow-mri/actions-runner/bin'
[2025-03-19 12:34:51Z INFO HostContext] Well known directory 'Root': '/home/jenny/tensorflow-mri/actions-runner'
[2025-03-19 12:34:51Z INFO HostContext] Well known directory 'Work': '/home/jenny/tensorflow-mri/actions-runner/_work'
[2025-03-19 12:34:51Z INFO HostContext] Well known directory 'Temp': '/home/jenny/tensorflow-mri/actions-runner/_work/_temp'
[2025-03-19 12:34:51Z INFO HostContext] Well known directory 'Bin': '/home/jenny/tensorflow-mri/actions-runner/bin'
[2025-03-19 12:34:51Z INFO HostContext] Well known directory 'Root': '/home/jenny/tensorflow-mri/actions-runner'
[2025-03-19 12:34:51Z INFO HostContext] Well known directory 'Work': '/home/jenny/tensorflow-mri/actions-runner/_work'
[2025-03-19 12:34:51Z INFO HostContext] Well known directory 'Temp': '/home/jenny/tensorflow-mri/actions-runner/_work/_temp'
[2025-03-19 12:34:51Z INFO ProcessInvokerWrapper] Starting process:
[2025-03-19 12:34:51Z INFO ProcessInvokerWrapper]   File name: '/usr/bin/docker'
[2025-03-19 12:34:51Z INFO ProcessInvokerWrapper]   Arguments: 'create --name dfa4789614814feca250ba0b3cede15d_ghcriomrphystensorflowmanylinux1140_b8c323 --label b6156e --workdir /__w/tensorflow-mri/tensorflow-mri --network github_network_bbafa13a728a478c99e14ef51ba67b1e  -e "HOME=/github/home" -e GITHUB_ACTIONS=true -e CI=true -v "/var/run/docker.sock":"/var/run/docker.sock" -v "/home/jenny/tensorflow-mri/actions-runner/_work":"/__w" -v "/home/jenny/tensorflow-mri/actions-runner/externals":"/__e":ro -v "/home/jenny/tensorflow-mri/actions-runner/_work/_temp":"/__w/_temp" -v "/home/jenny/tensorflow-mri/actions-runner/_work/_actions":"/__w/_actions" -v "/home/jenny/tensorflow-mri/actions-runner/_work/_tool":"/__w/_tool" -v "/home/jenny/tensorflow-mri/actions-runner/_work/_temp/_github_home":"/github/home" -v "/home/jenny/tensorflow-mri/actions-runner/_work/_temp/_github_workflow":"/github/workflow" --entrypoint "tail" ghcr.io/mrphys/tensorflow-manylinux:1.14.0 "-f" "/dev/null"'
[2025-03-19 12:34:51Z INFO ProcessInvokerWrapper]   Working directory: '/home/jenny/tensorflow-mri/actions-runner/_work/tensorflow-mri/tensorflow-mri'
[2025-03-19 12:34:51Z INFO ProcessInvokerWrapper]   Require exit code zero: 'True'
[2025-03-19 12:34:51Z INFO ProcessInvokerWrapper]   Encoding web name:  ; code page: ''
[2025-03-19 12:34:51Z INFO ProcessInvokerWrapper]   Force kill process on cancellation: 'False'
[2025-03-19 12:34:51Z INFO ProcessInvokerWrapper]   Redirected STDIN: 'False'
[2025-03-19 12:34:51Z INFO ProcessInvokerWrapper]   Persist current code page: 'False'
[2025-03-19 12:34:51Z INFO ProcessInvokerWrapper]   Keep redirected STDIN open: 'False'
[2025-03-19 12:34:51Z INFO ProcessInvokerWrapper]   High priority process: 'False'
[2025-03-19 12:34:51Z INFO ProcessInvokerWrapper] Updated oom_score_adj to 500 for PID: 1444590.
[2025-03-19 12:34:51Z INFO ProcessInvokerWrapper] Process started with process id 1444590, waiting for process exit.
[2025-03-19 12:34:51Z INFO ProcessInvokerWrapper] STDOUT/STDERR stream read finished.
[2025-03-19 12:34:51Z INFO ProcessInvokerWrapper] STDOUT/STDERR stream read finished.
[2025-03-19 12:34:51Z INFO ProcessInvokerWrapper] Finished process 1444590 with exit code 0, and elapsed time 00:00:00.0548888.
[2025-03-19 12:34:51Z INFO ProcessInvokerWrapper] Starting process:
[2025-03-19 12:34:51Z INFO ProcessInvokerWrapper]   File name: '/usr/bin/docker'
[2025-03-19 12:34:51Z INFO ProcessInvokerWrapper]   Arguments: 'start a4a71f2b5e2609ef968e89770b2aeebb9a3353ca828224c072e16ba0a335ee2c'
[2025-03-19 12:34:51Z INFO ProcessInvokerWrapper]   Working directory: '/home/jenny/tensorflow-mri/actions-runner/_work/tensorflow-mri/tensorflow-mri'
[2025-03-19 12:34:51Z INFO ProcessInvokerWrapper]   Require exit code zero: 'False'
[2025-03-19 12:34:51Z INFO ProcessInvokerWrapper]   Encoding web name:  ; code page: ''
[2025-03-19 12:34:51Z INFO ProcessInvokerWrapper]   Force kill process on cancellation: 'False'
[2025-03-19 12:34:51Z INFO ProcessInvokerWrapper]   Redirected STDIN: 'False'
[2025-03-19 12:34:51Z INFO ProcessInvokerWrapper]   Persist current code page: 'False'
[2025-03-19 12:34:51Z INFO ProcessInvokerWrapper]   Keep redirected STDIN open: 'False'
[2025-03-19 12:34:51Z INFO ProcessInvokerWrapper]   High priority process: 'False'
[2025-03-19 12:34:51Z INFO ProcessInvokerWrapper] Updated oom_score_adj to 500 for PID: 1444607.
[2025-03-19 12:34:51Z INFO ProcessInvokerWrapper] Process started with process id 1444607, waiting for process exit.
[2025-03-19 12:34:51Z INFO JobServerQueue] Try to append 1 batches web console lines for record 'ef90e6a8-24e3-4676-8099-35400a2baa60', success rate: 1/1.
[2025-03-19 12:34:51Z INFO JobServerQueue] Tried to upload 1 file(s) to results, success rate: 1/1.
[2025-03-19 12:34:51Z INFO ProcessInvokerWrapper] STDOUT/STDERR stream read finished.
[2025-03-19 12:34:51Z INFO ProcessInvokerWrapper] STDOUT/STDERR stream read finished.
[2025-03-19 12:34:51Z INFO ProcessInvokerWrapper] Finished process 1444607 with exit code 0, and elapsed time 00:00:00.1960936.
[2025-03-19 12:34:51Z INFO ProcessInvokerWrapper] Starting process:
[2025-03-19 12:34:51Z INFO ProcessInvokerWrapper]   File name: '/usr/bin/docker'
[2025-03-19 12:34:51Z INFO ProcessInvokerWrapper]   Arguments: 'ps --all --filter id=a4a71f2b5e2609ef968e89770b2aeebb9a3353ca828224c072e16ba0a335ee2c --filter status=running --no-trunc --format "{{.ID}} {{.Status}}"'
[2025-03-19 12:34:51Z INFO ProcessInvokerWrapper]   Working directory: '/home/jenny/tensorflow-mri/actions-runner/_work/tensorflow-mri/tensorflow-mri'
[2025-03-19 12:34:51Z INFO ProcessInvokerWrapper]   Require exit code zero: 'True'
[2025-03-19 12:34:51Z INFO ProcessInvokerWrapper]   Encoding web name:  ; code page: ''
[2025-03-19 12:34:51Z INFO ProcessInvokerWrapper]   Force kill process on cancellation: 'False'
[2025-03-19 12:34:51Z INFO ProcessInvokerWrapper]   Redirected STDIN: 'False'
[2025-03-19 12:34:51Z INFO ProcessInvokerWrapper]   Persist current code page: 'False'
[2025-03-19 12:34:51Z INFO ProcessInvokerWrapper]   Keep redirected STDIN open: 'False'
[2025-03-19 12:34:51Z INFO ProcessInvokerWrapper]   High priority process: 'False'
[2025-03-19 12:34:51Z INFO ProcessInvokerWrapper] Updated oom_score_adj to 500 for PID: 1444772.
[2025-03-19 12:34:51Z INFO ProcessInvokerWrapper] Process started with process id 1444772, waiting for process exit.
[2025-03-19 12:34:51Z INFO ProcessInvokerWrapper] STDOUT/STDERR stream read finished.
[2025-03-19 12:34:51Z INFO ProcessInvokerWrapper] STDOUT/STDERR stream read finished.
[2025-03-19 12:34:51Z INFO ProcessInvokerWrapper] Finished process 1444772 with exit code 0, and elapsed time 00:00:00.0109075.
[2025-03-19 12:34:51Z INFO ProcessInvokerWrapper] Starting process:
[2025-03-19 12:34:51Z INFO ProcessInvokerWrapper]   File name: '/usr/bin/docker'
[2025-03-19 12:34:51Z INFO ProcessInvokerWrapper]   Arguments: 'inspect --format "{{range .Config.Env}}{{println .}}{{end}}" a4a71f2b5e2609ef968e89770b2aeebb9a3353ca828224c072e16ba0a335ee2c'
[2025-03-19 12:34:51Z INFO ProcessInvokerWrapper]   Working directory: '/home/jenny/tensorflow-mri/actions-runner/_work/tensorflow-mri/tensorflow-mri'
[2025-03-19 12:34:51Z INFO ProcessInvokerWrapper]   Require exit code zero: 'True'
[2025-03-19 12:34:51Z INFO ProcessInvokerWrapper]   Encoding web name:  ; code page: ''
[2025-03-19 12:34:51Z INFO ProcessInvokerWrapper]   Force kill process on cancellation: 'False'
[2025-03-19 12:34:51Z INFO ProcessInvokerWrapper]   Redirected STDIN: 'False'
[2025-03-19 12:34:51Z INFO ProcessInvokerWrapper]   Persist current code page: 'False'
[2025-03-19 12:34:51Z INFO ProcessInvokerWrapper]   Keep redirected STDIN open: 'False'
[2025-03-19 12:34:51Z INFO ProcessInvokerWrapper]   High priority process: 'False'
[2025-03-19 12:34:51Z INFO ProcessInvokerWrapper] Updated oom_score_adj to 500 for PID: 1444782.
[2025-03-19 12:34:51Z INFO ProcessInvokerWrapper] Process started with process id 1444782, waiting for process exit.
[2025-03-19 12:34:51Z INFO ProcessInvokerWrapper] STDOUT/STDERR stream read finished.
[2025-03-19 12:34:51Z INFO ProcessInvokerWrapper] STDOUT/STDERR stream read finished.
[2025-03-19 12:34:51Z INFO ProcessInvokerWrapper] Finished process 1444782 with exit code 0, and elapsed time 00:00:00.0110444.
[2025-03-19 12:34:51Z INFO StepsRunner] Step result: 
[2025-03-19 12:34:51Z INFO ExecutionContext] Publish step telemetry for current step {
  "action": "initialize_containers",
  "type": "runner",
  "stage": "Pre",
  "stepId": "ef90e6a8-24e3-4676-8099-35400a2baa60",
  "stepContextName": "ef90e6a824e34676809935400a2baa60",
  "result": "succeeded",
  "errorMessages": [],
  "executionTimeInSeconds": 2,
  "startTime": "2025-03-19T12:34:50.7423868Z",
  "finishTime": "2025-03-19T12:34:51.9464997Z"
}.
[2025-03-19 12:34:51Z INFO StepsRunner] No need for updating job result with current step result 'Succeeded'.
[2025-03-19 12:34:51Z INFO StepsRunner] Current state: job state = ''
[2025-03-19 12:34:51Z INFO StepsRunner] Processing step: DisplayName='Checkout code'
[2025-03-19 12:34:51Z INFO StepsRunner] Evaluating: success()
[2025-03-19 12:34:51Z INFO StepsRunner] Result: true
[2025-03-19 12:34:51Z INFO StepsRunner] Starting the step.
[2025-03-19 12:34:51Z INFO HostContext] Well known directory 'Bin': '/home/jenny/tensorflow-mri/actions-runner/bin'
[2025-03-19 12:34:51Z INFO HostContext] Well known directory 'Root': '/home/jenny/tensorflow-mri/actions-runner'
[2025-03-19 12:34:51Z INFO HostContext] Well known directory 'Work': '/home/jenny/tensorflow-mri/actions-runner/_work'
[2025-03-19 12:34:51Z INFO HostContext] Well known directory 'Actions': '/home/jenny/tensorflow-mri/actions-runner/_work/_actions'
[2025-03-19 12:34:51Z INFO ActionManager] Load action that reference repository from '/home/jenny/tensorflow-mri/actions-runner/_work/_actions/actions/checkout/v4'
[2025-03-19 12:34:51Z INFO HostContext] Well known directory 'Bin': '/home/jenny/tensorflow-mri/actions-runner/bin'
[2025-03-19 12:34:51Z INFO HostContext] Well known directory 'Root': '/home/jenny/tensorflow-mri/actions-runner'
[2025-03-19 12:34:51Z INFO HostContext] Well known directory 'Work': '/home/jenny/tensorflow-mri/actions-runner/_work'
[2025-03-19 12:34:51Z INFO HostContext] Well known directory 'Actions': '/home/jenny/tensorflow-mri/actions-runner/_work/_actions'
[2025-03-19 12:34:51Z INFO ActionManifestManager] Loaded action.yml file: {
  "name": "Checkout",
  "description": "Checkout a Git repository at a particular version",
  "inputs": {
    "type": 2,
    "map": [
      {
        "key": {
          "type": 0,
          "file": 2,
          "line": 4,
          "col": 3,
          "lit": "repository"
        },
        "value": {
          "type": 3,
          "file": 2,
          "line": 6,
          "col": 14,
          "expr": "github.repository"
        }
      },
      {
        "key": {
          "type": 0,
          "file": 2,
          "line": 7,
          "col": 3,
          "lit": "ref"
        },
        "value": ""
      },
      {
        "key": {
          "type": 0,
          "file": 2,
          "line": 12,
          "col": 3,
          "lit": "token"
        },
        "value": {
          "type": 3,
          "file": 2,
          "line": 24,
          "col": 14,
          "expr": "github.token"
        }
      },
      {
        "key": {
          "type": 0,
          "file": 2,
          "line": 25,
          "col": 3,
          "lit": "ssh-key"
        },
        "value": ""
      },
      {
        "key": {
          "type": 0,
          "file": 2,
          "line": 37,
          "col": 3,
          "lit": "ssh-known-hosts"
        },
        "value": ""
      },
      {
        "key": {
          "type": 0,
          "file": 2,
          "line": 42,
          "col": 3,
          "lit": "ssh-strict"
        },
        "value": {
          "type": 0,
          "file": 2,
          "line": 47,
          "col": 14,
          "lit": "true"
        }
      },
      {
        "key": {
          "type": 0,
          "file": 2,
          "line": 48,
          "col": 3,
          "lit": "ssh-user"
        },
        "value": {
          "type": 0,
          "file": 2,
          "line": 51,
          "col": 14,
          "lit": "git"
        }
      },
      {
        "key": {
          "type": 0,
          "file": 2,
          "line": 52,
          "col": 3,
          "lit": "persist-credentials"
        },
        "value": {
          "type": 0,
          "file": 2,
          "line": 54,
          "col": 14,
          "lit": "true"
        }
      },
      {
        "key": {
          "type": 0,
          "file": 2,
          "line": 55,
          "col": 3,
          "lit": "path"
        },
        "value": ""
      },
      {
        "key": {
          "type": 0,
          "file": 2,
          "line": 57,
          "col": 3,
          "lit": "clean"
        },
        "value": {
          "type": 0,
          "file": 2,
          "line": 59,
          "col": 14,
          "lit": "true"
        }
      },
      {
        "key": {
          "type": 0,
          "file": 2,
          "line": 60,
          "col": 3,
          "lit": "filter"
        },
        "value": {
          "type": 0,
          "file": 2,
          "line": 64,
          "col": 14,
          "lit": ""
        }
      },
      {
        "key": {
          "type": 0,
          "file": 2,
          "line": 65,
          "col": 3,
          "lit": "sparse-checkout"
        },
        "value": {
          "type": 0,
          "file": 2,
          "line": 69,
          "col": 14,
          "lit": ""
        }
      },
      {
        "key": {
          "type": 0,
          "file": 2,
          "line": 70,
          "col": 3,
          "lit": "sparse-checkout-cone-mode"
        },
        "value": {
          "type": 0,
          "file": 2,
          "line": 73,
          "col": 14,
          "lit": "true"
        }
      },
      {
        "key": {
          "type": 0,
          "file": 2,
          "line": 74,
          "col": 3,
          "lit": "fetch-depth"
        },
        "value": {
          "type": 0,
          "file": 2,
          "line": 76,
          "col": 14,
          "lit": "1"
        }
      },
      {
        "key": {
          "type": 0,
          "file": 2,
          "line": 77,
          "col": 3,
          "lit": "fetch-tags"
        },
        "value": {
          "type": 0,
          "file": 2,
          "line": 79,
          "col": 14,
          "lit": "false"
        }
      },
      {
        "key": {
          "type": 0,
          "file": 2,
          "line": 80,
          "col": 3,
          "lit": "show-progress"
        },
        "value": {
          "type": 0,
          "file": 2,
          "line": 82,
          "col": 14,
          "lit": "true"
        }
      },
      {
        "key": {
          "type": 0,
          "file": 2,
          "line": 83,
          "col": 3,
          "lit": "lfs"
        },
        "value": {
          "type": 0,
          "file": 2,
          "line": 85,
          "col": 14,
          "lit": "false"
        }
      },
      {
        "key": {
          "type": 0,
          "file": 2,
          "line": 86,
          "col": 3,
          "lit": "submodules"
        },
        "value": {
          "type": 0,
          "file": 2,
          "line": 94,
          "col": 14,
          "lit": "false"
        }
      },
      {
        "key": {
          "type": 0,
          "file": 2,
          "line": 95,
          "col": 3,
          "lit": "set-safe-directory"
        },
        "value": {
          "type": 0,
          "file": 2,
          "line": 97,
          "col": 14,
          "lit": "true"
        }
      },
      {
        "key": {
          "type": 0,
          "file": 2,
          "line": 98,
          "col": 3,
          "lit": "github-server-url"
        },
        "value": ""
      }
    ]
  },
  "execution": {
    "executionType": "nodeJS",
    "hasPre": false,
    "hasPost": true,
    "script": "dist/index.js",
    "pre": null,
    "post": "dist/index.js",
    "nodeVersion": "node20",
    "cleanupCondition": "always()",
    "initCondition": "always()"
  },
  "deprecated": null
}
[2025-03-19 12:34:51Z INFO ActionManager] Action pre node.js file: N/A.
[2025-03-19 12:34:51Z INFO ActionManager] Action node.js file: dist/index.js.
[2025-03-19 12:34:51Z INFO ActionManager] Action post node.js file: dist/index.js.
[2025-03-19 12:34:51Z INFO HostContext] Well known directory 'Bin': '/home/jenny/tensorflow-mri/actions-runner/bin'
[2025-03-19 12:34:51Z INFO HostContext] Well known directory 'Root': '/home/jenny/tensorflow-mri/actions-runner'
[2025-03-19 12:34:51Z INFO HostContext] Well known directory 'Diag': '/home/jenny/tensorflow-mri/actions-runner/_diag'
[2025-03-19 12:34:51Z INFO HostContext] Well known directory 'Bin': '/home/jenny/tensorflow-mri/actions-runner/bin'
[2025-03-19 12:34:51Z INFO HostContext] Well known directory 'Root': '/home/jenny/tensorflow-mri/actions-runner'
[2025-03-19 12:34:51Z INFO HostContext] Well known directory 'Diag': '/home/jenny/tensorflow-mri/actions-runner/_diag'
[2025-03-19 12:34:51Z INFO HostContext] Well known directory 'Bin': '/home/jenny/tensorflow-mri/actions-runner/bin'
[2025-03-19 12:34:51Z INFO HostContext] Well known directory 'Root': '/home/jenny/tensorflow-mri/actions-runner'
[2025-03-19 12:34:51Z INFO HostContext] Well known directory 'Work': '/home/jenny/tensorflow-mri/actions-runner/_work'
[2025-03-19 12:34:51Z INFO HostContext] Well known directory 'Temp': '/home/jenny/tensorflow-mri/actions-runner/_work/_temp'
[2025-03-19 12:34:51Z INFO ExecutionContext] Write event payload to /home/jenny/tensorflow-mri/actions-runner/_work/_temp/_github_workflow/event.json
[2025-03-19 12:34:51Z INFO HostContext] Well known directory 'Bin': '/home/jenny/tensorflow-mri/actions-runner/bin'
[2025-03-19 12:34:51Z INFO HostContext] Well known directory 'Root': '/home/jenny/tensorflow-mri/actions-runner'
[2025-03-19 12:34:51Z INFO HostContext] Well known directory 'Work': '/home/jenny/tensorflow-mri/actions-runner/_work'
[2025-03-19 12:34:51Z INFO HostContext] Well known directory 'Temp': '/home/jenny/tensorflow-mri/actions-runner/_work/_temp'
[2025-03-19 12:34:51Z INFO ExtensionManager] Getting extensions for interface: 'GitHub.Runner.Worker.IFileCommandExtension'
[2025-03-19 12:34:51Z INFO ExtensionManager] Creating instance: GitHub.Runner.Worker.AddPathFileCommand, Runner.Worker
[2025-03-19 12:34:51Z INFO ExtensionManager] Creating instance: GitHub.Runner.Worker.SetEnvFileCommand, Runner.Worker
[2025-03-19 12:34:51Z INFO ExtensionManager] Creating instance: GitHub.Runner.Worker.CreateStepSummaryCommand, Runner.Worker
[2025-03-19 12:34:51Z INFO ExtensionManager] Creating instance: GitHub.Runner.Worker.SaveStateFileCommand, Runner.Worker
[2025-03-19 12:34:51Z INFO ExtensionManager] Creating instance: GitHub.Runner.Worker.SetOutputFileCommand, Runner.Worker
[2025-03-19 12:34:51Z INFO ActionManifestManager] Input 'repository': default value evaluate result: {
  "type": 0,
  "file": 2,
  "line": 6,
  "col": 14,
  "lit": "mrphys/tensorflow-mri"
}
[2025-03-19 12:34:51Z INFO ActionManifestManager] Input 'ref': default value evaluate result: ""
[2025-03-19 12:34:51Z INFO ActionManifestManager] Input 'token': default value evaluate result: {
  "type": 0,
  "file": 2,
  "line": 24,
  "col": 14,
  "lit": "***"
}
[2025-03-19 12:34:51Z INFO ActionManifestManager] Input 'ssh-key': default value evaluate result: ""
[2025-03-19 12:34:51Z INFO ActionManifestManager] Input 'ssh-known-hosts': default value evaluate result: ""
[2025-03-19 12:34:51Z INFO ActionManifestManager] Input 'ssh-strict': default value evaluate result: {
  "type": 0,
  "file": 2,
  "line": 47,
  "col": 14,
  "lit": "true"
}
[2025-03-19 12:34:51Z INFO ActionManifestManager] Input 'ssh-user': default value evaluate result: {
  "type": 0,
  "file": 2,
  "line": 51,
  "col": 14,
  "lit": "git"
}
[2025-03-19 12:34:51Z INFO ActionManifestManager] Input 'persist-credentials': default value evaluate result: {
  "type": 0,
  "file": 2,
  "line": 54,
  "col": 14,
  "lit": "true"
}
[2025-03-19 12:34:51Z INFO ActionManifestManager] Input 'path': default value evaluate result: ""
[2025-03-19 12:34:51Z INFO ActionManifestManager] Input 'clean': default value evaluate result: {
  "type": 0,
  "file": 2,
  "line": 59,
  "col": 14,
  "lit": "true"
}
[2025-03-19 12:34:51Z INFO ActionManifestManager] Input 'filter': default value evaluate result: {
  "type": 0,
  "file": 2,
  "line": 64,
  "col": 14,
  "lit": ""
}
[2025-03-19 12:34:51Z INFO ActionManifestManager] Input 'sparse-checkout': default value evaluate result: {
  "type": 0,
  "file": 2,
  "line": 69,
  "col": 14,
  "lit": ""
}
[2025-03-19 12:34:51Z INFO ActionManifestManager] Input 'sparse-checkout-cone-mode': default value evaluate result: {
  "type": 0,
  "file": 2,
  "line": 73,
  "col": 14,
  "lit": "true"
}
[2025-03-19 12:34:51Z INFO ActionManifestManager] Input 'fetch-depth': default value evaluate result: {
  "type": 0,
  "file": 2,
  "line": 76,
  "col": 14,
  "lit": "1"
}
[2025-03-19 12:34:51Z INFO ActionManifestManager] Input 'fetch-tags': default value evaluate result: {
  "type": 0,
  "file": 2,
  "line": 79,
  "col": 14,
  "lit": "false"
}
[2025-03-19 12:34:51Z INFO ActionManifestManager] Input 'show-progress': default value evaluate result: {
  "type": 0,
  "file": 2,
  "line": 82,
  "col": 14,
  "lit": "true"
}
[2025-03-19 12:34:51Z INFO ActionManifestManager] Input 'lfs': default value evaluate result: {
  "type": 0,
  "file": 2,
  "line": 85,
  "col": 14,
  "lit": "false"
}
[2025-03-19 12:34:51Z INFO ActionManifestManager] Input 'submodules': default value evaluate result: {
  "type": 0,
  "file": 2,
  "line": 94,
  "col": 14,
  "lit": "false"
}
[2025-03-19 12:34:51Z INFO ActionManifestManager] Input 'set-safe-directory': default value evaluate result: {
  "type": 0,
  "file": 2,
  "line": 97,
  "col": 14,
  "lit": "true"
}
[2025-03-19 12:34:51Z INFO ActionManifestManager] Input 'github-server-url': default value evaluate result: ""
[2025-03-19 12:34:51Z INFO ExtensionManager] Getting extensions for interface: 'GitHub.Runner.Worker.IActionCommandExtension'
[2025-03-19 12:34:51Z INFO ExtensionManager] Creating instance: GitHub.Runner.Worker.InternalPluginSetRepoPathCommandExtension, Runner.Worker
[2025-03-19 12:34:51Z INFO ExtensionManager] Creating instance: GitHub.Runner.Worker.SetEnvCommandExtension, Runner.Worker
[2025-03-19 12:34:51Z INFO ExtensionManager] Creating instance: GitHub.Runner.Worker.SetOutputCommandExtension, Runner.Worker
[2025-03-19 12:34:51Z INFO ExtensionManager] Creating instance: GitHub.Runner.Worker.SaveStateCommandExtension, Runner.Worker
[2025-03-19 12:34:51Z INFO ExtensionManager] Creating instance: GitHub.Runner.Worker.AddPathCommandExtension, Runner.Worker
[2025-03-19 12:34:51Z INFO ExtensionManager] Creating instance: GitHub.Runner.Worker.AddMaskCommandExtension, Runner.Worker
[2025-03-19 12:34:51Z INFO ExtensionManager] Creating instance: GitHub.Runner.Worker.AddMatcherCommandExtension, Runner.Worker
[2025-03-19 12:34:51Z INFO ExtensionManager] Creating instance: GitHub.Runner.Worker.RemoveMatcherCommandExtension, Runner.Worker
[2025-03-19 12:34:51Z INFO ExtensionManager] Creating instance: GitHub.Runner.Worker.WarningCommandExtension, Runner.Worker
[2025-03-19 12:34:51Z INFO ExtensionManager] Creating instance: GitHub.Runner.Worker.ErrorCommandExtension, Runner.Worker
[2025-03-19 12:34:51Z INFO ExtensionManager] Creating instance: GitHub.Runner.Worker.NoticeCommandExtension, Runner.Worker
[2025-03-19 12:34:51Z INFO ExtensionManager] Creating instance: GitHub.Runner.Worker.DebugCommandExtension, Runner.Worker
[2025-03-19 12:34:51Z INFO ExtensionManager] Creating instance: GitHub.Runner.Worker.GroupCommandExtension, Runner.Worker
[2025-03-19 12:34:51Z INFO ExtensionManager] Creating instance: GitHub.Runner.Worker.EndGroupCommandExtension, Runner.Worker
[2025-03-19 12:34:51Z INFO ExtensionManager] Creating instance: GitHub.Runner.Worker.EchoCommandExtension, Runner.Worker
[2025-03-19 12:34:51Z INFO ActionCommandManager] Register action command extension for command internal-set-repo-path
[2025-03-19 12:34:51Z INFO ActionCommandManager] Register action command extension for command set-env
[2025-03-19 12:34:51Z INFO ActionCommandManager] Register action command extension for command set-output
[2025-03-19 12:34:51Z INFO ActionCommandManager] Register action command extension for command save-state
[2025-03-19 12:34:51Z INFO ActionCommandManager] Register action command extension for command add-path
[2025-03-19 12:34:51Z INFO ActionCommandManager] Register action command extension for command add-mask
[2025-03-19 12:34:51Z INFO ActionCommandManager] Register action command extension for command add-matcher
[2025-03-19 12:34:51Z INFO ActionCommandManager] Register action command extension for command remove-matcher
[2025-03-19 12:34:51Z INFO ActionCommandManager] Register action command extension for command warning
[2025-03-19 12:34:51Z INFO ActionCommandManager] Register action command extension for command error
[2025-03-19 12:34:51Z INFO ActionCommandManager] Register action command extension for command notice
[2025-03-19 12:34:51Z INFO ActionCommandManager] Register action command extension for command debug
[2025-03-19 12:34:51Z INFO ActionCommandManager] Register action command extension for command group
[2025-03-19 12:34:51Z INFO ActionCommandManager] Register action command extension for command endgroup
[2025-03-19 12:34:51Z INFO ActionCommandManager] Register action command extension for command echo
[2025-03-19 12:34:51Z INFO HostContext] Well known directory 'Bin': '/home/jenny/tensorflow-mri/actions-runner/bin'
[2025-03-19 12:34:51Z INFO HostContext] Well known directory 'Root': '/home/jenny/tensorflow-mri/actions-runner'
[2025-03-19 12:34:51Z INFO HostContext] Well known directory 'Work': '/home/jenny/tensorflow-mri/actions-runner/_work'
[2025-03-19 12:34:51Z INFO ProcessInvokerWrapper] Starting process:
[2025-03-19 12:34:51Z INFO ProcessInvokerWrapper]   File name: '/usr/bin/docker'
[2025-03-19 12:34:51Z INFO ProcessInvokerWrapper]   Arguments: 'exec  a4a71f2b5e2609ef968e89770b2aeebb9a3353ca828224c072e16ba0a335ee2c sh -c "cat /etc/*release | grep ^ID"'
[2025-03-19 12:34:51Z INFO ProcessInvokerWrapper]   Working directory: '/home/jenny/tensorflow-mri/actions-runner/_work'
[2025-03-19 12:34:51Z INFO ProcessInvokerWrapper]   Require exit code zero: 'False'
[2025-03-19 12:34:51Z INFO ProcessInvokerWrapper]   Encoding web name:  ; code page: ''
[2025-03-19 12:34:51Z INFO ProcessInvokerWrapper]   Force kill process on cancellation: 'False'
[2025-03-19 12:34:51Z INFO ProcessInvokerWrapper]   Redirected STDIN: 'False'
[2025-03-19 12:34:51Z INFO ProcessInvokerWrapper]   Persist current code page: 'False'
[2025-03-19 12:34:51Z INFO ProcessInvokerWrapper]   Keep redirected STDIN open: 'False'
[2025-03-19 12:34:51Z INFO ProcessInvokerWrapper]   High priority process: 'False'
[2025-03-19 12:34:51Z INFO ProcessInvokerWrapper] Updated oom_score_adj to 500 for PID: 1444793.
[2025-03-19 12:34:51Z INFO ProcessInvokerWrapper] Process started with process id 1444793, waiting for process exit.
[2025-03-19 12:34:52Z INFO JobServerQueue] Try to append 1 batches web console lines for record 'ef90e6a8-24e3-4676-8099-35400a2baa60', success rate: 1/1.
[2025-03-19 12:34:52Z INFO JobServerQueue] Try to append 1 batches web console lines for record '5e819ede-120b-473c-a633-3be4a6ffe3cb', success rate: 1/1.
[2025-03-19 12:34:52Z INFO ProcessInvokerWrapper] STDOUT/STDERR stream read finished.
[2025-03-19 12:34:52Z INFO ProcessInvokerWrapper] STDOUT/STDERR stream read finished.
[2025-03-19 12:34:52Z INFO ProcessInvokerWrapper] Finished process 1444793 with exit code 0, and elapsed time 00:00:00.0377654.
[2025-03-19 12:34:52Z INFO HostContext] Well known directory 'Bin': '/home/jenny/tensorflow-mri/actions-runner/bin'
[2025-03-19 12:34:52Z INFO HostContext] Well known directory 'Root': '/home/jenny/tensorflow-mri/actions-runner'
[2025-03-19 12:34:52Z INFO HostContext] Well known directory 'Externals': '/home/jenny/tensorflow-mri/actions-runner/externals'
[2025-03-19 12:34:52Z INFO HostContext] Well known directory 'Bin': '/home/jenny/tensorflow-mri/actions-runner/bin'
[2025-03-19 12:34:52Z INFO HostContext] Well known directory 'Root': '/home/jenny/tensorflow-mri/actions-runner'
[2025-03-19 12:34:52Z INFO HostContext] Well known directory 'Work': '/home/jenny/tensorflow-mri/actions-runner/_work'
[2025-03-19 12:34:52Z INFO ProcessInvokerWrapper] Starting process:
[2025-03-19 12:34:52Z INFO ProcessInvokerWrapper]   File name: '/usr/bin/docker'
[2025-03-19 12:34:52Z INFO ProcessInvokerWrapper]   Arguments: 'exec -i --workdir /__w/tensorflow-mri/tensorflow-mri -e "PYTHON" -e "INPUT_REPOSITORY" -e "INPUT_REF" -e "INPUT_TOKEN" -e "INPUT_SSH-KEY" -e "INPUT_SSH-KNOWN-HOSTS" -e "INPUT_SSH-STRICT" -e "INPUT_SSH-USER" -e "INPUT_PERSIST-CREDENTIALS" -e "INPUT_PATH" -e "INPUT_CLEAN" -e "INPUT_FILTER" -e "INPUT_SPARSE-CHECKOUT" -e "INPUT_SPARSE-CHECKOUT-CONE-MODE" -e "INPUT_FETCH-DEPTH" -e "INPUT_FETCH-TAGS" -e "INPUT_SHOW-PROGRESS" -e "INPUT_LFS" -e "INPUT_SUBMODULES" -e "INPUT_SET-SAFE-DIRECTORY" -e "INPUT_GITHUB-SERVER-URL" -e "GITHUB_JOB" -e "GITHUB_REF" -e "GITHUB_SHA" -e "GITHUB_REPOSITORY" -e "GITHUB_REPOSITORY_OWNER" -e "GITHUB_REPOSITORY_OWNER_ID" -e "GITHUB_RUN_ID" -e "GITHUB_RUN_NUMBER" -e "GITHUB_RETENTION_DAYS" -e "GITHUB_RUN_ATTEMPT" -e "GITHUB_ACTOR_ID" -e "GITHUB_ACTOR" -e "GITHUB_WORKFLOW" -e "GITHUB_HEAD_REF" -e "GITHUB_BASE_REF" -e "GITHUB_EVENT_NAME" -e "GITHUB_SERVER_URL" -e "GITHUB_API_URL" -e "GITHUB_GRAPHQL_URL" -e "GITHUB_REF_NAME" -e "GITHUB_REF_PROTECTED" -e "GITHUB_REF_TYPE" -e "GITHUB_WORKFLOW_REF" -e "GITHUB_WORKFLOW_SHA" -e "GITHUB_REPOSITORY_ID" -e "GITHUB_TRIGGERING_ACTOR" -e "GITHUB_WORKSPACE" -e "GITHUB_ACTION" -e "GITHUB_EVENT_PATH" -e "GITHUB_ACTION_REPOSITORY" -e "GITHUB_ACTION_REF" -e "GITHUB_PATH" -e "GITHUB_ENV" -e "GITHUB_STEP_SUMMARY" -e "GITHUB_STATE" -e "GITHUB_OUTPUT" -e "RUNNER_OS" -e "RUNNER_ARCH" -e "RUNNER_NAME" -e "RUNNER_ENVIRONMENT" -e "RUNNER_TOOL_CACHE" -e "RUNNER_TEMP" -e "RUNNER_WORKSPACE" -e "ACTIONS_RUNTIME_URL" -e "ACTIONS_RUNTIME_TOKEN" -e "ACTIONS_CACHE_URL" -e "ACTIONS_RESULTS_URL" -e "ACTIONS_CACHE_SERVICE_V2" a4a71f2b5e2609ef968e89770b2aeebb9a3353ca828224c072e16ba0a335ee2c /__e/node20/bin/node /__w/_actions/actions/checkout/v4/dist/index.js'
[2025-03-19 12:34:52Z INFO ProcessInvokerWrapper]   Working directory: '/home/jenny/tensorflow-mri/actions-runner/_work'
[2025-03-19 12:34:52Z INFO ProcessInvokerWrapper]   Require exit code zero: 'False'
[2025-03-19 12:34:52Z INFO ProcessInvokerWrapper]   Encoding web name:  ; code page: ''
[2025-03-19 12:34:52Z INFO ProcessInvokerWrapper]   Force kill process on cancellation: 'False'
[2025-03-19 12:34:52Z INFO ProcessInvokerWrapper]   Redirected STDIN: 'False'
[2025-03-19 12:34:52Z INFO ProcessInvokerWrapper]   Persist current code page: 'False'
[2025-03-19 12:34:52Z INFO ProcessInvokerWrapper]   Keep redirected STDIN open: 'False'
[2025-03-19 12:34:52Z INFO ProcessInvokerWrapper]   High priority process: 'False'
[2025-03-19 12:34:52Z INFO ProcessInvokerWrapper] Updated oom_score_adj to 500 for PID: 1444824.
[2025-03-19 12:34:52Z INFO ProcessInvokerWrapper] Process started with process id 1444824, waiting for process exit.
[2025-03-19 12:34:52Z INFO AddMaskCommandExtension] Add new secret mask with length of 76
[2025-03-19 12:34:52Z INFO JobServerQueue] Try to append 1 batches web console lines for record '5e819ede-120b-473c-a633-3be4a6ffe3cb', success rate: 1/1.
[2025-03-19 12:34:52Z INFO JobServerQueue] Got a step log file to send to results service.
[2025-03-19 12:34:52Z INFO JobServerQueue] Starting upload of step log file to results service ResultsLog, /home/jenny/tensorflow-mri/actions-runner/_diag/blocks/b3976377-3d73-4371-9101-528685db81e9_ef90e6a8-24e3-4676-8099-35400a2baa60.1
[2025-03-19 12:34:52Z INFO JobServerQueue] Try to upload 1 log files or attachments, success rate: 1/1.
[2025-03-19 12:34:53Z INFO JobServerQueue] Try to append 6 batches web console lines for record '5e819ede-120b-473c-a633-3be4a6ffe3cb', success rate: 6/6.
[2025-03-19 12:34:53Z INFO JobServerQueue] Tried to upload 1 file(s) to results, success rate: 1/1.
[2025-03-19 12:34:53Z INFO JobServerQueue] Try to append 6 batches web console lines for record '5e819ede-120b-473c-a633-3be4a6ffe3cb', success rate: 6/6.
[2025-03-19 12:34:53Z INFO JobServerQueue] Try to append 6 batches web console lines for record '5e819ede-120b-473c-a633-3be4a6ffe3cb', success rate: 6/6.
[2025-03-19 12:34:53Z INFO JobServerQueue] Try to append 1 batches web console lines for record '5e819ede-120b-473c-a633-3be4a6ffe3cb', success rate: 1/1.
[2025-03-19 12:34:54Z INFO JobServerQueue] Try to append 1 batches web console lines for record '5e819ede-120b-473c-a633-3be4a6ffe3cb', success rate: 1/1.
[2025-03-19 12:34:54Z INFO JobServerQueue] Try to append 1 batches web console lines for record '5e819ede-120b-473c-a633-3be4a6ffe3cb', success rate: 1/1.
[2025-03-19 12:34:54Z INFO ProcessInvokerWrapper] STDOUT/STDERR stream read finished.
[2025-03-19 12:34:54Z INFO ProcessInvokerWrapper] STDOUT/STDERR stream read finished.
[2025-03-19 12:34:54Z INFO ProcessInvokerWrapper] Finished process 1444824 with exit code 0, and elapsed time 00:00:02.5541208.
[2025-03-19 12:34:54Z INFO CreateStepSummaryCommand] Step Summary file (/home/jenny/tensorflow-mri/actions-runner/_work/_temp/_runner_file_commands/step_summary_3680f6d9-af3d-4d8e-99d5-61030e336646) is empty; skipping attachment upload
[2025-03-19 12:34:54Z INFO StepsRunner] Step result: 
[2025-03-19 12:34:54Z INFO ExecutionContext] Publish step telemetry for current step {
  "action": "actions/checkout",
  "ref": "v4",
  "type": "node20",
  "stage": "Main",
  "stepId": "5e819ede-120b-473c-a633-3be4a6ffe3cb",
  "stepContextName": "__actions_checkout",
  "hasPreStep": false,
  "hasPostStep": true,
  "result": "succeeded",
  "errorMessages": [],
  "executionTimeInSeconds": 3,
  "startTime": "2025-03-19T12:34:51.9470937Z",
  "finishTime": "2025-03-19T12:34:54.5718134Z"
}.
[2025-03-19 12:34:54Z INFO StepsRunner] No need for updating job result with current step result 'Succeeded'.
[2025-03-19 12:34:54Z INFO StepsRunner] Current state: job state = ''
[2025-03-19 12:34:54Z INFO StepsRunner] Processing step: DisplayName='Free Disk Space Before Build'
[2025-03-19 12:34:54Z INFO StepsRunner] Evaluating: success()
[2025-03-19 12:34:54Z INFO StepsRunner] Result: true
[2025-03-19 12:34:54Z INFO StepsRunner] Starting the step.
[2025-03-19 12:34:54Z INFO HostContext] Well known directory 'Bin': '/home/jenny/tensorflow-mri/actions-runner/bin'
[2025-03-19 12:34:54Z INFO HostContext] Well known directory 'Root': '/home/jenny/tensorflow-mri/actions-runner'
[2025-03-19 12:34:54Z INFO HostContext] Well known directory 'Work': '/home/jenny/tensorflow-mri/actions-runner/_work'
[2025-03-19 12:34:54Z INFO HostContext] Well known directory 'Temp': '/home/jenny/tensorflow-mri/actions-runner/_work/_temp'
[2025-03-19 12:34:54Z INFO ExecutionContext] Write event payload to /home/jenny/tensorflow-mri/actions-runner/_work/_temp/_github_workflow/event.json
[2025-03-19 12:34:54Z INFO HostContext] Well known directory 'Bin': '/home/jenny/tensorflow-mri/actions-runner/bin'
[2025-03-19 12:34:54Z INFO HostContext] Well known directory 'Root': '/home/jenny/tensorflow-mri/actions-runner'
[2025-03-19 12:34:54Z INFO HostContext] Well known directory 'Work': '/home/jenny/tensorflow-mri/actions-runner/_work'
[2025-03-19 12:34:54Z INFO HostContext] Well known directory 'Temp': '/home/jenny/tensorflow-mri/actions-runner/_work/_temp'
[2025-03-19 12:34:54Z INFO ExtensionManager] Getting extensions for interface: 'GitHub.Runner.Worker.IFileCommandExtension'
[2025-03-19 12:34:54Z INFO ExtensionManager] Getting extensions for interface: 'GitHub.Runner.Worker.IActionCommandExtension'
[2025-03-19 12:34:54Z INFO ActionCommandManager] Register action command extension for command internal-set-repo-path
[2025-03-19 12:34:54Z INFO ActionCommandManager] Register action command extension for command set-env
[2025-03-19 12:34:54Z INFO ActionCommandManager] Register action command extension for command set-output
[2025-03-19 12:34:54Z INFO ActionCommandManager] Register action command extension for command save-state
[2025-03-19 12:34:54Z INFO ActionCommandManager] Register action command extension for command add-path
[2025-03-19 12:34:54Z INFO ActionCommandManager] Register action command extension for command add-mask
[2025-03-19 12:34:54Z INFO ActionCommandManager] Register action command extension for command add-matcher
[2025-03-19 12:34:54Z INFO ActionCommandManager] Register action command extension for command remove-matcher
[2025-03-19 12:34:54Z INFO ActionCommandManager] Register action command extension for command warning
[2025-03-19 12:34:54Z INFO ActionCommandManager] Register action command extension for command error
[2025-03-19 12:34:54Z INFO ActionCommandManager] Register action command extension for command notice
[2025-03-19 12:34:54Z INFO ActionCommandManager] Register action command extension for command debug
[2025-03-19 12:34:54Z INFO ActionCommandManager] Register action command extension for command group
[2025-03-19 12:34:54Z INFO ActionCommandManager] Register action command extension for command endgroup
[2025-03-19 12:34:54Z INFO ActionCommandManager] Register action command extension for command echo
[2025-03-19 12:34:54Z INFO HostContext] Well known directory 'Bin': '/home/jenny/tensorflow-mri/actions-runner/bin'
[2025-03-19 12:34:54Z INFO HostContext] Well known directory 'Root': '/home/jenny/tensorflow-mri/actions-runner'
[2025-03-19 12:34:54Z INFO HostContext] Well known directory 'Work': '/home/jenny/tensorflow-mri/actions-runner/_work'
[2025-03-19 12:34:54Z INFO HostContext] Well known directory 'Temp': '/home/jenny/tensorflow-mri/actions-runner/_work/_temp'
[2025-03-19 12:34:54Z INFO ScriptHandler] Which2: 'bash'
[2025-03-19 12:34:54Z INFO ScriptHandler] Location: '/usr/bin/bash'
[2025-03-19 12:34:54Z INFO HostContext] Well known directory 'Bin': '/home/jenny/tensorflow-mri/actions-runner/bin'
[2025-03-19 12:34:54Z INFO HostContext] Well known directory 'Root': '/home/jenny/tensorflow-mri/actions-runner'
[2025-03-19 12:34:54Z INFO HostContext] Well known directory 'Work': '/home/jenny/tensorflow-mri/actions-runner/_work'
[2025-03-19 12:34:54Z INFO ProcessInvokerWrapper] Starting process:
[2025-03-19 12:34:54Z INFO ProcessInvokerWrapper]   File name: '/usr/bin/docker'
[2025-03-19 12:34:54Z INFO ProcessInvokerWrapper]   Arguments: 'exec -i --workdir /__w/tensorflow-mri/tensorflow-mri -e "PYTHON" -e "GITHUB_JOB" -e "GITHUB_REF" -e "GITHUB_SHA" -e "GITHUB_REPOSITORY" -e "GITHUB_REPOSITORY_OWNER" -e "GITHUB_REPOSITORY_OWNER_ID" -e "GITHUB_RUN_ID" -e "GITHUB_RUN_NUMBER" -e "GITHUB_RETENTION_DAYS" -e "GITHUB_RUN_ATTEMPT" -e "GITHUB_ACTOR_ID" -e "GITHUB_ACTOR" -e "GITHUB_WORKFLOW" -e "GITHUB_HEAD_REF" -e "GITHUB_BASE_REF" -e "GITHUB_EVENT_NAME" -e "GITHUB_SERVER_URL" -e "GITHUB_API_URL" -e "GITHUB_GRAPHQL_URL" -e "GITHUB_REF_NAME" -e "GITHUB_REF_PROTECTED" -e "GITHUB_REF_TYPE" -e "GITHUB_WORKFLOW_REF" -e "GITHUB_WORKFLOW_SHA" -e "GITHUB_REPOSITORY_ID" -e "GITHUB_TRIGGERING_ACTOR" -e "GITHUB_WORKSPACE" -e "GITHUB_ACTION" -e "GITHUB_EVENT_PATH" -e "GITHUB_ACTION_REPOSITORY" -e "GITHUB_ACTION_REF" -e "GITHUB_PATH" -e "GITHUB_ENV" -e "GITHUB_STEP_SUMMARY" -e "GITHUB_STATE" -e "GITHUB_OUTPUT" -e "RUNNER_OS" -e "RUNNER_ARCH" -e "RUNNER_NAME" -e "RUNNER_ENVIRONMENT" -e "RUNNER_TOOL_CACHE" -e "RUNNER_TEMP" -e "RUNNER_WORKSPACE" a4a71f2b5e2609ef968e89770b2aeebb9a3353ca828224c072e16ba0a335ee2c sh -e /__w/_temp/724db991-b7aa-4329-ad4e-61e25b2b0dae.sh'
[2025-03-19 12:34:54Z INFO ProcessInvokerWrapper]   Working directory: '/home/jenny/tensorflow-mri/actions-runner/_work'
[2025-03-19 12:34:54Z INFO ProcessInvokerWrapper]   Require exit code zero: 'False'
[2025-03-19 12:34:54Z INFO ProcessInvokerWrapper]   Encoding web name:  ; code page: ''
[2025-03-19 12:34:54Z INFO ProcessInvokerWrapper]   Force kill process on cancellation: 'False'
[2025-03-19 12:34:54Z INFO ProcessInvokerWrapper]   Redirected STDIN: 'False'
[2025-03-19 12:34:54Z INFO ProcessInvokerWrapper]   Persist current code page: 'False'
[2025-03-19 12:34:54Z INFO ProcessInvokerWrapper]   Keep redirected STDIN open: 'False'
[2025-03-19 12:34:54Z INFO ProcessInvokerWrapper]   High priority process: 'False'
[2025-03-19 12:34:54Z INFO ProcessInvokerWrapper] Updated oom_score_adj to 500 for PID: 1445104.
[2025-03-19 12:34:54Z INFO ProcessInvokerWrapper] Process started with process id 1445104, waiting for process exit.
[2025-03-19 12:34:54Z INFO ProcessInvokerWrapper] STDOUT/STDERR stream read finished.
[2025-03-19 12:34:54Z INFO ProcessInvokerWrapper] STDOUT/STDERR stream read finished.
[2025-03-19 12:34:54Z INFO ProcessInvokerWrapper] Finished process 1445104 with exit code 0, and elapsed time 00:00:00.0668104.
[2025-03-19 12:34:54Z INFO CreateStepSummaryCommand] Step Summary file (/home/jenny/tensorflow-mri/actions-runner/_work/_temp/_runner_file_commands/step_summary_69c196b9-de89-4454-99b6-0cb61fd92933) is empty; skipping attachment upload
[2025-03-19 12:34:54Z INFO StepsRunner] Step result: 
[2025-03-19 12:34:54Z INFO ExecutionContext] Publish step telemetry for current step {
  "action": "sh",
  "type": "run",
  "stage": "Main",
  "stepId": "a0283762-9f95-4c52-808b-c09af5b41a7b",
  "stepContextName": "__run",
  "result": "succeeded",
  "errorMessages": [],
  "executionTimeInSeconds": 1,
  "startTime": "2025-03-19T12:34:54.5724816Z",
  "finishTime": "2025-03-19T12:34:54.6476038Z"
}.
[2025-03-19 12:34:54Z INFO StepsRunner] No need for updating job result with current step result 'Succeeded'.
[2025-03-19 12:34:54Z INFO StepsRunner] Current state: job state = ''
[2025-03-19 12:34:54Z INFO StepsRunner] Processing step: DisplayName='Lint code'
[2025-03-19 12:34:54Z INFO StepsRunner] Evaluating: success()
[2025-03-19 12:34:54Z INFO StepsRunner] Result: true
[2025-03-19 12:34:54Z INFO StepsRunner] Starting the step.
[2025-03-19 12:34:54Z INFO HostContext] Well known directory 'Bin': '/home/jenny/tensorflow-mri/actions-runner/bin'
[2025-03-19 12:34:54Z INFO HostContext] Well known directory 'Root': '/home/jenny/tensorflow-mri/actions-runner'
[2025-03-19 12:34:54Z INFO HostContext] Well known directory 'Work': '/home/jenny/tensorflow-mri/actions-runner/_work'
[2025-03-19 12:34:54Z INFO HostContext] Well known directory 'Temp': '/home/jenny/tensorflow-mri/actions-runner/_work/_temp'
[2025-03-19 12:34:54Z INFO ExecutionContext] Write event payload to /home/jenny/tensorflow-mri/actions-runner/_work/_temp/_github_workflow/event.json
[2025-03-19 12:34:54Z INFO HostContext] Well known directory 'Bin': '/home/jenny/tensorflow-mri/actions-runner/bin'
[2025-03-19 12:34:54Z INFO HostContext] Well known directory 'Root': '/home/jenny/tensorflow-mri/actions-runner'
[2025-03-19 12:34:54Z INFO HostContext] Well known directory 'Work': '/home/jenny/tensorflow-mri/actions-runner/_work'
[2025-03-19 12:34:54Z INFO HostContext] Well known directory 'Temp': '/home/jenny/tensorflow-mri/actions-runner/_work/_temp'
[2025-03-19 12:34:54Z INFO ExtensionManager] Getting extensions for interface: 'GitHub.Runner.Worker.IFileCommandExtension'
[2025-03-19 12:34:54Z INFO ExtensionManager] Getting extensions for interface: 'GitHub.Runner.Worker.IActionCommandExtension'
[2025-03-19 12:34:54Z INFO ActionCommandManager] Register action command extension for command internal-set-repo-path
[2025-03-19 12:34:54Z INFO ActionCommandManager] Register action command extension for command set-env
[2025-03-19 12:34:54Z INFO ActionCommandManager] Register action command extension for command set-output
[2025-03-19 12:34:54Z INFO ActionCommandManager] Register action command extension for command save-state
[2025-03-19 12:34:54Z INFO ActionCommandManager] Register action command extension for command add-path
[2025-03-19 12:34:54Z INFO ActionCommandManager] Register action command extension for command add-mask
[2025-03-19 12:34:54Z INFO ActionCommandManager] Register action command extension for command add-matcher
[2025-03-19 12:34:54Z INFO ActionCommandManager] Register action command extension for command remove-matcher
[2025-03-19 12:34:54Z INFO ActionCommandManager] Register action command extension for command warning
[2025-03-19 12:34:54Z INFO ActionCommandManager] Register action command extension for command error
[2025-03-19 12:34:54Z INFO ActionCommandManager] Register action command extension for command notice
[2025-03-19 12:34:54Z INFO ActionCommandManager] Register action command extension for command debug
[2025-03-19 12:34:54Z INFO ActionCommandManager] Register action command extension for command group
[2025-03-19 12:34:54Z INFO ActionCommandManager] Register action command extension for command endgroup
[2025-03-19 12:34:54Z INFO ActionCommandManager] Register action command extension for command echo
[2025-03-19 12:34:54Z INFO HostContext] Well known directory 'Bin': '/home/jenny/tensorflow-mri/actions-runner/bin'
[2025-03-19 12:34:54Z INFO HostContext] Well known directory 'Root': '/home/jenny/tensorflow-mri/actions-runner'
[2025-03-19 12:34:54Z INFO HostContext] Well known directory 'Work': '/home/jenny/tensorflow-mri/actions-runner/_work'
[2025-03-19 12:34:54Z INFO HostContext] Well known directory 'Temp': '/home/jenny/tensorflow-mri/actions-runner/_work/_temp'
[2025-03-19 12:34:54Z INFO ScriptHandler] Which2: 'bash'
[2025-03-19 12:34:54Z INFO ScriptHandler] Location: '/usr/bin/bash'
[2025-03-19 12:34:54Z INFO HostContext] Well known directory 'Bin': '/home/jenny/tensorflow-mri/actions-runner/bin'
[2025-03-19 12:34:54Z INFO HostContext] Well known directory 'Root': '/home/jenny/tensorflow-mri/actions-runner'
[2025-03-19 12:34:54Z INFO HostContext] Well known directory 'Work': '/home/jenny/tensorflow-mri/actions-runner/_work'
[2025-03-19 12:34:54Z INFO ProcessInvokerWrapper] Starting process:
[2025-03-19 12:34:54Z INFO ProcessInvokerWrapper]   File name: '/usr/bin/docker'
[2025-03-19 12:34:54Z INFO ProcessInvokerWrapper]   Arguments: 'exec -i --workdir /__w/tensorflow-mri/tensorflow-mri -e "PYTHON" -e "GITHUB_JOB" -e "GITHUB_REF" -e "GITHUB_SHA" -e "GITHUB_REPOSITORY" -e "GITHUB_REPOSITORY_OWNER" -e "GITHUB_REPOSITORY_OWNER_ID" -e "GITHUB_RUN_ID" -e "GITHUB_RUN_NUMBER" -e "GITHUB_RETENTION_DAYS" -e "GITHUB_RUN_ATTEMPT" -e "GITHUB_ACTOR_ID" -e "GITHUB_ACTOR" -e "GITHUB_WORKFLOW" -e "GITHUB_HEAD_REF" -e "GITHUB_BASE_REF" -e "GITHUB_EVENT_NAME" -e "GITHUB_SERVER_URL" -e "GITHUB_API_URL" -e "GITHUB_GRAPHQL_URL" -e "GITHUB_REF_NAME" -e "GITHUB_REF_PROTECTED" -e "GITHUB_REF_TYPE" -e "GITHUB_WORKFLOW_REF" -e "GITHUB_WORKFLOW_SHA" -e "GITHUB_REPOSITORY_ID" -e "GITHUB_TRIGGERING_ACTOR" -e "GITHUB_WORKSPACE" -e "GITHUB_ACTION" -e "GITHUB_EVENT_PATH" -e "GITHUB_ACTION_REPOSITORY" -e "GITHUB_ACTION_REF" -e "GITHUB_PATH" -e "GITHUB_ENV" -e "GITHUB_STEP_SUMMARY" -e "GITHUB_STATE" -e "GITHUB_OUTPUT" -e "RUNNER_OS" -e "RUNNER_ARCH" -e "RUNNER_NAME" -e "RUNNER_ENVIRONMENT" -e "RUNNER_TOOL_CACHE" -e "RUNNER_TEMP" -e "RUNNER_WORKSPACE" a4a71f2b5e2609ef968e89770b2aeebb9a3353ca828224c072e16ba0a335ee2c sh -e /__w/_temp/b014b287-4546-42cd-a289-c33a76fae459.sh'
[2025-03-19 12:34:54Z INFO ProcessInvokerWrapper]   Working directory: '/home/jenny/tensorflow-mri/actions-runner/_work'
[2025-03-19 12:34:54Z INFO ProcessInvokerWrapper]   Require exit code zero: 'False'
[2025-03-19 12:34:54Z INFO ProcessInvokerWrapper]   Encoding web name:  ; code page: ''
[2025-03-19 12:34:54Z INFO ProcessInvokerWrapper]   Force kill process on cancellation: 'False'
[2025-03-19 12:34:54Z INFO ProcessInvokerWrapper]   Redirected STDIN: 'False'
[2025-03-19 12:34:54Z INFO ProcessInvokerWrapper]   Persist current code page: 'False'
[2025-03-19 12:34:54Z INFO ProcessInvokerWrapper]   Keep redirected STDIN open: 'False'
[2025-03-19 12:34:54Z INFO ProcessInvokerWrapper]   High priority process: 'False'
[2025-03-19 12:34:54Z INFO ProcessInvokerWrapper] Updated oom_score_adj to 500 for PID: 1445151.
[2025-03-19 12:34:54Z INFO ProcessInvokerWrapper] Process started with process id 1445151, waiting for process exit.
[2025-03-19 12:34:54Z INFO JobServerQueue] Try to append 1 batches web console lines for record '5e819ede-120b-473c-a633-3be4a6ffe3cb', success rate: 1/1.
[2025-03-19 12:34:54Z INFO JobServerQueue] Try to append 1 batches web console lines for record 'a0283762-9f95-4c52-808b-c09af5b41a7b', success rate: 1/1.
[2025-03-19 12:34:54Z INFO JobServerQueue] Try to append 1 batches web console lines for record '47c6ce48-dabd-43bd-8b56-1db95352fc2d', success rate: 1/1.
[2025-03-19 12:34:54Z INFO JobServerQueue] Try to upload 2 log files or attachments, success rate: 2/2.
[2025-03-19 12:34:55Z INFO JobServerQueue] Try to append 1 batches web console lines for record '47c6ce48-dabd-43bd-8b56-1db95352fc2d', success rate: 1/1.
[2025-03-19 12:34:55Z INFO JobServerQueue] Got a step log file to send to results service.
[2025-03-19 12:34:55Z INFO JobServerQueue] Starting upload of step log file to results service ResultsLog, /home/jenny/tensorflow-mri/actions-runner/_diag/blocks/b3976377-3d73-4371-9101-528685db81e9_5e819ede-120b-473c-a633-3be4a6ffe3cb.1
[2025-03-19 12:34:55Z INFO JobServerQueue] Got a step log file to send to results service.
[2025-03-19 12:34:55Z INFO JobServerQueue] Starting upload of step log file to results service ResultsLog, /home/jenny/tensorflow-mri/actions-runner/_diag/blocks/b3976377-3d73-4371-9101-528685db81e9_a0283762-9f95-4c52-808b-c09af5b41a7b.1
[2025-03-19 12:34:56Z INFO JobServerQueue] Tried to upload 2 file(s) to results, success rate: 2/2.
[2025-03-19 12:34:56Z INFO JobServerQueue] Try to append 1 batches web console lines for record '47c6ce48-dabd-43bd-8b56-1db95352fc2d', success rate: 1/1.
[2025-03-19 12:34:57Z INFO JobServerQueue] Try to append 1 batches web console lines for record '47c6ce48-dabd-43bd-8b56-1db95352fc2d', success rate: 1/1.
[2025-03-19 12:34:58Z INFO JobServerQueue] Try to append 1 batches web console lines for record '47c6ce48-dabd-43bd-8b56-1db95352fc2d', success rate: 1/1.
[2025-03-19 12:34:59Z INFO HostContext] Well known directory 'Bin': '/home/jenny/tensorflow-mri/actions-runner/bin'
[2025-03-19 12:34:59Z INFO HostContext] Well known directory 'Root': '/home/jenny/tensorflow-mri/actions-runner'
[2025-03-19 12:34:59Z INFO HostContext] Well known directory 'Work': '/home/jenny/tensorflow-mri/actions-runner/_work'
[2025-03-19 12:35:09Z INFO HostContext] Well known directory 'Bin': '/home/jenny/tensorflow-mri/actions-runner/bin'
[2025-03-19 12:35:09Z INFO HostContext] Well known directory 'Root': '/home/jenny/tensorflow-mri/actions-runner'
[2025-03-19 12:35:09Z INFO HostContext] Well known directory 'Work': '/home/jenny/tensorflow-mri/actions-runner/_work'
[2025-03-19 12:35:19Z INFO HostContext] Well known directory 'Bin': '/home/jenny/tensorflow-mri/actions-runner/bin'
[2025-03-19 12:35:19Z INFO HostContext] Well known directory 'Root': '/home/jenny/tensorflow-mri/actions-runner'
[2025-03-19 12:35:19Z INFO HostContext] Well known directory 'Work': '/home/jenny/tensorflow-mri/actions-runner/_work'
[2025-03-19 12:35:29Z INFO HostContext] Well known directory 'Bin': '/home/jenny/tensorflow-mri/actions-runner/bin'
[2025-03-19 12:35:29Z INFO HostContext] Well known directory 'Root': '/home/jenny/tensorflow-mri/actions-runner'
[2025-03-19 12:35:29Z INFO HostContext] Well known directory 'Work': '/home/jenny/tensorflow-mri/actions-runner/_work'
[2025-03-19 12:35:30Z INFO JobServerQueue] Try to append 1 batches web console lines for record '47c6ce48-dabd-43bd-8b56-1db95352fc2d', success rate: 1/1.
[2025-03-19 12:35:35Z INFO ProcessInvokerWrapper] STDOUT/STDERR stream read finished.
[2025-03-19 12:35:35Z INFO ProcessInvokerWrapper] STDOUT/STDERR stream read finished.
[2025-03-19 12:35:35Z INFO ProcessInvokerWrapper] Finished process 1445151 with exit code 0, and elapsed time 00:00:41.2162833.
[2025-03-19 12:35:35Z INFO CreateStepSummaryCommand] Step Summary file (/home/jenny/tensorflow-mri/actions-runner/_work/_temp/_runner_file_commands/step_summary_cff2d619-f95f-41c3-adc7-8317b9471d41) is empty; skipping attachment upload
[2025-03-19 12:35:35Z INFO StepsRunner] Step result: 
[2025-03-19 12:35:35Z INFO ExecutionContext] Publish step telemetry for current step {
  "action": "sh",
  "type": "run",
  "stage": "Main",
  "stepId": "47c6ce48-dabd-43bd-8b56-1db95352fc2d",
  "stepContextName": "__run_2",
  "result": "succeeded",
  "errorMessages": [],
  "executionTimeInSeconds": 42,
  "startTime": "2025-03-19T12:34:54.6481064Z",
  "finishTime": "2025-03-19T12:35:35.8686318Z"
}.
[2025-03-19 12:35:35Z INFO StepsRunner] No need for updating job result with current step result 'Succeeded'.
[2025-03-19 12:35:35Z INFO StepsRunner] Current state: job state = ''
[2025-03-19 12:35:35Z INFO StepsRunner] Processing step: DisplayName='Compile shared library'
[2025-03-19 12:35:35Z INFO StepsRunner] Evaluating: success()
[2025-03-19 12:35:35Z INFO StepsRunner] Result: true
[2025-03-19 12:35:35Z INFO StepsRunner] Starting the step.
[2025-03-19 12:35:35Z INFO HostContext] Well known directory 'Bin': '/home/jenny/tensorflow-mri/actions-runner/bin'
[2025-03-19 12:35:35Z INFO HostContext] Well known directory 'Root': '/home/jenny/tensorflow-mri/actions-runner'
[2025-03-19 12:35:35Z INFO HostContext] Well known directory 'Work': '/home/jenny/tensorflow-mri/actions-runner/_work'
[2025-03-19 12:35:35Z INFO HostContext] Well known directory 'Temp': '/home/jenny/tensorflow-mri/actions-runner/_work/_temp'
[2025-03-19 12:35:35Z INFO ExecutionContext] Write event payload to /home/jenny/tensorflow-mri/actions-runner/_work/_temp/_github_workflow/event.json
[2025-03-19 12:35:35Z INFO HostContext] Well known directory 'Bin': '/home/jenny/tensorflow-mri/actions-runner/bin'
[2025-03-19 12:35:35Z INFO HostContext] Well known directory 'Root': '/home/jenny/tensorflow-mri/actions-runner'
[2025-03-19 12:35:35Z INFO HostContext] Well known directory 'Work': '/home/jenny/tensorflow-mri/actions-runner/_work'
[2025-03-19 12:35:35Z INFO HostContext] Well known directory 'Temp': '/home/jenny/tensorflow-mri/actions-runner/_work/_temp'
[2025-03-19 12:35:35Z INFO ExtensionManager] Getting extensions for interface: 'GitHub.Runner.Worker.IFileCommandExtension'
[2025-03-19 12:35:35Z INFO ExtensionManager] Getting extensions for interface: 'GitHub.Runner.Worker.IActionCommandExtension'
[2025-03-19 12:35:35Z INFO ActionCommandManager] Register action command extension for command internal-set-repo-path
[2025-03-19 12:35:35Z INFO ActionCommandManager] Register action command extension for command set-env
[2025-03-19 12:35:35Z INFO ActionCommandManager] Register action command extension for command set-output
[2025-03-19 12:35:35Z INFO ActionCommandManager] Register action command extension for command save-state
[2025-03-19 12:35:35Z INFO ActionCommandManager] Register action command extension for command add-path
[2025-03-19 12:35:35Z INFO ActionCommandManager] Register action command extension for command add-mask
[2025-03-19 12:35:35Z INFO ActionCommandManager] Register action command extension for command add-matcher
[2025-03-19 12:35:35Z INFO ActionCommandManager] Register action command extension for command remove-matcher
[2025-03-19 12:35:35Z INFO ActionCommandManager] Register action command extension for command warning
[2025-03-19 12:35:35Z INFO ActionCommandManager] Register action command extension for command error
[2025-03-19 12:35:35Z INFO ActionCommandManager] Register action command extension for command notice
[2025-03-19 12:35:35Z INFO ActionCommandManager] Register action command extension for command debug
[2025-03-19 12:35:35Z INFO ActionCommandManager] Register action command extension for command group
[2025-03-19 12:35:35Z INFO ActionCommandManager] Register action command extension for command endgroup
[2025-03-19 12:35:35Z INFO ActionCommandManager] Register action command extension for command echo
[2025-03-19 12:35:35Z INFO HostContext] Well known directory 'Bin': '/home/jenny/tensorflow-mri/actions-runner/bin'
[2025-03-19 12:35:35Z INFO HostContext] Well known directory 'Root': '/home/jenny/tensorflow-mri/actions-runner'
[2025-03-19 12:35:35Z INFO HostContext] Well known directory 'Work': '/home/jenny/tensorflow-mri/actions-runner/_work'
[2025-03-19 12:35:35Z INFO HostContext] Well known directory 'Temp': '/home/jenny/tensorflow-mri/actions-runner/_work/_temp'
[2025-03-19 12:35:35Z INFO ScriptHandler] Which2: 'bash'
[2025-03-19 12:35:35Z INFO ScriptHandler] Location: '/usr/bin/bash'
[2025-03-19 12:35:35Z INFO HostContext] Well known directory 'Bin': '/home/jenny/tensorflow-mri/actions-runner/bin'
[2025-03-19 12:35:35Z INFO HostContext] Well known directory 'Root': '/home/jenny/tensorflow-mri/actions-runner'
[2025-03-19 12:35:35Z INFO HostContext] Well known directory 'Work': '/home/jenny/tensorflow-mri/actions-runner/_work'
[2025-03-19 12:35:35Z INFO ProcessInvokerWrapper] Starting process:
[2025-03-19 12:35:35Z INFO ProcessInvokerWrapper]   File name: '/usr/bin/docker'
[2025-03-19 12:35:35Z INFO ProcessInvokerWrapper]   Arguments: 'exec -i --workdir /__w/tensorflow-mri/tensorflow-mri -e "PYTHON" -e "GITHUB_JOB" -e "GITHUB_REF" -e "GITHUB_SHA" -e "GITHUB_REPOSITORY" -e "GITHUB_REPOSITORY_OWNER" -e "GITHUB_REPOSITORY_OWNER_ID" -e "GITHUB_RUN_ID" -e "GITHUB_RUN_NUMBER" -e "GITHUB_RETENTION_DAYS" -e "GITHUB_RUN_ATTEMPT" -e "GITHUB_ACTOR_ID" -e "GITHUB_ACTOR" -e "GITHUB_WORKFLOW" -e "GITHUB_HEAD_REF" -e "GITHUB_BASE_REF" -e "GITHUB_EVENT_NAME" -e "GITHUB_SERVER_URL" -e "GITHUB_API_URL" -e "GITHUB_GRAPHQL_URL" -e "GITHUB_REF_NAME" -e "GITHUB_REF_PROTECTED" -e "GITHUB_REF_TYPE" -e "GITHUB_WORKFLOW_REF" -e "GITHUB_WORKFLOW_SHA" -e "GITHUB_REPOSITORY_ID" -e "GITHUB_TRIGGERING_ACTOR" -e "GITHUB_WORKSPACE" -e "GITHUB_ACTION" -e "GITHUB_EVENT_PATH" -e "GITHUB_ACTION_REPOSITORY" -e "GITHUB_ACTION_REF" -e "GITHUB_PATH" -e "GITHUB_ENV" -e "GITHUB_STEP_SUMMARY" -e "GITHUB_STATE" -e "GITHUB_OUTPUT" -e "RUNNER_OS" -e "RUNNER_ARCH" -e "RUNNER_NAME" -e "RUNNER_ENVIRONMENT" -e "RUNNER_TOOL_CACHE" -e "RUNNER_TEMP" -e "RUNNER_WORKSPACE" a4a71f2b5e2609ef968e89770b2aeebb9a3353ca828224c072e16ba0a335ee2c sh -e /__w/_temp/00991a73-fe64-4a54-9866-98ce9436b2db.sh'
[2025-03-19 12:35:35Z INFO ProcessInvokerWrapper]   Working directory: '/home/jenny/tensorflow-mri/actions-runner/_work'
[2025-03-19 12:35:35Z INFO ProcessInvokerWrapper]   Require exit code zero: 'False'
[2025-03-19 12:35:35Z INFO ProcessInvokerWrapper]   Encoding web name:  ; code page: ''
[2025-03-19 12:35:35Z INFO ProcessInvokerWrapper]   Force kill process on cancellation: 'False'
[2025-03-19 12:35:35Z INFO ProcessInvokerWrapper]   Redirected STDIN: 'False'
[2025-03-19 12:35:35Z INFO ProcessInvokerWrapper]   Persist current code page: 'False'
[2025-03-19 12:35:35Z INFO ProcessInvokerWrapper]   Keep redirected STDIN open: 'False'
[2025-03-19 12:35:35Z INFO ProcessInvokerWrapper]   High priority process: 'False'
[2025-03-19 12:35:35Z INFO ProcessInvokerWrapper] Updated oom_score_adj to 500 for PID: 1445685.
[2025-03-19 12:35:35Z INFO ProcessInvokerWrapper] Process started with process id 1445685, waiting for process exit.
[2025-03-19 12:35:35Z INFO JobServerQueue] Try to upload 1 log files or attachments, success rate: 1/1.
[2025-03-19 12:35:36Z INFO JobServerQueue] Got a step log file to send to results service.
[2025-03-19 12:35:36Z INFO JobServerQueue] Starting upload of step log file to results service ResultsLog, /home/jenny/tensorflow-mri/actions-runner/_diag/blocks/b3976377-3d73-4371-9101-528685db81e9_47c6ce48-dabd-43bd-8b56-1db95352fc2d.1
[2025-03-19 12:35:36Z INFO JobServerQueue] Try to append 1 batches web console lines for record 'f5d6ff4d-c0e6-4fc0-b3be-17844c584fc7', success rate: 1/1.
[2025-03-19 12:35:36Z INFO JobServerQueue] Tried to upload 1 file(s) to results, success rate: 1/1.
[2025-03-19 12:35:36Z INFO JobServerQueue] Try to append 1 batches web console lines for record 'f5d6ff4d-c0e6-4fc0-b3be-17844c584fc7', success rate: 1/1.
[2025-03-19 12:35:37Z INFO JobServerQueue] Try to append 1 batches web console lines for record 'f5d6ff4d-c0e6-4fc0-b3be-17844c584fc7', success rate: 1/1.
[2025-03-19 12:35:39Z INFO JobServerQueue] Try to append 1 batches web console lines for record 'f5d6ff4d-c0e6-4fc0-b3be-17844c584fc7', success rate: 1/1.
[2025-03-19 12:35:39Z INFO HostContext] Well known directory 'Bin': '/home/jenny/tensorflow-mri/actions-runner/bin'
[2025-03-19 12:35:39Z INFO HostContext] Well known directory 'Root': '/home/jenny/tensorflow-mri/actions-runner'
[2025-03-19 12:35:39Z INFO HostContext] Well known directory 'Work': '/home/jenny/tensorflow-mri/actions-runner/_work'
[2025-03-19 12:35:45Z INFO JobServerQueue] Try to append 2 batches web console lines for record 'f5d6ff4d-c0e6-4fc0-b3be-17844c584fc7', success rate: 2/2.
[2025-03-19 12:35:45Z INFO JobServerQueue] Try to append 1 batches web console lines for record 'f5d6ff4d-c0e6-4fc0-b3be-17844c584fc7', success rate: 1/1.
[2025-03-19 12:35:45Z INFO JobServerQueue] Try to append 1 batches web console lines for record 'f5d6ff4d-c0e6-4fc0-b3be-17844c584fc7', success rate: 1/1.
[2025-03-19 12:35:45Z INFO ProcessInvokerWrapper] STDOUT/STDERR stream read finished.
[2025-03-19 12:35:45Z INFO ProcessInvokerWrapper] STDOUT/STDERR stream read finished.
[2025-03-19 12:35:45Z INFO ProcessInvokerWrapper] Finished process 1445685 with exit code 0, and elapsed time 00:00:09.8220102.
[2025-03-19 12:35:45Z INFO CreateStepSummaryCommand] Step Summary file (/home/jenny/tensorflow-mri/actions-runner/_work/_temp/_runner_file_commands/step_summary_eb8cf1db-1b21-4aab-aca7-a59508730030) is empty; skipping attachment upload
[2025-03-19 12:35:45Z INFO StepsRunner] Step result: 
[2025-03-19 12:35:45Z INFO ExecutionContext] Publish step telemetry for current step {
  "action": "sh",
  "type": "run",
  "stage": "Main",
  "stepId": "f5d6ff4d-c0e6-4fc0-b3be-17844c584fc7",
  "stepContextName": "__run_3",
  "result": "succeeded",
  "errorMessages": [],
  "executionTimeInSeconds": 10,
  "startTime": "2025-03-19T12:35:35.8690927Z",
  "finishTime": "2025-03-19T12:35:45.6953704Z"
}.
[2025-03-19 12:35:45Z INFO StepsRunner] No need for updating job result with current step result 'Succeeded'.
[2025-03-19 12:35:45Z INFO StepsRunner] Current state: job state = ''
[2025-03-19 12:35:45Z INFO StepsRunner] Processing step: DisplayName='Install required packages'
[2025-03-19 12:35:45Z INFO StepsRunner] Evaluating: success()
[2025-03-19 12:35:45Z INFO StepsRunner] Result: true
[2025-03-19 12:35:45Z INFO StepsRunner] Starting the step.
[2025-03-19 12:35:45Z INFO HostContext] Well known directory 'Bin': '/home/jenny/tensorflow-mri/actions-runner/bin'
[2025-03-19 12:35:45Z INFO HostContext] Well known directory 'Root': '/home/jenny/tensorflow-mri/actions-runner'
[2025-03-19 12:35:45Z INFO HostContext] Well known directory 'Work': '/home/jenny/tensorflow-mri/actions-runner/_work'
[2025-03-19 12:35:45Z INFO HostContext] Well known directory 'Temp': '/home/jenny/tensorflow-mri/actions-runner/_work/_temp'
[2025-03-19 12:35:45Z INFO ExecutionContext] Write event payload to /home/jenny/tensorflow-mri/actions-runner/_work/_temp/_github_workflow/event.json
[2025-03-19 12:35:45Z INFO HostContext] Well known directory 'Bin': '/home/jenny/tensorflow-mri/actions-runner/bin'
[2025-03-19 12:35:45Z INFO HostContext] Well known directory 'Root': '/home/jenny/tensorflow-mri/actions-runner'
[2025-03-19 12:35:45Z INFO HostContext] Well known directory 'Work': '/home/jenny/tensorflow-mri/actions-runner/_work'
[2025-03-19 12:35:45Z INFO HostContext] Well known directory 'Temp': '/home/jenny/tensorflow-mri/actions-runner/_work/_temp'
[2025-03-19 12:35:45Z INFO ExtensionManager] Getting extensions for interface: 'GitHub.Runner.Worker.IFileCommandExtension'
[2025-03-19 12:35:45Z INFO ExtensionManager] Getting extensions for interface: 'GitHub.Runner.Worker.IActionCommandExtension'
[2025-03-19 12:35:45Z INFO ActionCommandManager] Register action command extension for command internal-set-repo-path
[2025-03-19 12:35:45Z INFO ActionCommandManager] Register action command extension for command set-env
[2025-03-19 12:35:45Z INFO ActionCommandManager] Register action command extension for command set-output
[2025-03-19 12:35:45Z INFO ActionCommandManager] Register action command extension for command save-state
[2025-03-19 12:35:45Z INFO ActionCommandManager] Register action command extension for command add-path
[2025-03-19 12:35:45Z INFO ActionCommandManager] Register action command extension for command add-mask
[2025-03-19 12:35:45Z INFO ActionCommandManager] Register action command extension for command add-matcher
[2025-03-19 12:35:45Z INFO ActionCommandManager] Register action command extension for command remove-matcher
[2025-03-19 12:35:45Z INFO ActionCommandManager] Register action command extension for command warning
[2025-03-19 12:35:45Z INFO ActionCommandManager] Register action command extension for command error
[2025-03-19 12:35:45Z INFO ActionCommandManager] Register action command extension for command notice
[2025-03-19 12:35:45Z INFO ActionCommandManager] Register action command extension for command debug
[2025-03-19 12:35:45Z INFO ActionCommandManager] Register action command extension for command group
[2025-03-19 12:35:45Z INFO ActionCommandManager] Register action command extension for command endgroup
[2025-03-19 12:35:45Z INFO ActionCommandManager] Register action command extension for command echo
[2025-03-19 12:35:45Z INFO HostContext] Well known directory 'Bin': '/home/jenny/tensorflow-mri/actions-runner/bin'
[2025-03-19 12:35:45Z INFO HostContext] Well known directory 'Root': '/home/jenny/tensorflow-mri/actions-runner'
[2025-03-19 12:35:45Z INFO HostContext] Well known directory 'Work': '/home/jenny/tensorflow-mri/actions-runner/_work'
[2025-03-19 12:35:45Z INFO HostContext] Well known directory 'Temp': '/home/jenny/tensorflow-mri/actions-runner/_work/_temp'
[2025-03-19 12:35:45Z INFO ScriptHandler] Which2: 'bash'
[2025-03-19 12:35:45Z INFO ScriptHandler] Location: '/usr/bin/bash'
[2025-03-19 12:35:45Z INFO HostContext] Well known directory 'Bin': '/home/jenny/tensorflow-mri/actions-runner/bin'
[2025-03-19 12:35:45Z INFO HostContext] Well known directory 'Root': '/home/jenny/tensorflow-mri/actions-runner'
[2025-03-19 12:35:45Z INFO HostContext] Well known directory 'Work': '/home/jenny/tensorflow-mri/actions-runner/_work'
[2025-03-19 12:35:45Z INFO ProcessInvokerWrapper] Starting process:
[2025-03-19 12:35:45Z INFO ProcessInvokerWrapper]   File name: '/usr/bin/docker'
[2025-03-19 12:35:45Z INFO ProcessInvokerWrapper]   Arguments: 'exec -i --workdir /__w/tensorflow-mri/tensorflow-mri -e "PYTHON" -e "GITHUB_JOB" -e "GITHUB_REF" -e "GITHUB_SHA" -e "GITHUB_REPOSITORY" -e "GITHUB_REPOSITORY_OWNER" -e "GITHUB_REPOSITORY_OWNER_ID" -e "GITHUB_RUN_ID" -e "GITHUB_RUN_NUMBER" -e "GITHUB_RETENTION_DAYS" -e "GITHUB_RUN_ATTEMPT" -e "GITHUB_ACTOR_ID" -e "GITHUB_ACTOR" -e "GITHUB_WORKFLOW" -e "GITHUB_HEAD_REF" -e "GITHUB_BASE_REF" -e "GITHUB_EVENT_NAME" -e "GITHUB_SERVER_URL" -e "GITHUB_API_URL" -e "GITHUB_GRAPHQL_URL" -e "GITHUB_REF_NAME" -e "GITHUB_REF_PROTECTED" -e "GITHUB_REF_TYPE" -e "GITHUB_WORKFLOW_REF" -e "GITHUB_WORKFLOW_SHA" -e "GITHUB_REPOSITORY_ID" -e "GITHUB_TRIGGERING_ACTOR" -e "GITHUB_WORKSPACE" -e "GITHUB_ACTION" -e "GITHUB_EVENT_PATH" -e "GITHUB_ACTION_REPOSITORY" -e "GITHUB_ACTION_REF" -e "GITHUB_PATH" -e "GITHUB_ENV" -e "GITHUB_STEP_SUMMARY" -e "GITHUB_STATE" -e "GITHUB_OUTPUT" -e "RUNNER_OS" -e "RUNNER_ARCH" -e "RUNNER_NAME" -e "RUNNER_ENVIRONMENT" -e "RUNNER_TOOL_CACHE" -e "RUNNER_TEMP" -e "RUNNER_WORKSPACE" a4a71f2b5e2609ef968e89770b2aeebb9a3353ca828224c072e16ba0a335ee2c sh -e /__w/_temp/965c4192-2a23-42ec-9dff-4b6d5471f398.sh'
[2025-03-19 12:35:45Z INFO ProcessInvokerWrapper]   Working directory: '/home/jenny/tensorflow-mri/actions-runner/_work'
[2025-03-19 12:35:45Z INFO ProcessInvokerWrapper]   Require exit code zero: 'False'
[2025-03-19 12:35:45Z INFO ProcessInvokerWrapper]   Encoding web name:  ; code page: ''
[2025-03-19 12:35:45Z INFO ProcessInvokerWrapper]   Force kill process on cancellation: 'False'
[2025-03-19 12:35:45Z INFO ProcessInvokerWrapper]   Redirected STDIN: 'False'
[2025-03-19 12:35:45Z INFO ProcessInvokerWrapper]   Persist current code page: 'False'
[2025-03-19 12:35:45Z INFO ProcessInvokerWrapper]   Keep redirected STDIN open: 'False'
[2025-03-19 12:35:45Z INFO ProcessInvokerWrapper]   High priority process: 'False'
[2025-03-19 12:35:45Z INFO ProcessInvokerWrapper] Updated oom_score_adj to 500 for PID: 1445983.
[2025-03-19 12:35:45Z INFO ProcessInvokerWrapper] Process started with process id 1445983, waiting for process exit.
[2025-03-19 12:35:45Z INFO JobServerQueue] Try to upload 1 log files or attachments, success rate: 1/1.
[2025-03-19 12:35:45Z INFO JobServerQueue] Try to append 1 batches web console lines for record 'f5d6ff4d-c0e6-4fc0-b3be-17844c584fc7', success rate: 1/1.
[2025-03-19 12:35:45Z INFO JobServerQueue] Try to append 1 batches web console lines for record '37d6d998-07a7-45f8-929a-4d86f4f61ada', success rate: 1/1.
[2025-03-19 12:35:46Z INFO JobServerQueue] Try to append 1 batches web console lines for record '37d6d998-07a7-45f8-929a-4d86f4f61ada', success rate: 1/1.
[2025-03-19 12:35:46Z INFO JobServerQueue] Got a step log file to send to results service.
[2025-03-19 12:35:46Z INFO JobServerQueue] Starting upload of step log file to results service ResultsLog, /home/jenny/tensorflow-mri/actions-runner/_diag/blocks/b3976377-3d73-4371-9101-528685db81e9_f5d6ff4d-c0e6-4fc0-b3be-17844c584fc7.1
[2025-03-19 12:35:46Z INFO JobServerQueue] Try to append 1 batches web console lines for record '37d6d998-07a7-45f8-929a-4d86f4f61ada', success rate: 1/1.
[2025-03-19 12:35:46Z INFO JobServerQueue] Try to append 1 batches web console lines for record '37d6d998-07a7-45f8-929a-4d86f4f61ada', success rate: 1/1.
[2025-03-19 12:35:46Z INFO JobServerQueue] Tried to upload 1 file(s) to results, success rate: 1/1.
[2025-03-19 12:35:47Z INFO JobServerQueue] Try to append 1 batches web console lines for record '37d6d998-07a7-45f8-929a-4d86f4f61ada', success rate: 1/1.
[2025-03-19 12:35:47Z INFO JobServerQueue] Try to append 1 batches web console lines for record '37d6d998-07a7-45f8-929a-4d86f4f61ada', success rate: 1/1.
[2025-03-19 12:35:48Z INFO JobServerQueue] Stop aggressive process web console line queue.
[2025-03-19 12:35:49Z INFO JobServerQueue] Try to append 1 batches web console lines for record '37d6d998-07a7-45f8-929a-4d86f4f61ada', success rate: 1/1.
[2025-03-19 12:35:49Z INFO HostContext] Well known directory 'Bin': '/home/jenny/tensorflow-mri/actions-runner/bin'
[2025-03-19 12:35:49Z INFO HostContext] Well known directory 'Root': '/home/jenny/tensorflow-mri/actions-runner'
[2025-03-19 12:35:49Z INFO HostContext] Well known directory 'Work': '/home/jenny/tensorflow-mri/actions-runner/_work'
[2025-03-19 12:35:50Z INFO JobServerQueue] Try to append 1 batches web console lines for record '37d6d998-07a7-45f8-929a-4d86f4f61ada', success rate: 1/1.
[2025-03-19 12:35:51Z INFO JobServerQueue] Try to append 1 batches web console lines for record '37d6d998-07a7-45f8-929a-4d86f4f61ada', success rate: 1/1.
[2025-03-19 12:35:51Z INFO JobServerQueue] Try to append 1 batches web console lines for record '37d6d998-07a7-45f8-929a-4d86f4f61ada', success rate: 1/1.
[2025-03-19 12:35:53Z INFO JobServerQueue] Try to append 1 batches web console lines for record '37d6d998-07a7-45f8-929a-4d86f4f61ada', success rate: 1/1.
[2025-03-19 12:35:54Z INFO JobServerQueue] Try to append 1 batches web console lines for record '37d6d998-07a7-45f8-929a-4d86f4f61ada', success rate: 1/1.
[2025-03-19 12:35:55Z INFO JobServerQueue] Try to append 1 batches web console lines for record '37d6d998-07a7-45f8-929a-4d86f4f61ada', success rate: 1/1.
[2025-03-19 12:35:56Z INFO JobServerQueue] Try to append 1 batches web console lines for record '37d6d998-07a7-45f8-929a-4d86f4f61ada', success rate: 1/1.
[2025-03-19 12:35:56Z INFO JobServerQueue] Try to append 1 batches web console lines for record '37d6d998-07a7-45f8-929a-4d86f4f61ada', success rate: 1/1.
[2025-03-19 12:35:57Z INFO JobServerQueue] Try to append 1 batches web console lines for record '37d6d998-07a7-45f8-929a-4d86f4f61ada', success rate: 1/1.
[2025-03-19 12:35:57Z INFO JobServerQueue] Try to append 1 batches web console lines for record '37d6d998-07a7-45f8-929a-4d86f4f61ada', success rate: 1/1.
[2025-03-19 12:35:58Z INFO JobServerQueue] Try to append 1 batches web console lines for record '37d6d998-07a7-45f8-929a-4d86f4f61ada', success rate: 1/1.
[2025-03-19 12:35:58Z INFO JobServerQueue] Try to append 1 batches web console lines for record '37d6d998-07a7-45f8-929a-4d86f4f61ada', success rate: 1/1.
[2025-03-19 12:35:59Z INFO JobServerQueue] Try to append 1 batches web console lines for record '37d6d998-07a7-45f8-929a-4d86f4f61ada', success rate: 1/1.
[2025-03-19 12:35:59Z INFO HostContext] Well known directory 'Bin': '/home/jenny/tensorflow-mri/actions-runner/bin'
[2025-03-19 12:35:59Z INFO HostContext] Well known directory 'Root': '/home/jenny/tensorflow-mri/actions-runner'
[2025-03-19 12:35:59Z INFO HostContext] Well known directory 'Work': '/home/jenny/tensorflow-mri/actions-runner/_work'
[2025-03-19 12:35:59Z INFO JobServerQueue] Try to append 1 batches web console lines for record '37d6d998-07a7-45f8-929a-4d86f4f61ada', success rate: 1/1.
[2025-03-19 12:36:00Z INFO JobServerQueue] Try to append 1 batches web console lines for record '37d6d998-07a7-45f8-929a-4d86f4f61ada', success rate: 1/1.
[2025-03-19 12:36:00Z INFO JobServerQueue] Try to append 1 batches web console lines for record '37d6d998-07a7-45f8-929a-4d86f4f61ada', success rate: 1/1.
[2025-03-19 12:36:01Z INFO JobServerQueue] Try to append 1 batches web console lines for record '37d6d998-07a7-45f8-929a-4d86f4f61ada', success rate: 1/1.
[2025-03-19 12:36:01Z INFO JobServerQueue] Try to append 1 batches web console lines for record '37d6d998-07a7-45f8-929a-4d86f4f61ada', success rate: 1/1.
[2025-03-19 12:36:02Z INFO JobServerQueue] Try to append 1 batches web console lines for record '37d6d998-07a7-45f8-929a-4d86f4f61ada', success rate: 1/1.
[2025-03-19 12:36:02Z INFO JobServerQueue] Try to append 1 batches web console lines for record '37d6d998-07a7-45f8-929a-4d86f4f61ada', success rate: 1/1.
[2025-03-19 12:36:03Z INFO JobServerQueue] Try to append 1 batches web console lines for record '37d6d998-07a7-45f8-929a-4d86f4f61ada', success rate: 1/1.
[2025-03-19 12:36:03Z INFO JobServerQueue] Try to append 1 batches web console lines for record '37d6d998-07a7-45f8-929a-4d86f4f61ada', success rate: 1/1.
[2025-03-19 12:36:04Z INFO JobServerQueue] Try to append 1 batches web console lines for record '37d6d998-07a7-45f8-929a-4d86f4f61ada', success rate: 1/1.
[2025-03-19 12:36:04Z INFO JobServerQueue] Try to append 1 batches web console lines for record '37d6d998-07a7-45f8-929a-4d86f4f61ada', success rate: 1/1.
[2025-03-19 12:36:05Z INFO JobServerQueue] Try to append 1 batches web console lines for record '37d6d998-07a7-45f8-929a-4d86f4f61ada', success rate: 1/1.
[2025-03-19 12:36:06Z INFO JobServerQueue] Try to append 1 batches web console lines for record '37d6d998-07a7-45f8-929a-4d86f4f61ada', success rate: 1/1.
[2025-03-19 12:36:06Z INFO JobServerQueue] Try to append 1 batches web console lines for record '37d6d998-07a7-45f8-929a-4d86f4f61ada', success rate: 1/1.
[2025-03-19 12:36:07Z INFO JobServerQueue] Try to append 1 batches web console lines for record '37d6d998-07a7-45f8-929a-4d86f4f61ada', success rate: 1/1.
[2025-03-19 12:36:08Z INFO JobServerQueue] Try to append 1 batches web console lines for record '37d6d998-07a7-45f8-929a-4d86f4f61ada', success rate: 1/1.
[2025-03-19 12:36:08Z INFO JobServerQueue] Try to append 1 batches web console lines for record '37d6d998-07a7-45f8-929a-4d86f4f61ada', success rate: 1/1.
[2025-03-19 12:36:09Z INFO JobServerQueue] Try to append 1 batches web console lines for record '37d6d998-07a7-45f8-929a-4d86f4f61ada', success rate: 1/1.
[2025-03-19 12:36:09Z INFO HostContext] Well known directory 'Bin': '/home/jenny/tensorflow-mri/actions-runner/bin'
[2025-03-19 12:36:09Z INFO HostContext] Well known directory 'Root': '/home/jenny/tensorflow-mri/actions-runner'
[2025-03-19 12:36:09Z INFO HostContext] Well known directory 'Work': '/home/jenny/tensorflow-mri/actions-runner/_work'
[2025-03-19 12:36:19Z INFO HostContext] Well known directory 'Bin': '/home/jenny/tensorflow-mri/actions-runner/bin'
[2025-03-19 12:36:19Z INFO HostContext] Well known directory 'Root': '/home/jenny/tensorflow-mri/actions-runner'
[2025-03-19 12:36:19Z INFO HostContext] Well known directory 'Work': '/home/jenny/tensorflow-mri/actions-runner/_work'
[2025-03-19 12:36:25Z INFO JobServerQueue] Try to append 1 batches web console lines for record '37d6d998-07a7-45f8-929a-4d86f4f61ada', success rate: 1/1.
[2025-03-19 12:36:26Z INFO ProcessInvokerWrapper] STDOUT/STDERR stream read finished.
[2025-03-19 12:36:26Z INFO ProcessInvokerWrapper] STDOUT/STDERR stream read finished.
[2025-03-19 12:36:26Z INFO ProcessInvokerWrapper] Finished process 1445983 with exit code 0, and elapsed time 00:00:40.5336840.
[2025-03-19 12:36:26Z INFO CreateStepSummaryCommand] Step Summary file (/home/jenny/tensorflow-mri/actions-runner/_work/_temp/_runner_file_commands/step_summary_208832a8-0e25-427c-8657-5043badb7b79) is empty; skipping attachment upload
[2025-03-19 12:36:26Z INFO StepsRunner] Step result: 
[2025-03-19 12:36:26Z INFO ExecutionContext] Publish step telemetry for current step {
  "action": "sh",
  "type": "run",
  "stage": "Main",
  "stepId": "37d6d998-07a7-45f8-929a-4d86f4f61ada",
  "stepContextName": "__run_4",
  "result": "succeeded",
  "errorMessages": [],
  "executionTimeInSeconds": 41,
  "startTime": "2025-03-19T12:35:45.6958782Z",
  "finishTime": "2025-03-19T12:36:26.2335074Z"
}.
[2025-03-19 12:36:26Z INFO StepsRunner] No need for updating job result with current step result 'Succeeded'.
[2025-03-19 12:36:26Z INFO StepsRunner] Current state: job state = ''
[2025-03-19 12:36:26Z INFO StepsRunner] Processing step: DisplayName='Run test suite'
[2025-03-19 12:36:26Z INFO StepsRunner] Evaluating: success()
[2025-03-19 12:36:26Z INFO StepsRunner] Result: true
[2025-03-19 12:36:26Z INFO StepsRunner] Starting the step.
[2025-03-19 12:36:26Z INFO HostContext] Well known directory 'Bin': '/home/jenny/tensorflow-mri/actions-runner/bin'
[2025-03-19 12:36:26Z INFO HostContext] Well known directory 'Root': '/home/jenny/tensorflow-mri/actions-runner'
[2025-03-19 12:36:26Z INFO HostContext] Well known directory 'Work': '/home/jenny/tensorflow-mri/actions-runner/_work'
[2025-03-19 12:36:26Z INFO HostContext] Well known directory 'Temp': '/home/jenny/tensorflow-mri/actions-runner/_work/_temp'
[2025-03-19 12:36:26Z INFO ExecutionContext] Write event payload to /home/jenny/tensorflow-mri/actions-runner/_work/_temp/_github_workflow/event.json
[2025-03-19 12:36:26Z INFO HostContext] Well known directory 'Bin': '/home/jenny/tensorflow-mri/actions-runner/bin'
[2025-03-19 12:36:26Z INFO HostContext] Well known directory 'Root': '/home/jenny/tensorflow-mri/actions-runner'
[2025-03-19 12:36:26Z INFO HostContext] Well known directory 'Work': '/home/jenny/tensorflow-mri/actions-runner/_work'
[2025-03-19 12:36:26Z INFO HostContext] Well known directory 'Temp': '/home/jenny/tensorflow-mri/actions-runner/_work/_temp'
[2025-03-19 12:36:26Z INFO ExtensionManager] Getting extensions for interface: 'GitHub.Runner.Worker.IFileCommandExtension'
[2025-03-19 12:36:26Z INFO ExtensionManager] Getting extensions for interface: 'GitHub.Runner.Worker.IActionCommandExtension'
[2025-03-19 12:36:26Z INFO ActionCommandManager] Register action command extension for command internal-set-repo-path
[2025-03-19 12:36:26Z INFO ActionCommandManager] Register action command extension for command set-env
[2025-03-19 12:36:26Z INFO ActionCommandManager] Register action command extension for command set-output
[2025-03-19 12:36:26Z INFO ActionCommandManager] Register action command extension for command save-state
[2025-03-19 12:36:26Z INFO ActionCommandManager] Register action command extension for command add-path
[2025-03-19 12:36:26Z INFO ActionCommandManager] Register action command extension for command add-mask
[2025-03-19 12:36:26Z INFO ActionCommandManager] Register action command extension for command add-matcher
[2025-03-19 12:36:26Z INFO ActionCommandManager] Register action command extension for command remove-matcher
[2025-03-19 12:36:26Z INFO ActionCommandManager] Register action command extension for command warning
[2025-03-19 12:36:26Z INFO ActionCommandManager] Register action command extension for command error
[2025-03-19 12:36:26Z INFO ActionCommandManager] Register action command extension for command notice
[2025-03-19 12:36:26Z INFO ActionCommandManager] Register action command extension for command debug
[2025-03-19 12:36:26Z INFO ActionCommandManager] Register action command extension for command group
[2025-03-19 12:36:26Z INFO ActionCommandManager] Register action command extension for command endgroup
[2025-03-19 12:36:26Z INFO ActionCommandManager] Register action command extension for command echo
[2025-03-19 12:36:26Z INFO HostContext] Well known directory 'Bin': '/home/jenny/tensorflow-mri/actions-runner/bin'
[2025-03-19 12:36:26Z INFO HostContext] Well known directory 'Root': '/home/jenny/tensorflow-mri/actions-runner'
[2025-03-19 12:36:26Z INFO HostContext] Well known directory 'Work': '/home/jenny/tensorflow-mri/actions-runner/_work'
[2025-03-19 12:36:26Z INFO HostContext] Well known directory 'Temp': '/home/jenny/tensorflow-mri/actions-runner/_work/_temp'
[2025-03-19 12:36:26Z INFO ScriptHandler] Which2: 'bash'
[2025-03-19 12:36:26Z INFO ScriptHandler] Location: '/usr/bin/bash'
[2025-03-19 12:36:26Z INFO HostContext] Well known directory 'Bin': '/home/jenny/tensorflow-mri/actions-runner/bin'
[2025-03-19 12:36:26Z INFO HostContext] Well known directory 'Root': '/home/jenny/tensorflow-mri/actions-runner'
[2025-03-19 12:36:26Z INFO HostContext] Well known directory 'Work': '/home/jenny/tensorflow-mri/actions-runner/_work'
[2025-03-19 12:36:26Z INFO ProcessInvokerWrapper] Starting process:
[2025-03-19 12:36:26Z INFO ProcessInvokerWrapper]   File name: '/usr/bin/docker'
[2025-03-19 12:36:26Z INFO ProcessInvokerWrapper]   Arguments: 'exec -i --workdir /__w/tensorflow-mri/tensorflow-mri -e "PYTHON" -e "GITHUB_JOB" -e "GITHUB_REF" -e "GITHUB_SHA" -e "GITHUB_REPOSITORY" -e "GITHUB_REPOSITORY_OWNER" -e "GITHUB_REPOSITORY_OWNER_ID" -e "GITHUB_RUN_ID" -e "GITHUB_RUN_NUMBER" -e "GITHUB_RETENTION_DAYS" -e "GITHUB_RUN_ATTEMPT" -e "GITHUB_ACTOR_ID" -e "GITHUB_ACTOR" -e "GITHUB_WORKFLOW" -e "GITHUB_HEAD_REF" -e "GITHUB_BASE_REF" -e "GITHUB_EVENT_NAME" -e "GITHUB_SERVER_URL" -e "GITHUB_API_URL" -e "GITHUB_GRAPHQL_URL" -e "GITHUB_REF_NAME" -e "GITHUB_REF_PROTECTED" -e "GITHUB_REF_TYPE" -e "GITHUB_WORKFLOW_REF" -e "GITHUB_WORKFLOW_SHA" -e "GITHUB_REPOSITORY_ID" -e "GITHUB_TRIGGERING_ACTOR" -e "GITHUB_WORKSPACE" -e "GITHUB_ACTION" -e "GITHUB_EVENT_PATH" -e "GITHUB_ACTION_REPOSITORY" -e "GITHUB_ACTION_REF" -e "GITHUB_PATH" -e "GITHUB_ENV" -e "GITHUB_STEP_SUMMARY" -e "GITHUB_STATE" -e "GITHUB_OUTPUT" -e "RUNNER_OS" -e "RUNNER_ARCH" -e "RUNNER_NAME" -e "RUNNER_ENVIRONMENT" -e "RUNNER_TOOL_CACHE" -e "RUNNER_TEMP" -e "RUNNER_WORKSPACE" a4a71f2b5e2609ef968e89770b2aeebb9a3353ca828224c072e16ba0a335ee2c sh -e /__w/_temp/46018cc2-2f4f-4fb5-ab19-42a9208d2994.sh'
[2025-03-19 12:36:26Z INFO ProcessInvokerWrapper]   Working directory: '/home/jenny/tensorflow-mri/actions-runner/_work'
[2025-03-19 12:36:26Z INFO ProcessInvokerWrapper]   Require exit code zero: 'False'
[2025-03-19 12:36:26Z INFO ProcessInvokerWrapper]   Encoding web name:  ; code page: ''
[2025-03-19 12:36:26Z INFO ProcessInvokerWrapper]   Force kill process on cancellation: 'False'
[2025-03-19 12:36:26Z INFO ProcessInvokerWrapper]   Redirected STDIN: 'False'
[2025-03-19 12:36:26Z INFO ProcessInvokerWrapper]   Persist current code page: 'False'
[2025-03-19 12:36:26Z INFO ProcessInvokerWrapper]   Keep redirected STDIN open: 'False'
[2025-03-19 12:36:26Z INFO ProcessInvokerWrapper]   High priority process: 'False'
[2025-03-19 12:36:26Z INFO ProcessInvokerWrapper] Updated oom_score_adj to 500 for PID: 1446404.
[2025-03-19 12:36:26Z INFO ProcessInvokerWrapper] Process started with process id 1446404, waiting for process exit.
[2025-03-19 12:36:26Z INFO JobServerQueue] Try to append 1 batches web console lines for record '9c38652a-0129-442b-a4c2-b9c088369c0b', success rate: 1/1.
[2025-03-19 12:36:26Z INFO JobServerQueue] Got a step log file to send to results service.
[2025-03-19 12:36:26Z INFO JobServerQueue] Starting upload of step log file to results service ResultsLog, /home/jenny/tensorflow-mri/actions-runner/_diag/blocks/b3976377-3d73-4371-9101-528685db81e9_37d6d998-07a7-45f8-929a-4d86f4f61ada.1
[2025-03-19 12:36:26Z INFO JobServerQueue] Try to upload 1 log files or attachments, success rate: 1/1.
[2025-03-19 12:36:26Z INFO JobServerQueue] Try to append 1 batches web console lines for record '9c38652a-0129-442b-a4c2-b9c088369c0b', success rate: 1/1.
[2025-03-19 12:36:27Z INFO JobServerQueue] Tried to upload 1 file(s) to results, success rate: 1/1.
[2025-03-19 12:36:28Z INFO JobServerQueue] Try to append 1 batches web console lines for record '9c38652a-0129-442b-a4c2-b9c088369c0b', success rate: 1/1.
[2025-03-19 12:36:29Z INFO HostContext] Well known directory 'Bin': '/home/jenny/tensorflow-mri/actions-runner/bin'
[2025-03-19 12:36:29Z INFO HostContext] Well known directory 'Root': '/home/jenny/tensorflow-mri/actions-runner'
[2025-03-19 12:36:29Z INFO HostContext] Well known directory 'Work': '/home/jenny/tensorflow-mri/actions-runner/_work'
[2025-03-19 12:36:29Z INFO JobServerQueue] Try to append 1 batches web console lines for record '9c38652a-0129-442b-a4c2-b9c088369c0b', success rate: 1/1.
[2025-03-19 12:36:30Z INFO JobServerQueue] Try to append 1 batches web console lines for record '9c38652a-0129-442b-a4c2-b9c088369c0b', success rate: 1/1.
[2025-03-19 12:36:38Z INFO JobServerQueue] Try to append 1 batches web console lines for record '9c38652a-0129-442b-a4c2-b9c088369c0b', success rate: 1/1.
[2025-03-19 12:36:38Z INFO JobServerQueue] Try to append 1 batches web console lines for record '9c38652a-0129-442b-a4c2-b9c088369c0b', success rate: 1/1.
[2025-03-19 12:36:39Z INFO JobServerQueue] Try to append 1 batches web console lines for record '9c38652a-0129-442b-a4c2-b9c088369c0b', success rate: 1/1.
[2025-03-19 12:36:39Z INFO HostContext] Well known directory 'Bin': '/home/jenny/tensorflow-mri/actions-runner/bin'
[2025-03-19 12:36:39Z INFO HostContext] Well known directory 'Root': '/home/jenny/tensorflow-mri/actions-runner'
[2025-03-19 12:36:39Z INFO HostContext] Well known directory 'Work': '/home/jenny/tensorflow-mri/actions-runner/_work'
[2025-03-19 12:36:39Z INFO JobServerQueue] Try to append 1 batches web console lines for record '9c38652a-0129-442b-a4c2-b9c088369c0b', success rate: 1/1.
[2025-03-19 12:36:40Z INFO JobServerQueue] Try to append 1 batches web console lines for record '9c38652a-0129-442b-a4c2-b9c088369c0b', success rate: 1/1.
[2025-03-19 12:36:40Z INFO JobServerQueue] Try to append 1 batches web console lines for record '9c38652a-0129-442b-a4c2-b9c088369c0b', success rate: 1/1.
[2025-03-19 12:36:41Z INFO JobServerQueue] Try to append 1 batches web console lines for record '9c38652a-0129-442b-a4c2-b9c088369c0b', success rate: 1/1.
[2025-03-19 12:36:41Z INFO JobServerQueue] Try to append 1 batches web console lines for record '9c38652a-0129-442b-a4c2-b9c088369c0b', success rate: 1/1.
[2025-03-19 12:36:42Z INFO JobServerQueue] Try to append 1 batches web console lines for record '9c38652a-0129-442b-a4c2-b9c088369c0b', success rate: 1/1.
[2025-03-19 12:36:42Z INFO JobServerQueue] Try to append 1 batches web console lines for record '9c38652a-0129-442b-a4c2-b9c088369c0b', success rate: 1/1.
[2025-03-19 12:36:43Z INFO JobServerQueue] Try to append 1 batches web console lines for record '9c38652a-0129-442b-a4c2-b9c088369c0b', success rate: 1/1.
[2025-03-19 12:36:43Z INFO JobServerQueue] Try to append 1 batches web console lines for record '9c38652a-0129-442b-a4c2-b9c088369c0b', success rate: 1/1.
[2025-03-19 12:36:44Z INFO JobServerQueue] Try to append 1 batches web console lines for record '9c38652a-0129-442b-a4c2-b9c088369c0b', success rate: 1/1.
[2025-03-19 12:36:44Z INFO JobServerQueue] Try to append 1 batches web console lines for record '9c38652a-0129-442b-a4c2-b9c088369c0b', success rate: 1/1.
[2025-03-19 12:36:45Z INFO JobServerQueue] Try to append 1 batches web console lines for record '9c38652a-0129-442b-a4c2-b9c088369c0b', success rate: 1/1.
[2025-03-19 12:36:45Z INFO JobServerQueue] Try to append 1 batches web console lines for record '9c38652a-0129-442b-a4c2-b9c088369c0b', success rate: 1/1.
[2025-03-19 12:36:46Z INFO JobServerQueue] Try to append 1 batches web console lines for record '9c38652a-0129-442b-a4c2-b9c088369c0b', success rate: 1/1.
[2025-03-19 12:36:46Z INFO JobServerQueue] Try to append 1 batches web console lines for record '9c38652a-0129-442b-a4c2-b9c088369c0b', success rate: 1/1.
[2025-03-19 12:36:47Z INFO JobServerQueue] Try to append 1 batches web console lines for record '9c38652a-0129-442b-a4c2-b9c088369c0b', success rate: 1/1.
[2025-03-19 12:36:47Z INFO JobServerQueue] Try to append 1 batches web console lines for record '9c38652a-0129-442b-a4c2-b9c088369c0b', success rate: 1/1.
[2025-03-19 12:36:48Z INFO JobServerQueue] Try to append 1 batches web console lines for record '9c38652a-0129-442b-a4c2-b9c088369c0b', success rate: 1/1.
[2025-03-19 12:36:48Z INFO JobServerQueue] Try to append 1 batches web console lines for record '9c38652a-0129-442b-a4c2-b9c088369c0b', success rate: 1/1.
[2025-03-19 12:36:49Z INFO JobServerQueue] Try to append 1 batches web console lines for record '9c38652a-0129-442b-a4c2-b9c088369c0b', success rate: 1/1.
[2025-03-19 12:36:49Z INFO HostContext] Well known directory 'Bin': '/home/jenny/tensorflow-mri/actions-runner/bin'
[2025-03-19 12:36:49Z INFO HostContext] Well known directory 'Root': '/home/jenny/tensorflow-mri/actions-runner'
[2025-03-19 12:36:49Z INFO HostContext] Well known directory 'Work': '/home/jenny/tensorflow-mri/actions-runner/_work'
[2025-03-19 12:36:49Z INFO JobServerQueue] Try to append 1 batches web console lines for record '9c38652a-0129-442b-a4c2-b9c088369c0b', success rate: 1/1.
[2025-03-19 12:36:50Z INFO JobServerQueue] Try to append 1 batches web console lines for record '9c38652a-0129-442b-a4c2-b9c088369c0b', success rate: 1/1.
[2025-03-19 12:36:50Z INFO JobServerQueue] Try to append 1 batches web console lines for record '9c38652a-0129-442b-a4c2-b9c088369c0b', success rate: 1/1.
[2025-03-19 12:36:51Z INFO JobServerQueue] Try to append 1 batches web console lines for record '9c38652a-0129-442b-a4c2-b9c088369c0b', success rate: 1/1.
[2025-03-19 12:36:51Z INFO JobServerQueue] Try to append 1 batches web console lines for record '9c38652a-0129-442b-a4c2-b9c088369c0b', success rate: 1/1.
[2025-03-19 12:36:52Z INFO JobServerQueue] Try to append 1 batches web console lines for record '9c38652a-0129-442b-a4c2-b9c088369c0b', success rate: 1/1.
[2025-03-19 12:36:52Z INFO JobServerQueue] Try to append 1 batches web console lines for record '9c38652a-0129-442b-a4c2-b9c088369c0b', success rate: 1/1.
[2025-03-19 12:36:53Z INFO JobServerQueue] Try to append 1 batches web console lines for record '9c38652a-0129-442b-a4c2-b9c088369c0b', success rate: 1/1.
[2025-03-19 12:36:53Z INFO JobServerQueue] Try to append 1 batches web console lines for record '9c38652a-0129-442b-a4c2-b9c088369c0b', success rate: 1/1.
[2025-03-19 12:36:54Z INFO JobServerQueue] Try to append 1 batches web console lines for record '9c38652a-0129-442b-a4c2-b9c088369c0b', success rate: 1/1.
[2025-03-19 12:36:54Z INFO JobServerQueue] Try to append 1 batches web console lines for record '9c38652a-0129-442b-a4c2-b9c088369c0b', success rate: 1/1.
[2025-03-19 12:36:55Z INFO JobServerQueue] Try to append 1 batches web console lines for record '9c38652a-0129-442b-a4c2-b9c088369c0b', success rate: 1/1.
[2025-03-19 12:36:55Z INFO JobServerQueue] Try to append 1 batches web console lines for record '9c38652a-0129-442b-a4c2-b9c088369c0b', success rate: 1/1.
[2025-03-19 12:36:56Z INFO JobServerQueue] Try to append 1 batches web console lines for record '9c38652a-0129-442b-a4c2-b9c088369c0b', success rate: 1/1.
[2025-03-19 12:36:56Z INFO JobServerQueue] Try to append 1 batches web console lines for record '9c38652a-0129-442b-a4c2-b9c088369c0b', success rate: 1/1.
[2025-03-19 12:36:57Z INFO JobServerQueue] Try to append 1 batches web console lines for record '9c38652a-0129-442b-a4c2-b9c088369c0b', success rate: 1/1.
[2025-03-19 12:36:57Z INFO JobServerQueue] Try to append 1 batches web console lines for record '9c38652a-0129-442b-a4c2-b9c088369c0b', success rate: 1/1.
[2025-03-19 12:36:58Z INFO JobServerQueue] Try to append 1 batches web console lines for record '9c38652a-0129-442b-a4c2-b9c088369c0b', success rate: 1/1.
[2025-03-19 12:36:58Z INFO JobServerQueue] Try to append 1 batches web console lines for record '9c38652a-0129-442b-a4c2-b9c088369c0b', success rate: 1/1.
[2025-03-19 12:36:59Z INFO JobServerQueue] Try to append 1 batches web console lines for record '9c38652a-0129-442b-a4c2-b9c088369c0b', success rate: 1/1.
[2025-03-19 12:36:59Z INFO HostContext] Well known directory 'Bin': '/home/jenny/tensorflow-mri/actions-runner/bin'
[2025-03-19 12:36:59Z INFO HostContext] Well known directory 'Root': '/home/jenny/tensorflow-mri/actions-runner'
[2025-03-19 12:36:59Z INFO HostContext] Well known directory 'Work': '/home/jenny/tensorflow-mri/actions-runner/_work'
[2025-03-19 12:36:59Z INFO JobServerQueue] Try to append 1 batches web console lines for record '9c38652a-0129-442b-a4c2-b9c088369c0b', success rate: 1/1.
[2025-03-19 12:37:00Z INFO JobServerQueue] Try to append 1 batches web console lines for record '9c38652a-0129-442b-a4c2-b9c088369c0b', success rate: 1/1.
[2025-03-19 12:37:00Z INFO JobServerQueue] Try to append 1 batches web console lines for record '9c38652a-0129-442b-a4c2-b9c088369c0b', success rate: 1/1.
[2025-03-19 12:37:01Z INFO JobServerQueue] Try to append 1 batches web console lines for record '9c38652a-0129-442b-a4c2-b9c088369c0b', success rate: 1/1.
[2025-03-19 12:37:01Z INFO JobServerQueue] Try to append 1 batches web console lines for record '9c38652a-0129-442b-a4c2-b9c088369c0b', success rate: 1/1.
[2025-03-19 12:37:02Z INFO JobServerQueue] Try to append 1 batches web console lines for record '9c38652a-0129-442b-a4c2-b9c088369c0b', success rate: 1/1.
[2025-03-19 12:37:02Z INFO JobServerQueue] Try to append 1 batches web console lines for record '9c38652a-0129-442b-a4c2-b9c088369c0b', success rate: 1/1.
[2025-03-19 12:37:03Z INFO JobServerQueue] Try to append 1 batches web console lines for record '9c38652a-0129-442b-a4c2-b9c088369c0b', success rate: 1/1.
[2025-03-19 12:37:03Z INFO JobServerQueue] Try to append 1 batches web console lines for record '9c38652a-0129-442b-a4c2-b9c088369c0b', success rate: 1/1.
[2025-03-19 12:37:04Z INFO JobServerQueue] Try to append 1 batches web console lines for record '9c38652a-0129-442b-a4c2-b9c088369c0b', success rate: 1/1.
[2025-03-19 12:37:04Z INFO JobServerQueue] Try to append 1 batches web console lines for record '9c38652a-0129-442b-a4c2-b9c088369c0b', success rate: 1/1.
[2025-03-19 12:37:05Z INFO JobServerQueue] Try to append 1 batches web console lines for record '9c38652a-0129-442b-a4c2-b9c088369c0b', success rate: 1/1.
[2025-03-19 12:37:05Z INFO JobServerQueue] Try to append 1 batches web console lines for record '9c38652a-0129-442b-a4c2-b9c088369c0b', success rate: 1/1.
[2025-03-19 12:37:06Z INFO JobServerQueue] Try to append 1 batches web console lines for record '9c38652a-0129-442b-a4c2-b9c088369c0b', success rate: 1/1.
[2025-03-19 12:37:06Z INFO JobServerQueue] Try to append 1 batches web console lines for record '9c38652a-0129-442b-a4c2-b9c088369c0b', success rate: 1/1.
[2025-03-19 12:37:07Z INFO JobServerQueue] Try to append 1 batches web console lines for record '9c38652a-0129-442b-a4c2-b9c088369c0b', success rate: 1/1.
[2025-03-19 12:37:07Z INFO JobServerQueue] Try to append 1 batches web console lines for record '9c38652a-0129-442b-a4c2-b9c088369c0b', success rate: 1/1.
[2025-03-19 12:37:08Z INFO JobServerQueue] Try to append 1 batches web console lines for record '9c38652a-0129-442b-a4c2-b9c088369c0b', success rate: 1/1.
[2025-03-19 12:37:08Z INFO JobServerQueue] Try to append 1 batches web console lines for record '9c38652a-0129-442b-a4c2-b9c088369c0b', success rate: 1/1.
[2025-03-19 12:37:09Z INFO JobServerQueue] Try to append 1 batches web console lines for record '9c38652a-0129-442b-a4c2-b9c088369c0b', success rate: 1/1.
[2025-03-19 12:37:09Z INFO HostContext] Well known directory 'Bin': '/home/jenny/tensorflow-mri/actions-runner/bin'
[2025-03-19 12:37:09Z INFO HostContext] Well known directory 'Root': '/home/jenny/tensorflow-mri/actions-runner'
[2025-03-19 12:37:09Z INFO HostContext] Well known directory 'Work': '/home/jenny/tensorflow-mri/actions-runner/_work'
[2025-03-19 12:37:09Z INFO JobServerQueue] Try to append 1 batches web console lines for record '9c38652a-0129-442b-a4c2-b9c088369c0b', success rate: 1/1.
[2025-03-19 12:37:10Z INFO JobServerQueue] Try to append 1 batches web console lines for record '9c38652a-0129-442b-a4c2-b9c088369c0b', success rate: 1/1.
[2025-03-19 12:37:10Z INFO JobServerQueue] Try to append 1 batches web console lines for record '9c38652a-0129-442b-a4c2-b9c088369c0b', success rate: 1/1.
[2025-03-19 12:37:11Z INFO JobServerQueue] Try to append 1 batches web console lines for record '9c38652a-0129-442b-a4c2-b9c088369c0b', success rate: 1/1.
[2025-03-19 12:37:11Z INFO JobServerQueue] Try to append 1 batches web console lines for record '9c38652a-0129-442b-a4c2-b9c088369c0b', success rate: 1/1.
[2025-03-19 12:37:12Z INFO JobServerQueue] Try to append 1 batches web console lines for record '9c38652a-0129-442b-a4c2-b9c088369c0b', success rate: 1/1.
[2025-03-19 12:37:12Z INFO JobServerQueue] Try to append 1 batches web console lines for record '9c38652a-0129-442b-a4c2-b9c088369c0b', success rate: 1/1.
[2025-03-19 12:37:13Z INFO JobServerQueue] Try to append 1 batches web console lines for record '9c38652a-0129-442b-a4c2-b9c088369c0b', success rate: 1/1.
[2025-03-19 12:37:13Z INFO JobServerQueue] Try to append 1 batches web console lines for record '9c38652a-0129-442b-a4c2-b9c088369c0b', success rate: 1/1.
[2025-03-19 12:37:14Z INFO JobServerQueue] Try to append 1 batches web console lines for record '9c38652a-0129-442b-a4c2-b9c088369c0b', success rate: 1/1.
[2025-03-19 12:37:14Z INFO JobServerQueue] Try to append 1 batches web console lines for record '9c38652a-0129-442b-a4c2-b9c088369c0b', success rate: 1/1.
[2025-03-19 12:37:15Z INFO JobServerQueue] Try to append 1 batches web console lines for record '9c38652a-0129-442b-a4c2-b9c088369c0b', success rate: 1/1.
[2025-03-19 12:37:15Z INFO JobServerQueue] Try to append 1 batches web console lines for record '9c38652a-0129-442b-a4c2-b9c088369c0b', success rate: 1/1.
[2025-03-19 12:37:16Z INFO JobServerQueue] Try to append 1 batches web console lines for record '9c38652a-0129-442b-a4c2-b9c088369c0b', success rate: 1/1.
[2025-03-19 12:37:16Z INFO JobServerQueue] Try to append 1 batches web console lines for record '9c38652a-0129-442b-a4c2-b9c088369c0b', success rate: 1/1.
[2025-03-19 12:37:17Z INFO JobServerQueue] Try to append 1 batches web console lines for record '9c38652a-0129-442b-a4c2-b9c088369c0b', success rate: 1/1.
[2025-03-19 12:37:17Z INFO JobServerQueue] Try to append 1 batches web console lines for record '9c38652a-0129-442b-a4c2-b9c088369c0b', success rate: 1/1.
[2025-03-19 12:37:18Z INFO JobServerQueue] Try to append 1 batches web console lines for record '9c38652a-0129-442b-a4c2-b9c088369c0b', success rate: 1/1.
[2025-03-19 12:37:18Z INFO JobServerQueue] Try to append 1 batches web console lines for record '9c38652a-0129-442b-a4c2-b9c088369c0b', success rate: 1/1.
[2025-03-19 12:37:19Z INFO JobServerQueue] Try to append 1 batches web console lines for record '9c38652a-0129-442b-a4c2-b9c088369c0b', success rate: 1/1.
[2025-03-19 12:37:19Z INFO HostContext] Well known directory 'Bin': '/home/jenny/tensorflow-mri/actions-runner/bin'
[2025-03-19 12:37:19Z INFO HostContext] Well known directory 'Root': '/home/jenny/tensorflow-mri/actions-runner'
[2025-03-19 12:37:19Z INFO HostContext] Well known directory 'Work': '/home/jenny/tensorflow-mri/actions-runner/_work'
[2025-03-19 12:37:19Z INFO JobServerQueue] Try to append 1 batches web console lines for record '9c38652a-0129-442b-a4c2-b9c088369c0b', success rate: 1/1.
[2025-03-19 12:37:20Z INFO JobServerQueue] Try to append 1 batches web console lines for record '9c38652a-0129-442b-a4c2-b9c088369c0b', success rate: 1/1.
[2025-03-19 12:37:20Z INFO JobServerQueue] Try to append 1 batches web console lines for record '9c38652a-0129-442b-a4c2-b9c088369c0b', success rate: 1/1.
[2025-03-19 12:37:21Z INFO JobServerQueue] Try to append 1 batches web console lines for record '9c38652a-0129-442b-a4c2-b9c088369c0b', success rate: 1/1.
[2025-03-19 12:37:21Z INFO JobServerQueue] Try to append 1 batches web console lines for record '9c38652a-0129-442b-a4c2-b9c088369c0b', success rate: 1/1.
[2025-03-19 12:37:22Z INFO JobServerQueue] Try to append 1 batches web console lines for record '9c38652a-0129-442b-a4c2-b9c088369c0b', success rate: 1/1.
[2025-03-19 12:37:22Z INFO JobServerQueue] Try to append 1 batches web console lines for record '9c38652a-0129-442b-a4c2-b9c088369c0b', success rate: 1/1.
[2025-03-19 12:37:23Z INFO JobServerQueue] Try to append 1 batches web console lines for record '9c38652a-0129-442b-a4c2-b9c088369c0b', success rate: 1/1.
[2025-03-19 12:37:23Z INFO JobServerQueue] Try to append 1 batches web console lines for record '9c38652a-0129-442b-a4c2-b9c088369c0b', success rate: 1/1.
[2025-03-19 12:37:24Z INFO JobServerQueue] Try to append 1 batches web console lines for record '9c38652a-0129-442b-a4c2-b9c088369c0b', success rate: 1/1.
[2025-03-19 12:37:24Z INFO JobServerQueue] Try to append 1 batches web console lines for record '9c38652a-0129-442b-a4c2-b9c088369c0b', success rate: 1/1.
[2025-03-19 12:37:25Z INFO JobServerQueue] Try to append 1 batches web console lines for record '9c38652a-0129-442b-a4c2-b9c088369c0b', success rate: 1/1.
[2025-03-19 12:37:25Z INFO JobServerQueue] Try to append 1 batches web console lines for record '9c38652a-0129-442b-a4c2-b9c088369c0b', success rate: 1/1.
[2025-03-19 12:37:26Z INFO JobServerQueue] Try to append 1 batches web console lines for record '9c38652a-0129-442b-a4c2-b9c088369c0b', success rate: 1/1.
[2025-03-19 12:37:26Z INFO JobServerQueue] Try to append 1 batches web console lines for record '9c38652a-0129-442b-a4c2-b9c088369c0b', success rate: 1/1.
[2025-03-19 12:37:27Z INFO JobServerQueue] Try to append 1 batches web console lines for record '9c38652a-0129-442b-a4c2-b9c088369c0b', success rate: 1/1.
[2025-03-19 12:37:27Z INFO JobServerQueue] Try to append 1 batches web console lines for record '9c38652a-0129-442b-a4c2-b9c088369c0b', success rate: 1/1.
[2025-03-19 12:37:28Z INFO JobServerQueue] Try to append 1 batches web console lines for record '9c38652a-0129-442b-a4c2-b9c088369c0b', success rate: 1/1.
[2025-03-19 12:37:28Z INFO JobServerQueue] Try to append 1 batches web console lines for record '9c38652a-0129-442b-a4c2-b9c088369c0b', success rate: 1/1.
[2025-03-19 12:37:29Z INFO JobServerQueue] Try to append 1 batches web console lines for record '9c38652a-0129-442b-a4c2-b9c088369c0b', success rate: 1/1.
[2025-03-19 12:37:29Z INFO HostContext] Well known directory 'Bin': '/home/jenny/tensorflow-mri/actions-runner/bin'
[2025-03-19 12:37:29Z INFO HostContext] Well known directory 'Root': '/home/jenny/tensorflow-mri/actions-runner'
[2025-03-19 12:37:29Z INFO HostContext] Well known directory 'Work': '/home/jenny/tensorflow-mri/actions-runner/_work'
[2025-03-19 12:37:29Z INFO JobServerQueue] Try to append 1 batches web console lines for record '9c38652a-0129-442b-a4c2-b9c088369c0b', success rate: 1/1.
[2025-03-19 12:37:30Z INFO JobServerQueue] Try to append 1 batches web console lines for record '9c38652a-0129-442b-a4c2-b9c088369c0b', success rate: 1/1.
[2025-03-19 12:37:30Z INFO JobServerQueue] Try to append 1 batches web console lines for record '9c38652a-0129-442b-a4c2-b9c088369c0b', success rate: 1/1.
[2025-03-19 12:37:31Z INFO JobServerQueue] Try to append 1 batches web console lines for record '9c38652a-0129-442b-a4c2-b9c088369c0b', success rate: 1/1.
[2025-03-19 12:37:31Z INFO JobServerQueue] Try to append 1 batches web console lines for record '9c38652a-0129-442b-a4c2-b9c088369c0b', success rate: 1/1.
[2025-03-19 12:37:32Z INFO JobServerQueue] Try to append 1 batches web console lines for record '9c38652a-0129-442b-a4c2-b9c088369c0b', success rate: 1/1.
[2025-03-19 12:37:32Z INFO JobServerQueue] Try to append 1 batches web console lines for record '9c38652a-0129-442b-a4c2-b9c088369c0b', success rate: 1/1.
[2025-03-19 12:37:33Z INFO JobServerQueue] Try to append 1 batches web console lines for record '9c38652a-0129-442b-a4c2-b9c088369c0b', success rate: 1/1.
[2025-03-19 12:37:33Z INFO JobServerQueue] Try to append 1 batches web console lines for record '9c38652a-0129-442b-a4c2-b9c088369c0b', success rate: 1/1.
[2025-03-19 12:37:34Z INFO JobServerQueue] Try to append 1 batches web console lines for record '9c38652a-0129-442b-a4c2-b9c088369c0b', success rate: 1/1.
[2025-03-19 12:37:34Z INFO JobServerQueue] Try to append 1 batches web console lines for record '9c38652a-0129-442b-a4c2-b9c088369c0b', success rate: 1/1.
[2025-03-19 12:37:35Z INFO JobServerQueue] Try to append 1 batches web console lines for record '9c38652a-0129-442b-a4c2-b9c088369c0b', success rate: 1/1.
[2025-03-19 12:37:35Z INFO JobServerQueue] Try to append 1 batches web console lines for record '9c38652a-0129-442b-a4c2-b9c088369c0b', success rate: 1/1.
[2025-03-19 12:37:36Z INFO JobServerQueue] Try to append 1 batches web console lines for record '9c38652a-0129-442b-a4c2-b9c088369c0b', success rate: 1/1.
[2025-03-19 12:37:36Z INFO JobServerQueue] Try to append 1 batches web console lines for record '9c38652a-0129-442b-a4c2-b9c088369c0b', success rate: 1/1.
[2025-03-19 12:37:37Z INFO JobServerQueue] Try to append 1 batches web console lines for record '9c38652a-0129-442b-a4c2-b9c088369c0b', success rate: 1/1.
[2025-03-19 12:37:37Z INFO JobServerQueue] Try to append 1 batches web console lines for record '9c38652a-0129-442b-a4c2-b9c088369c0b', success rate: 1/1.
[2025-03-19 12:37:38Z INFO JobServerQueue] Try to append 1 batches web console lines for record '9c38652a-0129-442b-a4c2-b9c088369c0b', success rate: 1/1.
[2025-03-19 12:37:38Z INFO JobServerQueue] Try to append 1 batches web console lines for record '9c38652a-0129-442b-a4c2-b9c088369c0b', success rate: 1/1.
[2025-03-19 12:37:39Z INFO JobServerQueue] Try to append 1 batches web console lines for record '9c38652a-0129-442b-a4c2-b9c088369c0b', success rate: 1/1.
[2025-03-19 12:37:39Z INFO HostContext] Well known directory 'Bin': '/home/jenny/tensorflow-mri/actions-runner/bin'
[2025-03-19 12:37:39Z INFO HostContext] Well known directory 'Root': '/home/jenny/tensorflow-mri/actions-runner'
[2025-03-19 12:37:39Z INFO HostContext] Well known directory 'Work': '/home/jenny/tensorflow-mri/actions-runner/_work'
[2025-03-19 12:37:39Z INFO JobServerQueue] Try to append 1 batches web console lines for record '9c38652a-0129-442b-a4c2-b9c088369c0b', success rate: 1/1.
[2025-03-19 12:37:40Z INFO JobServerQueue] Try to append 1 batches web console lines for record '9c38652a-0129-442b-a4c2-b9c088369c0b', success rate: 1/1.
[2025-03-19 12:37:40Z INFO JobServerQueue] Try to append 1 batches web console lines for record '9c38652a-0129-442b-a4c2-b9c088369c0b', success rate: 1/1.
[2025-03-19 12:37:41Z INFO JobServerQueue] Try to append 1 batches web console lines for record '9c38652a-0129-442b-a4c2-b9c088369c0b', success rate: 1/1.
[2025-03-19 12:37:41Z INFO JobServerQueue] Try to append 1 batches web console lines for record '9c38652a-0129-442b-a4c2-b9c088369c0b', success rate: 1/1.
[2025-03-19 12:37:42Z INFO JobServerQueue] Try to append 1 batches web console lines for record '9c38652a-0129-442b-a4c2-b9c088369c0b', success rate: 1/1.
[2025-03-19 12:37:42Z INFO JobServerQueue] Try to append 1 batches web console lines for record '9c38652a-0129-442b-a4c2-b9c088369c0b', success rate: 1/1.
[2025-03-19 12:37:43Z INFO JobServerQueue] Try to append 1 batches web console lines for record '9c38652a-0129-442b-a4c2-b9c088369c0b', success rate: 1/1.
[2025-03-19 12:37:43Z INFO JobServerQueue] Try to append 1 batches web console lines for record '9c38652a-0129-442b-a4c2-b9c088369c0b', success rate: 1/1.
[2025-03-19 12:37:44Z INFO JobServerQueue] Try to append 1 batches web console lines for record '9c38652a-0129-442b-a4c2-b9c088369c0b', success rate: 1/1.
[2025-03-19 12:37:44Z INFO JobServerQueue] Try to append 1 batches web console lines for record '9c38652a-0129-442b-a4c2-b9c088369c0b', success rate: 1/1.
[2025-03-19 12:37:45Z INFO JobServerQueue] Try to append 1 batches web console lines for record '9c38652a-0129-442b-a4c2-b9c088369c0b', success rate: 1/1.
[2025-03-19 12:37:45Z INFO JobServerQueue] Try to append 1 batches web console lines for record '9c38652a-0129-442b-a4c2-b9c088369c0b', success rate: 1/1.
[2025-03-19 12:37:46Z INFO JobServerQueue] Try to append 1 batches web console lines for record '9c38652a-0129-442b-a4c2-b9c088369c0b', success rate: 1/1.
[2025-03-19 12:37:46Z INFO JobServerQueue] Try to append 1 batches web console lines for record '9c38652a-0129-442b-a4c2-b9c088369c0b', success rate: 1/1.
[2025-03-19 12:37:47Z INFO JobServerQueue] Try to append 1 batches web console lines for record '9c38652a-0129-442b-a4c2-b9c088369c0b', success rate: 1/1.
[2025-03-19 12:37:47Z INFO JobServerQueue] Try to append 1 batches web console lines for record '9c38652a-0129-442b-a4c2-b9c088369c0b', success rate: 1/1.
[2025-03-19 12:37:48Z INFO JobServerQueue] Try to append 1 batches web console lines for record '9c38652a-0129-442b-a4c2-b9c088369c0b', success rate: 1/1.
[2025-03-19 12:37:48Z INFO JobServerQueue] Try to append 1 batches web console lines for record '9c38652a-0129-442b-a4c2-b9c088369c0b', success rate: 1/1.
[2025-03-19 12:37:49Z INFO JobServerQueue] Try to append 1 batches web console lines for record '9c38652a-0129-442b-a4c2-b9c088369c0b', success rate: 1/1.
[2025-03-19 12:37:49Z INFO HostContext] Well known directory 'Bin': '/home/jenny/tensorflow-mri/actions-runner/bin'
[2025-03-19 12:37:49Z INFO HostContext] Well known directory 'Root': '/home/jenny/tensorflow-mri/actions-runner'
[2025-03-19 12:37:49Z INFO HostContext] Well known directory 'Work': '/home/jenny/tensorflow-mri/actions-runner/_work'
[2025-03-19 12:37:49Z INFO JobServerQueue] Try to append 1 batches web console lines for record '9c38652a-0129-442b-a4c2-b9c088369c0b', success rate: 1/1.
[2025-03-19 12:37:50Z INFO JobServerQueue] Try to append 1 batches web console lines for record '9c38652a-0129-442b-a4c2-b9c088369c0b', success rate: 1/1.
[2025-03-19 12:37:51Z INFO JobServerQueue] Try to append 1 batches web console lines for record '9c38652a-0129-442b-a4c2-b9c088369c0b', success rate: 1/1.
[2025-03-19 12:37:51Z INFO JobServerQueue] Try to append 1 batches web console lines for record '9c38652a-0129-442b-a4c2-b9c088369c0b', success rate: 1/1.
[2025-03-19 12:37:52Z INFO JobServerQueue] Try to append 1 batches web console lines for record '9c38652a-0129-442b-a4c2-b9c088369c0b', success rate: 1/1.
[2025-03-19 12:37:53Z INFO JobServerQueue] Try to append 1 batches web console lines for record '9c38652a-0129-442b-a4c2-b9c088369c0b', success rate: 1/1.
[2025-03-19 12:37:53Z INFO JobServerQueue] Try to append 1 batches web console lines for record '9c38652a-0129-442b-a4c2-b9c088369c0b', success rate: 1/1.
[2025-03-19 12:37:54Z INFO JobServerQueue] Try to append 1 batches web console lines for record '9c38652a-0129-442b-a4c2-b9c088369c0b', success rate: 1/1.
[2025-03-19 12:37:54Z INFO JobServerQueue] Try to append 1 batches web console lines for record '9c38652a-0129-442b-a4c2-b9c088369c0b', success rate: 1/1.
[2025-03-19 12:37:55Z INFO JobServerQueue] Try to append 1 batches web console lines for record '9c38652a-0129-442b-a4c2-b9c088369c0b', success rate: 1/1.
[2025-03-19 12:37:55Z INFO JobServerQueue] Try to append 1 batches web console lines for record '9c38652a-0129-442b-a4c2-b9c088369c0b', success rate: 1/1.
[2025-03-19 12:37:56Z INFO JobServerQueue] Try to append 1 batches web console lines for record '9c38652a-0129-442b-a4c2-b9c088369c0b', success rate: 1/1.
[2025-03-19 12:37:56Z INFO JobServerQueue] Try to append 1 batches web console lines for record '9c38652a-0129-442b-a4c2-b9c088369c0b', success rate: 1/1.
[2025-03-19 12:37:57Z INFO JobServerQueue] Try to append 1 batches web console lines for record '9c38652a-0129-442b-a4c2-b9c088369c0b', success rate: 1/1.
[2025-03-19 12:37:57Z INFO JobServerQueue] Try to append 1 batches web console lines for record '9c38652a-0129-442b-a4c2-b9c088369c0b', success rate: 1/1.
[2025-03-19 12:37:58Z INFO JobServerQueue] Try to append 1 batches web console lines for record '9c38652a-0129-442b-a4c2-b9c088369c0b', success rate: 1/1.
[2025-03-19 12:37:59Z INFO JobServerQueue] Try to append 1 batches web console lines for record '9c38652a-0129-442b-a4c2-b9c088369c0b', success rate: 1/1.
[2025-03-19 12:37:59Z INFO JobServerQueue] Try to append 1 batches web console lines for record '9c38652a-0129-442b-a4c2-b9c088369c0b', success rate: 1/1.
[2025-03-19 12:37:59Z INFO HostContext] Well known directory 'Bin': '/home/jenny/tensorflow-mri/actions-runner/bin'
[2025-03-19 12:37:59Z INFO HostContext] Well known directory 'Root': '/home/jenny/tensorflow-mri/actions-runner'
[2025-03-19 12:37:59Z INFO HostContext] Well known directory 'Work': '/home/jenny/tensorflow-mri/actions-runner/_work'
[2025-03-19 12:37:59Z INFO JobServerQueue] Try to append 1 batches web console lines for record '9c38652a-0129-442b-a4c2-b9c088369c0b', success rate: 1/1.
[2025-03-19 12:38:00Z INFO JobServerQueue] Try to append 1 batches web console lines for record '9c38652a-0129-442b-a4c2-b9c088369c0b', success rate: 1/1.
[2025-03-19 12:38:01Z INFO JobServerQueue] Try to append 1 batches web console lines for record '9c38652a-0129-442b-a4c2-b9c088369c0b', success rate: 1/1.
[2025-03-19 12:38:01Z INFO JobServerQueue] Try to append 1 batches web console lines for record '9c38652a-0129-442b-a4c2-b9c088369c0b', success rate: 1/1.
[2025-03-19 12:38:02Z INFO JobServerQueue] Try to append 1 batches web console lines for record '9c38652a-0129-442b-a4c2-b9c088369c0b', success rate: 1/1.
[2025-03-19 12:38:02Z INFO JobServerQueue] Try to append 1 batches web console lines for record '9c38652a-0129-442b-a4c2-b9c088369c0b', success rate: 1/1.
[2025-03-19 12:38:04Z INFO JobServerQueue] Try to append 1 batches web console lines for record '9c38652a-0129-442b-a4c2-b9c088369c0b', success rate: 1/1.
[2025-03-19 12:38:05Z INFO JobServerQueue] Try to append 1 batches web console lines for record '9c38652a-0129-442b-a4c2-b9c088369c0b', success rate: 1/1.
[2025-03-19 12:38:06Z INFO JobServerQueue] Try to append 1 batches web console lines for record '9c38652a-0129-442b-a4c2-b9c088369c0b', success rate: 1/1.
[2025-03-19 12:38:06Z INFO JobServerQueue] Try to append 1 batches web console lines for record '9c38652a-0129-442b-a4c2-b9c088369c0b', success rate: 1/1.
[2025-03-19 12:38:07Z INFO JobServerQueue] Try to append 1 batches web console lines for record '9c38652a-0129-442b-a4c2-b9c088369c0b', success rate: 1/1.
[2025-03-19 12:38:08Z INFO JobServerQueue] Try to append 1 batches web console lines for record '9c38652a-0129-442b-a4c2-b9c088369c0b', success rate: 1/1.
[2025-03-19 12:38:09Z INFO JobServerQueue] Try to append 1 batches web console lines for record '9c38652a-0129-442b-a4c2-b9c088369c0b', success rate: 1/1.
[2025-03-19 12:38:09Z INFO JobServerQueue] Try to append 1 batches web console lines for record '9c38652a-0129-442b-a4c2-b9c088369c0b', success rate: 1/1.
[2025-03-19 12:38:09Z INFO HostContext] Well known directory 'Bin': '/home/jenny/tensorflow-mri/actions-runner/bin'
[2025-03-19 12:38:09Z INFO HostContext] Well known directory 'Root': '/home/jenny/tensorflow-mri/actions-runner'
[2025-03-19 12:38:09Z INFO HostContext] Well known directory 'Work': '/home/jenny/tensorflow-mri/actions-runner/_work'
[2025-03-19 12:38:10Z INFO JobServerQueue] Try to append 1 batches web console lines for record '9c38652a-0129-442b-a4c2-b9c088369c0b', success rate: 1/1.
[2025-03-19 12:38:11Z INFO JobServerQueue] Try to append 1 batches web console lines for record '9c38652a-0129-442b-a4c2-b9c088369c0b', success rate: 1/1.
[2025-03-19 12:38:12Z INFO JobServerQueue] Try to append 1 batches web console lines for record '9c38652a-0129-442b-a4c2-b9c088369c0b', success rate: 1/1.
[2025-03-19 12:38:14Z INFO JobServerQueue] Try to append 1 batches web console lines for record '9c38652a-0129-442b-a4c2-b9c088369c0b', success rate: 1/1.
[2025-03-19 12:38:15Z INFO JobServerQueue] Try to append 1 batches web console lines for record '9c38652a-0129-442b-a4c2-b9c088369c0b', success rate: 1/1.
[2025-03-19 12:38:15Z INFO JobServerQueue] Try to append 1 batches web console lines for record '9c38652a-0129-442b-a4c2-b9c088369c0b', success rate: 1/1.
[2025-03-19 12:38:16Z INFO JobServerQueue] Try to append 1 batches web console lines for record '9c38652a-0129-442b-a4c2-b9c088369c0b', success rate: 1/1.
[2025-03-19 12:38:16Z INFO JobServerQueue] Try to append 1 batches web console lines for record '9c38652a-0129-442b-a4c2-b9c088369c0b', success rate: 1/1.
[2025-03-19 12:38:17Z INFO JobServerQueue] Try to append 1 batches web console lines for record '9c38652a-0129-442b-a4c2-b9c088369c0b', success rate: 1/1.
[2025-03-19 12:38:17Z INFO JobServerQueue] Try to append 1 batches web console lines for record '9c38652a-0129-442b-a4c2-b9c088369c0b', success rate: 1/1.
[2025-03-19 12:38:18Z INFO JobServerQueue] Try to append 1 batches web console lines for record '9c38652a-0129-442b-a4c2-b9c088369c0b', success rate: 1/1.
[2025-03-19 12:38:18Z INFO JobServerQueue] Try to append 1 batches web console lines for record '9c38652a-0129-442b-a4c2-b9c088369c0b', success rate: 1/1.
[2025-03-19 12:38:19Z INFO JobServerQueue] Try to append 1 batches web console lines for record '9c38652a-0129-442b-a4c2-b9c088369c0b', success rate: 1/1.
[2025-03-19 12:38:19Z INFO JobServerQueue] Try to append 1 batches web console lines for record '9c38652a-0129-442b-a4c2-b9c088369c0b', success rate: 1/1.
[2025-03-19 12:38:19Z INFO HostContext] Well known directory 'Bin': '/home/jenny/tensorflow-mri/actions-runner/bin'
[2025-03-19 12:38:19Z INFO HostContext] Well known directory 'Root': '/home/jenny/tensorflow-mri/actions-runner'
[2025-03-19 12:38:19Z INFO HostContext] Well known directory 'Work': '/home/jenny/tensorflow-mri/actions-runner/_work'
[2025-03-19 12:38:20Z INFO JobServerQueue] Try to append 1 batches web console lines for record '9c38652a-0129-442b-a4c2-b9c088369c0b', success rate: 1/1.
[2025-03-19 12:38:20Z INFO JobServerQueue] Try to append 1 batches web console lines for record '9c38652a-0129-442b-a4c2-b9c088369c0b', success rate: 1/1.
[2025-03-19 12:38:21Z INFO JobServerQueue] Try to append 1 batches web console lines for record '9c38652a-0129-442b-a4c2-b9c088369c0b', success rate: 1/1.
[2025-03-19 12:38:21Z INFO JobServerQueue] Try to append 1 batches web console lines for record '9c38652a-0129-442b-a4c2-b9c088369c0b', success rate: 1/1.
[2025-03-19 12:38:22Z INFO JobServerQueue] Try to append 1 batches web console lines for record '9c38652a-0129-442b-a4c2-b9c088369c0b', success rate: 1/1.
[2025-03-19 12:38:22Z INFO JobServerQueue] Try to append 1 batches web console lines for record '9c38652a-0129-442b-a4c2-b9c088369c0b', success rate: 1/1.
[2025-03-19 12:38:23Z INFO JobServerQueue] Try to append 1 batches web console lines for record '9c38652a-0129-442b-a4c2-b9c088369c0b', success rate: 1/1.
[2025-03-19 12:38:23Z INFO JobServerQueue] Try to append 1 batches web console lines for record '9c38652a-0129-442b-a4c2-b9c088369c0b', success rate: 1/1.
[2025-03-19 12:38:24Z INFO JobServerQueue] Try to append 1 batches web console lines for record '9c38652a-0129-442b-a4c2-b9c088369c0b', success rate: 1/1.
[2025-03-19 12:38:24Z INFO JobServerQueue] Try to append 1 batches web console lines for record '9c38652a-0129-442b-a4c2-b9c088369c0b', success rate: 1/1.
[2025-03-19 12:38:25Z INFO JobServerQueue] Try to append 1 batches web console lines for record '9c38652a-0129-442b-a4c2-b9c088369c0b', success rate: 1/1.
[2025-03-19 12:38:25Z INFO JobServerQueue] Try to append 1 batches web console lines for record '9c38652a-0129-442b-a4c2-b9c088369c0b', success rate: 1/1.
[2025-03-19 12:38:26Z INFO JobServerQueue] Try to append 1 batches web console lines for record '9c38652a-0129-442b-a4c2-b9c088369c0b', success rate: 1/1.
[2025-03-19 12:38:27Z INFO JobServerQueue] Try to append 1 batches web console lines for record '9c38652a-0129-442b-a4c2-b9c088369c0b', success rate: 1/1.
[2025-03-19 12:38:29Z INFO JobServerQueue] Try to append 1 batches web console lines for record '9c38652a-0129-442b-a4c2-b9c088369c0b', success rate: 1/1.
[2025-03-19 12:38:29Z INFO HostContext] Well known directory 'Bin': '/home/jenny/tensorflow-mri/actions-runner/bin'
[2025-03-19 12:38:29Z INFO HostContext] Well known directory 'Root': '/home/jenny/tensorflow-mri/actions-runner'
[2025-03-19 12:38:29Z INFO HostContext] Well known directory 'Work': '/home/jenny/tensorflow-mri/actions-runner/_work'
[2025-03-19 12:38:30Z INFO JobServerQueue] Try to append 1 batches web console lines for record '9c38652a-0129-442b-a4c2-b9c088369c0b', success rate: 1/1.
[2025-03-19 12:38:30Z INFO JobServerQueue] Try to append 1 batches web console lines for record '9c38652a-0129-442b-a4c2-b9c088369c0b', success rate: 1/1.
[2025-03-19 12:38:31Z INFO JobServerQueue] Try to append 1 batches web console lines for record '9c38652a-0129-442b-a4c2-b9c088369c0b', success rate: 1/1.
[2025-03-19 12:38:31Z INFO JobServerQueue] Try to append 1 batches web console lines for record '9c38652a-0129-442b-a4c2-b9c088369c0b', success rate: 1/1.
[2025-03-19 12:38:32Z INFO JobServerQueue] Try to append 1 batches web console lines for record '9c38652a-0129-442b-a4c2-b9c088369c0b', success rate: 1/1.
[2025-03-19 12:38:32Z INFO JobServerQueue] Try to append 1 batches web console lines for record '9c38652a-0129-442b-a4c2-b9c088369c0b', success rate: 1/1.
[2025-03-19 12:38:33Z INFO JobServerQueue] Try to append 1 batches web console lines for record '9c38652a-0129-442b-a4c2-b9c088369c0b', success rate: 1/1.
[2025-03-19 12:38:33Z INFO JobServerQueue] Try to append 1 batches web console lines for record '9c38652a-0129-442b-a4c2-b9c088369c0b', success rate: 1/1.
[2025-03-19 12:38:34Z INFO JobServerQueue] Try to append 1 batches web console lines for record '9c38652a-0129-442b-a4c2-b9c088369c0b', success rate: 1/1.
[2025-03-19 12:38:34Z INFO JobServerQueue] Try to append 1 batches web console lines for record '9c38652a-0129-442b-a4c2-b9c088369c0b', success rate: 1/1.
[2025-03-19 12:38:35Z INFO JobServerQueue] Try to append 1 batches web console lines for record '9c38652a-0129-442b-a4c2-b9c088369c0b', success rate: 1/1.
[2025-03-19 12:38:35Z INFO JobServerQueue] Try to append 1 batches web console lines for record '9c38652a-0129-442b-a4c2-b9c088369c0b', success rate: 1/1.
[2025-03-19 12:38:36Z INFO JobServerQueue] Try to append 1 batches web console lines for record '9c38652a-0129-442b-a4c2-b9c088369c0b', success rate: 1/1.
[2025-03-19 12:38:36Z INFO JobServerQueue] Try to append 1 batches web console lines for record '9c38652a-0129-442b-a4c2-b9c088369c0b', success rate: 1/1.
[2025-03-19 12:38:37Z INFO JobServerQueue] Try to append 1 batches web console lines for record '9c38652a-0129-442b-a4c2-b9c088369c0b', success rate: 1/1.
[2025-03-19 12:38:37Z INFO JobServerQueue] Try to append 1 batches web console lines for record '9c38652a-0129-442b-a4c2-b9c088369c0b', success rate: 1/1.
[2025-03-19 12:38:38Z INFO JobServerQueue] Try to append 1 batches web console lines for record '9c38652a-0129-442b-a4c2-b9c088369c0b', success rate: 1/1.
[2025-03-19 12:38:38Z INFO JobServerQueue] Try to append 1 batches web console lines for record '9c38652a-0129-442b-a4c2-b9c088369c0b', success rate: 1/1.
[2025-03-19 12:38:39Z INFO JobServerQueue] Try to append 1 batches web console lines for record '9c38652a-0129-442b-a4c2-b9c088369c0b', success rate: 1/1.
[2025-03-19 12:38:39Z INFO HostContext] Well known directory 'Bin': '/home/jenny/tensorflow-mri/actions-runner/bin'
[2025-03-19 12:38:39Z INFO HostContext] Well known directory 'Root': '/home/jenny/tensorflow-mri/actions-runner'
[2025-03-19 12:38:39Z INFO HostContext] Well known directory 'Work': '/home/jenny/tensorflow-mri/actions-runner/_work'
[2025-03-19 12:38:40Z INFO JobServerQueue] Try to append 1 batches web console lines for record '9c38652a-0129-442b-a4c2-b9c088369c0b', success rate: 1/1.
[2025-03-19 12:38:40Z INFO JobServerQueue] Try to append 1 batches web console lines for record '9c38652a-0129-442b-a4c2-b9c088369c0b', success rate: 1/1.
[2025-03-19 12:38:41Z INFO JobServerQueue] Try to append 1 batches web console lines for record '9c38652a-0129-442b-a4c2-b9c088369c0b', success rate: 1/1.
[2025-03-19 12:38:41Z INFO JobServerQueue] Try to append 1 batches web console lines for record '9c38652a-0129-442b-a4c2-b9c088369c0b', success rate: 1/1.
[2025-03-19 12:38:42Z INFO JobServerQueue] Try to append 1 batches web console lines for record '9c38652a-0129-442b-a4c2-b9c088369c0b', success rate: 1/1.
[2025-03-19 12:38:44Z INFO JobServerQueue] Try to append 1 batches web console lines for record '9c38652a-0129-442b-a4c2-b9c088369c0b', success rate: 1/1.
[2025-03-19 12:38:45Z INFO JobServerQueue] Try to append 1 batches web console lines for record '9c38652a-0129-442b-a4c2-b9c088369c0b', success rate: 1/1.
[2025-03-19 12:38:46Z INFO JobServerQueue] Try to append 1 batches web console lines for record '9c38652a-0129-442b-a4c2-b9c088369c0b', success rate: 1/1.
[2025-03-19 12:38:47Z INFO JobServerQueue] Try to append 1 batches web console lines for record '9c38652a-0129-442b-a4c2-b9c088369c0b', success rate: 1/1.
[2025-03-19 12:38:48Z INFO JobServerQueue] Try to append 1 batches web console lines for record '9c38652a-0129-442b-a4c2-b9c088369c0b', success rate: 1/1.
[2025-03-19 12:38:49Z INFO HostContext] Well known directory 'Bin': '/home/jenny/tensorflow-mri/actions-runner/bin'
[2025-03-19 12:38:49Z INFO HostContext] Well known directory 'Root': '/home/jenny/tensorflow-mri/actions-runner'
[2025-03-19 12:38:49Z INFO HostContext] Well known directory 'Work': '/home/jenny/tensorflow-mri/actions-runner/_work'
[2025-03-19 12:38:50Z INFO JobServerQueue] Try to append 1 batches web console lines for record '9c38652a-0129-442b-a4c2-b9c088369c0b', success rate: 1/1.
[2025-03-19 12:38:51Z INFO JobServerQueue] Try to append 1 batches web console lines for record '9c38652a-0129-442b-a4c2-b9c088369c0b', success rate: 1/1.
[2025-03-19 12:38:53Z INFO JobServerQueue] Try to append 1 batches web console lines for record '9c38652a-0129-442b-a4c2-b9c088369c0b', success rate: 1/1.
[2025-03-19 12:38:53Z INFO JobServerQueue] Try to append 1 batches web console lines for record '9c38652a-0129-442b-a4c2-b9c088369c0b', success rate: 1/1.
[2025-03-19 12:38:54Z INFO JobServerQueue] Try to append 1 batches web console lines for record '9c38652a-0129-442b-a4c2-b9c088369c0b', success rate: 1/1.
[2025-03-19 12:38:54Z INFO JobServerQueue] Try to append 1 batches web console lines for record '9c38652a-0129-442b-a4c2-b9c088369c0b', success rate: 1/1.
[2025-03-19 12:38:55Z INFO JobServerQueue] Try to append 1 batches web console lines for record '9c38652a-0129-442b-a4c2-b9c088369c0b', success rate: 1/1.
[2025-03-19 12:38:55Z INFO JobServerQueue] Try to append 1 batches web console lines for record '9c38652a-0129-442b-a4c2-b9c088369c0b', success rate: 1/1.
[2025-03-19 12:38:56Z INFO JobServerQueue] Try to append 1 batches web console lines for record '9c38652a-0129-442b-a4c2-b9c088369c0b', success rate: 1/1.
[2025-03-19 12:38:57Z INFO JobServerQueue] Try to append 1 batches web console lines for record '9c38652a-0129-442b-a4c2-b9c088369c0b', success rate: 1/1.
[2025-03-19 12:38:57Z INFO JobServerQueue] Try to append 1 batches web console lines for record '9c38652a-0129-442b-a4c2-b9c088369c0b', success rate: 1/1.
[2025-03-19 12:38:58Z INFO JobServerQueue] Try to append 1 batches web console lines for record '9c38652a-0129-442b-a4c2-b9c088369c0b', success rate: 1/1.
[2025-03-19 12:38:58Z INFO JobServerQueue] Try to append 1 batches web console lines for record '9c38652a-0129-442b-a4c2-b9c088369c0b', success rate: 1/1.
[2025-03-19 12:38:59Z INFO JobServerQueue] Try to append 1 batches web console lines for record '9c38652a-0129-442b-a4c2-b9c088369c0b', success rate: 1/1.
[2025-03-19 12:38:59Z INFO JobServerQueue] Try to append 1 batches web console lines for record '9c38652a-0129-442b-a4c2-b9c088369c0b', success rate: 1/1.
[2025-03-19 12:38:59Z INFO HostContext] Well known directory 'Bin': '/home/jenny/tensorflow-mri/actions-runner/bin'
[2025-03-19 12:38:59Z INFO HostContext] Well known directory 'Root': '/home/jenny/tensorflow-mri/actions-runner'
[2025-03-19 12:38:59Z INFO HostContext] Well known directory 'Work': '/home/jenny/tensorflow-mri/actions-runner/_work'
[2025-03-19 12:39:00Z INFO JobServerQueue] Try to append 1 batches web console lines for record '9c38652a-0129-442b-a4c2-b9c088369c0b', success rate: 1/1.
[2025-03-19 12:39:00Z INFO JobServerQueue] Try to append 1 batches web console lines for record '9c38652a-0129-442b-a4c2-b9c088369c0b', success rate: 1/1.
[2025-03-19 12:39:01Z INFO JobServerQueue] Try to append 1 batches web console lines for record '9c38652a-0129-442b-a4c2-b9c088369c0b', success rate: 1/1.
[2025-03-19 12:39:01Z INFO JobServerQueue] Try to append 1 batches web console lines for record '9c38652a-0129-442b-a4c2-b9c088369c0b', success rate: 1/1.
[2025-03-19 12:39:02Z INFO JobServerQueue] Try to append 1 batches web console lines for record '9c38652a-0129-442b-a4c2-b9c088369c0b', success rate: 1/1.
[2025-03-19 12:39:02Z INFO JobServerQueue] Try to append 1 batches web console lines for record '9c38652a-0129-442b-a4c2-b9c088369c0b', success rate: 1/1.
[2025-03-19 12:39:03Z INFO JobServerQueue] Try to append 1 batches web console lines for record '9c38652a-0129-442b-a4c2-b9c088369c0b', success rate: 1/1.
[2025-03-19 12:39:03Z INFO JobServerQueue] Try to append 1 batches web console lines for record '9c38652a-0129-442b-a4c2-b9c088369c0b', success rate: 1/1.
[2025-03-19 12:39:04Z INFO JobServerQueue] Try to append 1 batches web console lines for record '9c38652a-0129-442b-a4c2-b9c088369c0b', success rate: 1/1.
[2025-03-19 12:39:04Z INFO JobServerQueue] Try to append 1 batches web console lines for record '9c38652a-0129-442b-a4c2-b9c088369c0b', success rate: 1/1.
[2025-03-19 12:39:05Z INFO JobServerQueue] Try to append 1 batches web console lines for record '9c38652a-0129-442b-a4c2-b9c088369c0b', success rate: 1/1.
[2025-03-19 12:39:05Z INFO JobServerQueue] Try to append 1 batches web console lines for record '9c38652a-0129-442b-a4c2-b9c088369c0b', success rate: 1/1.
[2025-03-19 12:39:06Z INFO JobServerQueue] Try to append 1 batches web console lines for record '9c38652a-0129-442b-a4c2-b9c088369c0b', success rate: 1/1.
[2025-03-19 12:39:06Z INFO JobServerQueue] Try to append 1 batches web console lines for record '9c38652a-0129-442b-a4c2-b9c088369c0b', success rate: 1/1.
[2025-03-19 12:39:07Z INFO JobServerQueue] Try to append 1 batches web console lines for record '9c38652a-0129-442b-a4c2-b9c088369c0b', success rate: 1/1.
[2025-03-19 12:39:07Z INFO JobServerQueue] Try to append 1 batches web console lines for record '9c38652a-0129-442b-a4c2-b9c088369c0b', success rate: 1/1.
[2025-03-19 12:39:08Z INFO JobServerQueue] Try to append 1 batches web console lines for record '9c38652a-0129-442b-a4c2-b9c088369c0b', success rate: 1/1.
[2025-03-19 12:39:09Z INFO JobServerQueue] Try to append 1 batches web console lines for record '9c38652a-0129-442b-a4c2-b9c088369c0b', success rate: 1/1.
[2025-03-19 12:39:09Z INFO JobServerQueue] Try to append 1 batches web console lines for record '9c38652a-0129-442b-a4c2-b9c088369c0b', success rate: 1/1.
[2025-03-19 12:39:09Z INFO HostContext] Well known directory 'Bin': '/home/jenny/tensorflow-mri/actions-runner/bin'
[2025-03-19 12:39:09Z INFO HostContext] Well known directory 'Root': '/home/jenny/tensorflow-mri/actions-runner'
[2025-03-19 12:39:09Z INFO HostContext] Well known directory 'Work': '/home/jenny/tensorflow-mri/actions-runner/_work'
[2025-03-19 12:39:11Z INFO JobServerQueue] Try to append 1 batches web console lines for record '9c38652a-0129-442b-a4c2-b9c088369c0b', success rate: 1/1.
[2025-03-19 12:39:12Z INFO JobServerQueue] Try to append 1 batches web console lines for record '9c38652a-0129-442b-a4c2-b9c088369c0b', success rate: 1/1.
[2025-03-19 12:39:13Z INFO JobServerQueue] Try to append 1 batches web console lines for record '9c38652a-0129-442b-a4c2-b9c088369c0b', success rate: 1/1.
[2025-03-19 12:39:14Z INFO JobServerQueue] Try to append 1 batches web console lines for record '9c38652a-0129-442b-a4c2-b9c088369c0b', success rate: 1/1.
[2025-03-19 12:39:19Z INFO HostContext] Well known directory 'Bin': '/home/jenny/tensorflow-mri/actions-runner/bin'
[2025-03-19 12:39:19Z INFO HostContext] Well known directory 'Root': '/home/jenny/tensorflow-mri/actions-runner'
[2025-03-19 12:39:19Z INFO HostContext] Well known directory 'Work': '/home/jenny/tensorflow-mri/actions-runner/_work'
[2025-03-19 12:39:29Z INFO HostContext] Well known directory 'Bin': '/home/jenny/tensorflow-mri/actions-runner/bin'
[2025-03-19 12:39:29Z INFO HostContext] Well known directory 'Root': '/home/jenny/tensorflow-mri/actions-runner'
[2025-03-19 12:39:29Z INFO HostContext] Well known directory 'Work': '/home/jenny/tensorflow-mri/actions-runner/_work'
[2025-03-19 12:39:39Z INFO HostContext] Well known directory 'Bin': '/home/jenny/tensorflow-mri/actions-runner/bin'
[2025-03-19 12:39:39Z INFO HostContext] Well known directory 'Root': '/home/jenny/tensorflow-mri/actions-runner'
[2025-03-19 12:39:39Z INFO HostContext] Well known directory 'Work': '/home/jenny/tensorflow-mri/actions-runner/_work'
[2025-03-19 12:39:49Z INFO HostContext] Well known directory 'Bin': '/home/jenny/tensorflow-mri/actions-runner/bin'
[2025-03-19 12:39:49Z INFO HostContext] Well known directory 'Root': '/home/jenny/tensorflow-mri/actions-runner'
[2025-03-19 12:39:49Z INFO HostContext] Well known directory 'Work': '/home/jenny/tensorflow-mri/actions-runner/_work'
[2025-03-19 12:39:52Z INFO JobServerQueue] Try to append 1 batches web console lines for record '9c38652a-0129-442b-a4c2-b9c088369c0b', success rate: 1/1.
[2025-03-19 12:39:59Z INFO HostContext] Well known directory 'Bin': '/home/jenny/tensorflow-mri/actions-runner/bin'
[2025-03-19 12:39:59Z INFO HostContext] Well known directory 'Root': '/home/jenny/tensorflow-mri/actions-runner'
[2025-03-19 12:39:59Z INFO HostContext] Well known directory 'Work': '/home/jenny/tensorflow-mri/actions-runner/_work'
[2025-03-19 12:40:09Z INFO HostContext] Well known directory 'Bin': '/home/jenny/tensorflow-mri/actions-runner/bin'
[2025-03-19 12:40:09Z INFO HostContext] Well known directory 'Root': '/home/jenny/tensorflow-mri/actions-runner'
[2025-03-19 12:40:09Z INFO HostContext] Well known directory 'Work': '/home/jenny/tensorflow-mri/actions-runner/_work'
[2025-03-19 12:40:19Z INFO HostContext] Well known directory 'Bin': '/home/jenny/tensorflow-mri/actions-runner/bin'
[2025-03-19 12:40:19Z INFO HostContext] Well known directory 'Root': '/home/jenny/tensorflow-mri/actions-runner'
[2025-03-19 12:40:19Z INFO HostContext] Well known directory 'Work': '/home/jenny/tensorflow-mri/actions-runner/_work'
[2025-03-19 12:40:29Z INFO HostContext] Well known directory 'Bin': '/home/jenny/tensorflow-mri/actions-runner/bin'
[2025-03-19 12:40:29Z INFO HostContext] Well known directory 'Root': '/home/jenny/tensorflow-mri/actions-runner'
[2025-03-19 12:40:29Z INFO HostContext] Well known directory 'Work': '/home/jenny/tensorflow-mri/actions-runner/_work'
[2025-03-19 12:40:39Z INFO HostContext] Well known directory 'Bin': '/home/jenny/tensorflow-mri/actions-runner/bin'
[2025-03-19 12:40:39Z INFO HostContext] Well known directory 'Root': '/home/jenny/tensorflow-mri/actions-runner'
[2025-03-19 12:40:39Z INFO HostContext] Well known directory 'Work': '/home/jenny/tensorflow-mri/actions-runner/_work'
[2025-03-19 12:40:49Z INFO HostContext] Well known directory 'Bin': '/home/jenny/tensorflow-mri/actions-runner/bin'
[2025-03-19 12:40:49Z INFO HostContext] Well known directory 'Root': '/home/jenny/tensorflow-mri/actions-runner'
[2025-03-19 12:40:49Z INFO HostContext] Well known directory 'Work': '/home/jenny/tensorflow-mri/actions-runner/_work'
[2025-03-19 12:40:59Z INFO HostContext] Well known directory 'Bin': '/home/jenny/tensorflow-mri/actions-runner/bin'
[2025-03-19 12:40:59Z INFO HostContext] Well known directory 'Root': '/home/jenny/tensorflow-mri/actions-runner'
[2025-03-19 12:40:59Z INFO HostContext] Well known directory 'Work': '/home/jenny/tensorflow-mri/actions-runner/_work'
[2025-03-19 12:41:09Z INFO HostContext] Well known directory 'Bin': '/home/jenny/tensorflow-mri/actions-runner/bin'
[2025-03-19 12:41:09Z INFO HostContext] Well known directory 'Root': '/home/jenny/tensorflow-mri/actions-runner'
[2025-03-19 12:41:09Z INFO HostContext] Well known directory 'Work': '/home/jenny/tensorflow-mri/actions-runner/_work'
[2025-03-19 12:41:17Z INFO JobServerQueue] Try to append 1 batches web console lines for record '9c38652a-0129-442b-a4c2-b9c088369c0b', success rate: 1/1.
[2025-03-19 12:41:19Z INFO HostContext] Well known directory 'Bin': '/home/jenny/tensorflow-mri/actions-runner/bin'
[2025-03-19 12:41:19Z INFO HostContext] Well known directory 'Root': '/home/jenny/tensorflow-mri/actions-runner'
[2025-03-19 12:41:19Z INFO HostContext] Well known directory 'Work': '/home/jenny/tensorflow-mri/actions-runner/_work'
[2025-03-19 12:41:29Z INFO HostContext] Well known directory 'Bin': '/home/jenny/tensorflow-mri/actions-runner/bin'
[2025-03-19 12:41:29Z INFO HostContext] Well known directory 'Root': '/home/jenny/tensorflow-mri/actions-runner'
[2025-03-19 12:41:29Z INFO HostContext] Well known directory 'Work': '/home/jenny/tensorflow-mri/actions-runner/_work'
[2025-03-19 12:41:39Z INFO HostContext] Well known directory 'Bin': '/home/jenny/tensorflow-mri/actions-runner/bin'
[2025-03-19 12:41:39Z INFO HostContext] Well known directory 'Root': '/home/jenny/tensorflow-mri/actions-runner'
[2025-03-19 12:41:39Z INFO HostContext] Well known directory 'Work': '/home/jenny/tensorflow-mri/actions-runner/_work'
[2025-03-19 12:41:47Z INFO JobServerQueue] Try to append 1 batches web console lines for record '9c38652a-0129-442b-a4c2-b9c088369c0b', success rate: 1/1.
[2025-03-19 12:41:49Z INFO HostContext] Well known directory 'Bin': '/home/jenny/tensorflow-mri/actions-runner/bin'
[2025-03-19 12:41:49Z INFO HostContext] Well known directory 'Root': '/home/jenny/tensorflow-mri/actions-runner'
[2025-03-19 12:41:49Z INFO HostContext] Well known directory 'Work': '/home/jenny/tensorflow-mri/actions-runner/_work'
[2025-03-19 12:41:59Z INFO HostContext] Well known directory 'Bin': '/home/jenny/tensorflow-mri/actions-runner/bin'
[2025-03-19 12:41:59Z INFO HostContext] Well known directory 'Root': '/home/jenny/tensorflow-mri/actions-runner'
[2025-03-19 12:41:59Z INFO HostContext] Well known directory 'Work': '/home/jenny/tensorflow-mri/actions-runner/_work'
[2025-03-19 12:42:09Z INFO HostContext] Well known directory 'Bin': '/home/jenny/tensorflow-mri/actions-runner/bin'
[2025-03-19 12:42:09Z INFO HostContext] Well known directory 'Root': '/home/jenny/tensorflow-mri/actions-runner'
[2025-03-19 12:42:09Z INFO HostContext] Well known directory 'Work': '/home/jenny/tensorflow-mri/actions-runner/_work'
[2025-03-19 12:42:19Z INFO HostContext] Well known directory 'Bin': '/home/jenny/tensorflow-mri/actions-runner/bin'
[2025-03-19 12:42:19Z INFO HostContext] Well known directory 'Root': '/home/jenny/tensorflow-mri/actions-runner'
[2025-03-19 12:42:19Z INFO HostContext] Well known directory 'Work': '/home/jenny/tensorflow-mri/actions-runner/_work'
[2025-03-19 12:42:29Z INFO HostContext] Well known directory 'Bin': '/home/jenny/tensorflow-mri/actions-runner/bin'
[2025-03-19 12:42:29Z INFO HostContext] Well known directory 'Root': '/home/jenny/tensorflow-mri/actions-runner'
[2025-03-19 12:42:29Z INFO HostContext] Well known directory 'Work': '/home/jenny/tensorflow-mri/actions-runner/_work'
[2025-03-19 12:42:39Z INFO HostContext] Well known directory 'Bin': '/home/jenny/tensorflow-mri/actions-runner/bin'
[2025-03-19 12:42:39Z INFO HostContext] Well known directory 'Root': '/home/jenny/tensorflow-mri/actions-runner'
[2025-03-19 12:42:39Z INFO HostContext] Well known directory 'Work': '/home/jenny/tensorflow-mri/actions-runner/_work'
[2025-03-19 12:42:49Z INFO HostContext] Well known directory 'Bin': '/home/jenny/tensorflow-mri/actions-runner/bin'
[2025-03-19 12:42:49Z INFO HostContext] Well known directory 'Root': '/home/jenny/tensorflow-mri/actions-runner'
[2025-03-19 12:42:49Z INFO HostContext] Well known directory 'Work': '/home/jenny/tensorflow-mri/actions-runner/_work'
[2025-03-19 12:42:59Z INFO HostContext] Well known directory 'Bin': '/home/jenny/tensorflow-mri/actions-runner/bin'
[2025-03-19 12:42:59Z INFO HostContext] Well known directory 'Root': '/home/jenny/tensorflow-mri/actions-runner'
[2025-03-19 12:42:59Z INFO HostContext] Well known directory 'Work': '/home/jenny/tensorflow-mri/actions-runner/_work'
[2025-03-19 12:43:07Z INFO JobServerQueue] Try to append 1 batches web console lines for record '9c38652a-0129-442b-a4c2-b9c088369c0b', success rate: 1/1.
[2025-03-19 12:43:08Z INFO JobServerQueue] Try to append 1 batches web console lines for record '9c38652a-0129-442b-a4c2-b9c088369c0b', success rate: 1/1.
[2025-03-19 12:43:09Z INFO JobServerQueue] Try to append 1 batches web console lines for record '9c38652a-0129-442b-a4c2-b9c088369c0b', success rate: 1/1.
[2025-03-19 12:43:09Z INFO JobServerQueue] Try to append 1 batches web console lines for record '9c38652a-0129-442b-a4c2-b9c088369c0b', success rate: 1/1.
[2025-03-19 12:43:09Z INFO HostContext] Well known directory 'Bin': '/home/jenny/tensorflow-mri/actions-runner/bin'
[2025-03-19 12:43:09Z INFO HostContext] Well known directory 'Root': '/home/jenny/tensorflow-mri/actions-runner'
[2025-03-19 12:43:09Z INFO HostContext] Well known directory 'Work': '/home/jenny/tensorflow-mri/actions-runner/_work'
[2025-03-19 12:43:10Z INFO JobServerQueue] Try to append 1 batches web console lines for record '9c38652a-0129-442b-a4c2-b9c088369c0b', success rate: 1/1.
[2025-03-19 12:43:10Z INFO JobServerQueue] Try to append 1 batches web console lines for record '9c38652a-0129-442b-a4c2-b9c088369c0b', success rate: 1/1.
[2025-03-19 12:43:11Z INFO JobServerQueue] Try to append 1 batches web console lines for record '9c38652a-0129-442b-a4c2-b9c088369c0b', success rate: 1/1.
[2025-03-19 12:43:16Z INFO JobServerQueue] Try to append 2 batches web console lines for record '9c38652a-0129-442b-a4c2-b9c088369c0b', success rate: 2/2.
[2025-03-19 12:43:16Z INFO JobServerQueue] Try to append 3 batches web console lines for record '9c38652a-0129-442b-a4c2-b9c088369c0b', success rate: 3/3.
[2025-03-19 12:43:17Z INFO JobServerQueue] Try to append 4 batches web console lines for record '9c38652a-0129-442b-a4c2-b9c088369c0b', success rate: 4/4.
[2025-03-19 12:43:17Z INFO JobServerQueue] Try to append 6 batches web console lines for record '9c38652a-0129-442b-a4c2-b9c088369c0b', success rate: 6/6.
[2025-03-19 12:43:18Z INFO JobServerQueue] Try to append 3 batches web console lines for record '9c38652a-0129-442b-a4c2-b9c088369c0b', success rate: 3/3.
[2025-03-19 12:43:18Z INFO JobServerQueue] Try to append 5 batches web console lines for record '9c38652a-0129-442b-a4c2-b9c088369c0b', success rate: 5/5.
[2025-03-19 12:43:19Z INFO JobServerQueue] Try to append 2 batches web console lines for record '9c38652a-0129-442b-a4c2-b9c088369c0b', success rate: 2/2.
[2025-03-19 12:43:19Z INFO JobServerQueue] Try to append 1 batches web console lines for record '9c38652a-0129-442b-a4c2-b9c088369c0b', success rate: 1/1.
[2025-03-19 12:43:19Z INFO HostContext] Well known directory 'Bin': '/home/jenny/tensorflow-mri/actions-runner/bin'
[2025-03-19 12:43:19Z INFO HostContext] Well known directory 'Root': '/home/jenny/tensorflow-mri/actions-runner'
[2025-03-19 12:43:19Z INFO HostContext] Well known directory 'Work': '/home/jenny/tensorflow-mri/actions-runner/_work'
[2025-03-19 12:43:20Z INFO JobServerQueue] Try to append 3 batches web console lines for record '9c38652a-0129-442b-a4c2-b9c088369c0b', success rate: 3/3.
[2025-03-19 12:43:22Z INFO ProcessInvokerWrapper] STDOUT/STDERR stream read finished.
[2025-03-19 12:43:22Z INFO ProcessInvokerWrapper] STDOUT/STDERR stream read finished.
[2025-03-19 12:43:22Z INFO ProcessInvokerWrapper] Finished process 1446404 with exit code 2, and elapsed time 00:06:55.9705369.
[2025-03-19 12:43:22Z INFO CreateStepSummaryCommand] Step Summary file (/home/jenny/tensorflow-mri/actions-runner/_work/_temp/_runner_file_commands/step_summary_ab09eb50-f466-413d-bdd1-a3189e777097) is empty; skipping attachment upload
[2025-03-19 12:43:22Z INFO StepsRunner] Step result: Failed
[2025-03-19 12:43:22Z INFO ExecutionContext] Publish step telemetry for current step {
  "action": "sh",
  "type": "run",
  "stage": "Main",
  "stepId": "9c38652a-0129-442b-a4c2-b9c088369c0b",
  "stepContextName": "__run_5",
  "result": "failed",
  "errorMessages": [
    "Process completed with exit code 2."
  ],
  "executionTimeInSeconds": 416,
  "startTime": "2025-03-19T12:36:26.2339983Z",
  "finishTime": "2025-03-19T12:43:22.2102947Z"
}.
[2025-03-19 12:43:22Z INFO StepsRunner] Update job result with current step result 'Failed'.
[2025-03-19 12:43:22Z INFO StepsRunner] Current state: job state = 'Failed'
[2025-03-19 12:43:22Z INFO StepsRunner] Processing step: DisplayName='Build wheel'
[2025-03-19 12:43:22Z INFO StepsRunner] Evaluating: success()
[2025-03-19 12:43:22Z INFO StepsRunner] Result: false
[2025-03-19 12:43:22Z INFO StepsRunner] Skipping step due to condition evaluation.
[2025-03-19 12:43:22Z INFO StepsRunner] No need for updating job result with current step result 'Skipped'.
[2025-03-19 12:43:22Z INFO StepsRunner] Current state: job state = 'Failed'
[2025-03-19 12:43:22Z INFO StepsRunner] Processing step: DisplayName='Build docs'
[2025-03-19 12:43:22Z INFO StepsRunner] Evaluating: success()
[2025-03-19 12:43:22Z INFO StepsRunner] Result: false
[2025-03-19 12:43:22Z INFO StepsRunner] Skipping step due to condition evaluation.
[2025-03-19 12:43:22Z INFO StepsRunner] No need for updating job result with current step result 'Skipped'.
[2025-03-19 12:43:22Z INFO StepsRunner] Current state: job state = 'Failed'
[2025-03-19 12:43:22Z INFO StepsRunner] Processing step: DisplayName='Upload wheel'
[2025-03-19 12:43:22Z INFO StepsRunner] Evaluating: (success() && startsWith(github.ref, 'refs/tags'))
[2025-03-19 12:43:22Z INFO StepsRunner] Expanded: (false && startsWith(github['ref'], 'refs/tags'))
[2025-03-19 12:43:22Z INFO StepsRunner] Result: false
[2025-03-19 12:43:22Z INFO StepsRunner] Skipping step due to condition evaluation.
[2025-03-19 12:43:22Z INFO StepsRunner] No need for updating job result with current step result 'Skipped'.
[2025-03-19 12:43:22Z INFO StepsRunner] Current state: job state = 'Failed'
[2025-03-19 12:43:22Z INFO StepsRunner] Processing step: DisplayName='Upload docs'
[2025-03-19 12:43:22Z INFO StepsRunner] Evaluating: (success() && startsWith(github.ref, 'refs/tags') && (matrix.py_version == 3.9))
[2025-03-19 12:43:22Z INFO StepsRunner] Expanded: (false && startsWith(github['ref'], 'refs/tags') && (matrix['py_version'] == 3.9))
[2025-03-19 12:43:22Z INFO StepsRunner] Result: false
[2025-03-19 12:43:22Z INFO StepsRunner] Skipping step due to condition evaluation.
[2025-03-19 12:43:22Z INFO StepsRunner] No need for updating job result with current step result 'Skipped'.
[2025-03-19 12:43:22Z INFO StepsRunner] Current state: job state = 'Failed'
[2025-03-19 12:43:22Z INFO StepsRunner] Processing step: DisplayName='Publish to Test PyPI'
[2025-03-19 12:43:22Z INFO StepsRunner] Evaluating: success()
[2025-03-19 12:43:22Z INFO StepsRunner] Result: false
[2025-03-19 12:43:22Z INFO StepsRunner] Skipping step due to condition evaluation.
[2025-03-19 12:43:22Z INFO StepsRunner] No need for updating job result with current step result 'Skipped'.
[2025-03-19 12:43:22Z INFO StepsRunner] Current state: job state = 'Failed'
[2025-03-19 12:43:22Z INFO StepsRunner] Processing step: DisplayName='Free Disk Space After Build'
[2025-03-19 12:43:22Z INFO StepsRunner] Evaluating: success()
[2025-03-19 12:43:22Z INFO StepsRunner] Result: false
[2025-03-19 12:43:22Z INFO StepsRunner] Skipping step due to condition evaluation.
[2025-03-19 12:43:22Z INFO StepsRunner] No need for updating job result with current step result 'Skipped'.
[2025-03-19 12:43:22Z INFO StepsRunner] Current state: job state = 'Failed'
[2025-03-19 12:43:22Z INFO StepsRunner] Processing step: DisplayName='Post Checkout code'
[2025-03-19 12:43:22Z INFO StepsRunner] Evaluating: always()
[2025-03-19 12:43:22Z INFO StepsRunner] Result: true
[2025-03-19 12:43:22Z INFO StepsRunner] Starting the step.
[2025-03-19 12:43:22Z INFO HostContext] Well known directory 'Bin': '/home/jenny/tensorflow-mri/actions-runner/bin'
[2025-03-19 12:43:22Z INFO HostContext] Well known directory 'Root': '/home/jenny/tensorflow-mri/actions-runner'
[2025-03-19 12:43:22Z INFO HostContext] Well known directory 'Work': '/home/jenny/tensorflow-mri/actions-runner/_work'
[2025-03-19 12:43:22Z INFO HostContext] Well known directory 'Actions': '/home/jenny/tensorflow-mri/actions-runner/_work/_actions'
[2025-03-19 12:43:22Z INFO ActionManager] Load action that reference repository from '/home/jenny/tensorflow-mri/actions-runner/_work/_actions/actions/checkout/v4'
[2025-03-19 12:43:22Z INFO HostContext] Well known directory 'Bin': '/home/jenny/tensorflow-mri/actions-runner/bin'
[2025-03-19 12:43:22Z INFO HostContext] Well known directory 'Root': '/home/jenny/tensorflow-mri/actions-runner'
[2025-03-19 12:43:22Z INFO HostContext] Well known directory 'Work': '/home/jenny/tensorflow-mri/actions-runner/_work'
[2025-03-19 12:43:22Z INFO HostContext] Well known directory 'Actions': '/home/jenny/tensorflow-mri/actions-runner/_work/_actions'
[2025-03-19 12:43:22Z INFO ActionManifestManager] Loaded action.yml file: {
  "name": "Checkout",
  "description": "Checkout a Git repository at a particular version",
  "inputs": {
    "type": 2,
    "map": [
      {
        "key": {
          "type": 0,
          "file": 2,
          "line": 4,
          "col": 3,
          "lit": "repository"
        },
        "value": {
          "type": 3,
          "file": 2,
          "line": 6,
          "col": 14,
          "expr": "github.repository"
        }
      },
      {
        "key": {
          "type": 0,
          "file": 2,
          "line": 7,
          "col": 3,
          "lit": "ref"
        },
        "value": ""
      },
      {
        "key": {
          "type": 0,
          "file": 2,
          "line": 12,
          "col": 3,
          "lit": "token"
        },
        "value": {
          "type": 3,
          "file": 2,
          "line": 24,
          "col": 14,
          "expr": "github.token"
        }
      },
      {
        "key": {
          "type": 0,
          "file": 2,
          "line": 25,
          "col": 3,
          "lit": "ssh-key"
        },
        "value": ""
      },
      {
        "key": {
          "type": 0,
          "file": 2,
          "line": 37,
          "col": 3,
          "lit": "ssh-known-hosts"
        },
        "value": ""
      },
      {
        "key": {
          "type": 0,
          "file": 2,
          "line": 42,
          "col": 3,
          "lit": "ssh-strict"
        },
        "value": {
          "type": 0,
          "file": 2,
          "line": 47,
          "col": 14,
          "lit": "true"
        }
      },
      {
        "key": {
          "type": 0,
          "file": 2,
          "line": 48,
          "col": 3,
          "lit": "ssh-user"
        },
        "value": {
          "type": 0,
          "file": 2,
          "line": 51,
          "col": 14,
          "lit": "git"
        }
      },
      {
        "key": {
          "type": 0,
          "file": 2,
          "line": 52,
          "col": 3,
          "lit": "persist-credentials"
        },
        "value": {
          "type": 0,
          "file": 2,
          "line": 54,
          "col": 14,
          "lit": "true"
        }
      },
      {
        "key": {
          "type": 0,
          "file": 2,
          "line": 55,
          "col": 3,
          "lit": "path"
        },
        "value": ""
      },
      {
        "key": {
          "type": 0,
          "file": 2,
          "line": 57,
          "col": 3,
          "lit": "clean"
        },
        "value": {
          "type": 0,
          "file": 2,
          "line": 59,
          "col": 14,
          "lit": "true"
        }
      },
      {
        "key": {
          "type": 0,
          "file": 2,
          "line": 60,
          "col": 3,
          "lit": "filter"
        },
        "value": {
          "type": 0,
          "file": 2,
          "line": 64,
          "col": 14,
          "lit": ""
        }
      },
      {
        "key": {
          "type": 0,
          "file": 2,
          "line": 65,
          "col": 3,
          "lit": "sparse-checkout"
        },
        "value": {
          "type": 0,
          "file": 2,
          "line": 69,
          "col": 14,
          "lit": ""
        }
      },
      {
        "key": {
          "type": 0,
          "file": 2,
          "line": 70,
          "col": 3,
          "lit": "sparse-checkout-cone-mode"
        },
        "value": {
          "type": 0,
          "file": 2,
          "line": 73,
          "col": 14,
          "lit": "true"
        }
      },
      {
        "key": {
          "type": 0,
          "file": 2,
          "line": 74,
          "col": 3,
          "lit": "fetch-depth"
        },
        "value": {
          "type": 0,
          "file": 2,
          "line": 76,
          "col": 14,
          "lit": "1"
        }
      },
      {
        "key": {
          "type": 0,
          "file": 2,
          "line": 77,
          "col": 3,
          "lit": "fetch-tags"
        },
        "value": {
          "type": 0,
          "file": 2,
          "line": 79,
          "col": 14,
          "lit": "false"
        }
      },
      {
        "key": {
          "type": 0,
          "file": 2,
          "line": 80,
          "col": 3,
          "lit": "show-progress"
        },
        "value": {
          "type": 0,
          "file": 2,
          "line": 82,
          "col": 14,
          "lit": "true"
        }
      },
      {
        "key": {
          "type": 0,
          "file": 2,
          "line": 83,
          "col": 3,
          "lit": "lfs"
        },
        "value": {
          "type": 0,
          "file": 2,
          "line": 85,
          "col": 14,
          "lit": "false"
        }
      },
      {
        "key": {
          "type": 0,
          "file": 2,
          "line": 86,
          "col": 3,
          "lit": "submodules"
        },
        "value": {
          "type": 0,
          "file": 2,
          "line": 94,
          "col": 14,
          "lit": "false"
        }
      },
      {
        "key": {
          "type": 0,
          "file": 2,
          "line": 95,
          "col": 3,
          "lit": "set-safe-directory"
        },
        "value": {
          "type": 0,
          "file": 2,
          "line": 97,
          "col": 14,
          "lit": "true"
        }
      },
      {
        "key": {
          "type": 0,
          "file": 2,
          "line": 98,
          "col": 3,
          "lit": "github-server-url"
        },
        "value": ""
      }
    ]
  },
  "execution": {
    "executionType": "nodeJS",
    "hasPre": false,
    "hasPost": true,
    "script": "dist/index.js",
    "pre": null,
    "post": "dist/index.js",
    "nodeVersion": "node20",
    "cleanupCondition": "always()",
    "initCondition": "always()"
  },
  "deprecated": null
}
[2025-03-19 12:43:22Z INFO ActionManager] Action pre node.js file: N/A.
[2025-03-19 12:43:22Z INFO ActionManager] Action node.js file: dist/index.js.
[2025-03-19 12:43:22Z INFO ActionManager] Action post node.js file: dist/index.js.
[2025-03-19 12:43:22Z INFO HostContext] Well known directory 'Bin': '/home/jenny/tensorflow-mri/actions-runner/bin'
[2025-03-19 12:43:22Z INFO HostContext] Well known directory 'Root': '/home/jenny/tensorflow-mri/actions-runner'
[2025-03-19 12:43:22Z INFO HostContext] Well known directory 'Work': '/home/jenny/tensorflow-mri/actions-runner/_work'
[2025-03-19 12:43:22Z INFO HostContext] Well known directory 'Temp': '/home/jenny/tensorflow-mri/actions-runner/_work/_temp'
[2025-03-19 12:43:22Z INFO ExecutionContext] Write event payload to /home/jenny/tensorflow-mri/actions-runner/_work/_temp/_github_workflow/event.json
[2025-03-19 12:43:22Z INFO HostContext] Well known directory 'Bin': '/home/jenny/tensorflow-mri/actions-runner/bin'
[2025-03-19 12:43:22Z INFO HostContext] Well known directory 'Root': '/home/jenny/tensorflow-mri/actions-runner'
[2025-03-19 12:43:22Z INFO HostContext] Well known directory 'Work': '/home/jenny/tensorflow-mri/actions-runner/_work'
[2025-03-19 12:43:22Z INFO HostContext] Well known directory 'Temp': '/home/jenny/tensorflow-mri/actions-runner/_work/_temp'
[2025-03-19 12:43:22Z INFO ExtensionManager] Getting extensions for interface: 'GitHub.Runner.Worker.IFileCommandExtension'
[2025-03-19 12:43:22Z INFO ActionManifestManager] Input 'repository': default value evaluate result: {
  "type": 0,
  "file": 2,
  "line": 6,
  "col": 14,
  "lit": "mrphys/tensorflow-mri"
}
[2025-03-19 12:43:22Z INFO ActionManifestManager] Input 'ref': default value evaluate result: ""
[2025-03-19 12:43:22Z INFO ActionManifestManager] Input 'token': default value evaluate result: {
  "type": 0,
  "file": 2,
  "line": 24,
  "col": 14,
  "lit": "***"
}
[2025-03-19 12:43:22Z INFO ActionManifestManager] Input 'ssh-key': default value evaluate result: ""
[2025-03-19 12:43:22Z INFO ActionManifestManager] Input 'ssh-known-hosts': default value evaluate result: ""
[2025-03-19 12:43:22Z INFO ActionManifestManager] Input 'ssh-strict': default value evaluate result: {
  "type": 0,
  "file": 2,
  "line": 47,
  "col": 14,
  "lit": "true"
}
[2025-03-19 12:43:22Z INFO ActionManifestManager] Input 'ssh-user': default value evaluate result: {
  "type": 0,
  "file": 2,
  "line": 51,
  "col": 14,
  "lit": "git"
}
[2025-03-19 12:43:22Z INFO ActionManifestManager] Input 'persist-credentials': default value evaluate result: {
  "type": 0,
  "file": 2,
  "line": 54,
  "col": 14,
  "lit": "true"
}
[2025-03-19 12:43:22Z INFO ActionManifestManager] Input 'path': default value evaluate result: ""
[2025-03-19 12:43:22Z INFO ActionManifestManager] Input 'clean': default value evaluate result: {
  "type": 0,
  "file": 2,
  "line": 59,
  "col": 14,
  "lit": "true"
}
[2025-03-19 12:43:22Z INFO ActionManifestManager] Input 'filter': default value evaluate result: {
  "type": 0,
  "file": 2,
  "line": 64,
  "col": 14,
  "lit": ""
}
[2025-03-19 12:43:22Z INFO ActionManifestManager] Input 'sparse-checkout': default value evaluate result: {
  "type": 0,
  "file": 2,
  "line": 69,
  "col": 14,
  "lit": ""
}
[2025-03-19 12:43:22Z INFO ActionManifestManager] Input 'sparse-checkout-cone-mode': default value evaluate result: {
  "type": 0,
  "file": 2,
  "line": 73,
  "col": 14,
  "lit": "true"
}
[2025-03-19 12:43:22Z INFO ActionManifestManager] Input 'fetch-depth': default value evaluate result: {
  "type": 0,
  "file": 2,
  "line": 76,
  "col": 14,
  "lit": "1"
}
[2025-03-19 12:43:22Z INFO ActionManifestManager] Input 'fetch-tags': default value evaluate result: {
  "type": 0,
  "file": 2,
  "line": 79,
  "col": 14,
  "lit": "false"
}
[2025-03-19 12:43:22Z INFO ActionManifestManager] Input 'show-progress': default value evaluate result: {
  "type": 0,
  "file": 2,
  "line": 82,
  "col": 14,
  "lit": "true"
}
[2025-03-19 12:43:22Z INFO ActionManifestManager] Input 'lfs': default value evaluate result: {
  "type": 0,
  "file": 2,
  "line": 85,
  "col": 14,
  "lit": "false"
}
[2025-03-19 12:43:22Z INFO ActionManifestManager] Input 'submodules': default value evaluate result: {
  "type": 0,
  "file": 2,
  "line": 94,
  "col": 14,
  "lit": "false"
}
[2025-03-19 12:43:22Z INFO ActionManifestManager] Input 'set-safe-directory': default value evaluate result: {
  "type": 0,
  "file": 2,
  "line": 97,
  "col": 14,
  "lit": "true"
}
[2025-03-19 12:43:22Z INFO ActionManifestManager] Input 'github-server-url': default value evaluate result: ""
[2025-03-19 12:43:22Z INFO ExtensionManager] Getting extensions for interface: 'GitHub.Runner.Worker.IActionCommandExtension'
[2025-03-19 12:43:22Z INFO ActionCommandManager] Register action command extension for command internal-set-repo-path
[2025-03-19 12:43:22Z INFO ActionCommandManager] Register action command extension for command set-env
[2025-03-19 12:43:22Z INFO ActionCommandManager] Register action command extension for command set-output
[2025-03-19 12:43:22Z INFO ActionCommandManager] Register action command extension for command save-state
[2025-03-19 12:43:22Z INFO ActionCommandManager] Register action command extension for command add-path
[2025-03-19 12:43:22Z INFO ActionCommandManager] Register action command extension for command add-mask
[2025-03-19 12:43:22Z INFO ActionCommandManager] Register action command extension for command add-matcher
[2025-03-19 12:43:22Z INFO ActionCommandManager] Register action command extension for command remove-matcher
[2025-03-19 12:43:22Z INFO ActionCommandManager] Register action command extension for command warning
[2025-03-19 12:43:22Z INFO ActionCommandManager] Register action command extension for command error
[2025-03-19 12:43:22Z INFO ActionCommandManager] Register action command extension for command notice
[2025-03-19 12:43:22Z INFO ActionCommandManager] Register action command extension for command debug
[2025-03-19 12:43:22Z INFO ActionCommandManager] Register action command extension for command group
[2025-03-19 12:43:22Z INFO ActionCommandManager] Register action command extension for command endgroup
[2025-03-19 12:43:22Z INFO ActionCommandManager] Register action command extension for command echo
[2025-03-19 12:43:22Z INFO HostContext] Well known directory 'Bin': '/home/jenny/tensorflow-mri/actions-runner/bin'
[2025-03-19 12:43:22Z INFO HostContext] Well known directory 'Root': '/home/jenny/tensorflow-mri/actions-runner'
[2025-03-19 12:43:22Z INFO HostContext] Well known directory 'Work': '/home/jenny/tensorflow-mri/actions-runner/_work'
[2025-03-19 12:43:22Z INFO ProcessInvokerWrapper] Starting process:
[2025-03-19 12:43:22Z INFO ProcessInvokerWrapper]   File name: '/usr/bin/docker'
[2025-03-19 12:43:22Z INFO ProcessInvokerWrapper]   Arguments: 'exec  a4a71f2b5e2609ef968e89770b2aeebb9a3353ca828224c072e16ba0a335ee2c sh -c "cat /etc/*release | grep ^ID"'
[2025-03-19 12:43:22Z INFO ProcessInvokerWrapper]   Working directory: '/home/jenny/tensorflow-mri/actions-runner/_work'
[2025-03-19 12:43:22Z INFO ProcessInvokerWrapper]   Require exit code zero: 'False'
[2025-03-19 12:43:22Z INFO ProcessInvokerWrapper]   Encoding web name:  ; code page: ''
[2025-03-19 12:43:22Z INFO ProcessInvokerWrapper]   Force kill process on cancellation: 'False'
[2025-03-19 12:43:22Z INFO ProcessInvokerWrapper]   Redirected STDIN: 'False'
[2025-03-19 12:43:22Z INFO ProcessInvokerWrapper]   Persist current code page: 'False'
[2025-03-19 12:43:22Z INFO ProcessInvokerWrapper]   Keep redirected STDIN open: 'False'
[2025-03-19 12:43:22Z INFO ProcessInvokerWrapper]   High priority process: 'False'
[2025-03-19 12:43:22Z INFO ProcessInvokerWrapper] Updated oom_score_adj to 500 for PID: 1554168.
[2025-03-19 12:43:22Z INFO ProcessInvokerWrapper] Process started with process id 1554168, waiting for process exit.
[2025-03-19 12:43:22Z INFO ProcessInvokerWrapper] STDOUT/STDERR stream read finished.
[2025-03-19 12:43:22Z INFO ProcessInvokerWrapper] STDOUT/STDERR stream read finished.
[2025-03-19 12:43:22Z INFO ProcessInvokerWrapper] Finished process 1554168 with exit code 0, and elapsed time 00:00:00.0374715.
[2025-03-19 12:43:22Z INFO HostContext] Well known directory 'Bin': '/home/jenny/tensorflow-mri/actions-runner/bin'
[2025-03-19 12:43:22Z INFO HostContext] Well known directory 'Root': '/home/jenny/tensorflow-mri/actions-runner'
[2025-03-19 12:43:22Z INFO HostContext] Well known directory 'Externals': '/home/jenny/tensorflow-mri/actions-runner/externals'
[2025-03-19 12:43:22Z INFO HostContext] Well known directory 'Bin': '/home/jenny/tensorflow-mri/actions-runner/bin'
[2025-03-19 12:43:22Z INFO HostContext] Well known directory 'Root': '/home/jenny/tensorflow-mri/actions-runner'
[2025-03-19 12:43:22Z INFO HostContext] Well known directory 'Work': '/home/jenny/tensorflow-mri/actions-runner/_work'
[2025-03-19 12:43:22Z INFO ProcessInvokerWrapper] Starting process:
[2025-03-19 12:43:22Z INFO ProcessInvokerWrapper]   File name: '/usr/bin/docker'
[2025-03-19 12:43:22Z INFO ProcessInvokerWrapper]   Arguments: 'exec -i --workdir /__w/tensorflow-mri/tensorflow-mri -e "PYTHON" -e "STATE_isPost" -e "STATE_setSafeDirectory" -e "STATE_repositoryPath" -e "INPUT_REPOSITORY" -e "INPUT_REF" -e "INPUT_TOKEN" -e "INPUT_SSH-KEY" -e "INPUT_SSH-KNOWN-HOSTS" -e "INPUT_SSH-STRICT" -e "INPUT_SSH-USER" -e "INPUT_PERSIST-CREDENTIALS" -e "INPUT_PATH" -e "INPUT_CLEAN" -e "INPUT_FILTER" -e "INPUT_SPARSE-CHECKOUT" -e "INPUT_SPARSE-CHECKOUT-CONE-MODE" -e "INPUT_FETCH-DEPTH" -e "INPUT_FETCH-TAGS" -e "INPUT_SHOW-PROGRESS" -e "INPUT_LFS" -e "INPUT_SUBMODULES" -e "INPUT_SET-SAFE-DIRECTORY" -e "INPUT_GITHUB-SERVER-URL" -e "GITHUB_JOB" -e "GITHUB_REF" -e "GITHUB_SHA" -e "GITHUB_REPOSITORY" -e "GITHUB_REPOSITORY_OWNER" -e "GITHUB_REPOSITORY_OWNER_ID" -e "GITHUB_RUN_ID" -e "GITHUB_RUN_NUMBER" -e "GITHUB_RETENTION_DAYS" -e "GITHUB_RUN_ATTEMPT" -e "GITHUB_ACTOR_ID" -e "GITHUB_ACTOR" -e "GITHUB_WORKFLOW" -e "GITHUB_HEAD_REF" -e "GITHUB_BASE_REF" -e "GITHUB_EVENT_NAME" -e "GITHUB_SERVER_URL" -e "GITHUB_API_URL" -e "GITHUB_GRAPHQL_URL" -e "GITHUB_REF_NAME" -e "GITHUB_REF_PROTECTED" -e "GITHUB_REF_TYPE" -e "GITHUB_WORKFLOW_REF" -e "GITHUB_WORKFLOW_SHA" -e "GITHUB_REPOSITORY_ID" -e "GITHUB_TRIGGERING_ACTOR" -e "GITHUB_WORKSPACE" -e "GITHUB_ACTION" -e "GITHUB_EVENT_PATH" -e "GITHUB_ACTION_REPOSITORY" -e "GITHUB_ACTION_REF" -e "GITHUB_PATH" -e "GITHUB_ENV" -e "GITHUB_STEP_SUMMARY" -e "GITHUB_STATE" -e "GITHUB_OUTPUT" -e "RUNNER_OS" -e "RUNNER_ARCH" -e "RUNNER_NAME" -e "RUNNER_ENVIRONMENT" -e "RUNNER_TOOL_CACHE" -e "RUNNER_TEMP" -e "RUNNER_WORKSPACE" -e "ACTIONS_RUNTIME_URL" -e "ACTIONS_RUNTIME_TOKEN" -e "ACTIONS_CACHE_URL" -e "ACTIONS_RESULTS_URL" -e "ACTIONS_CACHE_SERVICE_V2" a4a71f2b5e2609ef968e89770b2aeebb9a3353ca828224c072e16ba0a335ee2c /__e/node20/bin/node /__w/_actions/actions/checkout/v4/dist/index.js'
[2025-03-19 12:43:22Z INFO ProcessInvokerWrapper]   Working directory: '/home/jenny/tensorflow-mri/actions-runner/_work'
[2025-03-19 12:43:22Z INFO ProcessInvokerWrapper]   Require exit code zero: 'False'
[2025-03-19 12:43:22Z INFO ProcessInvokerWrapper]   Encoding web name:  ; code page: ''
[2025-03-19 12:43:22Z INFO ProcessInvokerWrapper]   Force kill process on cancellation: 'False'
[2025-03-19 12:43:22Z INFO ProcessInvokerWrapper]   Redirected STDIN: 'False'
[2025-03-19 12:43:22Z INFO ProcessInvokerWrapper]   Persist current code page: 'False'
[2025-03-19 12:43:22Z INFO ProcessInvokerWrapper]   Keep redirected STDIN open: 'False'
[2025-03-19 12:43:22Z INFO ProcessInvokerWrapper]   High priority process: 'False'
[2025-03-19 12:43:22Z INFO ProcessInvokerWrapper] Updated oom_score_adj to 500 for PID: 1554199.
[2025-03-19 12:43:22Z INFO ProcessInvokerWrapper] Process started with process id 1554199, waiting for process exit.
[2025-03-19 12:43:22Z INFO AddMaskCommandExtension] Add new secret mask with length of 32
[2025-03-19 12:43:22Z INFO ProcessInvokerWrapper] STDOUT/STDERR stream read finished.
[2025-03-19 12:43:22Z INFO ProcessInvokerWrapper] STDOUT/STDERR stream read finished.
[2025-03-19 12:43:22Z INFO ProcessInvokerWrapper] Finished process 1554199 with exit code 0, and elapsed time 00:00:00.1736609.
[2025-03-19 12:43:22Z INFO CreateStepSummaryCommand] Step Summary file (/home/jenny/tensorflow-mri/actions-runner/_work/_temp/_runner_file_commands/step_summary_671d05bc-9487-4b50-a7e2-a677a08136b3) is empty; skipping attachment upload
[2025-03-19 12:43:22Z INFO StepsRunner] Step result: 
[2025-03-19 12:43:22Z INFO ExecutionContext] Publish step telemetry for current step {
  "action": "actions/checkout",
  "ref": "v4",
  "type": "node20",
  "stage": "Post",
  "stepId": "f546aa28-712a-49cb-8764-cd8726511d2c",
  "result": "succeeded",
  "errorMessages": [],
  "executionTimeInSeconds": 1,
  "startTime": "2025-03-19T12:43:22.2150007Z",
  "finishTime": "2025-03-19T12:43:22.4340207Z"
}.
[2025-03-19 12:43:22Z INFO StepsRunner] No need for updating job result with current step result 'Succeeded'.
[2025-03-19 12:43:22Z INFO StepsRunner] Current state: job state = 'Failed'
[2025-03-19 12:43:22Z INFO StepsRunner] Processing step: DisplayName='Stop containers'
[2025-03-19 12:43:22Z INFO StepsRunner] Evaluating: always()
[2025-03-19 12:43:22Z INFO StepsRunner] Result: true
[2025-03-19 12:43:22Z INFO StepsRunner] Starting the step.
[2025-03-19 12:43:22Z INFO ProcessInvokerWrapper] Starting process:
[2025-03-19 12:43:22Z INFO ProcessInvokerWrapper]   File name: '/usr/bin/docker'
[2025-03-19 12:43:22Z INFO ProcessInvokerWrapper]   Arguments: 'rm --force a4a71f2b5e2609ef968e89770b2aeebb9a3353ca828224c072e16ba0a335ee2c'
[2025-03-19 12:43:22Z INFO ProcessInvokerWrapper]   Working directory: '/home/jenny/tensorflow-mri/actions-runner/_work/tensorflow-mri/tensorflow-mri'
[2025-03-19 12:43:22Z INFO ProcessInvokerWrapper]   Require exit code zero: 'False'
[2025-03-19 12:43:22Z INFO ProcessInvokerWrapper]   Encoding web name:  ; code page: ''
[2025-03-19 12:43:22Z INFO ProcessInvokerWrapper]   Force kill process on cancellation: 'False'
[2025-03-19 12:43:22Z INFO ProcessInvokerWrapper]   Redirected STDIN: 'False'
[2025-03-19 12:43:22Z INFO ProcessInvokerWrapper]   Persist current code page: 'False'
[2025-03-19 12:43:22Z INFO ProcessInvokerWrapper]   Keep redirected STDIN open: 'False'
[2025-03-19 12:43:22Z INFO ProcessInvokerWrapper]   High priority process: 'False'
[2025-03-19 12:43:22Z INFO ProcessInvokerWrapper] Updated oom_score_adj to 500 for PID: 1554297.
[2025-03-19 12:43:22Z INFO ProcessInvokerWrapper] Process started with process id 1554297, waiting for process exit.
[2025-03-19 12:43:22Z INFO JobServerQueue] Try to append 1 batches web console lines for record '9c38652a-0129-442b-a4c2-b9c088369c0b', success rate: 1/1.
[2025-03-19 12:43:22Z INFO JobServerQueue] Try to append 1 batches web console lines for record 'f546aa28-712a-49cb-8764-cd8726511d2c', success rate: 1/1.
[2025-03-19 12:43:22Z INFO JobServerQueue] Try to append 1 batches web console lines for record '5dbe5992-115d-4120-a9f3-b3308f4dded9', success rate: 1/1.
[2025-03-19 12:43:22Z INFO JobServerQueue] Try to upload 2 log files or attachments, success rate: 2/2.
[2025-03-19 12:43:23Z INFO JobServerQueue] Got a step log file to send to results service.
[2025-03-19 12:43:23Z INFO JobServerQueue] Starting upload of step log file to results service ResultsLog, /home/jenny/tensorflow-mri/actions-runner/_diag/blocks/b3976377-3d73-4371-9101-528685db81e9_9c38652a-0129-442b-a4c2-b9c088369c0b.1
[2025-03-19 12:43:23Z INFO ProcessInvokerWrapper] STDOUT/STDERR stream read finished.
[2025-03-19 12:43:23Z INFO ProcessInvokerWrapper] STDOUT/STDERR stream read finished.
[2025-03-19 12:43:23Z INFO ProcessInvokerWrapper] Finished process 1554297 with exit code 0, and elapsed time 00:00:00.7625531.
[2025-03-19 12:43:23Z INFO ProcessInvokerWrapper] Starting process:
[2025-03-19 12:43:23Z INFO ProcessInvokerWrapper]   File name: '/usr/bin/docker'
[2025-03-19 12:43:23Z INFO ProcessInvokerWrapper]   Arguments: 'network rm github_network_bbafa13a728a478c99e14ef51ba67b1e'
[2025-03-19 12:43:23Z INFO ProcessInvokerWrapper]   Working directory: '/home/jenny/tensorflow-mri/actions-runner/_work/tensorflow-mri/tensorflow-mri'
[2025-03-19 12:43:23Z INFO ProcessInvokerWrapper]   Require exit code zero: 'False'
[2025-03-19 12:43:23Z INFO ProcessInvokerWrapper]   Encoding web name:  ; code page: ''
[2025-03-19 12:43:23Z INFO ProcessInvokerWrapper]   Force kill process on cancellation: 'False'
[2025-03-19 12:43:23Z INFO ProcessInvokerWrapper]   Redirected STDIN: 'False'
[2025-03-19 12:43:23Z INFO ProcessInvokerWrapper]   Persist current code page: 'False'
[2025-03-19 12:43:23Z INFO ProcessInvokerWrapper]   Keep redirected STDIN open: 'False'
[2025-03-19 12:43:23Z INFO ProcessInvokerWrapper]   High priority process: 'False'
[2025-03-19 12:43:23Z INFO ProcessInvokerWrapper] Updated oom_score_adj to 500 for PID: 1554352.
[2025-03-19 12:43:23Z INFO ProcessInvokerWrapper] Process started with process id 1554352, waiting for process exit.
[2025-03-19 12:43:23Z INFO ProcessInvokerWrapper] STDOUT/STDERR stream read finished.
[2025-03-19 12:43:23Z INFO ProcessInvokerWrapper] STDOUT/STDERR stream read finished.
[2025-03-19 12:43:23Z INFO ProcessInvokerWrapper] Finished process 1554352 with exit code 0, and elapsed time 00:00:00.1634094.
[2025-03-19 12:43:23Z INFO StepsRunner] Step result: 
[2025-03-19 12:43:23Z INFO StepsRunner] No need for updating job result with current step result 'Succeeded'.
[2025-03-19 12:43:23Z INFO StepsRunner] Current state: job state = 'Failed'
[2025-03-19 12:43:23Z INFO JobRunner] Finalize job.
[2025-03-19 12:43:23Z INFO HostContext] Well known directory 'Bin': '/home/jenny/tensorflow-mri/actions-runner/bin'
[2025-03-19 12:43:23Z INFO HostContext] Well known directory 'Root': '/home/jenny/tensorflow-mri/actions-runner'
[2025-03-19 12:43:23Z INFO HostContext] Well known directory 'Diag': '/home/jenny/tensorflow-mri/actions-runner/_diag'
[2025-03-19 12:43:23Z INFO HostContext] Well known directory 'Bin': '/home/jenny/tensorflow-mri/actions-runner/bin'
[2025-03-19 12:43:23Z INFO HostContext] Well known directory 'Root': '/home/jenny/tensorflow-mri/actions-runner'
[2025-03-19 12:43:23Z INFO HostContext] Well known directory 'Diag': '/home/jenny/tensorflow-mri/actions-runner/_diag'
[2025-03-19 12:43:23Z INFO JobExtension] Initialize Env context
[2025-03-19 12:43:23Z INFO JobExtension] Initialize steps context
[2025-03-19 12:43:23Z INFO JobExtension] Total accessible running process: 565.
[2025-03-19 12:43:23Z INFO JobExtension] Inspecting process environment variables. PID: 585 (kworker/8:1H-events_highpri)
[2025-03-19 12:43:23Z INFO LinuxProcessExtensions] Read env from /proc/585/environ
[2025-03-19 12:43:23Z WARN JobExtension] Ignore exception during read process environment variables: Access to the path '/proc/585/environ' is denied.
[2025-03-19 12:43:23Z INFO JobExtension] Inspecting process environment variables. PID: 666 (kworker/17:1H-events_highpri)
[2025-03-19 12:43:23Z INFO LinuxProcessExtensions] Read env from /proc/666/environ
[2025-03-19 12:43:23Z WARN JobExtension] Ignore exception during read process environment variables: Access to the path '/proc/666/environ' is denied.
[2025-03-19 12:43:23Z INFO JobExtension] Inspecting process environment variables. PID: 1008955 (kworker/32:2-events)
[2025-03-19 12:43:23Z INFO LinuxProcessExtensions] Read env from /proc/1008955/environ
[2025-03-19 12:43:23Z WARN JobExtension] Ignore exception during read process environment variables: Access to the path '/proc/1008955/environ' is denied.
[2025-03-19 12:43:23Z INFO JobExtension] Inspecting process environment variables. PID: 1013222 (kworker/22:0-mm_percpu_wq)
[2025-03-19 12:43:23Z INFO LinuxProcessExtensions] Read env from /proc/1013222/environ
[2025-03-19 12:43:23Z WARN JobExtension] Ignore exception during read process environment variables: Access to the path '/proc/1013222/environ' is denied.
[2025-03-19 12:43:23Z INFO JobExtension] Inspecting process environment variables. PID: 1073533 (kworker/28:2-events)
[2025-03-19 12:43:23Z INFO LinuxProcessExtensions] Read env from /proc/1073533/environ
[2025-03-19 12:43:23Z WARN JobExtension] Ignore exception during read process environment variables: Access to the path '/proc/1073533/environ' is denied.
[2025-03-19 12:43:23Z INFO JobExtension] Inspecting process environment variables. PID: 1100905 (kworker/19:0-cgroup_destroy)
[2025-03-19 12:43:23Z INFO LinuxProcessExtensions] Read env from /proc/1100905/environ
[2025-03-19 12:43:23Z WARN JobExtension] Ignore exception during read process environment variables: Access to the path '/proc/1100905/environ' is denied.
[2025-03-19 12:43:23Z INFO JobExtension] Inspecting process environment variables. PID: 1148480 (kworker/21:2-events)
[2025-03-19 12:43:23Z INFO LinuxProcessExtensions] Read env from /proc/1148480/environ
[2025-03-19 12:43:23Z WARN JobExtension] Ignore exception during read process environment variables: Access to the path '/proc/1148480/environ' is denied.
[2025-03-19 12:43:23Z INFO JobExtension] Inspecting process environment variables. PID: 1173456 (kworker/26:1-rcu_gp)
[2025-03-19 12:43:23Z INFO LinuxProcessExtensions] Read env from /proc/1173456/environ
[2025-03-19 12:43:23Z WARN JobExtension] Ignore exception during read process environment variables: Access to the path '/proc/1173456/environ' is denied.
[2025-03-19 12:43:23Z INFO JobExtension] Inspecting process environment variables. PID: 1180498 (kworker/24:1-rcu_gp)
[2025-03-19 12:43:23Z INFO LinuxProcessExtensions] Read env from /proc/1180498/environ
[2025-03-19 12:43:23Z WARN JobExtension] Ignore exception during read process environment variables: Access to the path '/proc/1180498/environ' is denied.
[2025-03-19 12:43:23Z INFO JobExtension] Inspecting process environment variables. PID: 1209479 (kworker/33:0-mm_percpu_wq)
[2025-03-19 12:43:23Z INFO LinuxProcessExtensions] Read env from /proc/1209479/environ
[2025-03-19 12:43:23Z WARN JobExtension] Ignore exception during read process environment variables: Access to the path '/proc/1209479/environ' is denied.
[2025-03-19 12:43:23Z INFO JobExtension] Inspecting process environment variables. PID: 1237873 (kworker/14:1-events)
[2025-03-19 12:43:23Z INFO LinuxProcessExtensions] Read env from /proc/1237873/environ
[2025-03-19 12:43:23Z WARN JobExtension] Ignore exception during read process environment variables: Access to the path '/proc/1237873/environ' is denied.
[2025-03-19 12:43:23Z INFO JobExtension] Inspecting process environment variables. PID: 1249567 (kworker/27:1-rcu_par_gp)
[2025-03-19 12:43:23Z INFO LinuxProcessExtensions] Read env from /proc/1249567/environ
[2025-03-19 12:43:23Z WARN JobExtension] Ignore exception during read process environment variables: Access to the path '/proc/1249567/environ' is denied.
[2025-03-19 12:43:23Z INFO JobExtension] Inspecting process environment variables. PID: 1251212 (kworker/16:1-rcu_par_gp)
[2025-03-19 12:43:23Z INFO LinuxProcessExtensions] Read env from /proc/1251212/environ
[2025-03-19 12:43:23Z WARN JobExtension] Ignore exception during read process environment variables: Access to the path '/proc/1251212/environ' is denied.
[2025-03-19 12:43:23Z INFO JobExtension] Inspecting process environment variables. PID: 1251483 (kworker/30:0-rcu_par_gp)
[2025-03-19 12:43:23Z INFO LinuxProcessExtensions] Read env from /proc/1251483/environ
[2025-03-19 12:43:23Z WARN JobExtension] Ignore exception during read process environment variables: Access to the path '/proc/1251483/environ' is denied.
[2025-03-19 12:43:23Z INFO JobExtension] Inspecting process environment variables. PID: 1395878 (kworker/u72:1-ext4-rsv-conversion)
[2025-03-19 12:43:23Z INFO LinuxProcessExtensions] Read env from /proc/1395878/environ
[2025-03-19 12:43:23Z WARN JobExtension] Ignore exception during read process environment variables: Access to the path '/proc/1395878/environ' is denied.
[2025-03-19 12:43:23Z INFO JobExtension] Inspecting process environment variables. PID: 1401971 (kworker/18:0-rcu_par_gp)
[2025-03-19 12:43:23Z INFO LinuxProcessExtensions] Read env from /proc/1401971/environ
[2025-03-19 12:43:23Z WARN JobExtension] Ignore exception during read process environment variables: Access to the path '/proc/1401971/environ' is denied.
[2025-03-19 12:43:23Z INFO JobExtension] Inspecting process environment variables. PID: 1402000 (kworker/35:0-rcu_par_gp)
[2025-03-19 12:43:23Z INFO LinuxProcessExtensions] Read env from /proc/1402000/environ
[2025-03-19 12:43:23Z WARN JobExtension] Ignore exception during read process environment variables: Access to the path '/proc/1402000/environ' is denied.
[2025-03-19 12:43:23Z INFO JobExtension] Inspecting process environment variables. PID: 1404421 (kworker/10:0-rcu_par_gp)
[2025-03-19 12:43:23Z INFO LinuxProcessExtensions] Read env from /proc/1404421/environ
[2025-03-19 12:43:23Z WARN JobExtension] Ignore exception during read process environment variables: Access to the path '/proc/1404421/environ' is denied.
[2025-03-19 12:43:23Z INFO JobExtension] Inspecting process environment variables. PID: 1407327 (kworker/0:2-rcu_gp)
[2025-03-19 12:43:23Z INFO LinuxProcessExtensions] Read env from /proc/1407327/environ
[2025-03-19 12:43:23Z WARN JobExtension] Ignore exception during read process environment variables: Access to the path '/proc/1407327/environ' is denied.
[2025-03-19 12:43:23Z INFO JobExtension] Inspecting process environment variables. PID: 1407725 (kworker/1:0-events)
[2025-03-19 12:43:23Z INFO LinuxProcessExtensions] Read env from /proc/1407725/environ
[2025-03-19 12:43:23Z WARN JobExtension] Ignore exception during read process environment variables: Access to the path '/proc/1407725/environ' is denied.
[2025-03-19 12:43:23Z INFO JobExtension] Inspecting process environment variables. PID: 1428361 (kworker/12:0-rcu_par_gp)
[2025-03-19 12:43:23Z INFO LinuxProcessExtensions] Read env from /proc/1428361/environ
[2025-03-19 12:43:23Z WARN JobExtension] Ignore exception during read process environment variables: Access to the path '/proc/1428361/environ' is denied.
[2025-03-19 12:43:23Z INFO JobExtension] Inspecting process environment variables. PID: 1428363 (kworker/5:2-rcu_gp)
[2025-03-19 12:43:23Z INFO LinuxProcessExtensions] Read env from /proc/1428363/environ
[2025-03-19 12:43:23Z WARN JobExtension] Ignore exception during read process environment variables: Access to the path '/proc/1428363/environ' is denied.
[2025-03-19 12:43:23Z INFO JobExtension] Inspecting process environment variables. PID: 1428373 (kworker/17:0-events)
[2025-03-19 12:43:23Z INFO LinuxProcessExtensions] Read env from /proc/1428373/environ
[2025-03-19 12:43:23Z WARN JobExtension] Ignore exception during read process environment variables: Access to the path '/proc/1428373/environ' is denied.
[2025-03-19 12:43:23Z INFO JobExtension] Inspecting process environment variables. PID: 1432578 (kworker/13:2-rcu_gp)
[2025-03-19 12:43:23Z INFO LinuxProcessExtensions] Read env from /proc/1432578/environ
[2025-03-19 12:43:23Z WARN JobExtension] Ignore exception during read process environment variables: Access to the path '/proc/1432578/environ' is denied.
[2025-03-19 12:43:23Z INFO JobExtension] Inspecting process environment variables. PID: 1432849 (kworker/4:1-events)
[2025-03-19 12:43:23Z INFO LinuxProcessExtensions] Read env from /proc/1432849/environ
[2025-03-19 12:43:23Z WARN JobExtension] Ignore exception during read process environment variables: Access to the path '/proc/1432849/environ' is denied.
[2025-03-19 12:43:23Z INFO JobExtension] Inspecting process environment variables. PID: 1433720 (kworker/11:2-events)
[2025-03-19 12:43:23Z INFO LinuxProcessExtensions] Read env from /proc/1433720/environ
[2025-03-19 12:43:23Z WARN JobExtension] Ignore exception during read process environment variables: Access to the path '/proc/1433720/environ' is denied.
[2025-03-19 12:43:23Z INFO JobExtension] Inspecting process environment variables. PID: 1433753 (kworker/8:0-rcu_par_gp)
[2025-03-19 12:43:23Z INFO LinuxProcessExtensions] Read env from /proc/1433753/environ
[2025-03-19 12:43:23Z WARN JobExtension] Ignore exception during read process environment variables: Access to the path '/proc/1433753/environ' is denied.
[2025-03-19 12:43:23Z INFO JobExtension] Inspecting process environment variables. PID: 1433773 (kworker/9:2-rcu_gp)
[2025-03-19 12:43:23Z INFO LinuxProcessExtensions] Read env from /proc/1433773/environ
[2025-03-19 12:43:23Z WARN JobExtension] Ignore exception during read process environment variables: Access to the path '/proc/1433773/environ' is denied.
[2025-03-19 12:43:23Z INFO JobExtension] Inspecting process environment variables. PID: 1438769 (kworker/7:0-rcu_par_gp)
[2025-03-19 12:43:23Z INFO LinuxProcessExtensions] Read env from /proc/1438769/environ
[2025-03-19 12:43:23Z WARN JobExtension] Ignore exception during read process environment variables: Access to the path '/proc/1438769/environ' is denied.
[2025-03-19 12:43:23Z INFO JobExtension] Inspecting process environment variables. PID: 1439104 (kworker/13:0-rcu_par_gp)
[2025-03-19 12:43:23Z INFO LinuxProcessExtensions] Read env from /proc/1439104/environ
[2025-03-19 12:43:23Z WARN JobExtension] Ignore exception during read process environment variables: Access to the path '/proc/1439104/environ' is denied.
[2025-03-19 12:43:23Z INFO JobExtension] Inspecting process environment variables. PID: 1439414 (kworker/23:2-events)
[2025-03-19 12:43:23Z INFO LinuxProcessExtensions] Read env from /proc/1439414/environ
[2025-03-19 12:43:23Z WARN JobExtension] Ignore exception during read process environment variables: Access to the path '/proc/1439414/environ' is denied.
[2025-03-19 12:43:23Z INFO JobExtension] Inspecting process environment variables. PID: 1442187 (kworker/2:1-rcu_par_gp)
[2025-03-19 12:43:23Z INFO LinuxProcessExtensions] Read env from /proc/1442187/environ
[2025-03-19 12:43:23Z WARN JobExtension] Ignore exception during read process environment variables: Access to the path '/proc/1442187/environ' is denied.
[2025-03-19 12:43:23Z INFO JobExtension] Inspecting process environment variables. PID: 1442343 (kworker/10:2-rcu_par_gp)
[2025-03-19 12:43:23Z INFO LinuxProcessExtensions] Read env from /proc/1442343/environ
[2025-03-19 12:43:23Z WARN JobExtension] Ignore exception during read process environment variables: Access to the path '/proc/1442343/environ' is denied.
[2025-03-19 12:43:23Z INFO JobExtension] Inspecting process environment variables. PID: 1444159 (kworker/18:2-events)
[2025-03-19 12:43:23Z INFO LinuxProcessExtensions] Read env from /proc/1444159/environ
[2025-03-19 12:43:23Z WARN JobExtension] Ignore exception during read process environment variables: Access to the path '/proc/1444159/environ' is denied.
[2025-03-19 12:43:23Z INFO JobExtension] Inspecting process environment variables. PID: 1444422 (kworker/17:1-rcu_par_gp)
[2025-03-19 12:43:23Z INFO LinuxProcessExtensions] Read env from /proc/1444422/environ
[2025-03-19 12:43:23Z WARN JobExtension] Ignore exception during read process environment variables: Access to the path '/proc/1444422/environ' is denied.
[2025-03-19 12:43:23Z INFO JobExtension] Inspecting process environment variables. PID: 1444423 (kworker/15:1)
[2025-03-19 12:43:23Z INFO LinuxProcessExtensions] Read env from /proc/1444423/environ
[2025-03-19 12:43:23Z WARN JobExtension] Ignore exception during read process environment variables: Access to the path '/proc/1444423/environ' is denied.
[2025-03-19 12:43:23Z INFO JobExtension] Inspecting process environment variables. PID: 1444428 (kworker/9:0-rcu_par_gp)
[2025-03-19 12:43:23Z INFO LinuxProcessExtensions] Read env from /proc/1444428/environ
[2025-03-19 12:43:23Z WARN JobExtension] Ignore exception during read process environment variables: Access to the path '/proc/1444428/environ' is denied.
[2025-03-19 12:43:23Z INFO JobExtension] Inspecting process environment variables. PID: 1444606 (kworker/7:1-mm_percpu_wq)
[2025-03-19 12:43:23Z INFO LinuxProcessExtensions] Read env from /proc/1444606/environ
[2025-03-19 12:43:23Z WARN JobExtension] Ignore exception during read process environment variables: Access to the path '/proc/1444606/environ' is denied.
[2025-03-19 12:43:23Z INFO JobExtension] Inspecting process environment variables. PID: 1444619 (kworker/5:1-rcu_par_gp)
[2025-03-19 12:43:23Z INFO LinuxProcessExtensions] Read env from /proc/1444619/environ
[2025-03-19 12:43:23Z WARN JobExtension] Ignore exception during read process environment variables: Access to the path '/proc/1444619/environ' is denied.
[2025-03-19 12:43:23Z INFO JobExtension] Inspecting process environment variables. PID: 1444620 (kworker/30:2-mm_percpu_wq)
[2025-03-19 12:43:23Z INFO LinuxProcessExtensions] Read env from /proc/1444620/environ
[2025-03-19 12:43:23Z WARN JobExtension] Ignore exception during read process environment variables: Access to the path '/proc/1444620/environ' is denied.
[2025-03-19 12:43:23Z INFO JobExtension] Inspecting process environment variables. PID: 1444761 (kworker/27:2-events)
[2025-03-19 12:43:23Z INFO LinuxProcessExtensions] Read env from /proc/1444761/environ
[2025-03-19 12:43:23Z WARN JobExtension] Ignore exception during read process environment variables: Access to the path '/proc/1444761/environ' is denied.
[2025-03-19 12:43:23Z INFO JobExtension] Inspecting process environment variables. PID: 1444762 (kworker/26:0-events)
[2025-03-19 12:43:23Z INFO LinuxProcessExtensions] Read env from /proc/1444762/environ
[2025-03-19 12:43:23Z WARN JobExtension] Ignore exception during read process environment variables: Access to the path '/proc/1444762/environ' is denied.
[2025-03-19 12:43:23Z INFO JobExtension] Inspecting process environment variables. PID: 1444771 (kworker/8:2-rcu_gp)
[2025-03-19 12:43:23Z INFO LinuxProcessExtensions] Read env from /proc/1444771/environ
[2025-03-19 12:43:23Z WARN JobExtension] Ignore exception during read process environment variables: Access to the path '/proc/1444771/environ' is denied.
[2025-03-19 12:43:23Z INFO JobExtension] Inspecting process environment variables. PID: 1444821 (kworker/4:0-rcu_par_gp)
[2025-03-19 12:43:23Z INFO LinuxProcessExtensions] Read env from /proc/1444821/environ
[2025-03-19 12:43:23Z WARN JobExtension] Ignore exception during read process environment variables: Access to the path '/proc/1444821/environ' is denied.
[2025-03-19 12:43:23Z INFO JobExtension] Inspecting process environment variables. PID: 1444842 (kworker/24:0-mm_percpu_wq)
[2025-03-19 12:43:23Z INFO LinuxProcessExtensions] Read env from /proc/1444842/environ
[2025-03-19 12:43:23Z WARN JobExtension] Ignore exception during read process environment variables: Access to the path '/proc/1444842/environ' is denied.
[2025-03-19 12:43:23Z INFO JobExtension] Inspecting process environment variables. PID: 1445172 (kworker/12:1-rcu_gp)
[2025-03-19 12:43:23Z INFO LinuxProcessExtensions] Read env from /proc/1445172/environ
[2025-03-19 12:43:23Z WARN JobExtension] Ignore exception during read process environment variables: Access to the path '/proc/1445172/environ' is denied.
[2025-03-19 12:43:23Z INFO JobExtension] Inspecting process environment variables. PID: 1445705 (kworker/0:1-events)
[2025-03-19 12:43:23Z INFO LinuxProcessExtensions] Read env from /proc/1445705/environ
[2025-03-19 12:43:23Z WARN JobExtension] Ignore exception during read process environment variables: Access to the path '/proc/1445705/environ' is denied.
[2025-03-19 12:43:23Z INFO JobExtension] Inspecting process environment variables. PID: 1445714 (kworker/14:0-rcu_par_gp)
[2025-03-19 12:43:23Z INFO LinuxProcessExtensions] Read env from /proc/1445714/environ
[2025-03-19 12:43:23Z WARN JobExtension] Ignore exception during read process environment variables: Access to the path '/proc/1445714/environ' is denied.
[2025-03-19 12:43:23Z INFO JobExtension] Inspecting process environment variables. PID: 1446422 (kworker/6:2)
[2025-03-19 12:43:23Z INFO LinuxProcessExtensions] Read env from /proc/1446422/environ
[2025-03-19 12:43:23Z WARN JobExtension] Ignore exception during read process environment variables: Access to the path '/proc/1446422/environ' is denied.
[2025-03-19 12:43:23Z INFO JobExtension] Inspecting process environment variables. PID: 1456975 (sleep)
[2025-03-19 12:43:23Z INFO LinuxProcessExtensions] Read env from /proc/1456975/environ
[2025-03-19 12:43:23Z WARN JobExtension] Ignore exception during read process environment variables: Access to the path '/proc/1456975/environ' is denied.
[2025-03-19 12:43:23Z INFO JobExtension] Inspecting process environment variables. PID: 1498570 (sleep)
[2025-03-19 12:43:23Z INFO LinuxProcessExtensions] Read env from /proc/1498570/environ
[2025-03-19 12:43:23Z INFO JobExtension] Inspecting process environment variables. PID: 1552314 (kworker/11:1)
[2025-03-19 12:43:23Z INFO LinuxProcessExtensions] Read env from /proc/1552314/environ
[2025-03-19 12:43:23Z WARN JobExtension] Ignore exception during read process environment variables: Access to the path '/proc/1552314/environ' is denied.
[2025-03-19 12:43:23Z INFO JobExtension] Inspecting process environment variables. PID: 1553985 (sleep)
[2025-03-19 12:43:23Z INFO LinuxProcessExtensions] Read env from /proc/1553985/environ
[2025-03-19 12:43:23Z WARN JobExtension] Ignore exception during read process environment variables: Access to the path '/proc/1553985/environ' is denied.
[2025-03-19 12:43:23Z INFO JobExtension] Inspecting process environment variables. PID: 1554002 (kworker/u72:2-events_unbound)
[2025-03-19 12:43:23Z INFO LinuxProcessExtensions] Read env from /proc/1554002/environ
[2025-03-19 12:43:23Z WARN JobExtension] Ignore exception during read process environment variables: Access to the path '/proc/1554002/environ' is denied.
[2025-03-19 12:43:23Z INFO JobExtension] Inspecting process environment variables. PID: 1554187 (kworker/8:1-mm_percpu_wq)
[2025-03-19 12:43:23Z INFO LinuxProcessExtensions] Read env from /proc/1554187/environ
[2025-03-19 12:43:23Z WARN JobExtension] Ignore exception during read process environment variables: Access to the path '/proc/1554187/environ' is denied.
[2025-03-19 12:43:23Z INFO JobExtension] Inspecting process environment variables. PID: 1554196 (kworker/17:2)
[2025-03-19 12:43:23Z INFO LinuxProcessExtensions] Read env from /proc/1554196/environ
[2025-03-19 12:43:23Z WARN JobExtension] Ignore exception during read process environment variables: Access to the path '/proc/1554196/environ' is denied.
[2025-03-19 12:43:23Z INFO JobExtension] Inspecting process environment variables. PID: 1554218 (kworker/5:0-mm_percpu_wq)
[2025-03-19 12:43:23Z INFO LinuxProcessExtensions] Read env from /proc/1554218/environ
[2025-03-19 12:43:23Z WARN JobExtension] Ignore exception during read process environment variables: Access to the path '/proc/1554218/environ' is denied.
[2025-03-19 12:43:23Z INFO JobExtension] Inspecting process environment variables. PID: 1554227 (kworker/4:2-cgroup_destroy)
[2025-03-19 12:43:23Z INFO LinuxProcessExtensions] Read env from /proc/1554227/environ
[2025-03-19 12:43:23Z WARN JobExtension] Ignore exception during read process environment variables: Access to the path '/proc/1554227/environ' is denied.
[2025-03-19 12:43:23Z INFO JobExtension] Inspecting process environment variables. PID: 1554316 (kworker/35:2-events)
[2025-03-19 12:43:23Z INFO LinuxProcessExtensions] Read env from /proc/1554316/environ
[2025-03-19 12:43:23Z WARN JobExtension] Ignore exception during read process environment variables: Access to the path '/proc/1554316/environ' is denied.
[2025-03-19 12:43:23Z INFO JobExtension] Inspecting process environment variables. PID: 1554336 (kworker/12:2-events)
[2025-03-19 12:43:23Z INFO LinuxProcessExtensions] Read env from /proc/1554336/environ
[2025-03-19 12:43:23Z WARN JobExtension] Ignore exception during read process environment variables: Access to the path '/proc/1554336/environ' is denied.
[2025-03-19 12:43:23Z INFO JobExtension] Inspecting process environment variables. PID: 1554337 (kworker/10:1-events)
[2025-03-19 12:43:23Z INFO LinuxProcessExtensions] Read env from /proc/1554337/environ
[2025-03-19 12:43:23Z WARN JobExtension] Ignore exception during read process environment variables: Access to the path '/proc/1554337/environ' is denied.
[2025-03-19 12:43:23Z INFO JobExtension] Inspecting process environment variables. PID: 1554338 (kworker/9:1-events)
[2025-03-19 12:43:23Z INFO LinuxProcessExtensions] Read env from /proc/1554338/environ
[2025-03-19 12:43:23Z WARN JobExtension] Ignore exception during read process environment variables: Access to the path '/proc/1554338/environ' is denied.
[2025-03-19 12:43:23Z INFO JobExtension] Inspecting process environment variables. PID: 1554339 (kworker/12:3-rcu_par_gp)
[2025-03-19 12:43:23Z INFO LinuxProcessExtensions] Read env from /proc/1554339/environ
[2025-03-19 12:43:23Z WARN JobExtension] Ignore exception during read process environment variables: Access to the path '/proc/1554339/environ' is denied.
[2025-03-19 12:43:23Z INFO JobExtension] Inspecting process environment variables. PID: 1554340 (systemd-udevd)
[2025-03-19 12:43:23Z INFO LinuxProcessExtensions] Read env from /proc/1554340/environ
[2025-03-19 12:43:23Z WARN JobExtension] Ignore exception during read process environment variables: Access to the path '/proc/1554340/environ' is denied.
[2025-03-19 12:43:23Z INFO JobExtension] Inspecting process environment variables. PID: 1554343 (kworker/9:3-rcu_par_gp)
[2025-03-19 12:43:23Z INFO LinuxProcessExtensions] Read env from /proc/1554343/environ
[2025-03-19 12:43:23Z WARN JobExtension] Ignore exception during read process environment variables: Access to the path '/proc/1554343/environ' is denied.
[2025-03-19 12:43:23Z INFO JobExtension] Inspecting process environment variables. PID: 1554346 (systemd-udevd)
[2025-03-19 12:43:23Z INFO LinuxProcessExtensions] Read env from /proc/1554346/environ
[2025-03-19 12:43:23Z WARN JobExtension] Ignore exception during read process environment variables: Access to the path '/proc/1554346/environ' is denied.
[2025-03-19 12:43:23Z INFO JobExtension] Inspecting process environment variables. PID: 1554347 (systemd-udevd)
[2025-03-19 12:43:23Z INFO LinuxProcessExtensions] Read env from /proc/1554347/environ
[2025-03-19 12:43:23Z WARN JobExtension] Ignore exception during read process environment variables: Access to the path '/proc/1554347/environ' is denied.
[2025-03-19 12:43:23Z INFO JobExtension] Inspecting process environment variables. PID: 1554348 (systemd-udevd)
[2025-03-19 12:43:23Z INFO LinuxProcessExtensions] Read env from /proc/1554348/environ
[2025-03-19 12:43:23Z WARN JobExtension] Ignore exception during read process environment variables: Access to the path '/proc/1554348/environ' is denied.
[2025-03-19 12:43:23Z INFO JobExtension] Inspecting process environment variables. PID: 1554349 (kworker/16:2-rcu_par_gp)
[2025-03-19 12:43:23Z INFO LinuxProcessExtensions] Read env from /proc/1554349/environ
[2025-03-19 12:43:23Z WARN JobExtension] Ignore exception during read process environment variables: Access to the path '/proc/1554349/environ' is denied.
[2025-03-19 12:43:23Z INFO JobExtension] Inspecting process environment variables. PID: 1554350 (kworker/u72:3-ext4-rsv-conversion)
[2025-03-19 12:43:23Z INFO LinuxProcessExtensions] Read env from /proc/1554350/environ
[2025-03-19 12:43:23Z WARN JobExtension] Ignore exception during read process environment variables: Access to the path '/proc/1554350/environ' is denied.
[2025-03-19 12:43:23Z INFO JobExtension] Inspecting process environment variables. PID: 1554351 (sleep)
[2025-03-19 12:43:23Z INFO LinuxProcessExtensions] Read env from /proc/1554351/environ
[2025-03-19 12:43:23Z WARN JobExtension] Ignore exception during read process environment variables: Access to the path '/proc/1554351/environ' is denied.
[2025-03-19 12:43:23Z INFO JobExtension] Inspecting process environment variables. PID: 1554365 (kworker/13:1-mm_percpu_wq)
[2025-03-19 12:43:23Z INFO LinuxProcessExtensions] Read env from /proc/1554365/environ
[2025-03-19 12:43:23Z WARN JobExtension] Ignore exception during read process environment variables: Access to the path '/proc/1554365/environ' is denied.
[2025-03-19 12:43:23Z INFO JobExtension] Inspecting process environment variables. PID: 1554367 (nm-dispatcher)
[2025-03-19 12:43:23Z INFO LinuxProcessExtensions] Read env from /proc/1554367/environ
[2025-03-19 12:43:23Z WARN JobExtension] Ignore exception during read process environment variables: Access to the path '/proc/1554367/environ' is denied.
[2025-03-19 12:43:23Z INFO ExecutionContext] Publish step telemetry for current step {
  "action": "complete_job",
  "type": "runner",
  "stage": "Post",
  "stepId": "08bb32d3-501c-47cb-83ff-cab9f252490b",
  "result": "succeeded",
  "errorMessages": [],
  "executionTimeInSeconds": 1,
  "startTime": "2025-03-19T12:43:23.3689449Z",
  "finishTime": "2025-03-19T12:43:23.455476Z"
}.
[2025-03-19 12:43:23Z INFO JobRunner] Job result after all job steps finish: Failed
[2025-03-19 12:43:23Z INFO JobRunner] Completing the job execution context.
[2025-03-19 12:43:23Z INFO JobRunner] Shutting down the job server queue.
[2025-03-19 12:43:23Z INFO JobServerQueue] Fire signal to shutdown all queues.
[2025-03-19 12:43:24Z INFO JobServerQueue] Got a step log file to send to results service.
[2025-03-19 12:43:24Z INFO JobServerQueue] Starting upload of step log file to results service ResultsLog, /home/jenny/tensorflow-mri/actions-runner/_diag/blocks/b3976377-3d73-4371-9101-528685db81e9_f546aa28-712a-49cb-8764-cd8726511d2c.1
[2025-03-19 12:43:24Z INFO JobServerQueue] Tried to upload 2 file(s) to results, success rate: 2/2.
[2025-03-19 12:43:25Z INFO JobServerQueue] All queue process task stopped.
[2025-03-19 12:43:25Z INFO JobServerQueue] Try to append 1 batches web console lines for record '5dbe5992-115d-4120-a9f3-b3308f4dded9', success rate: 1/1.
[2025-03-19 12:43:25Z INFO JobServerQueue] Try to append 1 batches web console lines for record '08bb32d3-501c-47cb-83ff-cab9f252490b', success rate: 1/1.
[2025-03-19 12:43:25Z INFO JobServerQueue] Web console line queue drained.
[2025-03-19 12:43:25Z INFO JobServerQueue] Uploading 3 files in one shot.
[2025-03-19 12:43:25Z INFO JobServerQueue] Try to upload 3 log files or attachments, success rate: 3/3.
[2025-03-19 12:43:25Z INFO JobServerQueue] File upload queue drained.
[2025-03-19 12:43:25Z INFO JobServerQueue] Starting results-based upload queue...
[2025-03-19 12:43:25Z INFO JobServerQueue] Uploading 3 file(s) in one shot through results service.
[2025-03-19 12:43:25Z INFO JobServerQueue] Got a step log file to send to results service.
[2025-03-19 12:43:25Z INFO JobServerQueue] Starting upload of step log file to results service ResultsLog, /home/jenny/tensorflow-mri/actions-runner/_diag/blocks/b3976377-3d73-4371-9101-528685db81e9_5dbe5992-115d-4120-a9f3-b3308f4dded9.1
[2025-03-19 12:43:25Z INFO JobServerQueue] Got a step log file to send to results service.
[2025-03-19 12:43:25Z INFO JobServerQueue] Starting upload of step log file to results service ResultsLog, /home/jenny/tensorflow-mri/actions-runner/_diag/blocks/b3976377-3d73-4371-9101-528685db81e9_08bb32d3-501c-47cb-83ff-cab9f252490b.1
[2025-03-19 12:43:25Z INFO JobServerQueue] Got a job log file to send to results service.
[2025-03-19 12:43:25Z INFO JobServerQueue] Starting upload of job log file to results service ResultsLog, /home/jenny/tensorflow-mri/actions-runner/_diag/blocks/b3976377-3d73-4371-9101-528685db81e9_ca8211b7-2bd2-5917-bc2d-f78037511703.1
[2025-03-19 12:43:26Z INFO JobServerQueue] Tried to upload 3 file(s) to results, success rate: 3/3.
[2025-03-19 12:43:26Z INFO JobServerQueue] Results upload queue drained.
[2025-03-19 12:43:26Z INFO JobServerQueue] Timeline update queue drained.
[2025-03-19 12:43:26Z INFO JobServerQueue] Disposing job server ...
[2025-03-19 12:43:26Z INFO JobServerQueue] Disposing results server ...
[2025-03-19 12:43:26Z INFO JobServerQueue] All queue process tasks have been stopped, and all queues are drained.
[2025-03-19 12:43:26Z INFO TempDirectoryManager] Cleaning runner temp folder: /home/jenny/tensorflow-mri/actions-runner/_work/_temp
[2025-03-19 12:43:26Z ERR  TempDirectoryManager] System.IO.IOException: Access to the path '/home/jenny/tensorflow-mri/actions-runner/_work/_temp/_github_home/.config/matplotlib' is denied.
   at System.IO.FileSystem.RemoveEmptyDirectory(String fullPath, Boolean topLevel, Boolean throwWhenNotEmpty)
   at System.IO.DirectoryInfo.Delete()
   at GitHub.Runner.Sdk.IOUtil.DeleteDirectory(String path, Boolean contentsOnly, Boolean continueOnContentDeleteError, CancellationToken cancellationToken)
   at GitHub.Runner.Worker.TempDirectoryManager.CleanupTempDirectory()
[2025-03-19 12:43:26Z INFO HostContext] Well known directory 'Bin': '/home/jenny/tensorflow-mri/actions-runner/bin'
[2025-03-19 12:43:26Z INFO HostContext] Well known directory 'Root': '/home/jenny/tensorflow-mri/actions-runner'
[2025-03-19 12:43:26Z INFO HostContext] Well known directory 'Diag': '/home/jenny/tensorflow-mri/actions-runner/_diag'
[2025-03-19 12:43:26Z INFO HostContext] Well known config file 'Telemetry': '/home/jenny/tensorflow-mri/actions-runner/_diag/.telemetry'
[2025-03-19 12:43:26Z INFO JobRunner] Raising job completed against run service
[2025-03-19 12:43:27Z INFO Worker] Job completed.
