[2025-03-19 13:48:45Z INFO HostContext] No proxy settings were found based on environmental variables (http_proxy/https_proxy/HTTP_PROXY/HTTPS_PROXY)
[2025-03-19 13:48:45Z INFO HostContext] Well known directory 'Bin': '/home/jenny/tensorflow-mri/actions-runner/bin'
[2025-03-19 13:48:45Z INFO HostContext] Well known directory 'Root': '/home/jenny/tensorflow-mri/actions-runner'
[2025-03-19 13:48:45Z INFO HostContext] Well known config file 'Credentials': '/home/jenny/tensorflow-mri/actions-runner/.credentials'
[2025-03-19 13:48:45Z INFO HostContext] Well known directory 'Bin': '/home/jenny/tensorflow-mri/actions-runner/bin'
[2025-03-19 13:48:45Z INFO HostContext] Well known directory 'Root': '/home/jenny/tensorflow-mri/actions-runner'
[2025-03-19 13:48:45Z INFO HostContext] Well known config file 'Runner': '/home/jenny/tensorflow-mri/actions-runner/.runner'
[2025-03-19 13:48:46Z INFO Worker] Version: 2.322.0
[2025-03-19 13:48:46Z INFO Worker] Commit: 0edc478ca75d0a753dcbcec7405f3f26db67b1ac
[2025-03-19 13:48:46Z INFO Worker] Culture: en-GB
[2025-03-19 13:48:46Z INFO Worker] UI Culture: en-GB
[2025-03-19 13:48:46Z INFO Worker] Waiting to receive the job message from the channel.
[2025-03-19 13:48:46Z INFO ProcessChannel] Receiving message of length 27078, with hash 'e5d0799baffb30c3e4e99f55abc1e66e92e8be00ee97990a1a6ba8eb581ead37'
[2025-03-19 13:48:46Z INFO Worker] Message received.
[2025-03-19 13:48:46Z INFO Worker] Job message:
 {
  "environmentVariables": [
    {
      "type": 2,
      "file": 1,
      "line": 29,
      "col": 7,
      "map": [
        {
          "key": {
            "type": 0,
            "file": 1,
            "line": 29,
            "col": 7,
            "lit": "PYTHON"
          },
          "value": {
            "type": 3,
            "file": 1,
            "line": 29,
            "col": 15,
            "expr": "format('python{0}', matrix.py_version)"
          }
        }
      ]
    }
  ],
  "fileTable": [
    ".github/workflows/build-package.yml"
  ],
  "mask": [
    {
      "type": "regex",
      "value": "***"
    },
    {
      "type": "regex",
      "value": "***"
    },
    {
      "type": "regex",
      "value": "***"
    },
    {
      "type": "regex",
      "value": "***"
    },
    {
      "type": "regex",
      "value": "***"
    },
    {
      "type": "regex",
      "value": "***"
    },
    {
      "type": "regex",
      "value": "***"
    },
    {
      "type": "regex",
      "value": "***"
    },
    {
      "type": "regex",
      "value": "***"
    },
    {
      "type": "regex",
      "value": "***"
    },
    {
      "type": "regex",
      "value": "***"
    },
    {
      "type": "regex",
      "value": "***"
    },
    {
      "type": "regex",
      "value": "***"
    },
    {
      "type": "regex",
      "value": "***"
    },
    {
      "type": "regex",
      "value": "***"
    },
    {
      "type": "regex",
      "value": "***"
    },
    {
      "type": "regex",
      "value": "***"
    },
    {
      "type": "regex",
      "value": "***"
    }
  ],
  "steps": [
    {
      "type": "action",
      "reference": {
        "type": "repository",
        "name": "actions/checkout",
        "ref": "v4",
        "repositoryType": "GitHub"
      },
      "displayNameToken": {
        "type": 0,
        "file": 1,
        "line": 32,
        "col": 15,
        "lit": "Checkout code"
      },
      "contextName": "__actions_checkout",
      "inputs": {
        "type": 2,
        "file": 1,
        "line": 35,
        "col": 11,
        "map": [
          {
            "key": {
              "type": 0,
              "file": 1,
              "line": 35,
              "col": 11,
              "lit": "path"
            },
            "value": {
              "type": 0,
              "file": 1,
              "line": 35,
              "col": 17,
              "lit": "main"
            }
          }
        ]
      },
      "condition": "success()",
      "id": "c423beb2-9f94-40b0-b907-fde5cb8afe2a",
      "name": "__actions_checkout"
    },
    {
      "type": "action",
      "reference": {
        "type": "script"
      },
      "displayNameToken": {
        "type": 0,
        "file": 1,
        "line": 39,
        "col": 15,
        "lit": "Free Disk Space Before Build"
      },
      "contextName": "__run",
      "inputs": {
        "type": 2,
        "map": [
          {
            "key": "script",
            "value": {
              "type": 0,
              "file": 1,
              "line": 40,
              "col": 14,
              "lit": "echo \"Disk space before cleanup:\"\ndf -h\nsudo rm -rf /usr/local/.ghcup\nsudo rm -rf /opt/hostedtoolcache/CodeQL\nsudo rm -rf /usr/local/lib/android/sdk/ndk\nsudo rm -rf /usr/share/dotnet\nsudo rm -rf /opt/ghc\nsudo rm -rf /usr/local/share/boost\n\nsudo rm -rf \"$AGENT_TOOLSDIRECTORY\"\n\nsudo apt-get clean\necho \"Disk space after cleanup:\"\ndf -h\n"
            }
          }
        ]
      },
      "condition": "success()",
      "id": "7a415b76-78b5-413d-87e4-904bb08756c9",
      "name": "__run"
    },
    {
      "type": "action",
      "reference": {
        "type": "script"
      },
      "displayNameToken": {
        "type": 0,
        "file": 1,
        "line": 56,
        "col": 15,
        "lit": "Get directory"
      },
      "contextName": "__run_2",
      "inputs": {
        "type": 2,
        "map": [
          {
            "key": "script",
            "value": {
              "type": 0,
              "file": 1,
              "line": 57,
              "col": 14,
              "lit": "ls"
            }
          }
        ]
      },
      "condition": "success()",
      "id": "e420c1ee-b544-482a-b444-e86d1d3c52b6",
      "name": "__run_2"
    },
    {
      "type": "action",
      "reference": {
        "type": "script"
      },
      "displayNameToken": {
        "type": 0,
        "file": 1,
        "line": 59,
        "col": 15,
        "lit": "Lint code"
      },
      "contextName": "__run_3",
      "inputs": {
        "type": 2,
        "map": [
          {
            "key": "script",
            "value": {
              "type": 3,
              "file": 1,
              "line": 60,
              "col": 14,
              "expr": "format('make lint PY_VERSION={0}\n', matrix.py_version)"
            }
          }
        ]
      },
      "condition": "success()",
      "id": "cdcaf5e8-1c64-4459-b283-1dd1ea3f44c5",
      "name": "__run_3"
    },
    {
      "type": "action",
      "reference": {
        "type": "script"
      },
      "displayNameToken": {
        "type": 0,
        "file": 1,
        "line": 63,
        "col": 15,
        "lit": "Compile shared library"
      },
      "contextName": "__run_4",
      "inputs": {
        "type": 2,
        "map": [
          {
            "key": "script",
            "value": {
              "type": 3,
              "file": 1,
              "line": 64,
              "col": 14,
              "expr": "format('make PY_VERSION={0} CXX=/dt9/usr/bin/g++\n', matrix.py_version)"
            }
          }
        ]
      },
      "condition": "success()",
      "id": "8601c07d-498d-4913-bd97-0298263f13d8",
      "name": "__run_4"
    },
    {
      "type": "action",
      "reference": {
        "type": "script"
      },
      "displayNameToken": {
        "type": 0,
        "file": 1,
        "line": 67,
        "col": 15,
        "lit": "Install required packages"
      },
      "contextName": "__run_5",
      "inputs": {
        "type": 2,
        "map": [
          {
            "key": "script",
            "value": {
              "type": 0,
              "file": 1,
              "line": 68,
              "col": 14,
              "lit": "$PYTHON -m pip install --no-cache-dir -r requirements.txt\n"
            }
          }
        ]
      },
      "condition": "success()",
      "id": "77658e9a-845c-4650-9720-24b70935dea4",
      "name": "__run_5"
    },
    {
      "type": "action",
      "reference": {
        "type": "script"
      },
      "displayNameToken": {
        "type": 0,
        "file": 1,
        "line": 71,
        "col": 15,
        "lit": "Run test suite"
      },
      "contextName": "__run_6",
      "inputs": {
        "type": 2,
        "map": [
          {
            "key": "script",
            "value": {
              "type": 3,
              "file": 1,
              "line": 72,
              "col": 14,
              "expr": "format('make test PY_VERSION={0}\n', matrix.py_version)"
            }
          }
        ]
      },
      "condition": "success()",
      "id": "cdb1b0a0-ee47-4dfe-a62c-ee2501041917",
      "name": "__run_6"
    },
    {
      "type": "action",
      "reference": {
        "type": "script"
      },
      "displayNameToken": {
        "type": 0,
        "file": 1,
        "line": 75,
        "col": 15,
        "lit": "Build wheel"
      },
      "contextName": "__run_7",
      "inputs": {
        "type": 2,
        "map": [
          {
            "key": "script",
            "value": {
              "type": 3,
              "file": 1,
              "line": 76,
              "col": 14,
              "expr": "format('make wheel PY_VERSION={0}\n', matrix.py_version)"
            }
          }
        ]
      },
      "condition": "success()",
      "id": "0cd33d64-c82f-4fbe-be8c-4c548365c06d",
      "name": "__run_7"
    },
    {
      "type": "action",
      "reference": {
        "type": "script"
      },
      "displayNameToken": {
        "type": 0,
        "file": 1,
        "line": 79,
        "col": 15,
        "lit": "Build docs"
      },
      "contextName": "__run_8",
      "inputs": {
        "type": 2,
        "map": [
          {
            "key": "script",
            "value": {
              "type": 3,
              "file": 1,
              "line": 80,
              "col": 14,
              "expr": "format('make docs PY_VERSION={0}\n', matrix.py_version)"
            }
          }
        ]
      },
      "condition": "success()",
      "id": "f0d8097b-23fa-4db9-b5b6-0b0b477e2824",
      "name": "__run_8"
    },
    {
      "type": "action",
      "reference": {
        "type": "repository",
        "name": "actions/upload-artifact",
        "ref": "v4",
        "repositoryType": "GitHub"
      },
      "displayNameToken": {
        "type": 0,
        "file": 1,
        "line": 83,
        "col": 15,
        "lit": "Upload wheel"
      },
      "contextName": "__actions_upload-artifact",
      "inputs": {
        "type": 2,
        "file": 1,
        "line": 87,
        "col": 11,
        "map": [
          {
            "key": {
              "type": 0,
              "file": 1,
              "line": 87,
              "col": 11,
              "lit": "name"
            },
            "value": {
              "type": 3,
              "file": 1,
              "line": 87,
              "col": 17,
              "expr": "format('wheel-py{0}', matrix.py_version)"
            }
          },
          {
            "key": {
              "type": 0,
              "file": 1,
              "line": 88,
              "col": 11,
              "lit": "path"
            },
            "value": {
              "type": 0,
              "file": 1,
              "line": 88,
              "col": 17,
              "lit": "./artifacts/*.whl"
            }
          }
        ]
      },
      "condition": "success() && (startsWith(github.ref, 'refs/tags'))",
      "id": "0644dbf2-e83a-4ba8-af59-3b5f784e0800",
      "name": "__actions_upload-artifact"
    },
    {
      "type": "action",
      "reference": {
        "type": "repository",
        "name": "actions/upload-artifact",
        "ref": "v4",
        "repositoryType": "GitHub"
      },
      "displayNameToken": {
        "type": 0,
        "file": 1,
        "line": 90,
        "col": 15,
        "lit": "Upload docs"
      },
      "contextName": "__actions_upload-artifact_2",
      "inputs": {
        "type": 2,
        "file": 1,
        "line": 94,
        "col": 11,
        "map": [
          {
            "key": {
              "type": 0,
              "file": 1,
              "line": 94,
              "col": 11,
              "lit": "name"
            },
            "value": {
              "type": 0,
              "file": 1,
              "line": 94,
              "col": 17,
              "lit": "docs"
            }
          },
          {
            "key": {
              "type": 0,
              "file": 1,
              "line": 95,
              "col": 11,
              "lit": "path"
            },
            "value": {
              "type": 0,
              "file": 1,
              "line": 95,
              "col": 17,
              "lit": "./tools/docs/_build/dirhtml"
            }
          }
        ]
      },
      "condition": "success() && (startsWith(github.ref, 'refs/tags') && matrix.py_version == 3.9)",
      "id": "3fb31f81-1b1c-4db7-bda5-caa3aa500db2",
      "name": "__actions_upload-artifact_2"
    },
    {
      "type": "action",
      "reference": {
        "type": "repository",
        "name": "pypa/gh-action-pypi-publish",
        "ref": "release/v1.7",
        "repositoryType": "GitHub"
      },
      "displayNameToken": {
        "type": 0,
        "file": 1,
        "line": 97,
        "col": 15,
        "lit": "Publish to Test PyPI"
      },
      "contextName": "__pypa_gh-action-pypi-publish",
      "inputs": {
        "type": 2,
        "file": 1,
        "line": 100,
        "col": 11,
        "map": [
          {
            "key": {
              "type": 0,
              "file": 1,
              "line": 100,
              "col": 11,
              "lit": "password"
            },
            "value": {
              "type": 3,
              "file": 1,
              "line": 100,
              "col": 21,
              "expr": "secrets.TEST_PYPI_API_TOKEN"
            }
          },
          {
            "key": {
              "type": 0,
              "file": 1,
              "line": 101,
              "col": 11,
              "lit": "repository-url"
            },
            "value": {
              "type": 0,
              "file": 1,
              "line": 101,
              "col": 27,
              "lit": "https://test.pypi.org/legacy/"
            }
          },
          {
            "key": {
              "type": 0,
              "file": 1,
              "line": 102,
              "col": 11,
              "lit": "packages-dir"
            },
            "value": {
              "type": 0,
              "file": 1,
              "line": 102,
              "col": 25,
              "lit": "artifacts/"
            }
          },
          {
            "key": {
              "type": 0,
              "file": 1,
              "line": 103,
              "col": 11,
              "lit": "skip-existing"
            },
            "value": {
              "type": 0,
              "file": 1,
              "line": 103,
              "col": 26,
              "lit": "true"
            }
          }
        ]
      },
      "condition": "success()",
      "id": "e0acdb72-31d6-414a-abb7-2b27ba45e021",
      "name": "__pypa_gh-action-pypi-publish"
    },
    {
      "type": "action",
      "reference": {
        "type": "script"
      },
      "displayNameToken": {
        "type": 0,
        "file": 1,
        "line": 105,
        "col": 15,
        "lit": "Free Disk Space After Build"
      },
      "contextName": "__run_9",
      "inputs": {
        "type": 2,
        "map": [
          {
            "key": "script",
            "value": {
              "type": 0,
              "file": 1,
              "line": 106,
              "col": 14,
              "lit": "echo \"Disk space before post-build cleanup:\"\ndf -h\nsudo rm -rf /usr/local/.ghcup\nsudo rm -rf /opt/hostedtoolcache/CodeQL\nsudo rm -rf /usr/local/lib/android/sdk/ndk\nsudo rm -rf /usr/share/dotnet\nsudo rm -rf /opt/ghc\nsudo rm -rf /usr/local/share/boost\n\nsudo rm -rf \"$AGENT_TOOLSDIRECTORY\"\n\nsudo apt-get clean\necho \"Disk space after post-build cleanup:\"\ndf -h\n"
            }
          }
        ]
      },
      "condition": "success()",
      "id": "d00d2d80-9604-4795-a567-d083ec06e616",
      "name": "__run_9"
    }
  ],
  "variables": {
    "Actions.EnableHttpRedirects": {
      "value": "true"
    },
    "DistributedTask.AddWarningToNode12Action": {
      "value": "true"
    },
    "DistributedTask.AddWarningToNode16Action": {
      "value": "true"
    },
    "DistributedTask.AllowRunnerContainerHooks": {
      "value": "true"
    },
    "DistributedTask.DeprecateStepOutputCommands": {
      "value": "true"
    },
    "DistributedTask.DetailUntarFailure": {
      "value": "true"
    },
    "DistributedTask.EnableCompositeActions": {
      "value": "true"
    },
    "DistributedTask.EnableJobServerQueueTelemetry": {
      "value": "true"
    },
    "DistributedTask.EnhancedAnnotations": {
      "value": "true"
    },
    "DistributedTask.ForceGithubJavascriptActionsToNode16": {
      "value": "true"
    },
    "DistributedTask.ForceGithubJavascriptActionsToNode20": {
      "value": "true"
    },
    "DistributedTask.LogTemplateErrorsAsDebugMessages": {
      "value": "true"
    },
    "DistributedTask.MarkJobAsFailedOnWorkerCrash": {
      "value": "true"
    },
    "DistributedTask.NewActionMetadata": {
      "value": "true"
    },
    "DistributedTask.UploadStepSummary": {
      "value": "true"
    },
    "DistributedTask.UseActionArchiveCache": {
      "value": "true"
    },
    "DistributedTask.UseWhich2": {
      "value": "true"
    },
    "RunService.FixEmbeddedIssues": {
      "value": "true"
    },
    "TEST_PYPI_API_TOKEN": {
      "value": "***",
      "isSecret": true
    },
    "actions_skip_retry_complete_job_upon_known_errors": {
      "value": "false"
    },
    "actions_uses_cache_service_v2": {
      "value": "true"
    },
    "github_token": {
      "value": "***",
      "isSecret": true
    },
    "system.from_run_service": {
      "value": "true"
    },
    "system.github.job": {
      "value": "build"
    },
    "system.github.launch_endpoint": {
      "value": "https://launch.actions.githubusercontent.com"
    },
    "system.github.results_endpoint": {
      "value": "https://results-receiver.actions.githubusercontent.com/"
    },
    "system.github.results_upload_with_sdk": {
      "value": "true"
    },
    "system.github.token": {
      "value": "***",
      "isSecret": true
    },
    "system.github.token.permissions": {
      "value": "{\"Actions\":\"write\",\"Attestations\":\"write\",\"Checks\":\"write\",\"Contents\":\"write\",\"Deployments\":\"write\",\"Discussions\":\"write\",\"Issues\":\"write\",\"Metadata\":\"read\",\"Models\":\"read\",\"Packages\":\"write\",\"Pages\":\"write\",\"PullRequests\":\"write\",\"RepositoryProjects\":\"write\",\"SecurityEvents\":\"write\",\"Statuses\":\"write\"}"
    },
    "system.orchestrationId": {
      "value": "5b2cb858-9d8b-4489-a424-71acb1f501b7.build._3_8"
    },
    "system.phaseDisplayName": {
      "value": "Build package (3.8)"
    },
    "system.runner.lowdiskspacethreshold": {
      "value": "100"
    },
    "system.runnerEnvironment": {
      "value": "self-hosted"
    }
  },
  "messageType": "RunnerJobRequest",
  "plan": {
    "scopeIdentifier": "00000000-0000-0000-0000-000000000000",
    "planType": "actions",
    "version": 0,
    "planId": "5b2cb858-9d8b-4489-a424-71acb1f501b7",
    "planGroup": null,
    "artifactUri": null,
    "artifactLocation": null,
    "definition": null,
    "owner": null
  },
  "timeline": {
    "id": "5b2cb858-9d8b-4489-a424-71acb1f501b7",
    "changeId": 0,
    "location": null
  },
  "jobId": "a22b22c7-e90c-5d5f-9e20-307c2549ce9f",
  "jobDisplayName": "Build package (3.8)",
  "jobName": "_3_8",
  "jobContainer": {
    "type": 2,
    "file": 1,
    "line": 22,
    "col": 7,
    "map": [
      {
        "key": {
          "type": 0,
          "file": 1,
          "line": 22,
          "col": 7,
          "lit": "image"
        },
        "value": {
          "type": 0,
          "file": 1,
          "line": 22,
          "col": 14,
          "lit": "ghcr.io/mrphys/tensorflow-manylinux:1.14.0"
        }
      }
    ]
  },
  "requestId": 0,
  "lockedUntil": "0001-01-01T00:00:00",
  "resources": {
    "endpoints": [
      {
        "data": {
          "ServerId": "",
          "ServerName": "",
          "CacheServerUrl": "https://acghubeus2.actions.githubusercontent.com/vt3bImj3043IXjYZVOBEgt9xtkc1LUzoh1ehrojRmktneQJqoL/",
          "FeedStreamUrl": "wss://results-receiver.actions.githubusercontent.com/_ws/ingest.sock",
          "ResultsServiceUrl": "https://results-receiver.actions.githubusercontent.com/",
          "PipelinesServiceUrl": "https://pipelinesghubeus25.actions.githubusercontent.com/vt3bImj3043IXjYZVOBEgt9xtkc1LUzoh1ehrojRmktneQJqoL/",
          "GenerateIdTokenUrl": ""
        },
        "name": "SystemVssConnection",
        "url": "https://run-actions-1-azure-eastus.actions.githubusercontent.com/12/",
        "authorization": {
          "parameters": {
            "AccessToken": "***"
          },
          "scheme": "OAuth"
        },
        "isShared": false,
        "isReady": true
      }
    ]
  },
  "contextData": {
    "github": {
      "t": 2,
      "d": [
        {
          "k": "ref",
          "v": "refs/heads/master"
        },
        {
          "k": "sha",
          "v": "7530b5d1c9bce2354ccc566ed4613c0ea50e631d"
        },
        {
          "k": "repository",
          "v": "mrphys/tensorflow-mri"
        },
        {
          "k": "repository_owner",
          "v": "mrphys"
        },
        {
          "k": "repository_owner_id",
          "v": "53480519"
        },
        {
          "k": "repositoryUrl",
          "v": "git://github.com/mrphys/tensorflow-mri.git"
        },
        {
          "k": "run_id",
          "v": "13948067883"
        },
        {
          "k": "run_number",
          "v": "220"
        },
        {
          "k": "retention_days",
          "v": "90"
        },
        {
          "k": "run_attempt",
          "v": "2"
        },
        {
          "k": "artifact_cache_size_limit",
          "v": "10"
        },
        {
          "k": "repository_visibility",
          "v": "public"
        },
        {
          "k": "actor_id",
          "v": "53479871"
        },
        {
          "k": "actor",
          "v": "jennifersteeden"
        },
        {
          "k": "workflow",
          "v": "build"
        },
        {
          "k": "head_ref",
          "v": ""
        },
        {
          "k": "base_ref",
          "v": ""
        },
        {
          "k": "event_name",
          "v": "push"
        },
        {
          "k": "server_url",
          "v": "https://github.com"
        },
        {
          "k": "api_url",
          "v": "https://api.github.com"
        },
        {
          "k": "graphql_url",
          "v": "https://api.github.com/graphql"
        },
        {
          "k": "ref_name",
          "v": "master"
        },
        {
          "k": "ref_protected",
          "v": true
        },
        {
          "k": "ref_type",
          "v": "branch"
        },
        {
          "k": "secret_source",
          "v": "Actions"
        },
        {
          "k": "event",
          "v": {
            "t": 2,
            "d": [
              {
                "k": "after",
                "v": "7530b5d1c9bce2354ccc566ed4613c0ea50e631d"
              },
              {
                "k": "base_ref",
                "v": null
              },
              {
                "k": "before",
                "v": "5c27b3d425c145bf762976e86aa1597acb6c1438"
              },
              {
                "k": "commits",
                "v": {
                  "t": 1,
                  "a": [
                    {
                      "t": 2,
                      "d": [
                        {
                          "k": "author",
                          "v": {
                            "t": 2,
                            "d": [
                              {
                                "k": "email",
                                "v": "jennifer.steeden@ucl.ac.uk"
                              },
                              {
                                "k": "name",
                                "v": "jennifersteeden"
                              },
                              {
                                "k": "username",
                                "v": "jennifersteeden"
                              }
                            ]
                          }
                        },
                        {
                          "k": "committer",
                          "v": {
                            "t": 2,
                            "d": [
                              {
                                "k": "email",
                                "v": "jennifer.steeden@ucl.ac.uk"
                              },
                              {
                                "k": "name",
                                "v": "jennifersteeden"
                              },
                              {
                                "k": "username",
                                "v": "jennifersteeden"
                              }
                            ]
                          }
                        },
                        {
                          "k": "distinct",
                          "v": true
                        },
                        {
                          "k": "id",
                          "v": "7530b5d1c9bce2354ccc566ed4613c0ea50e631d"
                        },
                        {
                          "k": "message",
                          "v": "test for cwd"
                        },
                        {
                          "k": "timestamp",
                          "v": "2025-03-19T13:43:59Z"
                        },
                        {
                          "k": "tree_id",
                          "v": "45a7cedf3804cf8d2cd7b8aff4f711b7ca0be096"
                        },
                        {
                          "k": "url",
                          "v": "https://github.com/mrphys/tensorflow-mri/commit/7530b5d1c9bce2354ccc566ed4613c0ea50e631d"
                        }
                      ]
                    }
                  ]
                }
              },
              {
                "k": "compare",
                "v": "https://github.com/mrphys/tensorflow-mri/compare/5c27b3d425c1...7530b5d1c9bc"
              },
              {
                "k": "created",
                "v": false
              },
              {
                "k": "deleted",
                "v": false
              },
              {
                "k": "forced",
                "v": false
              },
              {
                "k": "head_commit",
                "v": {
                  "t": 2,
                  "d": [
                    {
                      "k": "author",
                      "v": {
                        "t": 2,
                        "d": [
                          {
                            "k": "email",
                            "v": "jennifer.steeden@ucl.ac.uk"
                          },
                          {
                            "k": "name",
                            "v": "jennifersteeden"
                          },
                          {
                            "k": "username",
                            "v": "jennifersteeden"
                          }
                        ]
                      }
                    },
                    {
                      "k": "committer",
                      "v": {
                        "t": 2,
                        "d": [
                          {
                            "k": "email",
                            "v": "jennifer.steeden@ucl.ac.uk"
                          },
                          {
                            "k": "name",
                            "v": "jennifersteeden"
                          },
                          {
                            "k": "username",
                            "v": "jennifersteeden"
                          }
                        ]
                      }
                    },
                    {
                      "k": "distinct",
                      "v": true
                    },
                    {
                      "k": "id",
                      "v": "7530b5d1c9bce2354ccc566ed4613c0ea50e631d"
                    },
                    {
                      "k": "message",
                      "v": "test for cwd"
                    },
                    {
                      "k": "timestamp",
                      "v": "2025-03-19T13:43:59Z"
                    },
                    {
                      "k": "tree_id",
                      "v": "45a7cedf3804cf8d2cd7b8aff4f711b7ca0be096"
                    },
                    {
                      "k": "url",
                      "v": "https://github.com/mrphys/tensorflow-mri/commit/7530b5d1c9bce2354ccc566ed4613c0ea50e631d"
                    }
                  ]
                }
              },
              {
                "k": "organization",
                "v": {
                  "t": 2,
                  "d": [
                    {
                      "k": "avatar_url",
                      "v": "https://avatars.githubusercontent.com/u/53480519?v=4"
                    },
                    {
                      "k": "description",
                      "v": ""
                    },
                    {
                      "k": "events_url",
                      "v": "https://api.github.com/orgs/mrphys/events"
                    },
                    {
                      "k": "hooks_url",
                      "v": "https://api.github.com/orgs/mrphys/hooks"
                    },
                    {
                      "k": "id",
                      "v": 53480519.0
                    },
                    {
                      "k": "issues_url",
                      "v": "https://api.github.com/orgs/mrphys/issues"
                    },
                    {
                      "k": "login",
                      "v": "mrphys"
                    },
                    {
                      "k": "members_url",
                      "v": "https://api.github.com/orgs/mrphys/members{/member}"
                    },
                    {
                      "k": "node_id",
                      "v": "MDEyOk9yZ2FuaXphdGlvbjUzNDgwNTE5"
                    },
                    {
                      "k": "public_members_url",
                      "v": "https://api.github.com/orgs/mrphys/public_members{/member}"
                    },
                    {
                      "k": "repos_url",
                      "v": "https://api.github.com/orgs/mrphys/repos"
                    },
                    {
                      "k": "url",
                      "v": "https://api.github.com/orgs/mrphys"
                    }
                  ]
                }
              },
              {
                "k": "pusher",
                "v": {
                  "t": 2,
                  "d": [
                    {
                      "k": "email",
                      "v": "53479871+jennifersteeden@users.noreply.github.com"
                    },
                    {
                      "k": "name",
                      "v": "jennifersteeden"
                    }
                  ]
                }
              },
              {
                "k": "ref",
                "v": "refs/heads/master"
              },
              {
                "k": "repository",
                "v": {
                  "t": 2,
                  "d": [
                    {
                      "k": "allow_forking",
                      "v": true
                    },
                    {
                      "k": "archive_url",
                      "v": "https://api.github.com/repos/mrphys/tensorflow-mri/{archive_format}{/ref}"
                    },
                    {
                      "k": "archived",
                      "v": false
                    },
                    {
                      "k": "assignees_url",
                      "v": "https://api.github.com/repos/mrphys/tensorflow-mri/assignees{/user}"
                    },
                    {
                      "k": "blobs_url",
                      "v": "https://api.github.com/repos/mrphys/tensorflow-mri/git/blobs{/sha}"
                    },
                    {
                      "k": "branches_url",
                      "v": "https://api.github.com/repos/mrphys/tensorflow-mri/branches{/branch}"
                    },
                    {
                      "k": "clone_url",
                      "v": "https://github.com/mrphys/tensorflow-mri.git"
                    },
                    {
                      "k": "collaborators_url",
                      "v": "https://api.github.com/repos/mrphys/tensorflow-mri/collaborators{/collaborator}"
                    },
                    {
                      "k": "comments_url",
                      "v": "https://api.github.com/repos/mrphys/tensorflow-mri/comments{/number}"
                    },
                    {
                      "k": "commits_url",
                      "v": "https://api.github.com/repos/mrphys/tensorflow-mri/commits{/sha}"
                    },
                    {
                      "k": "compare_url",
                      "v": "https://api.github.com/repos/mrphys/tensorflow-mri/compare/{base}...{head}"
                    },
                    {
                      "k": "contents_url",
                      "v": "https://api.github.com/repos/mrphys/tensorflow-mri/contents/{+path}"
                    },
                    {
                      "k": "contributors_url",
                      "v": "https://api.github.com/repos/mrphys/tensorflow-mri/contributors"
                    },
                    {
                      "k": "created_at",
                      "v": 1626866930.0
                    },
                    {
                      "k": "custom_properties",
                      "v": {
                        "t": 2
                      }
                    },
                    {
                      "k": "default_branch",
                      "v": "master"
                    },
                    {
                      "k": "deployments_url",
                      "v": "https://api.github.com/repos/mrphys/tensorflow-mri/deployments"
                    },
                    {
                      "k": "description",
                      "v": "A Library of TensorFlow Operators for Computational MRI"
                    },
                    {
                      "k": "disabled",
                      "v": false
                    },
                    {
                      "k": "downloads_url",
                      "v": "https://api.github.com/repos/mrphys/tensorflow-mri/downloads"
                    },
                    {
                      "k": "events_url",
                      "v": "https://api.github.com/repos/mrphys/tensorflow-mri/events"
                    },
                    {
                      "k": "fork",
                      "v": false
                    },
                    {
                      "k": "forks",
                      "v": 3.0
                    },
                    {
                      "k": "forks_count",
                      "v": 3.0
                    },
                    {
                      "k": "forks_url",
                      "v": "https://api.github.com/repos/mrphys/tensorflow-mri/forks"
                    },
                    {
                      "k": "full_name",
                      "v": "mrphys/tensorflow-mri"
                    },
                    {
                      "k": "git_commits_url",
                      "v": "https://api.github.com/repos/mrphys/tensorflow-mri/git/commits{/sha}"
                    },
                    {
                      "k": "git_refs_url",
                      "v": "https://api.github.com/repos/mrphys/tensorflow-mri/git/refs{/sha}"
                    },
                    {
                      "k": "git_tags_url",
                      "v": "https://api.github.com/repos/mrphys/tensorflow-mri/git/tags{/sha}"
                    },
                    {
                      "k": "git_url",
                      "v": "git://github.com/mrphys/tensorflow-mri.git"
                    },
                    {
                      "k": "has_discussions",
                      "v": false
                    },
                    {
                      "k": "has_downloads",
                      "v": true
                    },
                    {
                      "k": "has_issues",
                      "v": true
                    },
                    {
                      "k": "has_pages",
                      "v": true
                    },
                    {
                      "k": "has_projects",
                      "v": true
                    },
                    {
                      "k": "has_wiki",
                      "v": true
                    },
                    {
                      "k": "homepage",
                      "v": "https://mrphys.github.io/tensorflow-mri/"
                    },
                    {
                      "k": "hooks_url",
                      "v": "https://api.github.com/repos/mrphys/tensorflow-mri/hooks"
                    },
                    {
                      "k": "html_url",
                      "v": "https://github.com/mrphys/tensorflow-mri"
                    },
                    {
                      "k": "id",
                      "v": 388094708.0
                    },
                    {
                      "k": "is_template",
                      "v": false
                    },
                    {
                      "k": "issue_comment_url",
                      "v": "https://api.github.com/repos/mrphys/tensorflow-mri/issues/comments{/number}"
                    },
                    {
                      "k": "issue_events_url",
                      "v": "https://api.github.com/repos/mrphys/tensorflow-mri/issues/events{/number}"
                    },
                    {
                      "k": "issues_url",
                      "v": "https://api.github.com/repos/mrphys/tensorflow-mri/issues{/number}"
                    },
                    {
                      "k": "keys_url",
                      "v": "https://api.github.com/repos/mrphys/tensorflow-mri/keys{/key_id}"
                    },
                    {
                      "k": "labels_url",
                      "v": "https://api.github.com/repos/mrphys/tensorflow-mri/labels{/name}"
                    },
                    {
                      "k": "language",
                      "v": "Jupyter Notebook"
                    },
                    {
                      "k": "languages_url",
                      "v": "https://api.github.com/repos/mrphys/tensorflow-mri/languages"
                    },
                    {
                      "k": "license",
                      "v": {
                        "t": 2,
                        "d": [
                          {
                            "k": "key",
                            "v": "apache-2.0"
                          },
                          {
                            "k": "name",
                            "v": "Apache License 2.0"
                          },
                          {
                            "k": "node_id",
                            "v": "MDc6TGljZW5zZTI="
                          },
                          {
                            "k": "spdx_id",
                            "v": "Apache-2.0"
                          },
                          {
                            "k": "url",
                            "v": "https://api.github.com/licenses/apache-2.0"
                          }
                        ]
                      }
                    },
                    {
                      "k": "master_branch",
                      "v": "master"
                    },
                    {
                      "k": "merges_url",
                      "v": "https://api.github.com/repos/mrphys/tensorflow-mri/merges"
                    },
                    {
                      "k": "milestones_url",
                      "v": "https://api.github.com/repos/mrphys/tensorflow-mri/milestones{/number}"
                    },
                    {
                      "k": "mirror_url",
                      "v": null
                    },
                    {
                      "k": "name",
                      "v": "tensorflow-mri"
                    },
                    {
                      "k": "node_id",
                      "v": "MDEwOlJlcG9zaXRvcnkzODgwOTQ3MDg="
                    },
                    {
                      "k": "notifications_url",
                      "v": "https://api.github.com/repos/mrphys/tensorflow-mri/notifications{?since,all,participating}"
                    },
                    {
                      "k": "open_issues",
                      "v": 8.0
                    },
                    {
                      "k": "open_issues_count",
                      "v": 8.0
                    },
                    {
                      "k": "organization",
                      "v": "mrphys"
                    },
                    {
                      "k": "owner",
                      "v": {
                        "t": 2,
                        "d": [
                          {
                            "k": "avatar_url",
                            "v": "https://avatars.githubusercontent.com/u/53480519?v=4"
                          },
                          {
                            "k": "email",
                            "v": null
                          },
                          {
                            "k": "events_url",
                            "v": "https://api.github.com/users/mrphys/events{/privacy}"
                          },
                          {
                            "k": "followers_url",
                            "v": "https://api.github.com/users/mrphys/followers"
                          },
                          {
                            "k": "following_url",
                            "v": "https://api.github.com/users/mrphys/following{/other_user}"
                          },
                          {
                            "k": "gists_url",
                            "v": "https://api.github.com/users/mrphys/gists{/gist_id}"
                          },
                          {
                            "k": "gravatar_id",
                            "v": ""
                          },
                          {
                            "k": "html_url",
                            "v": "https://github.com/mrphys"
                          },
                          {
                            "k": "id",
                            "v": 53480519.0
                          },
                          {
                            "k": "login",
                            "v": "mrphys"
                          },
                          {
                            "k": "name",
                            "v": "mrphys"
                          },
                          {
                            "k": "node_id",
                            "v": "MDEyOk9yZ2FuaXphdGlvbjUzNDgwNTE5"
                          },
                          {
                            "k": "organizations_url",
                            "v": "https://api.github.com/users/mrphys/orgs"
                          },
                          {
                            "k": "received_events_url",
                            "v": "https://api.github.com/users/mrphys/received_events"
                          },
                          {
                            "k": "repos_url",
                            "v": "https://api.github.com/users/mrphys/repos"
                          },
                          {
                            "k": "site_admin",
                            "v": false
                          },
                          {
                            "k": "starred_url",
                            "v": "https://api.github.com/users/mrphys/starred{/owner}{/repo}"
                          },
                          {
                            "k": "subscriptions_url",
                            "v": "https://api.github.com/users/mrphys/subscriptions"
                          },
                          {
                            "k": "type",
                            "v": "Organization"
                          },
                          {
                            "k": "url",
                            "v": "https://api.github.com/users/mrphys"
                          },
                          {
                            "k": "user_view_type",
                            "v": "public"
                          }
                        ]
                      }
                    },
                    {
                      "k": "private",
                      "v": false
                    },
                    {
                      "k": "pulls_url",
                      "v": "https://api.github.com/repos/mrphys/tensorflow-mri/pulls{/number}"
                    },
                    {
                      "k": "pushed_at",
                      "v": 1742391846.0
                    },
                    {
                      "k": "releases_url",
                      "v": "https://api.github.com/repos/mrphys/tensorflow-mri/releases{/id}"
                    },
                    {
                      "k": "size",
                      "v": 199091.0
                    },
                    {
                      "k": "ssh_url",
                      "v": "git@github.com:mrphys/tensorflow-mri.git"
                    },
                    {
                      "k": "stargazers",
                      "v": 40.0
                    },
                    {
                      "k": "stargazers_count",
                      "v": 40.0
                    },
                    {
                      "k": "stargazers_url",
                      "v": "https://api.github.com/repos/mrphys/tensorflow-mri/stargazers"
                    },
                    {
                      "k": "statuses_url",
                      "v": "https://api.github.com/repos/mrphys/tensorflow-mri/statuses/{sha}"
                    },
                    {
                      "k": "subscribers_url",
                      "v": "https://api.github.com/repos/mrphys/tensorflow-mri/subscribers"
                    },
                    {
                      "k": "subscription_url",
                      "v": "https://api.github.com/repos/mrphys/tensorflow-mri/subscription"
                    },
                    {
                      "k": "svn_url",
                      "v": "https://github.com/mrphys/tensorflow-mri"
                    },
                    {
                      "k": "tags_url",
                      "v": "https://api.github.com/repos/mrphys/tensorflow-mri/tags"
                    },
                    {
                      "k": "teams_url",
                      "v": "https://api.github.com/repos/mrphys/tensorflow-mri/teams"
                    },
                    {
                      "k": "topics",
                      "v": {
                        "t": 1,
                        "a": [
                          "machine-learning",
                          "magnetic-resonance-imaging",
                          "ml",
                          "mri",
                          "python",
                          "tensorflow"
                        ]
                      }
                    },
                    {
                      "k": "trees_url",
                      "v": "https://api.github.com/repos/mrphys/tensorflow-mri/git/trees{/sha}"
                    },
                    {
                      "k": "updated_at",
                      "v": "2025-03-13T22:04:53Z"
                    },
                    {
                      "k": "url",
                      "v": "https://github.com/mrphys/tensorflow-mri"
                    },
                    {
                      "k": "visibility",
                      "v": "public"
                    },
                    {
                      "k": "watchers",
                      "v": 40.0
                    },
                    {
                      "k": "watchers_count",
                      "v": 40.0
                    },
                    {
                      "k": "web_commit_signoff_required",
                      "v": false
                    }
                  ]
                }
              },
              {
                "k": "sender",
                "v": {
                  "t": 2,
                  "d": [
                    {
                      "k": "avatar_url",
                      "v": "https://avatars.githubusercontent.com/u/53479871?v=4"
                    },
                    {
                      "k": "events_url",
                      "v": "https://api.github.com/users/jennifersteeden/events{/privacy}"
                    },
                    {
                      "k": "followers_url",
                      "v": "https://api.github.com/users/jennifersteeden/followers"
                    },
                    {
                      "k": "following_url",
                      "v": "https://api.github.com/users/jennifersteeden/following{/other_user}"
                    },
                    {
                      "k": "gists_url",
                      "v": "https://api.github.com/users/jennifersteeden/gists{/gist_id}"
                    },
                    {
                      "k": "gravatar_id",
                      "v": ""
                    },
                    {
                      "k": "html_url",
                      "v": "https://github.com/jennifersteeden"
                    },
                    {
                      "k": "id",
                      "v": 53479871.0
                    },
                    {
                      "k": "login",
                      "v": "jennifersteeden"
                    },
                    {
                      "k": "node_id",
                      "v": "MDQ6VXNlcjUzNDc5ODcx"
                    },
                    {
                      "k": "organizations_url",
                      "v": "https://api.github.com/users/jennifersteeden/orgs"
                    },
                    {
                      "k": "received_events_url",
                      "v": "https://api.github.com/users/jennifersteeden/received_events"
                    },
                    {
                      "k": "repos_url",
                      "v": "https://api.github.com/users/jennifersteeden/repos"
                    },
                    {
                      "k": "site_admin",
                      "v": false
                    },
                    {
                      "k": "starred_url",
                      "v": "https://api.github.com/users/jennifersteeden/starred{/owner}{/repo}"
                    },
                    {
                      "k": "subscriptions_url",
                      "v": "https://api.github.com/users/jennifersteeden/subscriptions"
                    },
                    {
                      "k": "type",
                      "v": "User"
                    },
                    {
                      "k": "url",
                      "v": "https://api.github.com/users/jennifersteeden"
                    },
                    {
                      "k": "user_view_type",
                      "v": "public"
                    }
                  ]
                }
              }
            ]
          }
        },
        {
          "k": "workflow_ref",
          "v": "mrphys/tensorflow-mri/.github/workflows/build-package.yml@refs/heads/master"
        },
        {
          "k": "workflow_sha",
          "v": "7530b5d1c9bce2354ccc566ed4613c0ea50e631d"
        },
        {
          "k": "repository_id",
          "v": "388094708"
        },
        {
          "k": "triggering_actor",
          "v": "jennifersteeden"
        }
      ]
    },
    "inputs": {
      "t": 2
    },
    "matrix": {
      "t": 2,
      "d": [
        {
          "k": "py_version",
          "v": "3.8"
        }
      ]
    },
    "needs": {
      "t": 2
    },
    "strategy": {
      "t": 2,
      "d": [
        {
          "k": "fail-fast",
          "v": true
        },
        {
          "k": "job-index",
          "v": 0.0
        },
        {
          "k": "job-total",
          "v": 3.0
        },
        {
          "k": "max-parallel",
          "v": 3.0
        }
      ]
    },
    "vars": {
      "t": 2
    }
  }
}
[2025-03-19 13:48:46Z INFO JobRunner] Job ID a22b22c7-e90c-5d5f-9e20-307c2549ce9f
[2025-03-19 13:48:46Z INFO ConfigurationStore] currentAssemblyLocation: /home/jenny/tensorflow-mri/actions-runner/bin/Runner.Worker.dll
[2025-03-19 13:48:46Z INFO HostContext] Well known directory 'Bin': '/home/jenny/tensorflow-mri/actions-runner/bin'
[2025-03-19 13:48:46Z INFO ConfigurationStore] binPath: /home/jenny/tensorflow-mri/actions-runner/bin
[2025-03-19 13:48:46Z INFO HostContext] Well known directory 'Bin': '/home/jenny/tensorflow-mri/actions-runner/bin'
[2025-03-19 13:48:46Z INFO HostContext] Well known directory 'Root': '/home/jenny/tensorflow-mri/actions-runner'
[2025-03-19 13:48:46Z INFO ConfigurationStore] RootFolder: /home/jenny/tensorflow-mri/actions-runner
[2025-03-19 13:48:46Z INFO HostContext] Well known directory 'Bin': '/home/jenny/tensorflow-mri/actions-runner/bin'
[2025-03-19 13:48:46Z INFO HostContext] Well known directory 'Root': '/home/jenny/tensorflow-mri/actions-runner'
[2025-03-19 13:48:46Z INFO HostContext] Well known config file 'Runner': '/home/jenny/tensorflow-mri/actions-runner/.runner'
[2025-03-19 13:48:46Z INFO ConfigurationStore] ConfigFilePath: /home/jenny/tensorflow-mri/actions-runner/.runner
[2025-03-19 13:48:46Z INFO HostContext] Well known directory 'Bin': '/home/jenny/tensorflow-mri/actions-runner/bin'
[2025-03-19 13:48:46Z INFO HostContext] Well known directory 'Root': '/home/jenny/tensorflow-mri/actions-runner'
[2025-03-19 13:48:46Z INFO HostContext] Well known config file 'Credentials': '/home/jenny/tensorflow-mri/actions-runner/.credentials'
[2025-03-19 13:48:46Z INFO ConfigurationStore] CredFilePath: /home/jenny/tensorflow-mri/actions-runner/.credentials
[2025-03-19 13:48:46Z INFO HostContext] Well known directory 'Bin': '/home/jenny/tensorflow-mri/actions-runner/bin'
[2025-03-19 13:48:46Z INFO HostContext] Well known directory 'Root': '/home/jenny/tensorflow-mri/actions-runner'
[2025-03-19 13:48:46Z INFO HostContext] Well known config file 'MigratedCredentials': '/home/jenny/tensorflow-mri/actions-runner/.credentials_migrated'
[2025-03-19 13:48:46Z INFO ConfigurationStore] MigratedCredFilePath: /home/jenny/tensorflow-mri/actions-runner/.credentials_migrated
[2025-03-19 13:48:46Z INFO HostContext] Well known directory 'Bin': '/home/jenny/tensorflow-mri/actions-runner/bin'
[2025-03-19 13:48:46Z INFO HostContext] Well known directory 'Root': '/home/jenny/tensorflow-mri/actions-runner'
[2025-03-19 13:48:46Z INFO HostContext] Well known config file 'Service': '/home/jenny/tensorflow-mri/actions-runner/.service'
[2025-03-19 13:48:46Z INFO ConfigurationStore] ServiceConfigFilePath: /home/jenny/tensorflow-mri/actions-runner/.service
[2025-03-19 13:48:46Z INFO ConfigurationStore] Read setting file: 294 chars
[2025-03-19 13:48:46Z INFO JobRunner] Initializing launch client
[2025-03-19 13:48:46Z INFO JobServerQueue] Initializing results client
[2025-03-19 13:48:46Z INFO ResultServer] Creating websocket client ...wss://results-receiver.actions.githubusercontent.com/_ws/ingest.sock
[2025-03-19 13:48:46Z INFO ResultServer] Attempting to start websocket client with delay 00:00:00.
[2025-03-19 13:48:46Z INFO JobServerQueue] Start process web console line queue.
[2025-03-19 13:48:46Z INFO JobServerQueue] Start process file upload queue.
[2025-03-19 13:48:46Z INFO JobServerQueue] Start results file upload queue.
[2025-03-19 13:48:46Z INFO JobServerQueue] Starting results-based upload queue...
[2025-03-19 13:48:46Z INFO JobServerQueue] Start process timeline update queue.
[2025-03-19 13:48:46Z INFO ExecutionContext] Initialize GitHub context
[2025-03-19 13:48:46Z INFO ExecutionContext] Initialize Env context
[2025-03-19 13:48:46Z INFO HostContext] Well known directory 'Bin': '/home/jenny/tensorflow-mri/actions-runner/bin'
[2025-03-19 13:48:46Z INFO HostContext] Well known directory 'Root': '/home/jenny/tensorflow-mri/actions-runner'
[2025-03-19 13:48:46Z INFO HostContext] Well known directory 'Diag': '/home/jenny/tensorflow-mri/actions-runner/_diag'
[2025-03-19 13:48:46Z INFO HostContext] Well known directory 'Bin': '/home/jenny/tensorflow-mri/actions-runner/bin'
[2025-03-19 13:48:46Z INFO HostContext] Well known directory 'Root': '/home/jenny/tensorflow-mri/actions-runner'
[2025-03-19 13:48:46Z INFO HostContext] Well known directory 'Diag': '/home/jenny/tensorflow-mri/actions-runner/_diag'
[2025-03-19 13:48:46Z INFO JobRunner] Starting the job execution context.
[2025-03-19 13:48:46Z INFO HostContext] Well known directory 'Bin': '/home/jenny/tensorflow-mri/actions-runner/bin'
[2025-03-19 13:48:46Z INFO HostContext] Well known directory 'Root': '/home/jenny/tensorflow-mri/actions-runner'
[2025-03-19 13:48:46Z INFO HostContext] Well known directory 'Work': '/home/jenny/tensorflow-mri/actions-runner/_work'
[2025-03-19 13:48:46Z INFO JobRunner] Validating directory permissions for: '/home/jenny/tensorflow-mri/actions-runner/_work'
[2025-03-19 13:48:46Z INFO HostContext] Well known directory 'Bin': '/home/jenny/tensorflow-mri/actions-runner/bin'
[2025-03-19 13:48:46Z INFO HostContext] Well known directory 'Root': '/home/jenny/tensorflow-mri/actions-runner'
[2025-03-19 13:48:46Z INFO HostContext] Well known directory 'Work': '/home/jenny/tensorflow-mri/actions-runner/_work'
[2025-03-19 13:48:46Z INFO HostContext] Well known directory 'Tools': '/home/jenny/tensorflow-mri/actions-runner/_work/_tool'
[2025-03-19 13:48:46Z INFO HostContext] Well known directory 'Bin': '/home/jenny/tensorflow-mri/actions-runner/bin'
[2025-03-19 13:48:46Z INFO HostContext] Well known directory 'Root': '/home/jenny/tensorflow-mri/actions-runner'
[2025-03-19 13:48:46Z INFO HostContext] Well known directory 'Work': '/home/jenny/tensorflow-mri/actions-runner/_work'
[2025-03-19 13:48:46Z INFO HostContext] Well known directory 'Temp': '/home/jenny/tensorflow-mri/actions-runner/_work/_temp'
[2025-03-19 13:48:46Z ERR  TempDirectoryManager] System.IO.IOException: Access to the path '/home/jenny/tensorflow-mri/actions-runner/_work/_temp/_github_home/.config/matplotlib' is denied.
   at System.IO.FileSystem.RemoveEmptyDirectory(String fullPath, Boolean topLevel, Boolean throwWhenNotEmpty)
   at System.IO.DirectoryInfo.Delete()
   at GitHub.Runner.Sdk.IOUtil.DeleteDirectory(String path, Boolean contentsOnly, Boolean continueOnContentDeleteError, CancellationToken cancellationToken)
   at GitHub.Runner.Worker.TempDirectoryManager.InitializeTempDirectory(IExecutionContext jobContext)
[2025-03-19 13:48:46Z INFO JobRunner] Getting job extension.
[2025-03-19 13:48:46Z INFO JobRunner] Initialize job. Getting all job steps.
[2025-03-19 13:48:46Z INFO HostContext] Well known directory 'Bin': '/home/jenny/tensorflow-mri/actions-runner/bin'
[2025-03-19 13:48:46Z INFO HostContext] Well known directory 'Root': '/home/jenny/tensorflow-mri/actions-runner'
[2025-03-19 13:48:46Z INFO HostContext] Well known directory 'Diag': '/home/jenny/tensorflow-mri/actions-runner/_diag'
[2025-03-19 13:48:46Z INFO HostContext] Well known directory 'Bin': '/home/jenny/tensorflow-mri/actions-runner/bin'
[2025-03-19 13:48:46Z INFO HostContext] Well known directory 'Root': '/home/jenny/tensorflow-mri/actions-runner'
[2025-03-19 13:48:46Z INFO HostContext] Well known directory 'Diag': '/home/jenny/tensorflow-mri/actions-runner/_diag'
[2025-03-19 13:48:46Z INFO HostContext] Well known directory 'Bin': '/home/jenny/tensorflow-mri/actions-runner/bin'
[2025-03-19 13:48:46Z INFO HostContext] Well known directory 'Root': '/home/jenny/tensorflow-mri/actions-runner'
[2025-03-19 13:48:46Z INFO HostContext] Well known config file 'Credentials': '/home/jenny/tensorflow-mri/actions-runner/.credentials'
[2025-03-19 13:48:46Z INFO HostContext] Well known directory 'Bin': '/home/jenny/tensorflow-mri/actions-runner/bin'
[2025-03-19 13:48:46Z INFO HostContext] Well known directory 'Root': '/home/jenny/tensorflow-mri/actions-runner'
[2025-03-19 13:48:46Z INFO HostContext] Well known config file 'SetupInfo': '/home/jenny/tensorflow-mri/actions-runner/.setup_info'
[2025-03-19 13:48:46Z INFO HostContext] Well known directory 'Bin': '/home/jenny/tensorflow-mri/actions-runner/bin'
[2025-03-19 13:48:46Z INFO HostContext] Well known directory 'Root': '/home/jenny/tensorflow-mri/actions-runner'
[2025-03-19 13:48:46Z INFO HostContext] Well known directory 'Work': '/home/jenny/tensorflow-mri/actions-runner/_work'
[2025-03-19 13:48:46Z INFO PipelineDirectoryManager] Loading tracking config if exists: /home/jenny/tensorflow-mri/actions-runner/_work/_PipelineMapping/mrphys/tensorflow-mri/PipelineFolder.json
[2025-03-19 13:48:46Z INFO PipelineDirectoryManager] Updating job run properties.
[2025-03-19 13:48:46Z INFO HostContext] Well known directory 'Bin': '/home/jenny/tensorflow-mri/actions-runner/bin'
[2025-03-19 13:48:46Z INFO HostContext] Well known directory 'Root': '/home/jenny/tensorflow-mri/actions-runner'
[2025-03-19 13:48:46Z INFO HostContext] Well known directory 'Work': '/home/jenny/tensorflow-mri/actions-runner/_work'
[2025-03-19 13:48:46Z INFO HostContext] Well known directory 'Bin': '/home/jenny/tensorflow-mri/actions-runner/bin'
[2025-03-19 13:48:46Z INFO HostContext] Well known directory 'Root': '/home/jenny/tensorflow-mri/actions-runner'
[2025-03-19 13:48:46Z INFO HostContext] Well known directory 'Work': '/home/jenny/tensorflow-mri/actions-runner/_work'
[2025-03-19 13:48:46Z INFO HostContext] Well known directory 'Bin': '/home/jenny/tensorflow-mri/actions-runner/bin'
[2025-03-19 13:48:46Z INFO HostContext] Well known directory 'Root': '/home/jenny/tensorflow-mri/actions-runner'
[2025-03-19 13:48:46Z INFO HostContext] Well known directory 'Work': '/home/jenny/tensorflow-mri/actions-runner/_work'
[2025-03-19 13:48:46Z INFO HostContext] Well known directory 'Bin': '/home/jenny/tensorflow-mri/actions-runner/bin'
[2025-03-19 13:48:46Z INFO HostContext] Well known directory 'Root': '/home/jenny/tensorflow-mri/actions-runner'
[2025-03-19 13:48:46Z INFO HostContext] Well known directory 'Work': '/home/jenny/tensorflow-mri/actions-runner/_work'
[2025-03-19 13:48:46Z INFO HostContext] Well known directory 'Bin': '/home/jenny/tensorflow-mri/actions-runner/bin'
[2025-03-19 13:48:46Z INFO HostContext] Well known directory 'Root': '/home/jenny/tensorflow-mri/actions-runner'
[2025-03-19 13:48:46Z INFO HostContext] Well known directory 'Work': '/home/jenny/tensorflow-mri/actions-runner/_work'
[2025-03-19 13:48:46Z INFO HostContext] Well known directory 'Tools': '/home/jenny/tensorflow-mri/actions-runner/_work/_tool'
[2025-03-19 13:48:46Z INFO HostContext] Well known directory 'Bin': '/home/jenny/tensorflow-mri/actions-runner/bin'
[2025-03-19 13:48:46Z INFO HostContext] Well known directory 'Root': '/home/jenny/tensorflow-mri/actions-runner'
[2025-03-19 13:48:46Z INFO HostContext] Well known directory 'Externals': '/home/jenny/tensorflow-mri/actions-runner/externals'
[2025-03-19 13:48:46Z INFO JobExtension] Downloading actions
[2025-03-19 13:48:46Z INFO HostContext] Well known directory 'Bin': '/home/jenny/tensorflow-mri/actions-runner/bin'
[2025-03-19 13:48:46Z INFO HostContext] Well known directory 'Root': '/home/jenny/tensorflow-mri/actions-runner'
[2025-03-19 13:48:46Z INFO HostContext] Well known directory 'Work': '/home/jenny/tensorflow-mri/actions-runner/_work'
[2025-03-19 13:48:46Z INFO HostContext] Well known directory 'Actions': '/home/jenny/tensorflow-mri/actions-runner/_work/_actions'
[2025-03-19 13:48:46Z INFO Worker] Listening for cancel message from the channel.
[2025-03-19 13:48:46Z INFO Worker] Waiting for the job to complete or for a cancel message from the channel.
[2025-03-19 13:48:46Z INFO ResultServer] Successfully started websocket client.
[2025-03-19 13:48:46Z INFO JobServerQueue] Try to append 1 batches web console lines for record 'f0b6d90c-cf62-413e-8925-859fffc91577', success rate: 1/1.
[2025-03-19 13:48:46Z INFO HostContext] Well known directory 'Bin': '/home/jenny/tensorflow-mri/actions-runner/bin'
[2025-03-19 13:48:46Z INFO HostContext] Well known directory 'Root': '/home/jenny/tensorflow-mri/actions-runner'
[2025-03-19 13:48:46Z INFO HostContext] Well known directory 'Work': '/home/jenny/tensorflow-mri/actions-runner/_work'
[2025-03-19 13:48:46Z INFO HostContext] Well known directory 'Actions': '/home/jenny/tensorflow-mri/actions-runner/_work/_actions'
[2025-03-19 13:48:46Z INFO HostContext] Well known directory 'Bin': '/home/jenny/tensorflow-mri/actions-runner/bin'
[2025-03-19 13:48:46Z INFO HostContext] Well known directory 'Root': '/home/jenny/tensorflow-mri/actions-runner'
[2025-03-19 13:48:46Z INFO HostContext] Well known directory 'Work': '/home/jenny/tensorflow-mri/actions-runner/_work'
[2025-03-19 13:48:46Z INFO HostContext] Well known directory 'Actions': '/home/jenny/tensorflow-mri/actions-runner/_work/_actions'
[2025-03-19 13:48:46Z INFO ActionManager] Save archive 'https://api.github.com/repos/actions/checkout/tarball/11bd71901bbe5b1630ceea73d27597364c9af683' into /home/jenny/tensorflow-mri/actions-runner/_work/_actions/_temp_05d63684-4002-4775-84af-1b836d63794f/2d3dd0ee-dbbc-4e78-a899-39423a2678fc.tar.gz.
[2025-03-19 13:48:46Z INFO JobServerQueue] Try to append 1 batches web console lines for record 'f0b6d90c-cf62-413e-8925-859fffc91577', success rate: 1/1.
[2025-03-19 13:48:46Z INFO JobServerQueue] Job timeline record has been updated for the first time.
[2025-03-19 13:48:47Z INFO ActionManager] Request URL: https://api.github.com/repos/actions/checkout/tarball/11bd71901bbe5b1630ceea73d27597364c9af683 X-GitHub-Request-Id: A454:917D:45C5:F177:67DACB3E Http Status: OK
[2025-03-19 13:48:47Z INFO ActionManager] Which2: 'tar'
[2025-03-19 13:48:47Z INFO ActionManager] Location: '/usr/bin/tar'
[2025-03-19 13:48:47Z INFO ProcessInvokerWrapper] Starting process:
[2025-03-19 13:48:47Z INFO ProcessInvokerWrapper]   File name: '/usr/bin/tar'
[2025-03-19 13:48:47Z INFO ProcessInvokerWrapper]   Arguments: '-xzf "/home/jenny/tensorflow-mri/actions-runner/_work/_actions/_temp_05d63684-4002-4775-84af-1b836d63794f/2d3dd0ee-dbbc-4e78-a899-39423a2678fc.tar.gz"'
[2025-03-19 13:48:47Z INFO ProcessInvokerWrapper]   Working directory: '/home/jenny/tensorflow-mri/actions-runner/_work/_actions/_temp_05d63684-4002-4775-84af-1b836d63794f/_staging'
[2025-03-19 13:48:47Z INFO ProcessInvokerWrapper]   Require exit code zero: 'False'
[2025-03-19 13:48:47Z INFO ProcessInvokerWrapper]   Encoding web name:  ; code page: ''
[2025-03-19 13:48:47Z INFO ProcessInvokerWrapper]   Force kill process on cancellation: 'False'
[2025-03-19 13:48:47Z INFO ProcessInvokerWrapper]   Redirected STDIN: 'False'
[2025-03-19 13:48:47Z INFO ProcessInvokerWrapper]   Persist current code page: 'False'
[2025-03-19 13:48:47Z INFO ProcessInvokerWrapper]   Keep redirected STDIN open: 'False'
[2025-03-19 13:48:47Z INFO ProcessInvokerWrapper]   High priority process: 'False'
[2025-03-19 13:48:47Z INFO ProcessInvokerWrapper] Updated oom_score_adj to 500 for PID: 1911230.
[2025-03-19 13:48:47Z INFO ProcessInvokerWrapper] Process started with process id 1911230, waiting for process exit.
[2025-03-19 13:48:47Z INFO ProcessInvokerWrapper] STDOUT/STDERR stream read finished.
[2025-03-19 13:48:47Z INFO ProcessInvokerWrapper] STDOUT/STDERR stream read finished.
[2025-03-19 13:48:47Z INFO ProcessInvokerWrapper] Finished process 1911230 with exit code 0, and elapsed time 00:00:00.0124021.
[2025-03-19 13:48:47Z INFO ActionManager] Finished getting action repository.
[2025-03-19 13:48:47Z INFO HostContext] Well known directory 'Bin': '/home/jenny/tensorflow-mri/actions-runner/bin'
[2025-03-19 13:48:47Z INFO HostContext] Well known directory 'Root': '/home/jenny/tensorflow-mri/actions-runner'
[2025-03-19 13:48:47Z INFO HostContext] Well known directory 'Work': '/home/jenny/tensorflow-mri/actions-runner/_work'
[2025-03-19 13:48:47Z INFO HostContext] Well known directory 'Actions': '/home/jenny/tensorflow-mri/actions-runner/_work/_actions'
[2025-03-19 13:48:47Z INFO HostContext] Well known directory 'Bin': '/home/jenny/tensorflow-mri/actions-runner/bin'
[2025-03-19 13:48:47Z INFO HostContext] Well known directory 'Root': '/home/jenny/tensorflow-mri/actions-runner'
[2025-03-19 13:48:47Z INFO HostContext] Well known directory 'Work': '/home/jenny/tensorflow-mri/actions-runner/_work'
[2025-03-19 13:48:47Z INFO HostContext] Well known directory 'Actions': '/home/jenny/tensorflow-mri/actions-runner/_work/_actions'
[2025-03-19 13:48:47Z INFO ActionManager] Save archive 'https://api.github.com/repos/actions/upload-artifact/tarball/4cec3d8aa04e39d1a68397de0c4cd6fb9dce8ec1' into /home/jenny/tensorflow-mri/actions-runner/_work/_actions/_temp_8d322342-4b94-4d19-af54-49d37585742b/22542e92-28ce-430a-8563-8b0783cd1cb9.tar.gz.
[2025-03-19 13:48:47Z INFO JobServerQueue] Try to append 1 batches web console lines for record 'f0b6d90c-cf62-413e-8925-859fffc91577', success rate: 1/1.
[2025-03-19 13:48:47Z INFO ActionManager] Request URL: https://api.github.com/repos/actions/upload-artifact/tarball/4cec3d8aa04e39d1a68397de0c4cd6fb9dce8ec1 X-GitHub-Request-Id: A460:35F23:4E41:F9F7:67DACB3F Http Status: OK
[2025-03-19 13:48:47Z INFO ActionManager] Which2: 'tar'
[2025-03-19 13:48:47Z INFO ActionManager] Location: '/usr/bin/tar'
[2025-03-19 13:48:47Z INFO ProcessInvokerWrapper] Starting process:
[2025-03-19 13:48:47Z INFO ProcessInvokerWrapper]   File name: '/usr/bin/tar'
[2025-03-19 13:48:47Z INFO ProcessInvokerWrapper]   Arguments: '-xzf "/home/jenny/tensorflow-mri/actions-runner/_work/_actions/_temp_8d322342-4b94-4d19-af54-49d37585742b/22542e92-28ce-430a-8563-8b0783cd1cb9.tar.gz"'
[2025-03-19 13:48:47Z INFO ProcessInvokerWrapper]   Working directory: '/home/jenny/tensorflow-mri/actions-runner/_work/_actions/_temp_8d322342-4b94-4d19-af54-49d37585742b/_staging'
[2025-03-19 13:48:47Z INFO ProcessInvokerWrapper]   Require exit code zero: 'False'
[2025-03-19 13:48:47Z INFO ProcessInvokerWrapper]   Encoding web name:  ; code page: ''
[2025-03-19 13:48:47Z INFO ProcessInvokerWrapper]   Force kill process on cancellation: 'False'
[2025-03-19 13:48:47Z INFO ProcessInvokerWrapper]   Redirected STDIN: 'False'
[2025-03-19 13:48:47Z INFO ProcessInvokerWrapper]   Persist current code page: 'False'
[2025-03-19 13:48:47Z INFO ProcessInvokerWrapper]   Keep redirected STDIN open: 'False'
[2025-03-19 13:48:47Z INFO ProcessInvokerWrapper]   High priority process: 'False'
[2025-03-19 13:48:47Z INFO ProcessInvokerWrapper] Updated oom_score_adj to 500 for PID: 1911247.
[2025-03-19 13:48:47Z INFO ProcessInvokerWrapper] Process started with process id 1911247, waiting for process exit.
[2025-03-19 13:48:47Z INFO ProcessInvokerWrapper] STDOUT/STDERR stream read finished.
[2025-03-19 13:48:47Z INFO ProcessInvokerWrapper] STDOUT/STDERR stream read finished.
[2025-03-19 13:48:47Z INFO ProcessInvokerWrapper] Finished process 1911247 with exit code 0, and elapsed time 00:00:00.0477410.
[2025-03-19 13:48:47Z INFO ActionManager] Finished getting action repository.
[2025-03-19 13:48:47Z INFO HostContext] Well known directory 'Bin': '/home/jenny/tensorflow-mri/actions-runner/bin'
[2025-03-19 13:48:47Z INFO HostContext] Well known directory 'Root': '/home/jenny/tensorflow-mri/actions-runner'
[2025-03-19 13:48:47Z INFO HostContext] Well known directory 'Work': '/home/jenny/tensorflow-mri/actions-runner/_work'
[2025-03-19 13:48:47Z INFO HostContext] Well known directory 'Actions': '/home/jenny/tensorflow-mri/actions-runner/_work/_actions'
[2025-03-19 13:48:47Z INFO HostContext] Well known directory 'Bin': '/home/jenny/tensorflow-mri/actions-runner/bin'
[2025-03-19 13:48:47Z INFO HostContext] Well known directory 'Root': '/home/jenny/tensorflow-mri/actions-runner'
[2025-03-19 13:48:47Z INFO HostContext] Well known directory 'Work': '/home/jenny/tensorflow-mri/actions-runner/_work'
[2025-03-19 13:48:47Z INFO HostContext] Well known directory 'Actions': '/home/jenny/tensorflow-mri/actions-runner/_work/_actions'
[2025-03-19 13:48:47Z INFO HostContext] Well known directory 'Bin': '/home/jenny/tensorflow-mri/actions-runner/bin'
[2025-03-19 13:48:47Z INFO HostContext] Well known directory 'Root': '/home/jenny/tensorflow-mri/actions-runner'
[2025-03-19 13:48:47Z INFO HostContext] Well known directory 'Work': '/home/jenny/tensorflow-mri/actions-runner/_work'
[2025-03-19 13:48:47Z INFO HostContext] Well known directory 'Actions': '/home/jenny/tensorflow-mri/actions-runner/_work/_actions'
[2025-03-19 13:48:47Z INFO ActionManager] Save archive 'https://api.github.com/repos/pypa/gh-action-pypi-publish/tarball/22b4d1f12511f2696162c08546dafbaa903448a2' into /home/jenny/tensorflow-mri/actions-runner/_work/_actions/_temp_73ef4a73-6062-495c-b2cf-730e74369efd/a05cd963-6fad-4f1d-a027-2a0695b5e1b9.tar.gz.
[2025-03-19 13:48:47Z INFO JobServerQueue] Try to append 1 batches web console lines for record 'f0b6d90c-cf62-413e-8925-859fffc91577', success rate: 1/1.
[2025-03-19 13:48:47Z INFO ActionManager] Request URL: https://api.github.com/repos/pypa/gh-action-pypi-publish/tarball/22b4d1f12511f2696162c08546dafbaa903448a2 X-GitHub-Request-Id: A46E:131C56:4466:F01F:67DACB3F Http Status: OK
[2025-03-19 13:48:47Z INFO ActionManager] Which2: 'tar'
[2025-03-19 13:48:47Z INFO ActionManager] Location: '/usr/bin/tar'
[2025-03-19 13:48:47Z INFO ProcessInvokerWrapper] Starting process:
[2025-03-19 13:48:47Z INFO ProcessInvokerWrapper]   File name: '/usr/bin/tar'
[2025-03-19 13:48:47Z INFO ProcessInvokerWrapper]   Arguments: '-xzf "/home/jenny/tensorflow-mri/actions-runner/_work/_actions/_temp_73ef4a73-6062-495c-b2cf-730e74369efd/a05cd963-6fad-4f1d-a027-2a0695b5e1b9.tar.gz"'
[2025-03-19 13:48:47Z INFO ProcessInvokerWrapper]   Working directory: '/home/jenny/tensorflow-mri/actions-runner/_work/_actions/_temp_73ef4a73-6062-495c-b2cf-730e74369efd/_staging'
[2025-03-19 13:48:47Z INFO ProcessInvokerWrapper]   Require exit code zero: 'False'
[2025-03-19 13:48:47Z INFO ProcessInvokerWrapper]   Encoding web name:  ; code page: ''
[2025-03-19 13:48:47Z INFO ProcessInvokerWrapper]   Force kill process on cancellation: 'False'
[2025-03-19 13:48:47Z INFO ProcessInvokerWrapper]   Redirected STDIN: 'False'
[2025-03-19 13:48:47Z INFO ProcessInvokerWrapper]   Persist current code page: 'False'
[2025-03-19 13:48:47Z INFO ProcessInvokerWrapper]   Keep redirected STDIN open: 'False'
[2025-03-19 13:48:47Z INFO ProcessInvokerWrapper]   High priority process: 'False'
[2025-03-19 13:48:47Z INFO ProcessInvokerWrapper] Updated oom_score_adj to 500 for PID: 1911256.
[2025-03-19 13:48:47Z INFO ProcessInvokerWrapper] Process started with process id 1911256, waiting for process exit.
[2025-03-19 13:48:47Z INFO ProcessInvokerWrapper] STDOUT/STDERR stream read finished.
[2025-03-19 13:48:47Z INFO ProcessInvokerWrapper] STDOUT/STDERR stream read finished.
[2025-03-19 13:48:47Z INFO ProcessInvokerWrapper] Finished process 1911256 with exit code 0, and elapsed time 00:00:00.0029782.
[2025-03-19 13:48:47Z INFO ActionManager] Finished getting action repository.
[2025-03-19 13:48:47Z INFO HostContext] Well known directory 'Bin': '/home/jenny/tensorflow-mri/actions-runner/bin'
[2025-03-19 13:48:47Z INFO HostContext] Well known directory 'Root': '/home/jenny/tensorflow-mri/actions-runner'
[2025-03-19 13:48:47Z INFO HostContext] Well known directory 'Work': '/home/jenny/tensorflow-mri/actions-runner/_work'
[2025-03-19 13:48:47Z INFO HostContext] Well known directory 'Actions': '/home/jenny/tensorflow-mri/actions-runner/_work/_actions'
[2025-03-19 13:48:47Z INFO ActionManifestManager] Load schema file with definitions: [
  "null",
  "boolean",
  "number",
  "string",
  "sequence",
  "mapping",
  "any",
  "action-root",
  "inputs",
  "input",
  "outputs",
  "output-definition",
  "runs",
  "container-runs",
  "container-runs-args",
  "container-runs-env",
  "node-runs",
  "plugin-runs",
  "composite-runs",
  "composite-steps",
  "composite-step",
  "run-step",
  "uses-step",
  "container-runs-context",
  "output-value",
  "input-default-context",
  "non-empty-string",
  "string-steps-context",
  "boolean-steps-context",
  "step-env",
  "step-if",
  "step-with"
]
[2025-03-19 13:48:47Z INFO HostContext] Well known directory 'Bin': '/home/jenny/tensorflow-mri/actions-runner/bin'
[2025-03-19 13:48:47Z INFO HostContext] Well known directory 'Root': '/home/jenny/tensorflow-mri/actions-runner'
[2025-03-19 13:48:47Z INFO HostContext] Well known directory 'Work': '/home/jenny/tensorflow-mri/actions-runner/_work'
[2025-03-19 13:48:47Z INFO HostContext] Well known directory 'Actions': '/home/jenny/tensorflow-mri/actions-runner/_work/_actions'
[2025-03-19 13:48:47Z INFO ActionManifestManager] Loaded action.yml file: {
  "name": "Checkout",
  "description": "Checkout a Git repository at a particular version",
  "inputs": {
    "type": 2,
    "map": [
      {
        "key": {
          "type": 0,
          "file": 2,
          "line": 4,
          "col": 3,
          "lit": "repository"
        },
        "value": {
          "type": 3,
          "file": 2,
          "line": 6,
          "col": 14,
          "expr": "github.repository"
        }
      },
      {
        "key": {
          "type": 0,
          "file": 2,
          "line": 7,
          "col": 3,
          "lit": "ref"
        },
        "value": ""
      },
      {
        "key": {
          "type": 0,
          "file": 2,
          "line": 12,
          "col": 3,
          "lit": "token"
        },
        "value": {
          "type": 3,
          "file": 2,
          "line": 24,
          "col": 14,
          "expr": "github.token"
        }
      },
      {
        "key": {
          "type": 0,
          "file": 2,
          "line": 25,
          "col": 3,
          "lit": "ssh-key"
        },
        "value": ""
      },
      {
        "key": {
          "type": 0,
          "file": 2,
          "line": 37,
          "col": 3,
          "lit": "ssh-known-hosts"
        },
        "value": ""
      },
      {
        "key": {
          "type": 0,
          "file": 2,
          "line": 42,
          "col": 3,
          "lit": "ssh-strict"
        },
        "value": {
          "type": 0,
          "file": 2,
          "line": 47,
          "col": 14,
          "lit": "true"
        }
      },
      {
        "key": {
          "type": 0,
          "file": 2,
          "line": 48,
          "col": 3,
          "lit": "ssh-user"
        },
        "value": {
          "type": 0,
          "file": 2,
          "line": 51,
          "col": 14,
          "lit": "git"
        }
      },
      {
        "key": {
          "type": 0,
          "file": 2,
          "line": 52,
          "col": 3,
          "lit": "persist-credentials"
        },
        "value": {
          "type": 0,
          "file": 2,
          "line": 54,
          "col": 14,
          "lit": "true"
        }
      },
      {
        "key": {
          "type": 0,
          "file": 2,
          "line": 55,
          "col": 3,
          "lit": "path"
        },
        "value": ""
      },
      {
        "key": {
          "type": 0,
          "file": 2,
          "line": 57,
          "col": 3,
          "lit": "clean"
        },
        "value": {
          "type": 0,
          "file": 2,
          "line": 59,
          "col": 14,
          "lit": "true"
        }
      },
      {
        "key": {
          "type": 0,
          "file": 2,
          "line": 60,
          "col": 3,
          "lit": "filter"
        },
        "value": {
          "type": 0,
          "file": 2,
          "line": 64,
          "col": 14,
          "lit": ""
        }
      },
      {
        "key": {
          "type": 0,
          "file": 2,
          "line": 65,
          "col": 3,
          "lit": "sparse-checkout"
        },
        "value": {
          "type": 0,
          "file": 2,
          "line": 69,
          "col": 14,
          "lit": ""
        }
      },
      {
        "key": {
          "type": 0,
          "file": 2,
          "line": 70,
          "col": 3,
          "lit": "sparse-checkout-cone-mode"
        },
        "value": {
          "type": 0,
          "file": 2,
          "line": 73,
          "col": 14,
          "lit": "true"
        }
      },
      {
        "key": {
          "type": 0,
          "file": 2,
          "line": 74,
          "col": 3,
          "lit": "fetch-depth"
        },
        "value": {
          "type": 0,
          "file": 2,
          "line": 76,
          "col": 14,
          "lit": "1"
        }
      },
      {
        "key": {
          "type": 0,
          "file": 2,
          "line": 77,
          "col": 3,
          "lit": "fetch-tags"
        },
        "value": {
          "type": 0,
          "file": 2,
          "line": 79,
          "col": 14,
          "lit": "false"
        }
      },
      {
        "key": {
          "type": 0,
          "file": 2,
          "line": 80,
          "col": 3,
          "lit": "show-progress"
        },
        "value": {
          "type": 0,
          "file": 2,
          "line": 82,
          "col": 14,
          "lit": "true"
        }
      },
      {
        "key": {
          "type": 0,
          "file": 2,
          "line": 83,
          "col": 3,
          "lit": "lfs"
        },
        "value": {
          "type": 0,
          "file": 2,
          "line": 85,
          "col": 14,
          "lit": "false"
        }
      },
      {
        "key": {
          "type": 0,
          "file": 2,
          "line": 86,
          "col": 3,
          "lit": "submodules"
        },
        "value": {
          "type": 0,
          "file": 2,
          "line": 94,
          "col": 14,
          "lit": "false"
        }
      },
      {
        "key": {
          "type": 0,
          "file": 2,
          "line": 95,
          "col": 3,
          "lit": "set-safe-directory"
        },
        "value": {
          "type": 0,
          "file": 2,
          "line": 97,
          "col": 14,
          "lit": "true"
        }
      },
      {
        "key": {
          "type": 0,
          "file": 2,
          "line": 98,
          "col": 3,
          "lit": "github-server-url"
        },
        "value": ""
      }
    ]
  },
  "execution": {
    "executionType": "nodeJS",
    "hasPre": false,
    "hasPost": true,
    "script": "dist/index.js",
    "pre": null,
    "post": "dist/index.js",
    "nodeVersion": "node20",
    "cleanupCondition": "always()",
    "initCondition": "always()"
  },
  "deprecated": null
}
[2025-03-19 13:48:47Z INFO ActionManager] Action node.js file: dist/index.js, no more preparation.
[2025-03-19 13:48:47Z INFO HostContext] Well known directory 'Bin': '/home/jenny/tensorflow-mri/actions-runner/bin'
[2025-03-19 13:48:47Z INFO HostContext] Well known directory 'Root': '/home/jenny/tensorflow-mri/actions-runner'
[2025-03-19 13:48:47Z INFO HostContext] Well known directory 'Work': '/home/jenny/tensorflow-mri/actions-runner/_work'
[2025-03-19 13:48:47Z INFO HostContext] Well known directory 'Actions': '/home/jenny/tensorflow-mri/actions-runner/_work/_actions'
[2025-03-19 13:48:47Z INFO ActionManager] Load action that reference repository from '/home/jenny/tensorflow-mri/actions-runner/_work/_actions/actions/checkout/v4'
[2025-03-19 13:48:47Z INFO HostContext] Well known directory 'Bin': '/home/jenny/tensorflow-mri/actions-runner/bin'
[2025-03-19 13:48:47Z INFO HostContext] Well known directory 'Root': '/home/jenny/tensorflow-mri/actions-runner'
[2025-03-19 13:48:47Z INFO HostContext] Well known directory 'Work': '/home/jenny/tensorflow-mri/actions-runner/_work'
[2025-03-19 13:48:47Z INFO HostContext] Well known directory 'Actions': '/home/jenny/tensorflow-mri/actions-runner/_work/_actions'
[2025-03-19 13:48:47Z INFO ActionManifestManager] Loaded action.yml file: {
  "name": "Checkout",
  "description": "Checkout a Git repository at a particular version",
  "inputs": {
    "type": 2,
    "map": [
      {
        "key": {
          "type": 0,
          "file": 2,
          "line": 4,
          "col": 3,
          "lit": "repository"
        },
        "value": {
          "type": 3,
          "file": 2,
          "line": 6,
          "col": 14,
          "expr": "github.repository"
        }
      },
      {
        "key": {
          "type": 0,
          "file": 2,
          "line": 7,
          "col": 3,
          "lit": "ref"
        },
        "value": ""
      },
      {
        "key": {
          "type": 0,
          "file": 2,
          "line": 12,
          "col": 3,
          "lit": "token"
        },
        "value": {
          "type": 3,
          "file": 2,
          "line": 24,
          "col": 14,
          "expr": "github.token"
        }
      },
      {
        "key": {
          "type": 0,
          "file": 2,
          "line": 25,
          "col": 3,
          "lit": "ssh-key"
        },
        "value": ""
      },
      {
        "key": {
          "type": 0,
          "file": 2,
          "line": 37,
          "col": 3,
          "lit": "ssh-known-hosts"
        },
        "value": ""
      },
      {
        "key": {
          "type": 0,
          "file": 2,
          "line": 42,
          "col": 3,
          "lit": "ssh-strict"
        },
        "value": {
          "type": 0,
          "file": 2,
          "line": 47,
          "col": 14,
          "lit": "true"
        }
      },
      {
        "key": {
          "type": 0,
          "file": 2,
          "line": 48,
          "col": 3,
          "lit": "ssh-user"
        },
        "value": {
          "type": 0,
          "file": 2,
          "line": 51,
          "col": 14,
          "lit": "git"
        }
      },
      {
        "key": {
          "type": 0,
          "file": 2,
          "line": 52,
          "col": 3,
          "lit": "persist-credentials"
        },
        "value": {
          "type": 0,
          "file": 2,
          "line": 54,
          "col": 14,
          "lit": "true"
        }
      },
      {
        "key": {
          "type": 0,
          "file": 2,
          "line": 55,
          "col": 3,
          "lit": "path"
        },
        "value": ""
      },
      {
        "key": {
          "type": 0,
          "file": 2,
          "line": 57,
          "col": 3,
          "lit": "clean"
        },
        "value": {
          "type": 0,
          "file": 2,
          "line": 59,
          "col": 14,
          "lit": "true"
        }
      },
      {
        "key": {
          "type": 0,
          "file": 2,
          "line": 60,
          "col": 3,
          "lit": "filter"
        },
        "value": {
          "type": 0,
          "file": 2,
          "line": 64,
          "col": 14,
          "lit": ""
        }
      },
      {
        "key": {
          "type": 0,
          "file": 2,
          "line": 65,
          "col": 3,
          "lit": "sparse-checkout"
        },
        "value": {
          "type": 0,
          "file": 2,
          "line": 69,
          "col": 14,
          "lit": ""
        }
      },
      {
        "key": {
          "type": 0,
          "file": 2,
          "line": 70,
          "col": 3,
          "lit": "sparse-checkout-cone-mode"
        },
        "value": {
          "type": 0,
          "file": 2,
          "line": 73,
          "col": 14,
          "lit": "true"
        }
      },
      {
        "key": {
          "type": 0,
          "file": 2,
          "line": 74,
          "col": 3,
          "lit": "fetch-depth"
        },
        "value": {
          "type": 0,
          "file": 2,
          "line": 76,
          "col": 14,
          "lit": "1"
        }
      },
      {
        "key": {
          "type": 0,
          "file": 2,
          "line": 77,
          "col": 3,
          "lit": "fetch-tags"
        },
        "value": {
          "type": 0,
          "file": 2,
          "line": 79,
          "col": 14,
          "lit": "false"
        }
      },
      {
        "key": {
          "type": 0,
          "file": 2,
          "line": 80,
          "col": 3,
          "lit": "show-progress"
        },
        "value": {
          "type": 0,
          "file": 2,
          "line": 82,
          "col": 14,
          "lit": "true"
        }
      },
      {
        "key": {
          "type": 0,
          "file": 2,
          "line": 83,
          "col": 3,
          "lit": "lfs"
        },
        "value": {
          "type": 0,
          "file": 2,
          "line": 85,
          "col": 14,
          "lit": "false"
        }
      },
      {
        "key": {
          "type": 0,
          "file": 2,
          "line": 86,
          "col": 3,
          "lit": "submodules"
        },
        "value": {
          "type": 0,
          "file": 2,
          "line": 94,
          "col": 14,
          "lit": "false"
        }
      },
      {
        "key": {
          "type": 0,
          "file": 2,
          "line": 95,
          "col": 3,
          "lit": "set-safe-directory"
        },
        "value": {
          "type": 0,
          "file": 2,
          "line": 97,
          "col": 14,
          "lit": "true"
        }
      },
      {
        "key": {
          "type": 0,
          "file": 2,
          "line": 98,
          "col": 3,
          "lit": "github-server-url"
        },
        "value": ""
      }
    ]
  },
  "execution": {
    "executionType": "nodeJS",
    "hasPre": false,
    "hasPost": true,
    "script": "dist/index.js",
    "pre": null,
    "post": "dist/index.js",
    "nodeVersion": "node20",
    "cleanupCondition": "always()",
    "initCondition": "always()"
  },
  "deprecated": null
}
[2025-03-19 13:48:47Z INFO ActionManager] Action pre node.js file: N/A.
[2025-03-19 13:48:47Z INFO ActionManager] Action node.js file: dist/index.js.
[2025-03-19 13:48:47Z INFO ActionManager] Action post node.js file: dist/index.js.
[2025-03-19 13:48:47Z INFO HostContext] Well known directory 'Bin': '/home/jenny/tensorflow-mri/actions-runner/bin'
[2025-03-19 13:48:47Z INFO HostContext] Well known directory 'Root': '/home/jenny/tensorflow-mri/actions-runner'
[2025-03-19 13:48:47Z INFO HostContext] Well known directory 'Work': '/home/jenny/tensorflow-mri/actions-runner/_work'
[2025-03-19 13:48:47Z INFO HostContext] Well known directory 'Actions': '/home/jenny/tensorflow-mri/actions-runner/_work/_actions'
[2025-03-19 13:48:47Z INFO HostContext] Well known directory 'Bin': '/home/jenny/tensorflow-mri/actions-runner/bin'
[2025-03-19 13:48:47Z INFO HostContext] Well known directory 'Root': '/home/jenny/tensorflow-mri/actions-runner'
[2025-03-19 13:48:47Z INFO HostContext] Well known directory 'Work': '/home/jenny/tensorflow-mri/actions-runner/_work'
[2025-03-19 13:48:47Z INFO HostContext] Well known directory 'Actions': '/home/jenny/tensorflow-mri/actions-runner/_work/_actions'
[2025-03-19 13:48:47Z INFO ActionManifestManager] Ignore action property author.
[2025-03-19 13:48:47Z INFO ActionManifestManager] Loaded action.yml file: {
  "name": "Upload a Build Artifact",
  "description": "Upload a build artifact that can be used by subsequent workflow steps",
  "inputs": {
    "type": 2,
    "map": [
      {
        "key": {
          "type": 0,
          "file": 3,
          "line": 5,
          "col": 3,
          "lit": "name"
        },
        "value": {
          "type": 0,
          "file": 3,
          "line": 7,
          "col": 14,
          "lit": "artifact"
        }
      },
      {
        "key": {
          "type": 0,
          "file": 3,
          "line": 8,
          "col": 3,
          "lit": "path"
        },
        "value": ""
      },
      {
        "key": {
          "type": 0,
          "file": 3,
          "line": 11,
          "col": 3,
          "lit": "if-no-files-found"
        },
        "value": {
          "type": 0,
          "file": 3,
          "line": 19,
          "col": 14,
          "lit": "warn"
        }
      },
      {
        "key": {
          "type": 0,
          "file": 3,
          "line": 20,
          "col": 3,
          "lit": "retention-days"
        },
        "value": ""
      },
      {
        "key": {
          "type": 0,
          "file": 3,
          "line": 26,
          "col": 3,
          "lit": "compression-level"
        },
        "value": {
          "type": 0,
          "file": 3,
          "line": 36,
          "col": 14,
          "lit": "6"
        }
      },
      {
        "key": {
          "type": 0,
          "file": 3,
          "line": 37,
          "col": 3,
          "lit": "overwrite"
        },
        "value": {
          "type": 0,
          "file": 3,
          "line": 42,
          "col": 14,
          "lit": "false"
        }
      },
      {
        "key": {
          "type": 0,
          "file": 3,
          "line": 43,
          "col": 3,
          "lit": "include-hidden-files"
        },
        "value": {
          "type": 0,
          "file": 3,
          "line": 47,
          "col": 14,
          "lit": "false"
        }
      }
    ]
  },
  "execution": {
    "executionType": "nodeJS",
    "hasPre": false,
    "hasPost": false,
    "script": "dist/upload/index.js",
    "pre": null,
    "post": null,
    "nodeVersion": "node20",
    "cleanupCondition": "always()",
    "initCondition": "always()"
  },
  "deprecated": null
}
[2025-03-19 13:48:47Z INFO ActionManager] Action node.js file: dist/upload/index.js, no more preparation.
[2025-03-19 13:48:47Z INFO HostContext] Well known directory 'Bin': '/home/jenny/tensorflow-mri/actions-runner/bin'
[2025-03-19 13:48:47Z INFO HostContext] Well known directory 'Root': '/home/jenny/tensorflow-mri/actions-runner'
[2025-03-19 13:48:47Z INFO HostContext] Well known directory 'Work': '/home/jenny/tensorflow-mri/actions-runner/_work'
[2025-03-19 13:48:47Z INFO HostContext] Well known directory 'Actions': '/home/jenny/tensorflow-mri/actions-runner/_work/_actions'
[2025-03-19 13:48:47Z INFO ActionManager] Load action that reference repository from '/home/jenny/tensorflow-mri/actions-runner/_work/_actions/actions/upload-artifact/v4'
[2025-03-19 13:48:47Z INFO HostContext] Well known directory 'Bin': '/home/jenny/tensorflow-mri/actions-runner/bin'
[2025-03-19 13:48:47Z INFO HostContext] Well known directory 'Root': '/home/jenny/tensorflow-mri/actions-runner'
[2025-03-19 13:48:47Z INFO HostContext] Well known directory 'Work': '/home/jenny/tensorflow-mri/actions-runner/_work'
[2025-03-19 13:48:47Z INFO HostContext] Well known directory 'Actions': '/home/jenny/tensorflow-mri/actions-runner/_work/_actions'
[2025-03-19 13:48:47Z INFO ActionManifestManager] Ignore action property author.
[2025-03-19 13:48:47Z INFO ActionManifestManager] Loaded action.yml file: {
  "name": "Upload a Build Artifact",
  "description": "Upload a build artifact that can be used by subsequent workflow steps",
  "inputs": {
    "type": 2,
    "map": [
      {
        "key": {
          "type": 0,
          "file": 3,
          "line": 5,
          "col": 3,
          "lit": "name"
        },
        "value": {
          "type": 0,
          "file": 3,
          "line": 7,
          "col": 14,
          "lit": "artifact"
        }
      },
      {
        "key": {
          "type": 0,
          "file": 3,
          "line": 8,
          "col": 3,
          "lit": "path"
        },
        "value": ""
      },
      {
        "key": {
          "type": 0,
          "file": 3,
          "line": 11,
          "col": 3,
          "lit": "if-no-files-found"
        },
        "value": {
          "type": 0,
          "file": 3,
          "line": 19,
          "col": 14,
          "lit": "warn"
        }
      },
      {
        "key": {
          "type": 0,
          "file": 3,
          "line": 20,
          "col": 3,
          "lit": "retention-days"
        },
        "value": ""
      },
      {
        "key": {
          "type": 0,
          "file": 3,
          "line": 26,
          "col": 3,
          "lit": "compression-level"
        },
        "value": {
          "type": 0,
          "file": 3,
          "line": 36,
          "col": 14,
          "lit": "6"
        }
      },
      {
        "key": {
          "type": 0,
          "file": 3,
          "line": 37,
          "col": 3,
          "lit": "overwrite"
        },
        "value": {
          "type": 0,
          "file": 3,
          "line": 42,
          "col": 14,
          "lit": "false"
        }
      },
      {
        "key": {
          "type": 0,
          "file": 3,
          "line": 43,
          "col": 3,
          "lit": "include-hidden-files"
        },
        "value": {
          "type": 0,
          "file": 3,
          "line": 47,
          "col": 14,
          "lit": "false"
        }
      }
    ]
  },
  "execution": {
    "executionType": "nodeJS",
    "hasPre": false,
    "hasPost": false,
    "script": "dist/upload/index.js",
    "pre": null,
    "post": null,
    "nodeVersion": "node20",
    "cleanupCondition": "always()",
    "initCondition": "always()"
  },
  "deprecated": null
}
[2025-03-19 13:48:47Z INFO ActionManager] Action pre node.js file: N/A.
[2025-03-19 13:48:47Z INFO ActionManager] Action node.js file: dist/upload/index.js.
[2025-03-19 13:48:47Z INFO ActionManager] Action post node.js file: N/A.
[2025-03-19 13:48:47Z INFO HostContext] Well known directory 'Bin': '/home/jenny/tensorflow-mri/actions-runner/bin'
[2025-03-19 13:48:47Z INFO HostContext] Well known directory 'Root': '/home/jenny/tensorflow-mri/actions-runner'
[2025-03-19 13:48:47Z INFO HostContext] Well known directory 'Work': '/home/jenny/tensorflow-mri/actions-runner/_work'
[2025-03-19 13:48:47Z INFO HostContext] Well known directory 'Actions': '/home/jenny/tensorflow-mri/actions-runner/_work/_actions'
[2025-03-19 13:48:47Z INFO HostContext] Well known directory 'Bin': '/home/jenny/tensorflow-mri/actions-runner/bin'
[2025-03-19 13:48:47Z INFO HostContext] Well known directory 'Root': '/home/jenny/tensorflow-mri/actions-runner'
[2025-03-19 13:48:47Z INFO HostContext] Well known directory 'Work': '/home/jenny/tensorflow-mri/actions-runner/_work'
[2025-03-19 13:48:47Z INFO HostContext] Well known directory 'Actions': '/home/jenny/tensorflow-mri/actions-runner/_work/_actions'
[2025-03-19 13:48:47Z INFO ActionManifestManager] Ignore action property author.
[2025-03-19 13:48:47Z INFO ActionManifestManager] Loaded action.yml file: {
  "name": "Upload a Build Artifact",
  "description": "Upload a build artifact that can be used by subsequent workflow steps",
  "inputs": {
    "type": 2,
    "map": [
      {
        "key": {
          "type": 0,
          "file": 3,
          "line": 5,
          "col": 3,
          "lit": "name"
        },
        "value": {
          "type": 0,
          "file": 3,
          "line": 7,
          "col": 14,
          "lit": "artifact"
        }
      },
      {
        "key": {
          "type": 0,
          "file": 3,
          "line": 8,
          "col": 3,
          "lit": "path"
        },
        "value": ""
      },
      {
        "key": {
          "type": 0,
          "file": 3,
          "line": 11,
          "col": 3,
          "lit": "if-no-files-found"
        },
        "value": {
          "type": 0,
          "file": 3,
          "line": 19,
          "col": 14,
          "lit": "warn"
        }
      },
      {
        "key": {
          "type": 0,
          "file": 3,
          "line": 20,
          "col": 3,
          "lit": "retention-days"
        },
        "value": ""
      },
      {
        "key": {
          "type": 0,
          "file": 3,
          "line": 26,
          "col": 3,
          "lit": "compression-level"
        },
        "value": {
          "type": 0,
          "file": 3,
          "line": 36,
          "col": 14,
          "lit": "6"
        }
      },
      {
        "key": {
          "type": 0,
          "file": 3,
          "line": 37,
          "col": 3,
          "lit": "overwrite"
        },
        "value": {
          "type": 0,
          "file": 3,
          "line": 42,
          "col": 14,
          "lit": "false"
        }
      },
      {
        "key": {
          "type": 0,
          "file": 3,
          "line": 43,
          "col": 3,
          "lit": "include-hidden-files"
        },
        "value": {
          "type": 0,
          "file": 3,
          "line": 47,
          "col": 14,
          "lit": "false"
        }
      }
    ]
  },
  "execution": {
    "executionType": "nodeJS",
    "hasPre": false,
    "hasPost": false,
    "script": "dist/upload/index.js",
    "pre": null,
    "post": null,
    "nodeVersion": "node20",
    "cleanupCondition": "always()",
    "initCondition": "always()"
  },
  "deprecated": null
}
[2025-03-19 13:48:47Z INFO ActionManager] Action node.js file: dist/upload/index.js, no more preparation.
[2025-03-19 13:48:47Z INFO HostContext] Well known directory 'Bin': '/home/jenny/tensorflow-mri/actions-runner/bin'
[2025-03-19 13:48:47Z INFO HostContext] Well known directory 'Root': '/home/jenny/tensorflow-mri/actions-runner'
[2025-03-19 13:48:47Z INFO HostContext] Well known directory 'Work': '/home/jenny/tensorflow-mri/actions-runner/_work'
[2025-03-19 13:48:47Z INFO HostContext] Well known directory 'Actions': '/home/jenny/tensorflow-mri/actions-runner/_work/_actions'
[2025-03-19 13:48:47Z INFO ActionManager] Load action that reference repository from '/home/jenny/tensorflow-mri/actions-runner/_work/_actions/actions/upload-artifact/v4'
[2025-03-19 13:48:47Z INFO HostContext] Well known directory 'Bin': '/home/jenny/tensorflow-mri/actions-runner/bin'
[2025-03-19 13:48:47Z INFO HostContext] Well known directory 'Root': '/home/jenny/tensorflow-mri/actions-runner'
[2025-03-19 13:48:47Z INFO HostContext] Well known directory 'Work': '/home/jenny/tensorflow-mri/actions-runner/_work'
[2025-03-19 13:48:47Z INFO HostContext] Well known directory 'Actions': '/home/jenny/tensorflow-mri/actions-runner/_work/_actions'
[2025-03-19 13:48:47Z INFO ActionManifestManager] Ignore action property author.
[2025-03-19 13:48:47Z INFO ActionManifestManager] Loaded action.yml file: {
  "name": "Upload a Build Artifact",
  "description": "Upload a build artifact that can be used by subsequent workflow steps",
  "inputs": {
    "type": 2,
    "map": [
      {
        "key": {
          "type": 0,
          "file": 3,
          "line": 5,
          "col": 3,
          "lit": "name"
        },
        "value": {
          "type": 0,
          "file": 3,
          "line": 7,
          "col": 14,
          "lit": "artifact"
        }
      },
      {
        "key": {
          "type": 0,
          "file": 3,
          "line": 8,
          "col": 3,
          "lit": "path"
        },
        "value": ""
      },
      {
        "key": {
          "type": 0,
          "file": 3,
          "line": 11,
          "col": 3,
          "lit": "if-no-files-found"
        },
        "value": {
          "type": 0,
          "file": 3,
          "line": 19,
          "col": 14,
          "lit": "warn"
        }
      },
      {
        "key": {
          "type": 0,
          "file": 3,
          "line": 20,
          "col": 3,
          "lit": "retention-days"
        },
        "value": ""
      },
      {
        "key": {
          "type": 0,
          "file": 3,
          "line": 26,
          "col": 3,
          "lit": "compression-level"
        },
        "value": {
          "type": 0,
          "file": 3,
          "line": 36,
          "col": 14,
          "lit": "6"
        }
      },
      {
        "key": {
          "type": 0,
          "file": 3,
          "line": 37,
          "col": 3,
          "lit": "overwrite"
        },
        "value": {
          "type": 0,
          "file": 3,
          "line": 42,
          "col": 14,
          "lit": "false"
        }
      },
      {
        "key": {
          "type": 0,
          "file": 3,
          "line": 43,
          "col": 3,
          "lit": "include-hidden-files"
        },
        "value": {
          "type": 0,
          "file": 3,
          "line": 47,
          "col": 14,
          "lit": "false"
        }
      }
    ]
  },
  "execution": {
    "executionType": "nodeJS",
    "hasPre": false,
    "hasPost": false,
    "script": "dist/upload/index.js",
    "pre": null,
    "post": null,
    "nodeVersion": "node20",
    "cleanupCondition": "always()",
    "initCondition": "always()"
  },
  "deprecated": null
}
[2025-03-19 13:48:47Z INFO ActionManager] Action pre node.js file: N/A.
[2025-03-19 13:48:47Z INFO ActionManager] Action node.js file: dist/upload/index.js.
[2025-03-19 13:48:47Z INFO ActionManager] Action post node.js file: N/A.
[2025-03-19 13:48:47Z INFO HostContext] Well known directory 'Bin': '/home/jenny/tensorflow-mri/actions-runner/bin'
[2025-03-19 13:48:47Z INFO HostContext] Well known directory 'Root': '/home/jenny/tensorflow-mri/actions-runner'
[2025-03-19 13:48:47Z INFO HostContext] Well known directory 'Work': '/home/jenny/tensorflow-mri/actions-runner/_work'
[2025-03-19 13:48:47Z INFO HostContext] Well known directory 'Actions': '/home/jenny/tensorflow-mri/actions-runner/_work/_actions'
[2025-03-19 13:48:47Z INFO HostContext] Well known directory 'Bin': '/home/jenny/tensorflow-mri/actions-runner/bin'
[2025-03-19 13:48:47Z INFO HostContext] Well known directory 'Root': '/home/jenny/tensorflow-mri/actions-runner'
[2025-03-19 13:48:47Z INFO HostContext] Well known directory 'Work': '/home/jenny/tensorflow-mri/actions-runner/_work'
[2025-03-19 13:48:47Z INFO HostContext] Well known directory 'Actions': '/home/jenny/tensorflow-mri/actions-runner/_work/_actions'
[2025-03-19 13:48:47Z INFO ActionManifestManager] Ignore action property branding.
[2025-03-19 13:48:47Z INFO ActionManifestManager] Loaded action.yml file: {
  "name": "pypi-publish",
  "description": "Upload Python distribution packages to PyPI",
  "inputs": {
    "type": 2,
    "map": [
      {
        "key": {
          "type": 0,
          "file": 4,
          "line": 5,
          "col": 3,
          "lit": "user"
        },
        "value": {
          "type": 0,
          "file": 4,
          "line": 8,
          "col": 14,
          "lit": "__token__"
        }
      },
      {
        "key": {
          "type": 0,
          "file": 4,
          "line": 9,
          "col": 3,
          "lit": "password"
        },
        "value": ""
      },
      {
        "key": {
          "type": 0,
          "file": 4,
          "line": 12,
          "col": 3,
          "lit": "repository-url"
        },
        "value": ""
      },
      {
        "key": {
          "type": 0,
          "file": 4,
          "line": 15,
          "col": 3,
          "lit": "repository_url"
        },
        "value": ""
      },
      {
        "key": {
          "type": 0,
          "file": 4,
          "line": 23,
          "col": 3,
          "lit": "packages-dir"
        },
        "value": ""
      },
      {
        "key": {
          "type": 0,
          "file": 4,
          "line": 27,
          "col": 3,
          "lit": "packages_dir"
        },
        "value": {
          "type": 0,
          "file": 4,
          "line": 35,
          "col": 14,
          "lit": "dist"
        }
      },
      {
        "key": {
          "type": 0,
          "file": 4,
          "line": 36,
          "col": 3,
          "lit": "verify-metadata"
        },
        "value": ""
      },
      {
        "key": {
          "type": 0,
          "file": 4,
          "line": 40,
          "col": 3,
          "lit": "verify_metadata"
        },
        "value": {
          "type": 0,
          "file": 4,
          "line": 48,
          "col": 14,
          "lit": "true"
        }
      },
      {
        "key": {
          "type": 0,
          "file": 4,
          "line": 49,
          "col": 3,
          "lit": "skip-existing"
        },
        "value": ""
      },
      {
        "key": {
          "type": 0,
          "file": 4,
          "line": 55,
          "col": 3,
          "lit": "skip_existing"
        },
        "value": {
          "type": 0,
          "file": 4,
          "line": 64,
          "col": 14,
          "lit": "false"
        }
      },
      {
        "key": {
          "type": 0,
          "file": 4,
          "line": 65,
          "col": 3,
          "lit": "verbose"
        },
        "value": {
          "type": 0,
          "file": 4,
          "line": 68,
          "col": 14,
          "lit": "false"
        }
      },
      {
        "key": {
          "type": 0,
          "file": 4,
          "line": 69,
          "col": 3,
          "lit": "print-hash"
        },
        "value": ""
      },
      {
        "key": {
          "type": 0,
          "file": 4,
          "line": 73,
          "col": 3,
          "lit": "print_hash"
        },
        "value": {
          "type": 0,
          "file": 4,
          "line": 81,
          "col": 14,
          "lit": "false"
        }
      }
    ]
  },
  "execution": {
    "executionType": "container",
    "hasPre": false,
    "hasPost": false,
    "image": "Dockerfile",
    "entryPoint": null,
    "arguments": {
      "type": 1,
      "file": 4,
      "line": 89,
      "col": 3,
      "seq": [
        {
          "type": 3,
          "file": 4,
          "line": 89,
          "col": 5,
          "expr": "inputs.user"
        },
        {
          "type": 3,
          "file": 4,
          "line": 90,
          "col": 5,
          "expr": "inputs.password"
        },
        {
          "type": 3,
          "file": 4,
          "line": 91,
          "col": 5,
          "expr": "inputs.repository-url"
        },
        {
          "type": 3,
          "file": 4,
          "line": 92,
          "col": 5,
          "expr": "inputs.packages-dir"
        },
        {
          "type": 3,
          "file": 4,
          "line": 93,
          "col": 5,
          "expr": "inputs.verify-metadata"
        },
        {
          "type": 3,
          "file": 4,
          "line": 94,
          "col": 5,
          "expr": "inputs.skip-existing"
        },
        {
          "type": 3,
          "file": 4,
          "line": 95,
          "col": 5,
          "expr": "inputs.verbose"
        },
        {
          "type": 3,
          "file": 4,
          "line": 96,
          "col": 5,
          "expr": "inputs.print-hash"
        }
      ]
    },
    "environment": null,
    "pre": null,
    "post": null,
    "cleanupCondition": "always()",
    "initCondition": "always()"
  },
  "deprecated": {
    "repository_url": "The inputs have been normalized to use kebab-case. Use `repository-url` instead.",
    "packages_dir": "The inputs have been normalized to use kebab-case. Use `packages-dir` instead.",
    "verify_metadata": "The inputs have been normalized to use kebab-case. Use `verify-metadata` instead.",
    "skip_existing": "The inputs have been normalized to use kebab-case. Use `skip-existing` instead.",
    "print_hash": "The inputs have been normalized to use kebab-case. Use `print-hash` instead."
  }
}
[2025-03-19 13:48:47Z INFO ActionManager] Action __pypa_gh-action-pypi-publish (e0acdb72-31d6-414a-abb7-2b27ba45e021) from repository 'pypa/gh-action-pypi-publish@release/v1.7' needs to build image '/home/jenny/tensorflow-mri/actions-runner/_work/_actions/pypa/gh-action-pypi-publish/release/v1.7/Dockerfile'
[2025-03-19 13:48:47Z INFO HostContext] Well known directory 'Bin': '/home/jenny/tensorflow-mri/actions-runner/bin'
[2025-03-19 13:48:47Z INFO HostContext] Well known directory 'Root': '/home/jenny/tensorflow-mri/actions-runner'
[2025-03-19 13:48:47Z INFO HostContext] Well known directory 'Work': '/home/jenny/tensorflow-mri/actions-runner/_work'
[2025-03-19 13:48:47Z INFO HostContext] Well known directory 'Actions': '/home/jenny/tensorflow-mri/actions-runner/_work/_actions'
[2025-03-19 13:48:47Z INFO ActionManager] Load action that reference repository from '/home/jenny/tensorflow-mri/actions-runner/_work/_actions/pypa/gh-action-pypi-publish/release/v1.7'
[2025-03-19 13:48:47Z INFO HostContext] Well known directory 'Bin': '/home/jenny/tensorflow-mri/actions-runner/bin'
[2025-03-19 13:48:47Z INFO HostContext] Well known directory 'Root': '/home/jenny/tensorflow-mri/actions-runner'
[2025-03-19 13:48:47Z INFO HostContext] Well known directory 'Work': '/home/jenny/tensorflow-mri/actions-runner/_work'
[2025-03-19 13:48:47Z INFO HostContext] Well known directory 'Actions': '/home/jenny/tensorflow-mri/actions-runner/_work/_actions'
[2025-03-19 13:48:47Z INFO ActionManifestManager] Ignore action property branding.
[2025-03-19 13:48:47Z INFO ActionManifestManager] Loaded action.yml file: {
  "name": "pypi-publish",
  "description": "Upload Python distribution packages to PyPI",
  "inputs": {
    "type": 2,
    "map": [
      {
        "key": {
          "type": 0,
          "file": 4,
          "line": 5,
          "col": 3,
          "lit": "user"
        },
        "value": {
          "type": 0,
          "file": 4,
          "line": 8,
          "col": 14,
          "lit": "__token__"
        }
      },
      {
        "key": {
          "type": 0,
          "file": 4,
          "line": 9,
          "col": 3,
          "lit": "password"
        },
        "value": ""
      },
      {
        "key": {
          "type": 0,
          "file": 4,
          "line": 12,
          "col": 3,
          "lit": "repository-url"
        },
        "value": ""
      },
      {
        "key": {
          "type": 0,
          "file": 4,
          "line": 15,
          "col": 3,
          "lit": "repository_url"
        },
        "value": ""
      },
      {
        "key": {
          "type": 0,
          "file": 4,
          "line": 23,
          "col": 3,
          "lit": "packages-dir"
        },
        "value": ""
      },
      {
        "key": {
          "type": 0,
          "file": 4,
          "line": 27,
          "col": 3,
          "lit": "packages_dir"
        },
        "value": {
          "type": 0,
          "file": 4,
          "line": 35,
          "col": 14,
          "lit": "dist"
        }
      },
      {
        "key": {
          "type": 0,
          "file": 4,
          "line": 36,
          "col": 3,
          "lit": "verify-metadata"
        },
        "value": ""
      },
      {
        "key": {
          "type": 0,
          "file": 4,
          "line": 40,
          "col": 3,
          "lit": "verify_metadata"
        },
        "value": {
          "type": 0,
          "file": 4,
          "line": 48,
          "col": 14,
          "lit": "true"
        }
      },
      {
        "key": {
          "type": 0,
          "file": 4,
          "line": 49,
          "col": 3,
          "lit": "skip-existing"
        },
        "value": ""
      },
      {
        "key": {
          "type": 0,
          "file": 4,
          "line": 55,
          "col": 3,
          "lit": "skip_existing"
        },
        "value": {
          "type": 0,
          "file": 4,
          "line": 64,
          "col": 14,
          "lit": "false"
        }
      },
      {
        "key": {
          "type": 0,
          "file": 4,
          "line": 65,
          "col": 3,
          "lit": "verbose"
        },
        "value": {
          "type": 0,
          "file": 4,
          "line": 68,
          "col": 14,
          "lit": "false"
        }
      },
      {
        "key": {
          "type": 0,
          "file": 4,
          "line": 69,
          "col": 3,
          "lit": "print-hash"
        },
        "value": ""
      },
      {
        "key": {
          "type": 0,
          "file": 4,
          "line": 73,
          "col": 3,
          "lit": "print_hash"
        },
        "value": {
          "type": 0,
          "file": 4,
          "line": 81,
          "col": 14,
          "lit": "false"
        }
      }
    ]
  },
  "execution": {
    "executionType": "container",
    "hasPre": false,
    "hasPost": false,
    "image": "Dockerfile",
    "entryPoint": null,
    "arguments": {
      "type": 1,
      "file": 4,
      "line": 89,
      "col": 3,
      "seq": [
        {
          "type": 3,
          "file": 4,
          "line": 89,
          "col": 5,
          "expr": "inputs.user"
        },
        {
          "type": 3,
          "file": 4,
          "line": 90,
          "col": 5,
          "expr": "inputs.password"
        },
        {
          "type": 3,
          "file": 4,
          "line": 91,
          "col": 5,
          "expr": "inputs.repository-url"
        },
        {
          "type": 3,
          "file": 4,
          "line": 92,
          "col": 5,
          "expr": "inputs.packages-dir"
        },
        {
          "type": 3,
          "file": 4,
          "line": 93,
          "col": 5,
          "expr": "inputs.verify-metadata"
        },
        {
          "type": 3,
          "file": 4,
          "line": 94,
          "col": 5,
          "expr": "inputs.skip-existing"
        },
        {
          "type": 3,
          "file": 4,
          "line": 95,
          "col": 5,
          "expr": "inputs.verbose"
        },
        {
          "type": 3,
          "file": 4,
          "line": 96,
          "col": 5,
          "expr": "inputs.print-hash"
        }
      ]
    },
    "environment": null,
    "pre": null,
    "post": null,
    "cleanupCondition": "always()",
    "initCondition": "always()"
  },
  "deprecated": {
    "repository_url": "The inputs have been normalized to use kebab-case. Use `repository-url` instead.",
    "packages_dir": "The inputs have been normalized to use kebab-case. Use `packages-dir` instead.",
    "verify_metadata": "The inputs have been normalized to use kebab-case. Use `verify-metadata` instead.",
    "skip_existing": "The inputs have been normalized to use kebab-case. Use `skip-existing` instead.",
    "print_hash": "The inputs have been normalized to use kebab-case. Use `print-hash` instead."
  }
}
[2025-03-19 13:48:47Z INFO ActionManager] Action container Dockerfile/image: Dockerfile.
[2025-03-19 13:48:47Z INFO ActionManager] Action container args:  {
  "type": 1,
  "file": 4,
  "line": 89,
  "col": 3,
  "seq": [
    {
      "type": 3,
      "file": 4,
      "line": 89,
      "col": 5,
      "expr": "inputs.user"
    },
    {
      "type": 3,
      "file": 4,
      "line": 90,
      "col": 5,
      "expr": "inputs.password"
    },
    {
      "type": 3,
      "file": 4,
      "line": 91,
      "col": 5,
      "expr": "inputs.repository-url"
    },
    {
      "type": 3,
      "file": 4,
      "line": 92,
      "col": 5,
      "expr": "inputs.packages-dir"
    },
    {
      "type": 3,
      "file": 4,
      "line": 93,
      "col": 5,
      "expr": "inputs.verify-metadata"
    },
    {
      "type": 3,
      "file": 4,
      "line": 94,
      "col": 5,
      "expr": "inputs.skip-existing"
    },
    {
      "type": 3,
      "file": 4,
      "line": 95,
      "col": 5,
      "expr": "inputs.verbose"
    },
    {
      "type": 3,
      "file": 4,
      "line": 96,
      "col": 5,
      "expr": "inputs.print-hash"
    }
  ]
}.
[2025-03-19 13:48:47Z INFO ActionManager] 1 steps need to build image from '/home/jenny/tensorflow-mri/actions-runner/_work/_actions/pypa/gh-action-pypi-publish/release/v1.7/Dockerfile'
[2025-03-19 13:48:47Z INFO DockerCommandManager] Which2: 'docker'
[2025-03-19 13:48:47Z INFO DockerCommandManager] Location: '/usr/bin/docker'
[2025-03-19 13:48:47Z INFO HostContext] Well known directory 'Bin': '/home/jenny/tensorflow-mri/actions-runner/bin'
[2025-03-19 13:48:47Z INFO HostContext] Well known directory 'Root': '/home/jenny/tensorflow-mri/actions-runner'
[2025-03-19 13:48:47Z INFO JobExtension] Adding .
[2025-03-19 13:48:48Z INFO JobExtension] Adding .
[2025-03-19 13:48:48Z INFO JobExtension] Adding .
[2025-03-19 13:48:48Z INFO JobExtension] Adding .
[2025-03-19 13:48:48Z INFO JobExtension] Adding .
[2025-03-19 13:48:48Z INFO JobExtension] Adding .
[2025-03-19 13:48:48Z INFO JobExtension] Adding .
[2025-03-19 13:48:48Z INFO JobExtension] Adding .
[2025-03-19 13:48:48Z INFO JobExtension] Adding .
[2025-03-19 13:48:48Z INFO JobExtension] Adding .
[2025-03-19 13:48:48Z INFO JobExtension] Adding .
[2025-03-19 13:48:48Z INFO JobExtension] Adding .
[2025-03-19 13:48:48Z INFO JobExtension] Adding .
[2025-03-19 13:48:48Z INFO HostContext] Well known directory 'Bin': '/home/jenny/tensorflow-mri/actions-runner/bin'
[2025-03-19 13:48:48Z INFO HostContext] Well known directory 'Root': '/home/jenny/tensorflow-mri/actions-runner'
[2025-03-19 13:48:48Z INFO HostContext] Well known directory 'Diag': '/home/jenny/tensorflow-mri/actions-runner/_diag'
[2025-03-19 13:48:48Z INFO HostContext] Well known directory 'Bin': '/home/jenny/tensorflow-mri/actions-runner/bin'
[2025-03-19 13:48:48Z INFO HostContext] Well known directory 'Root': '/home/jenny/tensorflow-mri/actions-runner'
[2025-03-19 13:48:48Z INFO HostContext] Well known directory 'Diag': '/home/jenny/tensorflow-mri/actions-runner/_diag'
[2025-03-19 13:48:48Z INFO HostContext] Well known directory 'Bin': '/home/jenny/tensorflow-mri/actions-runner/bin'
[2025-03-19 13:48:48Z INFO HostContext] Well known directory 'Root': '/home/jenny/tensorflow-mri/actions-runner'
[2025-03-19 13:48:48Z INFO HostContext] Well known directory 'Diag': '/home/jenny/tensorflow-mri/actions-runner/_diag'
[2025-03-19 13:48:48Z INFO HostContext] Well known directory 'Bin': '/home/jenny/tensorflow-mri/actions-runner/bin'
[2025-03-19 13:48:48Z INFO HostContext] Well known directory 'Root': '/home/jenny/tensorflow-mri/actions-runner'
[2025-03-19 13:48:48Z INFO HostContext] Well known directory 'Diag': '/home/jenny/tensorflow-mri/actions-runner/_diag'
[2025-03-19 13:48:48Z INFO JobServerQueue] Try to append 1 batches web console lines for record 'f0b6d90c-cf62-413e-8925-859fffc91577', success rate: 1/1.
[2025-03-19 13:48:48Z INFO HostContext] Well known directory 'Bin': '/home/jenny/tensorflow-mri/actions-runner/bin'
[2025-03-19 13:48:48Z INFO HostContext] Well known directory 'Root': '/home/jenny/tensorflow-mri/actions-runner'
[2025-03-19 13:48:48Z INFO HostContext] Well known directory 'Diag': '/home/jenny/tensorflow-mri/actions-runner/_diag'
[2025-03-19 13:48:48Z INFO HostContext] Well known directory 'Bin': '/home/jenny/tensorflow-mri/actions-runner/bin'
[2025-03-19 13:48:48Z INFO HostContext] Well known directory 'Root': '/home/jenny/tensorflow-mri/actions-runner'
[2025-03-19 13:48:48Z INFO HostContext] Well known directory 'Diag': '/home/jenny/tensorflow-mri/actions-runner/_diag'
[2025-03-19 13:48:48Z INFO HostContext] Well known directory 'Bin': '/home/jenny/tensorflow-mri/actions-runner/bin'
[2025-03-19 13:48:48Z INFO HostContext] Well known directory 'Root': '/home/jenny/tensorflow-mri/actions-runner'
[2025-03-19 13:48:48Z INFO HostContext] Well known directory 'Diag': '/home/jenny/tensorflow-mri/actions-runner/_diag'
[2025-03-19 13:48:48Z INFO HostContext] Well known directory 'Bin': '/home/jenny/tensorflow-mri/actions-runner/bin'
[2025-03-19 13:48:48Z INFO HostContext] Well known directory 'Root': '/home/jenny/tensorflow-mri/actions-runner'
[2025-03-19 13:48:48Z INFO HostContext] Well known directory 'Diag': '/home/jenny/tensorflow-mri/actions-runner/_diag'
[2025-03-19 13:48:48Z INFO HostContext] Well known directory 'Bin': '/home/jenny/tensorflow-mri/actions-runner/bin'
[2025-03-19 13:48:48Z INFO HostContext] Well known directory 'Root': '/home/jenny/tensorflow-mri/actions-runner'
[2025-03-19 13:48:48Z INFO HostContext] Well known directory 'Diag': '/home/jenny/tensorflow-mri/actions-runner/_diag'
[2025-03-19 13:48:48Z INFO HostContext] Well known directory 'Bin': '/home/jenny/tensorflow-mri/actions-runner/bin'
[2025-03-19 13:48:48Z INFO HostContext] Well known directory 'Root': '/home/jenny/tensorflow-mri/actions-runner'
[2025-03-19 13:48:48Z INFO HostContext] Well known directory 'Diag': '/home/jenny/tensorflow-mri/actions-runner/_diag'
[2025-03-19 13:48:48Z INFO HostContext] Well known directory 'Bin': '/home/jenny/tensorflow-mri/actions-runner/bin'
[2025-03-19 13:48:48Z INFO HostContext] Well known directory 'Root': '/home/jenny/tensorflow-mri/actions-runner'
[2025-03-19 13:48:48Z INFO HostContext] Well known directory 'Diag': '/home/jenny/tensorflow-mri/actions-runner/_diag'
[2025-03-19 13:48:48Z INFO HostContext] Well known directory 'Bin': '/home/jenny/tensorflow-mri/actions-runner/bin'
[2025-03-19 13:48:48Z INFO HostContext] Well known directory 'Root': '/home/jenny/tensorflow-mri/actions-runner'
[2025-03-19 13:48:48Z INFO HostContext] Well known directory 'Diag': '/home/jenny/tensorflow-mri/actions-runner/_diag'
[2025-03-19 13:48:48Z INFO HostContext] Well known directory 'Bin': '/home/jenny/tensorflow-mri/actions-runner/bin'
[2025-03-19 13:48:48Z INFO HostContext] Well known directory 'Root': '/home/jenny/tensorflow-mri/actions-runner'
[2025-03-19 13:48:48Z INFO HostContext] Well known directory 'Diag': '/home/jenny/tensorflow-mri/actions-runner/_diag'
[2025-03-19 13:48:48Z INFO HostContext] Well known directory 'Bin': '/home/jenny/tensorflow-mri/actions-runner/bin'
[2025-03-19 13:48:48Z INFO HostContext] Well known directory 'Root': '/home/jenny/tensorflow-mri/actions-runner'
[2025-03-19 13:48:48Z INFO HostContext] Well known directory 'Diag': '/home/jenny/tensorflow-mri/actions-runner/_diag'
[2025-03-19 13:48:48Z INFO HostContext] Well known directory 'Bin': '/home/jenny/tensorflow-mri/actions-runner/bin'
[2025-03-19 13:48:48Z INFO HostContext] Well known directory 'Root': '/home/jenny/tensorflow-mri/actions-runner'
[2025-03-19 13:48:48Z INFO HostContext] Well known directory 'Diag': '/home/jenny/tensorflow-mri/actions-runner/_diag'
[2025-03-19 13:48:48Z INFO HostContext] Well known directory 'Bin': '/home/jenny/tensorflow-mri/actions-runner/bin'
[2025-03-19 13:48:48Z INFO HostContext] Well known directory 'Root': '/home/jenny/tensorflow-mri/actions-runner'
[2025-03-19 13:48:48Z INFO HostContext] Well known directory 'Diag': '/home/jenny/tensorflow-mri/actions-runner/_diag'
[2025-03-19 13:48:48Z INFO HostContext] Well known directory 'Bin': '/home/jenny/tensorflow-mri/actions-runner/bin'
[2025-03-19 13:48:48Z INFO HostContext] Well known directory 'Root': '/home/jenny/tensorflow-mri/actions-runner'
[2025-03-19 13:48:48Z INFO HostContext] Well known directory 'Diag': '/home/jenny/tensorflow-mri/actions-runner/_diag'
[2025-03-19 13:48:48Z INFO HostContext] Well known directory 'Bin': '/home/jenny/tensorflow-mri/actions-runner/bin'
[2025-03-19 13:48:48Z INFO HostContext] Well known directory 'Root': '/home/jenny/tensorflow-mri/actions-runner'
[2025-03-19 13:48:48Z INFO HostContext] Well known directory 'Diag': '/home/jenny/tensorflow-mri/actions-runner/_diag'
[2025-03-19 13:48:48Z INFO HostContext] Well known directory 'Bin': '/home/jenny/tensorflow-mri/actions-runner/bin'
[2025-03-19 13:48:48Z INFO HostContext] Well known directory 'Root': '/home/jenny/tensorflow-mri/actions-runner'
[2025-03-19 13:48:48Z INFO HostContext] Well known directory 'Diag': '/home/jenny/tensorflow-mri/actions-runner/_diag'
[2025-03-19 13:48:48Z INFO HostContext] Well known directory 'Bin': '/home/jenny/tensorflow-mri/actions-runner/bin'
[2025-03-19 13:48:48Z INFO HostContext] Well known directory 'Root': '/home/jenny/tensorflow-mri/actions-runner'
[2025-03-19 13:48:48Z INFO HostContext] Well known directory 'Diag': '/home/jenny/tensorflow-mri/actions-runner/_diag'
[2025-03-19 13:48:48Z INFO HostContext] Well known directory 'Bin': '/home/jenny/tensorflow-mri/actions-runner/bin'
[2025-03-19 13:48:48Z INFO HostContext] Well known directory 'Root': '/home/jenny/tensorflow-mri/actions-runner'
[2025-03-19 13:48:48Z INFO HostContext] Well known directory 'Diag': '/home/jenny/tensorflow-mri/actions-runner/_diag'
[2025-03-19 13:48:48Z INFO HostContext] Well known directory 'Bin': '/home/jenny/tensorflow-mri/actions-runner/bin'
[2025-03-19 13:48:48Z INFO HostContext] Well known directory 'Root': '/home/jenny/tensorflow-mri/actions-runner'
[2025-03-19 13:48:48Z INFO HostContext] Well known directory 'Diag': '/home/jenny/tensorflow-mri/actions-runner/_diag'
[2025-03-19 13:48:48Z INFO HostContext] Well known directory 'Bin': '/home/jenny/tensorflow-mri/actions-runner/bin'
[2025-03-19 13:48:48Z INFO HostContext] Well known directory 'Root': '/home/jenny/tensorflow-mri/actions-runner'
[2025-03-19 13:48:48Z INFO HostContext] Well known directory 'Diag': '/home/jenny/tensorflow-mri/actions-runner/_diag'
[2025-03-19 13:48:48Z INFO HostContext] Well known directory 'Bin': '/home/jenny/tensorflow-mri/actions-runner/bin'
[2025-03-19 13:48:48Z INFO HostContext] Well known directory 'Root': '/home/jenny/tensorflow-mri/actions-runner'
[2025-03-19 13:48:48Z INFO HostContext] Well known directory 'Diag': '/home/jenny/tensorflow-mri/actions-runner/_diag'
[2025-03-19 13:48:48Z INFO HostContext] Well known directory 'Bin': '/home/jenny/tensorflow-mri/actions-runner/bin'
[2025-03-19 13:48:48Z INFO HostContext] Well known directory 'Root': '/home/jenny/tensorflow-mri/actions-runner'
[2025-03-19 13:48:48Z INFO HostContext] Well known directory 'Diag': '/home/jenny/tensorflow-mri/actions-runner/_diag'
[2025-03-19 13:48:48Z INFO HostContext] Well known directory 'Bin': '/home/jenny/tensorflow-mri/actions-runner/bin'
[2025-03-19 13:48:48Z INFO HostContext] Well known directory 'Root': '/home/jenny/tensorflow-mri/actions-runner'
[2025-03-19 13:48:48Z INFO HostContext] Well known directory 'Diag': '/home/jenny/tensorflow-mri/actions-runner/_diag'
[2025-03-19 13:48:48Z INFO HostContext] Well known directory 'Bin': '/home/jenny/tensorflow-mri/actions-runner/bin'
[2025-03-19 13:48:48Z INFO HostContext] Well known directory 'Root': '/home/jenny/tensorflow-mri/actions-runner'
[2025-03-19 13:48:48Z INFO HostContext] Well known directory 'Diag': '/home/jenny/tensorflow-mri/actions-runner/_diag'
[2025-03-19 13:48:48Z INFO HostContext] Well known directory 'Bin': '/home/jenny/tensorflow-mri/actions-runner/bin'
[2025-03-19 13:48:48Z INFO HostContext] Well known directory 'Root': '/home/jenny/tensorflow-mri/actions-runner'
[2025-03-19 13:48:48Z INFO HostContext] Well known directory 'Diag': '/home/jenny/tensorflow-mri/actions-runner/_diag'
[2025-03-19 13:48:48Z INFO HostContext] Well known directory 'Bin': '/home/jenny/tensorflow-mri/actions-runner/bin'
[2025-03-19 13:48:48Z INFO HostContext] Well known directory 'Root': '/home/jenny/tensorflow-mri/actions-runner'
[2025-03-19 13:48:48Z INFO HostContext] Well known directory 'Diag': '/home/jenny/tensorflow-mri/actions-runner/_diag'
[2025-03-19 13:48:48Z INFO HostContext] Well known directory 'Bin': '/home/jenny/tensorflow-mri/actions-runner/bin'
[2025-03-19 13:48:48Z INFO HostContext] Well known directory 'Root': '/home/jenny/tensorflow-mri/actions-runner'
[2025-03-19 13:48:48Z INFO HostContext] Well known directory 'Diag': '/home/jenny/tensorflow-mri/actions-runner/_diag'
[2025-03-19 13:48:48Z INFO JobExtension] Total accessible running process: 600.
[2025-03-19 13:48:48Z INFO HostContext] Well known directory 'Bin': '/home/jenny/tensorflow-mri/actions-runner/bin'
[2025-03-19 13:48:48Z INFO HostContext] Well known directory 'Root': '/home/jenny/tensorflow-mri/actions-runner'
[2025-03-19 13:48:48Z INFO HostContext] Well known directory 'Work': '/home/jenny/tensorflow-mri/actions-runner/_work'
[2025-03-19 13:48:48Z INFO JobExtension] Start checking service connectivity in background.
[2025-03-19 13:48:48Z INFO ExecutionContext] Publish step telemetry for current step {
  "action": "setup_job",
  "type": "runner",
  "stage": "Pre",
  "stepId": "f0b6d90c-cf62-413e-8925-859fffc91577",
  "result": "succeeded",
  "errorMessages": [],
  "executionTimeInSeconds": 2,
  "startTime": "2025-03-19T13:48:46.2321282Z",
  "finishTime": "2025-03-19T13:48:48.0612668Z"
}.
[2025-03-19 13:48:48Z INFO JobRunner] Total job steps: 15.
[2025-03-19 13:48:48Z INFO JobRunner] Run all job steps.
[2025-03-19 13:48:48Z INFO StepsRunner] Processing step: DisplayName='Build pypa/gh-action-pypi-publish@release/v1.7'
[2025-03-19 13:48:48Z INFO StepsRunner] Evaluating: success()
[2025-03-19 13:48:48Z INFO StepsRunner] Result: true
[2025-03-19 13:48:48Z INFO StepsRunner] Starting the step.
[2025-03-19 13:48:48Z INFO ProcessInvokerWrapper] Starting process:
[2025-03-19 13:48:48Z INFO ProcessInvokerWrapper]   File name: '/usr/bin/docker'
[2025-03-19 13:48:48Z INFO ProcessInvokerWrapper]   Arguments: 'build -t b6156e:1eb759ce631940f8924f4c361b1c0293 -f "/home/jenny/tensorflow-mri/actions-runner/_work/_actions/pypa/gh-action-pypi-publish/release/v1.7/Dockerfile" "/home/jenny/tensorflow-mri/actions-runner/_work/_actions/pypa/gh-action-pypi-publish/release/v1.7"'
[2025-03-19 13:48:48Z INFO ProcessInvokerWrapper]   Working directory: '/home/jenny/tensorflow-mri/actions-runner/_work/_actions/pypa/gh-action-pypi-publish/release/v1.7'
[2025-03-19 13:48:48Z INFO ProcessInvokerWrapper]   Require exit code zero: 'False'
[2025-03-19 13:48:48Z INFO ProcessInvokerWrapper]   Encoding web name:  ; code page: ''
[2025-03-19 13:48:48Z INFO ProcessInvokerWrapper]   Force kill process on cancellation: 'False'
[2025-03-19 13:48:48Z INFO ProcessInvokerWrapper]   Redirected STDIN: 'False'
[2025-03-19 13:48:48Z INFO ProcessInvokerWrapper]   Persist current code page: 'False'
[2025-03-19 13:48:48Z INFO ProcessInvokerWrapper]   Keep redirected STDIN open: 'False'
[2025-03-19 13:48:48Z INFO ProcessInvokerWrapper]   High priority process: 'False'
[2025-03-19 13:48:48Z INFO ProcessInvokerWrapper] Updated oom_score_adj to 500 for PID: 1911258.
[2025-03-19 13:48:48Z INFO ProcessInvokerWrapper] Process started with process id 1911258, waiting for process exit.
[2025-03-19 13:48:48Z INFO JobServerQueue] Got a step log file to send to results service.
[2025-03-19 13:48:48Z INFO JobServerQueue] Starting upload of step log file to results service ResultsLog, /home/jenny/tensorflow-mri/actions-runner/_diag/blocks/5b2cb858-9d8b-4489-a424-71acb1f501b7_f0b6d90c-cf62-413e-8925-859fffc91577.1
[2025-03-19 13:48:48Z INFO JobServerQueue] Try to upload 1 log files or attachments, success rate: 1/1.
[2025-03-19 13:48:48Z INFO JobServerQueue] Try to append 1 batches web console lines for record 'b64c8d0b-2b11-4973-97a9-4459d552cab1', success rate: 1/1.
[2025-03-19 13:48:48Z INFO JobServerQueue] Try to append 1 batches web console lines for record 'b64c8d0b-2b11-4973-97a9-4459d552cab1', success rate: 1/1.
[2025-03-19 13:48:48Z INFO JobServerQueue] Try to append 1 batches web console lines for record 'b64c8d0b-2b11-4973-97a9-4459d552cab1', success rate: 1/1.
[2025-03-19 13:48:48Z INFO ProcessInvokerWrapper] STDOUT/STDERR stream read finished.
[2025-03-19 13:48:48Z INFO ProcessInvokerWrapper] STDOUT/STDERR stream read finished.
[2025-03-19 13:48:48Z INFO ProcessInvokerWrapper] Finished process 1911258 with exit code 0, and elapsed time 00:00:00.7502486.
[2025-03-19 13:48:48Z INFO ActionManager] Prepared docker image 'b6156e:1eb759ce631940f8924f4c361b1c0293' for action e0acdb72-31d6-414a-abb7-2b27ba45e021 (/home/jenny/tensorflow-mri/actions-runner/_work/_actions/pypa/gh-action-pypi-publish/release/v1.7/Dockerfile)
[2025-03-19 13:48:48Z INFO JobServerQueue] Tried to upload 1 file(s) to results, success rate: 1/1.
[2025-03-19 13:48:48Z INFO StepsRunner] Step result: 
[2025-03-19 13:48:48Z INFO ExecutionContext] Publish step telemetry for current step {
  "action": "build_pypa/gh-action-pypi-publish@release/v1.7",
  "type": "runner",
  "stage": "Pre",
  "stepId": "b64c8d0b-2b11-4973-97a9-4459d552cab1",
  "stepContextName": "b64c8d0b2b11497397a94459d552cab1",
  "result": "succeeded",
  "errorMessages": [],
  "executionTimeInSeconds": 1,
  "startTime": "2025-03-19T13:48:48.0716379Z",
  "finishTime": "2025-03-19T13:48:48.8314724Z"
}.
[2025-03-19 13:48:48Z INFO StepsRunner] No need for updating job result with current step result 'Succeeded'.
[2025-03-19 13:48:48Z INFO StepsRunner] Current state: job state = ''
[2025-03-19 13:48:48Z INFO StepsRunner] Processing step: DisplayName='Initialize containers'
[2025-03-19 13:48:48Z INFO StepsRunner] Evaluating: success()
[2025-03-19 13:48:48Z INFO StepsRunner] Result: true
[2025-03-19 13:48:48Z INFO StepsRunner] Starting the step.
[2025-03-19 13:48:48Z INFO ExecutionContext] Reserve record order 17 to 32 for post job actions.
[2025-03-19 13:48:48Z INFO HostContext] Well known directory 'Bin': '/home/jenny/tensorflow-mri/actions-runner/bin'
[2025-03-19 13:48:48Z INFO HostContext] Well known directory 'Root': '/home/jenny/tensorflow-mri/actions-runner'
[2025-03-19 13:48:48Z INFO HostContext] Well known directory 'Diag': '/home/jenny/tensorflow-mri/actions-runner/_diag'
[2025-03-19 13:48:48Z INFO HostContext] Well known directory 'Bin': '/home/jenny/tensorflow-mri/actions-runner/bin'
[2025-03-19 13:48:48Z INFO HostContext] Well known directory 'Root': '/home/jenny/tensorflow-mri/actions-runner'
[2025-03-19 13:48:48Z INFO HostContext] Well known directory 'Diag': '/home/jenny/tensorflow-mri/actions-runner/_diag'
[2025-03-19 13:48:48Z INFO ProcessInvokerWrapper] Starting process:
[2025-03-19 13:48:48Z INFO ProcessInvokerWrapper]   File name: '/usr/bin/docker'
[2025-03-19 13:48:48Z INFO ProcessInvokerWrapper]   Arguments: 'version --format '{{.Server.APIVersion}}''
[2025-03-19 13:48:48Z INFO ProcessInvokerWrapper]   Working directory: '/home/jenny/tensorflow-mri/actions-runner/_work/tensorflow-mri/tensorflow-mri'
[2025-03-19 13:48:48Z INFO ProcessInvokerWrapper]   Require exit code zero: 'True'
[2025-03-19 13:48:48Z INFO ProcessInvokerWrapper]   Encoding web name:  ; code page: ''
[2025-03-19 13:48:48Z INFO ProcessInvokerWrapper]   Force kill process on cancellation: 'False'
[2025-03-19 13:48:48Z INFO ProcessInvokerWrapper]   Redirected STDIN: 'False'
[2025-03-19 13:48:48Z INFO ProcessInvokerWrapper]   Persist current code page: 'False'
[2025-03-19 13:48:48Z INFO ProcessInvokerWrapper]   Keep redirected STDIN open: 'False'
[2025-03-19 13:48:48Z INFO ProcessInvokerWrapper]   High priority process: 'False'
[2025-03-19 13:48:48Z INFO ProcessInvokerWrapper] Updated oom_score_adj to 500 for PID: 1911343.
[2025-03-19 13:48:48Z INFO ProcessInvokerWrapper] Process started with process id 1911343, waiting for process exit.
[2025-03-19 13:48:48Z INFO ProcessInvokerWrapper] STDOUT/STDERR stream read finished.
[2025-03-19 13:48:48Z INFO ProcessInvokerWrapper] STDOUT/STDERR stream read finished.
[2025-03-19 13:48:48Z INFO ProcessInvokerWrapper] Finished process 1911343 with exit code 0, and elapsed time 00:00:00.0135912.
[2025-03-19 13:48:48Z INFO ProcessInvokerWrapper] Starting process:
[2025-03-19 13:48:48Z INFO ProcessInvokerWrapper]   File name: '/usr/bin/docker'
[2025-03-19 13:48:48Z INFO ProcessInvokerWrapper]   Arguments: 'version --format '{{.Client.APIVersion}}''
[2025-03-19 13:48:48Z INFO ProcessInvokerWrapper]   Working directory: '/home/jenny/tensorflow-mri/actions-runner/_work/tensorflow-mri/tensorflow-mri'
[2025-03-19 13:48:48Z INFO ProcessInvokerWrapper]   Require exit code zero: 'True'
[2025-03-19 13:48:48Z INFO ProcessInvokerWrapper]   Encoding web name:  ; code page: ''
[2025-03-19 13:48:48Z INFO ProcessInvokerWrapper]   Force kill process on cancellation: 'False'
[2025-03-19 13:48:48Z INFO ProcessInvokerWrapper]   Redirected STDIN: 'False'
[2025-03-19 13:48:48Z INFO ProcessInvokerWrapper]   Persist current code page: 'False'
[2025-03-19 13:48:48Z INFO ProcessInvokerWrapper]   Keep redirected STDIN open: 'False'
[2025-03-19 13:48:48Z INFO ProcessInvokerWrapper]   High priority process: 'False'
[2025-03-19 13:48:48Z INFO ProcessInvokerWrapper] Updated oom_score_adj to 500 for PID: 1911361.
[2025-03-19 13:48:48Z INFO ProcessInvokerWrapper] Process started with process id 1911361, waiting for process exit.
[2025-03-19 13:48:48Z INFO ProcessInvokerWrapper] STDOUT/STDERR stream read finished.
[2025-03-19 13:48:48Z INFO ProcessInvokerWrapper] STDOUT/STDERR stream read finished.
[2025-03-19 13:48:48Z INFO ProcessInvokerWrapper] Finished process 1911361 with exit code 0, and elapsed time 00:00:00.0129287.
[2025-03-19 13:48:48Z INFO ProcessInvokerWrapper] Starting process:
[2025-03-19 13:48:48Z INFO ProcessInvokerWrapper]   File name: '/usr/bin/docker'
[2025-03-19 13:48:48Z INFO ProcessInvokerWrapper]   Arguments: 'ps --all --quiet --no-trunc --filter "label=b6156e"'
[2025-03-19 13:48:48Z INFO ProcessInvokerWrapper]   Working directory: '/home/jenny/tensorflow-mri/actions-runner/_work/tensorflow-mri/tensorflow-mri'
[2025-03-19 13:48:48Z INFO ProcessInvokerWrapper]   Require exit code zero: 'True'
[2025-03-19 13:48:48Z INFO ProcessInvokerWrapper]   Encoding web name:  ; code page: ''
[2025-03-19 13:48:48Z INFO ProcessInvokerWrapper]   Force kill process on cancellation: 'False'
[2025-03-19 13:48:48Z INFO ProcessInvokerWrapper]   Redirected STDIN: 'False'
[2025-03-19 13:48:48Z INFO ProcessInvokerWrapper]   Persist current code page: 'False'
[2025-03-19 13:48:48Z INFO ProcessInvokerWrapper]   Keep redirected STDIN open: 'False'
[2025-03-19 13:48:48Z INFO ProcessInvokerWrapper]   High priority process: 'False'
[2025-03-19 13:48:48Z INFO ProcessInvokerWrapper] Updated oom_score_adj to 500 for PID: 1911378.
[2025-03-19 13:48:48Z INFO ProcessInvokerWrapper] Process started with process id 1911378, waiting for process exit.
[2025-03-19 13:48:48Z INFO ProcessInvokerWrapper] STDOUT/STDERR stream read finished.
[2025-03-19 13:48:48Z INFO ProcessInvokerWrapper] STDOUT/STDERR stream read finished.
[2025-03-19 13:48:48Z INFO ProcessInvokerWrapper] Finished process 1911378 with exit code 0, and elapsed time 00:00:00.0100732.
[2025-03-19 13:48:48Z INFO ProcessInvokerWrapper] Starting process:
[2025-03-19 13:48:48Z INFO ProcessInvokerWrapper]   File name: '/usr/bin/docker'
[2025-03-19 13:48:48Z INFO ProcessInvokerWrapper]   Arguments: 'network prune --force --filter "label=b6156e"'
[2025-03-19 13:48:48Z INFO ProcessInvokerWrapper]   Working directory: '/home/jenny/tensorflow-mri/actions-runner/_work/tensorflow-mri/tensorflow-mri'
[2025-03-19 13:48:48Z INFO ProcessInvokerWrapper]   Require exit code zero: 'False'
[2025-03-19 13:48:48Z INFO ProcessInvokerWrapper]   Encoding web name:  ; code page: ''
[2025-03-19 13:48:48Z INFO ProcessInvokerWrapper]   Force kill process on cancellation: 'False'
[2025-03-19 13:48:48Z INFO ProcessInvokerWrapper]   Redirected STDIN: 'False'
[2025-03-19 13:48:48Z INFO ProcessInvokerWrapper]   Persist current code page: 'False'
[2025-03-19 13:48:48Z INFO ProcessInvokerWrapper]   Keep redirected STDIN open: 'False'
[2025-03-19 13:48:48Z INFO ProcessInvokerWrapper]   High priority process: 'False'
[2025-03-19 13:48:48Z INFO ProcessInvokerWrapper] Updated oom_score_adj to 500 for PID: 1911390.
[2025-03-19 13:48:48Z INFO ProcessInvokerWrapper] Process started with process id 1911390, waiting for process exit.
[2025-03-19 13:48:48Z INFO ProcessInvokerWrapper] STDOUT/STDERR stream read finished.
[2025-03-19 13:48:48Z INFO ProcessInvokerWrapper] STDOUT/STDERR stream read finished.
[2025-03-19 13:48:48Z INFO ProcessInvokerWrapper] Finished process 1911390 with exit code 0, and elapsed time 00:00:00.0099395.
[2025-03-19 13:48:48Z INFO ProcessInvokerWrapper] Starting process:
[2025-03-19 13:48:48Z INFO ProcessInvokerWrapper]   File name: '/usr/bin/docker'
[2025-03-19 13:48:48Z INFO ProcessInvokerWrapper]   Arguments: 'network create --label b6156e github_network_0fd2e70a9afc457a8cd479c7c360dd18'
[2025-03-19 13:48:48Z INFO ProcessInvokerWrapper]   Working directory: '/home/jenny/tensorflow-mri/actions-runner/_work/tensorflow-mri/tensorflow-mri'
[2025-03-19 13:48:48Z INFO ProcessInvokerWrapper]   Require exit code zero: 'False'
[2025-03-19 13:48:48Z INFO ProcessInvokerWrapper]   Encoding web name:  ; code page: ''
[2025-03-19 13:48:48Z INFO ProcessInvokerWrapper]   Force kill process on cancellation: 'False'
[2025-03-19 13:48:48Z INFO ProcessInvokerWrapper]   Redirected STDIN: 'False'
[2025-03-19 13:48:48Z INFO ProcessInvokerWrapper]   Persist current code page: 'False'
[2025-03-19 13:48:48Z INFO ProcessInvokerWrapper]   Keep redirected STDIN open: 'False'
[2025-03-19 13:48:48Z INFO ProcessInvokerWrapper]   High priority process: 'False'
[2025-03-19 13:48:48Z INFO ProcessInvokerWrapper] Updated oom_score_adj to 500 for PID: 1911402.
[2025-03-19 13:48:48Z INFO ProcessInvokerWrapper] Process started with process id 1911402, waiting for process exit.
[2025-03-19 13:48:48Z INFO ProcessInvokerWrapper] STDOUT/STDERR stream read finished.
[2025-03-19 13:48:48Z INFO ProcessInvokerWrapper] STDOUT/STDERR stream read finished.
[2025-03-19 13:48:48Z INFO ProcessInvokerWrapper] Finished process 1911402 with exit code 0, and elapsed time 00:00:00.0422697.
[2025-03-19 13:48:48Z INFO ContainerOperationProvider] Container name: 028849c227a24230a7774e0f0dff55df
[2025-03-19 13:48:48Z INFO ContainerOperationProvider] Container image: ghcr.io/mrphys/tensorflow-manylinux:1.14.0
[2025-03-19 13:48:48Z INFO ContainerOperationProvider] Container options: 
[2025-03-19 13:48:48Z INFO HostContext] Well known directory 'Bin': '/home/jenny/tensorflow-mri/actions-runner/bin'
[2025-03-19 13:48:48Z INFO HostContext] Well known directory 'Root': '/home/jenny/tensorflow-mri/actions-runner'
[2025-03-19 13:48:48Z INFO HostContext] Well known directory 'Work': '/home/jenny/tensorflow-mri/actions-runner/_work'
[2025-03-19 13:48:48Z INFO HostContext] Well known directory 'Temp': '/home/jenny/tensorflow-mri/actions-runner/_work/_temp'
[2025-03-19 13:48:48Z INFO ProcessInvokerWrapper] Starting process:
[2025-03-19 13:48:48Z INFO ProcessInvokerWrapper]   File name: '/usr/bin/docker'
[2025-03-19 13:48:48Z INFO ProcessInvokerWrapper]   Arguments: '--config /home/jenny/tensorflow-mri/actions-runner/_work/_temp/.docker_73b1f78c-554a-4df5-a0f7-586e79f07f15 login ghcr.io -u jennifersteeden --password-stdin'
[2025-03-19 13:48:48Z INFO ProcessInvokerWrapper]   Working directory: '/home/jenny/tensorflow-mri/actions-runner/_work/tensorflow-mri/tensorflow-mri'
[2025-03-19 13:48:48Z INFO ProcessInvokerWrapper]   Require exit code zero: 'False'
[2025-03-19 13:48:48Z INFO ProcessInvokerWrapper]   Encoding web name:  ; code page: ''
[2025-03-19 13:48:48Z INFO ProcessInvokerWrapper]   Force kill process on cancellation: 'False'
[2025-03-19 13:48:48Z INFO ProcessInvokerWrapper]   Redirected STDIN: 'True'
[2025-03-19 13:48:48Z INFO ProcessInvokerWrapper]   Persist current code page: 'False'
[2025-03-19 13:48:48Z INFO ProcessInvokerWrapper]   Keep redirected STDIN open: 'False'
[2025-03-19 13:48:48Z INFO ProcessInvokerWrapper]   High priority process: 'False'
[2025-03-19 13:48:48Z INFO ProcessInvokerWrapper] Updated oom_score_adj to 500 for PID: 1911470.
[2025-03-19 13:48:48Z INFO ProcessInvokerWrapper] Process started with process id 1911470, waiting for process exit.
[2025-03-19 13:48:48Z INFO ProcessInvokerWrapper] Close STDIN after the first redirect finished.
[2025-03-19 13:48:48Z INFO ProcessInvokerWrapper] STDIN stream write finished.
[2025-03-19 13:48:49Z INFO JobServerQueue] Try to append 1 batches web console lines for record 'b64c8d0b-2b11-4973-97a9-4459d552cab1', success rate: 1/1.
[2025-03-19 13:48:49Z INFO JobServerQueue] Try to append 1 batches web console lines for record 'd030ce07-167f-4c55-9b42-a7256512d18c', success rate: 1/1.
[2025-03-19 13:48:49Z INFO JobServerQueue] Try to upload 1 log files or attachments, success rate: 1/1.
[2025-03-19 13:48:49Z INFO ProcessInvokerWrapper] STDOUT/STDERR stream read finished.
[2025-03-19 13:48:49Z INFO ProcessInvokerWrapper] STDOUT/STDERR stream read finished.
[2025-03-19 13:48:49Z INFO ProcessInvokerWrapper] Finished process 1911470 with exit code 0, and elapsed time 00:00:00.3555435.
[2025-03-19 13:48:49Z INFO ProcessInvokerWrapper] Starting process:
[2025-03-19 13:48:49Z INFO ProcessInvokerWrapper]   File name: '/usr/bin/docker'
[2025-03-19 13:48:49Z INFO ProcessInvokerWrapper]   Arguments: '--config /home/jenny/tensorflow-mri/actions-runner/_work/_temp/.docker_73b1f78c-554a-4df5-a0f7-586e79f07f15 pull ghcr.io/mrphys/tensorflow-manylinux:1.14.0'
[2025-03-19 13:48:49Z INFO ProcessInvokerWrapper]   Working directory: '/home/jenny/tensorflow-mri/actions-runner/_work/tensorflow-mri/tensorflow-mri'
[2025-03-19 13:48:49Z INFO ProcessInvokerWrapper]   Require exit code zero: 'False'
[2025-03-19 13:48:49Z INFO ProcessInvokerWrapper]   Encoding web name:  ; code page: ''
[2025-03-19 13:48:49Z INFO ProcessInvokerWrapper]   Force kill process on cancellation: 'False'
[2025-03-19 13:48:49Z INFO ProcessInvokerWrapper]   Redirected STDIN: 'False'
[2025-03-19 13:48:49Z INFO ProcessInvokerWrapper]   Persist current code page: 'False'
[2025-03-19 13:48:49Z INFO ProcessInvokerWrapper]   Keep redirected STDIN open: 'False'
[2025-03-19 13:48:49Z INFO ProcessInvokerWrapper]   High priority process: 'False'
[2025-03-19 13:48:49Z INFO ProcessInvokerWrapper] Updated oom_score_adj to 500 for PID: 1911487.
[2025-03-19 13:48:49Z INFO ProcessInvokerWrapper] Process started with process id 1911487, waiting for process exit.
[2025-03-19 13:48:49Z INFO JobServerQueue] Try to append 1 batches web console lines for record 'd030ce07-167f-4c55-9b42-a7256512d18c', success rate: 1/1.
[2025-03-19 13:48:49Z INFO ProcessInvokerWrapper] STDOUT/STDERR stream read finished.
[2025-03-19 13:48:49Z INFO ProcessInvokerWrapper] STDOUT/STDERR stream read finished.
[2025-03-19 13:48:49Z INFO ProcessInvokerWrapper] Finished process 1911487 with exit code 0, and elapsed time 00:00:00.5090592.
[2025-03-19 13:48:49Z INFO HostContext] Well known directory 'Bin': '/home/jenny/tensorflow-mri/actions-runner/bin'
[2025-03-19 13:48:49Z INFO HostContext] Well known directory 'Root': '/home/jenny/tensorflow-mri/actions-runner'
[2025-03-19 13:48:49Z INFO HostContext] Well known directory 'Work': '/home/jenny/tensorflow-mri/actions-runner/_work'
[2025-03-19 13:48:49Z INFO HostContext] Well known directory 'Bin': '/home/jenny/tensorflow-mri/actions-runner/bin'
[2025-03-19 13:48:49Z INFO HostContext] Well known directory 'Root': '/home/jenny/tensorflow-mri/actions-runner'
[2025-03-19 13:48:49Z INFO HostContext] Well known directory 'Work': '/home/jenny/tensorflow-mri/actions-runner/_work'
[2025-03-19 13:48:49Z INFO HostContext] Well known directory 'Bin': '/home/jenny/tensorflow-mri/actions-runner/bin'
[2025-03-19 13:48:49Z INFO HostContext] Well known directory 'Root': '/home/jenny/tensorflow-mri/actions-runner'
[2025-03-19 13:48:49Z INFO HostContext] Well known directory 'Externals': '/home/jenny/tensorflow-mri/actions-runner/externals'
[2025-03-19 13:48:49Z INFO HostContext] Well known directory 'Bin': '/home/jenny/tensorflow-mri/actions-runner/bin'
[2025-03-19 13:48:49Z INFO HostContext] Well known directory 'Root': '/home/jenny/tensorflow-mri/actions-runner'
[2025-03-19 13:48:49Z INFO HostContext] Well known directory 'Externals': '/home/jenny/tensorflow-mri/actions-runner/externals'
[2025-03-19 13:48:49Z INFO HostContext] Well known directory 'Bin': '/home/jenny/tensorflow-mri/actions-runner/bin'
[2025-03-19 13:48:49Z INFO HostContext] Well known directory 'Root': '/home/jenny/tensorflow-mri/actions-runner'
[2025-03-19 13:48:49Z INFO HostContext] Well known directory 'Work': '/home/jenny/tensorflow-mri/actions-runner/_work'
[2025-03-19 13:48:49Z INFO HostContext] Well known directory 'Temp': '/home/jenny/tensorflow-mri/actions-runner/_work/_temp'
[2025-03-19 13:48:49Z INFO HostContext] Well known directory 'Bin': '/home/jenny/tensorflow-mri/actions-runner/bin'
[2025-03-19 13:48:49Z INFO HostContext] Well known directory 'Root': '/home/jenny/tensorflow-mri/actions-runner'
[2025-03-19 13:48:49Z INFO HostContext] Well known directory 'Work': '/home/jenny/tensorflow-mri/actions-runner/_work'
[2025-03-19 13:48:49Z INFO HostContext] Well known directory 'Temp': '/home/jenny/tensorflow-mri/actions-runner/_work/_temp'
[2025-03-19 13:48:49Z INFO HostContext] Well known directory 'Bin': '/home/jenny/tensorflow-mri/actions-runner/bin'
[2025-03-19 13:48:49Z INFO HostContext] Well known directory 'Root': '/home/jenny/tensorflow-mri/actions-runner'
[2025-03-19 13:48:49Z INFO HostContext] Well known directory 'Work': '/home/jenny/tensorflow-mri/actions-runner/_work'
[2025-03-19 13:48:49Z INFO HostContext] Well known directory 'Actions': '/home/jenny/tensorflow-mri/actions-runner/_work/_actions'
[2025-03-19 13:48:49Z INFO HostContext] Well known directory 'Bin': '/home/jenny/tensorflow-mri/actions-runner/bin'
[2025-03-19 13:48:49Z INFO HostContext] Well known directory 'Root': '/home/jenny/tensorflow-mri/actions-runner'
[2025-03-19 13:48:49Z INFO HostContext] Well known directory 'Work': '/home/jenny/tensorflow-mri/actions-runner/_work'
[2025-03-19 13:48:49Z INFO HostContext] Well known directory 'Actions': '/home/jenny/tensorflow-mri/actions-runner/_work/_actions'
[2025-03-19 13:48:49Z INFO HostContext] Well known directory 'Bin': '/home/jenny/tensorflow-mri/actions-runner/bin'
[2025-03-19 13:48:49Z INFO HostContext] Well known directory 'Root': '/home/jenny/tensorflow-mri/actions-runner'
[2025-03-19 13:48:49Z INFO HostContext] Well known directory 'Work': '/home/jenny/tensorflow-mri/actions-runner/_work'
[2025-03-19 13:48:49Z INFO HostContext] Well known directory 'Tools': '/home/jenny/tensorflow-mri/actions-runner/_work/_tool'
[2025-03-19 13:48:49Z INFO HostContext] Well known directory 'Bin': '/home/jenny/tensorflow-mri/actions-runner/bin'
[2025-03-19 13:48:49Z INFO HostContext] Well known directory 'Root': '/home/jenny/tensorflow-mri/actions-runner'
[2025-03-19 13:48:49Z INFO HostContext] Well known directory 'Work': '/home/jenny/tensorflow-mri/actions-runner/_work'
[2025-03-19 13:48:49Z INFO HostContext] Well known directory 'Tools': '/home/jenny/tensorflow-mri/actions-runner/_work/_tool'
[2025-03-19 13:48:49Z INFO HostContext] Well known directory 'Bin': '/home/jenny/tensorflow-mri/actions-runner/bin'
[2025-03-19 13:48:49Z INFO HostContext] Well known directory 'Root': '/home/jenny/tensorflow-mri/actions-runner'
[2025-03-19 13:48:49Z INFO HostContext] Well known directory 'Work': '/home/jenny/tensorflow-mri/actions-runner/_work'
[2025-03-19 13:48:49Z INFO HostContext] Well known directory 'Temp': '/home/jenny/tensorflow-mri/actions-runner/_work/_temp'
[2025-03-19 13:48:49Z INFO HostContext] Well known directory 'Bin': '/home/jenny/tensorflow-mri/actions-runner/bin'
[2025-03-19 13:48:49Z INFO HostContext] Well known directory 'Root': '/home/jenny/tensorflow-mri/actions-runner'
[2025-03-19 13:48:49Z INFO HostContext] Well known directory 'Work': '/home/jenny/tensorflow-mri/actions-runner/_work'
[2025-03-19 13:48:49Z INFO HostContext] Well known directory 'Temp': '/home/jenny/tensorflow-mri/actions-runner/_work/_temp'
[2025-03-19 13:48:49Z INFO ProcessInvokerWrapper] Starting process:
[2025-03-19 13:48:49Z INFO ProcessInvokerWrapper]   File name: '/usr/bin/docker'
[2025-03-19 13:48:49Z INFO ProcessInvokerWrapper]   Arguments: 'create --name 028849c227a24230a7774e0f0dff55df_ghcriomrphystensorflowmanylinux1140_b9814c --label b6156e --workdir /__w/tensorflow-mri/tensorflow-mri --network github_network_0fd2e70a9afc457a8cd479c7c360dd18  -e "HOME=/github/home" -e GITHUB_ACTIONS=true -e CI=true -v "/var/run/docker.sock":"/var/run/docker.sock" -v "/home/jenny/tensorflow-mri/actions-runner/_work":"/__w" -v "/home/jenny/tensorflow-mri/actions-runner/externals":"/__e":ro -v "/home/jenny/tensorflow-mri/actions-runner/_work/_temp":"/__w/_temp" -v "/home/jenny/tensorflow-mri/actions-runner/_work/_actions":"/__w/_actions" -v "/home/jenny/tensorflow-mri/actions-runner/_work/_tool":"/__w/_tool" -v "/home/jenny/tensorflow-mri/actions-runner/_work/_temp/_github_home":"/github/home" -v "/home/jenny/tensorflow-mri/actions-runner/_work/_temp/_github_workflow":"/github/workflow" --entrypoint "tail" ghcr.io/mrphys/tensorflow-manylinux:1.14.0 "-f" "/dev/null"'
[2025-03-19 13:48:49Z INFO ProcessInvokerWrapper]   Working directory: '/home/jenny/tensorflow-mri/actions-runner/_work/tensorflow-mri/tensorflow-mri'
[2025-03-19 13:48:49Z INFO ProcessInvokerWrapper]   Require exit code zero: 'True'
[2025-03-19 13:48:49Z INFO ProcessInvokerWrapper]   Encoding web name:  ; code page: ''
[2025-03-19 13:48:49Z INFO ProcessInvokerWrapper]   Force kill process on cancellation: 'False'
[2025-03-19 13:48:49Z INFO ProcessInvokerWrapper]   Redirected STDIN: 'False'
[2025-03-19 13:48:49Z INFO ProcessInvokerWrapper]   Persist current code page: 'False'
[2025-03-19 13:48:49Z INFO ProcessInvokerWrapper]   Keep redirected STDIN open: 'False'
[2025-03-19 13:48:49Z INFO ProcessInvokerWrapper]   High priority process: 'False'
[2025-03-19 13:48:49Z INFO ProcessInvokerWrapper] Updated oom_score_adj to 500 for PID: 1911505.
[2025-03-19 13:48:49Z INFO ProcessInvokerWrapper] Process started with process id 1911505, waiting for process exit.
[2025-03-19 13:48:49Z INFO JobServerQueue] Got a step log file to send to results service.
[2025-03-19 13:48:49Z INFO JobServerQueue] Starting upload of step log file to results service ResultsLog, /home/jenny/tensorflow-mri/actions-runner/_diag/blocks/5b2cb858-9d8b-4489-a424-71acb1f501b7_b64c8d0b-2b11-4973-97a9-4459d552cab1.1
[2025-03-19 13:48:49Z INFO ProcessInvokerWrapper] STDOUT/STDERR stream read finished.
[2025-03-19 13:48:49Z INFO ProcessInvokerWrapper] STDOUT/STDERR stream read finished.
[2025-03-19 13:48:49Z INFO ProcessInvokerWrapper] Finished process 1911505 with exit code 0, and elapsed time 00:00:00.0435099.
[2025-03-19 13:48:49Z INFO ProcessInvokerWrapper] Starting process:
[2025-03-19 13:48:49Z INFO ProcessInvokerWrapper]   File name: '/usr/bin/docker'
[2025-03-19 13:48:49Z INFO ProcessInvokerWrapper]   Arguments: 'start dfe63235034cb3f3258bb7318be88a90237c80d3c769b9ff8cce3f8374841aee'
[2025-03-19 13:48:49Z INFO ProcessInvokerWrapper]   Working directory: '/home/jenny/tensorflow-mri/actions-runner/_work/tensorflow-mri/tensorflow-mri'
[2025-03-19 13:48:49Z INFO ProcessInvokerWrapper]   Require exit code zero: 'False'
[2025-03-19 13:48:49Z INFO ProcessInvokerWrapper]   Encoding web name:  ; code page: ''
[2025-03-19 13:48:49Z INFO ProcessInvokerWrapper]   Force kill process on cancellation: 'False'
[2025-03-19 13:48:49Z INFO ProcessInvokerWrapper]   Redirected STDIN: 'False'
[2025-03-19 13:48:49Z INFO ProcessInvokerWrapper]   Persist current code page: 'False'
[2025-03-19 13:48:49Z INFO ProcessInvokerWrapper]   Keep redirected STDIN open: 'False'
[2025-03-19 13:48:49Z INFO ProcessInvokerWrapper]   High priority process: 'False'
[2025-03-19 13:48:49Z INFO ProcessInvokerWrapper] Updated oom_score_adj to 500 for PID: 1911518.
[2025-03-19 13:48:49Z INFO ProcessInvokerWrapper] Process started with process id 1911518, waiting for process exit.
[2025-03-19 13:48:50Z INFO JobServerQueue] Try to append 1 batches web console lines for record 'd030ce07-167f-4c55-9b42-a7256512d18c', success rate: 1/1.
[2025-03-19 13:48:50Z INFO ProcessInvokerWrapper] STDOUT/STDERR stream read finished.
[2025-03-19 13:48:50Z INFO ProcessInvokerWrapper] STDOUT/STDERR stream read finished.
[2025-03-19 13:48:50Z INFO ProcessInvokerWrapper] Finished process 1911518 with exit code 0, and elapsed time 00:00:00.1943520.
[2025-03-19 13:48:50Z INFO ProcessInvokerWrapper] Starting process:
[2025-03-19 13:48:50Z INFO ProcessInvokerWrapper]   File name: '/usr/bin/docker'
[2025-03-19 13:48:50Z INFO ProcessInvokerWrapper]   Arguments: 'ps --all --filter id=dfe63235034cb3f3258bb7318be88a90237c80d3c769b9ff8cce3f8374841aee --filter status=running --no-trunc --format "{{.ID}} {{.Status}}"'
[2025-03-19 13:48:50Z INFO ProcessInvokerWrapper]   Working directory: '/home/jenny/tensorflow-mri/actions-runner/_work/tensorflow-mri/tensorflow-mri'
[2025-03-19 13:48:50Z INFO ProcessInvokerWrapper]   Require exit code zero: 'True'
[2025-03-19 13:48:50Z INFO ProcessInvokerWrapper]   Encoding web name:  ; code page: ''
[2025-03-19 13:48:50Z INFO ProcessInvokerWrapper]   Force kill process on cancellation: 'False'
[2025-03-19 13:48:50Z INFO ProcessInvokerWrapper]   Redirected STDIN: 'False'
[2025-03-19 13:48:50Z INFO ProcessInvokerWrapper]   Persist current code page: 'False'
[2025-03-19 13:48:50Z INFO ProcessInvokerWrapper]   Keep redirected STDIN open: 'False'
[2025-03-19 13:48:50Z INFO ProcessInvokerWrapper]   High priority process: 'False'
[2025-03-19 13:48:50Z INFO ProcessInvokerWrapper] Updated oom_score_adj to 500 for PID: 1911682.
[2025-03-19 13:48:50Z INFO ProcessInvokerWrapper] Process started with process id 1911682, waiting for process exit.
[2025-03-19 13:48:50Z INFO ProcessInvokerWrapper] STDOUT/STDERR stream read finished.
[2025-03-19 13:48:50Z INFO ProcessInvokerWrapper] STDOUT/STDERR stream read finished.
[2025-03-19 13:48:50Z INFO ProcessInvokerWrapper] Finished process 1911682 with exit code 0, and elapsed time 00:00:00.0108679.
[2025-03-19 13:48:50Z INFO ProcessInvokerWrapper] Starting process:
[2025-03-19 13:48:50Z INFO ProcessInvokerWrapper]   File name: '/usr/bin/docker'
[2025-03-19 13:48:50Z INFO ProcessInvokerWrapper]   Arguments: 'inspect --format "{{range .Config.Env}}{{println .}}{{end}}" dfe63235034cb3f3258bb7318be88a90237c80d3c769b9ff8cce3f8374841aee'
[2025-03-19 13:48:50Z INFO ProcessInvokerWrapper]   Working directory: '/home/jenny/tensorflow-mri/actions-runner/_work/tensorflow-mri/tensorflow-mri'
[2025-03-19 13:48:50Z INFO ProcessInvokerWrapper]   Require exit code zero: 'True'
[2025-03-19 13:48:50Z INFO ProcessInvokerWrapper]   Encoding web name:  ; code page: ''
[2025-03-19 13:48:50Z INFO ProcessInvokerWrapper]   Force kill process on cancellation: 'False'
[2025-03-19 13:48:50Z INFO ProcessInvokerWrapper]   Redirected STDIN: 'False'
[2025-03-19 13:48:50Z INFO ProcessInvokerWrapper]   Persist current code page: 'False'
[2025-03-19 13:48:50Z INFO ProcessInvokerWrapper]   Keep redirected STDIN open: 'False'
[2025-03-19 13:48:50Z INFO ProcessInvokerWrapper]   High priority process: 'False'
[2025-03-19 13:48:50Z INFO ProcessInvokerWrapper] Updated oom_score_adj to 500 for PID: 1911692.
[2025-03-19 13:48:50Z INFO ProcessInvokerWrapper] Process started with process id 1911692, waiting for process exit.
[2025-03-19 13:48:50Z INFO ProcessInvokerWrapper] STDOUT/STDERR stream read finished.
[2025-03-19 13:48:50Z INFO ProcessInvokerWrapper] STDOUT/STDERR stream read finished.
[2025-03-19 13:48:50Z INFO ProcessInvokerWrapper] Finished process 1911692 with exit code 0, and elapsed time 00:00:00.0110172.
[2025-03-19 13:48:50Z INFO StepsRunner] Step result: 
[2025-03-19 13:48:50Z INFO ExecutionContext] Publish step telemetry for current step {
  "action": "initialize_containers",
  "type": "runner",
  "stage": "Pre",
  "stepId": "d030ce07-167f-4c55-9b42-a7256512d18c",
  "stepContextName": "d030ce07167f4c559b42a7256512d18c",
  "result": "succeeded",
  "errorMessages": [],
  "executionTimeInSeconds": 2,
  "startTime": "2025-03-19T13:48:48.8330788Z",
  "finishTime": "2025-03-19T13:48:50.0808736Z"
}.
[2025-03-19 13:48:50Z INFO StepsRunner] No need for updating job result with current step result 'Succeeded'.
[2025-03-19 13:48:50Z INFO StepsRunner] Current state: job state = ''
[2025-03-19 13:48:50Z INFO StepsRunner] Processing step: DisplayName='Checkout code'
[2025-03-19 13:48:50Z INFO StepsRunner] Evaluating: success()
[2025-03-19 13:48:50Z INFO StepsRunner] Result: true
[2025-03-19 13:48:50Z INFO StepsRunner] Starting the step.
[2025-03-19 13:48:50Z INFO HostContext] Well known directory 'Bin': '/home/jenny/tensorflow-mri/actions-runner/bin'
[2025-03-19 13:48:50Z INFO HostContext] Well known directory 'Root': '/home/jenny/tensorflow-mri/actions-runner'
[2025-03-19 13:48:50Z INFO HostContext] Well known directory 'Work': '/home/jenny/tensorflow-mri/actions-runner/_work'
[2025-03-19 13:48:50Z INFO HostContext] Well known directory 'Actions': '/home/jenny/tensorflow-mri/actions-runner/_work/_actions'
[2025-03-19 13:48:50Z INFO ActionManager] Load action that reference repository from '/home/jenny/tensorflow-mri/actions-runner/_work/_actions/actions/checkout/v4'
[2025-03-19 13:48:50Z INFO HostContext] Well known directory 'Bin': '/home/jenny/tensorflow-mri/actions-runner/bin'
[2025-03-19 13:48:50Z INFO HostContext] Well known directory 'Root': '/home/jenny/tensorflow-mri/actions-runner'
[2025-03-19 13:48:50Z INFO HostContext] Well known directory 'Work': '/home/jenny/tensorflow-mri/actions-runner/_work'
[2025-03-19 13:48:50Z INFO HostContext] Well known directory 'Actions': '/home/jenny/tensorflow-mri/actions-runner/_work/_actions'
[2025-03-19 13:48:50Z INFO ActionManifestManager] Loaded action.yml file: {
  "name": "Checkout",
  "description": "Checkout a Git repository at a particular version",
  "inputs": {
    "type": 2,
    "map": [
      {
        "key": {
          "type": 0,
          "file": 2,
          "line": 4,
          "col": 3,
          "lit": "repository"
        },
        "value": {
          "type": 3,
          "file": 2,
          "line": 6,
          "col": 14,
          "expr": "github.repository"
        }
      },
      {
        "key": {
          "type": 0,
          "file": 2,
          "line": 7,
          "col": 3,
          "lit": "ref"
        },
        "value": ""
      },
      {
        "key": {
          "type": 0,
          "file": 2,
          "line": 12,
          "col": 3,
          "lit": "token"
        },
        "value": {
          "type": 3,
          "file": 2,
          "line": 24,
          "col": 14,
          "expr": "github.token"
        }
      },
      {
        "key": {
          "type": 0,
          "file": 2,
          "line": 25,
          "col": 3,
          "lit": "ssh-key"
        },
        "value": ""
      },
      {
        "key": {
          "type": 0,
          "file": 2,
          "line": 37,
          "col": 3,
          "lit": "ssh-known-hosts"
        },
        "value": ""
      },
      {
        "key": {
          "type": 0,
          "file": 2,
          "line": 42,
          "col": 3,
          "lit": "ssh-strict"
        },
        "value": {
          "type": 0,
          "file": 2,
          "line": 47,
          "col": 14,
          "lit": "true"
        }
      },
      {
        "key": {
          "type": 0,
          "file": 2,
          "line": 48,
          "col": 3,
          "lit": "ssh-user"
        },
        "value": {
          "type": 0,
          "file": 2,
          "line": 51,
          "col": 14,
          "lit": "git"
        }
      },
      {
        "key": {
          "type": 0,
          "file": 2,
          "line": 52,
          "col": 3,
          "lit": "persist-credentials"
        },
        "value": {
          "type": 0,
          "file": 2,
          "line": 54,
          "col": 14,
          "lit": "true"
        }
      },
      {
        "key": {
          "type": 0,
          "file": 2,
          "line": 55,
          "col": 3,
          "lit": "path"
        },
        "value": ""
      },
      {
        "key": {
          "type": 0,
          "file": 2,
          "line": 57,
          "col": 3,
          "lit": "clean"
        },
        "value": {
          "type": 0,
          "file": 2,
          "line": 59,
          "col": 14,
          "lit": "true"
        }
      },
      {
        "key": {
          "type": 0,
          "file": 2,
          "line": 60,
          "col": 3,
          "lit": "filter"
        },
        "value": {
          "type": 0,
          "file": 2,
          "line": 64,
          "col": 14,
          "lit": ""
        }
      },
      {
        "key": {
          "type": 0,
          "file": 2,
          "line": 65,
          "col": 3,
          "lit": "sparse-checkout"
        },
        "value": {
          "type": 0,
          "file": 2,
          "line": 69,
          "col": 14,
          "lit": ""
        }
      },
      {
        "key": {
          "type": 0,
          "file": 2,
          "line": 70,
          "col": 3,
          "lit": "sparse-checkout-cone-mode"
        },
        "value": {
          "type": 0,
          "file": 2,
          "line": 73,
          "col": 14,
          "lit": "true"
        }
      },
      {
        "key": {
          "type": 0,
          "file": 2,
          "line": 74,
          "col": 3,
          "lit": "fetch-depth"
        },
        "value": {
          "type": 0,
          "file": 2,
          "line": 76,
          "col": 14,
          "lit": "1"
        }
      },
      {
        "key": {
          "type": 0,
          "file": 2,
          "line": 77,
          "col": 3,
          "lit": "fetch-tags"
        },
        "value": {
          "type": 0,
          "file": 2,
          "line": 79,
          "col": 14,
          "lit": "false"
        }
      },
      {
        "key": {
          "type": 0,
          "file": 2,
          "line": 80,
          "col": 3,
          "lit": "show-progress"
        },
        "value": {
          "type": 0,
          "file": 2,
          "line": 82,
          "col": 14,
          "lit": "true"
        }
      },
      {
        "key": {
          "type": 0,
          "file": 2,
          "line": 83,
          "col": 3,
          "lit": "lfs"
        },
        "value": {
          "type": 0,
          "file": 2,
          "line": 85,
          "col": 14,
          "lit": "false"
        }
      },
      {
        "key": {
          "type": 0,
          "file": 2,
          "line": 86,
          "col": 3,
          "lit": "submodules"
        },
        "value": {
          "type": 0,
          "file": 2,
          "line": 94,
          "col": 14,
          "lit": "false"
        }
      },
      {
        "key": {
          "type": 0,
          "file": 2,
          "line": 95,
          "col": 3,
          "lit": "set-safe-directory"
        },
        "value": {
          "type": 0,
          "file": 2,
          "line": 97,
          "col": 14,
          "lit": "true"
        }
      },
      {
        "key": {
          "type": 0,
          "file": 2,
          "line": 98,
          "col": 3,
          "lit": "github-server-url"
        },
        "value": ""
      }
    ]
  },
  "execution": {
    "executionType": "nodeJS",
    "hasPre": false,
    "hasPost": true,
    "script": "dist/index.js",
    "pre": null,
    "post": "dist/index.js",
    "nodeVersion": "node20",
    "cleanupCondition": "always()",
    "initCondition": "always()"
  },
  "deprecated": null
}
[2025-03-19 13:48:50Z INFO ActionManager] Action pre node.js file: N/A.
[2025-03-19 13:48:50Z INFO ActionManager] Action node.js file: dist/index.js.
[2025-03-19 13:48:50Z INFO ActionManager] Action post node.js file: dist/index.js.
[2025-03-19 13:48:50Z INFO HostContext] Well known directory 'Bin': '/home/jenny/tensorflow-mri/actions-runner/bin'
[2025-03-19 13:48:50Z INFO HostContext] Well known directory 'Root': '/home/jenny/tensorflow-mri/actions-runner'
[2025-03-19 13:48:50Z INFO HostContext] Well known directory 'Diag': '/home/jenny/tensorflow-mri/actions-runner/_diag'
[2025-03-19 13:48:50Z INFO HostContext] Well known directory 'Bin': '/home/jenny/tensorflow-mri/actions-runner/bin'
[2025-03-19 13:48:50Z INFO HostContext] Well known directory 'Root': '/home/jenny/tensorflow-mri/actions-runner'
[2025-03-19 13:48:50Z INFO HostContext] Well known directory 'Diag': '/home/jenny/tensorflow-mri/actions-runner/_diag'
[2025-03-19 13:48:50Z INFO HostContext] Well known directory 'Bin': '/home/jenny/tensorflow-mri/actions-runner/bin'
[2025-03-19 13:48:50Z INFO HostContext] Well known directory 'Root': '/home/jenny/tensorflow-mri/actions-runner'
[2025-03-19 13:48:50Z INFO HostContext] Well known directory 'Work': '/home/jenny/tensorflow-mri/actions-runner/_work'
[2025-03-19 13:48:50Z INFO HostContext] Well known directory 'Temp': '/home/jenny/tensorflow-mri/actions-runner/_work/_temp'
[2025-03-19 13:48:50Z INFO ExecutionContext] Write event payload to /home/jenny/tensorflow-mri/actions-runner/_work/_temp/_github_workflow/event.json
[2025-03-19 13:48:50Z INFO HostContext] Well known directory 'Bin': '/home/jenny/tensorflow-mri/actions-runner/bin'
[2025-03-19 13:48:50Z INFO HostContext] Well known directory 'Root': '/home/jenny/tensorflow-mri/actions-runner'
[2025-03-19 13:48:50Z INFO HostContext] Well known directory 'Work': '/home/jenny/tensorflow-mri/actions-runner/_work'
[2025-03-19 13:48:50Z INFO HostContext] Well known directory 'Temp': '/home/jenny/tensorflow-mri/actions-runner/_work/_temp'
[2025-03-19 13:48:50Z INFO ExtensionManager] Getting extensions for interface: 'GitHub.Runner.Worker.IFileCommandExtension'
[2025-03-19 13:48:50Z INFO ExtensionManager] Creating instance: GitHub.Runner.Worker.AddPathFileCommand, Runner.Worker
[2025-03-19 13:48:50Z INFO ExtensionManager] Creating instance: GitHub.Runner.Worker.SetEnvFileCommand, Runner.Worker
[2025-03-19 13:48:50Z INFO ExtensionManager] Creating instance: GitHub.Runner.Worker.CreateStepSummaryCommand, Runner.Worker
[2025-03-19 13:48:50Z INFO ExtensionManager] Creating instance: GitHub.Runner.Worker.SaveStateFileCommand, Runner.Worker
[2025-03-19 13:48:50Z INFO ExtensionManager] Creating instance: GitHub.Runner.Worker.SetOutputFileCommand, Runner.Worker
[2025-03-19 13:48:50Z INFO ActionManifestManager] Input 'repository': default value evaluate result: {
  "type": 0,
  "file": 2,
  "line": 6,
  "col": 14,
  "lit": "mrphys/tensorflow-mri"
}
[2025-03-19 13:48:50Z INFO ActionManifestManager] Input 'ref': default value evaluate result: ""
[2025-03-19 13:48:50Z INFO ActionManifestManager] Input 'token': default value evaluate result: {
  "type": 0,
  "file": 2,
  "line": 24,
  "col": 14,
  "lit": "***"
}
[2025-03-19 13:48:50Z INFO ActionManifestManager] Input 'ssh-key': default value evaluate result: ""
[2025-03-19 13:48:50Z INFO ActionManifestManager] Input 'ssh-known-hosts': default value evaluate result: ""
[2025-03-19 13:48:50Z INFO ActionManifestManager] Input 'ssh-strict': default value evaluate result: {
  "type": 0,
  "file": 2,
  "line": 47,
  "col": 14,
  "lit": "true"
}
[2025-03-19 13:48:50Z INFO ActionManifestManager] Input 'ssh-user': default value evaluate result: {
  "type": 0,
  "file": 2,
  "line": 51,
  "col": 14,
  "lit": "git"
}
[2025-03-19 13:48:50Z INFO ActionManifestManager] Input 'persist-credentials': default value evaluate result: {
  "type": 0,
  "file": 2,
  "line": 54,
  "col": 14,
  "lit": "true"
}
[2025-03-19 13:48:50Z INFO ActionManifestManager] Input 'clean': default value evaluate result: {
  "type": 0,
  "file": 2,
  "line": 59,
  "col": 14,
  "lit": "true"
}
[2025-03-19 13:48:50Z INFO ActionManifestManager] Input 'filter': default value evaluate result: {
  "type": 0,
  "file": 2,
  "line": 64,
  "col": 14,
  "lit": ""
}
[2025-03-19 13:48:50Z INFO ActionManifestManager] Input 'sparse-checkout': default value evaluate result: {
  "type": 0,
  "file": 2,
  "line": 69,
  "col": 14,
  "lit": ""
}
[2025-03-19 13:48:50Z INFO ActionManifestManager] Input 'sparse-checkout-cone-mode': default value evaluate result: {
  "type": 0,
  "file": 2,
  "line": 73,
  "col": 14,
  "lit": "true"
}
[2025-03-19 13:48:50Z INFO ActionManifestManager] Input 'fetch-depth': default value evaluate result: {
  "type": 0,
  "file": 2,
  "line": 76,
  "col": 14,
  "lit": "1"
}
[2025-03-19 13:48:50Z INFO ActionManifestManager] Input 'fetch-tags': default value evaluate result: {
  "type": 0,
  "file": 2,
  "line": 79,
  "col": 14,
  "lit": "false"
}
[2025-03-19 13:48:50Z INFO ActionManifestManager] Input 'show-progress': default value evaluate result: {
  "type": 0,
  "file": 2,
  "line": 82,
  "col": 14,
  "lit": "true"
}
[2025-03-19 13:48:50Z INFO ActionManifestManager] Input 'lfs': default value evaluate result: {
  "type": 0,
  "file": 2,
  "line": 85,
  "col": 14,
  "lit": "false"
}
[2025-03-19 13:48:50Z INFO ActionManifestManager] Input 'submodules': default value evaluate result: {
  "type": 0,
  "file": 2,
  "line": 94,
  "col": 14,
  "lit": "false"
}
[2025-03-19 13:48:50Z INFO ActionManifestManager] Input 'set-safe-directory': default value evaluate result: {
  "type": 0,
  "file": 2,
  "line": 97,
  "col": 14,
  "lit": "true"
}
[2025-03-19 13:48:50Z INFO ActionManifestManager] Input 'github-server-url': default value evaluate result: ""
[2025-03-19 13:48:50Z INFO ExtensionManager] Getting extensions for interface: 'GitHub.Runner.Worker.IActionCommandExtension'
[2025-03-19 13:48:50Z INFO ExtensionManager] Creating instance: GitHub.Runner.Worker.InternalPluginSetRepoPathCommandExtension, Runner.Worker
[2025-03-19 13:48:50Z INFO ExtensionManager] Creating instance: GitHub.Runner.Worker.SetEnvCommandExtension, Runner.Worker
[2025-03-19 13:48:50Z INFO ExtensionManager] Creating instance: GitHub.Runner.Worker.SetOutputCommandExtension, Runner.Worker
[2025-03-19 13:48:50Z INFO ExtensionManager] Creating instance: GitHub.Runner.Worker.SaveStateCommandExtension, Runner.Worker
[2025-03-19 13:48:50Z INFO ExtensionManager] Creating instance: GitHub.Runner.Worker.AddPathCommandExtension, Runner.Worker
[2025-03-19 13:48:50Z INFO ExtensionManager] Creating instance: GitHub.Runner.Worker.AddMaskCommandExtension, Runner.Worker
[2025-03-19 13:48:50Z INFO ExtensionManager] Creating instance: GitHub.Runner.Worker.AddMatcherCommandExtension, Runner.Worker
[2025-03-19 13:48:50Z INFO ExtensionManager] Creating instance: GitHub.Runner.Worker.RemoveMatcherCommandExtension, Runner.Worker
[2025-03-19 13:48:50Z INFO ExtensionManager] Creating instance: GitHub.Runner.Worker.WarningCommandExtension, Runner.Worker
[2025-03-19 13:48:50Z INFO ExtensionManager] Creating instance: GitHub.Runner.Worker.ErrorCommandExtension, Runner.Worker
[2025-03-19 13:48:50Z INFO ExtensionManager] Creating instance: GitHub.Runner.Worker.NoticeCommandExtension, Runner.Worker
[2025-03-19 13:48:50Z INFO ExtensionManager] Creating instance: GitHub.Runner.Worker.DebugCommandExtension, Runner.Worker
[2025-03-19 13:48:50Z INFO ExtensionManager] Creating instance: GitHub.Runner.Worker.GroupCommandExtension, Runner.Worker
[2025-03-19 13:48:50Z INFO ExtensionManager] Creating instance: GitHub.Runner.Worker.EndGroupCommandExtension, Runner.Worker
[2025-03-19 13:48:50Z INFO ExtensionManager] Creating instance: GitHub.Runner.Worker.EchoCommandExtension, Runner.Worker
[2025-03-19 13:48:50Z INFO ActionCommandManager] Register action command extension for command internal-set-repo-path
[2025-03-19 13:48:50Z INFO ActionCommandManager] Register action command extension for command set-env
[2025-03-19 13:48:50Z INFO ActionCommandManager] Register action command extension for command set-output
[2025-03-19 13:48:50Z INFO ActionCommandManager] Register action command extension for command save-state
[2025-03-19 13:48:50Z INFO ActionCommandManager] Register action command extension for command add-path
[2025-03-19 13:48:50Z INFO ActionCommandManager] Register action command extension for command add-mask
[2025-03-19 13:48:50Z INFO ActionCommandManager] Register action command extension for command add-matcher
[2025-03-19 13:48:50Z INFO ActionCommandManager] Register action command extension for command remove-matcher
[2025-03-19 13:48:50Z INFO ActionCommandManager] Register action command extension for command warning
[2025-03-19 13:48:50Z INFO ActionCommandManager] Register action command extension for command error
[2025-03-19 13:48:50Z INFO ActionCommandManager] Register action command extension for command notice
[2025-03-19 13:48:50Z INFO ActionCommandManager] Register action command extension for command debug
[2025-03-19 13:48:50Z INFO ActionCommandManager] Register action command extension for command group
[2025-03-19 13:48:50Z INFO ActionCommandManager] Register action command extension for command endgroup
[2025-03-19 13:48:50Z INFO ActionCommandManager] Register action command extension for command echo
[2025-03-19 13:48:50Z INFO HostContext] Well known directory 'Bin': '/home/jenny/tensorflow-mri/actions-runner/bin'
[2025-03-19 13:48:50Z INFO HostContext] Well known directory 'Root': '/home/jenny/tensorflow-mri/actions-runner'
[2025-03-19 13:48:50Z INFO HostContext] Well known directory 'Work': '/home/jenny/tensorflow-mri/actions-runner/_work'
[2025-03-19 13:48:50Z INFO ProcessInvokerWrapper] Starting process:
[2025-03-19 13:48:50Z INFO ProcessInvokerWrapper]   File name: '/usr/bin/docker'
[2025-03-19 13:48:50Z INFO ProcessInvokerWrapper]   Arguments: 'exec  dfe63235034cb3f3258bb7318be88a90237c80d3c769b9ff8cce3f8374841aee sh -c "cat /etc/*release | grep ^ID"'
[2025-03-19 13:48:50Z INFO ProcessInvokerWrapper]   Working directory: '/home/jenny/tensorflow-mri/actions-runner/_work'
[2025-03-19 13:48:50Z INFO ProcessInvokerWrapper]   Require exit code zero: 'False'
[2025-03-19 13:48:50Z INFO ProcessInvokerWrapper]   Encoding web name:  ; code page: ''
[2025-03-19 13:48:50Z INFO ProcessInvokerWrapper]   Force kill process on cancellation: 'False'
[2025-03-19 13:48:50Z INFO ProcessInvokerWrapper]   Redirected STDIN: 'False'
[2025-03-19 13:48:50Z INFO ProcessInvokerWrapper]   Persist current code page: 'False'
[2025-03-19 13:48:50Z INFO ProcessInvokerWrapper]   Keep redirected STDIN open: 'False'
[2025-03-19 13:48:50Z INFO ProcessInvokerWrapper]   High priority process: 'False'
[2025-03-19 13:48:50Z INFO ProcessInvokerWrapper] Updated oom_score_adj to 500 for PID: 1911703.
[2025-03-19 13:48:50Z INFO ProcessInvokerWrapper] Process started with process id 1911703, waiting for process exit.
[2025-03-19 13:48:50Z INFO JobServerQueue] Tried to upload 1 file(s) to results, success rate: 1/1.
[2025-03-19 13:48:50Z INFO ProcessInvokerWrapper] STDOUT/STDERR stream read finished.
[2025-03-19 13:48:50Z INFO ProcessInvokerWrapper] STDOUT/STDERR stream read finished.
[2025-03-19 13:48:50Z INFO ProcessInvokerWrapper] Finished process 1911703 with exit code 0, and elapsed time 00:00:00.0375399.
[2025-03-19 13:48:50Z INFO HostContext] Well known directory 'Bin': '/home/jenny/tensorflow-mri/actions-runner/bin'
[2025-03-19 13:48:50Z INFO HostContext] Well known directory 'Root': '/home/jenny/tensorflow-mri/actions-runner'
[2025-03-19 13:48:50Z INFO HostContext] Well known directory 'Externals': '/home/jenny/tensorflow-mri/actions-runner/externals'
[2025-03-19 13:48:50Z INFO HostContext] Well known directory 'Bin': '/home/jenny/tensorflow-mri/actions-runner/bin'
[2025-03-19 13:48:50Z INFO HostContext] Well known directory 'Root': '/home/jenny/tensorflow-mri/actions-runner'
[2025-03-19 13:48:50Z INFO HostContext] Well known directory 'Work': '/home/jenny/tensorflow-mri/actions-runner/_work'
[2025-03-19 13:48:50Z INFO ProcessInvokerWrapper] Starting process:
[2025-03-19 13:48:50Z INFO ProcessInvokerWrapper]   File name: '/usr/bin/docker'
[2025-03-19 13:48:50Z INFO ProcessInvokerWrapper]   Arguments: 'exec -i --workdir /__w/tensorflow-mri/tensorflow-mri -e "PYTHON" -e "INPUT_PATH" -e "INPUT_REPOSITORY" -e "INPUT_REF" -e "INPUT_TOKEN" -e "INPUT_SSH-KEY" -e "INPUT_SSH-KNOWN-HOSTS" -e "INPUT_SSH-STRICT" -e "INPUT_SSH-USER" -e "INPUT_PERSIST-CREDENTIALS" -e "INPUT_CLEAN" -e "INPUT_FILTER" -e "INPUT_SPARSE-CHECKOUT" -e "INPUT_SPARSE-CHECKOUT-CONE-MODE" -e "INPUT_FETCH-DEPTH" -e "INPUT_FETCH-TAGS" -e "INPUT_SHOW-PROGRESS" -e "INPUT_LFS" -e "INPUT_SUBMODULES" -e "INPUT_SET-SAFE-DIRECTORY" -e "INPUT_GITHUB-SERVER-URL" -e "GITHUB_JOB" -e "GITHUB_REF" -e "GITHUB_SHA" -e "GITHUB_REPOSITORY" -e "GITHUB_REPOSITORY_OWNER" -e "GITHUB_REPOSITORY_OWNER_ID" -e "GITHUB_RUN_ID" -e "GITHUB_RUN_NUMBER" -e "GITHUB_RETENTION_DAYS" -e "GITHUB_RUN_ATTEMPT" -e "GITHUB_ACTOR_ID" -e "GITHUB_ACTOR" -e "GITHUB_WORKFLOW" -e "GITHUB_HEAD_REF" -e "GITHUB_BASE_REF" -e "GITHUB_EVENT_NAME" -e "GITHUB_SERVER_URL" -e "GITHUB_API_URL" -e "GITHUB_GRAPHQL_URL" -e "GITHUB_REF_NAME" -e "GITHUB_REF_PROTECTED" -e "GITHUB_REF_TYPE" -e "GITHUB_WORKFLOW_REF" -e "GITHUB_WORKFLOW_SHA" -e "GITHUB_REPOSITORY_ID" -e "GITHUB_TRIGGERING_ACTOR" -e "GITHUB_WORKSPACE" -e "GITHUB_ACTION" -e "GITHUB_EVENT_PATH" -e "GITHUB_ACTION_REPOSITORY" -e "GITHUB_ACTION_REF" -e "GITHUB_PATH" -e "GITHUB_ENV" -e "GITHUB_STEP_SUMMARY" -e "GITHUB_STATE" -e "GITHUB_OUTPUT" -e "RUNNER_OS" -e "RUNNER_ARCH" -e "RUNNER_NAME" -e "RUNNER_ENVIRONMENT" -e "RUNNER_TOOL_CACHE" -e "RUNNER_TEMP" -e "RUNNER_WORKSPACE" -e "ACTIONS_RUNTIME_URL" -e "ACTIONS_RUNTIME_TOKEN" -e "ACTIONS_CACHE_URL" -e "ACTIONS_RESULTS_URL" -e "ACTIONS_CACHE_SERVICE_V2" dfe63235034cb3f3258bb7318be88a90237c80d3c769b9ff8cce3f8374841aee /__e/node20/bin/node /__w/_actions/actions/checkout/v4/dist/index.js'
[2025-03-19 13:48:50Z INFO ProcessInvokerWrapper]   Working directory: '/home/jenny/tensorflow-mri/actions-runner/_work'
[2025-03-19 13:48:50Z INFO ProcessInvokerWrapper]   Require exit code zero: 'False'
[2025-03-19 13:48:50Z INFO ProcessInvokerWrapper]   Encoding web name:  ; code page: ''
[2025-03-19 13:48:50Z INFO ProcessInvokerWrapper]   Force kill process on cancellation: 'False'
[2025-03-19 13:48:50Z INFO ProcessInvokerWrapper]   Redirected STDIN: 'False'
[2025-03-19 13:48:50Z INFO ProcessInvokerWrapper]   Persist current code page: 'False'
[2025-03-19 13:48:50Z INFO ProcessInvokerWrapper]   Keep redirected STDIN open: 'False'
[2025-03-19 13:48:50Z INFO ProcessInvokerWrapper]   High priority process: 'False'
[2025-03-19 13:48:50Z INFO ProcessInvokerWrapper] Updated oom_score_adj to 500 for PID: 1911733.
[2025-03-19 13:48:50Z INFO ProcessInvokerWrapper] Process started with process id 1911733, waiting for process exit.
[2025-03-19 13:48:50Z INFO JobServerQueue] Try to upload 1 log files or attachments, success rate: 1/1.
[2025-03-19 13:48:50Z INFO AddMaskCommandExtension] Add new secret mask with length of 76
[2025-03-19 13:48:50Z INFO JobServerQueue] Try to append 1 batches web console lines for record 'd030ce07-167f-4c55-9b42-a7256512d18c', success rate: 1/1.
[2025-03-19 13:48:50Z INFO JobServerQueue] Try to append 1 batches web console lines for record 'c423beb2-9f94-40b0-b907-fde5cb8afe2a', success rate: 1/1.
[2025-03-19 13:48:50Z INFO JobServerQueue] Try to append 1 batches web console lines for record 'c423beb2-9f94-40b0-b907-fde5cb8afe2a', success rate: 1/1.
[2025-03-19 13:48:50Z INFO JobServerQueue] Try to append 1 batches web console lines for record 'c423beb2-9f94-40b0-b907-fde5cb8afe2a', success rate: 1/1.
[2025-03-19 13:48:51Z INFO JobServerQueue] Try to append 1 batches web console lines for record 'c423beb2-9f94-40b0-b907-fde5cb8afe2a', success rate: 1/1.
[2025-03-19 13:48:51Z INFO ProcessInvokerWrapper] STDOUT/STDERR stream read finished.
[2025-03-19 13:48:51Z INFO ProcessInvokerWrapper] STDOUT/STDERR stream read finished.
[2025-03-19 13:48:51Z INFO ProcessInvokerWrapper] Finished process 1911733 with exit code 0, and elapsed time 00:00:00.8853929.
[2025-03-19 13:48:51Z INFO CreateStepSummaryCommand] Step Summary file (/home/jenny/tensorflow-mri/actions-runner/_work/_temp/_runner_file_commands/step_summary_a03c1e78-1b2e-42ca-aac9-99a09d04b77d) is empty; skipping attachment upload
[2025-03-19 13:48:51Z INFO StepsRunner] Step result: 
[2025-03-19 13:48:51Z INFO ExecutionContext] Publish step telemetry for current step {
  "action": "actions/checkout",
  "ref": "v4",
  "type": "node20",
  "stage": "Main",
  "stepId": "c423beb2-9f94-40b0-b907-fde5cb8afe2a",
  "stepContextName": "__actions_checkout",
  "hasPreStep": false,
  "hasPostStep": true,
  "result": "succeeded",
  "errorMessages": [],
  "executionTimeInSeconds": 1,
  "startTime": "2025-03-19T13:48:50.0814547Z",
  "finishTime": "2025-03-19T13:48:51.03766Z"
}.
[2025-03-19 13:48:51Z INFO StepsRunner] No need for updating job result with current step result 'Succeeded'.
[2025-03-19 13:48:51Z INFO StepsRunner] Current state: job state = ''
[2025-03-19 13:48:51Z INFO StepsRunner] Processing step: DisplayName='Free Disk Space Before Build'
[2025-03-19 13:48:51Z INFO StepsRunner] Evaluating: success()
[2025-03-19 13:48:51Z INFO StepsRunner] Result: true
[2025-03-19 13:48:51Z INFO StepsRunner] Starting the step.
[2025-03-19 13:48:51Z INFO HostContext] Well known directory 'Bin': '/home/jenny/tensorflow-mri/actions-runner/bin'
[2025-03-19 13:48:51Z INFO HostContext] Well known directory 'Root': '/home/jenny/tensorflow-mri/actions-runner'
[2025-03-19 13:48:51Z INFO HostContext] Well known directory 'Work': '/home/jenny/tensorflow-mri/actions-runner/_work'
[2025-03-19 13:48:51Z INFO HostContext] Well known directory 'Temp': '/home/jenny/tensorflow-mri/actions-runner/_work/_temp'
[2025-03-19 13:48:51Z INFO ExecutionContext] Write event payload to /home/jenny/tensorflow-mri/actions-runner/_work/_temp/_github_workflow/event.json
[2025-03-19 13:48:51Z INFO HostContext] Well known directory 'Bin': '/home/jenny/tensorflow-mri/actions-runner/bin'
[2025-03-19 13:48:51Z INFO HostContext] Well known directory 'Root': '/home/jenny/tensorflow-mri/actions-runner'
[2025-03-19 13:48:51Z INFO HostContext] Well known directory 'Work': '/home/jenny/tensorflow-mri/actions-runner/_work'
[2025-03-19 13:48:51Z INFO HostContext] Well known directory 'Temp': '/home/jenny/tensorflow-mri/actions-runner/_work/_temp'
[2025-03-19 13:48:51Z INFO ExtensionManager] Getting extensions for interface: 'GitHub.Runner.Worker.IFileCommandExtension'
[2025-03-19 13:48:51Z INFO ExtensionManager] Getting extensions for interface: 'GitHub.Runner.Worker.IActionCommandExtension'
[2025-03-19 13:48:51Z INFO ActionCommandManager] Register action command extension for command internal-set-repo-path
[2025-03-19 13:48:51Z INFO ActionCommandManager] Register action command extension for command set-env
[2025-03-19 13:48:51Z INFO ActionCommandManager] Register action command extension for command set-output
[2025-03-19 13:48:51Z INFO ActionCommandManager] Register action command extension for command save-state
[2025-03-19 13:48:51Z INFO ActionCommandManager] Register action command extension for command add-path
[2025-03-19 13:48:51Z INFO ActionCommandManager] Register action command extension for command add-mask
[2025-03-19 13:48:51Z INFO ActionCommandManager] Register action command extension for command add-matcher
[2025-03-19 13:48:51Z INFO ActionCommandManager] Register action command extension for command remove-matcher
[2025-03-19 13:48:51Z INFO ActionCommandManager] Register action command extension for command warning
[2025-03-19 13:48:51Z INFO ActionCommandManager] Register action command extension for command error
[2025-03-19 13:48:51Z INFO ActionCommandManager] Register action command extension for command notice
[2025-03-19 13:48:51Z INFO ActionCommandManager] Register action command extension for command debug
[2025-03-19 13:48:51Z INFO ActionCommandManager] Register action command extension for command group
[2025-03-19 13:48:51Z INFO ActionCommandManager] Register action command extension for command endgroup
[2025-03-19 13:48:51Z INFO ActionCommandManager] Register action command extension for command echo
[2025-03-19 13:48:51Z INFO HostContext] Well known directory 'Bin': '/home/jenny/tensorflow-mri/actions-runner/bin'
[2025-03-19 13:48:51Z INFO HostContext] Well known directory 'Root': '/home/jenny/tensorflow-mri/actions-runner'
[2025-03-19 13:48:51Z INFO HostContext] Well known directory 'Work': '/home/jenny/tensorflow-mri/actions-runner/_work'
[2025-03-19 13:48:51Z INFO HostContext] Well known directory 'Temp': '/home/jenny/tensorflow-mri/actions-runner/_work/_temp'
[2025-03-19 13:48:51Z INFO ScriptHandler] Which2: 'bash'
[2025-03-19 13:48:51Z INFO ScriptHandler] Location: '/usr/bin/bash'
[2025-03-19 13:48:51Z INFO HostContext] Well known directory 'Bin': '/home/jenny/tensorflow-mri/actions-runner/bin'
[2025-03-19 13:48:51Z INFO HostContext] Well known directory 'Root': '/home/jenny/tensorflow-mri/actions-runner'
[2025-03-19 13:48:51Z INFO HostContext] Well known directory 'Work': '/home/jenny/tensorflow-mri/actions-runner/_work'
[2025-03-19 13:48:51Z INFO ProcessInvokerWrapper] Starting process:
[2025-03-19 13:48:51Z INFO ProcessInvokerWrapper]   File name: '/usr/bin/docker'
[2025-03-19 13:48:51Z INFO ProcessInvokerWrapper]   Arguments: 'exec -i --workdir /__w/tensorflow-mri/tensorflow-mri -e "PYTHON" -e "GITHUB_JOB" -e "GITHUB_REF" -e "GITHUB_SHA" -e "GITHUB_REPOSITORY" -e "GITHUB_REPOSITORY_OWNER" -e "GITHUB_REPOSITORY_OWNER_ID" -e "GITHUB_RUN_ID" -e "GITHUB_RUN_NUMBER" -e "GITHUB_RETENTION_DAYS" -e "GITHUB_RUN_ATTEMPT" -e "GITHUB_ACTOR_ID" -e "GITHUB_ACTOR" -e "GITHUB_WORKFLOW" -e "GITHUB_HEAD_REF" -e "GITHUB_BASE_REF" -e "GITHUB_EVENT_NAME" -e "GITHUB_SERVER_URL" -e "GITHUB_API_URL" -e "GITHUB_GRAPHQL_URL" -e "GITHUB_REF_NAME" -e "GITHUB_REF_PROTECTED" -e "GITHUB_REF_TYPE" -e "GITHUB_WORKFLOW_REF" -e "GITHUB_WORKFLOW_SHA" -e "GITHUB_REPOSITORY_ID" -e "GITHUB_TRIGGERING_ACTOR" -e "GITHUB_WORKSPACE" -e "GITHUB_ACTION" -e "GITHUB_EVENT_PATH" -e "GITHUB_ACTION_REPOSITORY" -e "GITHUB_ACTION_REF" -e "GITHUB_PATH" -e "GITHUB_ENV" -e "GITHUB_STEP_SUMMARY" -e "GITHUB_STATE" -e "GITHUB_OUTPUT" -e "RUNNER_OS" -e "RUNNER_ARCH" -e "RUNNER_NAME" -e "RUNNER_ENVIRONMENT" -e "RUNNER_TOOL_CACHE" -e "RUNNER_TEMP" -e "RUNNER_WORKSPACE" dfe63235034cb3f3258bb7318be88a90237c80d3c769b9ff8cce3f8374841aee sh -e /__w/_temp/268ba7b7-9e85-4c58-9af5-cad2725c6bc7.sh'
[2025-03-19 13:48:51Z INFO ProcessInvokerWrapper]   Working directory: '/home/jenny/tensorflow-mri/actions-runner/_work'
[2025-03-19 13:48:51Z INFO ProcessInvokerWrapper]   Require exit code zero: 'False'
[2025-03-19 13:48:51Z INFO ProcessInvokerWrapper]   Encoding web name:  ; code page: ''
[2025-03-19 13:48:51Z INFO ProcessInvokerWrapper]   Force kill process on cancellation: 'False'
[2025-03-19 13:48:51Z INFO ProcessInvokerWrapper]   Redirected STDIN: 'False'
[2025-03-19 13:48:51Z INFO ProcessInvokerWrapper]   Persist current code page: 'False'
[2025-03-19 13:48:51Z INFO ProcessInvokerWrapper]   Keep redirected STDIN open: 'False'
[2025-03-19 13:48:51Z INFO ProcessInvokerWrapper]   High priority process: 'False'
[2025-03-19 13:48:51Z INFO ProcessInvokerWrapper] Updated oom_score_adj to 500 for PID: 1911973.
[2025-03-19 13:48:51Z INFO ProcessInvokerWrapper] Process started with process id 1911973, waiting for process exit.
[2025-03-19 13:48:51Z INFO JobServerQueue] Got a step log file to send to results service.
[2025-03-19 13:48:51Z INFO JobServerQueue] Starting upload of step log file to results service ResultsLog, /home/jenny/tensorflow-mri/actions-runner/_diag/blocks/5b2cb858-9d8b-4489-a424-71acb1f501b7_d030ce07-167f-4c55-9b42-a7256512d18c.1
[2025-03-19 13:48:51Z INFO ProcessInvokerWrapper] STDOUT/STDERR stream read finished.
[2025-03-19 13:48:51Z INFO ProcessInvokerWrapper] STDOUT/STDERR stream read finished.
[2025-03-19 13:48:51Z INFO ProcessInvokerWrapper] Finished process 1911973 with exit code 0, and elapsed time 00:00:00.0682060.
[2025-03-19 13:48:51Z INFO CreateStepSummaryCommand] Step Summary file (/home/jenny/tensorflow-mri/actions-runner/_work/_temp/_runner_file_commands/step_summary_bc7e21bd-4c22-4feb-9d99-cbd80e8e1900) is empty; skipping attachment upload
[2025-03-19 13:48:51Z INFO StepsRunner] Step result: 
[2025-03-19 13:48:51Z INFO ExecutionContext] Publish step telemetry for current step {
  "action": "sh",
  "type": "run",
  "stage": "Main",
  "stepId": "7a415b76-78b5-413d-87e4-904bb08756c9",
  "stepContextName": "__run",
  "result": "succeeded",
  "errorMessages": [],
  "executionTimeInSeconds": 1,
  "startTime": "2025-03-19T13:48:51.0382712Z",
  "finishTime": "2025-03-19T13:48:51.1146173Z"
}.
[2025-03-19 13:48:51Z INFO StepsRunner] No need for updating job result with current step result 'Succeeded'.
[2025-03-19 13:48:51Z INFO StepsRunner] Current state: job state = ''
[2025-03-19 13:48:51Z INFO StepsRunner] Processing step: DisplayName='Get directory'
[2025-03-19 13:48:51Z INFO StepsRunner] Evaluating: success()
[2025-03-19 13:48:51Z INFO StepsRunner] Result: true
[2025-03-19 13:48:51Z INFO StepsRunner] Starting the step.
[2025-03-19 13:48:51Z INFO HostContext] Well known directory 'Bin': '/home/jenny/tensorflow-mri/actions-runner/bin'
[2025-03-19 13:48:51Z INFO HostContext] Well known directory 'Root': '/home/jenny/tensorflow-mri/actions-runner'
[2025-03-19 13:48:51Z INFO HostContext] Well known directory 'Work': '/home/jenny/tensorflow-mri/actions-runner/_work'
[2025-03-19 13:48:51Z INFO HostContext] Well known directory 'Temp': '/home/jenny/tensorflow-mri/actions-runner/_work/_temp'
[2025-03-19 13:48:51Z INFO ExecutionContext] Write event payload to /home/jenny/tensorflow-mri/actions-runner/_work/_temp/_github_workflow/event.json
[2025-03-19 13:48:51Z INFO HostContext] Well known directory 'Bin': '/home/jenny/tensorflow-mri/actions-runner/bin'
[2025-03-19 13:48:51Z INFO HostContext] Well known directory 'Root': '/home/jenny/tensorflow-mri/actions-runner'
[2025-03-19 13:48:51Z INFO HostContext] Well known directory 'Work': '/home/jenny/tensorflow-mri/actions-runner/_work'
[2025-03-19 13:48:51Z INFO HostContext] Well known directory 'Temp': '/home/jenny/tensorflow-mri/actions-runner/_work/_temp'
[2025-03-19 13:48:51Z INFO ExtensionManager] Getting extensions for interface: 'GitHub.Runner.Worker.IFileCommandExtension'
[2025-03-19 13:48:51Z INFO ExtensionManager] Getting extensions for interface: 'GitHub.Runner.Worker.IActionCommandExtension'
[2025-03-19 13:48:51Z INFO ActionCommandManager] Register action command extension for command internal-set-repo-path
[2025-03-19 13:48:51Z INFO ActionCommandManager] Register action command extension for command set-env
[2025-03-19 13:48:51Z INFO ActionCommandManager] Register action command extension for command set-output
[2025-03-19 13:48:51Z INFO ActionCommandManager] Register action command extension for command save-state
[2025-03-19 13:48:51Z INFO ActionCommandManager] Register action command extension for command add-path
[2025-03-19 13:48:51Z INFO ActionCommandManager] Register action command extension for command add-mask
[2025-03-19 13:48:51Z INFO ActionCommandManager] Register action command extension for command add-matcher
[2025-03-19 13:48:51Z INFO ActionCommandManager] Register action command extension for command remove-matcher
[2025-03-19 13:48:51Z INFO ActionCommandManager] Register action command extension for command warning
[2025-03-19 13:48:51Z INFO ActionCommandManager] Register action command extension for command error
[2025-03-19 13:48:51Z INFO ActionCommandManager] Register action command extension for command notice
[2025-03-19 13:48:51Z INFO ActionCommandManager] Register action command extension for command debug
[2025-03-19 13:48:51Z INFO ActionCommandManager] Register action command extension for command group
[2025-03-19 13:48:51Z INFO ActionCommandManager] Register action command extension for command endgroup
[2025-03-19 13:48:51Z INFO ActionCommandManager] Register action command extension for command echo
[2025-03-19 13:48:51Z INFO HostContext] Well known directory 'Bin': '/home/jenny/tensorflow-mri/actions-runner/bin'
[2025-03-19 13:48:51Z INFO HostContext] Well known directory 'Root': '/home/jenny/tensorflow-mri/actions-runner'
[2025-03-19 13:48:51Z INFO HostContext] Well known directory 'Work': '/home/jenny/tensorflow-mri/actions-runner/_work'
[2025-03-19 13:48:51Z INFO HostContext] Well known directory 'Temp': '/home/jenny/tensorflow-mri/actions-runner/_work/_temp'
[2025-03-19 13:48:51Z INFO ScriptHandler] Which2: 'bash'
[2025-03-19 13:48:51Z INFO ScriptHandler] Location: '/usr/bin/bash'
[2025-03-19 13:48:51Z INFO HostContext] Well known directory 'Bin': '/home/jenny/tensorflow-mri/actions-runner/bin'
[2025-03-19 13:48:51Z INFO HostContext] Well known directory 'Root': '/home/jenny/tensorflow-mri/actions-runner'
[2025-03-19 13:48:51Z INFO HostContext] Well known directory 'Work': '/home/jenny/tensorflow-mri/actions-runner/_work'
[2025-03-19 13:48:51Z INFO ProcessInvokerWrapper] Starting process:
[2025-03-19 13:48:51Z INFO ProcessInvokerWrapper]   File name: '/usr/bin/docker'
[2025-03-19 13:48:51Z INFO ProcessInvokerWrapper]   Arguments: 'exec -i --workdir /__w/tensorflow-mri/tensorflow-mri -e "PYTHON" -e "GITHUB_JOB" -e "GITHUB_REF" -e "GITHUB_SHA" -e "GITHUB_REPOSITORY" -e "GITHUB_REPOSITORY_OWNER" -e "GITHUB_REPOSITORY_OWNER_ID" -e "GITHUB_RUN_ID" -e "GITHUB_RUN_NUMBER" -e "GITHUB_RETENTION_DAYS" -e "GITHUB_RUN_ATTEMPT" -e "GITHUB_ACTOR_ID" -e "GITHUB_ACTOR" -e "GITHUB_WORKFLOW" -e "GITHUB_HEAD_REF" -e "GITHUB_BASE_REF" -e "GITHUB_EVENT_NAME" -e "GITHUB_SERVER_URL" -e "GITHUB_API_URL" -e "GITHUB_GRAPHQL_URL" -e "GITHUB_REF_NAME" -e "GITHUB_REF_PROTECTED" -e "GITHUB_REF_TYPE" -e "GITHUB_WORKFLOW_REF" -e "GITHUB_WORKFLOW_SHA" -e "GITHUB_REPOSITORY_ID" -e "GITHUB_TRIGGERING_ACTOR" -e "GITHUB_WORKSPACE" -e "GITHUB_ACTION" -e "GITHUB_EVENT_PATH" -e "GITHUB_ACTION_REPOSITORY" -e "GITHUB_ACTION_REF" -e "GITHUB_PATH" -e "GITHUB_ENV" -e "GITHUB_STEP_SUMMARY" -e "GITHUB_STATE" -e "GITHUB_OUTPUT" -e "RUNNER_OS" -e "RUNNER_ARCH" -e "RUNNER_NAME" -e "RUNNER_ENVIRONMENT" -e "RUNNER_TOOL_CACHE" -e "RUNNER_TEMP" -e "RUNNER_WORKSPACE" dfe63235034cb3f3258bb7318be88a90237c80d3c769b9ff8cce3f8374841aee sh -e /__w/_temp/bcc6ce91-eb57-4dc6-89c8-e9409c68e57e.sh'
[2025-03-19 13:48:51Z INFO ProcessInvokerWrapper]   Working directory: '/home/jenny/tensorflow-mri/actions-runner/_work'
[2025-03-19 13:48:51Z INFO ProcessInvokerWrapper]   Require exit code zero: 'False'
[2025-03-19 13:48:51Z INFO ProcessInvokerWrapper]   Encoding web name:  ; code page: ''
[2025-03-19 13:48:51Z INFO ProcessInvokerWrapper]   Force kill process on cancellation: 'False'
[2025-03-19 13:48:51Z INFO ProcessInvokerWrapper]   Redirected STDIN: 'False'
[2025-03-19 13:48:51Z INFO ProcessInvokerWrapper]   Persist current code page: 'False'
[2025-03-19 13:48:51Z INFO ProcessInvokerWrapper]   Keep redirected STDIN open: 'False'
[2025-03-19 13:48:51Z INFO ProcessInvokerWrapper]   High priority process: 'False'
[2025-03-19 13:48:51Z INFO ProcessInvokerWrapper] Updated oom_score_adj to 500 for PID: 1912016.
[2025-03-19 13:48:51Z INFO ProcessInvokerWrapper] Process started with process id 1912016, waiting for process exit.
[2025-03-19 13:48:51Z INFO ProcessInvokerWrapper] STDOUT/STDERR stream read finished.
[2025-03-19 13:48:51Z INFO ProcessInvokerWrapper] STDOUT/STDERR stream read finished.
[2025-03-19 13:48:51Z INFO ProcessInvokerWrapper] Finished process 1912016 with exit code 0, and elapsed time 00:00:00.0364426.
[2025-03-19 13:48:51Z INFO CreateStepSummaryCommand] Step Summary file (/home/jenny/tensorflow-mri/actions-runner/_work/_temp/_runner_file_commands/step_summary_15636619-697a-4b63-b28a-509e1179cf3b) is empty; skipping attachment upload
[2025-03-19 13:48:51Z INFO StepsRunner] Step result: 
[2025-03-19 13:48:51Z INFO ExecutionContext] Publish step telemetry for current step {
  "action": "sh",
  "type": "run",
  "stage": "Main",
  "stepId": "e420c1ee-b544-482a-b444-e86d1d3c52b6",
  "stepContextName": "__run_2",
  "result": "succeeded",
  "errorMessages": [],
  "executionTimeInSeconds": 1,
  "startTime": "2025-03-19T13:48:51.1151196Z",
  "finishTime": "2025-03-19T13:48:51.1554926Z"
}.
[2025-03-19 13:48:51Z INFO StepsRunner] No need for updating job result with current step result 'Succeeded'.
[2025-03-19 13:48:51Z INFO StepsRunner] Current state: job state = ''
[2025-03-19 13:48:51Z INFO StepsRunner] Processing step: DisplayName='Lint code'
[2025-03-19 13:48:51Z INFO StepsRunner] Evaluating: success()
[2025-03-19 13:48:51Z INFO StepsRunner] Result: true
[2025-03-19 13:48:51Z INFO StepsRunner] Starting the step.
[2025-03-19 13:48:51Z INFO HostContext] Well known directory 'Bin': '/home/jenny/tensorflow-mri/actions-runner/bin'
[2025-03-19 13:48:51Z INFO HostContext] Well known directory 'Root': '/home/jenny/tensorflow-mri/actions-runner'
[2025-03-19 13:48:51Z INFO HostContext] Well known directory 'Work': '/home/jenny/tensorflow-mri/actions-runner/_work'
[2025-03-19 13:48:51Z INFO HostContext] Well known directory 'Temp': '/home/jenny/tensorflow-mri/actions-runner/_work/_temp'
[2025-03-19 13:48:51Z INFO ExecutionContext] Write event payload to /home/jenny/tensorflow-mri/actions-runner/_work/_temp/_github_workflow/event.json
[2025-03-19 13:48:51Z INFO HostContext] Well known directory 'Bin': '/home/jenny/tensorflow-mri/actions-runner/bin'
[2025-03-19 13:48:51Z INFO HostContext] Well known directory 'Root': '/home/jenny/tensorflow-mri/actions-runner'
[2025-03-19 13:48:51Z INFO HostContext] Well known directory 'Work': '/home/jenny/tensorflow-mri/actions-runner/_work'
[2025-03-19 13:48:51Z INFO HostContext] Well known directory 'Temp': '/home/jenny/tensorflow-mri/actions-runner/_work/_temp'
[2025-03-19 13:48:51Z INFO ExtensionManager] Getting extensions for interface: 'GitHub.Runner.Worker.IFileCommandExtension'
[2025-03-19 13:48:51Z INFO ExtensionManager] Getting extensions for interface: 'GitHub.Runner.Worker.IActionCommandExtension'
[2025-03-19 13:48:51Z INFO ActionCommandManager] Register action command extension for command internal-set-repo-path
[2025-03-19 13:48:51Z INFO ActionCommandManager] Register action command extension for command set-env
[2025-03-19 13:48:51Z INFO ActionCommandManager] Register action command extension for command set-output
[2025-03-19 13:48:51Z INFO ActionCommandManager] Register action command extension for command save-state
[2025-03-19 13:48:51Z INFO ActionCommandManager] Register action command extension for command add-path
[2025-03-19 13:48:51Z INFO ActionCommandManager] Register action command extension for command add-mask
[2025-03-19 13:48:51Z INFO ActionCommandManager] Register action command extension for command add-matcher
[2025-03-19 13:48:51Z INFO ActionCommandManager] Register action command extension for command remove-matcher
[2025-03-19 13:48:51Z INFO ActionCommandManager] Register action command extension for command warning
[2025-03-19 13:48:51Z INFO ActionCommandManager] Register action command extension for command error
[2025-03-19 13:48:51Z INFO ActionCommandManager] Register action command extension for command notice
[2025-03-19 13:48:51Z INFO ActionCommandManager] Register action command extension for command debug
[2025-03-19 13:48:51Z INFO ActionCommandManager] Register action command extension for command group
[2025-03-19 13:48:51Z INFO ActionCommandManager] Register action command extension for command endgroup
[2025-03-19 13:48:51Z INFO ActionCommandManager] Register action command extension for command echo
[2025-03-19 13:48:51Z INFO HostContext] Well known directory 'Bin': '/home/jenny/tensorflow-mri/actions-runner/bin'
[2025-03-19 13:48:51Z INFO HostContext] Well known directory 'Root': '/home/jenny/tensorflow-mri/actions-runner'
[2025-03-19 13:48:51Z INFO HostContext] Well known directory 'Work': '/home/jenny/tensorflow-mri/actions-runner/_work'
[2025-03-19 13:48:51Z INFO HostContext] Well known directory 'Temp': '/home/jenny/tensorflow-mri/actions-runner/_work/_temp'
[2025-03-19 13:48:51Z INFO ScriptHandler] Which2: 'bash'
[2025-03-19 13:48:51Z INFO ScriptHandler] Location: '/usr/bin/bash'
[2025-03-19 13:48:51Z INFO HostContext] Well known directory 'Bin': '/home/jenny/tensorflow-mri/actions-runner/bin'
[2025-03-19 13:48:51Z INFO HostContext] Well known directory 'Root': '/home/jenny/tensorflow-mri/actions-runner'
[2025-03-19 13:48:51Z INFO HostContext] Well known directory 'Work': '/home/jenny/tensorflow-mri/actions-runner/_work'
[2025-03-19 13:48:51Z INFO ProcessInvokerWrapper] Starting process:
[2025-03-19 13:48:51Z INFO ProcessInvokerWrapper]   File name: '/usr/bin/docker'
[2025-03-19 13:48:51Z INFO ProcessInvokerWrapper]   Arguments: 'exec -i --workdir /__w/tensorflow-mri/tensorflow-mri -e "PYTHON" -e "GITHUB_JOB" -e "GITHUB_REF" -e "GITHUB_SHA" -e "GITHUB_REPOSITORY" -e "GITHUB_REPOSITORY_OWNER" -e "GITHUB_REPOSITORY_OWNER_ID" -e "GITHUB_RUN_ID" -e "GITHUB_RUN_NUMBER" -e "GITHUB_RETENTION_DAYS" -e "GITHUB_RUN_ATTEMPT" -e "GITHUB_ACTOR_ID" -e "GITHUB_ACTOR" -e "GITHUB_WORKFLOW" -e "GITHUB_HEAD_REF" -e "GITHUB_BASE_REF" -e "GITHUB_EVENT_NAME" -e "GITHUB_SERVER_URL" -e "GITHUB_API_URL" -e "GITHUB_GRAPHQL_URL" -e "GITHUB_REF_NAME" -e "GITHUB_REF_PROTECTED" -e "GITHUB_REF_TYPE" -e "GITHUB_WORKFLOW_REF" -e "GITHUB_WORKFLOW_SHA" -e "GITHUB_REPOSITORY_ID" -e "GITHUB_TRIGGERING_ACTOR" -e "GITHUB_WORKSPACE" -e "GITHUB_ACTION" -e "GITHUB_EVENT_PATH" -e "GITHUB_ACTION_REPOSITORY" -e "GITHUB_ACTION_REF" -e "GITHUB_PATH" -e "GITHUB_ENV" -e "GITHUB_STEP_SUMMARY" -e "GITHUB_STATE" -e "GITHUB_OUTPUT" -e "RUNNER_OS" -e "RUNNER_ARCH" -e "RUNNER_NAME" -e "RUNNER_ENVIRONMENT" -e "RUNNER_TOOL_CACHE" -e "RUNNER_TEMP" -e "RUNNER_WORKSPACE" dfe63235034cb3f3258bb7318be88a90237c80d3c769b9ff8cce3f8374841aee sh -e /__w/_temp/c3320d26-c30f-4f56-b948-8f49a880f517.sh'
[2025-03-19 13:48:51Z INFO ProcessInvokerWrapper]   Working directory: '/home/jenny/tensorflow-mri/actions-runner/_work'
[2025-03-19 13:48:51Z INFO ProcessInvokerWrapper]   Require exit code zero: 'False'
[2025-03-19 13:48:51Z INFO ProcessInvokerWrapper]   Encoding web name:  ; code page: ''
[2025-03-19 13:48:51Z INFO ProcessInvokerWrapper]   Force kill process on cancellation: 'False'
[2025-03-19 13:48:51Z INFO ProcessInvokerWrapper]   Redirected STDIN: 'False'
[2025-03-19 13:48:51Z INFO ProcessInvokerWrapper]   Persist current code page: 'False'
[2025-03-19 13:48:51Z INFO ProcessInvokerWrapper]   Keep redirected STDIN open: 'False'
[2025-03-19 13:48:51Z INFO ProcessInvokerWrapper]   High priority process: 'False'
[2025-03-19 13:48:51Z INFO ProcessInvokerWrapper] Updated oom_score_adj to 500 for PID: 1912045.
[2025-03-19 13:48:51Z INFO ProcessInvokerWrapper] Process started with process id 1912045, waiting for process exit.
[2025-03-19 13:48:51Z INFO JobServerQueue] Try to upload 3 log files or attachments, success rate: 3/3.
[2025-03-19 13:48:51Z INFO ProcessInvokerWrapper] STDOUT/STDERR stream read finished.
[2025-03-19 13:48:51Z INFO ProcessInvokerWrapper] STDOUT/STDERR stream read finished.
[2025-03-19 13:48:51Z INFO ProcessInvokerWrapper] Finished process 1912045 with exit code 2, and elapsed time 00:00:00.0377160.
[2025-03-19 13:48:51Z INFO CreateStepSummaryCommand] Step Summary file (/home/jenny/tensorflow-mri/actions-runner/_work/_temp/_runner_file_commands/step_summary_8e346419-58ba-4832-8466-c235690d70fe) is empty; skipping attachment upload
[2025-03-19 13:48:51Z INFO StepsRunner] Step result: Failed
[2025-03-19 13:48:51Z INFO ExecutionContext] Publish step telemetry for current step {
  "action": "sh",
  "type": "run",
  "stage": "Main",
  "stepId": "cdcaf5e8-1c64-4459-b283-1dd1ea3f44c5",
  "stepContextName": "__run_3",
  "result": "failed",
  "errorMessages": [
    "Process completed with exit code 2."
  ],
  "executionTimeInSeconds": 1,
  "startTime": "2025-03-19T13:48:51.1559959Z",
  "finishTime": "2025-03-19T13:48:51.1995933Z"
}.
[2025-03-19 13:48:51Z INFO StepsRunner] Update job result with current step result 'Failed'.
[2025-03-19 13:48:51Z INFO StepsRunner] Current state: job state = 'Failed'
[2025-03-19 13:48:51Z INFO StepsRunner] Processing step: DisplayName='Compile shared library'
[2025-03-19 13:48:51Z INFO StepsRunner] Evaluating: success()
[2025-03-19 13:48:51Z INFO StepsRunner] Result: false
[2025-03-19 13:48:51Z INFO StepsRunner] Skipping step due to condition evaluation.
[2025-03-19 13:48:51Z INFO StepsRunner] No need for updating job result with current step result 'Skipped'.
[2025-03-19 13:48:51Z INFO StepsRunner] Current state: job state = 'Failed'
[2025-03-19 13:48:51Z INFO StepsRunner] Processing step: DisplayName='Install required packages'
[2025-03-19 13:48:51Z INFO StepsRunner] Evaluating: success()
[2025-03-19 13:48:51Z INFO StepsRunner] Result: false
[2025-03-19 13:48:51Z INFO StepsRunner] Skipping step due to condition evaluation.
[2025-03-19 13:48:51Z INFO StepsRunner] No need for updating job result with current step result 'Skipped'.
[2025-03-19 13:48:51Z INFO StepsRunner] Current state: job state = 'Failed'
[2025-03-19 13:48:51Z INFO StepsRunner] Processing step: DisplayName='Run test suite'
[2025-03-19 13:48:51Z INFO StepsRunner] Evaluating: success()
[2025-03-19 13:48:51Z INFO StepsRunner] Result: false
[2025-03-19 13:48:51Z INFO StepsRunner] Skipping step due to condition evaluation.
[2025-03-19 13:48:51Z INFO StepsRunner] No need for updating job result with current step result 'Skipped'.
[2025-03-19 13:48:51Z INFO StepsRunner] Current state: job state = 'Failed'
[2025-03-19 13:48:51Z INFO StepsRunner] Processing step: DisplayName='Build wheel'
[2025-03-19 13:48:51Z INFO StepsRunner] Evaluating: success()
[2025-03-19 13:48:51Z INFO StepsRunner] Result: false
[2025-03-19 13:48:51Z INFO StepsRunner] Skipping step due to condition evaluation.
[2025-03-19 13:48:51Z INFO StepsRunner] No need for updating job result with current step result 'Skipped'.
[2025-03-19 13:48:51Z INFO StepsRunner] Current state: job state = 'Failed'
[2025-03-19 13:48:51Z INFO StepsRunner] Processing step: DisplayName='Build docs'
[2025-03-19 13:48:51Z INFO StepsRunner] Evaluating: success()
[2025-03-19 13:48:51Z INFO StepsRunner] Result: false
[2025-03-19 13:48:51Z INFO StepsRunner] Skipping step due to condition evaluation.
[2025-03-19 13:48:51Z INFO StepsRunner] No need for updating job result with current step result 'Skipped'.
[2025-03-19 13:48:51Z INFO StepsRunner] Current state: job state = 'Failed'
[2025-03-19 13:48:51Z INFO StepsRunner] Processing step: DisplayName='Upload wheel'
[2025-03-19 13:48:51Z INFO StepsRunner] Evaluating: (success() && startsWith(github.ref, 'refs/tags'))
[2025-03-19 13:48:51Z INFO StepsRunner] Expanded: (false && startsWith(github['ref'], 'refs/tags'))
[2025-03-19 13:48:51Z INFO StepsRunner] Result: false
[2025-03-19 13:48:51Z INFO StepsRunner] Skipping step due to condition evaluation.
[2025-03-19 13:48:51Z INFO StepsRunner] No need for updating job result with current step result 'Skipped'.
[2025-03-19 13:48:51Z INFO StepsRunner] Current state: job state = 'Failed'
[2025-03-19 13:48:51Z INFO StepsRunner] Processing step: DisplayName='Upload docs'
[2025-03-19 13:48:51Z INFO StepsRunner] Evaluating: (success() && startsWith(github.ref, 'refs/tags') && (matrix.py_version == 3.9))
[2025-03-19 13:48:51Z INFO StepsRunner] Expanded: (false && startsWith(github['ref'], 'refs/tags') && (matrix['py_version'] == 3.9))
[2025-03-19 13:48:51Z INFO StepsRunner] Result: false
[2025-03-19 13:48:51Z INFO StepsRunner] Skipping step due to condition evaluation.
[2025-03-19 13:48:51Z INFO StepsRunner] No need for updating job result with current step result 'Skipped'.
[2025-03-19 13:48:51Z INFO StepsRunner] Current state: job state = 'Failed'
[2025-03-19 13:48:51Z INFO StepsRunner] Processing step: DisplayName='Publish to Test PyPI'
[2025-03-19 13:48:51Z INFO StepsRunner] Evaluating: success()
[2025-03-19 13:48:51Z INFO StepsRunner] Result: false
[2025-03-19 13:48:51Z INFO StepsRunner] Skipping step due to condition evaluation.
[2025-03-19 13:48:51Z INFO StepsRunner] No need for updating job result with current step result 'Skipped'.
[2025-03-19 13:48:51Z INFO StepsRunner] Current state: job state = 'Failed'
[2025-03-19 13:48:51Z INFO StepsRunner] Processing step: DisplayName='Free Disk Space After Build'
[2025-03-19 13:48:51Z INFO StepsRunner] Evaluating: success()
[2025-03-19 13:48:51Z INFO StepsRunner] Result: false
[2025-03-19 13:48:51Z INFO StepsRunner] Skipping step due to condition evaluation.
[2025-03-19 13:48:51Z INFO StepsRunner] No need for updating job result with current step result 'Skipped'.
[2025-03-19 13:48:51Z INFO StepsRunner] Current state: job state = 'Failed'
[2025-03-19 13:48:51Z INFO StepsRunner] Processing step: DisplayName='Post Checkout code'
[2025-03-19 13:48:51Z INFO StepsRunner] Evaluating: always()
[2025-03-19 13:48:51Z INFO StepsRunner] Result: true
[2025-03-19 13:48:51Z INFO StepsRunner] Starting the step.
[2025-03-19 13:48:51Z INFO HostContext] Well known directory 'Bin': '/home/jenny/tensorflow-mri/actions-runner/bin'
[2025-03-19 13:48:51Z INFO HostContext] Well known directory 'Root': '/home/jenny/tensorflow-mri/actions-runner'
[2025-03-19 13:48:51Z INFO HostContext] Well known directory 'Work': '/home/jenny/tensorflow-mri/actions-runner/_work'
[2025-03-19 13:48:51Z INFO HostContext] Well known directory 'Actions': '/home/jenny/tensorflow-mri/actions-runner/_work/_actions'
[2025-03-19 13:48:51Z INFO ActionManager] Load action that reference repository from '/home/jenny/tensorflow-mri/actions-runner/_work/_actions/actions/checkout/v4'
[2025-03-19 13:48:51Z INFO HostContext] Well known directory 'Bin': '/home/jenny/tensorflow-mri/actions-runner/bin'
[2025-03-19 13:48:51Z INFO HostContext] Well known directory 'Root': '/home/jenny/tensorflow-mri/actions-runner'
[2025-03-19 13:48:51Z INFO HostContext] Well known directory 'Work': '/home/jenny/tensorflow-mri/actions-runner/_work'
[2025-03-19 13:48:51Z INFO HostContext] Well known directory 'Actions': '/home/jenny/tensorflow-mri/actions-runner/_work/_actions'
[2025-03-19 13:48:51Z INFO ActionManifestManager] Loaded action.yml file: {
  "name": "Checkout",
  "description": "Checkout a Git repository at a particular version",
  "inputs": {
    "type": 2,
    "map": [
      {
        "key": {
          "type": 0,
          "file": 2,
          "line": 4,
          "col": 3,
          "lit": "repository"
        },
        "value": {
          "type": 3,
          "file": 2,
          "line": 6,
          "col": 14,
          "expr": "github.repository"
        }
      },
      {
        "key": {
          "type": 0,
          "file": 2,
          "line": 7,
          "col": 3,
          "lit": "ref"
        },
        "value": ""
      },
      {
        "key": {
          "type": 0,
          "file": 2,
          "line": 12,
          "col": 3,
          "lit": "token"
        },
        "value": {
          "type": 3,
          "file": 2,
          "line": 24,
          "col": 14,
          "expr": "github.token"
        }
      },
      {
        "key": {
          "type": 0,
          "file": 2,
          "line": 25,
          "col": 3,
          "lit": "ssh-key"
        },
        "value": ""
      },
      {
        "key": {
          "type": 0,
          "file": 2,
          "line": 37,
          "col": 3,
          "lit": "ssh-known-hosts"
        },
        "value": ""
      },
      {
        "key": {
          "type": 0,
          "file": 2,
          "line": 42,
          "col": 3,
          "lit": "ssh-strict"
        },
        "value": {
          "type": 0,
          "file": 2,
          "line": 47,
          "col": 14,
          "lit": "true"
        }
      },
      {
        "key": {
          "type": 0,
          "file": 2,
          "line": 48,
          "col": 3,
          "lit": "ssh-user"
        },
        "value": {
          "type": 0,
          "file": 2,
          "line": 51,
          "col": 14,
          "lit": "git"
        }
      },
      {
        "key": {
          "type": 0,
          "file": 2,
          "line": 52,
          "col": 3,
          "lit": "persist-credentials"
        },
        "value": {
          "type": 0,
          "file": 2,
          "line": 54,
          "col": 14,
          "lit": "true"
        }
      },
      {
        "key": {
          "type": 0,
          "file": 2,
          "line": 55,
          "col": 3,
          "lit": "path"
        },
        "value": ""
      },
      {
        "key": {
          "type": 0,
          "file": 2,
          "line": 57,
          "col": 3,
          "lit": "clean"
        },
        "value": {
          "type": 0,
          "file": 2,
          "line": 59,
          "col": 14,
          "lit": "true"
        }
      },
      {
        "key": {
          "type": 0,
          "file": 2,
          "line": 60,
          "col": 3,
          "lit": "filter"
        },
        "value": {
          "type": 0,
          "file": 2,
          "line": 64,
          "col": 14,
          "lit": ""
        }
      },
      {
        "key": {
          "type": 0,
          "file": 2,
          "line": 65,
          "col": 3,
          "lit": "sparse-checkout"
        },
        "value": {
          "type": 0,
          "file": 2,
          "line": 69,
          "col": 14,
          "lit": ""
        }
      },
      {
        "key": {
          "type": 0,
          "file": 2,
          "line": 70,
          "col": 3,
          "lit": "sparse-checkout-cone-mode"
        },
        "value": {
          "type": 0,
          "file": 2,
          "line": 73,
          "col": 14,
          "lit": "true"
        }
      },
      {
        "key": {
          "type": 0,
          "file": 2,
          "line": 74,
          "col": 3,
          "lit": "fetch-depth"
        },
        "value": {
          "type": 0,
          "file": 2,
          "line": 76,
          "col": 14,
          "lit": "1"
        }
      },
      {
        "key": {
          "type": 0,
          "file": 2,
          "line": 77,
          "col": 3,
          "lit": "fetch-tags"
        },
        "value": {
          "type": 0,
          "file": 2,
          "line": 79,
          "col": 14,
          "lit": "false"
        }
      },
      {
        "key": {
          "type": 0,
          "file": 2,
          "line": 80,
          "col": 3,
          "lit": "show-progress"
        },
        "value": {
          "type": 0,
          "file": 2,
          "line": 82,
          "col": 14,
          "lit": "true"
        }
      },
      {
        "key": {
          "type": 0,
          "file": 2,
          "line": 83,
          "col": 3,
          "lit": "lfs"
        },
        "value": {
          "type": 0,
          "file": 2,
          "line": 85,
          "col": 14,
          "lit": "false"
        }
      },
      {
        "key": {
          "type": 0,
          "file": 2,
          "line": 86,
          "col": 3,
          "lit": "submodules"
        },
        "value": {
          "type": 0,
          "file": 2,
          "line": 94,
          "col": 14,
          "lit": "false"
        }
      },
      {
        "key": {
          "type": 0,
          "file": 2,
          "line": 95,
          "col": 3,
          "lit": "set-safe-directory"
        },
        "value": {
          "type": 0,
          "file": 2,
          "line": 97,
          "col": 14,
          "lit": "true"
        }
      },
      {
        "key": {
          "type": 0,
          "file": 2,
          "line": 98,
          "col": 3,
          "lit": "github-server-url"
        },
        "value": ""
      }
    ]
  },
  "execution": {
    "executionType": "nodeJS",
    "hasPre": false,
    "hasPost": true,
    "script": "dist/index.js",
    "pre": null,
    "post": "dist/index.js",
    "nodeVersion": "node20",
    "cleanupCondition": "always()",
    "initCondition": "always()"
  },
  "deprecated": null
}
[2025-03-19 13:48:51Z INFO ActionManager] Action pre node.js file: N/A.
[2025-03-19 13:48:51Z INFO ActionManager] Action node.js file: dist/index.js.
[2025-03-19 13:48:51Z INFO ActionManager] Action post node.js file: dist/index.js.
[2025-03-19 13:48:51Z INFO HostContext] Well known directory 'Bin': '/home/jenny/tensorflow-mri/actions-runner/bin'
[2025-03-19 13:48:51Z INFO HostContext] Well known directory 'Root': '/home/jenny/tensorflow-mri/actions-runner'
[2025-03-19 13:48:51Z INFO HostContext] Well known directory 'Work': '/home/jenny/tensorflow-mri/actions-runner/_work'
[2025-03-19 13:48:51Z INFO HostContext] Well known directory 'Temp': '/home/jenny/tensorflow-mri/actions-runner/_work/_temp'
[2025-03-19 13:48:51Z INFO ExecutionContext] Write event payload to /home/jenny/tensorflow-mri/actions-runner/_work/_temp/_github_workflow/event.json
[2025-03-19 13:48:51Z INFO HostContext] Well known directory 'Bin': '/home/jenny/tensorflow-mri/actions-runner/bin'
[2025-03-19 13:48:51Z INFO HostContext] Well known directory 'Root': '/home/jenny/tensorflow-mri/actions-runner'
[2025-03-19 13:48:51Z INFO HostContext] Well known directory 'Work': '/home/jenny/tensorflow-mri/actions-runner/_work'
[2025-03-19 13:48:51Z INFO HostContext] Well known directory 'Temp': '/home/jenny/tensorflow-mri/actions-runner/_work/_temp'
[2025-03-19 13:48:51Z INFO ExtensionManager] Getting extensions for interface: 'GitHub.Runner.Worker.IFileCommandExtension'
[2025-03-19 13:48:51Z INFO ActionManifestManager] Input 'repository': default value evaluate result: {
  "type": 0,
  "file": 2,
  "line": 6,
  "col": 14,
  "lit": "mrphys/tensorflow-mri"
}
[2025-03-19 13:48:51Z INFO ActionManifestManager] Input 'ref': default value evaluate result: ""
[2025-03-19 13:48:51Z INFO ActionManifestManager] Input 'token': default value evaluate result: {
  "type": 0,
  "file": 2,
  "line": 24,
  "col": 14,
  "lit": "***"
}
[2025-03-19 13:48:51Z INFO ActionManifestManager] Input 'ssh-key': default value evaluate result: ""
[2025-03-19 13:48:51Z INFO ActionManifestManager] Input 'ssh-known-hosts': default value evaluate result: ""
[2025-03-19 13:48:51Z INFO ActionManifestManager] Input 'ssh-strict': default value evaluate result: {
  "type": 0,
  "file": 2,
  "line": 47,
  "col": 14,
  "lit": "true"
}
[2025-03-19 13:48:51Z INFO ActionManifestManager] Input 'ssh-user': default value evaluate result: {
  "type": 0,
  "file": 2,
  "line": 51,
  "col": 14,
  "lit": "git"
}
[2025-03-19 13:48:51Z INFO ActionManifestManager] Input 'persist-credentials': default value evaluate result: {
  "type": 0,
  "file": 2,
  "line": 54,
  "col": 14,
  "lit": "true"
}
[2025-03-19 13:48:51Z INFO ActionManifestManager] Input 'clean': default value evaluate result: {
  "type": 0,
  "file": 2,
  "line": 59,
  "col": 14,
  "lit": "true"
}
[2025-03-19 13:48:51Z INFO ActionManifestManager] Input 'filter': default value evaluate result: {
  "type": 0,
  "file": 2,
  "line": 64,
  "col": 14,
  "lit": ""
}
[2025-03-19 13:48:51Z INFO ActionManifestManager] Input 'sparse-checkout': default value evaluate result: {
  "type": 0,
  "file": 2,
  "line": 69,
  "col": 14,
  "lit": ""
}
[2025-03-19 13:48:51Z INFO ActionManifestManager] Input 'sparse-checkout-cone-mode': default value evaluate result: {
  "type": 0,
  "file": 2,
  "line": 73,
  "col": 14,
  "lit": "true"
}
[2025-03-19 13:48:51Z INFO ActionManifestManager] Input 'fetch-depth': default value evaluate result: {
  "type": 0,
  "file": 2,
  "line": 76,
  "col": 14,
  "lit": "1"
}
[2025-03-19 13:48:51Z INFO ActionManifestManager] Input 'fetch-tags': default value evaluate result: {
  "type": 0,
  "file": 2,
  "line": 79,
  "col": 14,
  "lit": "false"
}
[2025-03-19 13:48:51Z INFO ActionManifestManager] Input 'show-progress': default value evaluate result: {
  "type": 0,
  "file": 2,
  "line": 82,
  "col": 14,
  "lit": "true"
}
[2025-03-19 13:48:51Z INFO ActionManifestManager] Input 'lfs': default value evaluate result: {
  "type": 0,
  "file": 2,
  "line": 85,
  "col": 14,
  "lit": "false"
}
[2025-03-19 13:48:51Z INFO ActionManifestManager] Input 'submodules': default value evaluate result: {
  "type": 0,
  "file": 2,
  "line": 94,
  "col": 14,
  "lit": "false"
}
[2025-03-19 13:48:51Z INFO ActionManifestManager] Input 'set-safe-directory': default value evaluate result: {
  "type": 0,
  "file": 2,
  "line": 97,
  "col": 14,
  "lit": "true"
}
[2025-03-19 13:48:51Z INFO ActionManifestManager] Input 'github-server-url': default value evaluate result: ""
[2025-03-19 13:48:51Z INFO ExtensionManager] Getting extensions for interface: 'GitHub.Runner.Worker.IActionCommandExtension'
[2025-03-19 13:48:51Z INFO ActionCommandManager] Register action command extension for command internal-set-repo-path
[2025-03-19 13:48:51Z INFO ActionCommandManager] Register action command extension for command set-env
[2025-03-19 13:48:51Z INFO ActionCommandManager] Register action command extension for command set-output
[2025-03-19 13:48:51Z INFO ActionCommandManager] Register action command extension for command save-state
[2025-03-19 13:48:51Z INFO ActionCommandManager] Register action command extension for command add-path
[2025-03-19 13:48:51Z INFO ActionCommandManager] Register action command extension for command add-mask
[2025-03-19 13:48:51Z INFO ActionCommandManager] Register action command extension for command add-matcher
[2025-03-19 13:48:51Z INFO ActionCommandManager] Register action command extension for command remove-matcher
[2025-03-19 13:48:51Z INFO ActionCommandManager] Register action command extension for command warning
[2025-03-19 13:48:51Z INFO ActionCommandManager] Register action command extension for command error
[2025-03-19 13:48:51Z INFO ActionCommandManager] Register action command extension for command notice
[2025-03-19 13:48:51Z INFO ActionCommandManager] Register action command extension for command debug
[2025-03-19 13:48:51Z INFO ActionCommandManager] Register action command extension for command group
[2025-03-19 13:48:51Z INFO ActionCommandManager] Register action command extension for command endgroup
[2025-03-19 13:48:51Z INFO ActionCommandManager] Register action command extension for command echo
[2025-03-19 13:48:51Z INFO HostContext] Well known directory 'Bin': '/home/jenny/tensorflow-mri/actions-runner/bin'
[2025-03-19 13:48:51Z INFO HostContext] Well known directory 'Root': '/home/jenny/tensorflow-mri/actions-runner'
[2025-03-19 13:48:51Z INFO HostContext] Well known directory 'Work': '/home/jenny/tensorflow-mri/actions-runner/_work'
[2025-03-19 13:48:51Z INFO ProcessInvokerWrapper] Starting process:
[2025-03-19 13:48:51Z INFO ProcessInvokerWrapper]   File name: '/usr/bin/docker'
[2025-03-19 13:48:51Z INFO ProcessInvokerWrapper]   Arguments: 'exec  dfe63235034cb3f3258bb7318be88a90237c80d3c769b9ff8cce3f8374841aee sh -c "cat /etc/*release | grep ^ID"'
[2025-03-19 13:48:51Z INFO ProcessInvokerWrapper]   Working directory: '/home/jenny/tensorflow-mri/actions-runner/_work'
[2025-03-19 13:48:51Z INFO ProcessInvokerWrapper]   Require exit code zero: 'False'
[2025-03-19 13:48:51Z INFO ProcessInvokerWrapper]   Encoding web name:  ; code page: ''
[2025-03-19 13:48:51Z INFO ProcessInvokerWrapper]   Force kill process on cancellation: 'False'
[2025-03-19 13:48:51Z INFO ProcessInvokerWrapper]   Redirected STDIN: 'False'
[2025-03-19 13:48:51Z INFO ProcessInvokerWrapper]   Persist current code page: 'False'
[2025-03-19 13:48:51Z INFO ProcessInvokerWrapper]   Keep redirected STDIN open: 'False'
[2025-03-19 13:48:51Z INFO ProcessInvokerWrapper]   High priority process: 'False'
[2025-03-19 13:48:51Z INFO ProcessInvokerWrapper] Updated oom_score_adj to 500 for PID: 1912080.
[2025-03-19 13:48:51Z INFO ProcessInvokerWrapper] Process started with process id 1912080, waiting for process exit.
[2025-03-19 13:48:51Z INFO ProcessInvokerWrapper] STDOUT/STDERR stream read finished.
[2025-03-19 13:48:51Z INFO ProcessInvokerWrapper] STDOUT/STDERR stream read finished.
[2025-03-19 13:48:51Z INFO ProcessInvokerWrapper] Finished process 1912080 with exit code 0, and elapsed time 00:00:00.0372183.
[2025-03-19 13:48:51Z INFO HostContext] Well known directory 'Bin': '/home/jenny/tensorflow-mri/actions-runner/bin'
[2025-03-19 13:48:51Z INFO HostContext] Well known directory 'Root': '/home/jenny/tensorflow-mri/actions-runner'
[2025-03-19 13:48:51Z INFO HostContext] Well known directory 'Externals': '/home/jenny/tensorflow-mri/actions-runner/externals'
[2025-03-19 13:48:51Z INFO HostContext] Well known directory 'Bin': '/home/jenny/tensorflow-mri/actions-runner/bin'
[2025-03-19 13:48:51Z INFO HostContext] Well known directory 'Root': '/home/jenny/tensorflow-mri/actions-runner'
[2025-03-19 13:48:51Z INFO HostContext] Well known directory 'Work': '/home/jenny/tensorflow-mri/actions-runner/_work'
[2025-03-19 13:48:51Z INFO ProcessInvokerWrapper] Starting process:
[2025-03-19 13:48:51Z INFO ProcessInvokerWrapper]   File name: '/usr/bin/docker'
[2025-03-19 13:48:51Z INFO ProcessInvokerWrapper]   Arguments: 'exec -i --workdir /__w/tensorflow-mri/tensorflow-mri -e "PYTHON" -e "STATE_isPost" -e "STATE_setSafeDirectory" -e "STATE_repositoryPath" -e "INPUT_PATH" -e "INPUT_REPOSITORY" -e "INPUT_REF" -e "INPUT_TOKEN" -e "INPUT_SSH-KEY" -e "INPUT_SSH-KNOWN-HOSTS" -e "INPUT_SSH-STRICT" -e "INPUT_SSH-USER" -e "INPUT_PERSIST-CREDENTIALS" -e "INPUT_CLEAN" -e "INPUT_FILTER" -e "INPUT_SPARSE-CHECKOUT" -e "INPUT_SPARSE-CHECKOUT-CONE-MODE" -e "INPUT_FETCH-DEPTH" -e "INPUT_FETCH-TAGS" -e "INPUT_SHOW-PROGRESS" -e "INPUT_LFS" -e "INPUT_SUBMODULES" -e "INPUT_SET-SAFE-DIRECTORY" -e "INPUT_GITHUB-SERVER-URL" -e "GITHUB_JOB" -e "GITHUB_REF" -e "GITHUB_SHA" -e "GITHUB_REPOSITORY" -e "GITHUB_REPOSITORY_OWNER" -e "GITHUB_REPOSITORY_OWNER_ID" -e "GITHUB_RUN_ID" -e "GITHUB_RUN_NUMBER" -e "GITHUB_RETENTION_DAYS" -e "GITHUB_RUN_ATTEMPT" -e "GITHUB_ACTOR_ID" -e "GITHUB_ACTOR" -e "GITHUB_WORKFLOW" -e "GITHUB_HEAD_REF" -e "GITHUB_BASE_REF" -e "GITHUB_EVENT_NAME" -e "GITHUB_SERVER_URL" -e "GITHUB_API_URL" -e "GITHUB_GRAPHQL_URL" -e "GITHUB_REF_NAME" -e "GITHUB_REF_PROTECTED" -e "GITHUB_REF_TYPE" -e "GITHUB_WORKFLOW_REF" -e "GITHUB_WORKFLOW_SHA" -e "GITHUB_REPOSITORY_ID" -e "GITHUB_TRIGGERING_ACTOR" -e "GITHUB_WORKSPACE" -e "GITHUB_ACTION" -e "GITHUB_EVENT_PATH" -e "GITHUB_ACTION_REPOSITORY" -e "GITHUB_ACTION_REF" -e "GITHUB_PATH" -e "GITHUB_ENV" -e "GITHUB_STEP_SUMMARY" -e "GITHUB_STATE" -e "GITHUB_OUTPUT" -e "RUNNER_OS" -e "RUNNER_ARCH" -e "RUNNER_NAME" -e "RUNNER_ENVIRONMENT" -e "RUNNER_TOOL_CACHE" -e "RUNNER_TEMP" -e "RUNNER_WORKSPACE" -e "ACTIONS_RUNTIME_URL" -e "ACTIONS_RUNTIME_TOKEN" -e "ACTIONS_CACHE_URL" -e "ACTIONS_RESULTS_URL" -e "ACTIONS_CACHE_SERVICE_V2" dfe63235034cb3f3258bb7318be88a90237c80d3c769b9ff8cce3f8374841aee /__e/node20/bin/node /__w/_actions/actions/checkout/v4/dist/index.js'
[2025-03-19 13:48:51Z INFO ProcessInvokerWrapper]   Working directory: '/home/jenny/tensorflow-mri/actions-runner/_work'
[2025-03-19 13:48:51Z INFO ProcessInvokerWrapper]   Require exit code zero: 'False'
[2025-03-19 13:48:51Z INFO ProcessInvokerWrapper]   Encoding web name:  ; code page: ''
[2025-03-19 13:48:51Z INFO ProcessInvokerWrapper]   Force kill process on cancellation: 'False'
[2025-03-19 13:48:51Z INFO ProcessInvokerWrapper]   Redirected STDIN: 'False'
[2025-03-19 13:48:51Z INFO ProcessInvokerWrapper]   Persist current code page: 'False'
[2025-03-19 13:48:51Z INFO ProcessInvokerWrapper]   Keep redirected STDIN open: 'False'
[2025-03-19 13:48:51Z INFO ProcessInvokerWrapper]   High priority process: 'False'
[2025-03-19 13:48:51Z INFO ProcessInvokerWrapper] Updated oom_score_adj to 500 for PID: 1912110.
[2025-03-19 13:48:51Z INFO ProcessInvokerWrapper] Process started with process id 1912110, waiting for process exit.
[2025-03-19 13:48:51Z INFO JobServerQueue] Try to append 1 batches web console lines for record '7a415b76-78b5-413d-87e4-904bb08756c9', success rate: 1/1.
[2025-03-19 13:48:51Z INFO JobServerQueue] Try to append 1 batches web console lines for record 'e420c1ee-b544-482a-b444-e86d1d3c52b6', success rate: 1/1.
[2025-03-19 13:48:51Z INFO JobServerQueue] Try to append 1 batches web console lines for record 'cdcaf5e8-1c64-4459-b283-1dd1ea3f44c5', success rate: 1/1.
[2025-03-19 13:48:51Z INFO JobServerQueue] Try to append 1 batches web console lines for record '8c6a19a7-ce35-4677-a170-8b30c1b03670', success rate: 1/1.
[2025-03-19 13:48:51Z INFO AddMaskCommandExtension] Add new secret mask with length of 32
[2025-03-19 13:48:51Z INFO ProcessInvokerWrapper] STDOUT/STDERR stream read finished.
[2025-03-19 13:48:51Z INFO ProcessInvokerWrapper] STDOUT/STDERR stream read finished.
[2025-03-19 13:48:51Z INFO ProcessInvokerWrapper] Finished process 1912110 with exit code 0, and elapsed time 00:00:00.1728897.
[2025-03-19 13:48:51Z INFO CreateStepSummaryCommand] Step Summary file (/home/jenny/tensorflow-mri/actions-runner/_work/_temp/_runner_file_commands/step_summary_2e97b225-468d-430c-a466-9ae0454cfd62) is empty; skipping attachment upload
[2025-03-19 13:48:51Z INFO StepsRunner] Step result: 
[2025-03-19 13:48:51Z INFO ExecutionContext] Publish step telemetry for current step {
  "action": "actions/checkout",
  "ref": "v4",
  "type": "node20",
  "stage": "Post",
  "stepId": "8c6a19a7-ce35-4677-a170-8b30c1b03670",
  "result": "succeeded",
  "errorMessages": [],
  "executionTimeInSeconds": 1,
  "startTime": "2025-03-19T13:48:51.2049933Z",
  "finishTime": "2025-03-19T13:48:51.4228578Z"
}.
[2025-03-19 13:48:51Z INFO StepsRunner] No need for updating job result with current step result 'Succeeded'.
[2025-03-19 13:48:51Z INFO StepsRunner] Current state: job state = 'Failed'
[2025-03-19 13:48:51Z INFO StepsRunner] Processing step: DisplayName='Stop containers'
[2025-03-19 13:48:51Z INFO StepsRunner] Evaluating: always()
[2025-03-19 13:48:51Z INFO StepsRunner] Result: true
[2025-03-19 13:48:51Z INFO StepsRunner] Starting the step.
[2025-03-19 13:48:51Z INFO ProcessInvokerWrapper] Starting process:
[2025-03-19 13:48:51Z INFO ProcessInvokerWrapper]   File name: '/usr/bin/docker'
[2025-03-19 13:48:51Z INFO ProcessInvokerWrapper]   Arguments: 'rm --force dfe63235034cb3f3258bb7318be88a90237c80d3c769b9ff8cce3f8374841aee'
[2025-03-19 13:48:51Z INFO ProcessInvokerWrapper]   Working directory: '/home/jenny/tensorflow-mri/actions-runner/_work/tensorflow-mri/tensorflow-mri'
[2025-03-19 13:48:51Z INFO ProcessInvokerWrapper]   Require exit code zero: 'False'
[2025-03-19 13:48:51Z INFO ProcessInvokerWrapper]   Encoding web name:  ; code page: ''
[2025-03-19 13:48:51Z INFO ProcessInvokerWrapper]   Force kill process on cancellation: 'False'
[2025-03-19 13:48:51Z INFO ProcessInvokerWrapper]   Redirected STDIN: 'False'
[2025-03-19 13:48:51Z INFO ProcessInvokerWrapper]   Persist current code page: 'False'
[2025-03-19 13:48:51Z INFO ProcessInvokerWrapper]   Keep redirected STDIN open: 'False'
[2025-03-19 13:48:51Z INFO ProcessInvokerWrapper]   High priority process: 'False'
[2025-03-19 13:48:51Z INFO ProcessInvokerWrapper] Updated oom_score_adj to 500 for PID: 1912207.
[2025-03-19 13:48:51Z INFO ProcessInvokerWrapper] Process started with process id 1912207, waiting for process exit.
[2025-03-19 13:48:51Z INFO JobServerQueue] Got a step log file to send to results service.
[2025-03-19 13:48:51Z INFO JobServerQueue] Starting upload of step log file to results service ResultsLog, /home/jenny/tensorflow-mri/actions-runner/_diag/blocks/5b2cb858-9d8b-4489-a424-71acb1f501b7_c423beb2-9f94-40b0-b907-fde5cb8afe2a.1
[2025-03-19 13:48:51Z INFO JobServerQueue] Try to append 1 batches web console lines for record '8c6a19a7-ce35-4677-a170-8b30c1b03670', success rate: 1/1.
[2025-03-19 13:48:51Z INFO JobServerQueue] Try to append 1 batches web console lines for record '13261a40-b2bf-4d69-8b43-ec4131af8fcb', success rate: 1/1.
[2025-03-19 13:48:51Z INFO ProcessInvokerWrapper] STDOUT/STDERR stream read finished.
[2025-03-19 13:48:51Z INFO ProcessInvokerWrapper] STDOUT/STDERR stream read finished.
[2025-03-19 13:48:51Z INFO ProcessInvokerWrapper] Finished process 1912207 with exit code 0, and elapsed time 00:00:00.2318525.
[2025-03-19 13:48:51Z INFO ProcessInvokerWrapper] Starting process:
[2025-03-19 13:48:51Z INFO ProcessInvokerWrapper]   File name: '/usr/bin/docker'
[2025-03-19 13:48:51Z INFO ProcessInvokerWrapper]   Arguments: 'network rm github_network_0fd2e70a9afc457a8cd479c7c360dd18'
[2025-03-19 13:48:51Z INFO ProcessInvokerWrapper]   Working directory: '/home/jenny/tensorflow-mri/actions-runner/_work/tensorflow-mri/tensorflow-mri'
[2025-03-19 13:48:51Z INFO ProcessInvokerWrapper]   Require exit code zero: 'False'
[2025-03-19 13:48:51Z INFO ProcessInvokerWrapper]   Encoding web name:  ; code page: ''
[2025-03-19 13:48:51Z INFO ProcessInvokerWrapper]   Force kill process on cancellation: 'False'
[2025-03-19 13:48:51Z INFO ProcessInvokerWrapper]   Redirected STDIN: 'False'
[2025-03-19 13:48:51Z INFO ProcessInvokerWrapper]   Persist current code page: 'False'
[2025-03-19 13:48:51Z INFO ProcessInvokerWrapper]   Keep redirected STDIN open: 'False'
[2025-03-19 13:48:51Z INFO ProcessInvokerWrapper]   High priority process: 'False'
[2025-03-19 13:48:51Z INFO ProcessInvokerWrapper] Updated oom_score_adj to 500 for PID: 1912264.
[2025-03-19 13:48:51Z INFO ProcessInvokerWrapper] Process started with process id 1912264, waiting for process exit.
[2025-03-19 13:48:51Z INFO JobServerQueue] Tried to upload 2 file(s) to results, success rate: 2/2.
[2025-03-19 13:48:51Z INFO JobServerQueue] Try to append 1 batches web console lines for record '13261a40-b2bf-4d69-8b43-ec4131af8fcb', success rate: 1/1.
[2025-03-19 13:48:51Z INFO ProcessInvokerWrapper] STDOUT/STDERR stream read finished.
[2025-03-19 13:48:51Z INFO ProcessInvokerWrapper] STDOUT/STDERR stream read finished.
[2025-03-19 13:48:51Z INFO ProcessInvokerWrapper] Finished process 1912264 with exit code 0, and elapsed time 00:00:00.1483163.
[2025-03-19 13:48:51Z INFO StepsRunner] Step result: 
[2025-03-19 13:48:51Z INFO StepsRunner] No need for updating job result with current step result 'Succeeded'.
[2025-03-19 13:48:51Z INFO StepsRunner] Current state: job state = 'Failed'
[2025-03-19 13:48:51Z INFO JobRunner] Finalize job.
[2025-03-19 13:48:51Z INFO HostContext] Well known directory 'Bin': '/home/jenny/tensorflow-mri/actions-runner/bin'
[2025-03-19 13:48:51Z INFO HostContext] Well known directory 'Root': '/home/jenny/tensorflow-mri/actions-runner'
[2025-03-19 13:48:51Z INFO HostContext] Well known directory 'Diag': '/home/jenny/tensorflow-mri/actions-runner/_diag'
[2025-03-19 13:48:51Z INFO HostContext] Well known directory 'Bin': '/home/jenny/tensorflow-mri/actions-runner/bin'
[2025-03-19 13:48:51Z INFO HostContext] Well known directory 'Root': '/home/jenny/tensorflow-mri/actions-runner'
[2025-03-19 13:48:51Z INFO HostContext] Well known directory 'Diag': '/home/jenny/tensorflow-mri/actions-runner/_diag'
[2025-03-19 13:48:51Z INFO JobExtension] Initialize Env context
[2025-03-19 13:48:51Z INFO JobExtension] Initialize steps context
[2025-03-19 13:48:51Z INFO JobExtension] Total accessible running process: 696.
[2025-03-19 13:48:51Z INFO JobExtension] Inspecting process environment variables. PID: 1073533 (kworker/28:2-events)
[2025-03-19 13:48:51Z INFO LinuxProcessExtensions] Read env from /proc/1073533/environ
[2025-03-19 13:48:51Z WARN JobExtension] Ignore exception during read process environment variables: Access to the path '/proc/1073533/environ' is denied.
[2025-03-19 13:48:51Z INFO JobExtension] Inspecting process environment variables. PID: 1148480 (kworker/21:2-events)
[2025-03-19 13:48:51Z INFO LinuxProcessExtensions] Read env from /proc/1148480/environ
[2025-03-19 13:48:51Z WARN JobExtension] Ignore exception during read process environment variables: Access to the path '/proc/1148480/environ' is denied.
[2025-03-19 13:48:51Z INFO JobExtension] Inspecting process environment variables. PID: 1209479 (kworker/33:0-rcu_gp)
[2025-03-19 13:48:51Z INFO LinuxProcessExtensions] Read env from /proc/1209479/environ
[2025-03-19 13:48:51Z WARN JobExtension] Ignore exception during read process environment variables: Access to the path '/proc/1209479/environ' is denied.
[2025-03-19 13:48:51Z INFO JobExtension] Inspecting process environment variables. PID: 1237873 (kworker/14:1-events)
[2025-03-19 13:48:51Z INFO LinuxProcessExtensions] Read env from /proc/1237873/environ
[2025-03-19 13:48:51Z WARN JobExtension] Ignore exception during read process environment variables: Access to the path '/proc/1237873/environ' is denied.
[2025-03-19 13:48:51Z INFO JobExtension] Inspecting process environment variables. PID: 1249255 (kworker/33:1-rcu_par_gp)
[2025-03-19 13:48:51Z INFO LinuxProcessExtensions] Read env from /proc/1249255/environ
[2025-03-19 13:48:51Z WARN JobExtension] Ignore exception during read process environment variables: Access to the path '/proc/1249255/environ' is denied.
[2025-03-19 13:48:51Z INFO JobExtension] Inspecting process environment variables. PID: 1249288 (kworker/29:0-events)
[2025-03-19 13:48:51Z INFO LinuxProcessExtensions] Read env from /proc/1249288/environ
[2025-03-19 13:48:51Z WARN JobExtension] Ignore exception during read process environment variables: Access to the path '/proc/1249288/environ' is denied.
[2025-03-19 13:48:51Z INFO JobExtension] Inspecting process environment variables. PID: 1249289 (kworker/34:2-rcu_par_gp)
[2025-03-19 13:48:51Z INFO LinuxProcessExtensions] Read env from /proc/1249289/environ
[2025-03-19 13:48:51Z WARN JobExtension] Ignore exception during read process environment variables: Access to the path '/proc/1249289/environ' is denied.
[2025-03-19 13:48:51Z INFO JobExtension] Inspecting process environment variables. PID: 1249293 (kworker/20:0-rcu_par_gp)
[2025-03-19 13:48:51Z INFO LinuxProcessExtensions] Read env from /proc/1249293/environ
[2025-03-19 13:48:51Z WARN JobExtension] Ignore exception during read process environment variables: Access to the path '/proc/1249293/environ' is denied.
[2025-03-19 13:48:51Z INFO JobExtension] Inspecting process environment variables. PID: 1249469 (kworker/23:0-rcu_par_gp)
[2025-03-19 13:48:51Z INFO LinuxProcessExtensions] Read env from /proc/1249469/environ
[2025-03-19 13:48:51Z WARN JobExtension] Ignore exception during read process environment variables: Access to the path '/proc/1249469/environ' is denied.
[2025-03-19 13:48:51Z INFO JobExtension] Inspecting process environment variables. PID: 1325788 (kworker/20:1-rcu_par_gp)
[2025-03-19 13:48:51Z INFO LinuxProcessExtensions] Read env from /proc/1325788/environ
[2025-03-19 13:48:51Z WARN JobExtension] Ignore exception during read process environment variables: Access to the path '/proc/1325788/environ' is denied.
[2025-03-19 13:48:51Z INFO JobExtension] Inspecting process environment variables. PID: 1407724 (kworker/16:0-events)
[2025-03-19 13:48:51Z INFO LinuxProcessExtensions] Read env from /proc/1407724/environ
[2025-03-19 13:48:51Z WARN JobExtension] Ignore exception during read process environment variables: Access to the path '/proc/1407724/environ' is denied.
[2025-03-19 13:48:51Z INFO JobExtension] Inspecting process environment variables. PID: 1407725 (kworker/1:0-events)
[2025-03-19 13:48:51Z INFO LinuxProcessExtensions] Read env from /proc/1407725/environ
[2025-03-19 13:48:51Z WARN JobExtension] Ignore exception during read process environment variables: Access to the path '/proc/1407725/environ' is denied.
[2025-03-19 13:48:51Z INFO JobExtension] Inspecting process environment variables. PID: 1433148 (kworker/2:2-mm_percpu_wq)
[2025-03-19 13:48:51Z INFO LinuxProcessExtensions] Read env from /proc/1433148/environ
[2025-03-19 13:48:51Z WARN JobExtension] Ignore exception during read process environment variables: Access to the path '/proc/1433148/environ' is denied.
[2025-03-19 13:48:51Z INFO JobExtension] Inspecting process environment variables. PID: 1438896 (kworker/6:0-rcu_par_gp)
[2025-03-19 13:48:51Z INFO LinuxProcessExtensions] Read env from /proc/1438896/environ
[2025-03-19 13:48:51Z WARN JobExtension] Ignore exception during read process environment variables: Access to the path '/proc/1438896/environ' is denied.
[2025-03-19 13:48:51Z INFO JobExtension] Inspecting process environment variables. PID: 1439360 (kworker/11:0-events)
[2025-03-19 13:48:51Z INFO LinuxProcessExtensions] Read env from /proc/1439360/environ
[2025-03-19 13:48:51Z WARN JobExtension] Ignore exception during read process environment variables: Access to the path '/proc/1439360/environ' is denied.
[2025-03-19 13:48:51Z INFO JobExtension] Inspecting process environment variables. PID: 1439414 (kworker/23:2-rcu_gp)
[2025-03-19 13:48:51Z INFO LinuxProcessExtensions] Read env from /proc/1439414/environ
[2025-03-19 13:48:51Z WARN JobExtension] Ignore exception during read process environment variables: Access to the path '/proc/1439414/environ' is denied.
[2025-03-19 13:48:51Z INFO JobExtension] Inspecting process environment variables. PID: 1444159 (kworker/18:2-events)
[2025-03-19 13:48:51Z INFO LinuxProcessExtensions] Read env from /proc/1444159/environ
[2025-03-19 13:48:51Z WARN JobExtension] Ignore exception during read process environment variables: Access to the path '/proc/1444159/environ' is denied.
[2025-03-19 13:48:51Z INFO JobExtension] Inspecting process environment variables. PID: 1444606 (kworker/7:1-events)
[2025-03-19 13:48:51Z INFO LinuxProcessExtensions] Read env from /proc/1444606/environ
[2025-03-19 13:48:51Z WARN JobExtension] Ignore exception during read process environment variables: Access to the path '/proc/1444606/environ' is denied.
[2025-03-19 13:48:51Z INFO JobExtension] Inspecting process environment variables. PID: 1444620 (kworker/30:2-events)
[2025-03-19 13:48:51Z INFO LinuxProcessExtensions] Read env from /proc/1444620/environ
[2025-03-19 13:48:51Z WARN JobExtension] Ignore exception during read process environment variables: Access to the path '/proc/1444620/environ' is denied.
[2025-03-19 13:48:51Z INFO JobExtension] Inspecting process environment variables. PID: 1554336 (kworker/12:2-events)
[2025-03-19 13:48:51Z INFO LinuxProcessExtensions] Read env from /proc/1554336/environ
[2025-03-19 13:48:51Z WARN JobExtension] Ignore exception during read process environment variables: Access to the path '/proc/1554336/environ' is denied.
[2025-03-19 13:48:51Z INFO JobExtension] Inspecting process environment variables. PID: 1554338 (kworker/9:1-events)
[2025-03-19 13:48:51Z INFO LinuxProcessExtensions] Read env from /proc/1554338/environ
[2025-03-19 13:48:51Z WARN JobExtension] Ignore exception during read process environment variables: Access to the path '/proc/1554338/environ' is denied.
[2025-03-19 13:48:51Z INFO JobExtension] Inspecting process environment variables. PID: 1554365 (kworker/13:1-events)
[2025-03-19 13:48:51Z INFO LinuxProcessExtensions] Read env from /proc/1554365/environ
[2025-03-19 13:48:51Z WARN JobExtension] Ignore exception during read process environment variables: Access to the path '/proc/1554365/environ' is denied.
[2025-03-19 13:48:51Z INFO JobExtension] Inspecting process environment variables. PID: 1556426 (kworker/3:2-rcu_par_gp)
[2025-03-19 13:48:51Z INFO LinuxProcessExtensions] Read env from /proc/1556426/environ
[2025-03-19 13:48:51Z WARN JobExtension] Ignore exception during read process environment variables: Access to the path '/proc/1556426/environ' is denied.
[2025-03-19 13:48:51Z INFO JobExtension] Inspecting process environment variables. PID: 1556786 (kworker/25:0-events)
[2025-03-19 13:48:51Z INFO LinuxProcessExtensions] Read env from /proc/1556786/environ
[2025-03-19 13:48:51Z WARN JobExtension] Ignore exception during read process environment variables: Access to the path '/proc/1556786/environ' is denied.
[2025-03-19 13:48:51Z INFO JobExtension] Inspecting process environment variables. PID: 1662242 (kworker/14:2-rcu_par_gp)
[2025-03-19 13:48:51Z INFO LinuxProcessExtensions] Read env from /proc/1662242/environ
[2025-03-19 13:48:51Z WARN JobExtension] Ignore exception during read process environment variables: Access to the path '/proc/1662242/environ' is denied.
[2025-03-19 13:48:51Z INFO JobExtension] Inspecting process environment variables. PID: 1706925 (kworker/u72:1+netns)
[2025-03-19 13:48:51Z INFO LinuxProcessExtensions] Read env from /proc/1706925/environ
[2025-03-19 13:48:51Z WARN JobExtension] Ignore exception during read process environment variables: Access to the path '/proc/1706925/environ' is denied.
[2025-03-19 13:48:51Z INFO JobExtension] Inspecting process environment variables. PID: 1708636 (kworker/10:2-events)
[2025-03-19 13:48:51Z INFO LinuxProcessExtensions] Read env from /proc/1708636/environ
[2025-03-19 13:48:51Z WARN JobExtension] Ignore exception during read process environment variables: Access to the path '/proc/1708636/environ' is denied.
[2025-03-19 13:48:51Z INFO JobExtension] Inspecting process environment variables. PID: 1715138 (kworker/u72:2-ext4-rsv-conversion)
[2025-03-19 13:48:51Z INFO LinuxProcessExtensions] Read env from /proc/1715138/environ
[2025-03-19 13:48:51Z WARN JobExtension] Ignore exception during read process environment variables: Access to the path '/proc/1715138/environ' is denied.
[2025-03-19 13:48:51Z INFO JobExtension] Inspecting process environment variables. PID: 1865518 (kworker/30:1-rcu_par_gp)
[2025-03-19 13:48:51Z INFO LinuxProcessExtensions] Read env from /proc/1865518/environ
[2025-03-19 13:48:51Z WARN JobExtension] Ignore exception during read process environment variables: Access to the path '/proc/1865518/environ' is denied.
[2025-03-19 13:48:51Z INFO JobExtension] Inspecting process environment variables. PID: 1866090 (kworker/15:1-events)
[2025-03-19 13:48:51Z INFO LinuxProcessExtensions] Read env from /proc/1866090/environ
[2025-03-19 13:48:51Z WARN JobExtension] Ignore exception during read process environment variables: Access to the path '/proc/1866090/environ' is denied.
[2025-03-19 13:48:51Z INFO JobExtension] Inspecting process environment variables. PID: 1866106 (kworker/34:1-events)
[2025-03-19 13:48:51Z INFO LinuxProcessExtensions] Read env from /proc/1866106/environ
[2025-03-19 13:48:51Z WARN JobExtension] Ignore exception during read process environment variables: Access to the path '/proc/1866106/environ' is denied.
[2025-03-19 13:48:51Z INFO JobExtension] Inspecting process environment variables. PID: 1866268 (kworker/21:0-events)
[2025-03-19 13:48:51Z INFO LinuxProcessExtensions] Read env from /proc/1866268/environ
[2025-03-19 13:48:51Z WARN JobExtension] Ignore exception during read process environment variables: Access to the path '/proc/1866268/environ' is denied.
[2025-03-19 13:48:51Z INFO JobExtension] Inspecting process environment variables. PID: 1866293 (kworker/26:2-events)
[2025-03-19 13:48:51Z INFO LinuxProcessExtensions] Read env from /proc/1866293/environ
[2025-03-19 13:48:51Z WARN JobExtension] Ignore exception during read process environment variables: Access to the path '/proc/1866293/environ' is denied.
[2025-03-19 13:48:51Z INFO JobExtension] Inspecting process environment variables. PID: 1870515 (kworker/6:1-events)
[2025-03-19 13:48:51Z INFO LinuxProcessExtensions] Read env from /proc/1870515/environ
[2025-03-19 13:48:51Z WARN JobExtension] Ignore exception during read process environment variables: Access to the path '/proc/1870515/environ' is denied.
[2025-03-19 13:48:51Z INFO JobExtension] Inspecting process environment variables. PID: 1870610 (kworker/3:1-events)
[2025-03-19 13:48:51Z INFO LinuxProcessExtensions] Read env from /proc/1870610/environ
[2025-03-19 13:48:51Z WARN JobExtension] Ignore exception during read process environment variables: Access to the path '/proc/1870610/environ' is denied.
[2025-03-19 13:48:51Z INFO JobExtension] Inspecting process environment variables. PID: 1870735 (kworker/19:1-events)
[2025-03-19 13:48:51Z INFO LinuxProcessExtensions] Read env from /proc/1870735/environ
[2025-03-19 13:48:51Z WARN JobExtension] Ignore exception during read process environment variables: Access to the path '/proc/1870735/environ' is denied.
[2025-03-19 13:48:51Z INFO JobExtension] Inspecting process environment variables. PID: 1870933 (kworker/27:0-events)
[2025-03-19 13:48:51Z INFO LinuxProcessExtensions] Read env from /proc/1870933/environ
[2025-03-19 13:48:51Z WARN JobExtension] Ignore exception during read process environment variables: Access to the path '/proc/1870933/environ' is denied.
[2025-03-19 13:48:51Z INFO JobExtension] Inspecting process environment variables. PID: 1870956 (kworker/35:0-events)
[2025-03-19 13:48:51Z INFO LinuxProcessExtensions] Read env from /proc/1870956/environ
[2025-03-19 13:48:51Z WARN JobExtension] Ignore exception during read process environment variables: Access to the path '/proc/1870956/environ' is denied.
[2025-03-19 13:48:51Z INFO JobExtension] Inspecting process environment variables. PID: 1911415 (systemd-udevd)
[2025-03-19 13:48:51Z INFO LinuxProcessExtensions] Read env from /proc/1911415/environ
[2025-03-19 13:48:51Z WARN JobExtension] Ignore exception during read process environment variables: Access to the path '/proc/1911415/environ' is denied.
[2025-03-19 13:48:51Z INFO JobExtension] Inspecting process environment variables. PID: 1911426 (systemd-udevd)
[2025-03-19 13:48:51Z INFO LinuxProcessExtensions] Read env from /proc/1911426/environ
[2025-03-19 13:48:51Z WARN JobExtension] Ignore exception during read process environment variables: Access to the path '/proc/1911426/environ' is denied.
[2025-03-19 13:48:51Z INFO JobExtension] Inspecting process environment variables. PID: 1911450 (nm-dispatcher)
[2025-03-19 13:48:51Z INFO LinuxProcessExtensions] Read env from /proc/1911450/environ
[2025-03-19 13:48:51Z WARN JobExtension] Ignore exception during read process environment variables: Access to the path '/proc/1911450/environ' is denied.
[2025-03-19 13:48:51Z INFO JobExtension] Inspecting process environment variables. PID: 1911530 (kworker/14:0-mld)
[2025-03-19 13:48:51Z INFO LinuxProcessExtensions] Read env from /proc/1911530/environ
[2025-03-19 13:48:51Z WARN JobExtension] Ignore exception during read process environment variables: Access to the path '/proc/1911530/environ' is denied.
[2025-03-19 13:48:51Z INFO JobExtension] Inspecting process environment variables. PID: 1911533 (systemd-udevd)
[2025-03-19 13:48:51Z INFO LinuxProcessExtensions] Read env from /proc/1911533/environ
[2025-03-19 13:48:51Z WARN JobExtension] Ignore exception during read process environment variables: Access to the path '/proc/1911533/environ' is denied.
[2025-03-19 13:48:51Z INFO JobExtension] Inspecting process environment variables. PID: 1911534 (systemd-udevd)
[2025-03-19 13:48:51Z INFO LinuxProcessExtensions] Read env from /proc/1911534/environ
[2025-03-19 13:48:51Z WARN JobExtension] Ignore exception during read process environment variables: Access to the path '/proc/1911534/environ' is denied.
[2025-03-19 13:48:51Z INFO JobExtension] Inspecting process environment variables. PID: 1911535 (systemd-udevd)
[2025-03-19 13:48:51Z INFO LinuxProcessExtensions] Read env from /proc/1911535/environ
[2025-03-19 13:48:51Z WARN JobExtension] Ignore exception during read process environment variables: Access to the path '/proc/1911535/environ' is denied.
[2025-03-19 13:48:51Z INFO JobExtension] Inspecting process environment variables. PID: 1911536 (systemd-udevd)
[2025-03-19 13:48:51Z INFO LinuxProcessExtensions] Read env from /proc/1911536/environ
[2025-03-19 13:48:51Z WARN JobExtension] Ignore exception during read process environment variables: Access to the path '/proc/1911536/environ' is denied.
[2025-03-19 13:48:51Z INFO JobExtension] Inspecting process environment variables. PID: 1911537 (systemd-udevd)
[2025-03-19 13:48:51Z INFO LinuxProcessExtensions] Read env from /proc/1911537/environ
[2025-03-19 13:48:51Z WARN JobExtension] Ignore exception during read process environment variables: Access to the path '/proc/1911537/environ' is denied.
[2025-03-19 13:48:51Z INFO JobExtension] Inspecting process environment variables. PID: 1911538 (systemd-udevd)
[2025-03-19 13:48:51Z INFO LinuxProcessExtensions] Read env from /proc/1911538/environ
[2025-03-19 13:48:51Z WARN JobExtension] Ignore exception during read process environment variables: Access to the path '/proc/1911538/environ' is denied.
[2025-03-19 13:48:51Z INFO JobExtension] Inspecting process environment variables. PID: 1911539 (systemd-udevd)
[2025-03-19 13:48:51Z INFO LinuxProcessExtensions] Read env from /proc/1911539/environ
[2025-03-19 13:48:51Z WARN JobExtension] Ignore exception during read process environment variables: Access to the path '/proc/1911539/environ' is denied.
[2025-03-19 13:48:51Z INFO JobExtension] Inspecting process environment variables. PID: 1911540 (systemd-udevd)
[2025-03-19 13:48:51Z INFO LinuxProcessExtensions] Read env from /proc/1911540/environ
[2025-03-19 13:48:51Z WARN JobExtension] Ignore exception during read process environment variables: Access to the path '/proc/1911540/environ' is denied.
[2025-03-19 13:48:51Z INFO JobExtension] Inspecting process environment variables. PID: 1911541 (systemd-udevd)
[2025-03-19 13:48:51Z INFO LinuxProcessExtensions] Read env from /proc/1911541/environ
[2025-03-19 13:48:51Z WARN JobExtension] Ignore exception during read process environment variables: Access to the path '/proc/1911541/environ' is denied.
[2025-03-19 13:48:51Z INFO JobExtension] Inspecting process environment variables. PID: 1911542 (systemd-udevd)
[2025-03-19 13:48:51Z INFO LinuxProcessExtensions] Read env from /proc/1911542/environ
[2025-03-19 13:48:51Z WARN JobExtension] Ignore exception during read process environment variables: Access to the path '/proc/1911542/environ' is denied.
[2025-03-19 13:48:51Z INFO JobExtension] Inspecting process environment variables. PID: 1911543 (systemd-udevd)
[2025-03-19 13:48:51Z INFO LinuxProcessExtensions] Read env from /proc/1911543/environ
[2025-03-19 13:48:51Z WARN JobExtension] Ignore exception during read process environment variables: Access to the path '/proc/1911543/environ' is denied.
[2025-03-19 13:48:51Z INFO JobExtension] Inspecting process environment variables. PID: 1911544 (systemd-udevd)
[2025-03-19 13:48:51Z INFO LinuxProcessExtensions] Read env from /proc/1911544/environ
[2025-03-19 13:48:51Z WARN JobExtension] Ignore exception during read process environment variables: Access to the path '/proc/1911544/environ' is denied.
[2025-03-19 13:48:51Z INFO JobExtension] Inspecting process environment variables. PID: 1911545 (systemd-udevd)
[2025-03-19 13:48:51Z INFO LinuxProcessExtensions] Read env from /proc/1911545/environ
[2025-03-19 13:48:51Z WARN JobExtension] Ignore exception during read process environment variables: Access to the path '/proc/1911545/environ' is denied.
[2025-03-19 13:48:51Z INFO JobExtension] Inspecting process environment variables. PID: 1911546 (systemd-udevd)
[2025-03-19 13:48:51Z INFO LinuxProcessExtensions] Read env from /proc/1911546/environ
[2025-03-19 13:48:51Z WARN JobExtension] Ignore exception during read process environment variables: Access to the path '/proc/1911546/environ' is denied.
[2025-03-19 13:48:51Z INFO JobExtension] Inspecting process environment variables. PID: 1911547 (systemd-udevd)
[2025-03-19 13:48:51Z INFO LinuxProcessExtensions] Read env from /proc/1911547/environ
[2025-03-19 13:48:51Z WARN JobExtension] Ignore exception during read process environment variables: Access to the path '/proc/1911547/environ' is denied.
[2025-03-19 13:48:51Z INFO JobExtension] Inspecting process environment variables. PID: 1911548 (systemd-udevd)
[2025-03-19 13:48:51Z INFO LinuxProcessExtensions] Read env from /proc/1911548/environ
[2025-03-19 13:48:51Z WARN JobExtension] Ignore exception during read process environment variables: Access to the path '/proc/1911548/environ' is denied.
[2025-03-19 13:48:51Z INFO JobExtension] Inspecting process environment variables. PID: 1911549 (systemd-udevd)
[2025-03-19 13:48:51Z INFO LinuxProcessExtensions] Read env from /proc/1911549/environ
[2025-03-19 13:48:51Z WARN JobExtension] Ignore exception during read process environment variables: Access to the path '/proc/1911549/environ' is denied.
[2025-03-19 13:48:51Z INFO JobExtension] Inspecting process environment variables. PID: 1911550 (systemd-udevd)
[2025-03-19 13:48:51Z INFO LinuxProcessExtensions] Read env from /proc/1911550/environ
[2025-03-19 13:48:51Z WARN JobExtension] Ignore exception during read process environment variables: Access to the path '/proc/1911550/environ' is denied.
[2025-03-19 13:48:51Z INFO JobExtension] Inspecting process environment variables. PID: 1911551 (systemd-udevd)
[2025-03-19 13:48:51Z INFO LinuxProcessExtensions] Read env from /proc/1911551/environ
[2025-03-19 13:48:51Z WARN JobExtension] Ignore exception during read process environment variables: Access to the path '/proc/1911551/environ' is denied.
[2025-03-19 13:48:51Z INFO JobExtension] Inspecting process environment variables. PID: 1911552 (systemd-udevd)
[2025-03-19 13:48:51Z INFO LinuxProcessExtensions] Read env from /proc/1911552/environ
[2025-03-19 13:48:51Z WARN JobExtension] Ignore exception during read process environment variables: Access to the path '/proc/1911552/environ' is denied.
[2025-03-19 13:48:51Z INFO JobExtension] Inspecting process environment variables. PID: 1911553 (systemd-udevd)
[2025-03-19 13:48:51Z INFO LinuxProcessExtensions] Read env from /proc/1911553/environ
[2025-03-19 13:48:51Z WARN JobExtension] Ignore exception during read process environment variables: Access to the path '/proc/1911553/environ' is denied.
[2025-03-19 13:48:51Z INFO JobExtension] Inspecting process environment variables. PID: 1911554 (systemd-udevd)
[2025-03-19 13:48:51Z INFO LinuxProcessExtensions] Read env from /proc/1911554/environ
[2025-03-19 13:48:51Z WARN JobExtension] Ignore exception during read process environment variables: Access to the path '/proc/1911554/environ' is denied.
[2025-03-19 13:48:51Z INFO JobExtension] Inspecting process environment variables. PID: 1911555 (systemd-udevd)
[2025-03-19 13:48:51Z INFO LinuxProcessExtensions] Read env from /proc/1911555/environ
[2025-03-19 13:48:51Z WARN JobExtension] Ignore exception during read process environment variables: Access to the path '/proc/1911555/environ' is denied.
[2025-03-19 13:48:51Z INFO JobExtension] Inspecting process environment variables. PID: 1911556 (systemd-udevd)
[2025-03-19 13:48:51Z INFO LinuxProcessExtensions] Read env from /proc/1911556/environ
[2025-03-19 13:48:51Z WARN JobExtension] Ignore exception during read process environment variables: Access to the path '/proc/1911556/environ' is denied.
[2025-03-19 13:48:51Z INFO JobExtension] Inspecting process environment variables. PID: 1911557 (systemd-udevd)
[2025-03-19 13:48:51Z INFO LinuxProcessExtensions] Read env from /proc/1911557/environ
[2025-03-19 13:48:51Z WARN JobExtension] Ignore exception during read process environment variables: Access to the path '/proc/1911557/environ' is denied.
[2025-03-19 13:48:51Z INFO JobExtension] Inspecting process environment variables. PID: 1911558 (systemd-udevd)
[2025-03-19 13:48:51Z INFO LinuxProcessExtensions] Read env from /proc/1911558/environ
[2025-03-19 13:48:51Z WARN JobExtension] Ignore exception during read process environment variables: Access to the path '/proc/1911558/environ' is denied.
[2025-03-19 13:48:51Z INFO JobExtension] Inspecting process environment variables. PID: 1911559 (systemd-udevd)
[2025-03-19 13:48:51Z INFO LinuxProcessExtensions] Read env from /proc/1911559/environ
[2025-03-19 13:48:51Z WARN JobExtension] Ignore exception during read process environment variables: Access to the path '/proc/1911559/environ' is denied.
[2025-03-19 13:48:51Z INFO JobExtension] Inspecting process environment variables. PID: 1911560 (systemd-udevd)
[2025-03-19 13:48:51Z INFO LinuxProcessExtensions] Read env from /proc/1911560/environ
[2025-03-19 13:48:51Z WARN JobExtension] Ignore exception during read process environment variables: Access to the path '/proc/1911560/environ' is denied.
[2025-03-19 13:48:51Z INFO JobExtension] Inspecting process environment variables. PID: 1911561 (systemd-udevd)
[2025-03-19 13:48:51Z INFO LinuxProcessExtensions] Read env from /proc/1911561/environ
[2025-03-19 13:48:51Z WARN JobExtension] Ignore exception during read process environment variables: Access to the path '/proc/1911561/environ' is denied.
[2025-03-19 13:48:51Z INFO JobExtension] Inspecting process environment variables. PID: 1911562 (systemd-udevd)
[2025-03-19 13:48:51Z INFO LinuxProcessExtensions] Read env from /proc/1911562/environ
[2025-03-19 13:48:51Z WARN JobExtension] Ignore exception during read process environment variables: Access to the path '/proc/1911562/environ' is denied.
[2025-03-19 13:48:51Z INFO JobExtension] Inspecting process environment variables. PID: 1911563 (systemd-udevd)
[2025-03-19 13:48:51Z INFO LinuxProcessExtensions] Read env from /proc/1911563/environ
[2025-03-19 13:48:51Z WARN JobExtension] Ignore exception during read process environment variables: Access to the path '/proc/1911563/environ' is denied.
[2025-03-19 13:48:51Z INFO JobExtension] Inspecting process environment variables. PID: 1911564 (systemd-udevd)
[2025-03-19 13:48:51Z INFO LinuxProcessExtensions] Read env from /proc/1911564/environ
[2025-03-19 13:48:51Z WARN JobExtension] Ignore exception during read process environment variables: Access to the path '/proc/1911564/environ' is denied.
[2025-03-19 13:48:51Z INFO JobExtension] Inspecting process environment variables. PID: 1911565 (systemd-udevd)
[2025-03-19 13:48:51Z INFO LinuxProcessExtensions] Read env from /proc/1911565/environ
[2025-03-19 13:48:51Z WARN JobExtension] Ignore exception during read process environment variables: Access to the path '/proc/1911565/environ' is denied.
[2025-03-19 13:48:51Z INFO JobExtension] Inspecting process environment variables. PID: 1911566 (systemd-udevd)
[2025-03-19 13:48:51Z INFO LinuxProcessExtensions] Read env from /proc/1911566/environ
[2025-03-19 13:48:51Z WARN JobExtension] Ignore exception during read process environment variables: Access to the path '/proc/1911566/environ' is denied.
[2025-03-19 13:48:51Z INFO JobExtension] Inspecting process environment variables. PID: 1911567 (systemd-udevd)
[2025-03-19 13:48:51Z INFO LinuxProcessExtensions] Read env from /proc/1911567/environ
[2025-03-19 13:48:51Z WARN JobExtension] Ignore exception during read process environment variables: Access to the path '/proc/1911567/environ' is denied.
[2025-03-19 13:48:51Z INFO JobExtension] Inspecting process environment variables. PID: 1911568 (systemd-udevd)
[2025-03-19 13:48:51Z INFO LinuxProcessExtensions] Read env from /proc/1911568/environ
[2025-03-19 13:48:51Z WARN JobExtension] Ignore exception during read process environment variables: Access to the path '/proc/1911568/environ' is denied.
[2025-03-19 13:48:51Z INFO JobExtension] Inspecting process environment variables. PID: 1911569 (systemd-udevd)
[2025-03-19 13:48:51Z INFO LinuxProcessExtensions] Read env from /proc/1911569/environ
[2025-03-19 13:48:51Z WARN JobExtension] Ignore exception during read process environment variables: Access to the path '/proc/1911569/environ' is denied.
[2025-03-19 13:48:51Z INFO JobExtension] Inspecting process environment variables. PID: 1911570 (systemd-udevd)
[2025-03-19 13:48:51Z INFO LinuxProcessExtensions] Read env from /proc/1911570/environ
[2025-03-19 13:48:51Z WARN JobExtension] Ignore exception during read process environment variables: Access to the path '/proc/1911570/environ' is denied.
[2025-03-19 13:48:51Z INFO JobExtension] Inspecting process environment variables. PID: 1911571 (systemd-udevd)
[2025-03-19 13:48:51Z INFO LinuxProcessExtensions] Read env from /proc/1911571/environ
[2025-03-19 13:48:51Z WARN JobExtension] Ignore exception during read process environment variables: Access to the path '/proc/1911571/environ' is denied.
[2025-03-19 13:48:51Z INFO JobExtension] Inspecting process environment variables. PID: 1911572 (systemd-udevd)
[2025-03-19 13:48:51Z INFO LinuxProcessExtensions] Read env from /proc/1911572/environ
[2025-03-19 13:48:51Z WARN JobExtension] Ignore exception during read process environment variables: Access to the path '/proc/1911572/environ' is denied.
[2025-03-19 13:48:51Z INFO JobExtension] Inspecting process environment variables. PID: 1911573 (systemd-udevd)
[2025-03-19 13:48:51Z INFO LinuxProcessExtensions] Read env from /proc/1911573/environ
[2025-03-19 13:48:51Z WARN JobExtension] Ignore exception during read process environment variables: Access to the path '/proc/1911573/environ' is denied.
[2025-03-19 13:48:51Z INFO JobExtension] Inspecting process environment variables. PID: 1911574 (systemd-udevd)
[2025-03-19 13:48:51Z INFO LinuxProcessExtensions] Read env from /proc/1911574/environ
[2025-03-19 13:48:51Z WARN JobExtension] Ignore exception during read process environment variables: Access to the path '/proc/1911574/environ' is denied.
[2025-03-19 13:48:51Z INFO JobExtension] Inspecting process environment variables. PID: 1911575 (systemd-udevd)
[2025-03-19 13:48:51Z INFO LinuxProcessExtensions] Read env from /proc/1911575/environ
[2025-03-19 13:48:51Z WARN JobExtension] Ignore exception during read process environment variables: Access to the path '/proc/1911575/environ' is denied.
[2025-03-19 13:48:51Z INFO JobExtension] Inspecting process environment variables. PID: 1911576 (systemd-udevd)
[2025-03-19 13:48:51Z INFO LinuxProcessExtensions] Read env from /proc/1911576/environ
[2025-03-19 13:48:51Z WARN JobExtension] Ignore exception during read process environment variables: Access to the path '/proc/1911576/environ' is denied.
[2025-03-19 13:48:51Z INFO JobExtension] Inspecting process environment variables. PID: 1911577 (systemd-udevd)
[2025-03-19 13:48:51Z INFO LinuxProcessExtensions] Read env from /proc/1911577/environ
[2025-03-19 13:48:51Z WARN JobExtension] Ignore exception during read process environment variables: Access to the path '/proc/1911577/environ' is denied.
[2025-03-19 13:48:51Z INFO JobExtension] Inspecting process environment variables. PID: 1911578 (systemd-udevd)
[2025-03-19 13:48:51Z INFO LinuxProcessExtensions] Read env from /proc/1911578/environ
[2025-03-19 13:48:51Z WARN JobExtension] Ignore exception during read process environment variables: Access to the path '/proc/1911578/environ' is denied.
[2025-03-19 13:48:51Z INFO JobExtension] Inspecting process environment variables. PID: 1911579 (systemd-udevd)
[2025-03-19 13:48:51Z INFO LinuxProcessExtensions] Read env from /proc/1911579/environ
[2025-03-19 13:48:51Z WARN JobExtension] Ignore exception during read process environment variables: Access to the path '/proc/1911579/environ' is denied.
[2025-03-19 13:48:51Z INFO JobExtension] Inspecting process environment variables. PID: 1911580 (systemd-udevd)
[2025-03-19 13:48:51Z INFO LinuxProcessExtensions] Read env from /proc/1911580/environ
[2025-03-19 13:48:51Z WARN JobExtension] Ignore exception during read process environment variables: Access to the path '/proc/1911580/environ' is denied.
[2025-03-19 13:48:51Z INFO JobExtension] Inspecting process environment variables. PID: 1911581 (systemd-udevd)
[2025-03-19 13:48:51Z INFO LinuxProcessExtensions] Read env from /proc/1911581/environ
[2025-03-19 13:48:51Z WARN JobExtension] Ignore exception during read process environment variables: Access to the path '/proc/1911581/environ' is denied.
[2025-03-19 13:48:51Z INFO JobExtension] Inspecting process environment variables. PID: 1911582 (systemd-udevd)
[2025-03-19 13:48:51Z INFO LinuxProcessExtensions] Read env from /proc/1911582/environ
[2025-03-19 13:48:51Z WARN JobExtension] Ignore exception during read process environment variables: Access to the path '/proc/1911582/environ' is denied.
[2025-03-19 13:48:51Z INFO JobExtension] Inspecting process environment variables. PID: 1911583 (systemd-udevd)
[2025-03-19 13:48:51Z INFO LinuxProcessExtensions] Read env from /proc/1911583/environ
[2025-03-19 13:48:51Z WARN JobExtension] Ignore exception during read process environment variables: Access to the path '/proc/1911583/environ' is denied.
[2025-03-19 13:48:51Z INFO JobExtension] Inspecting process environment variables. PID: 1911584 (systemd-udevd)
[2025-03-19 13:48:51Z INFO LinuxProcessExtensions] Read env from /proc/1911584/environ
[2025-03-19 13:48:51Z WARN JobExtension] Ignore exception during read process environment variables: Access to the path '/proc/1911584/environ' is denied.
[2025-03-19 13:48:51Z INFO JobExtension] Inspecting process environment variables. PID: 1911585 (systemd-udevd)
[2025-03-19 13:48:51Z INFO LinuxProcessExtensions] Read env from /proc/1911585/environ
[2025-03-19 13:48:51Z WARN JobExtension] Ignore exception during read process environment variables: Access to the path '/proc/1911585/environ' is denied.
[2025-03-19 13:48:51Z INFO JobExtension] Inspecting process environment variables. PID: 1911586 (systemd-udevd)
[2025-03-19 13:48:51Z INFO LinuxProcessExtensions] Read env from /proc/1911586/environ
[2025-03-19 13:48:51Z WARN JobExtension] Ignore exception during read process environment variables: Access to the path '/proc/1911586/environ' is denied.
[2025-03-19 13:48:51Z INFO JobExtension] Inspecting process environment variables. PID: 1911587 (systemd-udevd)
[2025-03-19 13:48:51Z INFO LinuxProcessExtensions] Read env from /proc/1911587/environ
[2025-03-19 13:48:51Z WARN JobExtension] Ignore exception during read process environment variables: Access to the path '/proc/1911587/environ' is denied.
[2025-03-19 13:48:51Z INFO JobExtension] Inspecting process environment variables. PID: 1911588 (systemd-udevd)
[2025-03-19 13:48:51Z INFO LinuxProcessExtensions] Read env from /proc/1911588/environ
[2025-03-19 13:48:51Z WARN JobExtension] Ignore exception during read process environment variables: Access to the path '/proc/1911588/environ' is denied.
[2025-03-19 13:48:51Z INFO JobExtension] Inspecting process environment variables. PID: 1911589 (systemd-udevd)
[2025-03-19 13:48:51Z INFO LinuxProcessExtensions] Read env from /proc/1911589/environ
[2025-03-19 13:48:51Z WARN JobExtension] Ignore exception during read process environment variables: Access to the path '/proc/1911589/environ' is denied.
[2025-03-19 13:48:51Z INFO JobExtension] Inspecting process environment variables. PID: 1911590 (systemd-udevd)
[2025-03-19 13:48:51Z INFO LinuxProcessExtensions] Read env from /proc/1911590/environ
[2025-03-19 13:48:51Z WARN JobExtension] Ignore exception during read process environment variables: Access to the path '/proc/1911590/environ' is denied.
[2025-03-19 13:48:51Z INFO JobExtension] Inspecting process environment variables. PID: 1911591 (systemd-udevd)
[2025-03-19 13:48:51Z INFO LinuxProcessExtensions] Read env from /proc/1911591/environ
[2025-03-19 13:48:51Z WARN JobExtension] Ignore exception during read process environment variables: Access to the path '/proc/1911591/environ' is denied.
[2025-03-19 13:48:51Z INFO JobExtension] Inspecting process environment variables. PID: 1911592 (systemd-udevd)
[2025-03-19 13:48:51Z INFO LinuxProcessExtensions] Read env from /proc/1911592/environ
[2025-03-19 13:48:51Z WARN JobExtension] Ignore exception during read process environment variables: Access to the path '/proc/1911592/environ' is denied.
[2025-03-19 13:48:51Z INFO JobExtension] Inspecting process environment variables. PID: 1911593 (systemd-udevd)
[2025-03-19 13:48:51Z INFO LinuxProcessExtensions] Read env from /proc/1911593/environ
[2025-03-19 13:48:51Z WARN JobExtension] Ignore exception during read process environment variables: Access to the path '/proc/1911593/environ' is denied.
[2025-03-19 13:48:51Z INFO JobExtension] Inspecting process environment variables. PID: 1911594 (systemd-udevd)
[2025-03-19 13:48:51Z INFO LinuxProcessExtensions] Read env from /proc/1911594/environ
[2025-03-19 13:48:51Z WARN JobExtension] Ignore exception during read process environment variables: Access to the path '/proc/1911594/environ' is denied.
[2025-03-19 13:48:51Z INFO JobExtension] Inspecting process environment variables. PID: 1911595 (systemd-udevd)
[2025-03-19 13:48:51Z INFO LinuxProcessExtensions] Read env from /proc/1911595/environ
[2025-03-19 13:48:51Z WARN JobExtension] Ignore exception during read process environment variables: Access to the path '/proc/1911595/environ' is denied.
[2025-03-19 13:48:51Z INFO JobExtension] Inspecting process environment variables. PID: 1911596 (systemd-udevd)
[2025-03-19 13:48:51Z INFO LinuxProcessExtensions] Read env from /proc/1911596/environ
[2025-03-19 13:48:51Z WARN JobExtension] Ignore exception during read process environment variables: Access to the path '/proc/1911596/environ' is denied.
[2025-03-19 13:48:51Z INFO JobExtension] Inspecting process environment variables. PID: 1911597 (systemd-udevd)
[2025-03-19 13:48:51Z INFO LinuxProcessExtensions] Read env from /proc/1911597/environ
[2025-03-19 13:48:51Z WARN JobExtension] Ignore exception during read process environment variables: Access to the path '/proc/1911597/environ' is denied.
[2025-03-19 13:48:51Z INFO JobExtension] Inspecting process environment variables. PID: 1911598 (systemd-udevd)
[2025-03-19 13:48:51Z INFO LinuxProcessExtensions] Read env from /proc/1911598/environ
[2025-03-19 13:48:51Z WARN JobExtension] Ignore exception during read process environment variables: Access to the path '/proc/1911598/environ' is denied.
[2025-03-19 13:48:51Z INFO JobExtension] Inspecting process environment variables. PID: 1911599 (systemd-udevd)
[2025-03-19 13:48:51Z INFO LinuxProcessExtensions] Read env from /proc/1911599/environ
[2025-03-19 13:48:51Z WARN JobExtension] Ignore exception during read process environment variables: Access to the path '/proc/1911599/environ' is denied.
[2025-03-19 13:48:51Z INFO JobExtension] Inspecting process environment variables. PID: 1911600 (systemd-udevd)
[2025-03-19 13:48:51Z INFO LinuxProcessExtensions] Read env from /proc/1911600/environ
[2025-03-19 13:48:51Z WARN JobExtension] Ignore exception during read process environment variables: Access to the path '/proc/1911600/environ' is denied.
[2025-03-19 13:48:51Z INFO JobExtension] Inspecting process environment variables. PID: 1911601 (systemd-udevd)
[2025-03-19 13:48:51Z INFO LinuxProcessExtensions] Read env from /proc/1911601/environ
[2025-03-19 13:48:51Z WARN JobExtension] Ignore exception during read process environment variables: Access to the path '/proc/1911601/environ' is denied.
[2025-03-19 13:48:51Z INFO JobExtension] Inspecting process environment variables. PID: 1911602 (systemd-udevd)
[2025-03-19 13:48:51Z INFO LinuxProcessExtensions] Read env from /proc/1911602/environ
[2025-03-19 13:48:51Z WARN JobExtension] Ignore exception during read process environment variables: Access to the path '/proc/1911602/environ' is denied.
[2025-03-19 13:48:51Z INFO JobExtension] Inspecting process environment variables. PID: 1911603 (systemd-udevd)
[2025-03-19 13:48:51Z INFO LinuxProcessExtensions] Read env from /proc/1911603/environ
[2025-03-19 13:48:51Z WARN JobExtension] Ignore exception during read process environment variables: Access to the path '/proc/1911603/environ' is denied.
[2025-03-19 13:48:51Z INFO JobExtension] Inspecting process environment variables. PID: 1911604 (systemd-udevd)
[2025-03-19 13:48:51Z INFO LinuxProcessExtensions] Read env from /proc/1911604/environ
[2025-03-19 13:48:51Z WARN JobExtension] Ignore exception during read process environment variables: Access to the path '/proc/1911604/environ' is denied.
[2025-03-19 13:48:51Z INFO JobExtension] Inspecting process environment variables. PID: 1911605 (systemd-udevd)
[2025-03-19 13:48:51Z INFO LinuxProcessExtensions] Read env from /proc/1911605/environ
[2025-03-19 13:48:51Z WARN JobExtension] Ignore exception during read process environment variables: Access to the path '/proc/1911605/environ' is denied.
[2025-03-19 13:48:51Z INFO JobExtension] Inspecting process environment variables. PID: 1911606 (systemd-udevd)
[2025-03-19 13:48:51Z INFO LinuxProcessExtensions] Read env from /proc/1911606/environ
[2025-03-19 13:48:51Z WARN JobExtension] Ignore exception during read process environment variables: Access to the path '/proc/1911606/environ' is denied.
[2025-03-19 13:48:51Z INFO JobExtension] Inspecting process environment variables. PID: 1911607 (systemd-udevd)
[2025-03-19 13:48:51Z INFO LinuxProcessExtensions] Read env from /proc/1911607/environ
[2025-03-19 13:48:51Z WARN JobExtension] Ignore exception during read process environment variables: Access to the path '/proc/1911607/environ' is denied.
[2025-03-19 13:48:51Z INFO JobExtension] Inspecting process environment variables. PID: 1911608 (systemd-udevd)
[2025-03-19 13:48:51Z INFO LinuxProcessExtensions] Read env from /proc/1911608/environ
[2025-03-19 13:48:51Z WARN JobExtension] Ignore exception during read process environment variables: Access to the path '/proc/1911608/environ' is denied.
[2025-03-19 13:48:51Z INFO JobExtension] Inspecting process environment variables. PID: 1911609 (systemd-udevd)
[2025-03-19 13:48:51Z INFO LinuxProcessExtensions] Read env from /proc/1911609/environ
[2025-03-19 13:48:51Z WARN JobExtension] Ignore exception during read process environment variables: Access to the path '/proc/1911609/environ' is denied.
[2025-03-19 13:48:51Z INFO JobExtension] Inspecting process environment variables. PID: 1911610 (systemd-udevd)
[2025-03-19 13:48:51Z INFO LinuxProcessExtensions] Read env from /proc/1911610/environ
[2025-03-19 13:48:51Z WARN JobExtension] Ignore exception during read process environment variables: Access to the path '/proc/1911610/environ' is denied.
[2025-03-19 13:48:51Z INFO JobExtension] Inspecting process environment variables. PID: 1911611 (systemd-udevd)
[2025-03-19 13:48:51Z INFO LinuxProcessExtensions] Read env from /proc/1911611/environ
[2025-03-19 13:48:51Z WARN JobExtension] Ignore exception during read process environment variables: Access to the path '/proc/1911611/environ' is denied.
[2025-03-19 13:48:51Z INFO JobExtension] Inspecting process environment variables. PID: 1911612 (systemd-udevd)
[2025-03-19 13:48:51Z INFO LinuxProcessExtensions] Read env from /proc/1911612/environ
[2025-03-19 13:48:51Z WARN JobExtension] Ignore exception during read process environment variables: Access to the path '/proc/1911612/environ' is denied.
[2025-03-19 13:48:51Z INFO JobExtension] Inspecting process environment variables. PID: 1911613 (systemd-udevd)
[2025-03-19 13:48:51Z INFO LinuxProcessExtensions] Read env from /proc/1911613/environ
[2025-03-19 13:48:51Z WARN JobExtension] Ignore exception during read process environment variables: Access to the path '/proc/1911613/environ' is denied.
[2025-03-19 13:48:51Z INFO JobExtension] Inspecting process environment variables. PID: 1911614 (systemd-udevd)
[2025-03-19 13:48:51Z INFO LinuxProcessExtensions] Read env from /proc/1911614/environ
[2025-03-19 13:48:51Z WARN JobExtension] Ignore exception during read process environment variables: Access to the path '/proc/1911614/environ' is denied.
[2025-03-19 13:48:51Z INFO JobExtension] Inspecting process environment variables. PID: 1911615 (systemd-udevd)
[2025-03-19 13:48:51Z INFO LinuxProcessExtensions] Read env from /proc/1911615/environ
[2025-03-19 13:48:51Z WARN JobExtension] Ignore exception during read process environment variables: Access to the path '/proc/1911615/environ' is denied.
[2025-03-19 13:48:51Z INFO JobExtension] Inspecting process environment variables. PID: 1911616 (systemd-udevd)
[2025-03-19 13:48:51Z INFO LinuxProcessExtensions] Read env from /proc/1911616/environ
[2025-03-19 13:48:51Z WARN JobExtension] Ignore exception during read process environment variables: Access to the path '/proc/1911616/environ' is denied.
[2025-03-19 13:48:51Z INFO JobExtension] Inspecting process environment variables. PID: 1911617 (systemd-udevd)
[2025-03-19 13:48:51Z INFO LinuxProcessExtensions] Read env from /proc/1911617/environ
[2025-03-19 13:48:51Z WARN JobExtension] Ignore exception during read process environment variables: Access to the path '/proc/1911617/environ' is denied.
[2025-03-19 13:48:51Z INFO JobExtension] Inspecting process environment variables. PID: 1911618 (systemd-udevd)
[2025-03-19 13:48:51Z INFO LinuxProcessExtensions] Read env from /proc/1911618/environ
[2025-03-19 13:48:51Z WARN JobExtension] Ignore exception during read process environment variables: Access to the path '/proc/1911618/environ' is denied.
[2025-03-19 13:48:51Z INFO JobExtension] Inspecting process environment variables. PID: 1911620 (kworker/33:2-events)
[2025-03-19 13:48:51Z INFO LinuxProcessExtensions] Read env from /proc/1911620/environ
[2025-03-19 13:48:51Z WARN JobExtension] Ignore exception during read process environment variables: Access to the path '/proc/1911620/environ' is denied.
[2025-03-19 13:48:51Z INFO JobExtension] Inspecting process environment variables. PID: 1911672 (kworker/20:2-events)
[2025-03-19 13:48:51Z INFO LinuxProcessExtensions] Read env from /proc/1911672/environ
[2025-03-19 13:48:51Z WARN JobExtension] Ignore exception during read process environment variables: Access to the path '/proc/1911672/environ' is denied.
[2025-03-19 13:48:51Z INFO JobExtension] Inspecting process environment variables. PID: 1911681 (kworker/11:2-cgroup_destroy)
[2025-03-19 13:48:51Z INFO LinuxProcessExtensions] Read env from /proc/1911681/environ
[2025-03-19 13:48:51Z WARN JobExtension] Ignore exception during read process environment variables: Access to the path '/proc/1911681/environ' is denied.
[2025-03-19 13:48:51Z INFO JobExtension] Inspecting process environment variables. PID: 1912068 (kworker/16:1)
[2025-03-19 13:48:51Z INFO LinuxProcessExtensions] Read env from /proc/1912068/environ
[2025-03-19 13:48:51Z WARN JobExtension] Ignore exception during read process environment variables: Access to the path '/proc/1912068/environ' is denied.
[2025-03-19 13:48:51Z INFO JobExtension] Inspecting process environment variables. PID: 1912143 (sleep)
[2025-03-19 13:48:51Z INFO LinuxProcessExtensions] Read env from /proc/1912143/environ
[2025-03-19 13:48:51Z WARN JobExtension] Ignore exception during read process environment variables: Access to the path '/proc/1912143/environ' is denied.
[2025-03-19 13:48:51Z INFO JobExtension] Inspecting process environment variables. PID: 1912224 (kworker/23:1-events)
[2025-03-19 13:48:51Z INFO LinuxProcessExtensions] Read env from /proc/1912224/environ
[2025-03-19 13:48:51Z WARN JobExtension] Ignore exception during read process environment variables: Access to the path '/proc/1912224/environ' is denied.
[2025-03-19 13:48:51Z INFO JobExtension] Inspecting process environment variables. PID: 1912261 (kworker/21:3)
[2025-03-19 13:48:51Z INFO LinuxProcessExtensions] Read env from /proc/1912261/environ
[2025-03-19 13:48:51Z WARN JobExtension] Ignore exception during read process environment variables: Access to the path '/proc/1912261/environ' is denied.
[2025-03-19 13:48:51Z INFO ExecutionContext] Publish step telemetry for current step {
  "action": "complete_job",
  "type": "runner",
  "stage": "Post",
  "stepId": "912717a3-634e-44c9-9d23-0876ba99c588",
  "result": "succeeded",
  "errorMessages": [],
  "executionTimeInSeconds": 1,
  "startTime": "2025-03-19T13:48:51.8121007Z",
  "finishTime": "2025-03-19T13:48:51.937893Z"
}.
[2025-03-19 13:48:51Z INFO JobRunner] Job result after all job steps finish: Failed
[2025-03-19 13:48:51Z INFO JobRunner] Completing the job execution context.
[2025-03-19 13:48:51Z INFO JobRunner] Shutting down the job server queue.
[2025-03-19 13:48:51Z INFO JobServerQueue] Fire signal to shutdown all queues.
[2025-03-19 13:48:52Z INFO JobServerQueue] All queue process task stopped.
[2025-03-19 13:48:52Z INFO JobServerQueue] Try to append 1 batches web console lines for record '13261a40-b2bf-4d69-8b43-ec4131af8fcb', success rate: 1/1.
[2025-03-19 13:48:52Z INFO JobServerQueue] Try to append 1 batches web console lines for record '912717a3-634e-44c9-9d23-0876ba99c588', success rate: 1/1.
[2025-03-19 13:48:52Z INFO JobServerQueue] Web console line queue drained.
[2025-03-19 13:48:52Z INFO JobServerQueue] Uploading 5 files in one shot.
[2025-03-19 13:48:52Z INFO JobServerQueue] Try to upload 5 log files or attachments, success rate: 5/5.
[2025-03-19 13:48:52Z INFO JobServerQueue] File upload queue drained.
[2025-03-19 13:48:52Z INFO JobServerQueue] Starting results-based upload queue...
[2025-03-19 13:48:52Z INFO JobServerQueue] Uploading 7 file(s) in one shot through results service.
[2025-03-19 13:48:52Z INFO JobServerQueue] Got a step log file to send to results service.
[2025-03-19 13:48:52Z INFO JobServerQueue] Starting upload of step log file to results service ResultsLog, /home/jenny/tensorflow-mri/actions-runner/_diag/blocks/5b2cb858-9d8b-4489-a424-71acb1f501b7_7a415b76-78b5-413d-87e4-904bb08756c9.1
[2025-03-19 13:48:53Z INFO JobServerQueue] Got a step log file to send to results service.
[2025-03-19 13:48:53Z INFO JobServerQueue] Starting upload of step log file to results service ResultsLog, /home/jenny/tensorflow-mri/actions-runner/_diag/blocks/5b2cb858-9d8b-4489-a424-71acb1f501b7_e420c1ee-b544-482a-b444-e86d1d3c52b6.1
[2025-03-19 13:48:53Z INFO JobServerQueue] Got a step log file to send to results service.
[2025-03-19 13:48:53Z INFO JobServerQueue] Starting upload of step log file to results service ResultsLog, /home/jenny/tensorflow-mri/actions-runner/_diag/blocks/5b2cb858-9d8b-4489-a424-71acb1f501b7_cdcaf5e8-1c64-4459-b283-1dd1ea3f44c5.1
[2025-03-19 13:48:53Z INFO JobServerQueue] Got a step log file to send to results service.
[2025-03-19 13:48:53Z INFO JobServerQueue] Starting upload of step log file to results service ResultsLog, /home/jenny/tensorflow-mri/actions-runner/_diag/blocks/5b2cb858-9d8b-4489-a424-71acb1f501b7_8c6a19a7-ce35-4677-a170-8b30c1b03670.1
[2025-03-19 13:48:53Z INFO JobServerQueue] Got a step log file to send to results service.
[2025-03-19 13:48:53Z INFO JobServerQueue] Starting upload of step log file to results service ResultsLog, /home/jenny/tensorflow-mri/actions-runner/_diag/blocks/5b2cb858-9d8b-4489-a424-71acb1f501b7_13261a40-b2bf-4d69-8b43-ec4131af8fcb.1
[2025-03-19 13:48:54Z INFO JobServerQueue] Got a step log file to send to results service.
[2025-03-19 13:48:54Z INFO JobServerQueue] Starting upload of step log file to results service ResultsLog, /home/jenny/tensorflow-mri/actions-runner/_diag/blocks/5b2cb858-9d8b-4489-a424-71acb1f501b7_912717a3-634e-44c9-9d23-0876ba99c588.1
[2025-03-19 13:48:54Z INFO JobServerQueue] Got a job log file to send to results service.
[2025-03-19 13:48:54Z INFO JobServerQueue] Starting upload of job log file to results service ResultsLog, /home/jenny/tensorflow-mri/actions-runner/_diag/blocks/5b2cb858-9d8b-4489-a424-71acb1f501b7_a22b22c7-e90c-5d5f-9e20-307c2549ce9f.1
[2025-03-19 13:48:54Z INFO JobServerQueue] Tried to upload 7 file(s) to results, success rate: 7/7.
[2025-03-19 13:48:54Z INFO JobServerQueue] Results upload queue drained.
[2025-03-19 13:48:54Z INFO JobServerQueue] Timeline update queue drained.
[2025-03-19 13:48:54Z INFO JobServerQueue] Disposing job server ...
[2025-03-19 13:48:54Z INFO JobServerQueue] Disposing results server ...
[2025-03-19 13:48:54Z INFO JobServerQueue] All queue process tasks have been stopped, and all queues are drained.
[2025-03-19 13:48:54Z INFO TempDirectoryManager] Cleaning runner temp folder: /home/jenny/tensorflow-mri/actions-runner/_work/_temp
[2025-03-19 13:48:54Z ERR  TempDirectoryManager] System.IO.IOException: Access to the path '/home/jenny/tensorflow-mri/actions-runner/_work/_temp/_github_home/.config/matplotlib' is denied.
   at System.IO.FileSystem.RemoveEmptyDirectory(String fullPath, Boolean topLevel, Boolean throwWhenNotEmpty)
   at System.IO.DirectoryInfo.Delete()
   at GitHub.Runner.Sdk.IOUtil.DeleteDirectory(String path, Boolean contentsOnly, Boolean continueOnContentDeleteError, CancellationToken cancellationToken)
   at GitHub.Runner.Worker.TempDirectoryManager.CleanupTempDirectory()
[2025-03-19 13:48:54Z INFO HostContext] Well known directory 'Bin': '/home/jenny/tensorflow-mri/actions-runner/bin'
[2025-03-19 13:48:54Z INFO HostContext] Well known directory 'Root': '/home/jenny/tensorflow-mri/actions-runner'
[2025-03-19 13:48:54Z INFO HostContext] Well known directory 'Diag': '/home/jenny/tensorflow-mri/actions-runner/_diag'
[2025-03-19 13:48:54Z INFO HostContext] Well known config file 'Telemetry': '/home/jenny/tensorflow-mri/actions-runner/_diag/.telemetry'
[2025-03-19 13:48:54Z INFO JobRunner] Raising job completed against run service
[2025-03-19 13:48:55Z INFO Worker] Job completed.
