[2025-03-13 21:52:44Z INFO HostContext] No proxy settings were found based on environmental variables (http_proxy/https_proxy/HTTP_PROXY/HTTPS_PROXY)
[2025-03-13 21:52:44Z INFO HostContext] Well known directory 'Bin': '/home/jenny/tensorflow-mri/actions-runner/bin'
[2025-03-13 21:52:44Z INFO HostContext] Well known directory 'Root': '/home/jenny/tensorflow-mri/actions-runner'
[2025-03-13 21:52:44Z INFO HostContext] Well known config file 'Credentials': '/home/jenny/tensorflow-mri/actions-runner/.credentials'
[2025-03-13 21:52:44Z INFO HostContext] Well known directory 'Bin': '/home/jenny/tensorflow-mri/actions-runner/bin'
[2025-03-13 21:52:44Z INFO HostContext] Well known directory 'Root': '/home/jenny/tensorflow-mri/actions-runner'
[2025-03-13 21:52:44Z INFO HostContext] Well known config file 'Runner': '/home/jenny/tensorflow-mri/actions-runner/.runner'
[2025-03-13 21:52:45Z INFO Worker] Version: 2.322.0
[2025-03-13 21:52:45Z INFO Worker] Commit: 0edc478ca75d0a753dcbcec7405f3f26db67b1ac
[2025-03-13 21:52:45Z INFO Worker] Culture: en-GB
[2025-03-13 21:52:45Z INFO Worker] UI Culture: en-GB
[2025-03-13 21:52:45Z INFO Worker] Waiting to receive the job message from the channel.
[2025-03-13 21:52:45Z INFO ProcessChannel] Receiving message of length 20872, with hash '631143f9a79727c1d96a593676412a20bde4e3166601c577327d693af3ed176e'
[2025-03-13 21:52:45Z INFO Worker] Message received.
[2025-03-13 21:52:45Z INFO Worker] Job message:
 {
  "fileTable": [
    ".github/workflows/build-package.yml"
  ],
  "mask": [
    {
      "type": "regex",
      "value": "***"
    },
    {
      "type": "regex",
      "value": "***"
    },
    {
      "type": "regex",
      "value": "***"
    },
    {
      "type": "regex",
      "value": "***"
    },
    {
      "type": "regex",
      "value": "***"
    },
    {
      "type": "regex",
      "value": "***"
    },
    {
      "type": "regex",
      "value": "***"
    },
    {
      "type": "regex",
      "value": "***"
    },
    {
      "type": "regex",
      "value": "***"
    },
    {
      "type": "regex",
      "value": "***"
    },
    {
      "type": "regex",
      "value": "***"
    },
    {
      "type": "regex",
      "value": "***"
    },
    {
      "type": "regex",
      "value": "***"
    },
    {
      "type": "regex",
      "value": "***"
    },
    {
      "type": "regex",
      "value": "***"
    },
    {
      "type": "regex",
      "value": "***"
    },
    {
      "type": "regex",
      "value": "***"
    },
    {
      "type": "regex",
      "value": "***"
    }
  ],
  "steps": [
    {
      "type": "action",
      "reference": {
        "type": "repository",
        "name": "actions/checkout",
        "ref": "v4",
        "repositoryType": "GitHub"
      },
      "displayNameToken": {
        "type": 0,
        "file": 1,
        "line": 183,
        "col": 15,
        "lit": "Checkout"
      },
      "contextName": "__actions_checkout",
      "condition": "success()",
      "id": "b31406ee-8769-4719-bb0d-0e0ebf480214",
      "name": "__actions_checkout"
    },
    {
      "type": "action",
      "reference": {
        "type": "repository",
        "name": "openjournals/openjournals-draft-action",
        "ref": "v.1.0",
        "repositoryType": "GitHub"
      },
      "displayNameToken": {
        "type": 0,
        "file": 1,
        "line": 187,
        "col": 15,
        "lit": "Open Journals PDF Generator"
      },
      "contextName": "__openjournals_openjournals-draft-action",
      "inputs": {
        "type": 2,
        "file": 1,
        "line": 190,
        "col": 11,
        "map": [
          {
            "key": {
              "type": 0,
              "file": 1,
              "line": 190,
              "col": 11,
              "lit": "journal"
            },
            "value": {
              "type": 0,
              "file": 1,
              "line": 190,
              "col": 20,
              "lit": "joss"
            }
          },
          {
            "key": {
              "type": 0,
              "file": 1,
              "line": 192,
              "col": 11,
              "lit": "paper-path"
            },
            "value": {
              "type": 0,
              "file": 1,
              "line": 192,
              "col": 23,
              "lit": "paper.md"
            }
          }
        ]
      },
      "condition": "success()",
      "id": "37dc807e-404e-4318-91f1-e119820d1d15",
      "name": "__openjournals_openjournals-draft-action"
    },
    {
      "type": "action",
      "reference": {
        "type": "repository",
        "name": "actions/upload-artifact",
        "ref": "v4",
        "repositoryType": "GitHub"
      },
      "displayNameToken": {
        "type": 0,
        "file": 1,
        "line": 193,
        "col": 15,
        "lit": "Upload"
      },
      "contextName": "__actions_upload-artifact",
      "inputs": {
        "type": 2,
        "file": 1,
        "line": 196,
        "col": 11,
        "map": [
          {
            "key": {
              "type": 0,
              "file": 1,
              "line": 196,
              "col": 11,
              "lit": "name"
            },
            "value": {
              "type": 0,
              "file": 1,
              "line": 196,
              "col": 17,
              "lit": "paper"
            }
          },
          {
            "key": {
              "type": 0,
              "file": 1,
              "line": 200,
              "col": 11,
              "lit": "path"
            },
            "value": {
              "type": 0,
              "file": 1,
              "line": 200,
              "col": 17,
              "lit": "paper.pdf"
            }
          }
        ]
      },
      "condition": "success()",
      "id": "ed751045-23f0-4ed7-a9f6-16d3f7709a9c",
      "name": "__actions_upload-artifact"
    }
  ],
  "variables": {
    "Actions.EnableHttpRedirects": {
      "value": "true"
    },
    "DistributedTask.AddWarningToNode12Action": {
      "value": "true"
    },
    "DistributedTask.AddWarningToNode16Action": {
      "value": "true"
    },
    "DistributedTask.AllowRunnerContainerHooks": {
      "value": "true"
    },
    "DistributedTask.DeprecateStepOutputCommands": {
      "value": "true"
    },
    "DistributedTask.DetailUntarFailure": {
      "value": "true"
    },
    "DistributedTask.EnableCompositeActions": {
      "value": "true"
    },
    "DistributedTask.EnableJobServerQueueTelemetry": {
      "value": "true"
    },
    "DistributedTask.EnhancedAnnotations": {
      "value": "true"
    },
    "DistributedTask.ForceGithubJavascriptActionsToNode16": {
      "value": "true"
    },
    "DistributedTask.ForceGithubJavascriptActionsToNode20": {
      "value": "true"
    },
    "DistributedTask.LogTemplateErrorsAsDebugMessages": {
      "value": "true"
    },
    "DistributedTask.MarkJobAsFailedOnWorkerCrash": {
      "value": "true"
    },
    "DistributedTask.NewActionMetadata": {
      "value": "true"
    },
    "DistributedTask.UploadStepSummary": {
      "value": "true"
    },
    "DistributedTask.UseActionArchiveCache": {
      "value": "true"
    },
    "DistributedTask.UseWhich2": {
      "value": "true"
    },
    "RunService.FixEmbeddedIssues": {
      "value": "true"
    },
    "actions_skip_retry_complete_job_upon_known_errors": {
      "value": "false"
    },
    "actions_uses_cache_service_v2": {
      "value": "true"
    },
    "github_token": {
      "value": "***",
      "isSecret": true
    },
    "system.from_run_service": {
      "value": "true"
    },
    "system.github.job": {
      "value": "paper"
    },
    "system.github.launch_endpoint": {
      "value": "https://launch.actions.githubusercontent.com"
    },
    "system.github.results_endpoint": {
      "value": "https://results-receiver.actions.githubusercontent.com/"
    },
    "system.github.results_upload_with_sdk": {
      "value": "true"
    },
    "system.github.token": {
      "value": "***",
      "isSecret": true
    },
    "system.github.token.permissions": {
      "value": "{\"Actions\":\"write\",\"Attestations\":\"write\",\"Checks\":\"write\",\"Contents\":\"write\",\"Deployments\":\"write\",\"Discussions\":\"write\",\"Issues\":\"write\",\"Metadata\":\"read\",\"Packages\":\"write\",\"Pages\":\"write\",\"PullRequests\":\"write\",\"RepositoryProjects\":\"write\",\"SecurityEvents\":\"write\",\"Statuses\":\"write\"}"
    },
    "system.orchestrationId": {
      "value": "11b8a82b-824a-4f00-bdcf-7603e5737484.paper.__default"
    },
    "system.phaseDisplayName": {
      "value": "Paper Draft"
    },
    "system.runner.lowdiskspacethreshold": {
      "value": "100"
    },
    "system.runnerEnvironment": {
      "value": "self-hosted"
    }
  },
  "messageType": "RunnerJobRequest",
  "plan": {
    "scopeIdentifier": "00000000-0000-0000-0000-000000000000",
    "planType": "actions",
    "version": 0,
    "planId": "11b8a82b-824a-4f00-bdcf-7603e5737484",
    "planGroup": null,
    "artifactUri": null,
    "artifactLocation": null,
    "definition": null,
    "owner": null
  },
  "timeline": {
    "id": "11b8a82b-824a-4f00-bdcf-7603e5737484",
    "changeId": 0,
    "location": null
  },
  "jobId": "daa3d1ac-8c74-5227-b164-1c1a18513e36",
  "jobDisplayName": "Paper Draft",
  "jobName": "__default",
  "requestId": 0,
  "lockedUntil": "0001-01-01T00:00:00",
  "resources": {
    "endpoints": [
      {
        "data": {
          "ServerId": "",
          "ServerName": "",
          "CacheServerUrl": "https://acghubeus2.actions.githubusercontent.com/vt3bImj3043IXjYZVOBEgt9xtkc1LUzoh1ehrojRmktneQJqoL/",
          "FeedStreamUrl": "wss://results-receiver.actions.githubusercontent.com/_ws/ingest.sock",
          "ResultsServiceUrl": "https://results-receiver.actions.githubusercontent.com/",
          "PipelinesServiceUrl": "https://pipelinesghubeus25.actions.githubusercontent.com/vt3bImj3043IXjYZVOBEgt9xtkc1LUzoh1ehrojRmktneQJqoL/",
          "GenerateIdTokenUrl": ""
        },
        "name": "SystemVssConnection",
        "url": "https://run-actions-1-azure-eastus.actions.githubusercontent.com/10/",
        "authorization": {
          "parameters": {
            "AccessToken": "***"
          },
          "scheme": "OAuth"
        },
        "isShared": false,
        "isReady": true
      }
    ]
  },
  "contextData": {
    "github": {
      "t": 2,
      "d": [
        {
          "k": "ref",
          "v": "refs/heads/master"
        },
        {
          "k": "sha",
          "v": "7afa6f5cce9d885aa123917ad970d91bc6a7bf16"
        },
        {
          "k": "repository",
          "v": "mrphys/tensorflow-mri"
        },
        {
          "k": "repository_owner",
          "v": "mrphys"
        },
        {
          "k": "repository_owner_id",
          "v": "53480519"
        },
        {
          "k": "repositoryUrl",
          "v": "git://github.com/mrphys/tensorflow-mri.git"
        },
        {
          "k": "run_id",
          "v": "13845337227"
        },
        {
          "k": "run_number",
          "v": "218"
        },
        {
          "k": "retention_days",
          "v": "90"
        },
        {
          "k": "run_attempt",
          "v": "1"
        },
        {
          "k": "artifact_cache_size_limit",
          "v": "10"
        },
        {
          "k": "repository_visibility",
          "v": "public"
        },
        {
          "k": "actor_id",
          "v": "53479871"
        },
        {
          "k": "actor",
          "v": "jennifersteeden"
        },
        {
          "k": "workflow",
          "v": "build"
        },
        {
          "k": "head_ref",
          "v": ""
        },
        {
          "k": "base_ref",
          "v": ""
        },
        {
          "k": "event_name",
          "v": "push"
        },
        {
          "k": "server_url",
          "v": "https://github.com"
        },
        {
          "k": "api_url",
          "v": "https://api.github.com"
        },
        {
          "k": "graphql_url",
          "v": "https://api.github.com/graphql"
        },
        {
          "k": "ref_name",
          "v": "master"
        },
        {
          "k": "ref_protected",
          "v": true
        },
        {
          "k": "ref_type",
          "v": "branch"
        },
        {
          "k": "secret_source",
          "v": "Actions"
        },
        {
          "k": "event",
          "v": {
            "t": 2,
            "d": [
              {
                "k": "after",
                "v": "7afa6f5cce9d885aa123917ad970d91bc6a7bf16"
              },
              {
                "k": "base_ref",
                "v": null
              },
              {
                "k": "before",
                "v": "2fa5bf836989529b99eead83ff3560a4b037f0d7"
              },
              {
                "k": "commits",
                "v": {
                  "t": 1,
                  "a": [
                    {
                      "t": 2,
                      "d": [
                        {
                          "k": "author",
                          "v": {
                            "t": 2,
                            "d": [
                              {
                                "k": "email",
                                "v": "jennifer.steeden@ucl.ac.uk"
                              },
                              {
                                "k": "name",
                                "v": "jennifersteeden"
                              },
                              {
                                "k": "username",
                                "v": "jennifersteeden"
                              }
                            ]
                          }
                        },
                        {
                          "k": "committer",
                          "v": {
                            "t": 2,
                            "d": [
                              {
                                "k": "email",
                                "v": "jennifer.steeden@ucl.ac.uk"
                              },
                              {
                                "k": "name",
                                "v": "jennifersteeden"
                              },
                              {
                                "k": "username",
                                "v": "jennifersteeden"
                              }
                            ]
                          }
                        },
                        {
                          "k": "distinct",
                          "v": true
                        },
                        {
                          "k": "id",
                          "v": "7afa6f5cce9d885aa123917ad970d91bc6a7bf16"
                        },
                        {
                          "k": "message",
                          "v": "test"
                        },
                        {
                          "k": "timestamp",
                          "v": "2025-03-13T21:52:35Z"
                        },
                        {
                          "k": "tree_id",
                          "v": "d6c2406e59f4bae9a07e18302710127bd6c93099"
                        },
                        {
                          "k": "url",
                          "v": "https://github.com/mrphys/tensorflow-mri/commit/7afa6f5cce9d885aa123917ad970d91bc6a7bf16"
                        }
                      ]
                    }
                  ]
                }
              },
              {
                "k": "compare",
                "v": "https://github.com/mrphys/tensorflow-mri/compare/2fa5bf836989...7afa6f5cce9d"
              },
              {
                "k": "created",
                "v": false
              },
              {
                "k": "deleted",
                "v": false
              },
              {
                "k": "forced",
                "v": false
              },
              {
                "k": "head_commit",
                "v": {
                  "t": 2,
                  "d": [
                    {
                      "k": "author",
                      "v": {
                        "t": 2,
                        "d": [
                          {
                            "k": "email",
                            "v": "jennifer.steeden@ucl.ac.uk"
                          },
                          {
                            "k": "name",
                            "v": "jennifersteeden"
                          },
                          {
                            "k": "username",
                            "v": "jennifersteeden"
                          }
                        ]
                      }
                    },
                    {
                      "k": "committer",
                      "v": {
                        "t": 2,
                        "d": [
                          {
                            "k": "email",
                            "v": "jennifer.steeden@ucl.ac.uk"
                          },
                          {
                            "k": "name",
                            "v": "jennifersteeden"
                          },
                          {
                            "k": "username",
                            "v": "jennifersteeden"
                          }
                        ]
                      }
                    },
                    {
                      "k": "distinct",
                      "v": true
                    },
                    {
                      "k": "id",
                      "v": "7afa6f5cce9d885aa123917ad970d91bc6a7bf16"
                    },
                    {
                      "k": "message",
                      "v": "test"
                    },
                    {
                      "k": "timestamp",
                      "v": "2025-03-13T21:52:35Z"
                    },
                    {
                      "k": "tree_id",
                      "v": "d6c2406e59f4bae9a07e18302710127bd6c93099"
                    },
                    {
                      "k": "url",
                      "v": "https://github.com/mrphys/tensorflow-mri/commit/7afa6f5cce9d885aa123917ad970d91bc6a7bf16"
                    }
                  ]
                }
              },
              {
                "k": "organization",
                "v": {
                  "t": 2,
                  "d": [
                    {
                      "k": "avatar_url",
                      "v": "https://avatars.githubusercontent.com/u/53480519?v=4"
                    },
                    {
                      "k": "description",
                      "v": ""
                    },
                    {
                      "k": "events_url",
                      "v": "https://api.github.com/orgs/mrphys/events"
                    },
                    {
                      "k": "hooks_url",
                      "v": "https://api.github.com/orgs/mrphys/hooks"
                    },
                    {
                      "k": "id",
                      "v": 53480519.0
                    },
                    {
                      "k": "issues_url",
                      "v": "https://api.github.com/orgs/mrphys/issues"
                    },
                    {
                      "k": "login",
                      "v": "mrphys"
                    },
                    {
                      "k": "members_url",
                      "v": "https://api.github.com/orgs/mrphys/members{/member}"
                    },
                    {
                      "k": "node_id",
                      "v": "MDEyOk9yZ2FuaXphdGlvbjUzNDgwNTE5"
                    },
                    {
                      "k": "public_members_url",
                      "v": "https://api.github.com/orgs/mrphys/public_members{/member}"
                    },
                    {
                      "k": "repos_url",
                      "v": "https://api.github.com/orgs/mrphys/repos"
                    },
                    {
                      "k": "url",
                      "v": "https://api.github.com/orgs/mrphys"
                    }
                  ]
                }
              },
              {
                "k": "pusher",
                "v": {
                  "t": 2,
                  "d": [
                    {
                      "k": "email",
                      "v": "53479871+jennifersteeden@users.noreply.github.com"
                    },
                    {
                      "k": "name",
                      "v": "jennifersteeden"
                    }
                  ]
                }
              },
              {
                "k": "ref",
                "v": "refs/heads/master"
              },
              {
                "k": "repository",
                "v": {
                  "t": 2,
                  "d": [
                    {
                      "k": "allow_forking",
                      "v": true
                    },
                    {
                      "k": "archive_url",
                      "v": "https://api.github.com/repos/mrphys/tensorflow-mri/{archive_format}{/ref}"
                    },
                    {
                      "k": "archived",
                      "v": false
                    },
                    {
                      "k": "assignees_url",
                      "v": "https://api.github.com/repos/mrphys/tensorflow-mri/assignees{/user}"
                    },
                    {
                      "k": "blobs_url",
                      "v": "https://api.github.com/repos/mrphys/tensorflow-mri/git/blobs{/sha}"
                    },
                    {
                      "k": "branches_url",
                      "v": "https://api.github.com/repos/mrphys/tensorflow-mri/branches{/branch}"
                    },
                    {
                      "k": "clone_url",
                      "v": "https://github.com/mrphys/tensorflow-mri.git"
                    },
                    {
                      "k": "collaborators_url",
                      "v": "https://api.github.com/repos/mrphys/tensorflow-mri/collaborators{/collaborator}"
                    },
                    {
                      "k": "comments_url",
                      "v": "https://api.github.com/repos/mrphys/tensorflow-mri/comments{/number}"
                    },
                    {
                      "k": "commits_url",
                      "v": "https://api.github.com/repos/mrphys/tensorflow-mri/commits{/sha}"
                    },
                    {
                      "k": "compare_url",
                      "v": "https://api.github.com/repos/mrphys/tensorflow-mri/compare/{base}...{head}"
                    },
                    {
                      "k": "contents_url",
                      "v": "https://api.github.com/repos/mrphys/tensorflow-mri/contents/{+path}"
                    },
                    {
                      "k": "contributors_url",
                      "v": "https://api.github.com/repos/mrphys/tensorflow-mri/contributors"
                    },
                    {
                      "k": "created_at",
                      "v": 1626866930.0
                    },
                    {
                      "k": "custom_properties",
                      "v": {
                        "t": 2
                      }
                    },
                    {
                      "k": "default_branch",
                      "v": "master"
                    },
                    {
                      "k": "deployments_url",
                      "v": "https://api.github.com/repos/mrphys/tensorflow-mri/deployments"
                    },
                    {
                      "k": "description",
                      "v": "A Library of TensorFlow Operators for Computational MRI"
                    },
                    {
                      "k": "disabled",
                      "v": false
                    },
                    {
                      "k": "downloads_url",
                      "v": "https://api.github.com/repos/mrphys/tensorflow-mri/downloads"
                    },
                    {
                      "k": "events_url",
                      "v": "https://api.github.com/repos/mrphys/tensorflow-mri/events"
                    },
                    {
                      "k": "fork",
                      "v": false
                    },
                    {
                      "k": "forks",
                      "v": 3.0
                    },
                    {
                      "k": "forks_count",
                      "v": 3.0
                    },
                    {
                      "k": "forks_url",
                      "v": "https://api.github.com/repos/mrphys/tensorflow-mri/forks"
                    },
                    {
                      "k": "full_name",
                      "v": "mrphys/tensorflow-mri"
                    },
                    {
                      "k": "git_commits_url",
                      "v": "https://api.github.com/repos/mrphys/tensorflow-mri/git/commits{/sha}"
                    },
                    {
                      "k": "git_refs_url",
                      "v": "https://api.github.com/repos/mrphys/tensorflow-mri/git/refs{/sha}"
                    },
                    {
                      "k": "git_tags_url",
                      "v": "https://api.github.com/repos/mrphys/tensorflow-mri/git/tags{/sha}"
                    },
                    {
                      "k": "git_url",
                      "v": "git://github.com/mrphys/tensorflow-mri.git"
                    },
                    {
                      "k": "has_discussions",
                      "v": false
                    },
                    {
                      "k": "has_downloads",
                      "v": true
                    },
                    {
                      "k": "has_issues",
                      "v": true
                    },
                    {
                      "k": "has_pages",
                      "v": true
                    },
                    {
                      "k": "has_projects",
                      "v": true
                    },
                    {
                      "k": "has_wiki",
                      "v": true
                    },
                    {
                      "k": "homepage",
                      "v": "https://mrphys.github.io/tensorflow-mri/"
                    },
                    {
                      "k": "hooks_url",
                      "v": "https://api.github.com/repos/mrphys/tensorflow-mri/hooks"
                    },
                    {
                      "k": "html_url",
                      "v": "https://github.com/mrphys/tensorflow-mri"
                    },
                    {
                      "k": "id",
                      "v": 388094708.0
                    },
                    {
                      "k": "is_template",
                      "v": false
                    },
                    {
                      "k": "issue_comment_url",
                      "v": "https://api.github.com/repos/mrphys/tensorflow-mri/issues/comments{/number}"
                    },
                    {
                      "k": "issue_events_url",
                      "v": "https://api.github.com/repos/mrphys/tensorflow-mri/issues/events{/number}"
                    },
                    {
                      "k": "issues_url",
                      "v": "https://api.github.com/repos/mrphys/tensorflow-mri/issues{/number}"
                    },
                    {
                      "k": "keys_url",
                      "v": "https://api.github.com/repos/mrphys/tensorflow-mri/keys{/key_id}"
                    },
                    {
                      "k": "labels_url",
                      "v": "https://api.github.com/repos/mrphys/tensorflow-mri/labels{/name}"
                    },
                    {
                      "k": "language",
                      "v": "Jupyter Notebook"
                    },
                    {
                      "k": "languages_url",
                      "v": "https://api.github.com/repos/mrphys/tensorflow-mri/languages"
                    },
                    {
                      "k": "license",
                      "v": {
                        "t": 2,
                        "d": [
                          {
                            "k": "key",
                            "v": "apache-2.0"
                          },
                          {
                            "k": "name",
                            "v": "Apache License 2.0"
                          },
                          {
                            "k": "node_id",
                            "v": "MDc6TGljZW5zZTI="
                          },
                          {
                            "k": "spdx_id",
                            "v": "Apache-2.0"
                          },
                          {
                            "k": "url",
                            "v": "https://api.github.com/licenses/apache-2.0"
                          }
                        ]
                      }
                    },
                    {
                      "k": "master_branch",
                      "v": "master"
                    },
                    {
                      "k": "merges_url",
                      "v": "https://api.github.com/repos/mrphys/tensorflow-mri/merges"
                    },
                    {
                      "k": "milestones_url",
                      "v": "https://api.github.com/repos/mrphys/tensorflow-mri/milestones{/number}"
                    },
                    {
                      "k": "mirror_url",
                      "v": null
                    },
                    {
                      "k": "name",
                      "v": "tensorflow-mri"
                    },
                    {
                      "k": "node_id",
                      "v": "MDEwOlJlcG9zaXRvcnkzODgwOTQ3MDg="
                    },
                    {
                      "k": "notifications_url",
                      "v": "https://api.github.com/repos/mrphys/tensorflow-mri/notifications{?since,all,participating}"
                    },
                    {
                      "k": "open_issues",
                      "v": 8.0
                    },
                    {
                      "k": "open_issues_count",
                      "v": 8.0
                    },
                    {
                      "k": "organization",
                      "v": "mrphys"
                    },
                    {
                      "k": "owner",
                      "v": {
                        "t": 2,
                        "d": [
                          {
                            "k": "avatar_url",
                            "v": "https://avatars.githubusercontent.com/u/53480519?v=4"
                          },
                          {
                            "k": "email",
                            "v": null
                          },
                          {
                            "k": "events_url",
                            "v": "https://api.github.com/users/mrphys/events{/privacy}"
                          },
                          {
                            "k": "followers_url",
                            "v": "https://api.github.com/users/mrphys/followers"
                          },
                          {
                            "k": "following_url",
                            "v": "https://api.github.com/users/mrphys/following{/other_user}"
                          },
                          {
                            "k": "gists_url",
                            "v": "https://api.github.com/users/mrphys/gists{/gist_id}"
                          },
                          {
                            "k": "gravatar_id",
                            "v": ""
                          },
                          {
                            "k": "html_url",
                            "v": "https://github.com/mrphys"
                          },
                          {
                            "k": "id",
                            "v": 53480519.0
                          },
                          {
                            "k": "login",
                            "v": "mrphys"
                          },
                          {
                            "k": "name",
                            "v": "mrphys"
                          },
                          {
                            "k": "node_id",
                            "v": "MDEyOk9yZ2FuaXphdGlvbjUzNDgwNTE5"
                          },
                          {
                            "k": "organizations_url",
                            "v": "https://api.github.com/users/mrphys/orgs"
                          },
                          {
                            "k": "received_events_url",
                            "v": "https://api.github.com/users/mrphys/received_events"
                          },
                          {
                            "k": "repos_url",
                            "v": "https://api.github.com/users/mrphys/repos"
                          },
                          {
                            "k": "site_admin",
                            "v": false
                          },
                          {
                            "k": "starred_url",
                            "v": "https://api.github.com/users/mrphys/starred{/owner}{/repo}"
                          },
                          {
                            "k": "subscriptions_url",
                            "v": "https://api.github.com/users/mrphys/subscriptions"
                          },
                          {
                            "k": "type",
                            "v": "Organization"
                          },
                          {
                            "k": "url",
                            "v": "https://api.github.com/users/mrphys"
                          },
                          {
                            "k": "user_view_type",
                            "v": "public"
                          }
                        ]
                      }
                    },
                    {
                      "k": "private",
                      "v": false
                    },
                    {
                      "k": "pulls_url",
                      "v": "https://api.github.com/repos/mrphys/tensorflow-mri/pulls{/number}"
                    },
                    {
                      "k": "pushed_at",
                      "v": 1741902760.0
                    },
                    {
                      "k": "releases_url",
                      "v": "https://api.github.com/repos/mrphys/tensorflow-mri/releases{/id}"
                    },
                    {
                      "k": "size",
                      "v": 197333.0
                    },
                    {
                      "k": "ssh_url",
                      "v": "git@github.com:mrphys/tensorflow-mri.git"
                    },
                    {
                      "k": "stargazers",
                      "v": 40.0
                    },
                    {
                      "k": "stargazers_count",
                      "v": 40.0
                    },
                    {
                      "k": "stargazers_url",
                      "v": "https://api.github.com/repos/mrphys/tensorflow-mri/stargazers"
                    },
                    {
                      "k": "statuses_url",
                      "v": "https://api.github.com/repos/mrphys/tensorflow-mri/statuses/{sha}"
                    },
                    {
                      "k": "subscribers_url",
                      "v": "https://api.github.com/repos/mrphys/tensorflow-mri/subscribers"
                    },
                    {
                      "k": "subscription_url",
                      "v": "https://api.github.com/repos/mrphys/tensorflow-mri/subscription"
                    },
                    {
                      "k": "svn_url",
                      "v": "https://github.com/mrphys/tensorflow-mri"
                    },
                    {
                      "k": "tags_url",
                      "v": "https://api.github.com/repos/mrphys/tensorflow-mri/tags"
                    },
                    {
                      "k": "teams_url",
                      "v": "https://api.github.com/repos/mrphys/tensorflow-mri/teams"
                    },
                    {
                      "k": "topics",
                      "v": {
                        "t": 1,
                        "a": [
                          "machine-learning",
                          "magnetic-resonance-imaging",
                          "ml",
                          "mri",
                          "python",
                          "tensorflow"
                        ]
                      }
                    },
                    {
                      "k": "trees_url",
                      "v": "https://api.github.com/repos/mrphys/tensorflow-mri/git/trees{/sha}"
                    },
                    {
                      "k": "updated_at",
                      "v": "2025-03-13T16:51:48Z"
                    },
                    {
                      "k": "url",
                      "v": "https://github.com/mrphys/tensorflow-mri"
                    },
                    {
                      "k": "visibility",
                      "v": "public"
                    },
                    {
                      "k": "watchers",
                      "v": 40.0
                    },
                    {
                      "k": "watchers_count",
                      "v": 40.0
                    },
                    {
                      "k": "web_commit_signoff_required",
                      "v": false
                    }
                  ]
                }
              },
              {
                "k": "sender",
                "v": {
                  "t": 2,
                  "d": [
                    {
                      "k": "avatar_url",
                      "v": "https://avatars.githubusercontent.com/u/53479871?v=4"
                    },
                    {
                      "k": "events_url",
                      "v": "https://api.github.com/users/jennifersteeden/events{/privacy}"
                    },
                    {
                      "k": "followers_url",
                      "v": "https://api.github.com/users/jennifersteeden/followers"
                    },
                    {
                      "k": "following_url",
                      "v": "https://api.github.com/users/jennifersteeden/following{/other_user}"
                    },
                    {
                      "k": "gists_url",
                      "v": "https://api.github.com/users/jennifersteeden/gists{/gist_id}"
                    },
                    {
                      "k": "gravatar_id",
                      "v": ""
                    },
                    {
                      "k": "html_url",
                      "v": "https://github.com/jennifersteeden"
                    },
                    {
                      "k": "id",
                      "v": 53479871.0
                    },
                    {
                      "k": "login",
                      "v": "jennifersteeden"
                    },
                    {
                      "k": "node_id",
                      "v": "MDQ6VXNlcjUzNDc5ODcx"
                    },
                    {
                      "k": "organizations_url",
                      "v": "https://api.github.com/users/jennifersteeden/orgs"
                    },
                    {
                      "k": "received_events_url",
                      "v": "https://api.github.com/users/jennifersteeden/received_events"
                    },
                    {
                      "k": "repos_url",
                      "v": "https://api.github.com/users/jennifersteeden/repos"
                    },
                    {
                      "k": "site_admin",
                      "v": false
                    },
                    {
                      "k": "starred_url",
                      "v": "https://api.github.com/users/jennifersteeden/starred{/owner}{/repo}"
                    },
                    {
                      "k": "subscriptions_url",
                      "v": "https://api.github.com/users/jennifersteeden/subscriptions"
                    },
                    {
                      "k": "type",
                      "v": "User"
                    },
                    {
                      "k": "url",
                      "v": "https://api.github.com/users/jennifersteeden"
                    },
                    {
                      "k": "user_view_type",
                      "v": "public"
                    }
                  ]
                }
              }
            ]
          }
        },
        {
          "k": "workflow_ref",
          "v": "mrphys/tensorflow-mri/.github/workflows/build-package.yml@refs/heads/master"
        },
        {
          "k": "workflow_sha",
          "v": "7afa6f5cce9d885aa123917ad970d91bc6a7bf16"
        },
        {
          "k": "repository_id",
          "v": "388094708"
        },
        {
          "k": "triggering_actor",
          "v": "jennifersteeden"
        }
      ]
    },
    "inputs": {
      "t": 2
    },
    "matrix": null,
    "needs": {
      "t": 2
    },
    "strategy": {
      "t": 2,
      "d": [
        {
          "k": "fail-fast",
          "v": true
        },
        {
          "k": "job-index",
          "v": 0.0
        },
        {
          "k": "job-total",
          "v": 1.0
        },
        {
          "k": "max-parallel",
          "v": 1.0
        }
      ]
    },
    "vars": {
      "t": 2
    }
  }
}
[2025-03-13 21:52:45Z INFO JobRunner] Job ID daa3d1ac-8c74-5227-b164-1c1a18513e36
[2025-03-13 21:52:45Z INFO ConfigurationStore] currentAssemblyLocation: /home/jenny/tensorflow-mri/actions-runner/bin/Runner.Worker.dll
[2025-03-13 21:52:45Z INFO HostContext] Well known directory 'Bin': '/home/jenny/tensorflow-mri/actions-runner/bin'
[2025-03-13 21:52:45Z INFO ConfigurationStore] binPath: /home/jenny/tensorflow-mri/actions-runner/bin
[2025-03-13 21:52:45Z INFO HostContext] Well known directory 'Bin': '/home/jenny/tensorflow-mri/actions-runner/bin'
[2025-03-13 21:52:45Z INFO HostContext] Well known directory 'Root': '/home/jenny/tensorflow-mri/actions-runner'
[2025-03-13 21:52:45Z INFO ConfigurationStore] RootFolder: /home/jenny/tensorflow-mri/actions-runner
[2025-03-13 21:52:45Z INFO HostContext] Well known directory 'Bin': '/home/jenny/tensorflow-mri/actions-runner/bin'
[2025-03-13 21:52:45Z INFO HostContext] Well known directory 'Root': '/home/jenny/tensorflow-mri/actions-runner'
[2025-03-13 21:52:45Z INFO HostContext] Well known config file 'Runner': '/home/jenny/tensorflow-mri/actions-runner/.runner'
[2025-03-13 21:52:45Z INFO ConfigurationStore] ConfigFilePath: /home/jenny/tensorflow-mri/actions-runner/.runner
[2025-03-13 21:52:45Z INFO HostContext] Well known directory 'Bin': '/home/jenny/tensorflow-mri/actions-runner/bin'
[2025-03-13 21:52:45Z INFO HostContext] Well known directory 'Root': '/home/jenny/tensorflow-mri/actions-runner'
[2025-03-13 21:52:45Z INFO HostContext] Well known config file 'Credentials': '/home/jenny/tensorflow-mri/actions-runner/.credentials'
[2025-03-13 21:52:45Z INFO ConfigurationStore] CredFilePath: /home/jenny/tensorflow-mri/actions-runner/.credentials
[2025-03-13 21:52:45Z INFO HostContext] Well known directory 'Bin': '/home/jenny/tensorflow-mri/actions-runner/bin'
[2025-03-13 21:52:45Z INFO HostContext] Well known directory 'Root': '/home/jenny/tensorflow-mri/actions-runner'
[2025-03-13 21:52:45Z INFO HostContext] Well known config file 'MigratedCredentials': '/home/jenny/tensorflow-mri/actions-runner/.credentials_migrated'
[2025-03-13 21:52:45Z INFO ConfigurationStore] MigratedCredFilePath: /home/jenny/tensorflow-mri/actions-runner/.credentials_migrated
[2025-03-13 21:52:45Z INFO HostContext] Well known directory 'Bin': '/home/jenny/tensorflow-mri/actions-runner/bin'
[2025-03-13 21:52:45Z INFO HostContext] Well known directory 'Root': '/home/jenny/tensorflow-mri/actions-runner'
[2025-03-13 21:52:45Z INFO HostContext] Well known config file 'Service': '/home/jenny/tensorflow-mri/actions-runner/.service'
[2025-03-13 21:52:45Z INFO ConfigurationStore] ServiceConfigFilePath: /home/jenny/tensorflow-mri/actions-runner/.service
[2025-03-13 21:52:45Z INFO ConfigurationStore] Read setting file: 294 chars
[2025-03-13 21:52:45Z INFO JobRunner] Initializing launch client
[2025-03-13 21:52:45Z INFO JobServerQueue] Initializing results client
[2025-03-13 21:52:45Z INFO ResultServer] Creating websocket client ...wss://results-receiver.actions.githubusercontent.com/_ws/ingest.sock
[2025-03-13 21:52:45Z INFO ResultServer] Attempting to start websocket client with delay 00:00:00.
[2025-03-13 21:52:45Z INFO JobServerQueue] Start process web console line queue.
[2025-03-13 21:52:45Z INFO JobServerQueue] Start process file upload queue.
[2025-03-13 21:52:45Z INFO JobServerQueue] Start results file upload queue.
[2025-03-13 21:52:45Z INFO JobServerQueue] Starting results-based upload queue...
[2025-03-13 21:52:45Z INFO JobServerQueue] Start process timeline update queue.
[2025-03-13 21:52:45Z INFO ExecutionContext] Initialize GitHub context
[2025-03-13 21:52:45Z INFO ExecutionContext] Initialize Env context
[2025-03-13 21:52:45Z INFO HostContext] Well known directory 'Bin': '/home/jenny/tensorflow-mri/actions-runner/bin'
[2025-03-13 21:52:45Z INFO HostContext] Well known directory 'Root': '/home/jenny/tensorflow-mri/actions-runner'
[2025-03-13 21:52:45Z INFO HostContext] Well known directory 'Diag': '/home/jenny/tensorflow-mri/actions-runner/_diag'
[2025-03-13 21:52:45Z INFO HostContext] Well known directory 'Bin': '/home/jenny/tensorflow-mri/actions-runner/bin'
[2025-03-13 21:52:45Z INFO HostContext] Well known directory 'Root': '/home/jenny/tensorflow-mri/actions-runner'
[2025-03-13 21:52:45Z INFO HostContext] Well known directory 'Diag': '/home/jenny/tensorflow-mri/actions-runner/_diag'
[2025-03-13 21:52:45Z INFO JobRunner] Starting the job execution context.
[2025-03-13 21:52:45Z INFO HostContext] Well known directory 'Bin': '/home/jenny/tensorflow-mri/actions-runner/bin'
[2025-03-13 21:52:45Z INFO HostContext] Well known directory 'Root': '/home/jenny/tensorflow-mri/actions-runner'
[2025-03-13 21:52:45Z INFO HostContext] Well known directory 'Work': '/home/jenny/tensorflow-mri/actions-runner/_work'
[2025-03-13 21:52:45Z INFO JobRunner] Validating directory permissions for: '/home/jenny/tensorflow-mri/actions-runner/_work'
[2025-03-13 21:52:45Z INFO HostContext] Well known directory 'Bin': '/home/jenny/tensorflow-mri/actions-runner/bin'
[2025-03-13 21:52:45Z INFO HostContext] Well known directory 'Root': '/home/jenny/tensorflow-mri/actions-runner'
[2025-03-13 21:52:45Z INFO HostContext] Well known directory 'Work': '/home/jenny/tensorflow-mri/actions-runner/_work'
[2025-03-13 21:52:45Z INFO HostContext] Well known directory 'Tools': '/home/jenny/tensorflow-mri/actions-runner/_work/_tool'
[2025-03-13 21:52:45Z INFO HostContext] Well known directory 'Bin': '/home/jenny/tensorflow-mri/actions-runner/bin'
[2025-03-13 21:52:45Z INFO HostContext] Well known directory 'Root': '/home/jenny/tensorflow-mri/actions-runner'
[2025-03-13 21:52:45Z INFO HostContext] Well known directory 'Work': '/home/jenny/tensorflow-mri/actions-runner/_work'
[2025-03-13 21:52:45Z INFO HostContext] Well known directory 'Temp': '/home/jenny/tensorflow-mri/actions-runner/_work/_temp'
[2025-03-13 21:52:45Z INFO JobRunner] Getting job extension.
[2025-03-13 21:52:45Z INFO JobRunner] Initialize job. Getting all job steps.
[2025-03-13 21:52:45Z INFO HostContext] Well known directory 'Bin': '/home/jenny/tensorflow-mri/actions-runner/bin'
[2025-03-13 21:52:45Z INFO HostContext] Well known directory 'Root': '/home/jenny/tensorflow-mri/actions-runner'
[2025-03-13 21:52:45Z INFO HostContext] Well known directory 'Diag': '/home/jenny/tensorflow-mri/actions-runner/_diag'
[2025-03-13 21:52:45Z INFO HostContext] Well known directory 'Bin': '/home/jenny/tensorflow-mri/actions-runner/bin'
[2025-03-13 21:52:45Z INFO HostContext] Well known directory 'Root': '/home/jenny/tensorflow-mri/actions-runner'
[2025-03-13 21:52:45Z INFO HostContext] Well known directory 'Diag': '/home/jenny/tensorflow-mri/actions-runner/_diag'
[2025-03-13 21:52:45Z INFO HostContext] Well known directory 'Bin': '/home/jenny/tensorflow-mri/actions-runner/bin'
[2025-03-13 21:52:45Z INFO HostContext] Well known directory 'Root': '/home/jenny/tensorflow-mri/actions-runner'
[2025-03-13 21:52:45Z INFO HostContext] Well known config file 'Credentials': '/home/jenny/tensorflow-mri/actions-runner/.credentials'
[2025-03-13 21:52:45Z INFO HostContext] Well known directory 'Bin': '/home/jenny/tensorflow-mri/actions-runner/bin'
[2025-03-13 21:52:45Z INFO HostContext] Well known directory 'Root': '/home/jenny/tensorflow-mri/actions-runner'
[2025-03-13 21:52:45Z INFO HostContext] Well known config file 'SetupInfo': '/home/jenny/tensorflow-mri/actions-runner/.setup_info'
[2025-03-13 21:52:45Z INFO HostContext] Well known directory 'Bin': '/home/jenny/tensorflow-mri/actions-runner/bin'
[2025-03-13 21:52:45Z INFO HostContext] Well known directory 'Root': '/home/jenny/tensorflow-mri/actions-runner'
[2025-03-13 21:52:45Z INFO HostContext] Well known directory 'Work': '/home/jenny/tensorflow-mri/actions-runner/_work'
[2025-03-13 21:52:45Z INFO PipelineDirectoryManager] Loading tracking config if exists: /home/jenny/tensorflow-mri/actions-runner/_work/_PipelineMapping/mrphys/tensorflow-mri/PipelineFolder.json
[2025-03-13 21:52:45Z INFO PipelineDirectoryManager] Updating job run properties.
[2025-03-13 21:52:45Z INFO HostContext] Well known directory 'Bin': '/home/jenny/tensorflow-mri/actions-runner/bin'
[2025-03-13 21:52:45Z INFO HostContext] Well known directory 'Root': '/home/jenny/tensorflow-mri/actions-runner'
[2025-03-13 21:52:45Z INFO HostContext] Well known directory 'Work': '/home/jenny/tensorflow-mri/actions-runner/_work'
[2025-03-13 21:52:45Z INFO HostContext] Well known directory 'Bin': '/home/jenny/tensorflow-mri/actions-runner/bin'
[2025-03-13 21:52:45Z INFO HostContext] Well known directory 'Root': '/home/jenny/tensorflow-mri/actions-runner'
[2025-03-13 21:52:45Z INFO HostContext] Well known directory 'Work': '/home/jenny/tensorflow-mri/actions-runner/_work'
[2025-03-13 21:52:45Z INFO HostContext] Well known directory 'Bin': '/home/jenny/tensorflow-mri/actions-runner/bin'
[2025-03-13 21:52:45Z INFO HostContext] Well known directory 'Root': '/home/jenny/tensorflow-mri/actions-runner'
[2025-03-13 21:52:45Z INFO HostContext] Well known directory 'Work': '/home/jenny/tensorflow-mri/actions-runner/_work'
[2025-03-13 21:52:45Z INFO JobExtension] Downloading actions
[2025-03-13 21:52:45Z INFO HostContext] Well known directory 'Bin': '/home/jenny/tensorflow-mri/actions-runner/bin'
[2025-03-13 21:52:45Z INFO HostContext] Well known directory 'Root': '/home/jenny/tensorflow-mri/actions-runner'
[2025-03-13 21:52:45Z INFO HostContext] Well known directory 'Work': '/home/jenny/tensorflow-mri/actions-runner/_work'
[2025-03-13 21:52:45Z INFO HostContext] Well known directory 'Actions': '/home/jenny/tensorflow-mri/actions-runner/_work/_actions'
[2025-03-13 21:52:45Z INFO Worker] Listening for cancel message from the channel.
[2025-03-13 21:52:45Z INFO Worker] Waiting for the job to complete or for a cancel message from the channel.
[2025-03-13 21:52:45Z INFO ResultServer] Successfully started websocket client.
[2025-03-13 21:52:45Z INFO JobServerQueue] Try to append 1 batches web console lines for record '60f16a53-c1d8-4369-ab27-588e596a7f8b', success rate: 1/1.
[2025-03-13 21:52:45Z INFO HostContext] Well known directory 'Bin': '/home/jenny/tensorflow-mri/actions-runner/bin'
[2025-03-13 21:52:45Z INFO HostContext] Well known directory 'Root': '/home/jenny/tensorflow-mri/actions-runner'
[2025-03-13 21:52:45Z INFO HostContext] Well known directory 'Work': '/home/jenny/tensorflow-mri/actions-runner/_work'
[2025-03-13 21:52:45Z INFO HostContext] Well known directory 'Actions': '/home/jenny/tensorflow-mri/actions-runner/_work/_actions'
[2025-03-13 21:52:45Z INFO HostContext] Well known directory 'Bin': '/home/jenny/tensorflow-mri/actions-runner/bin'
[2025-03-13 21:52:45Z INFO HostContext] Well known directory 'Root': '/home/jenny/tensorflow-mri/actions-runner'
[2025-03-13 21:52:45Z INFO HostContext] Well known directory 'Work': '/home/jenny/tensorflow-mri/actions-runner/_work'
[2025-03-13 21:52:45Z INFO HostContext] Well known directory 'Actions': '/home/jenny/tensorflow-mri/actions-runner/_work/_actions'
[2025-03-13 21:52:45Z INFO ActionManager] Save archive 'https://api.github.com/repos/actions/checkout/tarball/11bd71901bbe5b1630ceea73d27597364c9af683' into /home/jenny/tensorflow-mri/actions-runner/_work/_actions/_temp_20210972-9e8f-4d80-afd1-fca6ea049f0b/97c2cd6a-0de7-4896-a6f2-48052926ec4c.tar.gz.
[2025-03-13 21:52:45Z INFO JobServerQueue] Job timeline record has been updated for the first time.
[2025-03-13 21:52:45Z INFO JobServerQueue] Try to append 1 batches web console lines for record '60f16a53-c1d8-4369-ab27-588e596a7f8b', success rate: 1/1.
[2025-03-13 21:52:46Z INFO ActionManager] Request URL: https://api.github.com/repos/actions/checkout/tarball/11bd71901bbe5b1630ceea73d27597364c9af683 X-GitHub-Request-Id: BD4E:A5583:345BF:F9AF4:67D353AD Http Status: OK
[2025-03-13 21:52:46Z INFO ActionManager] Which2: 'tar'
[2025-03-13 21:52:46Z INFO ActionManager] Location: '/usr/bin/tar'
[2025-03-13 21:52:46Z INFO ProcessInvokerWrapper] Starting process:
[2025-03-13 21:52:46Z INFO ProcessInvokerWrapper]   File name: '/usr/bin/tar'
[2025-03-13 21:52:46Z INFO ProcessInvokerWrapper]   Arguments: '-xzf "/home/jenny/tensorflow-mri/actions-runner/_work/_actions/_temp_20210972-9e8f-4d80-afd1-fca6ea049f0b/97c2cd6a-0de7-4896-a6f2-48052926ec4c.tar.gz"'
[2025-03-13 21:52:46Z INFO ProcessInvokerWrapper]   Working directory: '/home/jenny/tensorflow-mri/actions-runner/_work/_actions/_temp_20210972-9e8f-4d80-afd1-fca6ea049f0b/_staging'
[2025-03-13 21:52:46Z INFO ProcessInvokerWrapper]   Require exit code zero: 'False'
[2025-03-13 21:52:46Z INFO ProcessInvokerWrapper]   Encoding web name:  ; code page: ''
[2025-03-13 21:52:46Z INFO ProcessInvokerWrapper]   Force kill process on cancellation: 'False'
[2025-03-13 21:52:46Z INFO ProcessInvokerWrapper]   Redirected STDIN: 'False'
[2025-03-13 21:52:46Z INFO ProcessInvokerWrapper]   Persist current code page: 'False'
[2025-03-13 21:52:46Z INFO ProcessInvokerWrapper]   Keep redirected STDIN open: 'False'
[2025-03-13 21:52:46Z INFO ProcessInvokerWrapper]   High priority process: 'False'
[2025-03-13 21:52:46Z INFO ProcessInvokerWrapper] Updated oom_score_adj to 500 for PID: 2241261.
[2025-03-13 21:52:46Z INFO ProcessInvokerWrapper] Process started with process id 2241261, waiting for process exit.
[2025-03-13 21:52:46Z INFO ProcessInvokerWrapper] STDOUT/STDERR stream read finished.
[2025-03-13 21:52:46Z INFO ProcessInvokerWrapper] STDOUT/STDERR stream read finished.
[2025-03-13 21:52:46Z INFO ProcessInvokerWrapper] Finished process 2241261 with exit code 0, and elapsed time 00:00:00.0122374.
[2025-03-13 21:52:46Z INFO ActionManager] Finished getting action repository.
[2025-03-13 21:52:46Z INFO HostContext] Well known directory 'Bin': '/home/jenny/tensorflow-mri/actions-runner/bin'
[2025-03-13 21:52:46Z INFO HostContext] Well known directory 'Root': '/home/jenny/tensorflow-mri/actions-runner'
[2025-03-13 21:52:46Z INFO HostContext] Well known directory 'Work': '/home/jenny/tensorflow-mri/actions-runner/_work'
[2025-03-13 21:52:46Z INFO HostContext] Well known directory 'Actions': '/home/jenny/tensorflow-mri/actions-runner/_work/_actions'
[2025-03-13 21:52:46Z INFO HostContext] Well known directory 'Bin': '/home/jenny/tensorflow-mri/actions-runner/bin'
[2025-03-13 21:52:46Z INFO HostContext] Well known directory 'Root': '/home/jenny/tensorflow-mri/actions-runner'
[2025-03-13 21:52:46Z INFO HostContext] Well known directory 'Work': '/home/jenny/tensorflow-mri/actions-runner/_work'
[2025-03-13 21:52:46Z INFO HostContext] Well known directory 'Actions': '/home/jenny/tensorflow-mri/actions-runner/_work/_actions'
[2025-03-13 21:52:46Z INFO ActionManager] Save archive 'https://api.github.com/repos/openjournals/openjournals-draft-action/tarball/a994a876f36e25076174d9ed133e01b1f1b9fcf3' into /home/jenny/tensorflow-mri/actions-runner/_work/_actions/_temp_0c2ce210-972c-484f-8411-858bf983379f/49984944-7abf-4554-bb2e-967374cd37e6.tar.gz.
[2025-03-13 21:52:46Z INFO JobServerQueue] Try to append 1 batches web console lines for record '60f16a53-c1d8-4369-ab27-588e596a7f8b', success rate: 1/1.
[2025-03-13 21:52:46Z INFO ActionManager] Request URL: https://api.github.com/repos/openjournals/openjournals-draft-action/tarball/a994a876f36e25076174d9ed133e01b1f1b9fcf3 X-GitHub-Request-Id: BD58:13E3FA:33E6F:F9406:67D353AE Http Status: OK
[2025-03-13 21:52:46Z INFO ActionManager] Which2: 'tar'
[2025-03-13 21:52:46Z INFO ActionManager] Location: '/usr/bin/tar'
[2025-03-13 21:52:46Z INFO ProcessInvokerWrapper] Starting process:
[2025-03-13 21:52:46Z INFO ProcessInvokerWrapper]   File name: '/usr/bin/tar'
[2025-03-13 21:52:46Z INFO ProcessInvokerWrapper]   Arguments: '-xzf "/home/jenny/tensorflow-mri/actions-runner/_work/_actions/_temp_0c2ce210-972c-484f-8411-858bf983379f/49984944-7abf-4554-bb2e-967374cd37e6.tar.gz"'
[2025-03-13 21:52:46Z INFO ProcessInvokerWrapper]   Working directory: '/home/jenny/tensorflow-mri/actions-runner/_work/_actions/_temp_0c2ce210-972c-484f-8411-858bf983379f/_staging'
[2025-03-13 21:52:46Z INFO ProcessInvokerWrapper]   Require exit code zero: 'False'
[2025-03-13 21:52:46Z INFO ProcessInvokerWrapper]   Encoding web name:  ; code page: ''
[2025-03-13 21:52:46Z INFO ProcessInvokerWrapper]   Force kill process on cancellation: 'False'
[2025-03-13 21:52:46Z INFO ProcessInvokerWrapper]   Redirected STDIN: 'False'
[2025-03-13 21:52:46Z INFO ProcessInvokerWrapper]   Persist current code page: 'False'
[2025-03-13 21:52:46Z INFO ProcessInvokerWrapper]   Keep redirected STDIN open: 'False'
[2025-03-13 21:52:46Z INFO ProcessInvokerWrapper]   High priority process: 'False'
[2025-03-13 21:52:46Z INFO ProcessInvokerWrapper] Updated oom_score_adj to 500 for PID: 2241269.
[2025-03-13 21:52:46Z INFO ProcessInvokerWrapper] Process started with process id 2241269, waiting for process exit.
[2025-03-13 21:52:46Z INFO ProcessInvokerWrapper] STDOUT/STDERR stream read finished.
[2025-03-13 21:52:46Z INFO ProcessInvokerWrapper] STDOUT/STDERR stream read finished.
[2025-03-13 21:52:46Z INFO ProcessInvokerWrapper] Finished process 2241269 with exit code 0, and elapsed time 00:00:00.0022653.
[2025-03-13 21:52:46Z INFO ActionManager] Finished getting action repository.
[2025-03-13 21:52:46Z INFO HostContext] Well known directory 'Bin': '/home/jenny/tensorflow-mri/actions-runner/bin'
[2025-03-13 21:52:46Z INFO HostContext] Well known directory 'Root': '/home/jenny/tensorflow-mri/actions-runner'
[2025-03-13 21:52:46Z INFO HostContext] Well known directory 'Work': '/home/jenny/tensorflow-mri/actions-runner/_work'
[2025-03-13 21:52:46Z INFO HostContext] Well known directory 'Actions': '/home/jenny/tensorflow-mri/actions-runner/_work/_actions'
[2025-03-13 21:52:46Z INFO HostContext] Well known directory 'Bin': '/home/jenny/tensorflow-mri/actions-runner/bin'
[2025-03-13 21:52:46Z INFO HostContext] Well known directory 'Root': '/home/jenny/tensorflow-mri/actions-runner'
[2025-03-13 21:52:46Z INFO HostContext] Well known directory 'Work': '/home/jenny/tensorflow-mri/actions-runner/_work'
[2025-03-13 21:52:46Z INFO HostContext] Well known directory 'Actions': '/home/jenny/tensorflow-mri/actions-runner/_work/_actions'
[2025-03-13 21:52:46Z INFO ActionManager] Save archive 'https://api.github.com/repos/actions/upload-artifact/tarball/4cec3d8aa04e39d1a68397de0c4cd6fb9dce8ec1' into /home/jenny/tensorflow-mri/actions-runner/_work/_actions/_temp_95d909a8-1846-43aa-8df1-5204c34c80a2/3ea6d694-50d6-4380-b623-931a55f68f0c.tar.gz.
[2025-03-13 21:52:46Z INFO JobServerQueue] Try to append 1 batches web console lines for record '60f16a53-c1d8-4369-ab27-588e596a7f8b', success rate: 1/1.
[2025-03-13 21:52:46Z INFO ActionManager] Request URL: https://api.github.com/repos/actions/upload-artifact/tarball/4cec3d8aa04e39d1a68397de0c4cd6fb9dce8ec1 X-GitHub-Request-Id: BD66:AAAD8:8B6C:31BDE:67D353AE Http Status: OK
[2025-03-13 21:52:46Z INFO ActionManager] Which2: 'tar'
[2025-03-13 21:52:46Z INFO ActionManager] Location: '/usr/bin/tar'
[2025-03-13 21:52:46Z INFO ProcessInvokerWrapper] Starting process:
[2025-03-13 21:52:46Z INFO ProcessInvokerWrapper]   File name: '/usr/bin/tar'
[2025-03-13 21:52:46Z INFO ProcessInvokerWrapper]   Arguments: '-xzf "/home/jenny/tensorflow-mri/actions-runner/_work/_actions/_temp_95d909a8-1846-43aa-8df1-5204c34c80a2/3ea6d694-50d6-4380-b623-931a55f68f0c.tar.gz"'
[2025-03-13 21:52:46Z INFO ProcessInvokerWrapper]   Working directory: '/home/jenny/tensorflow-mri/actions-runner/_work/_actions/_temp_95d909a8-1846-43aa-8df1-5204c34c80a2/_staging'
[2025-03-13 21:52:46Z INFO ProcessInvokerWrapper]   Require exit code zero: 'False'
[2025-03-13 21:52:46Z INFO ProcessInvokerWrapper]   Encoding web name:  ; code page: ''
[2025-03-13 21:52:46Z INFO ProcessInvokerWrapper]   Force kill process on cancellation: 'False'
[2025-03-13 21:52:46Z INFO ProcessInvokerWrapper]   Redirected STDIN: 'False'
[2025-03-13 21:52:46Z INFO ProcessInvokerWrapper]   Persist current code page: 'False'
[2025-03-13 21:52:46Z INFO ProcessInvokerWrapper]   Keep redirected STDIN open: 'False'
[2025-03-13 21:52:46Z INFO ProcessInvokerWrapper]   High priority process: 'False'
[2025-03-13 21:52:46Z INFO ProcessInvokerWrapper] Updated oom_score_adj to 500 for PID: 2241282.
[2025-03-13 21:52:46Z INFO ProcessInvokerWrapper] Process started with process id 2241282, waiting for process exit.
[2025-03-13 21:52:47Z INFO ProcessInvokerWrapper] STDOUT/STDERR stream read finished.
[2025-03-13 21:52:47Z INFO ProcessInvokerWrapper] STDOUT/STDERR stream read finished.
[2025-03-13 21:52:47Z INFO ProcessInvokerWrapper] Finished process 2241282 with exit code 0, and elapsed time 00:00:00.0486117.
[2025-03-13 21:52:47Z INFO ActionManager] Finished getting action repository.
[2025-03-13 21:52:47Z INFO HostContext] Well known directory 'Bin': '/home/jenny/tensorflow-mri/actions-runner/bin'
[2025-03-13 21:52:47Z INFO HostContext] Well known directory 'Root': '/home/jenny/tensorflow-mri/actions-runner'
[2025-03-13 21:52:47Z INFO HostContext] Well known directory 'Work': '/home/jenny/tensorflow-mri/actions-runner/_work'
[2025-03-13 21:52:47Z INFO HostContext] Well known directory 'Actions': '/home/jenny/tensorflow-mri/actions-runner/_work/_actions'
[2025-03-13 21:52:47Z INFO ActionManifestManager] Load schema file with definitions: [
  "null",
  "boolean",
  "number",
  "string",
  "sequence",
  "mapping",
  "any",
  "action-root",
  "inputs",
  "input",
  "outputs",
  "output-definition",
  "runs",
  "container-runs",
  "container-runs-args",
  "container-runs-env",
  "node-runs",
  "plugin-runs",
  "composite-runs",
  "composite-steps",
  "composite-step",
  "run-step",
  "uses-step",
  "container-runs-context",
  "output-value",
  "input-default-context",
  "non-empty-string",
  "string-steps-context",
  "boolean-steps-context",
  "step-env",
  "step-if",
  "step-with"
]
[2025-03-13 21:52:47Z INFO HostContext] Well known directory 'Bin': '/home/jenny/tensorflow-mri/actions-runner/bin'
[2025-03-13 21:52:47Z INFO HostContext] Well known directory 'Root': '/home/jenny/tensorflow-mri/actions-runner'
[2025-03-13 21:52:47Z INFO HostContext] Well known directory 'Work': '/home/jenny/tensorflow-mri/actions-runner/_work'
[2025-03-13 21:52:47Z INFO HostContext] Well known directory 'Actions': '/home/jenny/tensorflow-mri/actions-runner/_work/_actions'
[2025-03-13 21:52:47Z INFO ActionManifestManager] Loaded action.yml file: {
  "name": "Checkout",
  "description": "Checkout a Git repository at a particular version",
  "inputs": {
    "type": 2,
    "map": [
      {
        "key": {
          "type": 0,
          "file": 2,
          "line": 4,
          "col": 3,
          "lit": "repository"
        },
        "value": {
          "type": 3,
          "file": 2,
          "line": 6,
          "col": 14,
          "expr": "github.repository"
        }
      },
      {
        "key": {
          "type": 0,
          "file": 2,
          "line": 7,
          "col": 3,
          "lit": "ref"
        },
        "value": ""
      },
      {
        "key": {
          "type": 0,
          "file": 2,
          "line": 12,
          "col": 3,
          "lit": "token"
        },
        "value": {
          "type": 3,
          "file": 2,
          "line": 24,
          "col": 14,
          "expr": "github.token"
        }
      },
      {
        "key": {
          "type": 0,
          "file": 2,
          "line": 25,
          "col": 3,
          "lit": "ssh-key"
        },
        "value": ""
      },
      {
        "key": {
          "type": 0,
          "file": 2,
          "line": 37,
          "col": 3,
          "lit": "ssh-known-hosts"
        },
        "value": ""
      },
      {
        "key": {
          "type": 0,
          "file": 2,
          "line": 42,
          "col": 3,
          "lit": "ssh-strict"
        },
        "value": {
          "type": 0,
          "file": 2,
          "line": 47,
          "col": 14,
          "lit": "true"
        }
      },
      {
        "key": {
          "type": 0,
          "file": 2,
          "line": 48,
          "col": 3,
          "lit": "ssh-user"
        },
        "value": {
          "type": 0,
          "file": 2,
          "line": 51,
          "col": 14,
          "lit": "git"
        }
      },
      {
        "key": {
          "type": 0,
          "file": 2,
          "line": 52,
          "col": 3,
          "lit": "persist-credentials"
        },
        "value": {
          "type": 0,
          "file": 2,
          "line": 54,
          "col": 14,
          "lit": "true"
        }
      },
      {
        "key": {
          "type": 0,
          "file": 2,
          "line": 55,
          "col": 3,
          "lit": "path"
        },
        "value": ""
      },
      {
        "key": {
          "type": 0,
          "file": 2,
          "line": 57,
          "col": 3,
          "lit": "clean"
        },
        "value": {
          "type": 0,
          "file": 2,
          "line": 59,
          "col": 14,
          "lit": "true"
        }
      },
      {
        "key": {
          "type": 0,
          "file": 2,
          "line": 60,
          "col": 3,
          "lit": "filter"
        },
        "value": {
          "type": 0,
          "file": 2,
          "line": 64,
          "col": 14,
          "lit": ""
        }
      },
      {
        "key": {
          "type": 0,
          "file": 2,
          "line": 65,
          "col": 3,
          "lit": "sparse-checkout"
        },
        "value": {
          "type": 0,
          "file": 2,
          "line": 69,
          "col": 14,
          "lit": ""
        }
      },
      {
        "key": {
          "type": 0,
          "file": 2,
          "line": 70,
          "col": 3,
          "lit": "sparse-checkout-cone-mode"
        },
        "value": {
          "type": 0,
          "file": 2,
          "line": 73,
          "col": 14,
          "lit": "true"
        }
      },
      {
        "key": {
          "type": 0,
          "file": 2,
          "line": 74,
          "col": 3,
          "lit": "fetch-depth"
        },
        "value": {
          "type": 0,
          "file": 2,
          "line": 76,
          "col": 14,
          "lit": "1"
        }
      },
      {
        "key": {
          "type": 0,
          "file": 2,
          "line": 77,
          "col": 3,
          "lit": "fetch-tags"
        },
        "value": {
          "type": 0,
          "file": 2,
          "line": 79,
          "col": 14,
          "lit": "false"
        }
      },
      {
        "key": {
          "type": 0,
          "file": 2,
          "line": 80,
          "col": 3,
          "lit": "show-progress"
        },
        "value": {
          "type": 0,
          "file": 2,
          "line": 82,
          "col": 14,
          "lit": "true"
        }
      },
      {
        "key": {
          "type": 0,
          "file": 2,
          "line": 83,
          "col": 3,
          "lit": "lfs"
        },
        "value": {
          "type": 0,
          "file": 2,
          "line": 85,
          "col": 14,
          "lit": "false"
        }
      },
      {
        "key": {
          "type": 0,
          "file": 2,
          "line": 86,
          "col": 3,
          "lit": "submodules"
        },
        "value": {
          "type": 0,
          "file": 2,
          "line": 94,
          "col": 14,
          "lit": "false"
        }
      },
      {
        "key": {
          "type": 0,
          "file": 2,
          "line": 95,
          "col": 3,
          "lit": "set-safe-directory"
        },
        "value": {
          "type": 0,
          "file": 2,
          "line": 97,
          "col": 14,
          "lit": "true"
        }
      },
      {
        "key": {
          "type": 0,
          "file": 2,
          "line": 98,
          "col": 3,
          "lit": "github-server-url"
        },
        "value": ""
      }
    ]
  },
  "execution": {
    "executionType": "nodeJS",
    "hasPre": false,
    "hasPost": true,
    "script": "dist/index.js",
    "pre": null,
    "post": "dist/index.js",
    "nodeVersion": "node20",
    "cleanupCondition": "always()",
    "initCondition": "always()"
  },
  "deprecated": null
}
[2025-03-13 21:52:47Z INFO ActionManager] Action node.js file: dist/index.js, no more preparation.
[2025-03-13 21:52:47Z INFO HostContext] Well known directory 'Bin': '/home/jenny/tensorflow-mri/actions-runner/bin'
[2025-03-13 21:52:47Z INFO HostContext] Well known directory 'Root': '/home/jenny/tensorflow-mri/actions-runner'
[2025-03-13 21:52:47Z INFO HostContext] Well known directory 'Work': '/home/jenny/tensorflow-mri/actions-runner/_work'
[2025-03-13 21:52:47Z INFO HostContext] Well known directory 'Actions': '/home/jenny/tensorflow-mri/actions-runner/_work/_actions'
[2025-03-13 21:52:47Z INFO ActionManager] Load action that reference repository from '/home/jenny/tensorflow-mri/actions-runner/_work/_actions/actions/checkout/v4'
[2025-03-13 21:52:47Z INFO HostContext] Well known directory 'Bin': '/home/jenny/tensorflow-mri/actions-runner/bin'
[2025-03-13 21:52:47Z INFO HostContext] Well known directory 'Root': '/home/jenny/tensorflow-mri/actions-runner'
[2025-03-13 21:52:47Z INFO HostContext] Well known directory 'Work': '/home/jenny/tensorflow-mri/actions-runner/_work'
[2025-03-13 21:52:47Z INFO HostContext] Well known directory 'Actions': '/home/jenny/tensorflow-mri/actions-runner/_work/_actions'
[2025-03-13 21:52:47Z INFO ActionManifestManager] Loaded action.yml file: {
  "name": "Checkout",
  "description": "Checkout a Git repository at a particular version",
  "inputs": {
    "type": 2,
    "map": [
      {
        "key": {
          "type": 0,
          "file": 2,
          "line": 4,
          "col": 3,
          "lit": "repository"
        },
        "value": {
          "type": 3,
          "file": 2,
          "line": 6,
          "col": 14,
          "expr": "github.repository"
        }
      },
      {
        "key": {
          "type": 0,
          "file": 2,
          "line": 7,
          "col": 3,
          "lit": "ref"
        },
        "value": ""
      },
      {
        "key": {
          "type": 0,
          "file": 2,
          "line": 12,
          "col": 3,
          "lit": "token"
        },
        "value": {
          "type": 3,
          "file": 2,
          "line": 24,
          "col": 14,
          "expr": "github.token"
        }
      },
      {
        "key": {
          "type": 0,
          "file": 2,
          "line": 25,
          "col": 3,
          "lit": "ssh-key"
        },
        "value": ""
      },
      {
        "key": {
          "type": 0,
          "file": 2,
          "line": 37,
          "col": 3,
          "lit": "ssh-known-hosts"
        },
        "value": ""
      },
      {
        "key": {
          "type": 0,
          "file": 2,
          "line": 42,
          "col": 3,
          "lit": "ssh-strict"
        },
        "value": {
          "type": 0,
          "file": 2,
          "line": 47,
          "col": 14,
          "lit": "true"
        }
      },
      {
        "key": {
          "type": 0,
          "file": 2,
          "line": 48,
          "col": 3,
          "lit": "ssh-user"
        },
        "value": {
          "type": 0,
          "file": 2,
          "line": 51,
          "col": 14,
          "lit": "git"
        }
      },
      {
        "key": {
          "type": 0,
          "file": 2,
          "line": 52,
          "col": 3,
          "lit": "persist-credentials"
        },
        "value": {
          "type": 0,
          "file": 2,
          "line": 54,
          "col": 14,
          "lit": "true"
        }
      },
      {
        "key": {
          "type": 0,
          "file": 2,
          "line": 55,
          "col": 3,
          "lit": "path"
        },
        "value": ""
      },
      {
        "key": {
          "type": 0,
          "file": 2,
          "line": 57,
          "col": 3,
          "lit": "clean"
        },
        "value": {
          "type": 0,
          "file": 2,
          "line": 59,
          "col": 14,
          "lit": "true"
        }
      },
      {
        "key": {
          "type": 0,
          "file": 2,
          "line": 60,
          "col": 3,
          "lit": "filter"
        },
        "value": {
          "type": 0,
          "file": 2,
          "line": 64,
          "col": 14,
          "lit": ""
        }
      },
      {
        "key": {
          "type": 0,
          "file": 2,
          "line": 65,
          "col": 3,
          "lit": "sparse-checkout"
        },
        "value": {
          "type": 0,
          "file": 2,
          "line": 69,
          "col": 14,
          "lit": ""
        }
      },
      {
        "key": {
          "type": 0,
          "file": 2,
          "line": 70,
          "col": 3,
          "lit": "sparse-checkout-cone-mode"
        },
        "value": {
          "type": 0,
          "file": 2,
          "line": 73,
          "col": 14,
          "lit": "true"
        }
      },
      {
        "key": {
          "type": 0,
          "file": 2,
          "line": 74,
          "col": 3,
          "lit": "fetch-depth"
        },
        "value": {
          "type": 0,
          "file": 2,
          "line": 76,
          "col": 14,
          "lit": "1"
        }
      },
      {
        "key": {
          "type": 0,
          "file": 2,
          "line": 77,
          "col": 3,
          "lit": "fetch-tags"
        },
        "value": {
          "type": 0,
          "file": 2,
          "line": 79,
          "col": 14,
          "lit": "false"
        }
      },
      {
        "key": {
          "type": 0,
          "file": 2,
          "line": 80,
          "col": 3,
          "lit": "show-progress"
        },
        "value": {
          "type": 0,
          "file": 2,
          "line": 82,
          "col": 14,
          "lit": "true"
        }
      },
      {
        "key": {
          "type": 0,
          "file": 2,
          "line": 83,
          "col": 3,
          "lit": "lfs"
        },
        "value": {
          "type": 0,
          "file": 2,
          "line": 85,
          "col": 14,
          "lit": "false"
        }
      },
      {
        "key": {
          "type": 0,
          "file": 2,
          "line": 86,
          "col": 3,
          "lit": "submodules"
        },
        "value": {
          "type": 0,
          "file": 2,
          "line": 94,
          "col": 14,
          "lit": "false"
        }
      },
      {
        "key": {
          "type": 0,
          "file": 2,
          "line": 95,
          "col": 3,
          "lit": "set-safe-directory"
        },
        "value": {
          "type": 0,
          "file": 2,
          "line": 97,
          "col": 14,
          "lit": "true"
        }
      },
      {
        "key": {
          "type": 0,
          "file": 2,
          "line": 98,
          "col": 3,
          "lit": "github-server-url"
        },
        "value": ""
      }
    ]
  },
  "execution": {
    "executionType": "nodeJS",
    "hasPre": false,
    "hasPost": true,
    "script": "dist/index.js",
    "pre": null,
    "post": "dist/index.js",
    "nodeVersion": "node20",
    "cleanupCondition": "always()",
    "initCondition": "always()"
  },
  "deprecated": null
}
[2025-03-13 21:52:47Z INFO ActionManager] Action pre node.js file: N/A.
[2025-03-13 21:52:47Z INFO ActionManager] Action node.js file: dist/index.js.
[2025-03-13 21:52:47Z INFO ActionManager] Action post node.js file: dist/index.js.
[2025-03-13 21:52:47Z INFO HostContext] Well known directory 'Bin': '/home/jenny/tensorflow-mri/actions-runner/bin'
[2025-03-13 21:52:47Z INFO HostContext] Well known directory 'Root': '/home/jenny/tensorflow-mri/actions-runner'
[2025-03-13 21:52:47Z INFO HostContext] Well known directory 'Work': '/home/jenny/tensorflow-mri/actions-runner/_work'
[2025-03-13 21:52:47Z INFO HostContext] Well known directory 'Actions': '/home/jenny/tensorflow-mri/actions-runner/_work/_actions'
[2025-03-13 21:52:47Z INFO HostContext] Well known directory 'Bin': '/home/jenny/tensorflow-mri/actions-runner/bin'
[2025-03-13 21:52:47Z INFO HostContext] Well known directory 'Root': '/home/jenny/tensorflow-mri/actions-runner'
[2025-03-13 21:52:47Z INFO HostContext] Well known directory 'Work': '/home/jenny/tensorflow-mri/actions-runner/_work'
[2025-03-13 21:52:47Z INFO HostContext] Well known directory 'Actions': '/home/jenny/tensorflow-mri/actions-runner/_work/_actions'
[2025-03-13 21:52:47Z INFO ActionManifestManager] Ignore action property branding.
[2025-03-13 21:52:47Z INFO ActionManifestManager] Loaded action.yml file: {
  "name": "Open Journals PDF Generator",
  "description": "Create a draft PDF for an Open Journals paper",
  "inputs": {
    "type": 2,
    "map": [
      {
        "key": {
          "type": 0,
          "file": 3,
          "line": 4,
          "col": 3,
          "lit": "journal"
        },
        "value": {
          "type": 0,
          "file": 3,
          "line": 7,
          "col": 14,
          "lit": "joss"
        }
      },
      {
        "key": {
          "type": 0,
          "file": 3,
          "line": 8,
          "col": 3,
          "lit": "paper-path"
        },
        "value": {
          "type": 0,
          "file": 3,
          "line": 13,
          "col": 14,
          "lit": "paper.md"
        }
      }
    ]
  },
  "execution": {
    "executionType": "container",
    "hasPre": false,
    "hasPost": false,
    "image": "docker://tarleb/paperdraft:latest",
    "entryPoint": null,
    "arguments": {
      "type": 1,
      "file": 3,
      "line": 21,
      "col": 5,
      "seq": [
        {
          "type": 3,
          "file": 3,
          "line": 21,
          "col": 7,
          "expr": "inputs.paper-path"
        }
      ]
    },
    "environment": {
      "type": 2,
      "file": 3,
      "line": 18,
      "col": 5,
      "map": [
        {
          "key": {
            "type": 0,
            "file": 3,
            "line": 18,
            "col": 5,
            "lit": "GIT_SHA"
          },
          "value": {
            "type": 0,
            "file": 3,
            "line": 18,
            "col": 14,
            "lit": "$GITHUB_SHA"
          }
        },
        {
          "key": {
            "type": 0,
            "file": 3,
            "line": 19,
            "col": 5,
            "lit": "JOURNAL"
          },
          "value": {
            "type": 3,
            "file": 3,
            "line": 19,
            "col": 14,
            "expr": "inputs.journal"
          }
        }
      ]
    },
    "pre": null,
    "post": null,
    "cleanupCondition": "always()",
    "initCondition": "always()"
  },
  "deprecated": null
}
[2025-03-13 21:52:47Z INFO ActionManager] Action __openjournals_openjournals-draft-action (37dc807e-404e-4318-91f1-e119820d1d15) from repository 'openjournals/openjournals-draft-action@v.1.0' needs to pull image 'tarleb/paperdraft:latest'
[2025-03-13 21:52:47Z INFO HostContext] Well known directory 'Bin': '/home/jenny/tensorflow-mri/actions-runner/bin'
[2025-03-13 21:52:47Z INFO HostContext] Well known directory 'Root': '/home/jenny/tensorflow-mri/actions-runner'
[2025-03-13 21:52:47Z INFO HostContext] Well known directory 'Work': '/home/jenny/tensorflow-mri/actions-runner/_work'
[2025-03-13 21:52:47Z INFO HostContext] Well known directory 'Actions': '/home/jenny/tensorflow-mri/actions-runner/_work/_actions'
[2025-03-13 21:52:47Z INFO ActionManager] Load action that reference repository from '/home/jenny/tensorflow-mri/actions-runner/_work/_actions/openjournals/openjournals-draft-action/v.1.0'
[2025-03-13 21:52:47Z INFO HostContext] Well known directory 'Bin': '/home/jenny/tensorflow-mri/actions-runner/bin'
[2025-03-13 21:52:47Z INFO HostContext] Well known directory 'Root': '/home/jenny/tensorflow-mri/actions-runner'
[2025-03-13 21:52:47Z INFO HostContext] Well known directory 'Work': '/home/jenny/tensorflow-mri/actions-runner/_work'
[2025-03-13 21:52:47Z INFO HostContext] Well known directory 'Actions': '/home/jenny/tensorflow-mri/actions-runner/_work/_actions'
[2025-03-13 21:52:47Z INFO ActionManifestManager] Ignore action property branding.
[2025-03-13 21:52:47Z INFO ActionManifestManager] Loaded action.yml file: {
  "name": "Open Journals PDF Generator",
  "description": "Create a draft PDF for an Open Journals paper",
  "inputs": {
    "type": 2,
    "map": [
      {
        "key": {
          "type": 0,
          "file": 3,
          "line": 4,
          "col": 3,
          "lit": "journal"
        },
        "value": {
          "type": 0,
          "file": 3,
          "line": 7,
          "col": 14,
          "lit": "joss"
        }
      },
      {
        "key": {
          "type": 0,
          "file": 3,
          "line": 8,
          "col": 3,
          "lit": "paper-path"
        },
        "value": {
          "type": 0,
          "file": 3,
          "line": 13,
          "col": 14,
          "lit": "paper.md"
        }
      }
    ]
  },
  "execution": {
    "executionType": "container",
    "hasPre": false,
    "hasPost": false,
    "image": "docker://tarleb/paperdraft:latest",
    "entryPoint": null,
    "arguments": {
      "type": 1,
      "file": 3,
      "line": 21,
      "col": 5,
      "seq": [
        {
          "type": 3,
          "file": 3,
          "line": 21,
          "col": 7,
          "expr": "inputs.paper-path"
        }
      ]
    },
    "environment": {
      "type": 2,
      "file": 3,
      "line": 18,
      "col": 5,
      "map": [
        {
          "key": {
            "type": 0,
            "file": 3,
            "line": 18,
            "col": 5,
            "lit": "GIT_SHA"
          },
          "value": {
            "type": 0,
            "file": 3,
            "line": 18,
            "col": 14,
            "lit": "$GITHUB_SHA"
          }
        },
        {
          "key": {
            "type": 0,
            "file": 3,
            "line": 19,
            "col": 5,
            "lit": "JOURNAL"
          },
          "value": {
            "type": 3,
            "file": 3,
            "line": 19,
            "col": 14,
            "expr": "inputs.journal"
          }
        }
      ]
    },
    "pre": null,
    "post": null,
    "cleanupCondition": "always()",
    "initCondition": "always()"
  },
  "deprecated": null
}
[2025-03-13 21:52:47Z INFO ActionManager] Action container Dockerfile/image: docker://tarleb/paperdraft:latest.
[2025-03-13 21:52:47Z INFO ActionManager] Action container args:  {
  "type": 1,
  "file": 3,
  "line": 21,
  "col": 5,
  "seq": [
    {
      "type": 3,
      "file": 3,
      "line": 21,
      "col": 7,
      "expr": "inputs.paper-path"
    }
  ]
}.
[2025-03-13 21:52:47Z INFO ActionManager] Action container env: {
  "type": 2,
  "file": 3,
  "line": 18,
  "col": 5,
  "map": [
    {
      "key": {
        "type": 0,
        "file": 3,
        "line": 18,
        "col": 5,
        "lit": "GIT_SHA"
      },
      "value": {
        "type": 0,
        "file": 3,
        "line": 18,
        "col": 14,
        "lit": "$GITHUB_SHA"
      }
    },
    {
      "key": {
        "type": 0,
        "file": 3,
        "line": 19,
        "col": 5,
        "lit": "JOURNAL"
      },
      "value": {
        "type": 3,
        "file": 3,
        "line": 19,
        "col": 14,
        "expr": "inputs.journal"
      }
    }
  ]
}.
[2025-03-13 21:52:47Z INFO HostContext] Well known directory 'Bin': '/home/jenny/tensorflow-mri/actions-runner/bin'
[2025-03-13 21:52:47Z INFO HostContext] Well known directory 'Root': '/home/jenny/tensorflow-mri/actions-runner'
[2025-03-13 21:52:47Z INFO HostContext] Well known directory 'Work': '/home/jenny/tensorflow-mri/actions-runner/_work'
[2025-03-13 21:52:47Z INFO HostContext] Well known directory 'Actions': '/home/jenny/tensorflow-mri/actions-runner/_work/_actions'
[2025-03-13 21:52:47Z INFO HostContext] Well known directory 'Bin': '/home/jenny/tensorflow-mri/actions-runner/bin'
[2025-03-13 21:52:47Z INFO HostContext] Well known directory 'Root': '/home/jenny/tensorflow-mri/actions-runner'
[2025-03-13 21:52:47Z INFO HostContext] Well known directory 'Work': '/home/jenny/tensorflow-mri/actions-runner/_work'
[2025-03-13 21:52:47Z INFO HostContext] Well known directory 'Actions': '/home/jenny/tensorflow-mri/actions-runner/_work/_actions'
[2025-03-13 21:52:47Z INFO ActionManifestManager] Ignore action property author.
[2025-03-13 21:52:47Z INFO ActionManifestManager] Loaded action.yml file: {
  "name": "Upload a Build Artifact",
  "description": "Upload a build artifact that can be used by subsequent workflow steps",
  "inputs": {
    "type": 2,
    "map": [
      {
        "key": {
          "type": 0,
          "file": 4,
          "line": 5,
          "col": 3,
          "lit": "name"
        },
        "value": {
          "type": 0,
          "file": 4,
          "line": 7,
          "col": 14,
          "lit": "artifact"
        }
      },
      {
        "key": {
          "type": 0,
          "file": 4,
          "line": 8,
          "col": 3,
          "lit": "path"
        },
        "value": ""
      },
      {
        "key": {
          "type": 0,
          "file": 4,
          "line": 11,
          "col": 3,
          "lit": "if-no-files-found"
        },
        "value": {
          "type": 0,
          "file": 4,
          "line": 19,
          "col": 14,
          "lit": "warn"
        }
      },
      {
        "key": {
          "type": 0,
          "file": 4,
          "line": 20,
          "col": 3,
          "lit": "retention-days"
        },
        "value": ""
      },
      {
        "key": {
          "type": 0,
          "file": 4,
          "line": 26,
          "col": 3,
          "lit": "compression-level"
        },
        "value": {
          "type": 0,
          "file": 4,
          "line": 36,
          "col": 14,
          "lit": "6"
        }
      },
      {
        "key": {
          "type": 0,
          "file": 4,
          "line": 37,
          "col": 3,
          "lit": "overwrite"
        },
        "value": {
          "type": 0,
          "file": 4,
          "line": 42,
          "col": 14,
          "lit": "false"
        }
      },
      {
        "key": {
          "type": 0,
          "file": 4,
          "line": 43,
          "col": 3,
          "lit": "include-hidden-files"
        },
        "value": {
          "type": 0,
          "file": 4,
          "line": 47,
          "col": 14,
          "lit": "false"
        }
      }
    ]
  },
  "execution": {
    "executionType": "nodeJS",
    "hasPre": false,
    "hasPost": false,
    "script": "dist/upload/index.js",
    "pre": null,
    "post": null,
    "nodeVersion": "node20",
    "cleanupCondition": "always()",
    "initCondition": "always()"
  },
  "deprecated": null
}
[2025-03-13 21:52:47Z INFO ActionManager] Action node.js file: dist/upload/index.js, no more preparation.
[2025-03-13 21:52:47Z INFO HostContext] Well known directory 'Bin': '/home/jenny/tensorflow-mri/actions-runner/bin'
[2025-03-13 21:52:47Z INFO HostContext] Well known directory 'Root': '/home/jenny/tensorflow-mri/actions-runner'
[2025-03-13 21:52:47Z INFO HostContext] Well known directory 'Work': '/home/jenny/tensorflow-mri/actions-runner/_work'
[2025-03-13 21:52:47Z INFO HostContext] Well known directory 'Actions': '/home/jenny/tensorflow-mri/actions-runner/_work/_actions'
[2025-03-13 21:52:47Z INFO ActionManager] Load action that reference repository from '/home/jenny/tensorflow-mri/actions-runner/_work/_actions/actions/upload-artifact/v4'
[2025-03-13 21:52:47Z INFO HostContext] Well known directory 'Bin': '/home/jenny/tensorflow-mri/actions-runner/bin'
[2025-03-13 21:52:47Z INFO HostContext] Well known directory 'Root': '/home/jenny/tensorflow-mri/actions-runner'
[2025-03-13 21:52:47Z INFO HostContext] Well known directory 'Work': '/home/jenny/tensorflow-mri/actions-runner/_work'
[2025-03-13 21:52:47Z INFO HostContext] Well known directory 'Actions': '/home/jenny/tensorflow-mri/actions-runner/_work/_actions'
[2025-03-13 21:52:47Z INFO ActionManifestManager] Ignore action property author.
[2025-03-13 21:52:47Z INFO ActionManifestManager] Loaded action.yml file: {
  "name": "Upload a Build Artifact",
  "description": "Upload a build artifact that can be used by subsequent workflow steps",
  "inputs": {
    "type": 2,
    "map": [
      {
        "key": {
          "type": 0,
          "file": 4,
          "line": 5,
          "col": 3,
          "lit": "name"
        },
        "value": {
          "type": 0,
          "file": 4,
          "line": 7,
          "col": 14,
          "lit": "artifact"
        }
      },
      {
        "key": {
          "type": 0,
          "file": 4,
          "line": 8,
          "col": 3,
          "lit": "path"
        },
        "value": ""
      },
      {
        "key": {
          "type": 0,
          "file": 4,
          "line": 11,
          "col": 3,
          "lit": "if-no-files-found"
        },
        "value": {
          "type": 0,
          "file": 4,
          "line": 19,
          "col": 14,
          "lit": "warn"
        }
      },
      {
        "key": {
          "type": 0,
          "file": 4,
          "line": 20,
          "col": 3,
          "lit": "retention-days"
        },
        "value": ""
      },
      {
        "key": {
          "type": 0,
          "file": 4,
          "line": 26,
          "col": 3,
          "lit": "compression-level"
        },
        "value": {
          "type": 0,
          "file": 4,
          "line": 36,
          "col": 14,
          "lit": "6"
        }
      },
      {
        "key": {
          "type": 0,
          "file": 4,
          "line": 37,
          "col": 3,
          "lit": "overwrite"
        },
        "value": {
          "type": 0,
          "file": 4,
          "line": 42,
          "col": 14,
          "lit": "false"
        }
      },
      {
        "key": {
          "type": 0,
          "file": 4,
          "line": 43,
          "col": 3,
          "lit": "include-hidden-files"
        },
        "value": {
          "type": 0,
          "file": 4,
          "line": 47,
          "col": 14,
          "lit": "false"
        }
      }
    ]
  },
  "execution": {
    "executionType": "nodeJS",
    "hasPre": false,
    "hasPost": false,
    "script": "dist/upload/index.js",
    "pre": null,
    "post": null,
    "nodeVersion": "node20",
    "cleanupCondition": "always()",
    "initCondition": "always()"
  },
  "deprecated": null
}
[2025-03-13 21:52:47Z INFO ActionManager] Action pre node.js file: N/A.
[2025-03-13 21:52:47Z INFO ActionManager] Action node.js file: dist/upload/index.js.
[2025-03-13 21:52:47Z INFO ActionManager] Action post node.js file: N/A.
[2025-03-13 21:52:47Z INFO ActionManager] 1 steps need to pull image 'tarleb/paperdraft:latest'
[2025-03-13 21:52:47Z INFO JobExtension] Adding .
[2025-03-13 21:52:47Z INFO JobExtension] Adding .
[2025-03-13 21:52:47Z INFO JobExtension] Adding .
[2025-03-13 21:52:47Z INFO HostContext] Well known directory 'Bin': '/home/jenny/tensorflow-mri/actions-runner/bin'
[2025-03-13 21:52:47Z INFO HostContext] Well known directory 'Root': '/home/jenny/tensorflow-mri/actions-runner'
[2025-03-13 21:52:47Z INFO HostContext] Well known directory 'Diag': '/home/jenny/tensorflow-mri/actions-runner/_diag'
[2025-03-13 21:52:47Z INFO HostContext] Well known directory 'Bin': '/home/jenny/tensorflow-mri/actions-runner/bin'
[2025-03-13 21:52:47Z INFO HostContext] Well known directory 'Root': '/home/jenny/tensorflow-mri/actions-runner'
[2025-03-13 21:52:47Z INFO HostContext] Well known directory 'Diag': '/home/jenny/tensorflow-mri/actions-runner/_diag'
[2025-03-13 21:52:47Z INFO HostContext] Well known directory 'Bin': '/home/jenny/tensorflow-mri/actions-runner/bin'
[2025-03-13 21:52:47Z INFO HostContext] Well known directory 'Root': '/home/jenny/tensorflow-mri/actions-runner'
[2025-03-13 21:52:47Z INFO HostContext] Well known directory 'Diag': '/home/jenny/tensorflow-mri/actions-runner/_diag'
[2025-03-13 21:52:47Z INFO HostContext] Well known directory 'Bin': '/home/jenny/tensorflow-mri/actions-runner/bin'
[2025-03-13 21:52:47Z INFO HostContext] Well known directory 'Root': '/home/jenny/tensorflow-mri/actions-runner'
[2025-03-13 21:52:47Z INFO HostContext] Well known directory 'Diag': '/home/jenny/tensorflow-mri/actions-runner/_diag'
[2025-03-13 21:52:47Z INFO HostContext] Well known directory 'Bin': '/home/jenny/tensorflow-mri/actions-runner/bin'
[2025-03-13 21:52:47Z INFO HostContext] Well known directory 'Root': '/home/jenny/tensorflow-mri/actions-runner'
[2025-03-13 21:52:47Z INFO HostContext] Well known directory 'Diag': '/home/jenny/tensorflow-mri/actions-runner/_diag'
[2025-03-13 21:52:47Z INFO HostContext] Well known directory 'Bin': '/home/jenny/tensorflow-mri/actions-runner/bin'
[2025-03-13 21:52:47Z INFO HostContext] Well known directory 'Root': '/home/jenny/tensorflow-mri/actions-runner'
[2025-03-13 21:52:47Z INFO HostContext] Well known directory 'Diag': '/home/jenny/tensorflow-mri/actions-runner/_diag'
[2025-03-13 21:52:47Z INFO HostContext] Well known directory 'Bin': '/home/jenny/tensorflow-mri/actions-runner/bin'
[2025-03-13 21:52:47Z INFO HostContext] Well known directory 'Root': '/home/jenny/tensorflow-mri/actions-runner'
[2025-03-13 21:52:47Z INFO HostContext] Well known directory 'Diag': '/home/jenny/tensorflow-mri/actions-runner/_diag'
[2025-03-13 21:52:47Z INFO HostContext] Well known directory 'Bin': '/home/jenny/tensorflow-mri/actions-runner/bin'
[2025-03-13 21:52:47Z INFO HostContext] Well known directory 'Root': '/home/jenny/tensorflow-mri/actions-runner'
[2025-03-13 21:52:47Z INFO HostContext] Well known directory 'Diag': '/home/jenny/tensorflow-mri/actions-runner/_diag'
[2025-03-13 21:52:47Z INFO JobExtension] Total accessible running process: 965.
[2025-03-13 21:52:47Z INFO HostContext] Well known directory 'Bin': '/home/jenny/tensorflow-mri/actions-runner/bin'
[2025-03-13 21:52:47Z INFO HostContext] Well known directory 'Root': '/home/jenny/tensorflow-mri/actions-runner'
[2025-03-13 21:52:47Z INFO HostContext] Well known directory 'Work': '/home/jenny/tensorflow-mri/actions-runner/_work'
[2025-03-13 21:52:47Z INFO JobExtension] Start checking service connectivity in background.
[2025-03-13 21:52:47Z INFO ExecutionContext] Publish step telemetry for current step {
  "action": "setup_job",
  "type": "runner",
  "stage": "Pre",
  "stepId": "60f16a53-c1d8-4369-ab27-588e596a7f8b",
  "result": "succeeded",
  "errorMessages": [],
  "executionTimeInSeconds": 2,
  "startTime": "2025-03-13T21:52:45.2164059Z",
  "finishTime": "2025-03-13T21:52:47.213126Z"
}.
[2025-03-13 21:52:47Z INFO JobRunner] Total job steps: 4.
[2025-03-13 21:52:47Z INFO JobRunner] Run all job steps.
[2025-03-13 21:52:47Z INFO StepsRunner] Processing step: DisplayName='Pull tarleb/paperdraft:latest'
[2025-03-13 21:52:47Z INFO StepsRunner] Evaluating: success()
[2025-03-13 21:52:47Z INFO StepsRunner] Result: true
[2025-03-13 21:52:47Z INFO StepsRunner] Starting the step.
[2025-03-13 21:52:47Z INFO DockerCommandManager] Which2: 'docker'
[2025-03-13 21:52:47Z INFO DockerCommandManager] Location: '/usr/bin/docker'
[2025-03-13 21:52:47Z INFO HostContext] Well known directory 'Bin': '/home/jenny/tensorflow-mri/actions-runner/bin'
[2025-03-13 21:52:47Z INFO HostContext] Well known directory 'Root': '/home/jenny/tensorflow-mri/actions-runner'
[2025-03-13 21:52:47Z INFO ProcessInvokerWrapper] Starting process:
[2025-03-13 21:52:47Z INFO ProcessInvokerWrapper]   File name: '/usr/bin/docker'
[2025-03-13 21:52:47Z INFO ProcessInvokerWrapper]   Arguments: 'pull tarleb/paperdraft:latest'
[2025-03-13 21:52:47Z INFO ProcessInvokerWrapper]   Working directory: '/home/jenny/tensorflow-mri/actions-runner/_work/tensorflow-mri/tensorflow-mri'
[2025-03-13 21:52:47Z INFO ProcessInvokerWrapper]   Require exit code zero: 'False'
[2025-03-13 21:52:47Z INFO ProcessInvokerWrapper]   Encoding web name:  ; code page: ''
[2025-03-13 21:52:47Z INFO ProcessInvokerWrapper]   Force kill process on cancellation: 'False'
[2025-03-13 21:52:47Z INFO ProcessInvokerWrapper]   Redirected STDIN: 'False'
[2025-03-13 21:52:47Z INFO ProcessInvokerWrapper]   Persist current code page: 'False'
[2025-03-13 21:52:47Z INFO ProcessInvokerWrapper]   Keep redirected STDIN open: 'False'
[2025-03-13 21:52:47Z INFO ProcessInvokerWrapper]   High priority process: 'False'
[2025-03-13 21:52:47Z INFO ProcessInvokerWrapper] Updated oom_score_adj to 500 for PID: 2241298.
[2025-03-13 21:52:47Z INFO ProcessInvokerWrapper] Process started with process id 2241298, waiting for process exit.
[2025-03-13 21:52:47Z INFO JobServerQueue] Try to append 1 batches web console lines for record '60f16a53-c1d8-4369-ab27-588e596a7f8b', success rate: 1/1.
[2025-03-13 21:52:47Z INFO JobServerQueue] Try to append 1 batches web console lines for record '0fedf7e6-8753-4e53-a99f-34956a3545c3', success rate: 1/1.
[2025-03-13 21:52:48Z INFO ProcessInvokerWrapper] STDOUT/STDERR stream read finished.
[2025-03-13 21:52:48Z INFO ProcessInvokerWrapper] STDOUT/STDERR stream read finished.
[2025-03-13 21:52:48Z INFO ProcessInvokerWrapper] Finished process 2241298 with exit code 0, and elapsed time 00:00:00.8806914.
[2025-03-13 21:52:48Z INFO ActionManager] Prepared docker image 'tarleb/paperdraft:latest' for action 37dc807e-404e-4318-91f1-e119820d1d15 (tarleb/paperdraft:latest)
[2025-03-13 21:52:48Z INFO StepsRunner] Step result: 
[2025-03-13 21:52:48Z INFO ExecutionContext] Publish step telemetry for current step {
  "action": "pull_tarleb/paperdraft:latest",
  "type": "runner",
  "stage": "Pre",
  "stepId": "0fedf7e6-8753-4e53-a99f-34956a3545c3",
  "stepContextName": "0fedf7e687534e53a99f34956a3545c3",
  "result": "succeeded",
  "errorMessages": [],
  "executionTimeInSeconds": 1,
  "startTime": "2025-03-13T21:52:47.2250883Z",
  "finishTime": "2025-03-13T21:52:48.1210866Z"
}.
[2025-03-13 21:52:48Z INFO StepsRunner] No need for updating job result with current step result 'Succeeded'.
[2025-03-13 21:52:48Z INFO StepsRunner] Current state: job state = ''
[2025-03-13 21:52:48Z INFO StepsRunner] Processing step: DisplayName='Checkout'
[2025-03-13 21:52:48Z INFO StepsRunner] Evaluating: success()
[2025-03-13 21:52:48Z INFO StepsRunner] Result: true
[2025-03-13 21:52:48Z INFO StepsRunner] Starting the step.
[2025-03-13 21:52:48Z INFO HostContext] Well known directory 'Bin': '/home/jenny/tensorflow-mri/actions-runner/bin'
[2025-03-13 21:52:48Z INFO HostContext] Well known directory 'Root': '/home/jenny/tensorflow-mri/actions-runner'
[2025-03-13 21:52:48Z INFO HostContext] Well known directory 'Work': '/home/jenny/tensorflow-mri/actions-runner/_work'
[2025-03-13 21:52:48Z INFO HostContext] Well known directory 'Actions': '/home/jenny/tensorflow-mri/actions-runner/_work/_actions'
[2025-03-13 21:52:48Z INFO ActionManager] Load action that reference repository from '/home/jenny/tensorflow-mri/actions-runner/_work/_actions/actions/checkout/v4'
[2025-03-13 21:52:48Z INFO HostContext] Well known directory 'Bin': '/home/jenny/tensorflow-mri/actions-runner/bin'
[2025-03-13 21:52:48Z INFO HostContext] Well known directory 'Root': '/home/jenny/tensorflow-mri/actions-runner'
[2025-03-13 21:52:48Z INFO HostContext] Well known directory 'Work': '/home/jenny/tensorflow-mri/actions-runner/_work'
[2025-03-13 21:52:48Z INFO HostContext] Well known directory 'Actions': '/home/jenny/tensorflow-mri/actions-runner/_work/_actions'
[2025-03-13 21:52:48Z INFO ActionManifestManager] Loaded action.yml file: {
  "name": "Checkout",
  "description": "Checkout a Git repository at a particular version",
  "inputs": {
    "type": 2,
    "map": [
      {
        "key": {
          "type": 0,
          "file": 2,
          "line": 4,
          "col": 3,
          "lit": "repository"
        },
        "value": {
          "type": 3,
          "file": 2,
          "line": 6,
          "col": 14,
          "expr": "github.repository"
        }
      },
      {
        "key": {
          "type": 0,
          "file": 2,
          "line": 7,
          "col": 3,
          "lit": "ref"
        },
        "value": ""
      },
      {
        "key": {
          "type": 0,
          "file": 2,
          "line": 12,
          "col": 3,
          "lit": "token"
        },
        "value": {
          "type": 3,
          "file": 2,
          "line": 24,
          "col": 14,
          "expr": "github.token"
        }
      },
      {
        "key": {
          "type": 0,
          "file": 2,
          "line": 25,
          "col": 3,
          "lit": "ssh-key"
        },
        "value": ""
      },
      {
        "key": {
          "type": 0,
          "file": 2,
          "line": 37,
          "col": 3,
          "lit": "ssh-known-hosts"
        },
        "value": ""
      },
      {
        "key": {
          "type": 0,
          "file": 2,
          "line": 42,
          "col": 3,
          "lit": "ssh-strict"
        },
        "value": {
          "type": 0,
          "file": 2,
          "line": 47,
          "col": 14,
          "lit": "true"
        }
      },
      {
        "key": {
          "type": 0,
          "file": 2,
          "line": 48,
          "col": 3,
          "lit": "ssh-user"
        },
        "value": {
          "type": 0,
          "file": 2,
          "line": 51,
          "col": 14,
          "lit": "git"
        }
      },
      {
        "key": {
          "type": 0,
          "file": 2,
          "line": 52,
          "col": 3,
          "lit": "persist-credentials"
        },
        "value": {
          "type": 0,
          "file": 2,
          "line": 54,
          "col": 14,
          "lit": "true"
        }
      },
      {
        "key": {
          "type": 0,
          "file": 2,
          "line": 55,
          "col": 3,
          "lit": "path"
        },
        "value": ""
      },
      {
        "key": {
          "type": 0,
          "file": 2,
          "line": 57,
          "col": 3,
          "lit": "clean"
        },
        "value": {
          "type": 0,
          "file": 2,
          "line": 59,
          "col": 14,
          "lit": "true"
        }
      },
      {
        "key": {
          "type": 0,
          "file": 2,
          "line": 60,
          "col": 3,
          "lit": "filter"
        },
        "value": {
          "type": 0,
          "file": 2,
          "line": 64,
          "col": 14,
          "lit": ""
        }
      },
      {
        "key": {
          "type": 0,
          "file": 2,
          "line": 65,
          "col": 3,
          "lit": "sparse-checkout"
        },
        "value": {
          "type": 0,
          "file": 2,
          "line": 69,
          "col": 14,
          "lit": ""
        }
      },
      {
        "key": {
          "type": 0,
          "file": 2,
          "line": 70,
          "col": 3,
          "lit": "sparse-checkout-cone-mode"
        },
        "value": {
          "type": 0,
          "file": 2,
          "line": 73,
          "col": 14,
          "lit": "true"
        }
      },
      {
        "key": {
          "type": 0,
          "file": 2,
          "line": 74,
          "col": 3,
          "lit": "fetch-depth"
        },
        "value": {
          "type": 0,
          "file": 2,
          "line": 76,
          "col": 14,
          "lit": "1"
        }
      },
      {
        "key": {
          "type": 0,
          "file": 2,
          "line": 77,
          "col": 3,
          "lit": "fetch-tags"
        },
        "value": {
          "type": 0,
          "file": 2,
          "line": 79,
          "col": 14,
          "lit": "false"
        }
      },
      {
        "key": {
          "type": 0,
          "file": 2,
          "line": 80,
          "col": 3,
          "lit": "show-progress"
        },
        "value": {
          "type": 0,
          "file": 2,
          "line": 82,
          "col": 14,
          "lit": "true"
        }
      },
      {
        "key": {
          "type": 0,
          "file": 2,
          "line": 83,
          "col": 3,
          "lit": "lfs"
        },
        "value": {
          "type": 0,
          "file": 2,
          "line": 85,
          "col": 14,
          "lit": "false"
        }
      },
      {
        "key": {
          "type": 0,
          "file": 2,
          "line": 86,
          "col": 3,
          "lit": "submodules"
        },
        "value": {
          "type": 0,
          "file": 2,
          "line": 94,
          "col": 14,
          "lit": "false"
        }
      },
      {
        "key": {
          "type": 0,
          "file": 2,
          "line": 95,
          "col": 3,
          "lit": "set-safe-directory"
        },
        "value": {
          "type": 0,
          "file": 2,
          "line": 97,
          "col": 14,
          "lit": "true"
        }
      },
      {
        "key": {
          "type": 0,
          "file": 2,
          "line": 98,
          "col": 3,
          "lit": "github-server-url"
        },
        "value": ""
      }
    ]
  },
  "execution": {
    "executionType": "nodeJS",
    "hasPre": false,
    "hasPost": true,
    "script": "dist/index.js",
    "pre": null,
    "post": "dist/index.js",
    "nodeVersion": "node20",
    "cleanupCondition": "always()",
    "initCondition": "always()"
  },
  "deprecated": null
}
[2025-03-13 21:52:48Z INFO ActionManager] Action pre node.js file: N/A.
[2025-03-13 21:52:48Z INFO ActionManager] Action node.js file: dist/index.js.
[2025-03-13 21:52:48Z INFO ActionManager] Action post node.js file: dist/index.js.
[2025-03-13 21:52:48Z INFO ExecutionContext] Reserve record order 6 to 10 for post job actions.
[2025-03-13 21:52:48Z INFO HostContext] Well known directory 'Bin': '/home/jenny/tensorflow-mri/actions-runner/bin'
[2025-03-13 21:52:48Z INFO HostContext] Well known directory 'Root': '/home/jenny/tensorflow-mri/actions-runner'
[2025-03-13 21:52:48Z INFO HostContext] Well known directory 'Diag': '/home/jenny/tensorflow-mri/actions-runner/_diag'
[2025-03-13 21:52:48Z INFO HostContext] Well known directory 'Bin': '/home/jenny/tensorflow-mri/actions-runner/bin'
[2025-03-13 21:52:48Z INFO HostContext] Well known directory 'Root': '/home/jenny/tensorflow-mri/actions-runner'
[2025-03-13 21:52:48Z INFO HostContext] Well known directory 'Diag': '/home/jenny/tensorflow-mri/actions-runner/_diag'
[2025-03-13 21:52:48Z INFO HostContext] Well known directory 'Bin': '/home/jenny/tensorflow-mri/actions-runner/bin'
[2025-03-13 21:52:48Z INFO HostContext] Well known directory 'Root': '/home/jenny/tensorflow-mri/actions-runner'
[2025-03-13 21:52:48Z INFO HostContext] Well known directory 'Work': '/home/jenny/tensorflow-mri/actions-runner/_work'
[2025-03-13 21:52:48Z INFO HostContext] Well known directory 'Temp': '/home/jenny/tensorflow-mri/actions-runner/_work/_temp'
[2025-03-13 21:52:48Z INFO ExecutionContext] Write event payload to /home/jenny/tensorflow-mri/actions-runner/_work/_temp/_github_workflow/event.json
[2025-03-13 21:52:48Z INFO HostContext] Well known directory 'Bin': '/home/jenny/tensorflow-mri/actions-runner/bin'
[2025-03-13 21:52:48Z INFO HostContext] Well known directory 'Root': '/home/jenny/tensorflow-mri/actions-runner'
[2025-03-13 21:52:48Z INFO HostContext] Well known directory 'Work': '/home/jenny/tensorflow-mri/actions-runner/_work'
[2025-03-13 21:52:48Z INFO HostContext] Well known directory 'Temp': '/home/jenny/tensorflow-mri/actions-runner/_work/_temp'
[2025-03-13 21:52:48Z INFO ExtensionManager] Getting extensions for interface: 'GitHub.Runner.Worker.IFileCommandExtension'
[2025-03-13 21:52:48Z INFO ExtensionManager] Creating instance: GitHub.Runner.Worker.AddPathFileCommand, Runner.Worker
[2025-03-13 21:52:48Z INFO ExtensionManager] Creating instance: GitHub.Runner.Worker.SetEnvFileCommand, Runner.Worker
[2025-03-13 21:52:48Z INFO ExtensionManager] Creating instance: GitHub.Runner.Worker.CreateStepSummaryCommand, Runner.Worker
[2025-03-13 21:52:48Z INFO ExtensionManager] Creating instance: GitHub.Runner.Worker.SaveStateFileCommand, Runner.Worker
[2025-03-13 21:52:48Z INFO ExtensionManager] Creating instance: GitHub.Runner.Worker.SetOutputFileCommand, Runner.Worker
[2025-03-13 21:52:48Z INFO ActionManifestManager] Input 'repository': default value evaluate result: {
  "type": 0,
  "file": 2,
  "line": 6,
  "col": 14,
  "lit": "mrphys/tensorflow-mri"
}
[2025-03-13 21:52:48Z INFO ActionManifestManager] Input 'ref': default value evaluate result: ""
[2025-03-13 21:52:48Z INFO ActionManifestManager] Input 'token': default value evaluate result: {
  "type": 0,
  "file": 2,
  "line": 24,
  "col": 14,
  "lit": "***"
}
[2025-03-13 21:52:48Z INFO ActionManifestManager] Input 'ssh-key': default value evaluate result: ""
[2025-03-13 21:52:48Z INFO ActionManifestManager] Input 'ssh-known-hosts': default value evaluate result: ""
[2025-03-13 21:52:48Z INFO ActionManifestManager] Input 'ssh-strict': default value evaluate result: {
  "type": 0,
  "file": 2,
  "line": 47,
  "col": 14,
  "lit": "true"
}
[2025-03-13 21:52:48Z INFO ActionManifestManager] Input 'ssh-user': default value evaluate result: {
  "type": 0,
  "file": 2,
  "line": 51,
  "col": 14,
  "lit": "git"
}
[2025-03-13 21:52:48Z INFO ActionManifestManager] Input 'persist-credentials': default value evaluate result: {
  "type": 0,
  "file": 2,
  "line": 54,
  "col": 14,
  "lit": "true"
}
[2025-03-13 21:52:48Z INFO ActionManifestManager] Input 'path': default value evaluate result: ""
[2025-03-13 21:52:48Z INFO ActionManifestManager] Input 'clean': default value evaluate result: {
  "type": 0,
  "file": 2,
  "line": 59,
  "col": 14,
  "lit": "true"
}
[2025-03-13 21:52:48Z INFO ActionManifestManager] Input 'filter': default value evaluate result: {
  "type": 0,
  "file": 2,
  "line": 64,
  "col": 14,
  "lit": ""
}
[2025-03-13 21:52:48Z INFO ActionManifestManager] Input 'sparse-checkout': default value evaluate result: {
  "type": 0,
  "file": 2,
  "line": 69,
  "col": 14,
  "lit": ""
}
[2025-03-13 21:52:48Z INFO ActionManifestManager] Input 'sparse-checkout-cone-mode': default value evaluate result: {
  "type": 0,
  "file": 2,
  "line": 73,
  "col": 14,
  "lit": "true"
}
[2025-03-13 21:52:48Z INFO ActionManifestManager] Input 'fetch-depth': default value evaluate result: {
  "type": 0,
  "file": 2,
  "line": 76,
  "col": 14,
  "lit": "1"
}
[2025-03-13 21:52:48Z INFO ActionManifestManager] Input 'fetch-tags': default value evaluate result: {
  "type": 0,
  "file": 2,
  "line": 79,
  "col": 14,
  "lit": "false"
}
[2025-03-13 21:52:48Z INFO ActionManifestManager] Input 'show-progress': default value evaluate result: {
  "type": 0,
  "file": 2,
  "line": 82,
  "col": 14,
  "lit": "true"
}
[2025-03-13 21:52:48Z INFO ActionManifestManager] Input 'lfs': default value evaluate result: {
  "type": 0,
  "file": 2,
  "line": 85,
  "col": 14,
  "lit": "false"
}
[2025-03-13 21:52:48Z INFO ActionManifestManager] Input 'submodules': default value evaluate result: {
  "type": 0,
  "file": 2,
  "line": 94,
  "col": 14,
  "lit": "false"
}
[2025-03-13 21:52:48Z INFO ActionManifestManager] Input 'set-safe-directory': default value evaluate result: {
  "type": 0,
  "file": 2,
  "line": 97,
  "col": 14,
  "lit": "true"
}
[2025-03-13 21:52:48Z INFO ActionManifestManager] Input 'github-server-url': default value evaluate result: ""
[2025-03-13 21:52:48Z INFO ExtensionManager] Getting extensions for interface: 'GitHub.Runner.Worker.IActionCommandExtension'
[2025-03-13 21:52:48Z INFO ExtensionManager] Creating instance: GitHub.Runner.Worker.InternalPluginSetRepoPathCommandExtension, Runner.Worker
[2025-03-13 21:52:48Z INFO ExtensionManager] Creating instance: GitHub.Runner.Worker.SetEnvCommandExtension, Runner.Worker
[2025-03-13 21:52:48Z INFO ExtensionManager] Creating instance: GitHub.Runner.Worker.SetOutputCommandExtension, Runner.Worker
[2025-03-13 21:52:48Z INFO ExtensionManager] Creating instance: GitHub.Runner.Worker.SaveStateCommandExtension, Runner.Worker
[2025-03-13 21:52:48Z INFO ExtensionManager] Creating instance: GitHub.Runner.Worker.AddPathCommandExtension, Runner.Worker
[2025-03-13 21:52:48Z INFO ExtensionManager] Creating instance: GitHub.Runner.Worker.AddMaskCommandExtension, Runner.Worker
[2025-03-13 21:52:48Z INFO ExtensionManager] Creating instance: GitHub.Runner.Worker.AddMatcherCommandExtension, Runner.Worker
[2025-03-13 21:52:48Z INFO ExtensionManager] Creating instance: GitHub.Runner.Worker.RemoveMatcherCommandExtension, Runner.Worker
[2025-03-13 21:52:48Z INFO ExtensionManager] Creating instance: GitHub.Runner.Worker.WarningCommandExtension, Runner.Worker
[2025-03-13 21:52:48Z INFO ExtensionManager] Creating instance: GitHub.Runner.Worker.ErrorCommandExtension, Runner.Worker
[2025-03-13 21:52:48Z INFO ExtensionManager] Creating instance: GitHub.Runner.Worker.NoticeCommandExtension, Runner.Worker
[2025-03-13 21:52:48Z INFO ExtensionManager] Creating instance: GitHub.Runner.Worker.DebugCommandExtension, Runner.Worker
[2025-03-13 21:52:48Z INFO ExtensionManager] Creating instance: GitHub.Runner.Worker.GroupCommandExtension, Runner.Worker
[2025-03-13 21:52:48Z INFO ExtensionManager] Creating instance: GitHub.Runner.Worker.EndGroupCommandExtension, Runner.Worker
[2025-03-13 21:52:48Z INFO ExtensionManager] Creating instance: GitHub.Runner.Worker.EchoCommandExtension, Runner.Worker
[2025-03-13 21:52:48Z INFO ActionCommandManager] Register action command extension for command internal-set-repo-path
[2025-03-13 21:52:48Z INFO ActionCommandManager] Register action command extension for command set-env
[2025-03-13 21:52:48Z INFO ActionCommandManager] Register action command extension for command set-output
[2025-03-13 21:52:48Z INFO ActionCommandManager] Register action command extension for command save-state
[2025-03-13 21:52:48Z INFO ActionCommandManager] Register action command extension for command add-path
[2025-03-13 21:52:48Z INFO ActionCommandManager] Register action command extension for command add-mask
[2025-03-13 21:52:48Z INFO ActionCommandManager] Register action command extension for command add-matcher
[2025-03-13 21:52:48Z INFO ActionCommandManager] Register action command extension for command remove-matcher
[2025-03-13 21:52:48Z INFO ActionCommandManager] Register action command extension for command warning
[2025-03-13 21:52:48Z INFO ActionCommandManager] Register action command extension for command error
[2025-03-13 21:52:48Z INFO ActionCommandManager] Register action command extension for command notice
[2025-03-13 21:52:48Z INFO ActionCommandManager] Register action command extension for command debug
[2025-03-13 21:52:48Z INFO ActionCommandManager] Register action command extension for command group
[2025-03-13 21:52:48Z INFO ActionCommandManager] Register action command extension for command endgroup
[2025-03-13 21:52:48Z INFO ActionCommandManager] Register action command extension for command echo
[2025-03-13 21:52:48Z INFO HostContext] Well known directory 'Bin': '/home/jenny/tensorflow-mri/actions-runner/bin'
[2025-03-13 21:52:48Z INFO HostContext] Well known directory 'Root': '/home/jenny/tensorflow-mri/actions-runner'
[2025-03-13 21:52:48Z INFO HostContext] Well known directory 'Externals': '/home/jenny/tensorflow-mri/actions-runner/externals'
[2025-03-13 21:52:48Z INFO ProcessInvokerWrapper] Starting process:
[2025-03-13 21:52:48Z INFO ProcessInvokerWrapper]   File name: '/home/jenny/tensorflow-mri/actions-runner/externals/node20/bin/node'
[2025-03-13 21:52:48Z INFO ProcessInvokerWrapper]   Arguments: '"/home/jenny/tensorflow-mri/actions-runner/_work/_actions/actions/checkout/v4/dist/index.js"'
[2025-03-13 21:52:48Z INFO ProcessInvokerWrapper]   Working directory: '/home/jenny/tensorflow-mri/actions-runner/_work/tensorflow-mri/tensorflow-mri'
[2025-03-13 21:52:48Z INFO ProcessInvokerWrapper]   Require exit code zero: 'False'
[2025-03-13 21:52:48Z INFO ProcessInvokerWrapper]   Encoding web name:  ; code page: ''
[2025-03-13 21:52:48Z INFO ProcessInvokerWrapper]   Force kill process on cancellation: 'False'
[2025-03-13 21:52:48Z INFO ProcessInvokerWrapper]   Redirected STDIN: 'False'
[2025-03-13 21:52:48Z INFO ProcessInvokerWrapper]   Persist current code page: 'False'
[2025-03-13 21:52:48Z INFO ProcessInvokerWrapper]   Keep redirected STDIN open: 'False'
[2025-03-13 21:52:48Z INFO ProcessInvokerWrapper]   High priority process: 'False'
[2025-03-13 21:52:48Z INFO ProcessInvokerWrapper] Updated oom_score_adj to 500 for PID: 2241309.
[2025-03-13 21:52:48Z INFO ProcessInvokerWrapper] Process started with process id 2241309, waiting for process exit.
[2025-03-13 21:52:48Z INFO JobServerQueue] Got a step log file to send to results service.
[2025-03-13 21:52:48Z INFO JobServerQueue] Starting upload of step log file to results service ResultsLog, /home/jenny/tensorflow-mri/actions-runner/_diag/blocks/11b8a82b-824a-4f00-bdcf-7603e5737484_60f16a53-c1d8-4369-ab27-588e596a7f8b.1
[2025-03-13 21:52:48Z INFO JobServerQueue] Try to upload 2 log files or attachments, success rate: 2/2.
[2025-03-13 21:52:48Z INFO AddMaskCommandExtension] Add new secret mask with length of 76
[2025-03-13 21:52:48Z INFO JobServerQueue] Try to append 1 batches web console lines for record '0fedf7e6-8753-4e53-a99f-34956a3545c3', success rate: 1/1.
[2025-03-13 21:52:48Z INFO JobServerQueue] Try to append 1 batches web console lines for record 'b31406ee-8769-4719-bb0d-0e0ebf480214', success rate: 1/1.
[2025-03-13 21:52:48Z INFO JobServerQueue] Try to append 1 batches web console lines for record 'b31406ee-8769-4719-bb0d-0e0ebf480214', success rate: 1/1.
[2025-03-13 21:52:48Z INFO ProcessInvokerWrapper] STDOUT/STDERR stream read finished.
[2025-03-13 21:52:48Z INFO ProcessInvokerWrapper] STDOUT/STDERR stream read finished.
[2025-03-13 21:52:48Z INFO ProcessInvokerWrapper] Finished process 2241309 with exit code 0, and elapsed time 00:00:00.5780670.
[2025-03-13 21:52:48Z INFO CreateStepSummaryCommand] Step Summary file (/home/jenny/tensorflow-mri/actions-runner/_work/_temp/_runner_file_commands/step_summary_ba5f0963-08f6-4d35-a5ae-7f08eeb25ad7) is empty; skipping attachment upload
[2025-03-13 21:52:48Z INFO StepsRunner] Step result: 
[2025-03-13 21:52:48Z INFO ExecutionContext] Publish step telemetry for current step {
  "action": "actions/checkout",
  "ref": "v4",
  "type": "node20",
  "stage": "Main",
  "stepId": "b31406ee-8769-4719-bb0d-0e0ebf480214",
  "stepContextName": "__actions_checkout",
  "hasPreStep": false,
  "hasPostStep": true,
  "result": "succeeded",
  "errorMessages": [],
  "executionTimeInSeconds": 1,
  "startTime": "2025-03-13T21:52:48.122013Z",
  "finishTime": "2025-03-13T21:52:48.7322364Z"
}.
[2025-03-13 21:52:48Z INFO StepsRunner] No need for updating job result with current step result 'Succeeded'.
[2025-03-13 21:52:48Z INFO StepsRunner] Current state: job state = ''
[2025-03-13 21:52:48Z INFO StepsRunner] Processing step: DisplayName='Open Journals PDF Generator'
[2025-03-13 21:52:48Z INFO StepsRunner] Evaluating: success()
[2025-03-13 21:52:48Z INFO StepsRunner] Result: true
[2025-03-13 21:52:48Z INFO StepsRunner] Starting the step.
[2025-03-13 21:52:48Z INFO HostContext] Well known directory 'Bin': '/home/jenny/tensorflow-mri/actions-runner/bin'
[2025-03-13 21:52:48Z INFO HostContext] Well known directory 'Root': '/home/jenny/tensorflow-mri/actions-runner'
[2025-03-13 21:52:48Z INFO HostContext] Well known directory 'Work': '/home/jenny/tensorflow-mri/actions-runner/_work'
[2025-03-13 21:52:48Z INFO HostContext] Well known directory 'Actions': '/home/jenny/tensorflow-mri/actions-runner/_work/_actions'
[2025-03-13 21:52:48Z INFO ActionManager] Load action that reference repository from '/home/jenny/tensorflow-mri/actions-runner/_work/_actions/openjournals/openjournals-draft-action/v.1.0'
[2025-03-13 21:52:48Z INFO HostContext] Well known directory 'Bin': '/home/jenny/tensorflow-mri/actions-runner/bin'
[2025-03-13 21:52:48Z INFO HostContext] Well known directory 'Root': '/home/jenny/tensorflow-mri/actions-runner'
[2025-03-13 21:52:48Z INFO HostContext] Well known directory 'Work': '/home/jenny/tensorflow-mri/actions-runner/_work'
[2025-03-13 21:52:48Z INFO HostContext] Well known directory 'Actions': '/home/jenny/tensorflow-mri/actions-runner/_work/_actions'
[2025-03-13 21:52:48Z INFO ActionManifestManager] Ignore action property branding.
[2025-03-13 21:52:48Z INFO ActionManifestManager] Loaded action.yml file: {
  "name": "Open Journals PDF Generator",
  "description": "Create a draft PDF for an Open Journals paper",
  "inputs": {
    "type": 2,
    "map": [
      {
        "key": {
          "type": 0,
          "file": 3,
          "line": 4,
          "col": 3,
          "lit": "journal"
        },
        "value": {
          "type": 0,
          "file": 3,
          "line": 7,
          "col": 14,
          "lit": "joss"
        }
      },
      {
        "key": {
          "type": 0,
          "file": 3,
          "line": 8,
          "col": 3,
          "lit": "paper-path"
        },
        "value": {
          "type": 0,
          "file": 3,
          "line": 13,
          "col": 14,
          "lit": "paper.md"
        }
      }
    ]
  },
  "execution": {
    "executionType": "container",
    "hasPre": false,
    "hasPost": false,
    "image": "docker://tarleb/paperdraft:latest",
    "entryPoint": null,
    "arguments": {
      "type": 1,
      "file": 3,
      "line": 21,
      "col": 5,
      "seq": [
        {
          "type": 3,
          "file": 3,
          "line": 21,
          "col": 7,
          "expr": "inputs.paper-path"
        }
      ]
    },
    "environment": {
      "type": 2,
      "file": 3,
      "line": 18,
      "col": 5,
      "map": [
        {
          "key": {
            "type": 0,
            "file": 3,
            "line": 18,
            "col": 5,
            "lit": "GIT_SHA"
          },
          "value": {
            "type": 0,
            "file": 3,
            "line": 18,
            "col": 14,
            "lit": "$GITHUB_SHA"
          }
        },
        {
          "key": {
            "type": 0,
            "file": 3,
            "line": 19,
            "col": 5,
            "lit": "JOURNAL"
          },
          "value": {
            "type": 3,
            "file": 3,
            "line": 19,
            "col": 14,
            "expr": "inputs.journal"
          }
        }
      ]
    },
    "pre": null,
    "post": null,
    "cleanupCondition": "always()",
    "initCondition": "always()"
  },
  "deprecated": null
}
[2025-03-13 21:52:48Z INFO ActionManager] Action container Dockerfile/image: docker://tarleb/paperdraft:latest.
[2025-03-13 21:52:48Z INFO ActionManager] Action container args:  {
  "type": 1,
  "file": 3,
  "line": 21,
  "col": 5,
  "seq": [
    {
      "type": 3,
      "file": 3,
      "line": 21,
      "col": 7,
      "expr": "inputs.paper-path"
    }
  ]
}.
[2025-03-13 21:52:48Z INFO ActionManager] Action container env: {
  "type": 2,
  "file": 3,
  "line": 18,
  "col": 5,
  "map": [
    {
      "key": {
        "type": 0,
        "file": 3,
        "line": 18,
        "col": 5,
        "lit": "GIT_SHA"
      },
      "value": {
        "type": 0,
        "file": 3,
        "line": 18,
        "col": 14,
        "lit": "$GITHUB_SHA"
      }
    },
    {
      "key": {
        "type": 0,
        "file": 3,
        "line": 19,
        "col": 5,
        "lit": "JOURNAL"
      },
      "value": {
        "type": 3,
        "file": 3,
        "line": 19,
        "col": 14,
        "expr": "inputs.journal"
      }
    }
  ]
}.
[2025-03-13 21:52:48Z INFO ActionManager] Image 'docker://tarleb/paperdraft:latest' already built/pulled, use image: tarleb/paperdraft:latest.
[2025-03-13 21:52:48Z INFO HostContext] Well known directory 'Bin': '/home/jenny/tensorflow-mri/actions-runner/bin'
[2025-03-13 21:52:48Z INFO HostContext] Well known directory 'Root': '/home/jenny/tensorflow-mri/actions-runner'
[2025-03-13 21:52:48Z INFO HostContext] Well known directory 'Work': '/home/jenny/tensorflow-mri/actions-runner/_work'
[2025-03-13 21:52:48Z INFO HostContext] Well known directory 'Temp': '/home/jenny/tensorflow-mri/actions-runner/_work/_temp'
[2025-03-13 21:52:48Z INFO ExecutionContext] Write event payload to /home/jenny/tensorflow-mri/actions-runner/_work/_temp/_github_workflow/event.json
[2025-03-13 21:52:48Z INFO HostContext] Well known directory 'Bin': '/home/jenny/tensorflow-mri/actions-runner/bin'
[2025-03-13 21:52:48Z INFO HostContext] Well known directory 'Root': '/home/jenny/tensorflow-mri/actions-runner'
[2025-03-13 21:52:48Z INFO HostContext] Well known directory 'Work': '/home/jenny/tensorflow-mri/actions-runner/_work'
[2025-03-13 21:52:48Z INFO HostContext] Well known directory 'Temp': '/home/jenny/tensorflow-mri/actions-runner/_work/_temp'
[2025-03-13 21:52:48Z INFO ExtensionManager] Getting extensions for interface: 'GitHub.Runner.Worker.IFileCommandExtension'
[2025-03-13 21:52:48Z INFO ExtensionManager] Getting extensions for interface: 'GitHub.Runner.Worker.IActionCommandExtension'
[2025-03-13 21:52:48Z INFO ActionCommandManager] Register action command extension for command internal-set-repo-path
[2025-03-13 21:52:48Z INFO ActionCommandManager] Register action command extension for command set-env
[2025-03-13 21:52:48Z INFO ActionCommandManager] Register action command extension for command set-output
[2025-03-13 21:52:48Z INFO ActionCommandManager] Register action command extension for command save-state
[2025-03-13 21:52:48Z INFO ActionCommandManager] Register action command extension for command add-path
[2025-03-13 21:52:48Z INFO ActionCommandManager] Register action command extension for command add-mask
[2025-03-13 21:52:48Z INFO ActionCommandManager] Register action command extension for command add-matcher
[2025-03-13 21:52:48Z INFO ActionCommandManager] Register action command extension for command remove-matcher
[2025-03-13 21:52:48Z INFO ActionCommandManager] Register action command extension for command warning
[2025-03-13 21:52:48Z INFO ActionCommandManager] Register action command extension for command error
[2025-03-13 21:52:48Z INFO ActionCommandManager] Register action command extension for command notice
[2025-03-13 21:52:48Z INFO ActionCommandManager] Register action command extension for command debug
[2025-03-13 21:52:48Z INFO ActionCommandManager] Register action command extension for command group
[2025-03-13 21:52:48Z INFO ActionCommandManager] Register action command extension for command endgroup
[2025-03-13 21:52:48Z INFO ActionCommandManager] Register action command extension for command echo
[2025-03-13 21:52:48Z INFO ActionManifestManager] Arguments evaluate result: {
  "type": 1,
  "file": 3,
  "line": 21,
  "col": 5,
  "seq": [
    {
      "type": 0,
      "file": 3,
      "line": 21,
      "col": 7,
      "lit": "paper.md"
    }
  ]
}
[2025-03-13 21:52:48Z INFO ActionManifestManager] Add argument paper.md
[2025-03-13 21:52:48Z INFO ActionManifestManager] Environments evaluate result: {
  "type": 2,
  "file": 3,
  "line": 18,
  "col": 5,
  "map": [
    {
      "key": {
        "type": 0,
        "file": 3,
        "line": 18,
        "col": 5,
        "lit": "GIT_SHA"
      },
      "value": {
        "type": 0,
        "file": 3,
        "line": 18,
        "col": 14,
        "lit": "$GITHUB_SHA"
      }
    },
    {
      "key": {
        "type": 0,
        "file": 3,
        "line": 19,
        "col": 5,
        "lit": "JOURNAL"
      },
      "value": {
        "type": 0,
        "file": 3,
        "line": 19,
        "col": 14,
        "lit": "joss"
      }
    }
  ]
}
[2025-03-13 21:52:48Z INFO ActionManifestManager] Add env GIT_SHA = $GITHUB_SHA
[2025-03-13 21:52:48Z INFO ActionManifestManager] Add env JOURNAL = joss
[2025-03-13 21:52:48Z INFO HostContext] Well known directory 'Bin': '/home/jenny/tensorflow-mri/actions-runner/bin'
[2025-03-13 21:52:48Z INFO HostContext] Well known directory 'Root': '/home/jenny/tensorflow-mri/actions-runner'
[2025-03-13 21:52:48Z INFO HostContext] Well known directory 'Work': '/home/jenny/tensorflow-mri/actions-runner/_work'
[2025-03-13 21:52:48Z INFO HostContext] Well known directory 'Temp': '/home/jenny/tensorflow-mri/actions-runner/_work/_temp'
[2025-03-13 21:52:48Z INFO ProcessInvokerWrapper] Starting process:
[2025-03-13 21:52:48Z INFO ProcessInvokerWrapper]   File name: '/usr/bin/docker'
[2025-03-13 21:52:48Z INFO ProcessInvokerWrapper]   Arguments: 'run --name tarlebpaperdraftlatest_97f3ea --label b6156e --workdir /github/workspace --rm -e "INPUT_JOURNAL" -e "INPUT_PAPER-PATH" -e "GIT_SHA" -e "JOURNAL" -e "HOME" -e "GITHUB_JOB" -e "GITHUB_REF" -e "GITHUB_SHA" -e "GITHUB_REPOSITORY" -e "GITHUB_REPOSITORY_OWNER" -e "GITHUB_REPOSITORY_OWNER_ID" -e "GITHUB_RUN_ID" -e "GITHUB_RUN_NUMBER" -e "GITHUB_RETENTION_DAYS" -e "GITHUB_RUN_ATTEMPT" -e "GITHUB_ACTOR_ID" -e "GITHUB_ACTOR" -e "GITHUB_WORKFLOW" -e "GITHUB_HEAD_REF" -e "GITHUB_BASE_REF" -e "GITHUB_EVENT_NAME" -e "GITHUB_SERVER_URL" -e "GITHUB_API_URL" -e "GITHUB_GRAPHQL_URL" -e "GITHUB_REF_NAME" -e "GITHUB_REF_PROTECTED" -e "GITHUB_REF_TYPE" -e "GITHUB_WORKFLOW_REF" -e "GITHUB_WORKFLOW_SHA" -e "GITHUB_REPOSITORY_ID" -e "GITHUB_TRIGGERING_ACTOR" -e "GITHUB_WORKSPACE" -e "GITHUB_ACTION" -e "GITHUB_EVENT_PATH" -e "GITHUB_ACTION_REPOSITORY" -e "GITHUB_ACTION_REF" -e "GITHUB_PATH" -e "GITHUB_ENV" -e "GITHUB_STEP_SUMMARY" -e "GITHUB_STATE" -e "GITHUB_OUTPUT" -e "RUNNER_OS" -e "RUNNER_ARCH" -e "RUNNER_NAME" -e "RUNNER_ENVIRONMENT" -e "RUNNER_TOOL_CACHE" -e "RUNNER_TEMP" -e "RUNNER_WORKSPACE" -e "ACTIONS_RUNTIME_URL" -e "ACTIONS_RUNTIME_TOKEN" -e "ACTIONS_CACHE_URL" -e "ACTIONS_RESULTS_URL" -e GITHUB_ACTIONS=true -e CI=true -v "/var/run/docker.sock":"/var/run/docker.sock" -v "/home/jenny/tensorflow-mri/actions-runner/_work/_temp/_github_home":"/github/home" -v "/home/jenny/tensorflow-mri/actions-runner/_work/_temp/_github_workflow":"/github/workflow" -v "/home/jenny/tensorflow-mri/actions-runner/_work/_temp/_runner_file_commands":"/github/file_commands" -v "/home/jenny/tensorflow-mri/actions-runner/_work/tensorflow-mri/tensorflow-mri":"/github/workspace" tarleb/paperdraft:latest  "paper.md"'
[2025-03-13 21:52:48Z INFO ProcessInvokerWrapper]   Working directory: '/home/jenny/tensorflow-mri/actions-runner/_work/tensorflow-mri/tensorflow-mri'
[2025-03-13 21:52:48Z INFO ProcessInvokerWrapper]   Require exit code zero: 'False'
[2025-03-13 21:52:48Z INFO ProcessInvokerWrapper]   Encoding web name:  ; code page: ''
[2025-03-13 21:52:48Z INFO ProcessInvokerWrapper]   Force kill process on cancellation: 'False'
[2025-03-13 21:52:48Z INFO ProcessInvokerWrapper]   Redirected STDIN: 'False'
[2025-03-13 21:52:48Z INFO ProcessInvokerWrapper]   Persist current code page: 'False'
[2025-03-13 21:52:48Z INFO ProcessInvokerWrapper]   Keep redirected STDIN open: 'False'
[2025-03-13 21:52:48Z INFO ProcessInvokerWrapper]   High priority process: 'False'
[2025-03-13 21:52:48Z INFO ProcessInvokerWrapper] Updated oom_score_adj to 500 for PID: 2241458.
[2025-03-13 21:52:48Z INFO ProcessInvokerWrapper] Process started with process id 2241458, waiting for process exit.
[2025-03-13 21:52:48Z INFO JobServerQueue] Try to append 1 batches web console lines for record 'b31406ee-8769-4719-bb0d-0e0ebf480214', success rate: 1/1.
[2025-03-13 21:52:48Z INFO JobServerQueue] Try to append 1 batches web console lines for record '37dc807e-404e-4318-91f1-e119820d1d15', success rate: 1/1.
[2025-03-13 21:52:48Z INFO JobServerQueue] Got a step log file to send to results service.
[2025-03-13 21:52:48Z INFO JobServerQueue] Starting upload of step log file to results service ResultsLog, /home/jenny/tensorflow-mri/actions-runner/_diag/blocks/11b8a82b-824a-4f00-bdcf-7603e5737484_0fedf7e6-8753-4e53-a99f-34956a3545c3.1
[2025-03-13 21:52:49Z INFO JobServerQueue] Tried to upload 2 file(s) to results, success rate: 2/2.
[2025-03-13 21:52:49Z INFO JobServerQueue] Try to upload 1 log files or attachments, success rate: 1/1.
[2025-03-13 21:52:49Z INFO JobServerQueue] Try to append 6 batches web console lines for record '37dc807e-404e-4318-91f1-e119820d1d15', success rate: 6/6.
[2025-03-13 21:52:50Z INFO JobServerQueue] Got a step log file to send to results service.
[2025-03-13 21:52:50Z INFO JobServerQueue] Starting upload of step log file to results service ResultsLog, /home/jenny/tensorflow-mri/actions-runner/_diag/blocks/11b8a82b-824a-4f00-bdcf-7603e5737484_b31406ee-8769-4719-bb0d-0e0ebf480214.1
[2025-03-13 21:52:50Z INFO JobServerQueue] Tried to upload 1 file(s) to results, success rate: 1/1.
[2025-03-13 21:52:51Z INFO JobServerQueue] Try to append 3 batches web console lines for record '37dc807e-404e-4318-91f1-e119820d1d15', success rate: 3/3.
[2025-03-13 21:52:52Z INFO JobServerQueue] Try to append 3 batches web console lines for record '37dc807e-404e-4318-91f1-e119820d1d15', success rate: 3/3.
[2025-03-13 21:52:52Z INFO ProcessInvokerWrapper] STDOUT/STDERR stream read finished.
[2025-03-13 21:52:52Z INFO ProcessInvokerWrapper] STDOUT/STDERR stream read finished.
[2025-03-13 21:52:52Z INFO ProcessInvokerWrapper] Finished process 2241458 with exit code 0, and elapsed time 00:00:03.8132196.
[2025-03-13 21:52:52Z INFO CreateStepSummaryCommand] Step Summary file (/home/jenny/tensorflow-mri/actions-runner/_work/_temp/_runner_file_commands/step_summary_1dcc8b8c-b117-4ef2-83f7-12085022046b) is empty; skipping attachment upload
[2025-03-13 21:52:52Z INFO StepsRunner] Step result: 
[2025-03-13 21:52:52Z INFO ExecutionContext] Publish step telemetry for current step {
  "action": "openjournals/openjournals-draft-action",
  "ref": "v.1.0",
  "type": "Dockerfile",
  "stage": "Main",
  "stepId": "37dc807e-404e-4318-91f1-e119820d1d15",
  "stepContextName": "__openjournals_openjournals-draft-action",
  "hasPreStep": false,
  "hasPostStep": false,
  "result": "succeeded",
  "errorMessages": [],
  "executionTimeInSeconds": 4,
  "startTime": "2025-03-13T21:52:48.7329414Z",
  "finishTime": "2025-03-13T21:52:52.5637014Z"
}.
[2025-03-13 21:52:52Z INFO StepsRunner] No need for updating job result with current step result 'Succeeded'.
[2025-03-13 21:52:52Z INFO StepsRunner] Current state: job state = ''
[2025-03-13 21:52:52Z INFO StepsRunner] Processing step: DisplayName='Upload'
[2025-03-13 21:52:52Z INFO StepsRunner] Evaluating: success()
[2025-03-13 21:52:52Z INFO StepsRunner] Result: true
[2025-03-13 21:52:52Z INFO StepsRunner] Starting the step.
[2025-03-13 21:52:52Z INFO HostContext] Well known directory 'Bin': '/home/jenny/tensorflow-mri/actions-runner/bin'
[2025-03-13 21:52:52Z INFO HostContext] Well known directory 'Root': '/home/jenny/tensorflow-mri/actions-runner'
[2025-03-13 21:52:52Z INFO HostContext] Well known directory 'Work': '/home/jenny/tensorflow-mri/actions-runner/_work'
[2025-03-13 21:52:52Z INFO HostContext] Well known directory 'Actions': '/home/jenny/tensorflow-mri/actions-runner/_work/_actions'
[2025-03-13 21:52:52Z INFO ActionManager] Load action that reference repository from '/home/jenny/tensorflow-mri/actions-runner/_work/_actions/actions/upload-artifact/v4'
[2025-03-13 21:52:52Z INFO HostContext] Well known directory 'Bin': '/home/jenny/tensorflow-mri/actions-runner/bin'
[2025-03-13 21:52:52Z INFO HostContext] Well known directory 'Root': '/home/jenny/tensorflow-mri/actions-runner'
[2025-03-13 21:52:52Z INFO HostContext] Well known directory 'Work': '/home/jenny/tensorflow-mri/actions-runner/_work'
[2025-03-13 21:52:52Z INFO HostContext] Well known directory 'Actions': '/home/jenny/tensorflow-mri/actions-runner/_work/_actions'
[2025-03-13 21:52:52Z INFO ActionManifestManager] Ignore action property author.
[2025-03-13 21:52:52Z INFO ActionManifestManager] Loaded action.yml file: {
  "name": "Upload a Build Artifact",
  "description": "Upload a build artifact that can be used by subsequent workflow steps",
  "inputs": {
    "type": 2,
    "map": [
      {
        "key": {
          "type": 0,
          "file": 4,
          "line": 5,
          "col": 3,
          "lit": "name"
        },
        "value": {
          "type": 0,
          "file": 4,
          "line": 7,
          "col": 14,
          "lit": "artifact"
        }
      },
      {
        "key": {
          "type": 0,
          "file": 4,
          "line": 8,
          "col": 3,
          "lit": "path"
        },
        "value": ""
      },
      {
        "key": {
          "type": 0,
          "file": 4,
          "line": 11,
          "col": 3,
          "lit": "if-no-files-found"
        },
        "value": {
          "type": 0,
          "file": 4,
          "line": 19,
          "col": 14,
          "lit": "warn"
        }
      },
      {
        "key": {
          "type": 0,
          "file": 4,
          "line": 20,
          "col": 3,
          "lit": "retention-days"
        },
        "value": ""
      },
      {
        "key": {
          "type": 0,
          "file": 4,
          "line": 26,
          "col": 3,
          "lit": "compression-level"
        },
        "value": {
          "type": 0,
          "file": 4,
          "line": 36,
          "col": 14,
          "lit": "6"
        }
      },
      {
        "key": {
          "type": 0,
          "file": 4,
          "line": 37,
          "col": 3,
          "lit": "overwrite"
        },
        "value": {
          "type": 0,
          "file": 4,
          "line": 42,
          "col": 14,
          "lit": "false"
        }
      },
      {
        "key": {
          "type": 0,
          "file": 4,
          "line": 43,
          "col": 3,
          "lit": "include-hidden-files"
        },
        "value": {
          "type": 0,
          "file": 4,
          "line": 47,
          "col": 14,
          "lit": "false"
        }
      }
    ]
  },
  "execution": {
    "executionType": "nodeJS",
    "hasPre": false,
    "hasPost": false,
    "script": "dist/upload/index.js",
    "pre": null,
    "post": null,
    "nodeVersion": "node20",
    "cleanupCondition": "always()",
    "initCondition": "always()"
  },
  "deprecated": null
}
[2025-03-13 21:52:52Z INFO ActionManager] Action pre node.js file: N/A.
[2025-03-13 21:52:52Z INFO ActionManager] Action node.js file: dist/upload/index.js.
[2025-03-13 21:52:52Z INFO ActionManager] Action post node.js file: N/A.
[2025-03-13 21:52:52Z INFO HostContext] Well known directory 'Bin': '/home/jenny/tensorflow-mri/actions-runner/bin'
[2025-03-13 21:52:52Z INFO HostContext] Well known directory 'Root': '/home/jenny/tensorflow-mri/actions-runner'
[2025-03-13 21:52:52Z INFO HostContext] Well known directory 'Work': '/home/jenny/tensorflow-mri/actions-runner/_work'
[2025-03-13 21:52:52Z INFO HostContext] Well known directory 'Temp': '/home/jenny/tensorflow-mri/actions-runner/_work/_temp'
[2025-03-13 21:52:52Z INFO ExecutionContext] Write event payload to /home/jenny/tensorflow-mri/actions-runner/_work/_temp/_github_workflow/event.json
[2025-03-13 21:52:52Z INFO HostContext] Well known directory 'Bin': '/home/jenny/tensorflow-mri/actions-runner/bin'
[2025-03-13 21:52:52Z INFO HostContext] Well known directory 'Root': '/home/jenny/tensorflow-mri/actions-runner'
[2025-03-13 21:52:52Z INFO HostContext] Well known directory 'Work': '/home/jenny/tensorflow-mri/actions-runner/_work'
[2025-03-13 21:52:52Z INFO HostContext] Well known directory 'Temp': '/home/jenny/tensorflow-mri/actions-runner/_work/_temp'
[2025-03-13 21:52:52Z INFO ExtensionManager] Getting extensions for interface: 'GitHub.Runner.Worker.IFileCommandExtension'
[2025-03-13 21:52:52Z INFO ActionManifestManager] Input 'if-no-files-found': default value evaluate result: {
  "type": 0,
  "file": 4,
  "line": 19,
  "col": 14,
  "lit": "warn"
}
[2025-03-13 21:52:52Z INFO ActionManifestManager] Input 'retention-days': default value evaluate result: ""
[2025-03-13 21:52:52Z INFO ActionManifestManager] Input 'compression-level': default value evaluate result: {
  "type": 0,
  "file": 4,
  "line": 36,
  "col": 14,
  "lit": "6"
}
[2025-03-13 21:52:52Z INFO ActionManifestManager] Input 'overwrite': default value evaluate result: {
  "type": 0,
  "file": 4,
  "line": 42,
  "col": 14,
  "lit": "false"
}
[2025-03-13 21:52:52Z INFO ActionManifestManager] Input 'include-hidden-files': default value evaluate result: {
  "type": 0,
  "file": 4,
  "line": 47,
  "col": 14,
  "lit": "false"
}
[2025-03-13 21:52:52Z INFO ExtensionManager] Getting extensions for interface: 'GitHub.Runner.Worker.IActionCommandExtension'
[2025-03-13 21:52:52Z INFO ActionCommandManager] Register action command extension for command internal-set-repo-path
[2025-03-13 21:52:52Z INFO ActionCommandManager] Register action command extension for command set-env
[2025-03-13 21:52:52Z INFO ActionCommandManager] Register action command extension for command set-output
[2025-03-13 21:52:52Z INFO ActionCommandManager] Register action command extension for command save-state
[2025-03-13 21:52:52Z INFO ActionCommandManager] Register action command extension for command add-path
[2025-03-13 21:52:52Z INFO ActionCommandManager] Register action command extension for command add-mask
[2025-03-13 21:52:52Z INFO ActionCommandManager] Register action command extension for command add-matcher
[2025-03-13 21:52:52Z INFO ActionCommandManager] Register action command extension for command remove-matcher
[2025-03-13 21:52:52Z INFO ActionCommandManager] Register action command extension for command warning
[2025-03-13 21:52:52Z INFO ActionCommandManager] Register action command extension for command error
[2025-03-13 21:52:52Z INFO ActionCommandManager] Register action command extension for command notice
[2025-03-13 21:52:52Z INFO ActionCommandManager] Register action command extension for command debug
[2025-03-13 21:52:52Z INFO ActionCommandManager] Register action command extension for command group
[2025-03-13 21:52:52Z INFO ActionCommandManager] Register action command extension for command endgroup
[2025-03-13 21:52:52Z INFO ActionCommandManager] Register action command extension for command echo
[2025-03-13 21:52:52Z INFO HostContext] Well known directory 'Bin': '/home/jenny/tensorflow-mri/actions-runner/bin'
[2025-03-13 21:52:52Z INFO HostContext] Well known directory 'Root': '/home/jenny/tensorflow-mri/actions-runner'
[2025-03-13 21:52:52Z INFO HostContext] Well known directory 'Externals': '/home/jenny/tensorflow-mri/actions-runner/externals'
[2025-03-13 21:52:52Z INFO ProcessInvokerWrapper] Starting process:
[2025-03-13 21:52:52Z INFO ProcessInvokerWrapper]   File name: '/home/jenny/tensorflow-mri/actions-runner/externals/node20/bin/node'
[2025-03-13 21:52:52Z INFO ProcessInvokerWrapper]   Arguments: '"/home/jenny/tensorflow-mri/actions-runner/_work/_actions/actions/upload-artifact/v4/dist/upload/index.js"'
[2025-03-13 21:52:52Z INFO ProcessInvokerWrapper]   Working directory: '/home/jenny/tensorflow-mri/actions-runner/_work/tensorflow-mri/tensorflow-mri'
[2025-03-13 21:52:52Z INFO ProcessInvokerWrapper]   Require exit code zero: 'False'
[2025-03-13 21:52:52Z INFO ProcessInvokerWrapper]   Encoding web name:  ; code page: ''
[2025-03-13 21:52:52Z INFO ProcessInvokerWrapper]   Force kill process on cancellation: 'False'
[2025-03-13 21:52:52Z INFO ProcessInvokerWrapper]   Redirected STDIN: 'False'
[2025-03-13 21:52:52Z INFO ProcessInvokerWrapper]   Persist current code page: 'False'
[2025-03-13 21:52:52Z INFO ProcessInvokerWrapper]   Keep redirected STDIN open: 'False'
[2025-03-13 21:52:52Z INFO ProcessInvokerWrapper]   High priority process: 'False'
[2025-03-13 21:52:52Z INFO ProcessInvokerWrapper] Updated oom_score_adj to 500 for PID: 2241659.
[2025-03-13 21:52:52Z INFO ProcessInvokerWrapper] Process started with process id 2241659, waiting for process exit.
[2025-03-13 21:52:52Z INFO JobServerQueue] Try to append 1 batches web console lines for record 'ed751045-23f0-4ed7-a9f6-16d3f7709a9c', success rate: 1/1.
[2025-03-13 21:52:53Z INFO JobServerQueue] Try to upload 1 log files or attachments, success rate: 1/1.
[2025-03-13 21:52:53Z INFO JobServerQueue] Got a step log file to send to results service.
[2025-03-13 21:52:53Z INFO JobServerQueue] Starting upload of step log file to results service ResultsLog, /home/jenny/tensorflow-mri/actions-runner/_diag/blocks/11b8a82b-824a-4f00-bdcf-7603e5737484_37dc807e-404e-4318-91f1-e119820d1d15.1
[2025-03-13 21:52:53Z INFO JobServerQueue] Try to append 1 batches web console lines for record 'ed751045-23f0-4ed7-a9f6-16d3f7709a9c', success rate: 1/1.
[2025-03-13 21:52:53Z INFO JobServerQueue] Tried to upload 1 file(s) to results, success rate: 1/1.
[2025-03-13 21:52:54Z INFO JobServerQueue] Try to append 1 batches web console lines for record 'ed751045-23f0-4ed7-a9f6-16d3f7709a9c', success rate: 1/1.
[2025-03-13 21:52:54Z INFO ProcessInvokerWrapper] STDOUT/STDERR stream read finished.
[2025-03-13 21:52:54Z INFO ProcessInvokerWrapper] STDOUT/STDERR stream read finished.
[2025-03-13 21:52:54Z INFO ProcessInvokerWrapper] Finished process 2241659 with exit code 0, and elapsed time 00:00:02.0508049.
[2025-03-13 21:52:54Z INFO CreateStepSummaryCommand] Step Summary file (/home/jenny/tensorflow-mri/actions-runner/_work/_temp/_runner_file_commands/step_summary_128affda-2579-48b6-ad53-9442a1eb3809) is empty; skipping attachment upload
[2025-03-13 21:52:54Z INFO StepsRunner] Step result: 
[2025-03-13 21:52:54Z INFO ExecutionContext] Publish step telemetry for current step {
  "action": "actions/upload-artifact",
  "ref": "v4",
  "type": "node20",
  "stage": "Main",
  "stepId": "ed751045-23f0-4ed7-a9f6-16d3f7709a9c",
  "stepContextName": "__actions_upload-artifact",
  "hasPreStep": false,
  "hasPostStep": false,
  "result": "succeeded",
  "errorMessages": [],
  "executionTimeInSeconds": 3,
  "startTime": "2025-03-13T21:52:52.5643278Z",
  "finishTime": "2025-03-13T21:52:54.6202513Z"
}.
[2025-03-13 21:52:54Z INFO StepsRunner] No need for updating job result with current step result 'Succeeded'.
[2025-03-13 21:52:54Z INFO StepsRunner] Current state: job state = ''
[2025-03-13 21:52:54Z INFO StepsRunner] Processing step: DisplayName='Post Checkout'
[2025-03-13 21:52:54Z INFO StepsRunner] Evaluating: always()
[2025-03-13 21:52:54Z INFO StepsRunner] Result: true
[2025-03-13 21:52:54Z INFO StepsRunner] Starting the step.
[2025-03-13 21:52:54Z INFO HostContext] Well known directory 'Bin': '/home/jenny/tensorflow-mri/actions-runner/bin'
[2025-03-13 21:52:54Z INFO HostContext] Well known directory 'Root': '/home/jenny/tensorflow-mri/actions-runner'
[2025-03-13 21:52:54Z INFO HostContext] Well known directory 'Work': '/home/jenny/tensorflow-mri/actions-runner/_work'
[2025-03-13 21:52:54Z INFO HostContext] Well known directory 'Actions': '/home/jenny/tensorflow-mri/actions-runner/_work/_actions'
[2025-03-13 21:52:54Z INFO ActionManager] Load action that reference repository from '/home/jenny/tensorflow-mri/actions-runner/_work/_actions/actions/checkout/v4'
[2025-03-13 21:52:54Z INFO HostContext] Well known directory 'Bin': '/home/jenny/tensorflow-mri/actions-runner/bin'
[2025-03-13 21:52:54Z INFO HostContext] Well known directory 'Root': '/home/jenny/tensorflow-mri/actions-runner'
[2025-03-13 21:52:54Z INFO HostContext] Well known directory 'Work': '/home/jenny/tensorflow-mri/actions-runner/_work'
[2025-03-13 21:52:54Z INFO HostContext] Well known directory 'Actions': '/home/jenny/tensorflow-mri/actions-runner/_work/_actions'
[2025-03-13 21:52:54Z INFO ActionManifestManager] Loaded action.yml file: {
  "name": "Checkout",
  "description": "Checkout a Git repository at a particular version",
  "inputs": {
    "type": 2,
    "map": [
      {
        "key": {
          "type": 0,
          "file": 2,
          "line": 4,
          "col": 3,
          "lit": "repository"
        },
        "value": {
          "type": 3,
          "file": 2,
          "line": 6,
          "col": 14,
          "expr": "github.repository"
        }
      },
      {
        "key": {
          "type": 0,
          "file": 2,
          "line": 7,
          "col": 3,
          "lit": "ref"
        },
        "value": ""
      },
      {
        "key": {
          "type": 0,
          "file": 2,
          "line": 12,
          "col": 3,
          "lit": "token"
        },
        "value": {
          "type": 3,
          "file": 2,
          "line": 24,
          "col": 14,
          "expr": "github.token"
        }
      },
      {
        "key": {
          "type": 0,
          "file": 2,
          "line": 25,
          "col": 3,
          "lit": "ssh-key"
        },
        "value": ""
      },
      {
        "key": {
          "type": 0,
          "file": 2,
          "line": 37,
          "col": 3,
          "lit": "ssh-known-hosts"
        },
        "value": ""
      },
      {
        "key": {
          "type": 0,
          "file": 2,
          "line": 42,
          "col": 3,
          "lit": "ssh-strict"
        },
        "value": {
          "type": 0,
          "file": 2,
          "line": 47,
          "col": 14,
          "lit": "true"
        }
      },
      {
        "key": {
          "type": 0,
          "file": 2,
          "line": 48,
          "col": 3,
          "lit": "ssh-user"
        },
        "value": {
          "type": 0,
          "file": 2,
          "line": 51,
          "col": 14,
          "lit": "git"
        }
      },
      {
        "key": {
          "type": 0,
          "file": 2,
          "line": 52,
          "col": 3,
          "lit": "persist-credentials"
        },
        "value": {
          "type": 0,
          "file": 2,
          "line": 54,
          "col": 14,
          "lit": "true"
        }
      },
      {
        "key": {
          "type": 0,
          "file": 2,
          "line": 55,
          "col": 3,
          "lit": "path"
        },
        "value": ""
      },
      {
        "key": {
          "type": 0,
          "file": 2,
          "line": 57,
          "col": 3,
          "lit": "clean"
        },
        "value": {
          "type": 0,
          "file": 2,
          "line": 59,
          "col": 14,
          "lit": "true"
        }
      },
      {
        "key": {
          "type": 0,
          "file": 2,
          "line": 60,
          "col": 3,
          "lit": "filter"
        },
        "value": {
          "type": 0,
          "file": 2,
          "line": 64,
          "col": 14,
          "lit": ""
        }
      },
      {
        "key": {
          "type": 0,
          "file": 2,
          "line": 65,
          "col": 3,
          "lit": "sparse-checkout"
        },
        "value": {
          "type": 0,
          "file": 2,
          "line": 69,
          "col": 14,
          "lit": ""
        }
      },
      {
        "key": {
          "type": 0,
          "file": 2,
          "line": 70,
          "col": 3,
          "lit": "sparse-checkout-cone-mode"
        },
        "value": {
          "type": 0,
          "file": 2,
          "line": 73,
          "col": 14,
          "lit": "true"
        }
      },
      {
        "key": {
          "type": 0,
          "file": 2,
          "line": 74,
          "col": 3,
          "lit": "fetch-depth"
        },
        "value": {
          "type": 0,
          "file": 2,
          "line": 76,
          "col": 14,
          "lit": "1"
        }
      },
      {
        "key": {
          "type": 0,
          "file": 2,
          "line": 77,
          "col": 3,
          "lit": "fetch-tags"
        },
        "value": {
          "type": 0,
          "file": 2,
          "line": 79,
          "col": 14,
          "lit": "false"
        }
      },
      {
        "key": {
          "type": 0,
          "file": 2,
          "line": 80,
          "col": 3,
          "lit": "show-progress"
        },
        "value": {
          "type": 0,
          "file": 2,
          "line": 82,
          "col": 14,
          "lit": "true"
        }
      },
      {
        "key": {
          "type": 0,
          "file": 2,
          "line": 83,
          "col": 3,
          "lit": "lfs"
        },
        "value": {
          "type": 0,
          "file": 2,
          "line": 85,
          "col": 14,
          "lit": "false"
        }
      },
      {
        "key": {
          "type": 0,
          "file": 2,
          "line": 86,
          "col": 3,
          "lit": "submodules"
        },
        "value": {
          "type": 0,
          "file": 2,
          "line": 94,
          "col": 14,
          "lit": "false"
        }
      },
      {
        "key": {
          "type": 0,
          "file": 2,
          "line": 95,
          "col": 3,
          "lit": "set-safe-directory"
        },
        "value": {
          "type": 0,
          "file": 2,
          "line": 97,
          "col": 14,
          "lit": "true"
        }
      },
      {
        "key": {
          "type": 0,
          "file": 2,
          "line": 98,
          "col": 3,
          "lit": "github-server-url"
        },
        "value": ""
      }
    ]
  },
  "execution": {
    "executionType": "nodeJS",
    "hasPre": false,
    "hasPost": true,
    "script": "dist/index.js",
    "pre": null,
    "post": "dist/index.js",
    "nodeVersion": "node20",
    "cleanupCondition": "always()",
    "initCondition": "always()"
  },
  "deprecated": null
}
[2025-03-13 21:52:54Z INFO ActionManager] Action pre node.js file: N/A.
[2025-03-13 21:52:54Z INFO ActionManager] Action node.js file: dist/index.js.
[2025-03-13 21:52:54Z INFO ActionManager] Action post node.js file: dist/index.js.
[2025-03-13 21:52:54Z INFO HostContext] Well known directory 'Bin': '/home/jenny/tensorflow-mri/actions-runner/bin'
[2025-03-13 21:52:54Z INFO HostContext] Well known directory 'Root': '/home/jenny/tensorflow-mri/actions-runner'
[2025-03-13 21:52:54Z INFO HostContext] Well known directory 'Work': '/home/jenny/tensorflow-mri/actions-runner/_work'
[2025-03-13 21:52:54Z INFO HostContext] Well known directory 'Temp': '/home/jenny/tensorflow-mri/actions-runner/_work/_temp'
[2025-03-13 21:52:54Z INFO ExecutionContext] Write event payload to /home/jenny/tensorflow-mri/actions-runner/_work/_temp/_github_workflow/event.json
[2025-03-13 21:52:54Z INFO HostContext] Well known directory 'Bin': '/home/jenny/tensorflow-mri/actions-runner/bin'
[2025-03-13 21:52:54Z INFO HostContext] Well known directory 'Root': '/home/jenny/tensorflow-mri/actions-runner'
[2025-03-13 21:52:54Z INFO HostContext] Well known directory 'Work': '/home/jenny/tensorflow-mri/actions-runner/_work'
[2025-03-13 21:52:54Z INFO HostContext] Well known directory 'Temp': '/home/jenny/tensorflow-mri/actions-runner/_work/_temp'
[2025-03-13 21:52:54Z INFO ExtensionManager] Getting extensions for interface: 'GitHub.Runner.Worker.IFileCommandExtension'
[2025-03-13 21:52:54Z INFO ActionManifestManager] Input 'repository': default value evaluate result: {
  "type": 0,
  "file": 2,
  "line": 6,
  "col": 14,
  "lit": "mrphys/tensorflow-mri"
}
[2025-03-13 21:52:54Z INFO ActionManifestManager] Input 'ref': default value evaluate result: ""
[2025-03-13 21:52:54Z INFO ActionManifestManager] Input 'token': default value evaluate result: {
  "type": 0,
  "file": 2,
  "line": 24,
  "col": 14,
  "lit": "***"
}
[2025-03-13 21:52:54Z INFO ActionManifestManager] Input 'ssh-key': default value evaluate result: ""
[2025-03-13 21:52:54Z INFO ActionManifestManager] Input 'ssh-known-hosts': default value evaluate result: ""
[2025-03-13 21:52:54Z INFO ActionManifestManager] Input 'ssh-strict': default value evaluate result: {
  "type": 0,
  "file": 2,
  "line": 47,
  "col": 14,
  "lit": "true"
}
[2025-03-13 21:52:54Z INFO ActionManifestManager] Input 'ssh-user': default value evaluate result: {
  "type": 0,
  "file": 2,
  "line": 51,
  "col": 14,
  "lit": "git"
}
[2025-03-13 21:52:54Z INFO ActionManifestManager] Input 'persist-credentials': default value evaluate result: {
  "type": 0,
  "file": 2,
  "line": 54,
  "col": 14,
  "lit": "true"
}
[2025-03-13 21:52:54Z INFO ActionManifestManager] Input 'path': default value evaluate result: ""
[2025-03-13 21:52:54Z INFO ActionManifestManager] Input 'clean': default value evaluate result: {
  "type": 0,
  "file": 2,
  "line": 59,
  "col": 14,
  "lit": "true"
}
[2025-03-13 21:52:54Z INFO ActionManifestManager] Input 'filter': default value evaluate result: {
  "type": 0,
  "file": 2,
  "line": 64,
  "col": 14,
  "lit": ""
}
[2025-03-13 21:52:54Z INFO ActionManifestManager] Input 'sparse-checkout': default value evaluate result: {
  "type": 0,
  "file": 2,
  "line": 69,
  "col": 14,
  "lit": ""
}
[2025-03-13 21:52:54Z INFO ActionManifestManager] Input 'sparse-checkout-cone-mode': default value evaluate result: {
  "type": 0,
  "file": 2,
  "line": 73,
  "col": 14,
  "lit": "true"
}
[2025-03-13 21:52:54Z INFO ActionManifestManager] Input 'fetch-depth': default value evaluate result: {
  "type": 0,
  "file": 2,
  "line": 76,
  "col": 14,
  "lit": "1"
}
[2025-03-13 21:52:54Z INFO ActionManifestManager] Input 'fetch-tags': default value evaluate result: {
  "type": 0,
  "file": 2,
  "line": 79,
  "col": 14,
  "lit": "false"
}
[2025-03-13 21:52:54Z INFO ActionManifestManager] Input 'show-progress': default value evaluate result: {
  "type": 0,
  "file": 2,
  "line": 82,
  "col": 14,
  "lit": "true"
}
[2025-03-13 21:52:54Z INFO ActionManifestManager] Input 'lfs': default value evaluate result: {
  "type": 0,
  "file": 2,
  "line": 85,
  "col": 14,
  "lit": "false"
}
[2025-03-13 21:52:54Z INFO ActionManifestManager] Input 'submodules': default value evaluate result: {
  "type": 0,
  "file": 2,
  "line": 94,
  "col": 14,
  "lit": "false"
}
[2025-03-13 21:52:54Z INFO ActionManifestManager] Input 'set-safe-directory': default value evaluate result: {
  "type": 0,
  "file": 2,
  "line": 97,
  "col": 14,
  "lit": "true"
}
[2025-03-13 21:52:54Z INFO ActionManifestManager] Input 'github-server-url': default value evaluate result: ""
[2025-03-13 21:52:54Z INFO ExtensionManager] Getting extensions for interface: 'GitHub.Runner.Worker.IActionCommandExtension'
[2025-03-13 21:52:54Z INFO ActionCommandManager] Register action command extension for command internal-set-repo-path
[2025-03-13 21:52:54Z INFO ActionCommandManager] Register action command extension for command set-env
[2025-03-13 21:52:54Z INFO ActionCommandManager] Register action command extension for command set-output
[2025-03-13 21:52:54Z INFO ActionCommandManager] Register action command extension for command save-state
[2025-03-13 21:52:54Z INFO ActionCommandManager] Register action command extension for command add-path
[2025-03-13 21:52:54Z INFO ActionCommandManager] Register action command extension for command add-mask
[2025-03-13 21:52:54Z INFO ActionCommandManager] Register action command extension for command add-matcher
[2025-03-13 21:52:54Z INFO ActionCommandManager] Register action command extension for command remove-matcher
[2025-03-13 21:52:54Z INFO ActionCommandManager] Register action command extension for command warning
[2025-03-13 21:52:54Z INFO ActionCommandManager] Register action command extension for command error
[2025-03-13 21:52:54Z INFO ActionCommandManager] Register action command extension for command notice
[2025-03-13 21:52:54Z INFO ActionCommandManager] Register action command extension for command debug
[2025-03-13 21:52:54Z INFO ActionCommandManager] Register action command extension for command group
[2025-03-13 21:52:54Z INFO ActionCommandManager] Register action command extension for command endgroup
[2025-03-13 21:52:54Z INFO ActionCommandManager] Register action command extension for command echo
[2025-03-13 21:52:54Z INFO HostContext] Well known directory 'Bin': '/home/jenny/tensorflow-mri/actions-runner/bin'
[2025-03-13 21:52:54Z INFO HostContext] Well known directory 'Root': '/home/jenny/tensorflow-mri/actions-runner'
[2025-03-13 21:52:54Z INFO HostContext] Well known directory 'Externals': '/home/jenny/tensorflow-mri/actions-runner/externals'
[2025-03-13 21:52:54Z INFO ProcessInvokerWrapper] Starting process:
[2025-03-13 21:52:54Z INFO ProcessInvokerWrapper]   File name: '/home/jenny/tensorflow-mri/actions-runner/externals/node20/bin/node'
[2025-03-13 21:52:54Z INFO ProcessInvokerWrapper]   Arguments: '"/home/jenny/tensorflow-mri/actions-runner/_work/_actions/actions/checkout/v4/dist/index.js"'
[2025-03-13 21:52:54Z INFO ProcessInvokerWrapper]   Working directory: '/home/jenny/tensorflow-mri/actions-runner/_work/tensorflow-mri/tensorflow-mri'
[2025-03-13 21:52:54Z INFO ProcessInvokerWrapper]   Require exit code zero: 'False'
[2025-03-13 21:52:54Z INFO ProcessInvokerWrapper]   Encoding web name:  ; code page: ''
[2025-03-13 21:52:54Z INFO ProcessInvokerWrapper]   Force kill process on cancellation: 'False'
[2025-03-13 21:52:54Z INFO ProcessInvokerWrapper]   Redirected STDIN: 'False'
[2025-03-13 21:52:54Z INFO ProcessInvokerWrapper]   Persist current code page: 'False'
[2025-03-13 21:52:54Z INFO ProcessInvokerWrapper]   Keep redirected STDIN open: 'False'
[2025-03-13 21:52:54Z INFO ProcessInvokerWrapper]   High priority process: 'False'
[2025-03-13 21:52:54Z INFO ProcessInvokerWrapper] Updated oom_score_adj to 500 for PID: 2241674.
[2025-03-13 21:52:54Z INFO ProcessInvokerWrapper] Process started with process id 2241674, waiting for process exit.
[2025-03-13 21:52:54Z INFO AddMaskCommandExtension] Add new secret mask with length of 32
[2025-03-13 21:52:54Z INFO ProcessInvokerWrapper] STDOUT/STDERR stream read finished.
[2025-03-13 21:52:54Z INFO ProcessInvokerWrapper] STDOUT/STDERR stream read finished.
[2025-03-13 21:52:54Z INFO ProcessInvokerWrapper] Finished process 2241674 with exit code 0, and elapsed time 00:00:00.1412831.
[2025-03-13 21:52:54Z INFO CreateStepSummaryCommand] Step Summary file (/home/jenny/tensorflow-mri/actions-runner/_work/_temp/_runner_file_commands/step_summary_51084213-1a2c-4154-8ac2-9d0398fa83d8) is empty; skipping attachment upload
[2025-03-13 21:52:54Z INFO StepsRunner] Step result: 
[2025-03-13 21:52:54Z INFO ExecutionContext] Publish step telemetry for current step {
  "action": "actions/checkout",
  "ref": "v4",
  "type": "node20",
  "stage": "Post",
  "stepId": "9441ca5a-c593-4d5f-a1ee-340e8a18de41",
  "result": "succeeded",
  "errorMessages": [],
  "executionTimeInSeconds": 1,
  "startTime": "2025-03-13T21:52:54.6208427Z",
  "finishTime": "2025-03-13T21:52:54.7687799Z"
}.
[2025-03-13 21:52:54Z INFO StepsRunner] No need for updating job result with current step result 'Succeeded'.
[2025-03-13 21:52:54Z INFO StepsRunner] Current state: job state = ''
[2025-03-13 21:52:54Z INFO JobRunner] Finalize job.
[2025-03-13 21:52:54Z INFO HostContext] Well known directory 'Bin': '/home/jenny/tensorflow-mri/actions-runner/bin'
[2025-03-13 21:52:54Z INFO HostContext] Well known directory 'Root': '/home/jenny/tensorflow-mri/actions-runner'
[2025-03-13 21:52:54Z INFO HostContext] Well known directory 'Diag': '/home/jenny/tensorflow-mri/actions-runner/_diag'
[2025-03-13 21:52:54Z INFO HostContext] Well known directory 'Bin': '/home/jenny/tensorflow-mri/actions-runner/bin'
[2025-03-13 21:52:54Z INFO HostContext] Well known directory 'Root': '/home/jenny/tensorflow-mri/actions-runner'
[2025-03-13 21:52:54Z INFO HostContext] Well known directory 'Diag': '/home/jenny/tensorflow-mri/actions-runner/_diag'
[2025-03-13 21:52:54Z INFO JobExtension] Initialize Env context
[2025-03-13 21:52:54Z INFO JobExtension] Initialize steps context
[2025-03-13 21:52:54Z INFO JobServerQueue] Try to append 1 batches web console lines for record 'ed751045-23f0-4ed7-a9f6-16d3f7709a9c', success rate: 1/1.
[2025-03-13 21:52:54Z INFO JobServerQueue] Try to append 1 batches web console lines for record '9441ca5a-c593-4d5f-a1ee-340e8a18de41', success rate: 1/1.
[2025-03-13 21:52:54Z INFO JobServerQueue] Try to append 1 batches web console lines for record '23a0c21b-a596-4dfe-947e-7d4d9d04403f', success rate: 1/1.
[2025-03-13 21:52:54Z INFO JobExtension] Total accessible running process: 982.
[2025-03-13 21:52:54Z INFO JobExtension] Inspecting process environment variables. PID: 2109722 (kworker/26:2-events)
[2025-03-13 21:52:54Z INFO LinuxProcessExtensions] Read env from /proc/2109722/environ
[2025-03-13 21:52:54Z WARN JobExtension] Ignore exception during read process environment variables: Access to the path '/proc/2109722/environ' is denied.
[2025-03-13 21:52:54Z INFO JobExtension] Inspecting process environment variables. PID: 2113380 (kworker/22:1-rcu_par_gp)
[2025-03-13 21:52:54Z INFO LinuxProcessExtensions] Read env from /proc/2113380/environ
[2025-03-13 21:52:54Z WARN JobExtension] Ignore exception during read process environment variables: Access to the path '/proc/2113380/environ' is denied.
[2025-03-13 21:52:54Z INFO JobExtension] Inspecting process environment variables. PID: 2120494 (kworker/25:1-mm_percpu_wq)
[2025-03-13 21:52:54Z INFO LinuxProcessExtensions] Read env from /proc/2120494/environ
[2025-03-13 21:52:54Z WARN JobExtension] Ignore exception during read process environment variables: Access to the path '/proc/2120494/environ' is denied.
[2025-03-13 21:52:54Z INFO JobExtension] Inspecting process environment variables. PID: 2120925 (kworker/22:2-rcu_par_gp)
[2025-03-13 21:52:54Z INFO LinuxProcessExtensions] Read env from /proc/2120925/environ
[2025-03-13 21:52:54Z WARN JobExtension] Ignore exception during read process environment variables: Access to the path '/proc/2120925/environ' is denied.
[2025-03-13 21:52:54Z INFO JobExtension] Inspecting process environment variables. PID: 2130459 (kworker/31:0-events)
[2025-03-13 21:52:54Z INFO LinuxProcessExtensions] Read env from /proc/2130459/environ
[2025-03-13 21:52:54Z WARN JobExtension] Ignore exception during read process environment variables: Access to the path '/proc/2130459/environ' is denied.
[2025-03-13 21:52:54Z INFO JobExtension] Inspecting process environment variables. PID: 2182568 (kworker/27:1-events)
[2025-03-13 21:52:54Z INFO LinuxProcessExtensions] Read env from /proc/2182568/environ
[2025-03-13 21:52:54Z WARN JobExtension] Ignore exception during read process environment variables: Access to the path '/proc/2182568/environ' is denied.
[2025-03-13 21:52:54Z INFO JobExtension] Inspecting process environment variables. PID: 2186520 (kworker/15:1-rcu_par_gp)
[2025-03-13 21:52:54Z INFO LinuxProcessExtensions] Read env from /proc/2186520/environ
[2025-03-13 21:52:54Z WARN JobExtension] Ignore exception during read process environment variables: Access to the path '/proc/2186520/environ' is denied.
[2025-03-13 21:52:54Z INFO JobExtension] Inspecting process environment variables. PID: 2187231 (kworker/34:1-mm_percpu_wq)
[2025-03-13 21:52:54Z INFO LinuxProcessExtensions] Read env from /proc/2187231/environ
[2025-03-13 21:52:54Z WARN JobExtension] Ignore exception during read process environment variables: Access to the path '/proc/2187231/environ' is denied.
[2025-03-13 21:52:54Z INFO JobExtension] Inspecting process environment variables. PID: 2195566 (kworker/21:1-rcu_par_gp)
[2025-03-13 21:52:54Z INFO LinuxProcessExtensions] Read env from /proc/2195566/environ
[2025-03-13 21:52:54Z WARN JobExtension] Ignore exception during read process environment variables: Access to the path '/proc/2195566/environ' is denied.
[2025-03-13 21:52:54Z INFO JobExtension] Inspecting process environment variables. PID: 2228198 (kworker/16:0-rcu_par_gp)
[2025-03-13 21:52:54Z INFO LinuxProcessExtensions] Read env from /proc/2228198/environ
[2025-03-13 21:52:54Z WARN JobExtension] Ignore exception during read process environment variables: Access to the path '/proc/2228198/environ' is denied.
[2025-03-13 21:52:54Z INFO JobExtension] Inspecting process environment variables. PID: 2228205 (kworker/28:2-mm_percpu_wq)
[2025-03-13 21:52:54Z INFO LinuxProcessExtensions] Read env from /proc/2228205/environ
[2025-03-13 21:52:54Z WARN JobExtension] Ignore exception during read process environment variables: Access to the path '/proc/2228205/environ' is denied.
[2025-03-13 21:52:54Z INFO JobExtension] Inspecting process environment variables. PID: 2230902 (kworker/u72:1-events_unbound)
[2025-03-13 21:52:54Z INFO LinuxProcessExtensions] Read env from /proc/2230902/environ
[2025-03-13 21:52:54Z WARN JobExtension] Ignore exception during read process environment variables: Access to the path '/proc/2230902/environ' is denied.
[2025-03-13 21:52:54Z INFO JobExtension] Inspecting process environment variables. PID: 2235548 (kworker/14:0-events)
[2025-03-13 21:52:54Z INFO LinuxProcessExtensions] Read env from /proc/2235548/environ
[2025-03-13 21:52:54Z WARN JobExtension] Ignore exception during read process environment variables: Access to the path '/proc/2235548/environ' is denied.
[2025-03-13 21:52:54Z INFO JobExtension] Inspecting process environment variables. PID: 2236316 (kworker/u72:3-flush-259:0)
[2025-03-13 21:52:54Z INFO LinuxProcessExtensions] Read env from /proc/2236316/environ
[2025-03-13 21:52:54Z WARN JobExtension] Ignore exception during read process environment variables: Access to the path '/proc/2236316/environ' is denied.
[2025-03-13 21:52:54Z INFO JobExtension] Inspecting process environment variables. PID: 2236485 (kworker/3:1-events)
[2025-03-13 21:52:54Z INFO LinuxProcessExtensions] Read env from /proc/2236485/environ
[2025-03-13 21:52:54Z WARN JobExtension] Ignore exception during read process environment variables: Access to the path '/proc/2236485/environ' is denied.
[2025-03-13 21:52:54Z INFO JobExtension] Inspecting process environment variables. PID: 2236526 (kworker/6:1-rcu_gp)
[2025-03-13 21:52:54Z INFO LinuxProcessExtensions] Read env from /proc/2236526/environ
[2025-03-13 21:52:54Z WARN JobExtension] Ignore exception during read process environment variables: Access to the path '/proc/2236526/environ' is denied.
[2025-03-13 21:52:54Z INFO JobExtension] Inspecting process environment variables. PID: 2236601 (kworker/8:2-mm_percpu_wq)
[2025-03-13 21:52:54Z INFO LinuxProcessExtensions] Read env from /proc/2236601/environ
[2025-03-13 21:52:54Z WARN JobExtension] Ignore exception during read process environment variables: Access to the path '/proc/2236601/environ' is denied.
[2025-03-13 21:52:54Z INFO JobExtension] Inspecting process environment variables. PID: 2236681 (kworker/2:2-rcu_par_gp)
[2025-03-13 21:52:54Z INFO LinuxProcessExtensions] Read env from /proc/2236681/environ
[2025-03-13 21:52:54Z WARN JobExtension] Ignore exception during read process environment variables: Access to the path '/proc/2236681/environ' is denied.
[2025-03-13 21:52:54Z INFO JobExtension] Inspecting process environment variables. PID: 2237818 (kworker/15:0-events)
[2025-03-13 21:52:54Z INFO LinuxProcessExtensions] Read env from /proc/2237818/environ
[2025-03-13 21:52:54Z WARN JobExtension] Ignore exception during read process environment variables: Access to the path '/proc/2237818/environ' is denied.
[2025-03-13 21:52:54Z INFO JobExtension] Inspecting process environment variables. PID: 2237936 (kworker/4:1-rcu_gp)
[2025-03-13 21:52:54Z INFO LinuxProcessExtensions] Read env from /proc/2237936/environ
[2025-03-13 21:52:54Z WARN JobExtension] Ignore exception during read process environment variables: Access to the path '/proc/2237936/environ' is denied.
[2025-03-13 21:52:54Z INFO JobExtension] Inspecting process environment variables. PID: 2237942 (kworker/12:0-rcu_gp)
[2025-03-13 21:52:54Z INFO LinuxProcessExtensions] Read env from /proc/2237942/environ
[2025-03-13 21:52:54Z WARN JobExtension] Ignore exception during read process environment variables: Access to the path '/proc/2237942/environ' is denied.
[2025-03-13 21:52:54Z INFO JobExtension] Inspecting process environment variables. PID: 2237950 (kworker/11:2-events)
[2025-03-13 21:52:54Z INFO LinuxProcessExtensions] Read env from /proc/2237950/environ
[2025-03-13 21:52:54Z WARN JobExtension] Ignore exception during read process environment variables: Access to the path '/proc/2237950/environ' is denied.
[2025-03-13 21:52:54Z INFO JobExtension] Inspecting process environment variables. PID: 2237965 (kworker/0:1-events)
[2025-03-13 21:52:54Z INFO LinuxProcessExtensions] Read env from /proc/2237965/environ
[2025-03-13 21:52:54Z WARN JobExtension] Ignore exception during read process environment variables: Access to the path '/proc/2237965/environ' is denied.
[2025-03-13 21:52:54Z INFO JobExtension] Inspecting process environment variables. PID: 2237975 (kworker/1:2-events)
[2025-03-13 21:52:54Z INFO LinuxProcessExtensions] Read env from /proc/2237975/environ
[2025-03-13 21:52:54Z WARN JobExtension] Ignore exception during read process environment variables: Access to the path '/proc/2237975/environ' is denied.
[2025-03-13 21:52:54Z INFO JobExtension] Inspecting process environment variables. PID: 2237980 (kworker/3:2-events)
[2025-03-13 21:52:54Z INFO LinuxProcessExtensions] Read env from /proc/2237980/environ
[2025-03-13 21:52:54Z WARN JobExtension] Ignore exception during read process environment variables: Access to the path '/proc/2237980/environ' is denied.
[2025-03-13 21:52:54Z INFO JobExtension] Inspecting process environment variables. PID: 2238161 (kworker/10:0-events)
[2025-03-13 21:52:54Z INFO LinuxProcessExtensions] Read env from /proc/2238161/environ
[2025-03-13 21:52:54Z WARN JobExtension] Ignore exception during read process environment variables: Access to the path '/proc/2238161/environ' is denied.
[2025-03-13 21:52:54Z INFO JobExtension] Inspecting process environment variables. PID: 2241468 (kworker/16:2-rcu_par_gp)
[2025-03-13 21:52:54Z INFO LinuxProcessExtensions] Read env from /proc/2241468/environ
[2025-03-13 21:52:54Z WARN JobExtension] Ignore exception during read process environment variables: Access to the path '/proc/2241468/environ' is denied.
[2025-03-13 21:52:54Z INFO JobExtension] Inspecting process environment variables. PID: 2241469 (kworker/1:0)
[2025-03-13 21:52:54Z INFO LinuxProcessExtensions] Read env from /proc/2241469/environ
[2025-03-13 21:52:54Z WARN JobExtension] Ignore exception during read process environment variables: Access to the path '/proc/2241469/environ' is denied.
[2025-03-13 21:52:54Z INFO JobExtension] Inspecting process environment variables. PID: 2241471 (kworker/21:2-rcu_par_gp)
[2025-03-13 21:52:54Z INFO LinuxProcessExtensions] Read env from /proc/2241471/environ
[2025-03-13 21:52:54Z WARN JobExtension] Ignore exception during read process environment variables: Access to the path '/proc/2241471/environ' is denied.
[2025-03-13 21:52:54Z INFO JobExtension] Inspecting process environment variables. PID: 2241473 (kworker/6:0-mm_percpu_wq)
[2025-03-13 21:52:54Z INFO LinuxProcessExtensions] Read env from /proc/2241473/environ
[2025-03-13 21:52:54Z WARN JobExtension] Ignore exception during read process environment variables: Access to the path '/proc/2241473/environ' is denied.
[2025-03-13 21:52:54Z INFO JobExtension] Inspecting process environment variables. PID: 2241577 (kworker/4:0-rcu_par_gp)
[2025-03-13 21:52:54Z INFO LinuxProcessExtensions] Read env from /proc/2241577/environ
[2025-03-13 21:52:54Z WARN JobExtension] Ignore exception during read process environment variables: Access to the path '/proc/2241577/environ' is denied.
[2025-03-13 21:52:54Z INFO JobExtension] Inspecting process environment variables. PID: 2241597 (kworker/7:0-rcu_par_gp)
[2025-03-13 21:52:54Z INFO LinuxProcessExtensions] Read env from /proc/2241597/environ
[2025-03-13 21:52:54Z WARN JobExtension] Ignore exception during read process environment variables: Access to the path '/proc/2241597/environ' is denied.
[2025-03-13 21:52:54Z INFO JobExtension] Inspecting process environment variables. PID: 2241629 (kworker/2:0-events)
[2025-03-13 21:52:54Z INFO LinuxProcessExtensions] Read env from /proc/2241629/environ
[2025-03-13 21:52:54Z WARN JobExtension] Ignore exception during read process environment variables: Access to the path '/proc/2241629/environ' is denied.
[2025-03-13 21:52:54Z INFO JobExtension] Inspecting process environment variables. PID: 2241630 (kworker/3:0-events)
[2025-03-13 21:52:54Z INFO LinuxProcessExtensions] Read env from /proc/2241630/environ
[2025-03-13 21:52:54Z WARN JobExtension] Ignore exception during read process environment variables: Access to the path '/proc/2241630/environ' is denied.
[2025-03-13 21:52:54Z INFO JobExtension] Inspecting process environment variables. PID: 2241648 (kworker/13:2-events)
[2025-03-13 21:52:54Z INFO LinuxProcessExtensions] Read env from /proc/2241648/environ
[2025-03-13 21:52:54Z WARN JobExtension] Ignore exception during read process environment variables: Access to the path '/proc/2241648/environ' is denied.
[2025-03-13 21:52:54Z INFO JobExtension] Inspecting process environment variables. PID: 2241649 (kworker/12:2-events)
[2025-03-13 21:52:54Z INFO LinuxProcessExtensions] Read env from /proc/2241649/environ
[2025-03-13 21:52:54Z WARN JobExtension] Ignore exception during read process environment variables: Access to the path '/proc/2241649/environ' is denied.
[2025-03-13 21:52:54Z INFO JobExtension] Inspecting process environment variables. PID: 2241651 (systemd-udevd)
[2025-03-13 21:52:54Z INFO LinuxProcessExtensions] Read env from /proc/2241651/environ
[2025-03-13 21:52:54Z WARN JobExtension] Ignore exception during read process environment variables: Access to the path '/proc/2241651/environ' is denied.
[2025-03-13 21:52:54Z INFO JobExtension] Inspecting process environment variables. PID: 2241653 (kworker/13:3-rcu_par_gp)
[2025-03-13 21:52:54Z INFO LinuxProcessExtensions] Read env from /proc/2241653/environ
[2025-03-13 21:52:54Z WARN JobExtension] Ignore exception during read process environment variables: Access to the path '/proc/2241653/environ' is denied.
[2025-03-13 21:52:54Z INFO JobExtension] Inspecting process environment variables. PID: 2241656 (systemd-udevd)
[2025-03-13 21:52:54Z INFO LinuxProcessExtensions] Read env from /proc/2241656/environ
[2025-03-13 21:52:54Z WARN JobExtension] Ignore exception during read process environment variables: Access to the path '/proc/2241656/environ' is denied.
[2025-03-13 21:52:54Z INFO JobExtension] Inspecting process environment variables. PID: 2241657 (systemd-udevd)
[2025-03-13 21:52:54Z INFO LinuxProcessExtensions] Read env from /proc/2241657/environ
[2025-03-13 21:52:54Z WARN JobExtension] Ignore exception during read process environment variables: Access to the path '/proc/2241657/environ' is denied.
[2025-03-13 21:52:54Z INFO JobExtension] Inspecting process environment variables. PID: 2241658 (systemd-udevd)
[2025-03-13 21:52:54Z INFO LinuxProcessExtensions] Read env from /proc/2241658/environ
[2025-03-13 21:52:54Z WARN JobExtension] Ignore exception during read process environment variables: Access to the path '/proc/2241658/environ' is denied.
[2025-03-13 21:52:54Z INFO JobExtension] Inspecting process environment variables. PID: 2241666 (kworker/22:0-mm_percpu_wq)
[2025-03-13 21:52:54Z INFO LinuxProcessExtensions] Read env from /proc/2241666/environ
[2025-03-13 21:52:54Z WARN JobExtension] Ignore exception during read process environment variables: Access to the path '/proc/2241666/environ' is denied.
[2025-03-13 21:52:54Z INFO JobExtension] Inspecting process environment variables. PID: 2241667 (kworker/15:2-events)
[2025-03-13 21:52:54Z INFO LinuxProcessExtensions] Read env from /proc/2241667/environ
[2025-03-13 21:52:54Z WARN JobExtension] Ignore exception during read process environment variables: Access to the path '/proc/2241667/environ' is denied.
[2025-03-13 21:52:54Z INFO JobExtension] Inspecting process environment variables. PID: 2241673 (sleep)
[2025-03-13 21:52:54Z INFO LinuxProcessExtensions] Read env from /proc/2241673/environ
[2025-03-13 21:52:54Z WARN JobExtension] Ignore exception during read process environment variables: Access to the path '/proc/2241673/environ' is denied.
[2025-03-13 21:52:54Z INFO ExecutionContext] Publish step telemetry for current step {
  "action": "complete_job",
  "type": "runner",
  "stage": "Post",
  "stepId": "23a0c21b-a596-4dfe-947e-7d4d9d04403f",
  "result": "succeeded",
  "errorMessages": [],
  "executionTimeInSeconds": 1,
  "startTime": "2025-03-13T21:52:54.7729491Z",
  "finishTime": "2025-03-13T21:52:54.8892356Z"
}.
[2025-03-13 21:52:54Z INFO JobRunner] Job result after all job steps finish: Succeeded
[2025-03-13 21:52:54Z INFO JobRunner] Completing the job execution context.
[2025-03-13 21:52:54Z INFO JobRunner] Shutting down the job server queue.
[2025-03-13 21:52:54Z INFO JobServerQueue] Fire signal to shutdown all queues.
[2025-03-13 21:52:55Z INFO JobServerQueue] All queue process task stopped.
[2025-03-13 21:52:55Z INFO JobServerQueue] Web console line queue drained.
[2025-03-13 21:52:55Z INFO JobServerQueue] Uploading 4 files in one shot.
[2025-03-13 21:52:55Z INFO JobServerQueue] Try to upload 4 log files or attachments, success rate: 4/4.
[2025-03-13 21:52:55Z INFO JobServerQueue] File upload queue drained.
[2025-03-13 21:52:55Z INFO JobServerQueue] Starting results-based upload queue...
[2025-03-13 21:52:55Z INFO JobServerQueue] Uploading 4 file(s) in one shot through results service.
[2025-03-13 21:52:55Z INFO JobServerQueue] Got a step log file to send to results service.
[2025-03-13 21:52:55Z INFO JobServerQueue] Starting upload of step log file to results service ResultsLog, /home/jenny/tensorflow-mri/actions-runner/_diag/blocks/11b8a82b-824a-4f00-bdcf-7603e5737484_ed751045-23f0-4ed7-a9f6-16d3f7709a9c.1
[2025-03-13 21:52:55Z INFO JobServerQueue] Got a step log file to send to results service.
[2025-03-13 21:52:55Z INFO JobServerQueue] Starting upload of step log file to results service ResultsLog, /home/jenny/tensorflow-mri/actions-runner/_diag/blocks/11b8a82b-824a-4f00-bdcf-7603e5737484_9441ca5a-c593-4d5f-a1ee-340e8a18de41.1
[2025-03-13 21:52:55Z INFO JobServerQueue] Got a step log file to send to results service.
[2025-03-13 21:52:55Z INFO JobServerQueue] Starting upload of step log file to results service ResultsLog, /home/jenny/tensorflow-mri/actions-runner/_diag/blocks/11b8a82b-824a-4f00-bdcf-7603e5737484_23a0c21b-a596-4dfe-947e-7d4d9d04403f.1
[2025-03-13 21:52:56Z INFO JobServerQueue] Got a job log file to send to results service.
[2025-03-13 21:52:56Z INFO JobServerQueue] Starting upload of job log file to results service ResultsLog, /home/jenny/tensorflow-mri/actions-runner/_diag/blocks/11b8a82b-824a-4f00-bdcf-7603e5737484_daa3d1ac-8c74-5227-b164-1c1a18513e36.1
[2025-03-13 21:52:56Z INFO JobServerQueue] Tried to upload 4 file(s) to results, success rate: 4/4.
[2025-03-13 21:52:56Z INFO JobServerQueue] Results upload queue drained.
[2025-03-13 21:52:56Z INFO JobServerQueue] Timeline update queue drained.
[2025-03-13 21:52:56Z INFO JobServerQueue] Disposing job server ...
[2025-03-13 21:52:56Z INFO JobServerQueue] Disposing results server ...
[2025-03-13 21:52:56Z INFO JobServerQueue] All queue process tasks have been stopped, and all queues are drained.
[2025-03-13 21:52:56Z INFO TempDirectoryManager] Cleaning runner temp folder: /home/jenny/tensorflow-mri/actions-runner/_work/_temp
[2025-03-13 21:52:56Z INFO HostContext] Well known directory 'Bin': '/home/jenny/tensorflow-mri/actions-runner/bin'
[2025-03-13 21:52:56Z INFO HostContext] Well known directory 'Root': '/home/jenny/tensorflow-mri/actions-runner'
[2025-03-13 21:52:56Z INFO HostContext] Well known directory 'Diag': '/home/jenny/tensorflow-mri/actions-runner/_diag'
[2025-03-13 21:52:56Z INFO HostContext] Well known config file 'Telemetry': '/home/jenny/tensorflow-mri/actions-runner/_diag/.telemetry'
[2025-03-13 21:52:56Z INFO JobRunner] Raising job completed against run service
[2025-03-13 21:52:57Z INFO Worker] Job completed.
