[2025-03-19 12:43:28Z INFO HostContext] No proxy settings were found based on environmental variables (http_proxy/https_proxy/HTTP_PROXY/HTTPS_PROXY)
[2025-03-19 12:43:28Z INFO HostContext] Well known directory 'Bin': '/home/jenny/tensorflow-mri/actions-runner/bin'
[2025-03-19 12:43:28Z INFO HostContext] Well known directory 'Root': '/home/jenny/tensorflow-mri/actions-runner'
[2025-03-19 12:43:28Z INFO HostContext] Well known config file 'Credentials': '/home/jenny/tensorflow-mri/actions-runner/.credentials'
[2025-03-19 12:43:28Z INFO HostContext] Well known directory 'Bin': '/home/jenny/tensorflow-mri/actions-runner/bin'
[2025-03-19 12:43:28Z INFO HostContext] Well known directory 'Root': '/home/jenny/tensorflow-mri/actions-runner'
[2025-03-19 12:43:28Z INFO HostContext] Well known config file 'Runner': '/home/jenny/tensorflow-mri/actions-runner/.runner'
[2025-03-19 12:43:28Z INFO Worker] Version: 2.322.0
[2025-03-19 12:43:28Z INFO Worker] Commit: 0edc478ca75d0a753dcbcec7405f3f26db67b1ac
[2025-03-19 12:43:28Z INFO Worker] Culture: en-GB
[2025-03-19 12:43:28Z INFO Worker] UI Culture: en-GB
[2025-03-19 12:43:28Z INFO Worker] Waiting to receive the job message from the channel.
[2025-03-19 12:43:28Z INFO ProcessChannel] Receiving message of length 20932, with hash 'f14e42675a70bddcba15a3bf3adaad92a0cae0f7e9a73bb77e4a77ccedbf0d3f'
[2025-03-19 12:43:28Z INFO Worker] Message received.
[2025-03-19 12:43:28Z INFO Worker] Job message:
 {
  "fileTable": [
    ".github/workflows/build-package.yml"
  ],
  "mask": [
    {
      "type": "regex",
      "value": "***"
    },
    {
      "type": "regex",
      "value": "***"
    },
    {
      "type": "regex",
      "value": "***"
    },
    {
      "type": "regex",
      "value": "***"
    },
    {
      "type": "regex",
      "value": "***"
    },
    {
      "type": "regex",
      "value": "***"
    },
    {
      "type": "regex",
      "value": "***"
    },
    {
      "type": "regex",
      "value": "***"
    },
    {
      "type": "regex",
      "value": "***"
    },
    {
      "type": "regex",
      "value": "***"
    },
    {
      "type": "regex",
      "value": "***"
    },
    {
      "type": "regex",
      "value": "***"
    },
    {
      "type": "regex",
      "value": "***"
    },
    {
      "type": "regex",
      "value": "***"
    },
    {
      "type": "regex",
      "value": "***"
    },
    {
      "type": "regex",
      "value": "***"
    },
    {
      "type": "regex",
      "value": "***"
    },
    {
      "type": "regex",
      "value": "***"
    }
  ],
  "steps": [
    {
      "type": "action",
      "reference": {
        "type": "repository",
        "name": "actions/checkout",
        "ref": "v4",
        "repositoryType": "GitHub"
      },
      "displayNameToken": {
        "type": 0,
        "file": 1,
        "line": 183,
        "col": 15,
        "lit": "Checkout"
      },
      "contextName": "__actions_checkout",
      "condition": "success()",
      "id": "308fd2a6-6ca8-45a0-b4bb-dbec03d5cd75",
      "name": "__actions_checkout"
    },
    {
      "type": "action",
      "reference": {
        "type": "repository",
        "name": "openjournals/openjournals-draft-action",
        "ref": "v.1.0",
        "repositoryType": "GitHub"
      },
      "displayNameToken": {
        "type": 0,
        "file": 1,
        "line": 187,
        "col": 15,
        "lit": "Open Journals PDF Generator"
      },
      "contextName": "__openjournals_openjournals-draft-action",
      "inputs": {
        "type": 2,
        "file": 1,
        "line": 190,
        "col": 11,
        "map": [
          {
            "key": {
              "type": 0,
              "file": 1,
              "line": 190,
              "col": 11,
              "lit": "journal"
            },
            "value": {
              "type": 0,
              "file": 1,
              "line": 190,
              "col": 20,
              "lit": "joss"
            }
          },
          {
            "key": {
              "type": 0,
              "file": 1,
              "line": 192,
              "col": 11,
              "lit": "paper-path"
            },
            "value": {
              "type": 0,
              "file": 1,
              "line": 192,
              "col": 23,
              "lit": "paper.md"
            }
          }
        ]
      },
      "condition": "success()",
      "id": "22d59ed7-1870-45a2-a67d-0f4fb8530136",
      "name": "__openjournals_openjournals-draft-action"
    },
    {
      "type": "action",
      "reference": {
        "type": "repository",
        "name": "actions/upload-artifact",
        "ref": "v4",
        "repositoryType": "GitHub"
      },
      "displayNameToken": {
        "type": 0,
        "file": 1,
        "line": 193,
        "col": 15,
        "lit": "Upload"
      },
      "contextName": "__actions_upload-artifact",
      "inputs": {
        "type": 2,
        "file": 1,
        "line": 196,
        "col": 11,
        "map": [
          {
            "key": {
              "type": 0,
              "file": 1,
              "line": 196,
              "col": 11,
              "lit": "name"
            },
            "value": {
              "type": 0,
              "file": 1,
              "line": 196,
              "col": 17,
              "lit": "paper"
            }
          },
          {
            "key": {
              "type": 0,
              "file": 1,
              "line": 200,
              "col": 11,
              "lit": "path"
            },
            "value": {
              "type": 0,
              "file": 1,
              "line": 200,
              "col": 17,
              "lit": "paper.pdf"
            }
          }
        ]
      },
      "condition": "success()",
      "id": "d67b0cc6-ebcb-4924-8c50-2573ba1fd570",
      "name": "__actions_upload-artifact"
    }
  ],
  "variables": {
    "Actions.EnableHttpRedirects": {
      "value": "true"
    },
    "DistributedTask.AddWarningToNode12Action": {
      "value": "true"
    },
    "DistributedTask.AddWarningToNode16Action": {
      "value": "true"
    },
    "DistributedTask.AllowRunnerContainerHooks": {
      "value": "true"
    },
    "DistributedTask.DeprecateStepOutputCommands": {
      "value": "true"
    },
    "DistributedTask.DetailUntarFailure": {
      "value": "true"
    },
    "DistributedTask.EnableCompositeActions": {
      "value": "true"
    },
    "DistributedTask.EnableJobServerQueueTelemetry": {
      "value": "true"
    },
    "DistributedTask.EnhancedAnnotations": {
      "value": "true"
    },
    "DistributedTask.ForceGithubJavascriptActionsToNode16": {
      "value": "true"
    },
    "DistributedTask.ForceGithubJavascriptActionsToNode20": {
      "value": "true"
    },
    "DistributedTask.LogTemplateErrorsAsDebugMessages": {
      "value": "true"
    },
    "DistributedTask.MarkJobAsFailedOnWorkerCrash": {
      "value": "true"
    },
    "DistributedTask.NewActionMetadata": {
      "value": "true"
    },
    "DistributedTask.UploadStepSummary": {
      "value": "true"
    },
    "DistributedTask.UseActionArchiveCache": {
      "value": "true"
    },
    "DistributedTask.UseWhich2": {
      "value": "true"
    },
    "RunService.FixEmbeddedIssues": {
      "value": "true"
    },
    "actions_skip_retry_complete_job_upon_known_errors": {
      "value": "false"
    },
    "actions_uses_cache_service_v2": {
      "value": "true"
    },
    "github_token": {
      "value": "***",
      "isSecret": true
    },
    "system.from_run_service": {
      "value": "true"
    },
    "system.github.job": {
      "value": "paper"
    },
    "system.github.launch_endpoint": {
      "value": "https://launch.actions.githubusercontent.com"
    },
    "system.github.results_endpoint": {
      "value": "https://results-receiver.actions.githubusercontent.com/"
    },
    "system.github.results_upload_with_sdk": {
      "value": "true"
    },
    "system.github.token": {
      "value": "***",
      "isSecret": true
    },
    "system.github.token.permissions": {
      "value": "{\"Actions\":\"write\",\"Attestations\":\"write\",\"Checks\":\"write\",\"Contents\":\"write\",\"Deployments\":\"write\",\"Discussions\":\"write\",\"Issues\":\"write\",\"Metadata\":\"read\",\"Models\":\"read\",\"Packages\":\"write\",\"Pages\":\"write\",\"PullRequests\":\"write\",\"RepositoryProjects\":\"write\",\"SecurityEvents\":\"write\",\"Statuses\":\"write\"}"
    },
    "system.orchestrationId": {
      "value": "b3976377-3d73-4371-9101-528685db81e9.paper.__default"
    },
    "system.phaseDisplayName": {
      "value": "Paper Draft"
    },
    "system.runner.lowdiskspacethreshold": {
      "value": "100"
    },
    "system.runnerEnvironment": {
      "value": "self-hosted"
    }
  },
  "messageType": "RunnerJobRequest",
  "plan": {
    "scopeIdentifier": "00000000-0000-0000-0000-000000000000",
    "planType": "actions",
    "version": 0,
    "planId": "b3976377-3d73-4371-9101-528685db81e9",
    "planGroup": null,
    "artifactUri": null,
    "artifactLocation": null,
    "definition": null,
    "owner": null
  },
  "timeline": {
    "id": "b3976377-3d73-4371-9101-528685db81e9",
    "changeId": 0,
    "location": null
  },
  "jobId": "192e8edf-50f6-5ec3-baea-953e35899daa",
  "jobDisplayName": "Paper Draft",
  "jobName": "__default",
  "requestId": 0,
  "lockedUntil": "0001-01-01T00:00:00",
  "resources": {
    "endpoints": [
      {
        "data": {
          "ServerId": "",
          "ServerName": "",
          "CacheServerUrl": "https://acghubeus2.actions.githubusercontent.com/vt3bImj3043IXjYZVOBEgt9xtkc1LUzoh1ehrojRmktneQJqoL/",
          "FeedStreamUrl": "wss://results-receiver.actions.githubusercontent.com/_ws/ingest.sock",
          "ResultsServiceUrl": "https://results-receiver.actions.githubusercontent.com/",
          "PipelinesServiceUrl": "https://pipelinesghubeus25.actions.githubusercontent.com/vt3bImj3043IXjYZVOBEgt9xtkc1LUzoh1ehrojRmktneQJqoL/",
          "GenerateIdTokenUrl": ""
        },
        "name": "SystemVssConnection",
        "url": "https://run-actions-1-azure-eastus.actions.githubusercontent.com/23/",
        "authorization": {
          "parameters": {
            "AccessToken": "***"
          },
          "scheme": "OAuth"
        },
        "isShared": false,
        "isReady": true
      }
    ]
  },
  "contextData": {
    "github": {
      "t": 2,
      "d": [
        {
          "k": "ref",
          "v": "refs/heads/master"
        },
        {
          "k": "sha",
          "v": "5c27b3d425c145bf762976e86aa1597acb6c1438"
        },
        {
          "k": "repository",
          "v": "mrphys/tensorflow-mri"
        },
        {
          "k": "repository_owner",
          "v": "mrphys"
        },
        {
          "k": "repository_owner_id",
          "v": "53480519"
        },
        {
          "k": "repositoryUrl",
          "v": "git://github.com/mrphys/tensorflow-mri.git"
        },
        {
          "k": "run_id",
          "v": "13845500479"
        },
        {
          "k": "run_number",
          "v": "219"
        },
        {
          "k": "retention_days",
          "v": "90"
        },
        {
          "k": "run_attempt",
          "v": "4"
        },
        {
          "k": "artifact_cache_size_limit",
          "v": "10"
        },
        {
          "k": "repository_visibility",
          "v": "public"
        },
        {
          "k": "actor_id",
          "v": "53479871"
        },
        {
          "k": "actor",
          "v": "jennifersteeden"
        },
        {
          "k": "workflow",
          "v": "build"
        },
        {
          "k": "head_ref",
          "v": ""
        },
        {
          "k": "base_ref",
          "v": ""
        },
        {
          "k": "event_name",
          "v": "push"
        },
        {
          "k": "server_url",
          "v": "https://github.com"
        },
        {
          "k": "api_url",
          "v": "https://api.github.com"
        },
        {
          "k": "graphql_url",
          "v": "https://api.github.com/graphql"
        },
        {
          "k": "ref_name",
          "v": "master"
        },
        {
          "k": "ref_protected",
          "v": true
        },
        {
          "k": "ref_type",
          "v": "branch"
        },
        {
          "k": "secret_source",
          "v": "Actions"
        },
        {
          "k": "event",
          "v": {
            "t": 2,
            "d": [
              {
                "k": "after",
                "v": "5c27b3d425c145bf762976e86aa1597acb6c1438"
              },
              {
                "k": "base_ref",
                "v": null
              },
              {
                "k": "before",
                "v": "7afa6f5cce9d885aa123917ad970d91bc6a7bf16"
              },
              {
                "k": "commits",
                "v": {
                  "t": 1,
                  "a": [
                    {
                      "t": 2,
                      "d": [
                        {
                          "k": "author",
                          "v": {
                            "t": 2,
                            "d": [
                              {
                                "k": "email",
                                "v": "jennifer.steeden@ucl.ac.uk"
                              },
                              {
                                "k": "name",
                                "v": "jennifersteeden"
                              },
                              {
                                "k": "username",
                                "v": "jennifersteeden"
                              }
                            ]
                          }
                        },
                        {
                          "k": "committer",
                          "v": {
                            "t": 2,
                            "d": [
                              {
                                "k": "email",
                                "v": "jennifer.steeden@ucl.ac.uk"
                              },
                              {
                                "k": "name",
                                "v": "jennifersteeden"
                              },
                              {
                                "k": "username",
                                "v": "jennifersteeden"
                              }
                            ]
                          }
                        },
                        {
                          "k": "distinct",
                          "v": true
                        },
                        {
                          "k": "id",
                          "v": "5c27b3d425c145bf762976e86aa1597acb6c1438"
                        },
                        {
                          "k": "message",
                          "v": "removed lfs: true in yml"
                        },
                        {
                          "k": "timestamp",
                          "v": "2025-03-13T22:04:42Z"
                        },
                        {
                          "k": "tree_id",
                          "v": "ef3387a56fbc37b750253bc165fb0388933f147d"
                        },
                        {
                          "k": "url",
                          "v": "https://github.com/mrphys/tensorflow-mri/commit/5c27b3d425c145bf762976e86aa1597acb6c1438"
                        }
                      ]
                    }
                  ]
                }
              },
              {
                "k": "compare",
                "v": "https://github.com/mrphys/tensorflow-mri/compare/7afa6f5cce9d...5c27b3d425c1"
              },
              {
                "k": "created",
                "v": false
              },
              {
                "k": "deleted",
                "v": false
              },
              {
                "k": "forced",
                "v": false
              },
              {
                "k": "head_commit",
                "v": {
                  "t": 2,
                  "d": [
                    {
                      "k": "author",
                      "v": {
                        "t": 2,
                        "d": [
                          {
                            "k": "email",
                            "v": "jennifer.steeden@ucl.ac.uk"
                          },
                          {
                            "k": "name",
                            "v": "jennifersteeden"
                          },
                          {
                            "k": "username",
                            "v": "jennifersteeden"
                          }
                        ]
                      }
                    },
                    {
                      "k": "committer",
                      "v": {
                        "t": 2,
                        "d": [
                          {
                            "k": "email",
                            "v": "jennifer.steeden@ucl.ac.uk"
                          },
                          {
                            "k": "name",
                            "v": "jennifersteeden"
                          },
                          {
                            "k": "username",
                            "v": "jennifersteeden"
                          }
                        ]
                      }
                    },
                    {
                      "k": "distinct",
                      "v": true
                    },
                    {
                      "k": "id",
                      "v": "5c27b3d425c145bf762976e86aa1597acb6c1438"
                    },
                    {
                      "k": "message",
                      "v": "removed lfs: true in yml"
                    },
                    {
                      "k": "timestamp",
                      "v": "2025-03-13T22:04:42Z"
                    },
                    {
                      "k": "tree_id",
                      "v": "ef3387a56fbc37b750253bc165fb0388933f147d"
                    },
                    {
                      "k": "url",
                      "v": "https://github.com/mrphys/tensorflow-mri/commit/5c27b3d425c145bf762976e86aa1597acb6c1438"
                    }
                  ]
                }
              },
              {
                "k": "organization",
                "v": {
                  "t": 2,
                  "d": [
                    {
                      "k": "avatar_url",
                      "v": "https://avatars.githubusercontent.com/u/53480519?v=4"
                    },
                    {
                      "k": "description",
                      "v": ""
                    },
                    {
                      "k": "events_url",
                      "v": "https://api.github.com/orgs/mrphys/events"
                    },
                    {
                      "k": "hooks_url",
                      "v": "https://api.github.com/orgs/mrphys/hooks"
                    },
                    {
                      "k": "id",
                      "v": 53480519.0
                    },
                    {
                      "k": "issues_url",
                      "v": "https://api.github.com/orgs/mrphys/issues"
                    },
                    {
                      "k": "login",
                      "v": "mrphys"
                    },
                    {
                      "k": "members_url",
                      "v": "https://api.github.com/orgs/mrphys/members{/member}"
                    },
                    {
                      "k": "node_id",
                      "v": "MDEyOk9yZ2FuaXphdGlvbjUzNDgwNTE5"
                    },
                    {
                      "k": "public_members_url",
                      "v": "https://api.github.com/orgs/mrphys/public_members{/member}"
                    },
                    {
                      "k": "repos_url",
                      "v": "https://api.github.com/orgs/mrphys/repos"
                    },
                    {
                      "k": "url",
                      "v": "https://api.github.com/orgs/mrphys"
                    }
                  ]
                }
              },
              {
                "k": "pusher",
                "v": {
                  "t": 2,
                  "d": [
                    {
                      "k": "email",
                      "v": "53479871+jennifersteeden@users.noreply.github.com"
                    },
                    {
                      "k": "name",
                      "v": "jennifersteeden"
                    }
                  ]
                }
              },
              {
                "k": "ref",
                "v": "refs/heads/master"
              },
              {
                "k": "repository",
                "v": {
                  "t": 2,
                  "d": [
                    {
                      "k": "allow_forking",
                      "v": true
                    },
                    {
                      "k": "archive_url",
                      "v": "https://api.github.com/repos/mrphys/tensorflow-mri/{archive_format}{/ref}"
                    },
                    {
                      "k": "archived",
                      "v": false
                    },
                    {
                      "k": "assignees_url",
                      "v": "https://api.github.com/repos/mrphys/tensorflow-mri/assignees{/user}"
                    },
                    {
                      "k": "blobs_url",
                      "v": "https://api.github.com/repos/mrphys/tensorflow-mri/git/blobs{/sha}"
                    },
                    {
                      "k": "branches_url",
                      "v": "https://api.github.com/repos/mrphys/tensorflow-mri/branches{/branch}"
                    },
                    {
                      "k": "clone_url",
                      "v": "https://github.com/mrphys/tensorflow-mri.git"
                    },
                    {
                      "k": "collaborators_url",
                      "v": "https://api.github.com/repos/mrphys/tensorflow-mri/collaborators{/collaborator}"
                    },
                    {
                      "k": "comments_url",
                      "v": "https://api.github.com/repos/mrphys/tensorflow-mri/comments{/number}"
                    },
                    {
                      "k": "commits_url",
                      "v": "https://api.github.com/repos/mrphys/tensorflow-mri/commits{/sha}"
                    },
                    {
                      "k": "compare_url",
                      "v": "https://api.github.com/repos/mrphys/tensorflow-mri/compare/{base}...{head}"
                    },
                    {
                      "k": "contents_url",
                      "v": "https://api.github.com/repos/mrphys/tensorflow-mri/contents/{+path}"
                    },
                    {
                      "k": "contributors_url",
                      "v": "https://api.github.com/repos/mrphys/tensorflow-mri/contributors"
                    },
                    {
                      "k": "created_at",
                      "v": 1626866930.0
                    },
                    {
                      "k": "custom_properties",
                      "v": {
                        "t": 2
                      }
                    },
                    {
                      "k": "default_branch",
                      "v": "master"
                    },
                    {
                      "k": "deployments_url",
                      "v": "https://api.github.com/repos/mrphys/tensorflow-mri/deployments"
                    },
                    {
                      "k": "description",
                      "v": "A Library of TensorFlow Operators for Computational MRI"
                    },
                    {
                      "k": "disabled",
                      "v": false
                    },
                    {
                      "k": "downloads_url",
                      "v": "https://api.github.com/repos/mrphys/tensorflow-mri/downloads"
                    },
                    {
                      "k": "events_url",
                      "v": "https://api.github.com/repos/mrphys/tensorflow-mri/events"
                    },
                    {
                      "k": "fork",
                      "v": false
                    },
                    {
                      "k": "forks",
                      "v": 3.0
                    },
                    {
                      "k": "forks_count",
                      "v": 3.0
                    },
                    {
                      "k": "forks_url",
                      "v": "https://api.github.com/repos/mrphys/tensorflow-mri/forks"
                    },
                    {
                      "k": "full_name",
                      "v": "mrphys/tensorflow-mri"
                    },
                    {
                      "k": "git_commits_url",
                      "v": "https://api.github.com/repos/mrphys/tensorflow-mri/git/commits{/sha}"
                    },
                    {
                      "k": "git_refs_url",
                      "v": "https://api.github.com/repos/mrphys/tensorflow-mri/git/refs{/sha}"
                    },
                    {
                      "k": "git_tags_url",
                      "v": "https://api.github.com/repos/mrphys/tensorflow-mri/git/tags{/sha}"
                    },
                    {
                      "k": "git_url",
                      "v": "git://github.com/mrphys/tensorflow-mri.git"
                    },
                    {
                      "k": "has_discussions",
                      "v": false
                    },
                    {
                      "k": "has_downloads",
                      "v": true
                    },
                    {
                      "k": "has_issues",
                      "v": true
                    },
                    {
                      "k": "has_pages",
                      "v": true
                    },
                    {
                      "k": "has_projects",
                      "v": true
                    },
                    {
                      "k": "has_wiki",
                      "v": true
                    },
                    {
                      "k": "homepage",
                      "v": "https://mrphys.github.io/tensorflow-mri/"
                    },
                    {
                      "k": "hooks_url",
                      "v": "https://api.github.com/repos/mrphys/tensorflow-mri/hooks"
                    },
                    {
                      "k": "html_url",
                      "v": "https://github.com/mrphys/tensorflow-mri"
                    },
                    {
                      "k": "id",
                      "v": 388094708.0
                    },
                    {
                      "k": "is_template",
                      "v": false
                    },
                    {
                      "k": "issue_comment_url",
                      "v": "https://api.github.com/repos/mrphys/tensorflow-mri/issues/comments{/number}"
                    },
                    {
                      "k": "issue_events_url",
                      "v": "https://api.github.com/repos/mrphys/tensorflow-mri/issues/events{/number}"
                    },
                    {
                      "k": "issues_url",
                      "v": "https://api.github.com/repos/mrphys/tensorflow-mri/issues{/number}"
                    },
                    {
                      "k": "keys_url",
                      "v": "https://api.github.com/repos/mrphys/tensorflow-mri/keys{/key_id}"
                    },
                    {
                      "k": "labels_url",
                      "v": "https://api.github.com/repos/mrphys/tensorflow-mri/labels{/name}"
                    },
                    {
                      "k": "language",
                      "v": "Jupyter Notebook"
                    },
                    {
                      "k": "languages_url",
                      "v": "https://api.github.com/repos/mrphys/tensorflow-mri/languages"
                    },
                    {
                      "k": "license",
                      "v": {
                        "t": 2,
                        "d": [
                          {
                            "k": "key",
                            "v": "apache-2.0"
                          },
                          {
                            "k": "name",
                            "v": "Apache License 2.0"
                          },
                          {
                            "k": "node_id",
                            "v": "MDc6TGljZW5zZTI="
                          },
                          {
                            "k": "spdx_id",
                            "v": "Apache-2.0"
                          },
                          {
                            "k": "url",
                            "v": "https://api.github.com/licenses/apache-2.0"
                          }
                        ]
                      }
                    },
                    {
                      "k": "master_branch",
                      "v": "master"
                    },
                    {
                      "k": "merges_url",
                      "v": "https://api.github.com/repos/mrphys/tensorflow-mri/merges"
                    },
                    {
                      "k": "milestones_url",
                      "v": "https://api.github.com/repos/mrphys/tensorflow-mri/milestones{/number}"
                    },
                    {
                      "k": "mirror_url",
                      "v": null
                    },
                    {
                      "k": "name",
                      "v": "tensorflow-mri"
                    },
                    {
                      "k": "node_id",
                      "v": "MDEwOlJlcG9zaXRvcnkzODgwOTQ3MDg="
                    },
                    {
                      "k": "notifications_url",
                      "v": "https://api.github.com/repos/mrphys/tensorflow-mri/notifications{?since,all,participating}"
                    },
                    {
                      "k": "open_issues",
                      "v": 8.0
                    },
                    {
                      "k": "open_issues_count",
                      "v": 8.0
                    },
                    {
                      "k": "organization",
                      "v": "mrphys"
                    },
                    {
                      "k": "owner",
                      "v": {
                        "t": 2,
                        "d": [
                          {
                            "k": "avatar_url",
                            "v": "https://avatars.githubusercontent.com/u/53480519?v=4"
                          },
                          {
                            "k": "email",
                            "v": null
                          },
                          {
                            "k": "events_url",
                            "v": "https://api.github.com/users/mrphys/events{/privacy}"
                          },
                          {
                            "k": "followers_url",
                            "v": "https://api.github.com/users/mrphys/followers"
                          },
                          {
                            "k": "following_url",
                            "v": "https://api.github.com/users/mrphys/following{/other_user}"
                          },
                          {
                            "k": "gists_url",
                            "v": "https://api.github.com/users/mrphys/gists{/gist_id}"
                          },
                          {
                            "k": "gravatar_id",
                            "v": ""
                          },
                          {
                            "k": "html_url",
                            "v": "https://github.com/mrphys"
                          },
                          {
                            "k": "id",
                            "v": 53480519.0
                          },
                          {
                            "k": "login",
                            "v": "mrphys"
                          },
                          {
                            "k": "name",
                            "v": "mrphys"
                          },
                          {
                            "k": "node_id",
                            "v": "MDEyOk9yZ2FuaXphdGlvbjUzNDgwNTE5"
                          },
                          {
                            "k": "organizations_url",
                            "v": "https://api.github.com/users/mrphys/orgs"
                          },
                          {
                            "k": "received_events_url",
                            "v": "https://api.github.com/users/mrphys/received_events"
                          },
                          {
                            "k": "repos_url",
                            "v": "https://api.github.com/users/mrphys/repos"
                          },
                          {
                            "k": "site_admin",
                            "v": false
                          },
                          {
                            "k": "starred_url",
                            "v": "https://api.github.com/users/mrphys/starred{/owner}{/repo}"
                          },
                          {
                            "k": "subscriptions_url",
                            "v": "https://api.github.com/users/mrphys/subscriptions"
                          },
                          {
                            "k": "type",
                            "v": "Organization"
                          },
                          {
                            "k": "url",
                            "v": "https://api.github.com/users/mrphys"
                          },
                          {
                            "k": "user_view_type",
                            "v": "public"
                          }
                        ]
                      }
                    },
                    {
                      "k": "private",
                      "v": false
                    },
                    {
                      "k": "pulls_url",
                      "v": "https://api.github.com/repos/mrphys/tensorflow-mri/pulls{/number}"
                    },
                    {
                      "k": "pushed_at",
                      "v": 1741903485.0
                    },
                    {
                      "k": "releases_url",
                      "v": "https://api.github.com/repos/mrphys/tensorflow-mri/releases{/id}"
                    },
                    {
                      "k": "size",
                      "v": 197333.0
                    },
                    {
                      "k": "ssh_url",
                      "v": "git@github.com:mrphys/tensorflow-mri.git"
                    },
                    {
                      "k": "stargazers",
                      "v": 40.0
                    },
                    {
                      "k": "stargazers_count",
                      "v": 40.0
                    },
                    {
                      "k": "stargazers_url",
                      "v": "https://api.github.com/repos/mrphys/tensorflow-mri/stargazers"
                    },
                    {
                      "k": "statuses_url",
                      "v": "https://api.github.com/repos/mrphys/tensorflow-mri/statuses/{sha}"
                    },
                    {
                      "k": "subscribers_url",
                      "v": "https://api.github.com/repos/mrphys/tensorflow-mri/subscribers"
                    },
                    {
                      "k": "subscription_url",
                      "v": "https://api.github.com/repos/mrphys/tensorflow-mri/subscription"
                    },
                    {
                      "k": "svn_url",
                      "v": "https://github.com/mrphys/tensorflow-mri"
                    },
                    {
                      "k": "tags_url",
                      "v": "https://api.github.com/repos/mrphys/tensorflow-mri/tags"
                    },
                    {
                      "k": "teams_url",
                      "v": "https://api.github.com/repos/mrphys/tensorflow-mri/teams"
                    },
                    {
                      "k": "topics",
                      "v": {
                        "t": 1,
                        "a": [
                          "machine-learning",
                          "magnetic-resonance-imaging",
                          "ml",
                          "mri",
                          "python",
                          "tensorflow"
                        ]
                      }
                    },
                    {
                      "k": "trees_url",
                      "v": "https://api.github.com/repos/mrphys/tensorflow-mri/git/trees{/sha}"
                    },
                    {
                      "k": "updated_at",
                      "v": "2025-03-13T21:52:44Z"
                    },
                    {
                      "k": "url",
                      "v": "https://github.com/mrphys/tensorflow-mri"
                    },
                    {
                      "k": "visibility",
                      "v": "public"
                    },
                    {
                      "k": "watchers",
                      "v": 40.0
                    },
                    {
                      "k": "watchers_count",
                      "v": 40.0
                    },
                    {
                      "k": "web_commit_signoff_required",
                      "v": false
                    }
                  ]
                }
              },
              {
                "k": "sender",
                "v": {
                  "t": 2,
                  "d": [
                    {
                      "k": "avatar_url",
                      "v": "https://avatars.githubusercontent.com/u/53479871?v=4"
                    },
                    {
                      "k": "events_url",
                      "v": "https://api.github.com/users/jennifersteeden/events{/privacy}"
                    },
                    {
                      "k": "followers_url",
                      "v": "https://api.github.com/users/jennifersteeden/followers"
                    },
                    {
                      "k": "following_url",
                      "v": "https://api.github.com/users/jennifersteeden/following{/other_user}"
                    },
                    {
                      "k": "gists_url",
                      "v": "https://api.github.com/users/jennifersteeden/gists{/gist_id}"
                    },
                    {
                      "k": "gravatar_id",
                      "v": ""
                    },
                    {
                      "k": "html_url",
                      "v": "https://github.com/jennifersteeden"
                    },
                    {
                      "k": "id",
                      "v": 53479871.0
                    },
                    {
                      "k": "login",
                      "v": "jennifersteeden"
                    },
                    {
                      "k": "node_id",
                      "v": "MDQ6VXNlcjUzNDc5ODcx"
                    },
                    {
                      "k": "organizations_url",
                      "v": "https://api.github.com/users/jennifersteeden/orgs"
                    },
                    {
                      "k": "received_events_url",
                      "v": "https://api.github.com/users/jennifersteeden/received_events"
                    },
                    {
                      "k": "repos_url",
                      "v": "https://api.github.com/users/jennifersteeden/repos"
                    },
                    {
                      "k": "site_admin",
                      "v": false
                    },
                    {
                      "k": "starred_url",
                      "v": "https://api.github.com/users/jennifersteeden/starred{/owner}{/repo}"
                    },
                    {
                      "k": "subscriptions_url",
                      "v": "https://api.github.com/users/jennifersteeden/subscriptions"
                    },
                    {
                      "k": "type",
                      "v": "User"
                    },
                    {
                      "k": "url",
                      "v": "https://api.github.com/users/jennifersteeden"
                    },
                    {
                      "k": "user_view_type",
                      "v": "public"
                    }
                  ]
                }
              }
            ]
          }
        },
        {
          "k": "workflow_ref",
          "v": "mrphys/tensorflow-mri/.github/workflows/build-package.yml@refs/heads/master"
        },
        {
          "k": "workflow_sha",
          "v": "5c27b3d425c145bf762976e86aa1597acb6c1438"
        },
        {
          "k": "repository_id",
          "v": "388094708"
        },
        {
          "k": "triggering_actor",
          "v": "jennifersteeden"
        }
      ]
    },
    "inputs": {
      "t": 2
    },
    "matrix": null,
    "needs": {
      "t": 2
    },
    "strategy": {
      "t": 2,
      "d": [
        {
          "k": "fail-fast",
          "v": true
        },
        {
          "k": "job-index",
          "v": 0.0
        },
        {
          "k": "job-total",
          "v": 1.0
        },
        {
          "k": "max-parallel",
          "v": 1.0
        }
      ]
    },
    "vars": {
      "t": 2
    }
  }
}
[2025-03-19 12:43:28Z INFO JobRunner] Job ID 192e8edf-50f6-5ec3-baea-953e35899daa
[2025-03-19 12:43:28Z INFO ConfigurationStore] currentAssemblyLocation: /home/jenny/tensorflow-mri/actions-runner/bin/Runner.Worker.dll
[2025-03-19 12:43:28Z INFO HostContext] Well known directory 'Bin': '/home/jenny/tensorflow-mri/actions-runner/bin'
[2025-03-19 12:43:28Z INFO ConfigurationStore] binPath: /home/jenny/tensorflow-mri/actions-runner/bin
[2025-03-19 12:43:28Z INFO HostContext] Well known directory 'Bin': '/home/jenny/tensorflow-mri/actions-runner/bin'
[2025-03-19 12:43:28Z INFO HostContext] Well known directory 'Root': '/home/jenny/tensorflow-mri/actions-runner'
[2025-03-19 12:43:28Z INFO ConfigurationStore] RootFolder: /home/jenny/tensorflow-mri/actions-runner
[2025-03-19 12:43:28Z INFO HostContext] Well known directory 'Bin': '/home/jenny/tensorflow-mri/actions-runner/bin'
[2025-03-19 12:43:28Z INFO HostContext] Well known directory 'Root': '/home/jenny/tensorflow-mri/actions-runner'
[2025-03-19 12:43:28Z INFO HostContext] Well known config file 'Runner': '/home/jenny/tensorflow-mri/actions-runner/.runner'
[2025-03-19 12:43:28Z INFO ConfigurationStore] ConfigFilePath: /home/jenny/tensorflow-mri/actions-runner/.runner
[2025-03-19 12:43:28Z INFO HostContext] Well known directory 'Bin': '/home/jenny/tensorflow-mri/actions-runner/bin'
[2025-03-19 12:43:28Z INFO HostContext] Well known directory 'Root': '/home/jenny/tensorflow-mri/actions-runner'
[2025-03-19 12:43:28Z INFO HostContext] Well known config file 'Credentials': '/home/jenny/tensorflow-mri/actions-runner/.credentials'
[2025-03-19 12:43:28Z INFO ConfigurationStore] CredFilePath: /home/jenny/tensorflow-mri/actions-runner/.credentials
[2025-03-19 12:43:28Z INFO HostContext] Well known directory 'Bin': '/home/jenny/tensorflow-mri/actions-runner/bin'
[2025-03-19 12:43:28Z INFO HostContext] Well known directory 'Root': '/home/jenny/tensorflow-mri/actions-runner'
[2025-03-19 12:43:28Z INFO HostContext] Well known config file 'MigratedCredentials': '/home/jenny/tensorflow-mri/actions-runner/.credentials_migrated'
[2025-03-19 12:43:28Z INFO ConfigurationStore] MigratedCredFilePath: /home/jenny/tensorflow-mri/actions-runner/.credentials_migrated
[2025-03-19 12:43:28Z INFO HostContext] Well known directory 'Bin': '/home/jenny/tensorflow-mri/actions-runner/bin'
[2025-03-19 12:43:28Z INFO HostContext] Well known directory 'Root': '/home/jenny/tensorflow-mri/actions-runner'
[2025-03-19 12:43:28Z INFO HostContext] Well known config file 'Service': '/home/jenny/tensorflow-mri/actions-runner/.service'
[2025-03-19 12:43:28Z INFO ConfigurationStore] ServiceConfigFilePath: /home/jenny/tensorflow-mri/actions-runner/.service
[2025-03-19 12:43:28Z INFO ConfigurationStore] Read setting file: 294 chars
[2025-03-19 12:43:28Z INFO JobRunner] Initializing launch client
[2025-03-19 12:43:28Z INFO JobServerQueue] Initializing results client
[2025-03-19 12:43:28Z INFO ResultServer] Creating websocket client ...wss://results-receiver.actions.githubusercontent.com/_ws/ingest.sock
[2025-03-19 12:43:28Z INFO ResultServer] Attempting to start websocket client with delay 00:00:00.
[2025-03-19 12:43:29Z INFO JobServerQueue] Start process web console line queue.
[2025-03-19 12:43:29Z INFO JobServerQueue] Start process file upload queue.
[2025-03-19 12:43:29Z INFO JobServerQueue] Start results file upload queue.
[2025-03-19 12:43:29Z INFO JobServerQueue] Starting results-based upload queue...
[2025-03-19 12:43:29Z INFO JobServerQueue] Start process timeline update queue.
[2025-03-19 12:43:29Z INFO ExecutionContext] Initialize GitHub context
[2025-03-19 12:43:29Z INFO ExecutionContext] Initialize Env context
[2025-03-19 12:43:29Z INFO HostContext] Well known directory 'Bin': '/home/jenny/tensorflow-mri/actions-runner/bin'
[2025-03-19 12:43:29Z INFO HostContext] Well known directory 'Root': '/home/jenny/tensorflow-mri/actions-runner'
[2025-03-19 12:43:29Z INFO HostContext] Well known directory 'Diag': '/home/jenny/tensorflow-mri/actions-runner/_diag'
[2025-03-19 12:43:29Z INFO HostContext] Well known directory 'Bin': '/home/jenny/tensorflow-mri/actions-runner/bin'
[2025-03-19 12:43:29Z INFO HostContext] Well known directory 'Root': '/home/jenny/tensorflow-mri/actions-runner'
[2025-03-19 12:43:29Z INFO HostContext] Well known directory 'Diag': '/home/jenny/tensorflow-mri/actions-runner/_diag'
[2025-03-19 12:43:29Z INFO JobRunner] Starting the job execution context.
[2025-03-19 12:43:29Z INFO HostContext] Well known directory 'Bin': '/home/jenny/tensorflow-mri/actions-runner/bin'
[2025-03-19 12:43:29Z INFO HostContext] Well known directory 'Root': '/home/jenny/tensorflow-mri/actions-runner'
[2025-03-19 12:43:29Z INFO HostContext] Well known directory 'Work': '/home/jenny/tensorflow-mri/actions-runner/_work'
[2025-03-19 12:43:29Z INFO JobRunner] Validating directory permissions for: '/home/jenny/tensorflow-mri/actions-runner/_work'
[2025-03-19 12:43:29Z INFO HostContext] Well known directory 'Bin': '/home/jenny/tensorflow-mri/actions-runner/bin'
[2025-03-19 12:43:29Z INFO HostContext] Well known directory 'Root': '/home/jenny/tensorflow-mri/actions-runner'
[2025-03-19 12:43:29Z INFO HostContext] Well known directory 'Work': '/home/jenny/tensorflow-mri/actions-runner/_work'
[2025-03-19 12:43:29Z INFO HostContext] Well known directory 'Tools': '/home/jenny/tensorflow-mri/actions-runner/_work/_tool'
[2025-03-19 12:43:29Z INFO HostContext] Well known directory 'Bin': '/home/jenny/tensorflow-mri/actions-runner/bin'
[2025-03-19 12:43:29Z INFO HostContext] Well known directory 'Root': '/home/jenny/tensorflow-mri/actions-runner'
[2025-03-19 12:43:29Z INFO HostContext] Well known directory 'Work': '/home/jenny/tensorflow-mri/actions-runner/_work'
[2025-03-19 12:43:29Z INFO HostContext] Well known directory 'Temp': '/home/jenny/tensorflow-mri/actions-runner/_work/_temp'
[2025-03-19 12:43:29Z ERR  TempDirectoryManager] System.IO.IOException: Access to the path '/home/jenny/tensorflow-mri/actions-runner/_work/_temp/_github_home/.config/matplotlib' is denied.
   at System.IO.FileSystem.RemoveEmptyDirectory(String fullPath, Boolean topLevel, Boolean throwWhenNotEmpty)
   at System.IO.DirectoryInfo.Delete()
   at GitHub.Runner.Sdk.IOUtil.DeleteDirectory(String path, Boolean contentsOnly, Boolean continueOnContentDeleteError, CancellationToken cancellationToken)
   at GitHub.Runner.Worker.TempDirectoryManager.InitializeTempDirectory(IExecutionContext jobContext)
[2025-03-19 12:43:29Z INFO JobRunner] Getting job extension.
[2025-03-19 12:43:29Z INFO JobRunner] Initialize job. Getting all job steps.
[2025-03-19 12:43:29Z INFO HostContext] Well known directory 'Bin': '/home/jenny/tensorflow-mri/actions-runner/bin'
[2025-03-19 12:43:29Z INFO HostContext] Well known directory 'Root': '/home/jenny/tensorflow-mri/actions-runner'
[2025-03-19 12:43:29Z INFO HostContext] Well known directory 'Diag': '/home/jenny/tensorflow-mri/actions-runner/_diag'
[2025-03-19 12:43:29Z INFO HostContext] Well known directory 'Bin': '/home/jenny/tensorflow-mri/actions-runner/bin'
[2025-03-19 12:43:29Z INFO HostContext] Well known directory 'Root': '/home/jenny/tensorflow-mri/actions-runner'
[2025-03-19 12:43:29Z INFO HostContext] Well known directory 'Diag': '/home/jenny/tensorflow-mri/actions-runner/_diag'
[2025-03-19 12:43:29Z INFO HostContext] Well known directory 'Bin': '/home/jenny/tensorflow-mri/actions-runner/bin'
[2025-03-19 12:43:29Z INFO HostContext] Well known directory 'Root': '/home/jenny/tensorflow-mri/actions-runner'
[2025-03-19 12:43:29Z INFO HostContext] Well known config file 'Credentials': '/home/jenny/tensorflow-mri/actions-runner/.credentials'
[2025-03-19 12:43:29Z INFO HostContext] Well known directory 'Bin': '/home/jenny/tensorflow-mri/actions-runner/bin'
[2025-03-19 12:43:29Z INFO HostContext] Well known directory 'Root': '/home/jenny/tensorflow-mri/actions-runner'
[2025-03-19 12:43:29Z INFO HostContext] Well known config file 'SetupInfo': '/home/jenny/tensorflow-mri/actions-runner/.setup_info'
[2025-03-19 12:43:29Z INFO HostContext] Well known directory 'Bin': '/home/jenny/tensorflow-mri/actions-runner/bin'
[2025-03-19 12:43:29Z INFO HostContext] Well known directory 'Root': '/home/jenny/tensorflow-mri/actions-runner'
[2025-03-19 12:43:29Z INFO HostContext] Well known directory 'Work': '/home/jenny/tensorflow-mri/actions-runner/_work'
[2025-03-19 12:43:29Z INFO PipelineDirectoryManager] Loading tracking config if exists: /home/jenny/tensorflow-mri/actions-runner/_work/_PipelineMapping/mrphys/tensorflow-mri/PipelineFolder.json
[2025-03-19 12:43:29Z INFO PipelineDirectoryManager] Updating job run properties.
[2025-03-19 12:43:29Z INFO HostContext] Well known directory 'Bin': '/home/jenny/tensorflow-mri/actions-runner/bin'
[2025-03-19 12:43:29Z INFO HostContext] Well known directory 'Root': '/home/jenny/tensorflow-mri/actions-runner'
[2025-03-19 12:43:29Z INFO HostContext] Well known directory 'Work': '/home/jenny/tensorflow-mri/actions-runner/_work'
[2025-03-19 12:43:29Z INFO HostContext] Well known directory 'Bin': '/home/jenny/tensorflow-mri/actions-runner/bin'
[2025-03-19 12:43:29Z INFO HostContext] Well known directory 'Root': '/home/jenny/tensorflow-mri/actions-runner'
[2025-03-19 12:43:29Z INFO HostContext] Well known directory 'Work': '/home/jenny/tensorflow-mri/actions-runner/_work'
[2025-03-19 12:43:29Z INFO HostContext] Well known directory 'Bin': '/home/jenny/tensorflow-mri/actions-runner/bin'
[2025-03-19 12:43:29Z INFO HostContext] Well known directory 'Root': '/home/jenny/tensorflow-mri/actions-runner'
[2025-03-19 12:43:29Z INFO HostContext] Well known directory 'Work': '/home/jenny/tensorflow-mri/actions-runner/_work'
[2025-03-19 12:43:29Z INFO JobExtension] Downloading actions
[2025-03-19 12:43:29Z INFO HostContext] Well known directory 'Bin': '/home/jenny/tensorflow-mri/actions-runner/bin'
[2025-03-19 12:43:29Z INFO HostContext] Well known directory 'Root': '/home/jenny/tensorflow-mri/actions-runner'
[2025-03-19 12:43:29Z INFO HostContext] Well known directory 'Work': '/home/jenny/tensorflow-mri/actions-runner/_work'
[2025-03-19 12:43:29Z INFO HostContext] Well known directory 'Actions': '/home/jenny/tensorflow-mri/actions-runner/_work/_actions'
[2025-03-19 12:43:29Z INFO Worker] Listening for cancel message from the channel.
[2025-03-19 12:43:29Z INFO Worker] Waiting for the job to complete or for a cancel message from the channel.
[2025-03-19 12:43:29Z INFO ResultServer] Successfully started websocket client.
[2025-03-19 12:43:29Z INFO JobServerQueue] Try to append 1 batches web console lines for record '05d389be-a7ec-4b0a-ba56-b277bfe9f72e', success rate: 1/1.
[2025-03-19 12:43:29Z INFO HostContext] Well known directory 'Bin': '/home/jenny/tensorflow-mri/actions-runner/bin'
[2025-03-19 12:43:29Z INFO HostContext] Well known directory 'Root': '/home/jenny/tensorflow-mri/actions-runner'
[2025-03-19 12:43:29Z INFO HostContext] Well known directory 'Work': '/home/jenny/tensorflow-mri/actions-runner/_work'
[2025-03-19 12:43:29Z INFO HostContext] Well known directory 'Actions': '/home/jenny/tensorflow-mri/actions-runner/_work/_actions'
[2025-03-19 12:43:29Z INFO HostContext] Well known directory 'Bin': '/home/jenny/tensorflow-mri/actions-runner/bin'
[2025-03-19 12:43:29Z INFO HostContext] Well known directory 'Root': '/home/jenny/tensorflow-mri/actions-runner'
[2025-03-19 12:43:29Z INFO HostContext] Well known directory 'Work': '/home/jenny/tensorflow-mri/actions-runner/_work'
[2025-03-19 12:43:29Z INFO HostContext] Well known directory 'Actions': '/home/jenny/tensorflow-mri/actions-runner/_work/_actions'
[2025-03-19 12:43:29Z INFO ActionManager] Save archive 'https://api.github.com/repos/actions/checkout/tarball/11bd71901bbe5b1630ceea73d27597364c9af683' into /home/jenny/tensorflow-mri/actions-runner/_work/_actions/_temp_bd275070-2577-4a58-8082-1827c013e8af/0c1301aa-8df5-45f7-954f-851e97f28363.tar.gz.
[2025-03-19 12:43:29Z INFO JobServerQueue] Try to append 1 batches web console lines for record '05d389be-a7ec-4b0a-ba56-b277bfe9f72e', success rate: 1/1.
[2025-03-19 12:43:29Z INFO JobServerQueue] Job timeline record has been updated for the first time.
[2025-03-19 12:43:29Z INFO ActionManager] Request URL: https://api.github.com/repos/actions/checkout/tarball/11bd71901bbe5b1630ceea73d27597364c9af683 X-GitHub-Request-Id: 9C16:204A12:1756:47D0:67DABBF1 Http Status: OK
[2025-03-19 12:43:29Z INFO ActionManager] Which2: 'tar'
[2025-03-19 12:43:29Z INFO ActionManager] Location: '/usr/bin/tar'
[2025-03-19 12:43:29Z INFO ProcessInvokerWrapper] Starting process:
[2025-03-19 12:43:29Z INFO ProcessInvokerWrapper]   File name: '/usr/bin/tar'
[2025-03-19 12:43:29Z INFO ProcessInvokerWrapper]   Arguments: '-xzf "/home/jenny/tensorflow-mri/actions-runner/_work/_actions/_temp_bd275070-2577-4a58-8082-1827c013e8af/0c1301aa-8df5-45f7-954f-851e97f28363.tar.gz"'
[2025-03-19 12:43:29Z INFO ProcessInvokerWrapper]   Working directory: '/home/jenny/tensorflow-mri/actions-runner/_work/_actions/_temp_bd275070-2577-4a58-8082-1827c013e8af/_staging'
[2025-03-19 12:43:29Z INFO ProcessInvokerWrapper]   Require exit code zero: 'False'
[2025-03-19 12:43:29Z INFO ProcessInvokerWrapper]   Encoding web name:  ; code page: ''
[2025-03-19 12:43:29Z INFO ProcessInvokerWrapper]   Force kill process on cancellation: 'False'
[2025-03-19 12:43:29Z INFO ProcessInvokerWrapper]   Redirected STDIN: 'False'
[2025-03-19 12:43:29Z INFO ProcessInvokerWrapper]   Persist current code page: 'False'
[2025-03-19 12:43:29Z INFO ProcessInvokerWrapper]   Keep redirected STDIN open: 'False'
[2025-03-19 12:43:29Z INFO ProcessInvokerWrapper]   High priority process: 'False'
[2025-03-19 12:43:29Z INFO ProcessInvokerWrapper] Updated oom_score_adj to 500 for PID: 1554525.
[2025-03-19 12:43:29Z INFO ProcessInvokerWrapper] Process started with process id 1554525, waiting for process exit.
[2025-03-19 12:43:29Z INFO ProcessInvokerWrapper] STDOUT/STDERR stream read finished.
[2025-03-19 12:43:29Z INFO ProcessInvokerWrapper] STDOUT/STDERR stream read finished.
[2025-03-19 12:43:29Z INFO ProcessInvokerWrapper] Finished process 1554525 with exit code 0, and elapsed time 00:00:00.0118036.
[2025-03-19 12:43:29Z INFO ActionManager] Finished getting action repository.
[2025-03-19 12:43:29Z INFO HostContext] Well known directory 'Bin': '/home/jenny/tensorflow-mri/actions-runner/bin'
[2025-03-19 12:43:29Z INFO HostContext] Well known directory 'Root': '/home/jenny/tensorflow-mri/actions-runner'
[2025-03-19 12:43:29Z INFO HostContext] Well known directory 'Work': '/home/jenny/tensorflow-mri/actions-runner/_work'
[2025-03-19 12:43:29Z INFO HostContext] Well known directory 'Actions': '/home/jenny/tensorflow-mri/actions-runner/_work/_actions'
[2025-03-19 12:43:29Z INFO HostContext] Well known directory 'Bin': '/home/jenny/tensorflow-mri/actions-runner/bin'
[2025-03-19 12:43:29Z INFO HostContext] Well known directory 'Root': '/home/jenny/tensorflow-mri/actions-runner'
[2025-03-19 12:43:29Z INFO HostContext] Well known directory 'Work': '/home/jenny/tensorflow-mri/actions-runner/_work'
[2025-03-19 12:43:29Z INFO HostContext] Well known directory 'Actions': '/home/jenny/tensorflow-mri/actions-runner/_work/_actions'
[2025-03-19 12:43:29Z INFO ActionManager] Save archive 'https://api.github.com/repos/openjournals/openjournals-draft-action/tarball/a994a876f36e25076174d9ed133e01b1f1b9fcf3' into /home/jenny/tensorflow-mri/actions-runner/_work/_actions/_temp_a197a09d-a896-4db6-b2a3-3de98607882c/b6068d18-7178-4f94-ace4-1f316513c80a.tar.gz.
[2025-03-19 12:43:30Z INFO JobServerQueue] Try to append 1 batches web console lines for record '05d389be-a7ec-4b0a-ba56-b277bfe9f72e', success rate: 1/1.
[2025-03-19 12:43:30Z INFO ActionManager] Request URL: https://api.github.com/repos/openjournals/openjournals-draft-action/tarball/a994a876f36e25076174d9ed133e01b1f1b9fcf3 X-GitHub-Request-Id: 9C26:917D:15FD:467D:67DABBF2 Http Status: OK
[2025-03-19 12:43:30Z INFO ActionManager] Which2: 'tar'
[2025-03-19 12:43:30Z INFO ActionManager] Location: '/usr/bin/tar'
[2025-03-19 12:43:30Z INFO ProcessInvokerWrapper] Starting process:
[2025-03-19 12:43:30Z INFO ProcessInvokerWrapper]   File name: '/usr/bin/tar'
[2025-03-19 12:43:30Z INFO ProcessInvokerWrapper]   Arguments: '-xzf "/home/jenny/tensorflow-mri/actions-runner/_work/_actions/_temp_a197a09d-a896-4db6-b2a3-3de98607882c/b6068d18-7178-4f94-ace4-1f316513c80a.tar.gz"'
[2025-03-19 12:43:30Z INFO ProcessInvokerWrapper]   Working directory: '/home/jenny/tensorflow-mri/actions-runner/_work/_actions/_temp_a197a09d-a896-4db6-b2a3-3de98607882c/_staging'
[2025-03-19 12:43:30Z INFO ProcessInvokerWrapper]   Require exit code zero: 'False'
[2025-03-19 12:43:30Z INFO ProcessInvokerWrapper]   Encoding web name:  ; code page: ''
[2025-03-19 12:43:30Z INFO ProcessInvokerWrapper]   Force kill process on cancellation: 'False'
[2025-03-19 12:43:30Z INFO ProcessInvokerWrapper]   Redirected STDIN: 'False'
[2025-03-19 12:43:30Z INFO ProcessInvokerWrapper]   Persist current code page: 'False'
[2025-03-19 12:43:30Z INFO ProcessInvokerWrapper]   Keep redirected STDIN open: 'False'
[2025-03-19 12:43:30Z INFO ProcessInvokerWrapper]   High priority process: 'False'
[2025-03-19 12:43:30Z INFO ProcessInvokerWrapper] Updated oom_score_adj to 500 for PID: 1554534.
[2025-03-19 12:43:30Z INFO ProcessInvokerWrapper] Process started with process id 1554534, waiting for process exit.
[2025-03-19 12:43:30Z INFO ProcessInvokerWrapper] STDOUT/STDERR stream read finished.
[2025-03-19 12:43:30Z INFO ProcessInvokerWrapper] STDOUT/STDERR stream read finished.
[2025-03-19 12:43:30Z INFO ProcessInvokerWrapper] Finished process 1554534 with exit code 0, and elapsed time 00:00:00.0022421.
[2025-03-19 12:43:30Z INFO ActionManager] Finished getting action repository.
[2025-03-19 12:43:30Z INFO HostContext] Well known directory 'Bin': '/home/jenny/tensorflow-mri/actions-runner/bin'
[2025-03-19 12:43:30Z INFO HostContext] Well known directory 'Root': '/home/jenny/tensorflow-mri/actions-runner'
[2025-03-19 12:43:30Z INFO HostContext] Well known directory 'Work': '/home/jenny/tensorflow-mri/actions-runner/_work'
[2025-03-19 12:43:30Z INFO HostContext] Well known directory 'Actions': '/home/jenny/tensorflow-mri/actions-runner/_work/_actions'
[2025-03-19 12:43:30Z INFO HostContext] Well known directory 'Bin': '/home/jenny/tensorflow-mri/actions-runner/bin'
[2025-03-19 12:43:30Z INFO HostContext] Well known directory 'Root': '/home/jenny/tensorflow-mri/actions-runner'
[2025-03-19 12:43:30Z INFO HostContext] Well known directory 'Work': '/home/jenny/tensorflow-mri/actions-runner/_work'
[2025-03-19 12:43:30Z INFO HostContext] Well known directory 'Actions': '/home/jenny/tensorflow-mri/actions-runner/_work/_actions'
[2025-03-19 12:43:30Z INFO ActionManager] Save archive 'https://api.github.com/repos/actions/upload-artifact/tarball/4cec3d8aa04e39d1a68397de0c4cd6fb9dce8ec1' into /home/jenny/tensorflow-mri/actions-runner/_work/_actions/_temp_e8df5c23-18bb-4e88-ba44-4d1631e0dd24/26146114-ee15-49aa-a94f-56c9b7fa8203.tar.gz.
[2025-03-19 12:43:30Z INFO JobServerQueue] Try to append 1 batches web console lines for record '05d389be-a7ec-4b0a-ba56-b277bfe9f72e', success rate: 1/1.
[2025-03-19 12:43:30Z INFO ActionManager] Request URL: https://api.github.com/repos/actions/upload-artifact/tarball/4cec3d8aa04e39d1a68397de0c4cd6fb9dce8ec1 X-GitHub-Request-Id: 9C28:224895:149A:4519:67DABBF2 Http Status: OK
[2025-03-19 12:43:30Z INFO ActionManager] Which2: 'tar'
[2025-03-19 12:43:30Z INFO ActionManager] Location: '/usr/bin/tar'
[2025-03-19 12:43:30Z INFO ProcessInvokerWrapper] Starting process:
[2025-03-19 12:43:30Z INFO ProcessInvokerWrapper]   File name: '/usr/bin/tar'
[2025-03-19 12:43:30Z INFO ProcessInvokerWrapper]   Arguments: '-xzf "/home/jenny/tensorflow-mri/actions-runner/_work/_actions/_temp_e8df5c23-18bb-4e88-ba44-4d1631e0dd24/26146114-ee15-49aa-a94f-56c9b7fa8203.tar.gz"'
[2025-03-19 12:43:30Z INFO ProcessInvokerWrapper]   Working directory: '/home/jenny/tensorflow-mri/actions-runner/_work/_actions/_temp_e8df5c23-18bb-4e88-ba44-4d1631e0dd24/_staging'
[2025-03-19 12:43:30Z INFO ProcessInvokerWrapper]   Require exit code zero: 'False'
[2025-03-19 12:43:30Z INFO ProcessInvokerWrapper]   Encoding web name:  ; code page: ''
[2025-03-19 12:43:30Z INFO ProcessInvokerWrapper]   Force kill process on cancellation: 'False'
[2025-03-19 12:43:30Z INFO ProcessInvokerWrapper]   Redirected STDIN: 'False'
[2025-03-19 12:43:30Z INFO ProcessInvokerWrapper]   Persist current code page: 'False'
[2025-03-19 12:43:30Z INFO ProcessInvokerWrapper]   Keep redirected STDIN open: 'False'
[2025-03-19 12:43:30Z INFO ProcessInvokerWrapper]   High priority process: 'False'
[2025-03-19 12:43:30Z INFO ProcessInvokerWrapper] Updated oom_score_adj to 500 for PID: 1554537.
[2025-03-19 12:43:30Z INFO ProcessInvokerWrapper] Process started with process id 1554537, waiting for process exit.
[2025-03-19 12:43:30Z INFO ProcessInvokerWrapper] STDOUT/STDERR stream read finished.
[2025-03-19 12:43:30Z INFO ProcessInvokerWrapper] STDOUT/STDERR stream read finished.
[2025-03-19 12:43:30Z INFO ProcessInvokerWrapper] Finished process 1554537 with exit code 0, and elapsed time 00:00:00.0481454.
[2025-03-19 12:43:30Z INFO ActionManager] Finished getting action repository.
[2025-03-19 12:43:30Z INFO HostContext] Well known directory 'Bin': '/home/jenny/tensorflow-mri/actions-runner/bin'
[2025-03-19 12:43:30Z INFO HostContext] Well known directory 'Root': '/home/jenny/tensorflow-mri/actions-runner'
[2025-03-19 12:43:30Z INFO HostContext] Well known directory 'Work': '/home/jenny/tensorflow-mri/actions-runner/_work'
[2025-03-19 12:43:30Z INFO HostContext] Well known directory 'Actions': '/home/jenny/tensorflow-mri/actions-runner/_work/_actions'
[2025-03-19 12:43:30Z INFO ActionManifestManager] Load schema file with definitions: [
  "null",
  "boolean",
  "number",
  "string",
  "sequence",
  "mapping",
  "any",
  "action-root",
  "inputs",
  "input",
  "outputs",
  "output-definition",
  "runs",
  "container-runs",
  "container-runs-args",
  "container-runs-env",
  "node-runs",
  "plugin-runs",
  "composite-runs",
  "composite-steps",
  "composite-step",
  "run-step",
  "uses-step",
  "container-runs-context",
  "output-value",
  "input-default-context",
  "non-empty-string",
  "string-steps-context",
  "boolean-steps-context",
  "step-env",
  "step-if",
  "step-with"
]
[2025-03-19 12:43:30Z INFO HostContext] Well known directory 'Bin': '/home/jenny/tensorflow-mri/actions-runner/bin'
[2025-03-19 12:43:30Z INFO HostContext] Well known directory 'Root': '/home/jenny/tensorflow-mri/actions-runner'
[2025-03-19 12:43:30Z INFO HostContext] Well known directory 'Work': '/home/jenny/tensorflow-mri/actions-runner/_work'
[2025-03-19 12:43:30Z INFO HostContext] Well known directory 'Actions': '/home/jenny/tensorflow-mri/actions-runner/_work/_actions'
[2025-03-19 12:43:30Z INFO ActionManifestManager] Loaded action.yml file: {
  "name": "Checkout",
  "description": "Checkout a Git repository at a particular version",
  "inputs": {
    "type": 2,
    "map": [
      {
        "key": {
          "type": 0,
          "file": 2,
          "line": 4,
          "col": 3,
          "lit": "repository"
        },
        "value": {
          "type": 3,
          "file": 2,
          "line": 6,
          "col": 14,
          "expr": "github.repository"
        }
      },
      {
        "key": {
          "type": 0,
          "file": 2,
          "line": 7,
          "col": 3,
          "lit": "ref"
        },
        "value": ""
      },
      {
        "key": {
          "type": 0,
          "file": 2,
          "line": 12,
          "col": 3,
          "lit": "token"
        },
        "value": {
          "type": 3,
          "file": 2,
          "line": 24,
          "col": 14,
          "expr": "github.token"
        }
      },
      {
        "key": {
          "type": 0,
          "file": 2,
          "line": 25,
          "col": 3,
          "lit": "ssh-key"
        },
        "value": ""
      },
      {
        "key": {
          "type": 0,
          "file": 2,
          "line": 37,
          "col": 3,
          "lit": "ssh-known-hosts"
        },
        "value": ""
      },
      {
        "key": {
          "type": 0,
          "file": 2,
          "line": 42,
          "col": 3,
          "lit": "ssh-strict"
        },
        "value": {
          "type": 0,
          "file": 2,
          "line": 47,
          "col": 14,
          "lit": "true"
        }
      },
      {
        "key": {
          "type": 0,
          "file": 2,
          "line": 48,
          "col": 3,
          "lit": "ssh-user"
        },
        "value": {
          "type": 0,
          "file": 2,
          "line": 51,
          "col": 14,
          "lit": "git"
        }
      },
      {
        "key": {
          "type": 0,
          "file": 2,
          "line": 52,
          "col": 3,
          "lit": "persist-credentials"
        },
        "value": {
          "type": 0,
          "file": 2,
          "line": 54,
          "col": 14,
          "lit": "true"
        }
      },
      {
        "key": {
          "type": 0,
          "file": 2,
          "line": 55,
          "col": 3,
          "lit": "path"
        },
        "value": ""
      },
      {
        "key": {
          "type": 0,
          "file": 2,
          "line": 57,
          "col": 3,
          "lit": "clean"
        },
        "value": {
          "type": 0,
          "file": 2,
          "line": 59,
          "col": 14,
          "lit": "true"
        }
      },
      {
        "key": {
          "type": 0,
          "file": 2,
          "line": 60,
          "col": 3,
          "lit": "filter"
        },
        "value": {
          "type": 0,
          "file": 2,
          "line": 64,
          "col": 14,
          "lit": ""
        }
      },
      {
        "key": {
          "type": 0,
          "file": 2,
          "line": 65,
          "col": 3,
          "lit": "sparse-checkout"
        },
        "value": {
          "type": 0,
          "file": 2,
          "line": 69,
          "col": 14,
          "lit": ""
        }
      },
      {
        "key": {
          "type": 0,
          "file": 2,
          "line": 70,
          "col": 3,
          "lit": "sparse-checkout-cone-mode"
        },
        "value": {
          "type": 0,
          "file": 2,
          "line": 73,
          "col": 14,
          "lit": "true"
        }
      },
      {
        "key": {
          "type": 0,
          "file": 2,
          "line": 74,
          "col": 3,
          "lit": "fetch-depth"
        },
        "value": {
          "type": 0,
          "file": 2,
          "line": 76,
          "col": 14,
          "lit": "1"
        }
      },
      {
        "key": {
          "type": 0,
          "file": 2,
          "line": 77,
          "col": 3,
          "lit": "fetch-tags"
        },
        "value": {
          "type": 0,
          "file": 2,
          "line": 79,
          "col": 14,
          "lit": "false"
        }
      },
      {
        "key": {
          "type": 0,
          "file": 2,
          "line": 80,
          "col": 3,
          "lit": "show-progress"
        },
        "value": {
          "type": 0,
          "file": 2,
          "line": 82,
          "col": 14,
          "lit": "true"
        }
      },
      {
        "key": {
          "type": 0,
          "file": 2,
          "line": 83,
          "col": 3,
          "lit": "lfs"
        },
        "value": {
          "type": 0,
          "file": 2,
          "line": 85,
          "col": 14,
          "lit": "false"
        }
      },
      {
        "key": {
          "type": 0,
          "file": 2,
          "line": 86,
          "col": 3,
          "lit": "submodules"
        },
        "value": {
          "type": 0,
          "file": 2,
          "line": 94,
          "col": 14,
          "lit": "false"
        }
      },
      {
        "key": {
          "type": 0,
          "file": 2,
          "line": 95,
          "col": 3,
          "lit": "set-safe-directory"
        },
        "value": {
          "type": 0,
          "file": 2,
          "line": 97,
          "col": 14,
          "lit": "true"
        }
      },
      {
        "key": {
          "type": 0,
          "file": 2,
          "line": 98,
          "col": 3,
          "lit": "github-server-url"
        },
        "value": ""
      }
    ]
  },
  "execution": {
    "executionType": "nodeJS",
    "hasPre": false,
    "hasPost": true,
    "script": "dist/index.js",
    "pre": null,
    "post": "dist/index.js",
    "nodeVersion": "node20",
    "cleanupCondition": "always()",
    "initCondition": "always()"
  },
  "deprecated": null
}
[2025-03-19 12:43:30Z INFO ActionManager] Action node.js file: dist/index.js, no more preparation.
[2025-03-19 12:43:30Z INFO HostContext] Well known directory 'Bin': '/home/jenny/tensorflow-mri/actions-runner/bin'
[2025-03-19 12:43:30Z INFO HostContext] Well known directory 'Root': '/home/jenny/tensorflow-mri/actions-runner'
[2025-03-19 12:43:30Z INFO HostContext] Well known directory 'Work': '/home/jenny/tensorflow-mri/actions-runner/_work'
[2025-03-19 12:43:30Z INFO HostContext] Well known directory 'Actions': '/home/jenny/tensorflow-mri/actions-runner/_work/_actions'
[2025-03-19 12:43:30Z INFO ActionManager] Load action that reference repository from '/home/jenny/tensorflow-mri/actions-runner/_work/_actions/actions/checkout/v4'
[2025-03-19 12:43:30Z INFO HostContext] Well known directory 'Bin': '/home/jenny/tensorflow-mri/actions-runner/bin'
[2025-03-19 12:43:30Z INFO HostContext] Well known directory 'Root': '/home/jenny/tensorflow-mri/actions-runner'
[2025-03-19 12:43:30Z INFO HostContext] Well known directory 'Work': '/home/jenny/tensorflow-mri/actions-runner/_work'
[2025-03-19 12:43:30Z INFO HostContext] Well known directory 'Actions': '/home/jenny/tensorflow-mri/actions-runner/_work/_actions'
[2025-03-19 12:43:30Z INFO ActionManifestManager] Loaded action.yml file: {
  "name": "Checkout",
  "description": "Checkout a Git repository at a particular version",
  "inputs": {
    "type": 2,
    "map": [
      {
        "key": {
          "type": 0,
          "file": 2,
          "line": 4,
          "col": 3,
          "lit": "repository"
        },
        "value": {
          "type": 3,
          "file": 2,
          "line": 6,
          "col": 14,
          "expr": "github.repository"
        }
      },
      {
        "key": {
          "type": 0,
          "file": 2,
          "line": 7,
          "col": 3,
          "lit": "ref"
        },
        "value": ""
      },
      {
        "key": {
          "type": 0,
          "file": 2,
          "line": 12,
          "col": 3,
          "lit": "token"
        },
        "value": {
          "type": 3,
          "file": 2,
          "line": 24,
          "col": 14,
          "expr": "github.token"
        }
      },
      {
        "key": {
          "type": 0,
          "file": 2,
          "line": 25,
          "col": 3,
          "lit": "ssh-key"
        },
        "value": ""
      },
      {
        "key": {
          "type": 0,
          "file": 2,
          "line": 37,
          "col": 3,
          "lit": "ssh-known-hosts"
        },
        "value": ""
      },
      {
        "key": {
          "type": 0,
          "file": 2,
          "line": 42,
          "col": 3,
          "lit": "ssh-strict"
        },
        "value": {
          "type": 0,
          "file": 2,
          "line": 47,
          "col": 14,
          "lit": "true"
        }
      },
      {
        "key": {
          "type": 0,
          "file": 2,
          "line": 48,
          "col": 3,
          "lit": "ssh-user"
        },
        "value": {
          "type": 0,
          "file": 2,
          "line": 51,
          "col": 14,
          "lit": "git"
        }
      },
      {
        "key": {
          "type": 0,
          "file": 2,
          "line": 52,
          "col": 3,
          "lit": "persist-credentials"
        },
        "value": {
          "type": 0,
          "file": 2,
          "line": 54,
          "col": 14,
          "lit": "true"
        }
      },
      {
        "key": {
          "type": 0,
          "file": 2,
          "line": 55,
          "col": 3,
          "lit": "path"
        },
        "value": ""
      },
      {
        "key": {
          "type": 0,
          "file": 2,
          "line": 57,
          "col": 3,
          "lit": "clean"
        },
        "value": {
          "type": 0,
          "file": 2,
          "line": 59,
          "col": 14,
          "lit": "true"
        }
      },
      {
        "key": {
          "type": 0,
          "file": 2,
          "line": 60,
          "col": 3,
          "lit": "filter"
        },
        "value": {
          "type": 0,
          "file": 2,
          "line": 64,
          "col": 14,
          "lit": ""
        }
      },
      {
        "key": {
          "type": 0,
          "file": 2,
          "line": 65,
          "col": 3,
          "lit": "sparse-checkout"
        },
        "value": {
          "type": 0,
          "file": 2,
          "line": 69,
          "col": 14,
          "lit": ""
        }
      },
      {
        "key": {
          "type": 0,
          "file": 2,
          "line": 70,
          "col": 3,
          "lit": "sparse-checkout-cone-mode"
        },
        "value": {
          "type": 0,
          "file": 2,
          "line": 73,
          "col": 14,
          "lit": "true"
        }
      },
      {
        "key": {
          "type": 0,
          "file": 2,
          "line": 74,
          "col": 3,
          "lit": "fetch-depth"
        },
        "value": {
          "type": 0,
          "file": 2,
          "line": 76,
          "col": 14,
          "lit": "1"
        }
      },
      {
        "key": {
          "type": 0,
          "file": 2,
          "line": 77,
          "col": 3,
          "lit": "fetch-tags"
        },
        "value": {
          "type": 0,
          "file": 2,
          "line": 79,
          "col": 14,
          "lit": "false"
        }
      },
      {
        "key": {
          "type": 0,
          "file": 2,
          "line": 80,
          "col": 3,
          "lit": "show-progress"
        },
        "value": {
          "type": 0,
          "file": 2,
          "line": 82,
          "col": 14,
          "lit": "true"
        }
      },
      {
        "key": {
          "type": 0,
          "file": 2,
          "line": 83,
          "col": 3,
          "lit": "lfs"
        },
        "value": {
          "type": 0,
          "file": 2,
          "line": 85,
          "col": 14,
          "lit": "false"
        }
      },
      {
        "key": {
          "type": 0,
          "file": 2,
          "line": 86,
          "col": 3,
          "lit": "submodules"
        },
        "value": {
          "type": 0,
          "file": 2,
          "line": 94,
          "col": 14,
          "lit": "false"
        }
      },
      {
        "key": {
          "type": 0,
          "file": 2,
          "line": 95,
          "col": 3,
          "lit": "set-safe-directory"
        },
        "value": {
          "type": 0,
          "file": 2,
          "line": 97,
          "col": 14,
          "lit": "true"
        }
      },
      {
        "key": {
          "type": 0,
          "file": 2,
          "line": 98,
          "col": 3,
          "lit": "github-server-url"
        },
        "value": ""
      }
    ]
  },
  "execution": {
    "executionType": "nodeJS",
    "hasPre": false,
    "hasPost": true,
    "script": "dist/index.js",
    "pre": null,
    "post": "dist/index.js",
    "nodeVersion": "node20",
    "cleanupCondition": "always()",
    "initCondition": "always()"
  },
  "deprecated": null
}
[2025-03-19 12:43:30Z INFO ActionManager] Action pre node.js file: N/A.
[2025-03-19 12:43:30Z INFO ActionManager] Action node.js file: dist/index.js.
[2025-03-19 12:43:30Z INFO ActionManager] Action post node.js file: dist/index.js.
[2025-03-19 12:43:30Z INFO HostContext] Well known directory 'Bin': '/home/jenny/tensorflow-mri/actions-runner/bin'
[2025-03-19 12:43:30Z INFO HostContext] Well known directory 'Root': '/home/jenny/tensorflow-mri/actions-runner'
[2025-03-19 12:43:30Z INFO HostContext] Well known directory 'Work': '/home/jenny/tensorflow-mri/actions-runner/_work'
[2025-03-19 12:43:30Z INFO HostContext] Well known directory 'Actions': '/home/jenny/tensorflow-mri/actions-runner/_work/_actions'
[2025-03-19 12:43:30Z INFO HostContext] Well known directory 'Bin': '/home/jenny/tensorflow-mri/actions-runner/bin'
[2025-03-19 12:43:30Z INFO HostContext] Well known directory 'Root': '/home/jenny/tensorflow-mri/actions-runner'
[2025-03-19 12:43:30Z INFO HostContext] Well known directory 'Work': '/home/jenny/tensorflow-mri/actions-runner/_work'
[2025-03-19 12:43:30Z INFO HostContext] Well known directory 'Actions': '/home/jenny/tensorflow-mri/actions-runner/_work/_actions'
[2025-03-19 12:43:30Z INFO ActionManifestManager] Ignore action property branding.
[2025-03-19 12:43:30Z INFO ActionManifestManager] Loaded action.yml file: {
  "name": "Open Journals PDF Generator",
  "description": "Create a draft PDF for an Open Journals paper",
  "inputs": {
    "type": 2,
    "map": [
      {
        "key": {
          "type": 0,
          "file": 3,
          "line": 4,
          "col": 3,
          "lit": "journal"
        },
        "value": {
          "type": 0,
          "file": 3,
          "line": 7,
          "col": 14,
          "lit": "joss"
        }
      },
      {
        "key": {
          "type": 0,
          "file": 3,
          "line": 8,
          "col": 3,
          "lit": "paper-path"
        },
        "value": {
          "type": 0,
          "file": 3,
          "line": 13,
          "col": 14,
          "lit": "paper.md"
        }
      }
    ]
  },
  "execution": {
    "executionType": "container",
    "hasPre": false,
    "hasPost": false,
    "image": "docker://tarleb/paperdraft:latest",
    "entryPoint": null,
    "arguments": {
      "type": 1,
      "file": 3,
      "line": 21,
      "col": 5,
      "seq": [
        {
          "type": 3,
          "file": 3,
          "line": 21,
          "col": 7,
          "expr": "inputs.paper-path"
        }
      ]
    },
    "environment": {
      "type": 2,
      "file": 3,
      "line": 18,
      "col": 5,
      "map": [
        {
          "key": {
            "type": 0,
            "file": 3,
            "line": 18,
            "col": 5,
            "lit": "GIT_SHA"
          },
          "value": {
            "type": 0,
            "file": 3,
            "line": 18,
            "col": 14,
            "lit": "$GITHUB_SHA"
          }
        },
        {
          "key": {
            "type": 0,
            "file": 3,
            "line": 19,
            "col": 5,
            "lit": "JOURNAL"
          },
          "value": {
            "type": 3,
            "file": 3,
            "line": 19,
            "col": 14,
            "expr": "inputs.journal"
          }
        }
      ]
    },
    "pre": null,
    "post": null,
    "cleanupCondition": "always()",
    "initCondition": "always()"
  },
  "deprecated": null
}
[2025-03-19 12:43:30Z INFO ActionManager] Action __openjournals_openjournals-draft-action (22d59ed7-1870-45a2-a67d-0f4fb8530136) from repository 'openjournals/openjournals-draft-action@v.1.0' needs to pull image 'tarleb/paperdraft:latest'
[2025-03-19 12:43:30Z INFO HostContext] Well known directory 'Bin': '/home/jenny/tensorflow-mri/actions-runner/bin'
[2025-03-19 12:43:30Z INFO HostContext] Well known directory 'Root': '/home/jenny/tensorflow-mri/actions-runner'
[2025-03-19 12:43:30Z INFO HostContext] Well known directory 'Work': '/home/jenny/tensorflow-mri/actions-runner/_work'
[2025-03-19 12:43:30Z INFO HostContext] Well known directory 'Actions': '/home/jenny/tensorflow-mri/actions-runner/_work/_actions'
[2025-03-19 12:43:30Z INFO ActionManager] Load action that reference repository from '/home/jenny/tensorflow-mri/actions-runner/_work/_actions/openjournals/openjournals-draft-action/v.1.0'
[2025-03-19 12:43:30Z INFO HostContext] Well known directory 'Bin': '/home/jenny/tensorflow-mri/actions-runner/bin'
[2025-03-19 12:43:30Z INFO HostContext] Well known directory 'Root': '/home/jenny/tensorflow-mri/actions-runner'
[2025-03-19 12:43:30Z INFO HostContext] Well known directory 'Work': '/home/jenny/tensorflow-mri/actions-runner/_work'
[2025-03-19 12:43:30Z INFO HostContext] Well known directory 'Actions': '/home/jenny/tensorflow-mri/actions-runner/_work/_actions'
[2025-03-19 12:43:30Z INFO ActionManifestManager] Ignore action property branding.
[2025-03-19 12:43:30Z INFO ActionManifestManager] Loaded action.yml file: {
  "name": "Open Journals PDF Generator",
  "description": "Create a draft PDF for an Open Journals paper",
  "inputs": {
    "type": 2,
    "map": [
      {
        "key": {
          "type": 0,
          "file": 3,
          "line": 4,
          "col": 3,
          "lit": "journal"
        },
        "value": {
          "type": 0,
          "file": 3,
          "line": 7,
          "col": 14,
          "lit": "joss"
        }
      },
      {
        "key": {
          "type": 0,
          "file": 3,
          "line": 8,
          "col": 3,
          "lit": "paper-path"
        },
        "value": {
          "type": 0,
          "file": 3,
          "line": 13,
          "col": 14,
          "lit": "paper.md"
        }
      }
    ]
  },
  "execution": {
    "executionType": "container",
    "hasPre": false,
    "hasPost": false,
    "image": "docker://tarleb/paperdraft:latest",
    "entryPoint": null,
    "arguments": {
      "type": 1,
      "file": 3,
      "line": 21,
      "col": 5,
      "seq": [
        {
          "type": 3,
          "file": 3,
          "line": 21,
          "col": 7,
          "expr": "inputs.paper-path"
        }
      ]
    },
    "environment": {
      "type": 2,
      "file": 3,
      "line": 18,
      "col": 5,
      "map": [
        {
          "key": {
            "type": 0,
            "file": 3,
            "line": 18,
            "col": 5,
            "lit": "GIT_SHA"
          },
          "value": {
            "type": 0,
            "file": 3,
            "line": 18,
            "col": 14,
            "lit": "$GITHUB_SHA"
          }
        },
        {
          "key": {
            "type": 0,
            "file": 3,
            "line": 19,
            "col": 5,
            "lit": "JOURNAL"
          },
          "value": {
            "type": 3,
            "file": 3,
            "line": 19,
            "col": 14,
            "expr": "inputs.journal"
          }
        }
      ]
    },
    "pre": null,
    "post": null,
    "cleanupCondition": "always()",
    "initCondition": "always()"
  },
  "deprecated": null
}
[2025-03-19 12:43:30Z INFO ActionManager] Action container Dockerfile/image: docker://tarleb/paperdraft:latest.
[2025-03-19 12:43:30Z INFO ActionManager] Action container args:  {
  "type": 1,
  "file": 3,
  "line": 21,
  "col": 5,
  "seq": [
    {
      "type": 3,
      "file": 3,
      "line": 21,
      "col": 7,
      "expr": "inputs.paper-path"
    }
  ]
}.
[2025-03-19 12:43:30Z INFO ActionManager] Action container env: {
  "type": 2,
  "file": 3,
  "line": 18,
  "col": 5,
  "map": [
    {
      "key": {
        "type": 0,
        "file": 3,
        "line": 18,
        "col": 5,
        "lit": "GIT_SHA"
      },
      "value": {
        "type": 0,
        "file": 3,
        "line": 18,
        "col": 14,
        "lit": "$GITHUB_SHA"
      }
    },
    {
      "key": {
        "type": 0,
        "file": 3,
        "line": 19,
        "col": 5,
        "lit": "JOURNAL"
      },
      "value": {
        "type": 3,
        "file": 3,
        "line": 19,
        "col": 14,
        "expr": "inputs.journal"
      }
    }
  ]
}.
[2025-03-19 12:43:30Z INFO HostContext] Well known directory 'Bin': '/home/jenny/tensorflow-mri/actions-runner/bin'
[2025-03-19 12:43:30Z INFO HostContext] Well known directory 'Root': '/home/jenny/tensorflow-mri/actions-runner'
[2025-03-19 12:43:30Z INFO HostContext] Well known directory 'Work': '/home/jenny/tensorflow-mri/actions-runner/_work'
[2025-03-19 12:43:30Z INFO HostContext] Well known directory 'Actions': '/home/jenny/tensorflow-mri/actions-runner/_work/_actions'
[2025-03-19 12:43:30Z INFO HostContext] Well known directory 'Bin': '/home/jenny/tensorflow-mri/actions-runner/bin'
[2025-03-19 12:43:30Z INFO HostContext] Well known directory 'Root': '/home/jenny/tensorflow-mri/actions-runner'
[2025-03-19 12:43:30Z INFO HostContext] Well known directory 'Work': '/home/jenny/tensorflow-mri/actions-runner/_work'
[2025-03-19 12:43:30Z INFO HostContext] Well known directory 'Actions': '/home/jenny/tensorflow-mri/actions-runner/_work/_actions'
[2025-03-19 12:43:30Z INFO ActionManifestManager] Ignore action property author.
[2025-03-19 12:43:30Z INFO ActionManifestManager] Loaded action.yml file: {
  "name": "Upload a Build Artifact",
  "description": "Upload a build artifact that can be used by subsequent workflow steps",
  "inputs": {
    "type": 2,
    "map": [
      {
        "key": {
          "type": 0,
          "file": 4,
          "line": 5,
          "col": 3,
          "lit": "name"
        },
        "value": {
          "type": 0,
          "file": 4,
          "line": 7,
          "col": 14,
          "lit": "artifact"
        }
      },
      {
        "key": {
          "type": 0,
          "file": 4,
          "line": 8,
          "col": 3,
          "lit": "path"
        },
        "value": ""
      },
      {
        "key": {
          "type": 0,
          "file": 4,
          "line": 11,
          "col": 3,
          "lit": "if-no-files-found"
        },
        "value": {
          "type": 0,
          "file": 4,
          "line": 19,
          "col": 14,
          "lit": "warn"
        }
      },
      {
        "key": {
          "type": 0,
          "file": 4,
          "line": 20,
          "col": 3,
          "lit": "retention-days"
        },
        "value": ""
      },
      {
        "key": {
          "type": 0,
          "file": 4,
          "line": 26,
          "col": 3,
          "lit": "compression-level"
        },
        "value": {
          "type": 0,
          "file": 4,
          "line": 36,
          "col": 14,
          "lit": "6"
        }
      },
      {
        "key": {
          "type": 0,
          "file": 4,
          "line": 37,
          "col": 3,
          "lit": "overwrite"
        },
        "value": {
          "type": 0,
          "file": 4,
          "line": 42,
          "col": 14,
          "lit": "false"
        }
      },
      {
        "key": {
          "type": 0,
          "file": 4,
          "line": 43,
          "col": 3,
          "lit": "include-hidden-files"
        },
        "value": {
          "type": 0,
          "file": 4,
          "line": 47,
          "col": 14,
          "lit": "false"
        }
      }
    ]
  },
  "execution": {
    "executionType": "nodeJS",
    "hasPre": false,
    "hasPost": false,
    "script": "dist/upload/index.js",
    "pre": null,
    "post": null,
    "nodeVersion": "node20",
    "cleanupCondition": "always()",
    "initCondition": "always()"
  },
  "deprecated": null
}
[2025-03-19 12:43:30Z INFO ActionManager] Action node.js file: dist/upload/index.js, no more preparation.
[2025-03-19 12:43:30Z INFO HostContext] Well known directory 'Bin': '/home/jenny/tensorflow-mri/actions-runner/bin'
[2025-03-19 12:43:30Z INFO HostContext] Well known directory 'Root': '/home/jenny/tensorflow-mri/actions-runner'
[2025-03-19 12:43:30Z INFO HostContext] Well known directory 'Work': '/home/jenny/tensorflow-mri/actions-runner/_work'
[2025-03-19 12:43:30Z INFO HostContext] Well known directory 'Actions': '/home/jenny/tensorflow-mri/actions-runner/_work/_actions'
[2025-03-19 12:43:30Z INFO ActionManager] Load action that reference repository from '/home/jenny/tensorflow-mri/actions-runner/_work/_actions/actions/upload-artifact/v4'
[2025-03-19 12:43:30Z INFO HostContext] Well known directory 'Bin': '/home/jenny/tensorflow-mri/actions-runner/bin'
[2025-03-19 12:43:30Z INFO HostContext] Well known directory 'Root': '/home/jenny/tensorflow-mri/actions-runner'
[2025-03-19 12:43:30Z INFO HostContext] Well known directory 'Work': '/home/jenny/tensorflow-mri/actions-runner/_work'
[2025-03-19 12:43:30Z INFO HostContext] Well known directory 'Actions': '/home/jenny/tensorflow-mri/actions-runner/_work/_actions'
[2025-03-19 12:43:30Z INFO ActionManifestManager] Ignore action property author.
[2025-03-19 12:43:30Z INFO ActionManifestManager] Loaded action.yml file: {
  "name": "Upload a Build Artifact",
  "description": "Upload a build artifact that can be used by subsequent workflow steps",
  "inputs": {
    "type": 2,
    "map": [
      {
        "key": {
          "type": 0,
          "file": 4,
          "line": 5,
          "col": 3,
          "lit": "name"
        },
        "value": {
          "type": 0,
          "file": 4,
          "line": 7,
          "col": 14,
          "lit": "artifact"
        }
      },
      {
        "key": {
          "type": 0,
          "file": 4,
          "line": 8,
          "col": 3,
          "lit": "path"
        },
        "value": ""
      },
      {
        "key": {
          "type": 0,
          "file": 4,
          "line": 11,
          "col": 3,
          "lit": "if-no-files-found"
        },
        "value": {
          "type": 0,
          "file": 4,
          "line": 19,
          "col": 14,
          "lit": "warn"
        }
      },
      {
        "key": {
          "type": 0,
          "file": 4,
          "line": 20,
          "col": 3,
          "lit": "retention-days"
        },
        "value": ""
      },
      {
        "key": {
          "type": 0,
          "file": 4,
          "line": 26,
          "col": 3,
          "lit": "compression-level"
        },
        "value": {
          "type": 0,
          "file": 4,
          "line": 36,
          "col": 14,
          "lit": "6"
        }
      },
      {
        "key": {
          "type": 0,
          "file": 4,
          "line": 37,
          "col": 3,
          "lit": "overwrite"
        },
        "value": {
          "type": 0,
          "file": 4,
          "line": 42,
          "col": 14,
          "lit": "false"
        }
      },
      {
        "key": {
          "type": 0,
          "file": 4,
          "line": 43,
          "col": 3,
          "lit": "include-hidden-files"
        },
        "value": {
          "type": 0,
          "file": 4,
          "line": 47,
          "col": 14,
          "lit": "false"
        }
      }
    ]
  },
  "execution": {
    "executionType": "nodeJS",
    "hasPre": false,
    "hasPost": false,
    "script": "dist/upload/index.js",
    "pre": null,
    "post": null,
    "nodeVersion": "node20",
    "cleanupCondition": "always()",
    "initCondition": "always()"
  },
  "deprecated": null
}
[2025-03-19 12:43:30Z INFO ActionManager] Action pre node.js file: N/A.
[2025-03-19 12:43:30Z INFO ActionManager] Action node.js file: dist/upload/index.js.
[2025-03-19 12:43:30Z INFO ActionManager] Action post node.js file: N/A.
[2025-03-19 12:43:30Z INFO ActionManager] 1 steps need to pull image 'tarleb/paperdraft:latest'
[2025-03-19 12:43:30Z INFO JobExtension] Adding .
[2025-03-19 12:43:30Z INFO JobExtension] Adding .
[2025-03-19 12:43:30Z INFO JobExtension] Adding .
[2025-03-19 12:43:30Z INFO HostContext] Well known directory 'Bin': '/home/jenny/tensorflow-mri/actions-runner/bin'
[2025-03-19 12:43:30Z INFO HostContext] Well known directory 'Root': '/home/jenny/tensorflow-mri/actions-runner'
[2025-03-19 12:43:30Z INFO HostContext] Well known directory 'Diag': '/home/jenny/tensorflow-mri/actions-runner/_diag'
[2025-03-19 12:43:30Z INFO HostContext] Well known directory 'Bin': '/home/jenny/tensorflow-mri/actions-runner/bin'
[2025-03-19 12:43:30Z INFO HostContext] Well known directory 'Root': '/home/jenny/tensorflow-mri/actions-runner'
[2025-03-19 12:43:30Z INFO HostContext] Well known directory 'Diag': '/home/jenny/tensorflow-mri/actions-runner/_diag'
[2025-03-19 12:43:30Z INFO HostContext] Well known directory 'Bin': '/home/jenny/tensorflow-mri/actions-runner/bin'
[2025-03-19 12:43:30Z INFO HostContext] Well known directory 'Root': '/home/jenny/tensorflow-mri/actions-runner'
[2025-03-19 12:43:30Z INFO HostContext] Well known directory 'Diag': '/home/jenny/tensorflow-mri/actions-runner/_diag'
[2025-03-19 12:43:30Z INFO HostContext] Well known directory 'Bin': '/home/jenny/tensorflow-mri/actions-runner/bin'
[2025-03-19 12:43:30Z INFO HostContext] Well known directory 'Root': '/home/jenny/tensorflow-mri/actions-runner'
[2025-03-19 12:43:30Z INFO HostContext] Well known directory 'Diag': '/home/jenny/tensorflow-mri/actions-runner/_diag'
[2025-03-19 12:43:30Z INFO HostContext] Well known directory 'Bin': '/home/jenny/tensorflow-mri/actions-runner/bin'
[2025-03-19 12:43:30Z INFO HostContext] Well known directory 'Root': '/home/jenny/tensorflow-mri/actions-runner'
[2025-03-19 12:43:30Z INFO HostContext] Well known directory 'Diag': '/home/jenny/tensorflow-mri/actions-runner/_diag'
[2025-03-19 12:43:30Z INFO HostContext] Well known directory 'Bin': '/home/jenny/tensorflow-mri/actions-runner/bin'
[2025-03-19 12:43:30Z INFO HostContext] Well known directory 'Root': '/home/jenny/tensorflow-mri/actions-runner'
[2025-03-19 12:43:30Z INFO HostContext] Well known directory 'Diag': '/home/jenny/tensorflow-mri/actions-runner/_diag'
[2025-03-19 12:43:30Z INFO HostContext] Well known directory 'Bin': '/home/jenny/tensorflow-mri/actions-runner/bin'
[2025-03-19 12:43:30Z INFO HostContext] Well known directory 'Root': '/home/jenny/tensorflow-mri/actions-runner'
[2025-03-19 12:43:30Z INFO HostContext] Well known directory 'Diag': '/home/jenny/tensorflow-mri/actions-runner/_diag'
[2025-03-19 12:43:30Z INFO HostContext] Well known directory 'Bin': '/home/jenny/tensorflow-mri/actions-runner/bin'
[2025-03-19 12:43:30Z INFO HostContext] Well known directory 'Root': '/home/jenny/tensorflow-mri/actions-runner'
[2025-03-19 12:43:30Z INFO HostContext] Well known directory 'Diag': '/home/jenny/tensorflow-mri/actions-runner/_diag'
[2025-03-19 12:43:30Z INFO JobExtension] Total accessible running process: 561.
[2025-03-19 12:43:30Z INFO HostContext] Well known directory 'Bin': '/home/jenny/tensorflow-mri/actions-runner/bin'
[2025-03-19 12:43:30Z INFO HostContext] Well known directory 'Root': '/home/jenny/tensorflow-mri/actions-runner'
[2025-03-19 12:43:30Z INFO HostContext] Well known directory 'Work': '/home/jenny/tensorflow-mri/actions-runner/_work'
[2025-03-19 12:43:30Z INFO JobExtension] Start checking service connectivity in background.
[2025-03-19 12:43:31Z INFO ExecutionContext] Publish step telemetry for current step {
  "action": "setup_job",
  "type": "runner",
  "stage": "Pre",
  "stepId": "05d389be-a7ec-4b0a-ba56-b277bfe9f72e",
  "result": "succeeded",
  "errorMessages": [],
  "executionTimeInSeconds": 2,
  "startTime": "2025-03-19T12:43:29.0432252Z",
  "finishTime": "2025-03-19T12:43:30.999024Z"
}.
[2025-03-19 12:43:31Z INFO JobRunner] Total job steps: 4.
[2025-03-19 12:43:31Z INFO JobRunner] Run all job steps.
[2025-03-19 12:43:31Z INFO StepsRunner] Processing step: DisplayName='Pull tarleb/paperdraft:latest'
[2025-03-19 12:43:31Z INFO JobServerQueue] Got a step log file to send to results service.
[2025-03-19 12:43:31Z INFO JobServerQueue] Starting upload of step log file to results service ResultsLog, /home/jenny/tensorflow-mri/actions-runner/_diag/blocks/b3976377-3d73-4371-9101-528685db81e9_05d389be-a7ec-4b0a-ba56-b277bfe9f72e.1
[2025-03-19 12:43:31Z INFO JobServerQueue] Try to upload 1 log files or attachments, success rate: 1/1.
[2025-03-19 12:43:31Z INFO StepsRunner] Evaluating: success()
[2025-03-19 12:43:31Z INFO StepsRunner] Result: true
[2025-03-19 12:43:31Z INFO StepsRunner] Starting the step.
[2025-03-19 12:43:31Z INFO DockerCommandManager] Which2: 'docker'
[2025-03-19 12:43:31Z INFO DockerCommandManager] Location: '/usr/bin/docker'
[2025-03-19 12:43:31Z INFO HostContext] Well known directory 'Bin': '/home/jenny/tensorflow-mri/actions-runner/bin'
[2025-03-19 12:43:31Z INFO HostContext] Well known directory 'Root': '/home/jenny/tensorflow-mri/actions-runner'
[2025-03-19 12:43:31Z INFO ProcessInvokerWrapper] Starting process:
[2025-03-19 12:43:31Z INFO ProcessInvokerWrapper]   File name: '/usr/bin/docker'
[2025-03-19 12:43:31Z INFO ProcessInvokerWrapper]   Arguments: 'pull tarleb/paperdraft:latest'
[2025-03-19 12:43:31Z INFO ProcessInvokerWrapper]   Working directory: '/home/jenny/tensorflow-mri/actions-runner/_work/tensorflow-mri/tensorflow-mri'
[2025-03-19 12:43:31Z INFO ProcessInvokerWrapper]   Require exit code zero: 'False'
[2025-03-19 12:43:31Z INFO ProcessInvokerWrapper]   Encoding web name:  ; code page: ''
[2025-03-19 12:43:31Z INFO ProcessInvokerWrapper]   Force kill process on cancellation: 'False'
[2025-03-19 12:43:31Z INFO ProcessInvokerWrapper]   Redirected STDIN: 'False'
[2025-03-19 12:43:31Z INFO ProcessInvokerWrapper]   Persist current code page: 'False'
[2025-03-19 12:43:31Z INFO ProcessInvokerWrapper]   Keep redirected STDIN open: 'False'
[2025-03-19 12:43:31Z INFO ProcessInvokerWrapper]   High priority process: 'False'
[2025-03-19 12:43:31Z INFO ProcessInvokerWrapper] Updated oom_score_adj to 500 for PID: 1554546.
[2025-03-19 12:43:31Z INFO ProcessInvokerWrapper] Process started with process id 1554546, waiting for process exit.
[2025-03-19 12:43:31Z INFO JobServerQueue] Try to append 1 batches web console lines for record '05d389be-a7ec-4b0a-ba56-b277bfe9f72e', success rate: 1/1.
[2025-03-19 12:43:31Z INFO JobServerQueue] Try to append 1 batches web console lines for record 'e51fbe45-5b24-4e83-b0e5-07a8badd6d43', success rate: 1/1.
[2025-03-19 12:43:31Z INFO JobServerQueue] Tried to upload 1 file(s) to results, success rate: 1/1.
[2025-03-19 12:43:32Z INFO ProcessInvokerWrapper] STDOUT/STDERR stream read finished.
[2025-03-19 12:43:32Z INFO ProcessInvokerWrapper] STDOUT/STDERR stream read finished.
[2025-03-19 12:43:32Z INFO ProcessInvokerWrapper] Finished process 1554546 with exit code 0, and elapsed time 00:00:01.0083206.
[2025-03-19 12:43:32Z INFO ActionManager] Prepared docker image 'tarleb/paperdraft:latest' for action 22d59ed7-1870-45a2-a67d-0f4fb8530136 (tarleb/paperdraft:latest)
[2025-03-19 12:43:32Z INFO StepsRunner] Step result: 
[2025-03-19 12:43:32Z INFO ExecutionContext] Publish step telemetry for current step {
  "action": "pull_tarleb/paperdraft:latest",
  "type": "runner",
  "stage": "Pre",
  "stepId": "e51fbe45-5b24-4e83-b0e5-07a8badd6d43",
  "stepContextName": "e51fbe455b244e83b0e507a8badd6d43",
  "result": "succeeded",
  "errorMessages": [],
  "executionTimeInSeconds": 2,
  "startTime": "2025-03-19T12:43:31.0077868Z",
  "finishTime": "2025-03-19T12:43:32.0296146Z"
}.
[2025-03-19 12:43:32Z INFO StepsRunner] No need for updating job result with current step result 'Succeeded'.
[2025-03-19 12:43:32Z INFO StepsRunner] Current state: job state = ''
[2025-03-19 12:43:32Z INFO StepsRunner] Processing step: DisplayName='Checkout'
[2025-03-19 12:43:32Z INFO StepsRunner] Evaluating: success()
[2025-03-19 12:43:32Z INFO StepsRunner] Result: true
[2025-03-19 12:43:32Z INFO StepsRunner] Starting the step.
[2025-03-19 12:43:32Z INFO HostContext] Well known directory 'Bin': '/home/jenny/tensorflow-mri/actions-runner/bin'
[2025-03-19 12:43:32Z INFO HostContext] Well known directory 'Root': '/home/jenny/tensorflow-mri/actions-runner'
[2025-03-19 12:43:32Z INFO HostContext] Well known directory 'Work': '/home/jenny/tensorflow-mri/actions-runner/_work'
[2025-03-19 12:43:32Z INFO HostContext] Well known directory 'Actions': '/home/jenny/tensorflow-mri/actions-runner/_work/_actions'
[2025-03-19 12:43:32Z INFO ActionManager] Load action that reference repository from '/home/jenny/tensorflow-mri/actions-runner/_work/_actions/actions/checkout/v4'
[2025-03-19 12:43:32Z INFO HostContext] Well known directory 'Bin': '/home/jenny/tensorflow-mri/actions-runner/bin'
[2025-03-19 12:43:32Z INFO HostContext] Well known directory 'Root': '/home/jenny/tensorflow-mri/actions-runner'
[2025-03-19 12:43:32Z INFO HostContext] Well known directory 'Work': '/home/jenny/tensorflow-mri/actions-runner/_work'
[2025-03-19 12:43:32Z INFO HostContext] Well known directory 'Actions': '/home/jenny/tensorflow-mri/actions-runner/_work/_actions'
[2025-03-19 12:43:32Z INFO ActionManifestManager] Loaded action.yml file: {
  "name": "Checkout",
  "description": "Checkout a Git repository at a particular version",
  "inputs": {
    "type": 2,
    "map": [
      {
        "key": {
          "type": 0,
          "file": 2,
          "line": 4,
          "col": 3,
          "lit": "repository"
        },
        "value": {
          "type": 3,
          "file": 2,
          "line": 6,
          "col": 14,
          "expr": "github.repository"
        }
      },
      {
        "key": {
          "type": 0,
          "file": 2,
          "line": 7,
          "col": 3,
          "lit": "ref"
        },
        "value": ""
      },
      {
        "key": {
          "type": 0,
          "file": 2,
          "line": 12,
          "col": 3,
          "lit": "token"
        },
        "value": {
          "type": 3,
          "file": 2,
          "line": 24,
          "col": 14,
          "expr": "github.token"
        }
      },
      {
        "key": {
          "type": 0,
          "file": 2,
          "line": 25,
          "col": 3,
          "lit": "ssh-key"
        },
        "value": ""
      },
      {
        "key": {
          "type": 0,
          "file": 2,
          "line": 37,
          "col": 3,
          "lit": "ssh-known-hosts"
        },
        "value": ""
      },
      {
        "key": {
          "type": 0,
          "file": 2,
          "line": 42,
          "col": 3,
          "lit": "ssh-strict"
        },
        "value": {
          "type": 0,
          "file": 2,
          "line": 47,
          "col": 14,
          "lit": "true"
        }
      },
      {
        "key": {
          "type": 0,
          "file": 2,
          "line": 48,
          "col": 3,
          "lit": "ssh-user"
        },
        "value": {
          "type": 0,
          "file": 2,
          "line": 51,
          "col": 14,
          "lit": "git"
        }
      },
      {
        "key": {
          "type": 0,
          "file": 2,
          "line": 52,
          "col": 3,
          "lit": "persist-credentials"
        },
        "value": {
          "type": 0,
          "file": 2,
          "line": 54,
          "col": 14,
          "lit": "true"
        }
      },
      {
        "key": {
          "type": 0,
          "file": 2,
          "line": 55,
          "col": 3,
          "lit": "path"
        },
        "value": ""
      },
      {
        "key": {
          "type": 0,
          "file": 2,
          "line": 57,
          "col": 3,
          "lit": "clean"
        },
        "value": {
          "type": 0,
          "file": 2,
          "line": 59,
          "col": 14,
          "lit": "true"
        }
      },
      {
        "key": {
          "type": 0,
          "file": 2,
          "line": 60,
          "col": 3,
          "lit": "filter"
        },
        "value": {
          "type": 0,
          "file": 2,
          "line": 64,
          "col": 14,
          "lit": ""
        }
      },
      {
        "key": {
          "type": 0,
          "file": 2,
          "line": 65,
          "col": 3,
          "lit": "sparse-checkout"
        },
        "value": {
          "type": 0,
          "file": 2,
          "line": 69,
          "col": 14,
          "lit": ""
        }
      },
      {
        "key": {
          "type": 0,
          "file": 2,
          "line": 70,
          "col": 3,
          "lit": "sparse-checkout-cone-mode"
        },
        "value": {
          "type": 0,
          "file": 2,
          "line": 73,
          "col": 14,
          "lit": "true"
        }
      },
      {
        "key": {
          "type": 0,
          "file": 2,
          "line": 74,
          "col": 3,
          "lit": "fetch-depth"
        },
        "value": {
          "type": 0,
          "file": 2,
          "line": 76,
          "col": 14,
          "lit": "1"
        }
      },
      {
        "key": {
          "type": 0,
          "file": 2,
          "line": 77,
          "col": 3,
          "lit": "fetch-tags"
        },
        "value": {
          "type": 0,
          "file": 2,
          "line": 79,
          "col": 14,
          "lit": "false"
        }
      },
      {
        "key": {
          "type": 0,
          "file": 2,
          "line": 80,
          "col": 3,
          "lit": "show-progress"
        },
        "value": {
          "type": 0,
          "file": 2,
          "line": 82,
          "col": 14,
          "lit": "true"
        }
      },
      {
        "key": {
          "type": 0,
          "file": 2,
          "line": 83,
          "col": 3,
          "lit": "lfs"
        },
        "value": {
          "type": 0,
          "file": 2,
          "line": 85,
          "col": 14,
          "lit": "false"
        }
      },
      {
        "key": {
          "type": 0,
          "file": 2,
          "line": 86,
          "col": 3,
          "lit": "submodules"
        },
        "value": {
          "type": 0,
          "file": 2,
          "line": 94,
          "col": 14,
          "lit": "false"
        }
      },
      {
        "key": {
          "type": 0,
          "file": 2,
          "line": 95,
          "col": 3,
          "lit": "set-safe-directory"
        },
        "value": {
          "type": 0,
          "file": 2,
          "line": 97,
          "col": 14,
          "lit": "true"
        }
      },
      {
        "key": {
          "type": 0,
          "file": 2,
          "line": 98,
          "col": 3,
          "lit": "github-server-url"
        },
        "value": ""
      }
    ]
  },
  "execution": {
    "executionType": "nodeJS",
    "hasPre": false,
    "hasPost": true,
    "script": "dist/index.js",
    "pre": null,
    "post": "dist/index.js",
    "nodeVersion": "node20",
    "cleanupCondition": "always()",
    "initCondition": "always()"
  },
  "deprecated": null
}
[2025-03-19 12:43:32Z INFO ActionManager] Action pre node.js file: N/A.
[2025-03-19 12:43:32Z INFO ActionManager] Action node.js file: dist/index.js.
[2025-03-19 12:43:32Z INFO ActionManager] Action post node.js file: dist/index.js.
[2025-03-19 12:43:32Z INFO ExecutionContext] Reserve record order 6 to 10 for post job actions.
[2025-03-19 12:43:32Z INFO HostContext] Well known directory 'Bin': '/home/jenny/tensorflow-mri/actions-runner/bin'
[2025-03-19 12:43:32Z INFO HostContext] Well known directory 'Root': '/home/jenny/tensorflow-mri/actions-runner'
[2025-03-19 12:43:32Z INFO HostContext] Well known directory 'Diag': '/home/jenny/tensorflow-mri/actions-runner/_diag'
[2025-03-19 12:43:32Z INFO HostContext] Well known directory 'Bin': '/home/jenny/tensorflow-mri/actions-runner/bin'
[2025-03-19 12:43:32Z INFO HostContext] Well known directory 'Root': '/home/jenny/tensorflow-mri/actions-runner'
[2025-03-19 12:43:32Z INFO HostContext] Well known directory 'Diag': '/home/jenny/tensorflow-mri/actions-runner/_diag'
[2025-03-19 12:43:32Z INFO HostContext] Well known directory 'Bin': '/home/jenny/tensorflow-mri/actions-runner/bin'
[2025-03-19 12:43:32Z INFO HostContext] Well known directory 'Root': '/home/jenny/tensorflow-mri/actions-runner'
[2025-03-19 12:43:32Z INFO HostContext] Well known directory 'Work': '/home/jenny/tensorflow-mri/actions-runner/_work'
[2025-03-19 12:43:32Z INFO HostContext] Well known directory 'Temp': '/home/jenny/tensorflow-mri/actions-runner/_work/_temp'
[2025-03-19 12:43:32Z INFO ExecutionContext] Write event payload to /home/jenny/tensorflow-mri/actions-runner/_work/_temp/_github_workflow/event.json
[2025-03-19 12:43:32Z INFO HostContext] Well known directory 'Bin': '/home/jenny/tensorflow-mri/actions-runner/bin'
[2025-03-19 12:43:32Z INFO HostContext] Well known directory 'Root': '/home/jenny/tensorflow-mri/actions-runner'
[2025-03-19 12:43:32Z INFO HostContext] Well known directory 'Work': '/home/jenny/tensorflow-mri/actions-runner/_work'
[2025-03-19 12:43:32Z INFO HostContext] Well known directory 'Temp': '/home/jenny/tensorflow-mri/actions-runner/_work/_temp'
[2025-03-19 12:43:32Z INFO ExtensionManager] Getting extensions for interface: 'GitHub.Runner.Worker.IFileCommandExtension'
[2025-03-19 12:43:32Z INFO ExtensionManager] Creating instance: GitHub.Runner.Worker.AddPathFileCommand, Runner.Worker
[2025-03-19 12:43:32Z INFO ExtensionManager] Creating instance: GitHub.Runner.Worker.SetEnvFileCommand, Runner.Worker
[2025-03-19 12:43:32Z INFO ExtensionManager] Creating instance: GitHub.Runner.Worker.CreateStepSummaryCommand, Runner.Worker
[2025-03-19 12:43:32Z INFO ExtensionManager] Creating instance: GitHub.Runner.Worker.SaveStateFileCommand, Runner.Worker
[2025-03-19 12:43:32Z INFO ExtensionManager] Creating instance: GitHub.Runner.Worker.SetOutputFileCommand, Runner.Worker
[2025-03-19 12:43:32Z INFO ActionManifestManager] Input 'repository': default value evaluate result: {
  "type": 0,
  "file": 2,
  "line": 6,
  "col": 14,
  "lit": "mrphys/tensorflow-mri"
}
[2025-03-19 12:43:32Z INFO ActionManifestManager] Input 'ref': default value evaluate result: ""
[2025-03-19 12:43:32Z INFO ActionManifestManager] Input 'token': default value evaluate result: {
  "type": 0,
  "file": 2,
  "line": 24,
  "col": 14,
  "lit": "***"
}
[2025-03-19 12:43:32Z INFO ActionManifestManager] Input 'ssh-key': default value evaluate result: ""
[2025-03-19 12:43:32Z INFO ActionManifestManager] Input 'ssh-known-hosts': default value evaluate result: ""
[2025-03-19 12:43:32Z INFO ActionManifestManager] Input 'ssh-strict': default value evaluate result: {
  "type": 0,
  "file": 2,
  "line": 47,
  "col": 14,
  "lit": "true"
}
[2025-03-19 12:43:32Z INFO ActionManifestManager] Input 'ssh-user': default value evaluate result: {
  "type": 0,
  "file": 2,
  "line": 51,
  "col": 14,
  "lit": "git"
}
[2025-03-19 12:43:32Z INFO ActionManifestManager] Input 'persist-credentials': default value evaluate result: {
  "type": 0,
  "file": 2,
  "line": 54,
  "col": 14,
  "lit": "true"
}
[2025-03-19 12:43:32Z INFO ActionManifestManager] Input 'path': default value evaluate result: ""
[2025-03-19 12:43:32Z INFO ActionManifestManager] Input 'clean': default value evaluate result: {
  "type": 0,
  "file": 2,
  "line": 59,
  "col": 14,
  "lit": "true"
}
[2025-03-19 12:43:32Z INFO ActionManifestManager] Input 'filter': default value evaluate result: {
  "type": 0,
  "file": 2,
  "line": 64,
  "col": 14,
  "lit": ""
}
[2025-03-19 12:43:32Z INFO ActionManifestManager] Input 'sparse-checkout': default value evaluate result: {
  "type": 0,
  "file": 2,
  "line": 69,
  "col": 14,
  "lit": ""
}
[2025-03-19 12:43:32Z INFO ActionManifestManager] Input 'sparse-checkout-cone-mode': default value evaluate result: {
  "type": 0,
  "file": 2,
  "line": 73,
  "col": 14,
  "lit": "true"
}
[2025-03-19 12:43:32Z INFO ActionManifestManager] Input 'fetch-depth': default value evaluate result: {
  "type": 0,
  "file": 2,
  "line": 76,
  "col": 14,
  "lit": "1"
}
[2025-03-19 12:43:32Z INFO ActionManifestManager] Input 'fetch-tags': default value evaluate result: {
  "type": 0,
  "file": 2,
  "line": 79,
  "col": 14,
  "lit": "false"
}
[2025-03-19 12:43:32Z INFO ActionManifestManager] Input 'show-progress': default value evaluate result: {
  "type": 0,
  "file": 2,
  "line": 82,
  "col": 14,
  "lit": "true"
}
[2025-03-19 12:43:32Z INFO ActionManifestManager] Input 'lfs': default value evaluate result: {
  "type": 0,
  "file": 2,
  "line": 85,
  "col": 14,
  "lit": "false"
}
[2025-03-19 12:43:32Z INFO ActionManifestManager] Input 'submodules': default value evaluate result: {
  "type": 0,
  "file": 2,
  "line": 94,
  "col": 14,
  "lit": "false"
}
[2025-03-19 12:43:32Z INFO ActionManifestManager] Input 'set-safe-directory': default value evaluate result: {
  "type": 0,
  "file": 2,
  "line": 97,
  "col": 14,
  "lit": "true"
}
[2025-03-19 12:43:32Z INFO ActionManifestManager] Input 'github-server-url': default value evaluate result: ""
[2025-03-19 12:43:32Z INFO ExtensionManager] Getting extensions for interface: 'GitHub.Runner.Worker.IActionCommandExtension'
[2025-03-19 12:43:32Z INFO ExtensionManager] Creating instance: GitHub.Runner.Worker.InternalPluginSetRepoPathCommandExtension, Runner.Worker
[2025-03-19 12:43:32Z INFO ExtensionManager] Creating instance: GitHub.Runner.Worker.SetEnvCommandExtension, Runner.Worker
[2025-03-19 12:43:32Z INFO ExtensionManager] Creating instance: GitHub.Runner.Worker.SetOutputCommandExtension, Runner.Worker
[2025-03-19 12:43:32Z INFO ExtensionManager] Creating instance: GitHub.Runner.Worker.SaveStateCommandExtension, Runner.Worker
[2025-03-19 12:43:32Z INFO ExtensionManager] Creating instance: GitHub.Runner.Worker.AddPathCommandExtension, Runner.Worker
[2025-03-19 12:43:32Z INFO ExtensionManager] Creating instance: GitHub.Runner.Worker.AddMaskCommandExtension, Runner.Worker
[2025-03-19 12:43:32Z INFO ExtensionManager] Creating instance: GitHub.Runner.Worker.AddMatcherCommandExtension, Runner.Worker
[2025-03-19 12:43:32Z INFO ExtensionManager] Creating instance: GitHub.Runner.Worker.RemoveMatcherCommandExtension, Runner.Worker
[2025-03-19 12:43:32Z INFO ExtensionManager] Creating instance: GitHub.Runner.Worker.WarningCommandExtension, Runner.Worker
[2025-03-19 12:43:32Z INFO ExtensionManager] Creating instance: GitHub.Runner.Worker.ErrorCommandExtension, Runner.Worker
[2025-03-19 12:43:32Z INFO ExtensionManager] Creating instance: GitHub.Runner.Worker.NoticeCommandExtension, Runner.Worker
[2025-03-19 12:43:32Z INFO ExtensionManager] Creating instance: GitHub.Runner.Worker.DebugCommandExtension, Runner.Worker
[2025-03-19 12:43:32Z INFO ExtensionManager] Creating instance: GitHub.Runner.Worker.GroupCommandExtension, Runner.Worker
[2025-03-19 12:43:32Z INFO ExtensionManager] Creating instance: GitHub.Runner.Worker.EndGroupCommandExtension, Runner.Worker
[2025-03-19 12:43:32Z INFO ExtensionManager] Creating instance: GitHub.Runner.Worker.EchoCommandExtension, Runner.Worker
[2025-03-19 12:43:32Z INFO ActionCommandManager] Register action command extension for command internal-set-repo-path
[2025-03-19 12:43:32Z INFO ActionCommandManager] Register action command extension for command set-env
[2025-03-19 12:43:32Z INFO ActionCommandManager] Register action command extension for command set-output
[2025-03-19 12:43:32Z INFO ActionCommandManager] Register action command extension for command save-state
[2025-03-19 12:43:32Z INFO ActionCommandManager] Register action command extension for command add-path
[2025-03-19 12:43:32Z INFO ActionCommandManager] Register action command extension for command add-mask
[2025-03-19 12:43:32Z INFO ActionCommandManager] Register action command extension for command add-matcher
[2025-03-19 12:43:32Z INFO ActionCommandManager] Register action command extension for command remove-matcher
[2025-03-19 12:43:32Z INFO ActionCommandManager] Register action command extension for command warning
[2025-03-19 12:43:32Z INFO ActionCommandManager] Register action command extension for command error
[2025-03-19 12:43:32Z INFO ActionCommandManager] Register action command extension for command notice
[2025-03-19 12:43:32Z INFO ActionCommandManager] Register action command extension for command debug
[2025-03-19 12:43:32Z INFO ActionCommandManager] Register action command extension for command group
[2025-03-19 12:43:32Z INFO ActionCommandManager] Register action command extension for command endgroup
[2025-03-19 12:43:32Z INFO ActionCommandManager] Register action command extension for command echo
[2025-03-19 12:43:32Z INFO HostContext] Well known directory 'Bin': '/home/jenny/tensorflow-mri/actions-runner/bin'
[2025-03-19 12:43:32Z INFO HostContext] Well known directory 'Root': '/home/jenny/tensorflow-mri/actions-runner'
[2025-03-19 12:43:32Z INFO HostContext] Well known directory 'Externals': '/home/jenny/tensorflow-mri/actions-runner/externals'
[2025-03-19 12:43:32Z INFO ProcessInvokerWrapper] Starting process:
[2025-03-19 12:43:32Z INFO ProcessInvokerWrapper]   File name: '/home/jenny/tensorflow-mri/actions-runner/externals/node20/bin/node'
[2025-03-19 12:43:32Z INFO ProcessInvokerWrapper]   Arguments: '"/home/jenny/tensorflow-mri/actions-runner/_work/_actions/actions/checkout/v4/dist/index.js"'
[2025-03-19 12:43:32Z INFO ProcessInvokerWrapper]   Working directory: '/home/jenny/tensorflow-mri/actions-runner/_work/tensorflow-mri/tensorflow-mri'
[2025-03-19 12:43:32Z INFO ProcessInvokerWrapper]   Require exit code zero: 'False'
[2025-03-19 12:43:32Z INFO ProcessInvokerWrapper]   Encoding web name:  ; code page: ''
[2025-03-19 12:43:32Z INFO ProcessInvokerWrapper]   Force kill process on cancellation: 'False'
[2025-03-19 12:43:32Z INFO ProcessInvokerWrapper]   Redirected STDIN: 'False'
[2025-03-19 12:43:32Z INFO ProcessInvokerWrapper]   Persist current code page: 'False'
[2025-03-19 12:43:32Z INFO ProcessInvokerWrapper]   Keep redirected STDIN open: 'False'
[2025-03-19 12:43:32Z INFO ProcessInvokerWrapper]   High priority process: 'False'
[2025-03-19 12:43:32Z INFO ProcessInvokerWrapper] Updated oom_score_adj to 500 for PID: 1554566.
[2025-03-19 12:43:32Z INFO ProcessInvokerWrapper] Process started with process id 1554566, waiting for process exit.
[2025-03-19 12:43:32Z INFO JobServerQueue] Try to append 1 batches web console lines for record 'e51fbe45-5b24-4e83-b0e5-07a8badd6d43', success rate: 1/1.
[2025-03-19 12:43:32Z INFO JobServerQueue] Try to append 1 batches web console lines for record '308fd2a6-6ca8-45a0-b4bb-dbec03d5cd75', success rate: 1/1.
[2025-03-19 12:43:32Z INFO AddMaskCommandExtension] Add new secret mask with length of 76
[2025-03-19 12:43:32Z INFO ProcessInvokerWrapper] STDOUT/STDERR stream read finished.
[2025-03-19 12:43:32Z INFO ProcessInvokerWrapper] STDOUT/STDERR stream read finished.
[2025-03-19 12:43:32Z INFO JobServerQueue] Try to append 2 batches web console lines for record '308fd2a6-6ca8-45a0-b4bb-dbec03d5cd75', success rate: 2/2.
[2025-03-19 12:43:32Z INFO ProcessInvokerWrapper] Finished process 1554566 with exit code 1, and elapsed time 00:00:00.2577558.
[2025-03-19 12:43:32Z INFO CreateStepSummaryCommand] Step Summary file (/home/jenny/tensorflow-mri/actions-runner/_work/_temp/_runner_file_commands/step_summary_ee738939-2e7c-4e9d-83ec-e6ab9a2834cd) is empty; skipping attachment upload
[2025-03-19 12:43:32Z INFO StepsRunner] Step result: Failed
[2025-03-19 12:43:32Z INFO ExecutionContext] Publish step telemetry for current step {
  "action": "actions/checkout",
  "ref": "v4",
  "type": "node20",
  "stage": "Main",
  "stepId": "308fd2a6-6ca8-45a0-b4bb-dbec03d5cd75",
  "stepContextName": "__actions_checkout",
  "hasPreStep": false,
  "hasPostStep": true,
  "result": "failed",
  "errorMessages": [
    "Unable to clean or reset the repository. The repository will be recreated instead.",
    "File was unable to be removed Error: EACCES: permission denied, unlink '/home/jenny/tensorflow-mri/actions-runner/_work/tensorflow-mri/tensorflow-mri/artifacts/tensorflow_mri-0.23.0-cp39-cp39-manylinux_2_17_x86_64.manylinux2014_x86_64.whl'"
  ],
  "executionTimeInSeconds": 1,
  "startTime": "2025-03-19T12:43:32.0304158Z",
  "finishTime": "2025-03-19T12:43:32.3244554Z"
}.
[2025-03-19 12:43:32Z INFO StepsRunner] Update job result with current step result 'Failed'.
[2025-03-19 12:43:32Z INFO StepsRunner] Current state: job state = 'Failed'
[2025-03-19 12:43:32Z INFO StepsRunner] Processing step: DisplayName='Open Journals PDF Generator'
[2025-03-19 12:43:32Z INFO StepsRunner] Evaluating: success()
[2025-03-19 12:43:32Z INFO StepsRunner] Result: false
[2025-03-19 12:43:32Z INFO StepsRunner] Skipping step due to condition evaluation.
[2025-03-19 12:43:32Z INFO StepsRunner] No need for updating job result with current step result 'Skipped'.
[2025-03-19 12:43:32Z INFO StepsRunner] Current state: job state = 'Failed'
[2025-03-19 12:43:32Z INFO StepsRunner] Processing step: DisplayName='Upload'
[2025-03-19 12:43:32Z INFO StepsRunner] Evaluating: success()
[2025-03-19 12:43:32Z INFO StepsRunner] Result: false
[2025-03-19 12:43:32Z INFO StepsRunner] Skipping step due to condition evaluation.
[2025-03-19 12:43:32Z INFO StepsRunner] No need for updating job result with current step result 'Skipped'.
[2025-03-19 12:43:32Z INFO StepsRunner] Current state: job state = 'Failed'
[2025-03-19 12:43:32Z INFO StepsRunner] Processing step: DisplayName='Post Checkout'
[2025-03-19 12:43:32Z INFO StepsRunner] Evaluating: always()
[2025-03-19 12:43:32Z INFO StepsRunner] Result: true
[2025-03-19 12:43:32Z INFO StepsRunner] Starting the step.
[2025-03-19 12:43:32Z INFO HostContext] Well known directory 'Bin': '/home/jenny/tensorflow-mri/actions-runner/bin'
[2025-03-19 12:43:32Z INFO HostContext] Well known directory 'Root': '/home/jenny/tensorflow-mri/actions-runner'
[2025-03-19 12:43:32Z INFO HostContext] Well known directory 'Work': '/home/jenny/tensorflow-mri/actions-runner/_work'
[2025-03-19 12:43:32Z INFO HostContext] Well known directory 'Actions': '/home/jenny/tensorflow-mri/actions-runner/_work/_actions'
[2025-03-19 12:43:32Z INFO ActionManager] Load action that reference repository from '/home/jenny/tensorflow-mri/actions-runner/_work/_actions/actions/checkout/v4'
[2025-03-19 12:43:32Z INFO HostContext] Well known directory 'Bin': '/home/jenny/tensorflow-mri/actions-runner/bin'
[2025-03-19 12:43:32Z INFO HostContext] Well known directory 'Root': '/home/jenny/tensorflow-mri/actions-runner'
[2025-03-19 12:43:32Z INFO HostContext] Well known directory 'Work': '/home/jenny/tensorflow-mri/actions-runner/_work'
[2025-03-19 12:43:32Z INFO HostContext] Well known directory 'Actions': '/home/jenny/tensorflow-mri/actions-runner/_work/_actions'
[2025-03-19 12:43:32Z INFO ActionManifestManager] Loaded action.yml file: {
  "name": "Checkout",
  "description": "Checkout a Git repository at a particular version",
  "inputs": {
    "type": 2,
    "map": [
      {
        "key": {
          "type": 0,
          "file": 2,
          "line": 4,
          "col": 3,
          "lit": "repository"
        },
        "value": {
          "type": 3,
          "file": 2,
          "line": 6,
          "col": 14,
          "expr": "github.repository"
        }
      },
      {
        "key": {
          "type": 0,
          "file": 2,
          "line": 7,
          "col": 3,
          "lit": "ref"
        },
        "value": ""
      },
      {
        "key": {
          "type": 0,
          "file": 2,
          "line": 12,
          "col": 3,
          "lit": "token"
        },
        "value": {
          "type": 3,
          "file": 2,
          "line": 24,
          "col": 14,
          "expr": "github.token"
        }
      },
      {
        "key": {
          "type": 0,
          "file": 2,
          "line": 25,
          "col": 3,
          "lit": "ssh-key"
        },
        "value": ""
      },
      {
        "key": {
          "type": 0,
          "file": 2,
          "line": 37,
          "col": 3,
          "lit": "ssh-known-hosts"
        },
        "value": ""
      },
      {
        "key": {
          "type": 0,
          "file": 2,
          "line": 42,
          "col": 3,
          "lit": "ssh-strict"
        },
        "value": {
          "type": 0,
          "file": 2,
          "line": 47,
          "col": 14,
          "lit": "true"
        }
      },
      {
        "key": {
          "type": 0,
          "file": 2,
          "line": 48,
          "col": 3,
          "lit": "ssh-user"
        },
        "value": {
          "type": 0,
          "file": 2,
          "line": 51,
          "col": 14,
          "lit": "git"
        }
      },
      {
        "key": {
          "type": 0,
          "file": 2,
          "line": 52,
          "col": 3,
          "lit": "persist-credentials"
        },
        "value": {
          "type": 0,
          "file": 2,
          "line": 54,
          "col": 14,
          "lit": "true"
        }
      },
      {
        "key": {
          "type": 0,
          "file": 2,
          "line": 55,
          "col": 3,
          "lit": "path"
        },
        "value": ""
      },
      {
        "key": {
          "type": 0,
          "file": 2,
          "line": 57,
          "col": 3,
          "lit": "clean"
        },
        "value": {
          "type": 0,
          "file": 2,
          "line": 59,
          "col": 14,
          "lit": "true"
        }
      },
      {
        "key": {
          "type": 0,
          "file": 2,
          "line": 60,
          "col": 3,
          "lit": "filter"
        },
        "value": {
          "type": 0,
          "file": 2,
          "line": 64,
          "col": 14,
          "lit": ""
        }
      },
      {
        "key": {
          "type": 0,
          "file": 2,
          "line": 65,
          "col": 3,
          "lit": "sparse-checkout"
        },
        "value": {
          "type": 0,
          "file": 2,
          "line": 69,
          "col": 14,
          "lit": ""
        }
      },
      {
        "key": {
          "type": 0,
          "file": 2,
          "line": 70,
          "col": 3,
          "lit": "sparse-checkout-cone-mode"
        },
        "value": {
          "type": 0,
          "file": 2,
          "line": 73,
          "col": 14,
          "lit": "true"
        }
      },
      {
        "key": {
          "type": 0,
          "file": 2,
          "line": 74,
          "col": 3,
          "lit": "fetch-depth"
        },
        "value": {
          "type": 0,
          "file": 2,
          "line": 76,
          "col": 14,
          "lit": "1"
        }
      },
      {
        "key": {
          "type": 0,
          "file": 2,
          "line": 77,
          "col": 3,
          "lit": "fetch-tags"
        },
        "value": {
          "type": 0,
          "file": 2,
          "line": 79,
          "col": 14,
          "lit": "false"
        }
      },
      {
        "key": {
          "type": 0,
          "file": 2,
          "line": 80,
          "col": 3,
          "lit": "show-progress"
        },
        "value": {
          "type": 0,
          "file": 2,
          "line": 82,
          "col": 14,
          "lit": "true"
        }
      },
      {
        "key": {
          "type": 0,
          "file": 2,
          "line": 83,
          "col": 3,
          "lit": "lfs"
        },
        "value": {
          "type": 0,
          "file": 2,
          "line": 85,
          "col": 14,
          "lit": "false"
        }
      },
      {
        "key": {
          "type": 0,
          "file": 2,
          "line": 86,
          "col": 3,
          "lit": "submodules"
        },
        "value": {
          "type": 0,
          "file": 2,
          "line": 94,
          "col": 14,
          "lit": "false"
        }
      },
      {
        "key": {
          "type": 0,
          "file": 2,
          "line": 95,
          "col": 3,
          "lit": "set-safe-directory"
        },
        "value": {
          "type": 0,
          "file": 2,
          "line": 97,
          "col": 14,
          "lit": "true"
        }
      },
      {
        "key": {
          "type": 0,
          "file": 2,
          "line": 98,
          "col": 3,
          "lit": "github-server-url"
        },
        "value": ""
      }
    ]
  },
  "execution": {
    "executionType": "nodeJS",
    "hasPre": false,
    "hasPost": true,
    "script": "dist/index.js",
    "pre": null,
    "post": "dist/index.js",
    "nodeVersion": "node20",
    "cleanupCondition": "always()",
    "initCondition": "always()"
  },
  "deprecated": null
}
[2025-03-19 12:43:32Z INFO ActionManager] Action pre node.js file: N/A.
[2025-03-19 12:43:32Z INFO ActionManager] Action node.js file: dist/index.js.
[2025-03-19 12:43:32Z INFO ActionManager] Action post node.js file: dist/index.js.
[2025-03-19 12:43:32Z INFO HostContext] Well known directory 'Bin': '/home/jenny/tensorflow-mri/actions-runner/bin'
[2025-03-19 12:43:32Z INFO HostContext] Well known directory 'Root': '/home/jenny/tensorflow-mri/actions-runner'
[2025-03-19 12:43:32Z INFO HostContext] Well known directory 'Work': '/home/jenny/tensorflow-mri/actions-runner/_work'
[2025-03-19 12:43:32Z INFO HostContext] Well known directory 'Temp': '/home/jenny/tensorflow-mri/actions-runner/_work/_temp'
[2025-03-19 12:43:32Z INFO ExecutionContext] Write event payload to /home/jenny/tensorflow-mri/actions-runner/_work/_temp/_github_workflow/event.json
[2025-03-19 12:43:32Z INFO HostContext] Well known directory 'Bin': '/home/jenny/tensorflow-mri/actions-runner/bin'
[2025-03-19 12:43:32Z INFO HostContext] Well known directory 'Root': '/home/jenny/tensorflow-mri/actions-runner'
[2025-03-19 12:43:32Z INFO HostContext] Well known directory 'Work': '/home/jenny/tensorflow-mri/actions-runner/_work'
[2025-03-19 12:43:32Z INFO HostContext] Well known directory 'Temp': '/home/jenny/tensorflow-mri/actions-runner/_work/_temp'
[2025-03-19 12:43:32Z INFO ExtensionManager] Getting extensions for interface: 'GitHub.Runner.Worker.IFileCommandExtension'
[2025-03-19 12:43:32Z INFO ActionManifestManager] Input 'repository': default value evaluate result: {
  "type": 0,
  "file": 2,
  "line": 6,
  "col": 14,
  "lit": "mrphys/tensorflow-mri"
}
[2025-03-19 12:43:32Z INFO ActionManifestManager] Input 'ref': default value evaluate result: ""
[2025-03-19 12:43:32Z INFO ActionManifestManager] Input 'token': default value evaluate result: {
  "type": 0,
  "file": 2,
  "line": 24,
  "col": 14,
  "lit": "***"
}
[2025-03-19 12:43:32Z INFO ActionManifestManager] Input 'ssh-key': default value evaluate result: ""
[2025-03-19 12:43:32Z INFO ActionManifestManager] Input 'ssh-known-hosts': default value evaluate result: ""
[2025-03-19 12:43:32Z INFO ActionManifestManager] Input 'ssh-strict': default value evaluate result: {
  "type": 0,
  "file": 2,
  "line": 47,
  "col": 14,
  "lit": "true"
}
[2025-03-19 12:43:32Z INFO ActionManifestManager] Input 'ssh-user': default value evaluate result: {
  "type": 0,
  "file": 2,
  "line": 51,
  "col": 14,
  "lit": "git"
}
[2025-03-19 12:43:32Z INFO ActionManifestManager] Input 'persist-credentials': default value evaluate result: {
  "type": 0,
  "file": 2,
  "line": 54,
  "col": 14,
  "lit": "true"
}
[2025-03-19 12:43:32Z INFO ActionManifestManager] Input 'path': default value evaluate result: ""
[2025-03-19 12:43:32Z INFO ActionManifestManager] Input 'clean': default value evaluate result: {
  "type": 0,
  "file": 2,
  "line": 59,
  "col": 14,
  "lit": "true"
}
[2025-03-19 12:43:32Z INFO ActionManifestManager] Input 'filter': default value evaluate result: {
  "type": 0,
  "file": 2,
  "line": 64,
  "col": 14,
  "lit": ""
}
[2025-03-19 12:43:32Z INFO ActionManifestManager] Input 'sparse-checkout': default value evaluate result: {
  "type": 0,
  "file": 2,
  "line": 69,
  "col": 14,
  "lit": ""
}
[2025-03-19 12:43:32Z INFO ActionManifestManager] Input 'sparse-checkout-cone-mode': default value evaluate result: {
  "type": 0,
  "file": 2,
  "line": 73,
  "col": 14,
  "lit": "true"
}
[2025-03-19 12:43:32Z INFO ActionManifestManager] Input 'fetch-depth': default value evaluate result: {
  "type": 0,
  "file": 2,
  "line": 76,
  "col": 14,
  "lit": "1"
}
[2025-03-19 12:43:32Z INFO ActionManifestManager] Input 'fetch-tags': default value evaluate result: {
  "type": 0,
  "file": 2,
  "line": 79,
  "col": 14,
  "lit": "false"
}
[2025-03-19 12:43:32Z INFO ActionManifestManager] Input 'show-progress': default value evaluate result: {
  "type": 0,
  "file": 2,
  "line": 82,
  "col": 14,
  "lit": "true"
}
[2025-03-19 12:43:32Z INFO ActionManifestManager] Input 'lfs': default value evaluate result: {
  "type": 0,
  "file": 2,
  "line": 85,
  "col": 14,
  "lit": "false"
}
[2025-03-19 12:43:32Z INFO ActionManifestManager] Input 'submodules': default value evaluate result: {
  "type": 0,
  "file": 2,
  "line": 94,
  "col": 14,
  "lit": "false"
}
[2025-03-19 12:43:32Z INFO ActionManifestManager] Input 'set-safe-directory': default value evaluate result: {
  "type": 0,
  "file": 2,
  "line": 97,
  "col": 14,
  "lit": "true"
}
[2025-03-19 12:43:32Z INFO ActionManifestManager] Input 'github-server-url': default value evaluate result: ""
[2025-03-19 12:43:32Z INFO ExtensionManager] Getting extensions for interface: 'GitHub.Runner.Worker.IActionCommandExtension'
[2025-03-19 12:43:32Z INFO ActionCommandManager] Register action command extension for command internal-set-repo-path
[2025-03-19 12:43:32Z INFO ActionCommandManager] Register action command extension for command set-env
[2025-03-19 12:43:32Z INFO ActionCommandManager] Register action command extension for command set-output
[2025-03-19 12:43:32Z INFO ActionCommandManager] Register action command extension for command save-state
[2025-03-19 12:43:32Z INFO ActionCommandManager] Register action command extension for command add-path
[2025-03-19 12:43:32Z INFO ActionCommandManager] Register action command extension for command add-mask
[2025-03-19 12:43:32Z INFO ActionCommandManager] Register action command extension for command add-matcher
[2025-03-19 12:43:32Z INFO ActionCommandManager] Register action command extension for command remove-matcher
[2025-03-19 12:43:32Z INFO ActionCommandManager] Register action command extension for command warning
[2025-03-19 12:43:32Z INFO ActionCommandManager] Register action command extension for command error
[2025-03-19 12:43:32Z INFO ActionCommandManager] Register action command extension for command notice
[2025-03-19 12:43:32Z INFO ActionCommandManager] Register action command extension for command debug
[2025-03-19 12:43:32Z INFO ActionCommandManager] Register action command extension for command group
[2025-03-19 12:43:32Z INFO ActionCommandManager] Register action command extension for command endgroup
[2025-03-19 12:43:32Z INFO ActionCommandManager] Register action command extension for command echo
[2025-03-19 12:43:32Z INFO HostContext] Well known directory 'Bin': '/home/jenny/tensorflow-mri/actions-runner/bin'
[2025-03-19 12:43:32Z INFO HostContext] Well known directory 'Root': '/home/jenny/tensorflow-mri/actions-runner'
[2025-03-19 12:43:32Z INFO HostContext] Well known directory 'Externals': '/home/jenny/tensorflow-mri/actions-runner/externals'
[2025-03-19 12:43:32Z INFO ProcessInvokerWrapper] Starting process:
[2025-03-19 12:43:32Z INFO ProcessInvokerWrapper]   File name: '/home/jenny/tensorflow-mri/actions-runner/externals/node20/bin/node'
[2025-03-19 12:43:32Z INFO ProcessInvokerWrapper]   Arguments: '"/home/jenny/tensorflow-mri/actions-runner/_work/_actions/actions/checkout/v4/dist/index.js"'
[2025-03-19 12:43:32Z INFO ProcessInvokerWrapper]   Working directory: '/home/jenny/tensorflow-mri/actions-runner/_work/tensorflow-mri/tensorflow-mri'
[2025-03-19 12:43:32Z INFO ProcessInvokerWrapper]   Require exit code zero: 'False'
[2025-03-19 12:43:32Z INFO ProcessInvokerWrapper]   Encoding web name:  ; code page: ''
[2025-03-19 12:43:32Z INFO ProcessInvokerWrapper]   Force kill process on cancellation: 'False'
[2025-03-19 12:43:32Z INFO ProcessInvokerWrapper]   Redirected STDIN: 'False'
[2025-03-19 12:43:32Z INFO ProcessInvokerWrapper]   Persist current code page: 'False'
[2025-03-19 12:43:32Z INFO ProcessInvokerWrapper]   Keep redirected STDIN open: 'False'
[2025-03-19 12:43:32Z INFO ProcessInvokerWrapper]   High priority process: 'False'
[2025-03-19 12:43:32Z INFO ProcessInvokerWrapper] Updated oom_score_adj to 500 for PID: 1554664.
[2025-03-19 12:43:32Z INFO ProcessInvokerWrapper] Process started with process id 1554664, waiting for process exit.
[2025-03-19 12:43:32Z INFO ProcessInvokerWrapper] STDOUT/STDERR stream read finished.
[2025-03-19 12:43:32Z INFO ProcessInvokerWrapper] STDOUT/STDERR stream read finished.
[2025-03-19 12:43:32Z INFO ProcessInvokerWrapper] Finished process 1554664 with exit code 0, and elapsed time 00:00:00.0765968.
[2025-03-19 12:43:32Z INFO CreateStepSummaryCommand] Step Summary file (/home/jenny/tensorflow-mri/actions-runner/_work/_temp/_runner_file_commands/step_summary_9d102e8d-ee89-49de-b444-3801859b03de) is empty; skipping attachment upload
[2025-03-19 12:43:32Z INFO StepsRunner] Step result: 
[2025-03-19 12:43:32Z INFO ExecutionContext] Publish step telemetry for current step {
  "action": "actions/checkout",
  "ref": "v4",
  "type": "node20",
  "stage": "Post",
  "stepId": "51b359e6-6b9f-4184-97b2-1ecdf204239b",
  "result": "succeeded",
  "errorMessages": [],
  "executionTimeInSeconds": 1,
  "startTime": "2025-03-19T12:43:32.3265926Z",
  "finishTime": "2025-03-19T12:43:32.4098395Z"
}.
[2025-03-19 12:43:32Z INFO StepsRunner] No need for updating job result with current step result 'Succeeded'.
[2025-03-19 12:43:32Z INFO StepsRunner] Current state: job state = 'Failed'
[2025-03-19 12:43:32Z INFO JobRunner] Finalize job.
[2025-03-19 12:43:32Z INFO HostContext] Well known directory 'Bin': '/home/jenny/tensorflow-mri/actions-runner/bin'
[2025-03-19 12:43:32Z INFO HostContext] Well known directory 'Root': '/home/jenny/tensorflow-mri/actions-runner'
[2025-03-19 12:43:32Z INFO HostContext] Well known directory 'Diag': '/home/jenny/tensorflow-mri/actions-runner/_diag'
[2025-03-19 12:43:32Z INFO HostContext] Well known directory 'Bin': '/home/jenny/tensorflow-mri/actions-runner/bin'
[2025-03-19 12:43:32Z INFO HostContext] Well known directory 'Root': '/home/jenny/tensorflow-mri/actions-runner'
[2025-03-19 12:43:32Z INFO HostContext] Well known directory 'Diag': '/home/jenny/tensorflow-mri/actions-runner/_diag'
[2025-03-19 12:43:32Z INFO JobExtension] Initialize Env context
[2025-03-19 12:43:32Z INFO JobExtension] Initialize steps context
[2025-03-19 12:43:32Z INFO JobExtension] Total accessible running process: 561.
[2025-03-19 12:43:32Z INFO JobExtension] Inspecting process environment variables. PID: 1249288 (kworker/29:0-mm_percpu_wq)
[2025-03-19 12:43:32Z INFO LinuxProcessExtensions] Read env from /proc/1249288/environ
[2025-03-19 12:43:32Z WARN JobExtension] Ignore exception during read process environment variables: Access to the path '/proc/1249288/environ' is denied.
[2025-03-19 12:43:32Z INFO JobExtension] Inspecting process environment variables. PID: 1249289 (kworker/34:2-events)
[2025-03-19 12:43:32Z INFO LinuxProcessExtensions] Read env from /proc/1249289/environ
[2025-03-19 12:43:32Z WARN JobExtension] Ignore exception during read process environment variables: Access to the path '/proc/1249289/environ' is denied.
[2025-03-19 12:43:32Z INFO JobExtension] Inspecting process environment variables. PID: 1404428 (kworker/31:1-events)
[2025-03-19 12:43:32Z INFO LinuxProcessExtensions] Read env from /proc/1404428/environ
[2025-03-19 12:43:32Z WARN JobExtension] Ignore exception during read process environment variables: Access to the path '/proc/1404428/environ' is denied.
[2025-03-19 12:43:32Z INFO JobExtension] Inspecting process environment variables. PID: 1407724 (kworker/16:0-events)
[2025-03-19 12:43:32Z INFO LinuxProcessExtensions] Read env from /proc/1407724/environ
[2025-03-19 12:43:32Z WARN JobExtension] Ignore exception during read process environment variables: Access to the path '/proc/1407724/environ' is denied.
[2025-03-19 12:43:32Z INFO JobExtension] Inspecting process environment variables. PID: 1428373 (kworker/17:0-rcu_gp)
[2025-03-19 12:43:32Z INFO LinuxProcessExtensions] Read env from /proc/1428373/environ
[2025-03-19 12:43:32Z WARN JobExtension] Ignore exception during read process environment variables: Access to the path '/proc/1428373/environ' is denied.
[2025-03-19 12:43:32Z INFO JobExtension] Inspecting process environment variables. PID: 1432849 (kworker/4:1-events)
[2025-03-19 12:43:32Z INFO LinuxProcessExtensions] Read env from /proc/1432849/environ
[2025-03-19 12:43:32Z WARN JobExtension] Ignore exception during read process environment variables: Access to the path '/proc/1432849/environ' is denied.
[2025-03-19 12:43:32Z INFO JobExtension] Inspecting process environment variables. PID: 1433148 (kworker/2:2-events)
[2025-03-19 12:43:32Z INFO LinuxProcessExtensions] Read env from /proc/1433148/environ
[2025-03-19 12:43:32Z WARN JobExtension] Ignore exception during read process environment variables: Access to the path '/proc/1433148/environ' is denied.
[2025-03-19 12:43:32Z INFO JobExtension] Inspecting process environment variables. PID: 1439360 (kworker/11:0-events)
[2025-03-19 12:43:32Z INFO LinuxProcessExtensions] Read env from /proc/1439360/environ
[2025-03-19 12:43:32Z WARN JobExtension] Ignore exception during read process environment variables: Access to the path '/proc/1439360/environ' is denied.
[2025-03-19 12:43:32Z INFO JobExtension] Inspecting process environment variables. PID: 1444606 (kworker/7:1-mm_percpu_wq)
[2025-03-19 12:43:32Z INFO LinuxProcessExtensions] Read env from /proc/1444606/environ
[2025-03-19 12:43:32Z WARN JobExtension] Ignore exception during read process environment variables: Access to the path '/proc/1444606/environ' is denied.
[2025-03-19 12:43:32Z INFO JobExtension] Inspecting process environment variables. PID: 1554187 (kworker/8:1-mm_percpu_wq)
[2025-03-19 12:43:32Z INFO LinuxProcessExtensions] Read env from /proc/1554187/environ
[2025-03-19 12:43:32Z WARN JobExtension] Ignore exception during read process environment variables: Access to the path '/proc/1554187/environ' is denied.
[2025-03-19 12:43:32Z INFO JobExtension] Inspecting process environment variables. PID: 1554218 (kworker/5:0-events)
[2025-03-19 12:43:32Z INFO LinuxProcessExtensions] Read env from /proc/1554218/environ
[2025-03-19 12:43:32Z WARN JobExtension] Ignore exception during read process environment variables: Access to the path '/proc/1554218/environ' is denied.
[2025-03-19 12:43:32Z INFO JobExtension] Inspecting process environment variables. PID: 1554336 (kworker/12:2-events)
[2025-03-19 12:43:32Z INFO LinuxProcessExtensions] Read env from /proc/1554336/environ
[2025-03-19 12:43:32Z WARN JobExtension] Ignore exception during read process environment variables: Access to the path '/proc/1554336/environ' is denied.
[2025-03-19 12:43:32Z INFO JobExtension] Inspecting process environment variables. PID: 1554337 (kworker/10:1-events)
[2025-03-19 12:43:32Z INFO LinuxProcessExtensions] Read env from /proc/1554337/environ
[2025-03-19 12:43:32Z WARN JobExtension] Ignore exception during read process environment variables: Access to the path '/proc/1554337/environ' is denied.
[2025-03-19 12:43:32Z INFO JobExtension] Inspecting process environment variables. PID: 1554338 (kworker/9:1-events)
[2025-03-19 12:43:32Z INFO LinuxProcessExtensions] Read env from /proc/1554338/environ
[2025-03-19 12:43:32Z WARN JobExtension] Ignore exception during read process environment variables: Access to the path '/proc/1554338/environ' is denied.
[2025-03-19 12:43:32Z INFO JobExtension] Inspecting process environment variables. PID: 1554365 (kworker/13:1-events)
[2025-03-19 12:43:32Z INFO LinuxProcessExtensions] Read env from /proc/1554365/environ
[2025-03-19 12:43:32Z WARN JobExtension] Ignore exception during read process environment variables: Access to the path '/proc/1554365/environ' is denied.
[2025-03-19 12:43:32Z INFO JobExtension] Inspecting process environment variables. PID: 1554565 (sleep)
[2025-03-19 12:43:32Z INFO LinuxProcessExtensions] Read env from /proc/1554565/environ
[2025-03-19 12:43:32Z WARN JobExtension] Ignore exception during read process environment variables: Access to the path '/proc/1554565/environ' is denied.
[2025-03-19 12:43:32Z INFO ExecutionContext] Publish step telemetry for current step {
  "action": "complete_job",
  "type": "runner",
  "stage": "Post",
  "stepId": "703a1ea5-7515-469b-a815-516e050f4aef",
  "result": "succeeded",
  "errorMessages": [],
  "executionTimeInSeconds": 1,
  "startTime": "2025-03-19T12:43:32.4136641Z",
  "finishTime": "2025-03-19T12:43:32.4608871Z"
}.
[2025-03-19 12:43:32Z INFO JobRunner] Job result after all job steps finish: Failed
[2025-03-19 12:43:32Z INFO JobRunner] Completing the job execution context.
[2025-03-19 12:43:32Z INFO JobRunner] Shutting down the job server queue.
[2025-03-19 12:43:32Z INFO JobServerQueue] Fire signal to shutdown all queues.
[2025-03-19 12:43:33Z INFO JobServerQueue] All queue process task stopped.
[2025-03-19 12:43:33Z INFO JobServerQueue] Try to append 1 batches web console lines for record '51b359e6-6b9f-4184-97b2-1ecdf204239b', success rate: 1/1.
[2025-03-19 12:43:33Z INFO JobServerQueue] Try to append 1 batches web console lines for record '703a1ea5-7515-469b-a815-516e050f4aef', success rate: 1/1.
[2025-03-19 12:43:33Z INFO JobServerQueue] Web console line queue drained.
[2025-03-19 12:43:33Z INFO JobServerQueue] Uploading 5 files in one shot.
[2025-03-19 12:43:33Z INFO JobServerQueue] Try to upload 5 log files or attachments, success rate: 5/5.
[2025-03-19 12:43:33Z INFO JobServerQueue] File upload queue drained.
[2025-03-19 12:43:33Z INFO JobServerQueue] Starting results-based upload queue...
[2025-03-19 12:43:33Z INFO JobServerQueue] Uploading 5 file(s) in one shot through results service.
[2025-03-19 12:43:33Z INFO JobServerQueue] Got a step log file to send to results service.
[2025-03-19 12:43:33Z INFO JobServerQueue] Starting upload of step log file to results service ResultsLog, /home/jenny/tensorflow-mri/actions-runner/_diag/blocks/b3976377-3d73-4371-9101-528685db81e9_e51fbe45-5b24-4e83-b0e5-07a8badd6d43.1
[2025-03-19 12:43:33Z INFO JobServerQueue] Got a step log file to send to results service.
[2025-03-19 12:43:33Z INFO JobServerQueue] Starting upload of step log file to results service ResultsLog, /home/jenny/tensorflow-mri/actions-runner/_diag/blocks/b3976377-3d73-4371-9101-528685db81e9_308fd2a6-6ca8-45a0-b4bb-dbec03d5cd75.1
[2025-03-19 12:43:33Z INFO JobServerQueue] Got a step log file to send to results service.
[2025-03-19 12:43:33Z INFO JobServerQueue] Starting upload of step log file to results service ResultsLog, /home/jenny/tensorflow-mri/actions-runner/_diag/blocks/b3976377-3d73-4371-9101-528685db81e9_51b359e6-6b9f-4184-97b2-1ecdf204239b.1
[2025-03-19 12:43:33Z INFO JobServerQueue] Got a step log file to send to results service.
[2025-03-19 12:43:33Z INFO JobServerQueue] Starting upload of step log file to results service ResultsLog, /home/jenny/tensorflow-mri/actions-runner/_diag/blocks/b3976377-3d73-4371-9101-528685db81e9_703a1ea5-7515-469b-a815-516e050f4aef.1
[2025-03-19 12:43:34Z INFO JobServerQueue] Got a job log file to send to results service.
[2025-03-19 12:43:34Z INFO JobServerQueue] Starting upload of job log file to results service ResultsLog, /home/jenny/tensorflow-mri/actions-runner/_diag/blocks/b3976377-3d73-4371-9101-528685db81e9_192e8edf-50f6-5ec3-baea-953e35899daa.1
[2025-03-19 12:43:34Z INFO JobServerQueue] Tried to upload 5 file(s) to results, success rate: 5/5.
[2025-03-19 12:43:34Z INFO JobServerQueue] Results upload queue drained.
[2025-03-19 12:43:34Z INFO JobServerQueue] Timeline update queue drained.
[2025-03-19 12:43:34Z INFO JobServerQueue] Disposing job server ...
[2025-03-19 12:43:34Z INFO JobServerQueue] Disposing results server ...
[2025-03-19 12:43:34Z INFO JobServerQueue] All queue process tasks have been stopped, and all queues are drained.
[2025-03-19 12:43:34Z INFO TempDirectoryManager] Cleaning runner temp folder: /home/jenny/tensorflow-mri/actions-runner/_work/_temp
[2025-03-19 12:43:34Z ERR  TempDirectoryManager] System.IO.IOException: Access to the path '/home/jenny/tensorflow-mri/actions-runner/_work/_temp/_github_home/.config/matplotlib' is denied.
   at System.IO.FileSystem.RemoveEmptyDirectory(String fullPath, Boolean topLevel, Boolean throwWhenNotEmpty)
   at System.IO.DirectoryInfo.Delete()
   at GitHub.Runner.Sdk.IOUtil.DeleteDirectory(String path, Boolean contentsOnly, Boolean continueOnContentDeleteError, CancellationToken cancellationToken)
   at GitHub.Runner.Worker.TempDirectoryManager.CleanupTempDirectory()
[2025-03-19 12:43:34Z INFO HostContext] Well known directory 'Bin': '/home/jenny/tensorflow-mri/actions-runner/bin'
[2025-03-19 12:43:34Z INFO HostContext] Well known directory 'Root': '/home/jenny/tensorflow-mri/actions-runner'
[2025-03-19 12:43:34Z INFO HostContext] Well known directory 'Diag': '/home/jenny/tensorflow-mri/actions-runner/_diag'
[2025-03-19 12:43:34Z INFO HostContext] Well known config file 'Telemetry': '/home/jenny/tensorflow-mri/actions-runner/_diag/.telemetry'
[2025-03-19 12:43:34Z INFO JobRunner] Raising job completed against run service
[2025-03-19 12:43:34Z INFO Worker] Job completed.
