[2025-03-13 21:52:58Z INFO HostContext] No proxy settings were found based on environmental variables (http_proxy/https_proxy/HTTP_PROXY/HTTPS_PROXY)
[2025-03-13 21:52:58Z INFO HostContext] Well known directory 'Bin': '/home/jenny/tensorflow-mri/actions-runner/bin'
[2025-03-13 21:52:58Z INFO HostContext] Well known directory 'Root': '/home/jenny/tensorflow-mri/actions-runner'
[2025-03-13 21:52:58Z INFO HostContext] Well known config file 'Credentials': '/home/jenny/tensorflow-mri/actions-runner/.credentials'
[2025-03-13 21:52:58Z INFO HostContext] Well known directory 'Bin': '/home/jenny/tensorflow-mri/actions-runner/bin'
[2025-03-13 21:52:58Z INFO HostContext] Well known directory 'Root': '/home/jenny/tensorflow-mri/actions-runner'
[2025-03-13 21:52:58Z INFO HostContext] Well known config file 'Runner': '/home/jenny/tensorflow-mri/actions-runner/.runner'
[2025-03-13 21:52:58Z INFO Worker] Version: 2.322.0
[2025-03-13 21:52:58Z INFO Worker] Commit: 0edc478ca75d0a753dcbcec7405f3f26db67b1ac
[2025-03-13 21:52:58Z INFO Worker] Culture: en-GB
[2025-03-13 21:52:58Z INFO Worker] UI Culture: en-GB
[2025-03-13 21:52:58Z INFO Worker] Waiting to receive the job message from the channel.
[2025-03-13 21:52:58Z INFO ProcessChannel] Receiving message of length 26699, with hash '5728b4e15d58e76b1ff9a6a3b4435e1c4b02de9198f9d4c342c42e5ee43cbfd9'
[2025-03-13 21:52:58Z INFO Worker] Message received.
[2025-03-13 21:52:58Z INFO Worker] Job message:
 {
  "environmentVariables": [
    {
      "type": 2,
      "file": 1,
      "line": 29,
      "col": 7,
      "map": [
        {
          "key": {
            "type": 0,
            "file": 1,
            "line": 29,
            "col": 7,
            "lit": "PYTHON"
          },
          "value": {
            "type": 3,
            "file": 1,
            "line": 29,
            "col": 15,
            "expr": "format('python{0}', matrix.py_version)"
          }
        }
      ]
    }
  ],
  "fileTable": [
    ".github/workflows/build-package.yml"
  ],
  "mask": [
    {
      "type": "regex",
      "value": "***"
    },
    {
      "type": "regex",
      "value": "***"
    },
    {
      "type": "regex",
      "value": "***"
    },
    {
      "type": "regex",
      "value": "***"
    },
    {
      "type": "regex",
      "value": "***"
    },
    {
      "type": "regex",
      "value": "***"
    },
    {
      "type": "regex",
      "value": "***"
    },
    {
      "type": "regex",
      "value": "***"
    },
    {
      "type": "regex",
      "value": "***"
    },
    {
      "type": "regex",
      "value": "***"
    },
    {
      "type": "regex",
      "value": "***"
    },
    {
      "type": "regex",
      "value": "***"
    },
    {
      "type": "regex",
      "value": "***"
    },
    {
      "type": "regex",
      "value": "***"
    },
    {
      "type": "regex",
      "value": "***"
    },
    {
      "type": "regex",
      "value": "***"
    },
    {
      "type": "regex",
      "value": "***"
    },
    {
      "type": "regex",
      "value": "***"
    }
  ],
  "steps": [
    {
      "type": "action",
      "reference": {
        "type": "repository",
        "name": "actions/checkout",
        "ref": "v4",
        "repositoryType": "GitHub"
      },
      "displayNameToken": {
        "type": 0,
        "file": 1,
        "line": 32,
        "col": 15,
        "lit": "Checkout code"
      },
      "contextName": "__actions_checkout",
      "inputs": {
        "type": 2,
        "file": 1,
        "line": 35,
        "col": 11,
        "map": [
          {
            "key": {
              "type": 0,
              "file": 1,
              "line": 35,
              "col": 11,
              "lit": "lfs"
            },
            "value": {
              "type": 0,
              "file": 1,
              "line": 35,
              "col": 16,
              "lit": "true"
            }
          }
        ]
      },
      "condition": "success()",
      "id": "c27faadf-b5bc-458b-a103-60c71fe6a3c2",
      "name": "__actions_checkout"
    },
    {
      "type": "action",
      "reference": {
        "type": "script"
      },
      "displayNameToken": {
        "type": 0,
        "file": 1,
        "line": 37,
        "col": 15,
        "lit": "Free Disk Space Before Build"
      },
      "contextName": "__run",
      "inputs": {
        "type": 2,
        "map": [
          {
            "key": "script",
            "value": {
              "type": 0,
              "file": 1,
              "line": 38,
              "col": 14,
              "lit": "echo \"Disk space before cleanup:\"\ndf -h\nsudo rm -rf /usr/local/.ghcup\nsudo rm -rf /opt/hostedtoolcache/CodeQL\nsudo rm -rf /usr/local/lib/android/sdk/ndk\nsudo rm -rf /usr/share/dotnet\nsudo rm -rf /opt/ghc\nsudo rm -rf /usr/local/share/boost\n\nsudo rm -rf \"$AGENT_TOOLSDIRECTORY\"\n\nsudo apt-get clean\necho \"Disk space after cleanup:\"\ndf -h\n"
            }
          }
        ]
      },
      "condition": "success()",
      "id": "981c2834-6051-4594-ae74-c68312c7b417",
      "name": "__run"
    },
    {
      "type": "action",
      "reference": {
        "type": "script"
      },
      "displayNameToken": {
        "type": 0,
        "file": 1,
        "line": 54,
        "col": 15,
        "lit": "Lint code"
      },
      "contextName": "__run_2",
      "inputs": {
        "type": 2,
        "map": [
          {
            "key": "script",
            "value": {
              "type": 3,
              "file": 1,
              "line": 55,
              "col": 14,
              "expr": "format('make lint PY_VERSION={0}\n', matrix.py_version)"
            }
          }
        ]
      },
      "condition": "success()",
      "id": "25275dee-5c75-4b40-9811-2faf8739709d",
      "name": "__run_2"
    },
    {
      "type": "action",
      "reference": {
        "type": "script"
      },
      "displayNameToken": {
        "type": 0,
        "file": 1,
        "line": 58,
        "col": 15,
        "lit": "Compile shared library"
      },
      "contextName": "__run_3",
      "inputs": {
        "type": 2,
        "map": [
          {
            "key": "script",
            "value": {
              "type": 3,
              "file": 1,
              "line": 59,
              "col": 14,
              "expr": "format('make PY_VERSION={0} CXX=/dt9/usr/bin/g++\n', matrix.py_version)"
            }
          }
        ]
      },
      "condition": "success()",
      "id": "a03e875f-87f4-4b11-8091-dc1fa38a7113",
      "name": "__run_3"
    },
    {
      "type": "action",
      "reference": {
        "type": "script"
      },
      "displayNameToken": {
        "type": 0,
        "file": 1,
        "line": 62,
        "col": 15,
        "lit": "Install required packages"
      },
      "contextName": "__run_4",
      "inputs": {
        "type": 2,
        "map": [
          {
            "key": "script",
            "value": {
              "type": 0,
              "file": 1,
              "line": 63,
              "col": 14,
              "lit": "$PYTHON -m pip install --no-cache-dir -r requirements.txt\n"
            }
          }
        ]
      },
      "condition": "success()",
      "id": "4f994b08-17b9-43cf-83fe-a452ae111fe0",
      "name": "__run_4"
    },
    {
      "type": "action",
      "reference": {
        "type": "script"
      },
      "displayNameToken": {
        "type": 0,
        "file": 1,
        "line": 66,
        "col": 15,
        "lit": "Run test suite"
      },
      "contextName": "__run_5",
      "inputs": {
        "type": 2,
        "map": [
          {
            "key": "script",
            "value": {
              "type": 3,
              "file": 1,
              "line": 67,
              "col": 14,
              "expr": "format('make test PY_VERSION={0}\n', matrix.py_version)"
            }
          }
        ]
      },
      "condition": "success()",
      "id": "ca888027-42ef-44be-8457-5d991df21f13",
      "name": "__run_5"
    },
    {
      "type": "action",
      "reference": {
        "type": "script"
      },
      "displayNameToken": {
        "type": 0,
        "file": 1,
        "line": 70,
        "col": 15,
        "lit": "Build wheel"
      },
      "contextName": "__run_6",
      "inputs": {
        "type": 2,
        "map": [
          {
            "key": "script",
            "value": {
              "type": 3,
              "file": 1,
              "line": 71,
              "col": 14,
              "expr": "format('make wheel PY_VERSION={0}\n', matrix.py_version)"
            }
          }
        ]
      },
      "condition": "success()",
      "id": "87e77caf-46d1-42f3-94a4-94a8b8b220b3",
      "name": "__run_6"
    },
    {
      "type": "action",
      "reference": {
        "type": "script"
      },
      "displayNameToken": {
        "type": 0,
        "file": 1,
        "line": 74,
        "col": 15,
        "lit": "Build docs"
      },
      "contextName": "__run_7",
      "inputs": {
        "type": 2,
        "map": [
          {
            "key": "script",
            "value": {
              "type": 3,
              "file": 1,
              "line": 75,
              "col": 14,
              "expr": "format('make docs PY_VERSION={0}\n', matrix.py_version)"
            }
          }
        ]
      },
      "condition": "success()",
      "id": "aa981c5f-72ab-4c4a-80a2-94bf6cd76371",
      "name": "__run_7"
    },
    {
      "type": "action",
      "reference": {
        "type": "repository",
        "name": "actions/upload-artifact",
        "ref": "v4",
        "repositoryType": "GitHub"
      },
      "displayNameToken": {
        "type": 0,
        "file": 1,
        "line": 78,
        "col": 15,
        "lit": "Upload wheel"
      },
      "contextName": "__actions_upload-artifact",
      "inputs": {
        "type": 2,
        "file": 1,
        "line": 82,
        "col": 11,
        "map": [
          {
            "key": {
              "type": 0,
              "file": 1,
              "line": 82,
              "col": 11,
              "lit": "name"
            },
            "value": {
              "type": 3,
              "file": 1,
              "line": 82,
              "col": 17,
              "expr": "format('wheel-py{0}', matrix.py_version)"
            }
          },
          {
            "key": {
              "type": 0,
              "file": 1,
              "line": 83,
              "col": 11,
              "lit": "path"
            },
            "value": {
              "type": 0,
              "file": 1,
              "line": 83,
              "col": 17,
              "lit": "./artifacts/*.whl"
            }
          }
        ]
      },
      "condition": "success() && (startsWith(github.ref, 'refs/tags'))",
      "id": "7a954e4d-0750-4ef2-977c-b0651c348539",
      "name": "__actions_upload-artifact"
    },
    {
      "type": "action",
      "reference": {
        "type": "repository",
        "name": "actions/upload-artifact",
        "ref": "v4",
        "repositoryType": "GitHub"
      },
      "displayNameToken": {
        "type": 0,
        "file": 1,
        "line": 85,
        "col": 15,
        "lit": "Upload docs"
      },
      "contextName": "__actions_upload-artifact_2",
      "inputs": {
        "type": 2,
        "file": 1,
        "line": 89,
        "col": 11,
        "map": [
          {
            "key": {
              "type": 0,
              "file": 1,
              "line": 89,
              "col": 11,
              "lit": "name"
            },
            "value": {
              "type": 0,
              "file": 1,
              "line": 89,
              "col": 17,
              "lit": "docs"
            }
          },
          {
            "key": {
              "type": 0,
              "file": 1,
              "line": 90,
              "col": 11,
              "lit": "path"
            },
            "value": {
              "type": 0,
              "file": 1,
              "line": 90,
              "col": 17,
              "lit": "./tools/docs/_build/dirhtml"
            }
          }
        ]
      },
      "condition": "success() && (startsWith(github.ref, 'refs/tags') && matrix.py_version == 3.9)",
      "id": "74989263-0eab-49c8-8624-d17e63c4bb0b",
      "name": "__actions_upload-artifact_2"
    },
    {
      "type": "action",
      "reference": {
        "type": "repository",
        "name": "pypa/gh-action-pypi-publish",
        "ref": "release/v1.7",
        "repositoryType": "GitHub"
      },
      "displayNameToken": {
        "type": 0,
        "file": 1,
        "line": 92,
        "col": 15,
        "lit": "Publish to Test PyPI"
      },
      "contextName": "__pypa_gh-action-pypi-publish",
      "inputs": {
        "type": 2,
        "file": 1,
        "line": 95,
        "col": 11,
        "map": [
          {
            "key": {
              "type": 0,
              "file": 1,
              "line": 95,
              "col": 11,
              "lit": "password"
            },
            "value": {
              "type": 3,
              "file": 1,
              "line": 95,
              "col": 21,
              "expr": "secrets.TEST_PYPI_API_TOKEN"
            }
          },
          {
            "key": {
              "type": 0,
              "file": 1,
              "line": 96,
              "col": 11,
              "lit": "repository-url"
            },
            "value": {
              "type": 0,
              "file": 1,
              "line": 96,
              "col": 27,
              "lit": "https://test.pypi.org/legacy/"
            }
          },
          {
            "key": {
              "type": 0,
              "file": 1,
              "line": 97,
              "col": 11,
              "lit": "packages-dir"
            },
            "value": {
              "type": 0,
              "file": 1,
              "line": 97,
              "col": 25,
              "lit": "artifacts/"
            }
          },
          {
            "key": {
              "type": 0,
              "file": 1,
              "line": 98,
              "col": 11,
              "lit": "skip-existing"
            },
            "value": {
              "type": 0,
              "file": 1,
              "line": 98,
              "col": 26,
              "lit": "true"
            }
          }
        ]
      },
      "condition": "success()",
      "id": "84285df0-ed3c-47cc-8789-e86bc3f6b695",
      "name": "__pypa_gh-action-pypi-publish"
    },
    {
      "type": "action",
      "reference": {
        "type": "script"
      },
      "displayNameToken": {
        "type": 0,
        "file": 1,
        "line": 100,
        "col": 15,
        "lit": "Free Disk Space After Build"
      },
      "contextName": "__run_8",
      "inputs": {
        "type": 2,
        "map": [
          {
            "key": "script",
            "value": {
              "type": 0,
              "file": 1,
              "line": 101,
              "col": 14,
              "lit": "echo \"Disk space before post-build cleanup:\"\ndf -h\nsudo rm -rf /usr/local/.ghcup\nsudo rm -rf /opt/hostedtoolcache/CodeQL\nsudo rm -rf /usr/local/lib/android/sdk/ndk\nsudo rm -rf /usr/share/dotnet\nsudo rm -rf /opt/ghc\nsudo rm -rf /usr/local/share/boost\n\nsudo rm -rf \"$AGENT_TOOLSDIRECTORY\"\n\nsudo apt-get clean\necho \"Disk space after post-build cleanup:\"\ndf -h\n"
            }
          }
        ]
      },
      "condition": "success()",
      "id": "1269eb97-19d9-4979-9928-fcce1e4bb232",
      "name": "__run_8"
    }
  ],
  "variables": {
    "Actions.EnableHttpRedirects": {
      "value": "true"
    },
    "DistributedTask.AddWarningToNode12Action": {
      "value": "true"
    },
    "DistributedTask.AddWarningToNode16Action": {
      "value": "true"
    },
    "DistributedTask.AllowRunnerContainerHooks": {
      "value": "true"
    },
    "DistributedTask.DeprecateStepOutputCommands": {
      "value": "true"
    },
    "DistributedTask.DetailUntarFailure": {
      "value": "true"
    },
    "DistributedTask.EnableCompositeActions": {
      "value": "true"
    },
    "DistributedTask.EnableJobServerQueueTelemetry": {
      "value": "true"
    },
    "DistributedTask.EnhancedAnnotations": {
      "value": "true"
    },
    "DistributedTask.ForceGithubJavascriptActionsToNode16": {
      "value": "true"
    },
    "DistributedTask.ForceGithubJavascriptActionsToNode20": {
      "value": "true"
    },
    "DistributedTask.LogTemplateErrorsAsDebugMessages": {
      "value": "true"
    },
    "DistributedTask.MarkJobAsFailedOnWorkerCrash": {
      "value": "true"
    },
    "DistributedTask.NewActionMetadata": {
      "value": "true"
    },
    "DistributedTask.UploadStepSummary": {
      "value": "true"
    },
    "DistributedTask.UseActionArchiveCache": {
      "value": "true"
    },
    "DistributedTask.UseWhich2": {
      "value": "true"
    },
    "RunService.FixEmbeddedIssues": {
      "value": "true"
    },
    "TEST_PYPI_API_TOKEN": {
      "value": "***",
      "isSecret": true
    },
    "actions_skip_retry_complete_job_upon_known_errors": {
      "value": "false"
    },
    "actions_uses_cache_service_v2": {
      "value": "true"
    },
    "github_token": {
      "value": "***",
      "isSecret": true
    },
    "system.from_run_service": {
      "value": "true"
    },
    "system.github.job": {
      "value": "build"
    },
    "system.github.launch_endpoint": {
      "value": "https://launch.actions.githubusercontent.com"
    },
    "system.github.results_endpoint": {
      "value": "https://results-receiver.actions.githubusercontent.com/"
    },
    "system.github.results_upload_with_sdk": {
      "value": "true"
    },
    "system.github.token": {
      "value": "***",
      "isSecret": true
    },
    "system.github.token.permissions": {
      "value": "{\"Actions\":\"write\",\"Attestations\":\"write\",\"Checks\":\"write\",\"Contents\":\"write\",\"Deployments\":\"write\",\"Discussions\":\"write\",\"Issues\":\"write\",\"Metadata\":\"read\",\"Packages\":\"write\",\"Pages\":\"write\",\"PullRequests\":\"write\",\"RepositoryProjects\":\"write\",\"SecurityEvents\":\"write\",\"Statuses\":\"write\"}"
    },
    "system.orchestrationId": {
      "value": "11b8a82b-824a-4f00-bdcf-7603e5737484.build._3_10"
    },
    "system.phaseDisplayName": {
      "value": "Build package (3.10)"
    },
    "system.runner.lowdiskspacethreshold": {
      "value": "100"
    },
    "system.runnerEnvironment": {
      "value": "self-hosted"
    }
  },
  "messageType": "RunnerJobRequest",
  "plan": {
    "scopeIdentifier": "00000000-0000-0000-0000-000000000000",
    "planType": "actions",
    "version": 0,
    "planId": "11b8a82b-824a-4f00-bdcf-7603e5737484",
    "planGroup": null,
    "artifactUri": null,
    "artifactLocation": null,
    "definition": null,
    "owner": null
  },
  "timeline": {
    "id": "11b8a82b-824a-4f00-bdcf-7603e5737484",
    "changeId": 0,
    "location": null
  },
  "jobId": "442e1e75-95f2-5aa8-8360-9285fc4b943c",
  "jobDisplayName": "Build package (3.10)",
  "jobName": "_3_10",
  "jobContainer": {
    "type": 2,
    "file": 1,
    "line": 22,
    "col": 7,
    "map": [
      {
        "key": {
          "type": 0,
          "file": 1,
          "line": 22,
          "col": 7,
          "lit": "image"
        },
        "value": {
          "type": 0,
          "file": 1,
          "line": 22,
          "col": 14,
          "lit": "ghcr.io/mrphys/tensorflow-manylinux:1.14.0"
        }
      }
    ]
  },
  "requestId": 0,
  "lockedUntil": "0001-01-01T00:00:00",
  "resources": {
    "endpoints": [
      {
        "data": {
          "ServerId": "",
          "ServerName": "",
          "CacheServerUrl": "https://acghubeus2.actions.githubusercontent.com/vt3bImj3043IXjYZVOBEgt9xtkc1LUzoh1ehrojRmktneQJqoL/",
          "FeedStreamUrl": "wss://results-receiver.actions.githubusercontent.com/_ws/ingest.sock",
          "ResultsServiceUrl": "https://results-receiver.actions.githubusercontent.com/",
          "PipelinesServiceUrl": "https://pipelinesghubeus25.actions.githubusercontent.com/vt3bImj3043IXjYZVOBEgt9xtkc1LUzoh1ehrojRmktneQJqoL/",
          "GenerateIdTokenUrl": ""
        },
        "name": "SystemVssConnection",
        "url": "https://run-actions-1-azure-eastus.actions.githubusercontent.com/10/",
        "authorization": {
          "parameters": {
            "AccessToken": "***"
          },
          "scheme": "OAuth"
        },
        "isShared": false,
        "isReady": true
      }
    ]
  },
  "contextData": {
    "github": {
      "t": 2,
      "d": [
        {
          "k": "ref",
          "v": "refs/heads/master"
        },
        {
          "k": "sha",
          "v": "7afa6f5cce9d885aa123917ad970d91bc6a7bf16"
        },
        {
          "k": "repository",
          "v": "mrphys/tensorflow-mri"
        },
        {
          "k": "repository_owner",
          "v": "mrphys"
        },
        {
          "k": "repository_owner_id",
          "v": "53480519"
        },
        {
          "k": "repositoryUrl",
          "v": "git://github.com/mrphys/tensorflow-mri.git"
        },
        {
          "k": "run_id",
          "v": "13845337227"
        },
        {
          "k": "run_number",
          "v": "218"
        },
        {
          "k": "retention_days",
          "v": "90"
        },
        {
          "k": "run_attempt",
          "v": "1"
        },
        {
          "k": "artifact_cache_size_limit",
          "v": "10"
        },
        {
          "k": "repository_visibility",
          "v": "public"
        },
        {
          "k": "actor_id",
          "v": "53479871"
        },
        {
          "k": "actor",
          "v": "jennifersteeden"
        },
        {
          "k": "workflow",
          "v": "build"
        },
        {
          "k": "head_ref",
          "v": ""
        },
        {
          "k": "base_ref",
          "v": ""
        },
        {
          "k": "event_name",
          "v": "push"
        },
        {
          "k": "server_url",
          "v": "https://github.com"
        },
        {
          "k": "api_url",
          "v": "https://api.github.com"
        },
        {
          "k": "graphql_url",
          "v": "https://api.github.com/graphql"
        },
        {
          "k": "ref_name",
          "v": "master"
        },
        {
          "k": "ref_protected",
          "v": true
        },
        {
          "k": "ref_type",
          "v": "branch"
        },
        {
          "k": "secret_source",
          "v": "Actions"
        },
        {
          "k": "event",
          "v": {
            "t": 2,
            "d": [
              {
                "k": "after",
                "v": "7afa6f5cce9d885aa123917ad970d91bc6a7bf16"
              },
              {
                "k": "base_ref",
                "v": null
              },
              {
                "k": "before",
                "v": "2fa5bf836989529b99eead83ff3560a4b037f0d7"
              },
              {
                "k": "commits",
                "v": {
                  "t": 1,
                  "a": [
                    {
                      "t": 2,
                      "d": [
                        {
                          "k": "author",
                          "v": {
                            "t": 2,
                            "d": [
                              {
                                "k": "email",
                                "v": "jennifer.steeden@ucl.ac.uk"
                              },
                              {
                                "k": "name",
                                "v": "jennifersteeden"
                              },
                              {
                                "k": "username",
                                "v": "jennifersteeden"
                              }
                            ]
                          }
                        },
                        {
                          "k": "committer",
                          "v": {
                            "t": 2,
                            "d": [
                              {
                                "k": "email",
                                "v": "jennifer.steeden@ucl.ac.uk"
                              },
                              {
                                "k": "name",
                                "v": "jennifersteeden"
                              },
                              {
                                "k": "username",
                                "v": "jennifersteeden"
                              }
                            ]
                          }
                        },
                        {
                          "k": "distinct",
                          "v": true
                        },
                        {
                          "k": "id",
                          "v": "7afa6f5cce9d885aa123917ad970d91bc6a7bf16"
                        },
                        {
                          "k": "message",
                          "v": "test"
                        },
                        {
                          "k": "timestamp",
                          "v": "2025-03-13T21:52:35Z"
                        },
                        {
                          "k": "tree_id",
                          "v": "d6c2406e59f4bae9a07e18302710127bd6c93099"
                        },
                        {
                          "k": "url",
                          "v": "https://github.com/mrphys/tensorflow-mri/commit/7afa6f5cce9d885aa123917ad970d91bc6a7bf16"
                        }
                      ]
                    }
                  ]
                }
              },
              {
                "k": "compare",
                "v": "https://github.com/mrphys/tensorflow-mri/compare/2fa5bf836989...7afa6f5cce9d"
              },
              {
                "k": "created",
                "v": false
              },
              {
                "k": "deleted",
                "v": false
              },
              {
                "k": "forced",
                "v": false
              },
              {
                "k": "head_commit",
                "v": {
                  "t": 2,
                  "d": [
                    {
                      "k": "author",
                      "v": {
                        "t": 2,
                        "d": [
                          {
                            "k": "email",
                            "v": "jennifer.steeden@ucl.ac.uk"
                          },
                          {
                            "k": "name",
                            "v": "jennifersteeden"
                          },
                          {
                            "k": "username",
                            "v": "jennifersteeden"
                          }
                        ]
                      }
                    },
                    {
                      "k": "committer",
                      "v": {
                        "t": 2,
                        "d": [
                          {
                            "k": "email",
                            "v": "jennifer.steeden@ucl.ac.uk"
                          },
                          {
                            "k": "name",
                            "v": "jennifersteeden"
                          },
                          {
                            "k": "username",
                            "v": "jennifersteeden"
                          }
                        ]
                      }
                    },
                    {
                      "k": "distinct",
                      "v": true
                    },
                    {
                      "k": "id",
                      "v": "7afa6f5cce9d885aa123917ad970d91bc6a7bf16"
                    },
                    {
                      "k": "message",
                      "v": "test"
                    },
                    {
                      "k": "timestamp",
                      "v": "2025-03-13T21:52:35Z"
                    },
                    {
                      "k": "tree_id",
                      "v": "d6c2406e59f4bae9a07e18302710127bd6c93099"
                    },
                    {
                      "k": "url",
                      "v": "https://github.com/mrphys/tensorflow-mri/commit/7afa6f5cce9d885aa123917ad970d91bc6a7bf16"
                    }
                  ]
                }
              },
              {
                "k": "organization",
                "v": {
                  "t": 2,
                  "d": [
                    {
                      "k": "avatar_url",
                      "v": "https://avatars.githubusercontent.com/u/53480519?v=4"
                    },
                    {
                      "k": "description",
                      "v": ""
                    },
                    {
                      "k": "events_url",
                      "v": "https://api.github.com/orgs/mrphys/events"
                    },
                    {
                      "k": "hooks_url",
                      "v": "https://api.github.com/orgs/mrphys/hooks"
                    },
                    {
                      "k": "id",
                      "v": 53480519.0
                    },
                    {
                      "k": "issues_url",
                      "v": "https://api.github.com/orgs/mrphys/issues"
                    },
                    {
                      "k": "login",
                      "v": "mrphys"
                    },
                    {
                      "k": "members_url",
                      "v": "https://api.github.com/orgs/mrphys/members{/member}"
                    },
                    {
                      "k": "node_id",
                      "v": "MDEyOk9yZ2FuaXphdGlvbjUzNDgwNTE5"
                    },
                    {
                      "k": "public_members_url",
                      "v": "https://api.github.com/orgs/mrphys/public_members{/member}"
                    },
                    {
                      "k": "repos_url",
                      "v": "https://api.github.com/orgs/mrphys/repos"
                    },
                    {
                      "k": "url",
                      "v": "https://api.github.com/orgs/mrphys"
                    }
                  ]
                }
              },
              {
                "k": "pusher",
                "v": {
                  "t": 2,
                  "d": [
                    {
                      "k": "email",
                      "v": "53479871+jennifersteeden@users.noreply.github.com"
                    },
                    {
                      "k": "name",
                      "v": "jennifersteeden"
                    }
                  ]
                }
              },
              {
                "k": "ref",
                "v": "refs/heads/master"
              },
              {
                "k": "repository",
                "v": {
                  "t": 2,
                  "d": [
                    {
                      "k": "allow_forking",
                      "v": true
                    },
                    {
                      "k": "archive_url",
                      "v": "https://api.github.com/repos/mrphys/tensorflow-mri/{archive_format}{/ref}"
                    },
                    {
                      "k": "archived",
                      "v": false
                    },
                    {
                      "k": "assignees_url",
                      "v": "https://api.github.com/repos/mrphys/tensorflow-mri/assignees{/user}"
                    },
                    {
                      "k": "blobs_url",
                      "v": "https://api.github.com/repos/mrphys/tensorflow-mri/git/blobs{/sha}"
                    },
                    {
                      "k": "branches_url",
                      "v": "https://api.github.com/repos/mrphys/tensorflow-mri/branches{/branch}"
                    },
                    {
                      "k": "clone_url",
                      "v": "https://github.com/mrphys/tensorflow-mri.git"
                    },
                    {
                      "k": "collaborators_url",
                      "v": "https://api.github.com/repos/mrphys/tensorflow-mri/collaborators{/collaborator}"
                    },
                    {
                      "k": "comments_url",
                      "v": "https://api.github.com/repos/mrphys/tensorflow-mri/comments{/number}"
                    },
                    {
                      "k": "commits_url",
                      "v": "https://api.github.com/repos/mrphys/tensorflow-mri/commits{/sha}"
                    },
                    {
                      "k": "compare_url",
                      "v": "https://api.github.com/repos/mrphys/tensorflow-mri/compare/{base}...{head}"
                    },
                    {
                      "k": "contents_url",
                      "v": "https://api.github.com/repos/mrphys/tensorflow-mri/contents/{+path}"
                    },
                    {
                      "k": "contributors_url",
                      "v": "https://api.github.com/repos/mrphys/tensorflow-mri/contributors"
                    },
                    {
                      "k": "created_at",
                      "v": 1626866930.0
                    },
                    {
                      "k": "custom_properties",
                      "v": {
                        "t": 2
                      }
                    },
                    {
                      "k": "default_branch",
                      "v": "master"
                    },
                    {
                      "k": "deployments_url",
                      "v": "https://api.github.com/repos/mrphys/tensorflow-mri/deployments"
                    },
                    {
                      "k": "description",
                      "v": "A Library of TensorFlow Operators for Computational MRI"
                    },
                    {
                      "k": "disabled",
                      "v": false
                    },
                    {
                      "k": "downloads_url",
                      "v": "https://api.github.com/repos/mrphys/tensorflow-mri/downloads"
                    },
                    {
                      "k": "events_url",
                      "v": "https://api.github.com/repos/mrphys/tensorflow-mri/events"
                    },
                    {
                      "k": "fork",
                      "v": false
                    },
                    {
                      "k": "forks",
                      "v": 3.0
                    },
                    {
                      "k": "forks_count",
                      "v": 3.0
                    },
                    {
                      "k": "forks_url",
                      "v": "https://api.github.com/repos/mrphys/tensorflow-mri/forks"
                    },
                    {
                      "k": "full_name",
                      "v": "mrphys/tensorflow-mri"
                    },
                    {
                      "k": "git_commits_url",
                      "v": "https://api.github.com/repos/mrphys/tensorflow-mri/git/commits{/sha}"
                    },
                    {
                      "k": "git_refs_url",
                      "v": "https://api.github.com/repos/mrphys/tensorflow-mri/git/refs{/sha}"
                    },
                    {
                      "k": "git_tags_url",
                      "v": "https://api.github.com/repos/mrphys/tensorflow-mri/git/tags{/sha}"
                    },
                    {
                      "k": "git_url",
                      "v": "git://github.com/mrphys/tensorflow-mri.git"
                    },
                    {
                      "k": "has_discussions",
                      "v": false
                    },
                    {
                      "k": "has_downloads",
                      "v": true
                    },
                    {
                      "k": "has_issues",
                      "v": true
                    },
                    {
                      "k": "has_pages",
                      "v": true
                    },
                    {
                      "k": "has_projects",
                      "v": true
                    },
                    {
                      "k": "has_wiki",
                      "v": true
                    },
                    {
                      "k": "homepage",
                      "v": "https://mrphys.github.io/tensorflow-mri/"
                    },
                    {
                      "k": "hooks_url",
                      "v": "https://api.github.com/repos/mrphys/tensorflow-mri/hooks"
                    },
                    {
                      "k": "html_url",
                      "v": "https://github.com/mrphys/tensorflow-mri"
                    },
                    {
                      "k": "id",
                      "v": 388094708.0
                    },
                    {
                      "k": "is_template",
                      "v": false
                    },
                    {
                      "k": "issue_comment_url",
                      "v": "https://api.github.com/repos/mrphys/tensorflow-mri/issues/comments{/number}"
                    },
                    {
                      "k": "issue_events_url",
                      "v": "https://api.github.com/repos/mrphys/tensorflow-mri/issues/events{/number}"
                    },
                    {
                      "k": "issues_url",
                      "v": "https://api.github.com/repos/mrphys/tensorflow-mri/issues{/number}"
                    },
                    {
                      "k": "keys_url",
                      "v": "https://api.github.com/repos/mrphys/tensorflow-mri/keys{/key_id}"
                    },
                    {
                      "k": "labels_url",
                      "v": "https://api.github.com/repos/mrphys/tensorflow-mri/labels{/name}"
                    },
                    {
                      "k": "language",
                      "v": "Jupyter Notebook"
                    },
                    {
                      "k": "languages_url",
                      "v": "https://api.github.com/repos/mrphys/tensorflow-mri/languages"
                    },
                    {
                      "k": "license",
                      "v": {
                        "t": 2,
                        "d": [
                          {
                            "k": "key",
                            "v": "apache-2.0"
                          },
                          {
                            "k": "name",
                            "v": "Apache License 2.0"
                          },
                          {
                            "k": "node_id",
                            "v": "MDc6TGljZW5zZTI="
                          },
                          {
                            "k": "spdx_id",
                            "v": "Apache-2.0"
                          },
                          {
                            "k": "url",
                            "v": "https://api.github.com/licenses/apache-2.0"
                          }
                        ]
                      }
                    },
                    {
                      "k": "master_branch",
                      "v": "master"
                    },
                    {
                      "k": "merges_url",
                      "v": "https://api.github.com/repos/mrphys/tensorflow-mri/merges"
                    },
                    {
                      "k": "milestones_url",
                      "v": "https://api.github.com/repos/mrphys/tensorflow-mri/milestones{/number}"
                    },
                    {
                      "k": "mirror_url",
                      "v": null
                    },
                    {
                      "k": "name",
                      "v": "tensorflow-mri"
                    },
                    {
                      "k": "node_id",
                      "v": "MDEwOlJlcG9zaXRvcnkzODgwOTQ3MDg="
                    },
                    {
                      "k": "notifications_url",
                      "v": "https://api.github.com/repos/mrphys/tensorflow-mri/notifications{?since,all,participating}"
                    },
                    {
                      "k": "open_issues",
                      "v": 8.0
                    },
                    {
                      "k": "open_issues_count",
                      "v": 8.0
                    },
                    {
                      "k": "organization",
                      "v": "mrphys"
                    },
                    {
                      "k": "owner",
                      "v": {
                        "t": 2,
                        "d": [
                          {
                            "k": "avatar_url",
                            "v": "https://avatars.githubusercontent.com/u/53480519?v=4"
                          },
                          {
                            "k": "email",
                            "v": null
                          },
                          {
                            "k": "events_url",
                            "v": "https://api.github.com/users/mrphys/events{/privacy}"
                          },
                          {
                            "k": "followers_url",
                            "v": "https://api.github.com/users/mrphys/followers"
                          },
                          {
                            "k": "following_url",
                            "v": "https://api.github.com/users/mrphys/following{/other_user}"
                          },
                          {
                            "k": "gists_url",
                            "v": "https://api.github.com/users/mrphys/gists{/gist_id}"
                          },
                          {
                            "k": "gravatar_id",
                            "v": ""
                          },
                          {
                            "k": "html_url",
                            "v": "https://github.com/mrphys"
                          },
                          {
                            "k": "id",
                            "v": 53480519.0
                          },
                          {
                            "k": "login",
                            "v": "mrphys"
                          },
                          {
                            "k": "name",
                            "v": "mrphys"
                          },
                          {
                            "k": "node_id",
                            "v": "MDEyOk9yZ2FuaXphdGlvbjUzNDgwNTE5"
                          },
                          {
                            "k": "organizations_url",
                            "v": "https://api.github.com/users/mrphys/orgs"
                          },
                          {
                            "k": "received_events_url",
                            "v": "https://api.github.com/users/mrphys/received_events"
                          },
                          {
                            "k": "repos_url",
                            "v": "https://api.github.com/users/mrphys/repos"
                          },
                          {
                            "k": "site_admin",
                            "v": false
                          },
                          {
                            "k": "starred_url",
                            "v": "https://api.github.com/users/mrphys/starred{/owner}{/repo}"
                          },
                          {
                            "k": "subscriptions_url",
                            "v": "https://api.github.com/users/mrphys/subscriptions"
                          },
                          {
                            "k": "type",
                            "v": "Organization"
                          },
                          {
                            "k": "url",
                            "v": "https://api.github.com/users/mrphys"
                          },
                          {
                            "k": "user_view_type",
                            "v": "public"
                          }
                        ]
                      }
                    },
                    {
                      "k": "private",
                      "v": false
                    },
                    {
                      "k": "pulls_url",
                      "v": "https://api.github.com/repos/mrphys/tensorflow-mri/pulls{/number}"
                    },
                    {
                      "k": "pushed_at",
                      "v": 1741902760.0
                    },
                    {
                      "k": "releases_url",
                      "v": "https://api.github.com/repos/mrphys/tensorflow-mri/releases{/id}"
                    },
                    {
                      "k": "size",
                      "v": 197333.0
                    },
                    {
                      "k": "ssh_url",
                      "v": "git@github.com:mrphys/tensorflow-mri.git"
                    },
                    {
                      "k": "stargazers",
                      "v": 40.0
                    },
                    {
                      "k": "stargazers_count",
                      "v": 40.0
                    },
                    {
                      "k": "stargazers_url",
                      "v": "https://api.github.com/repos/mrphys/tensorflow-mri/stargazers"
                    },
                    {
                      "k": "statuses_url",
                      "v": "https://api.github.com/repos/mrphys/tensorflow-mri/statuses/{sha}"
                    },
                    {
                      "k": "subscribers_url",
                      "v": "https://api.github.com/repos/mrphys/tensorflow-mri/subscribers"
                    },
                    {
                      "k": "subscription_url",
                      "v": "https://api.github.com/repos/mrphys/tensorflow-mri/subscription"
                    },
                    {
                      "k": "svn_url",
                      "v": "https://github.com/mrphys/tensorflow-mri"
                    },
                    {
                      "k": "tags_url",
                      "v": "https://api.github.com/repos/mrphys/tensorflow-mri/tags"
                    },
                    {
                      "k": "teams_url",
                      "v": "https://api.github.com/repos/mrphys/tensorflow-mri/teams"
                    },
                    {
                      "k": "topics",
                      "v": {
                        "t": 1,
                        "a": [
                          "machine-learning",
                          "magnetic-resonance-imaging",
                          "ml",
                          "mri",
                          "python",
                          "tensorflow"
                        ]
                      }
                    },
                    {
                      "k": "trees_url",
                      "v": "https://api.github.com/repos/mrphys/tensorflow-mri/git/trees{/sha}"
                    },
                    {
                      "k": "updated_at",
                      "v": "2025-03-13T16:51:48Z"
                    },
                    {
                      "k": "url",
                      "v": "https://github.com/mrphys/tensorflow-mri"
                    },
                    {
                      "k": "visibility",
                      "v": "public"
                    },
                    {
                      "k": "watchers",
                      "v": 40.0
                    },
                    {
                      "k": "watchers_count",
                      "v": 40.0
                    },
                    {
                      "k": "web_commit_signoff_required",
                      "v": false
                    }
                  ]
                }
              },
              {
                "k": "sender",
                "v": {
                  "t": 2,
                  "d": [
                    {
                      "k": "avatar_url",
                      "v": "https://avatars.githubusercontent.com/u/53479871?v=4"
                    },
                    {
                      "k": "events_url",
                      "v": "https://api.github.com/users/jennifersteeden/events{/privacy}"
                    },
                    {
                      "k": "followers_url",
                      "v": "https://api.github.com/users/jennifersteeden/followers"
                    },
                    {
                      "k": "following_url",
                      "v": "https://api.github.com/users/jennifersteeden/following{/other_user}"
                    },
                    {
                      "k": "gists_url",
                      "v": "https://api.github.com/users/jennifersteeden/gists{/gist_id}"
                    },
                    {
                      "k": "gravatar_id",
                      "v": ""
                    },
                    {
                      "k": "html_url",
                      "v": "https://github.com/jennifersteeden"
                    },
                    {
                      "k": "id",
                      "v": 53479871.0
                    },
                    {
                      "k": "login",
                      "v": "jennifersteeden"
                    },
                    {
                      "k": "node_id",
                      "v": "MDQ6VXNlcjUzNDc5ODcx"
                    },
                    {
                      "k": "organizations_url",
                      "v": "https://api.github.com/users/jennifersteeden/orgs"
                    },
                    {
                      "k": "received_events_url",
                      "v": "https://api.github.com/users/jennifersteeden/received_events"
                    },
                    {
                      "k": "repos_url",
                      "v": "https://api.github.com/users/jennifersteeden/repos"
                    },
                    {
                      "k": "site_admin",
                      "v": false
                    },
                    {
                      "k": "starred_url",
                      "v": "https://api.github.com/users/jennifersteeden/starred{/owner}{/repo}"
                    },
                    {
                      "k": "subscriptions_url",
                      "v": "https://api.github.com/users/jennifersteeden/subscriptions"
                    },
                    {
                      "k": "type",
                      "v": "User"
                    },
                    {
                      "k": "url",
                      "v": "https://api.github.com/users/jennifersteeden"
                    },
                    {
                      "k": "user_view_type",
                      "v": "public"
                    }
                  ]
                }
              }
            ]
          }
        },
        {
          "k": "workflow_ref",
          "v": "mrphys/tensorflow-mri/.github/workflows/build-package.yml@refs/heads/master"
        },
        {
          "k": "workflow_sha",
          "v": "7afa6f5cce9d885aa123917ad970d91bc6a7bf16"
        },
        {
          "k": "repository_id",
          "v": "388094708"
        },
        {
          "k": "triggering_actor",
          "v": "jennifersteeden"
        }
      ]
    },
    "inputs": {
      "t": 2
    },
    "matrix": {
      "t": 2,
      "d": [
        {
          "k": "py_version",
          "v": "3.10"
        }
      ]
    },
    "needs": {
      "t": 2
    },
    "strategy": {
      "t": 2,
      "d": [
        {
          "k": "fail-fast",
          "v": true
        },
        {
          "k": "job-index",
          "v": 2.0
        },
        {
          "k": "job-total",
          "v": 3.0
        },
        {
          "k": "max-parallel",
          "v": 3.0
        }
      ]
    },
    "vars": {
      "t": 2
    }
  }
}
[2025-03-13 21:52:58Z INFO JobRunner] Job ID 442e1e75-95f2-5aa8-8360-9285fc4b943c
[2025-03-13 21:52:58Z INFO ConfigurationStore] currentAssemblyLocation: /home/jenny/tensorflow-mri/actions-runner/bin/Runner.Worker.dll
[2025-03-13 21:52:58Z INFO HostContext] Well known directory 'Bin': '/home/jenny/tensorflow-mri/actions-runner/bin'
[2025-03-13 21:52:58Z INFO ConfigurationStore] binPath: /home/jenny/tensorflow-mri/actions-runner/bin
[2025-03-13 21:52:58Z INFO HostContext] Well known directory 'Bin': '/home/jenny/tensorflow-mri/actions-runner/bin'
[2025-03-13 21:52:58Z INFO HostContext] Well known directory 'Root': '/home/jenny/tensorflow-mri/actions-runner'
[2025-03-13 21:52:58Z INFO ConfigurationStore] RootFolder: /home/jenny/tensorflow-mri/actions-runner
[2025-03-13 21:52:58Z INFO HostContext] Well known directory 'Bin': '/home/jenny/tensorflow-mri/actions-runner/bin'
[2025-03-13 21:52:58Z INFO HostContext] Well known directory 'Root': '/home/jenny/tensorflow-mri/actions-runner'
[2025-03-13 21:52:58Z INFO HostContext] Well known config file 'Runner': '/home/jenny/tensorflow-mri/actions-runner/.runner'
[2025-03-13 21:52:58Z INFO ConfigurationStore] ConfigFilePath: /home/jenny/tensorflow-mri/actions-runner/.runner
[2025-03-13 21:52:58Z INFO HostContext] Well known directory 'Bin': '/home/jenny/tensorflow-mri/actions-runner/bin'
[2025-03-13 21:52:58Z INFO HostContext] Well known directory 'Root': '/home/jenny/tensorflow-mri/actions-runner'
[2025-03-13 21:52:58Z INFO HostContext] Well known config file 'Credentials': '/home/jenny/tensorflow-mri/actions-runner/.credentials'
[2025-03-13 21:52:58Z INFO ConfigurationStore] CredFilePath: /home/jenny/tensorflow-mri/actions-runner/.credentials
[2025-03-13 21:52:58Z INFO HostContext] Well known directory 'Bin': '/home/jenny/tensorflow-mri/actions-runner/bin'
[2025-03-13 21:52:58Z INFO HostContext] Well known directory 'Root': '/home/jenny/tensorflow-mri/actions-runner'
[2025-03-13 21:52:58Z INFO HostContext] Well known config file 'MigratedCredentials': '/home/jenny/tensorflow-mri/actions-runner/.credentials_migrated'
[2025-03-13 21:52:58Z INFO ConfigurationStore] MigratedCredFilePath: /home/jenny/tensorflow-mri/actions-runner/.credentials_migrated
[2025-03-13 21:52:58Z INFO HostContext] Well known directory 'Bin': '/home/jenny/tensorflow-mri/actions-runner/bin'
[2025-03-13 21:52:58Z INFO HostContext] Well known directory 'Root': '/home/jenny/tensorflow-mri/actions-runner'
[2025-03-13 21:52:58Z INFO HostContext] Well known config file 'Service': '/home/jenny/tensorflow-mri/actions-runner/.service'
[2025-03-13 21:52:58Z INFO ConfigurationStore] ServiceConfigFilePath: /home/jenny/tensorflow-mri/actions-runner/.service
[2025-03-13 21:52:58Z INFO ConfigurationStore] Read setting file: 294 chars
[2025-03-13 21:52:58Z INFO JobRunner] Initializing launch client
[2025-03-13 21:52:58Z INFO JobServerQueue] Initializing results client
[2025-03-13 21:52:58Z INFO ResultServer] Creating websocket client ...wss://results-receiver.actions.githubusercontent.com/_ws/ingest.sock
[2025-03-13 21:52:58Z INFO ResultServer] Attempting to start websocket client with delay 00:00:00.
[2025-03-13 21:52:58Z INFO JobServerQueue] Start process web console line queue.
[2025-03-13 21:52:58Z INFO JobServerQueue] Start process file upload queue.
[2025-03-13 21:52:58Z INFO JobServerQueue] Start results file upload queue.
[2025-03-13 21:52:58Z INFO JobServerQueue] Starting results-based upload queue...
[2025-03-13 21:52:58Z INFO JobServerQueue] Start process timeline update queue.
[2025-03-13 21:52:58Z INFO ExecutionContext] Initialize GitHub context
[2025-03-13 21:52:58Z INFO ExecutionContext] Initialize Env context
[2025-03-13 21:52:58Z INFO HostContext] Well known directory 'Bin': '/home/jenny/tensorflow-mri/actions-runner/bin'
[2025-03-13 21:52:58Z INFO HostContext] Well known directory 'Root': '/home/jenny/tensorflow-mri/actions-runner'
[2025-03-13 21:52:58Z INFO HostContext] Well known directory 'Diag': '/home/jenny/tensorflow-mri/actions-runner/_diag'
[2025-03-13 21:52:58Z INFO HostContext] Well known directory 'Bin': '/home/jenny/tensorflow-mri/actions-runner/bin'
[2025-03-13 21:52:58Z INFO HostContext] Well known directory 'Root': '/home/jenny/tensorflow-mri/actions-runner'
[2025-03-13 21:52:58Z INFO HostContext] Well known directory 'Diag': '/home/jenny/tensorflow-mri/actions-runner/_diag'
[2025-03-13 21:52:58Z INFO JobRunner] Starting the job execution context.
[2025-03-13 21:52:58Z INFO HostContext] Well known directory 'Bin': '/home/jenny/tensorflow-mri/actions-runner/bin'
[2025-03-13 21:52:58Z INFO HostContext] Well known directory 'Root': '/home/jenny/tensorflow-mri/actions-runner'
[2025-03-13 21:52:58Z INFO HostContext] Well known directory 'Work': '/home/jenny/tensorflow-mri/actions-runner/_work'
[2025-03-13 21:52:58Z INFO JobRunner] Validating directory permissions for: '/home/jenny/tensorflow-mri/actions-runner/_work'
[2025-03-13 21:52:58Z INFO HostContext] Well known directory 'Bin': '/home/jenny/tensorflow-mri/actions-runner/bin'
[2025-03-13 21:52:58Z INFO HostContext] Well known directory 'Root': '/home/jenny/tensorflow-mri/actions-runner'
[2025-03-13 21:52:58Z INFO HostContext] Well known directory 'Work': '/home/jenny/tensorflow-mri/actions-runner/_work'
[2025-03-13 21:52:58Z INFO HostContext] Well known directory 'Tools': '/home/jenny/tensorflow-mri/actions-runner/_work/_tool'
[2025-03-13 21:52:58Z INFO HostContext] Well known directory 'Bin': '/home/jenny/tensorflow-mri/actions-runner/bin'
[2025-03-13 21:52:58Z INFO HostContext] Well known directory 'Root': '/home/jenny/tensorflow-mri/actions-runner'
[2025-03-13 21:52:58Z INFO HostContext] Well known directory 'Work': '/home/jenny/tensorflow-mri/actions-runner/_work'
[2025-03-13 21:52:58Z INFO HostContext] Well known directory 'Temp': '/home/jenny/tensorflow-mri/actions-runner/_work/_temp'
[2025-03-13 21:52:58Z INFO JobRunner] Getting job extension.
[2025-03-13 21:52:58Z INFO JobRunner] Initialize job. Getting all job steps.
[2025-03-13 21:52:58Z INFO HostContext] Well known directory 'Bin': '/home/jenny/tensorflow-mri/actions-runner/bin'
[2025-03-13 21:52:58Z INFO HostContext] Well known directory 'Root': '/home/jenny/tensorflow-mri/actions-runner'
[2025-03-13 21:52:58Z INFO HostContext] Well known directory 'Diag': '/home/jenny/tensorflow-mri/actions-runner/_diag'
[2025-03-13 21:52:58Z INFO HostContext] Well known directory 'Bin': '/home/jenny/tensorflow-mri/actions-runner/bin'
[2025-03-13 21:52:58Z INFO HostContext] Well known directory 'Root': '/home/jenny/tensorflow-mri/actions-runner'
[2025-03-13 21:52:58Z INFO HostContext] Well known directory 'Diag': '/home/jenny/tensorflow-mri/actions-runner/_diag'
[2025-03-13 21:52:58Z INFO HostContext] Well known directory 'Bin': '/home/jenny/tensorflow-mri/actions-runner/bin'
[2025-03-13 21:52:58Z INFO HostContext] Well known directory 'Root': '/home/jenny/tensorflow-mri/actions-runner'
[2025-03-13 21:52:58Z INFO HostContext] Well known config file 'Credentials': '/home/jenny/tensorflow-mri/actions-runner/.credentials'
[2025-03-13 21:52:58Z INFO HostContext] Well known directory 'Bin': '/home/jenny/tensorflow-mri/actions-runner/bin'
[2025-03-13 21:52:58Z INFO HostContext] Well known directory 'Root': '/home/jenny/tensorflow-mri/actions-runner'
[2025-03-13 21:52:58Z INFO HostContext] Well known config file 'SetupInfo': '/home/jenny/tensorflow-mri/actions-runner/.setup_info'
[2025-03-13 21:52:58Z INFO HostContext] Well known directory 'Bin': '/home/jenny/tensorflow-mri/actions-runner/bin'
[2025-03-13 21:52:58Z INFO HostContext] Well known directory 'Root': '/home/jenny/tensorflow-mri/actions-runner'
[2025-03-13 21:52:58Z INFO HostContext] Well known directory 'Work': '/home/jenny/tensorflow-mri/actions-runner/_work'
[2025-03-13 21:52:58Z INFO PipelineDirectoryManager] Loading tracking config if exists: /home/jenny/tensorflow-mri/actions-runner/_work/_PipelineMapping/mrphys/tensorflow-mri/PipelineFolder.json
[2025-03-13 21:52:58Z INFO PipelineDirectoryManager] Updating job run properties.
[2025-03-13 21:52:58Z INFO HostContext] Well known directory 'Bin': '/home/jenny/tensorflow-mri/actions-runner/bin'
[2025-03-13 21:52:58Z INFO HostContext] Well known directory 'Root': '/home/jenny/tensorflow-mri/actions-runner'
[2025-03-13 21:52:58Z INFO HostContext] Well known directory 'Work': '/home/jenny/tensorflow-mri/actions-runner/_work'
[2025-03-13 21:52:58Z INFO HostContext] Well known directory 'Bin': '/home/jenny/tensorflow-mri/actions-runner/bin'
[2025-03-13 21:52:58Z INFO HostContext] Well known directory 'Root': '/home/jenny/tensorflow-mri/actions-runner'
[2025-03-13 21:52:58Z INFO HostContext] Well known directory 'Work': '/home/jenny/tensorflow-mri/actions-runner/_work'
[2025-03-13 21:52:58Z INFO HostContext] Well known directory 'Bin': '/home/jenny/tensorflow-mri/actions-runner/bin'
[2025-03-13 21:52:58Z INFO HostContext] Well known directory 'Root': '/home/jenny/tensorflow-mri/actions-runner'
[2025-03-13 21:52:58Z INFO HostContext] Well known directory 'Work': '/home/jenny/tensorflow-mri/actions-runner/_work'
[2025-03-13 21:52:58Z INFO HostContext] Well known directory 'Bin': '/home/jenny/tensorflow-mri/actions-runner/bin'
[2025-03-13 21:52:58Z INFO HostContext] Well known directory 'Root': '/home/jenny/tensorflow-mri/actions-runner'
[2025-03-13 21:52:58Z INFO HostContext] Well known directory 'Work': '/home/jenny/tensorflow-mri/actions-runner/_work'
[2025-03-13 21:52:58Z INFO HostContext] Well known directory 'Bin': '/home/jenny/tensorflow-mri/actions-runner/bin'
[2025-03-13 21:52:58Z INFO HostContext] Well known directory 'Root': '/home/jenny/tensorflow-mri/actions-runner'
[2025-03-13 21:52:58Z INFO HostContext] Well known directory 'Work': '/home/jenny/tensorflow-mri/actions-runner/_work'
[2025-03-13 21:52:58Z INFO HostContext] Well known directory 'Tools': '/home/jenny/tensorflow-mri/actions-runner/_work/_tool'
[2025-03-13 21:52:58Z INFO HostContext] Well known directory 'Bin': '/home/jenny/tensorflow-mri/actions-runner/bin'
[2025-03-13 21:52:58Z INFO HostContext] Well known directory 'Root': '/home/jenny/tensorflow-mri/actions-runner'
[2025-03-13 21:52:58Z INFO HostContext] Well known directory 'Externals': '/home/jenny/tensorflow-mri/actions-runner/externals'
[2025-03-13 21:52:58Z INFO JobExtension] Downloading actions
[2025-03-13 21:52:58Z INFO HostContext] Well known directory 'Bin': '/home/jenny/tensorflow-mri/actions-runner/bin'
[2025-03-13 21:52:58Z INFO HostContext] Well known directory 'Root': '/home/jenny/tensorflow-mri/actions-runner'
[2025-03-13 21:52:58Z INFO HostContext] Well known directory 'Work': '/home/jenny/tensorflow-mri/actions-runner/_work'
[2025-03-13 21:52:58Z INFO HostContext] Well known directory 'Actions': '/home/jenny/tensorflow-mri/actions-runner/_work/_actions'
[2025-03-13 21:52:58Z INFO Worker] Listening for cancel message from the channel.
[2025-03-13 21:52:58Z INFO Worker] Waiting for the job to complete or for a cancel message from the channel.
[2025-03-13 21:52:59Z INFO ResultServer] Successfully started websocket client.
[2025-03-13 21:52:59Z INFO JobServerQueue] Try to append 1 batches web console lines for record '77c2567a-d392-4ec4-aa36-9e5d4cd794dc', success rate: 1/1.
[2025-03-13 21:52:59Z INFO HostContext] Well known directory 'Bin': '/home/jenny/tensorflow-mri/actions-runner/bin'
[2025-03-13 21:52:59Z INFO HostContext] Well known directory 'Root': '/home/jenny/tensorflow-mri/actions-runner'
[2025-03-13 21:52:59Z INFO HostContext] Well known directory 'Work': '/home/jenny/tensorflow-mri/actions-runner/_work'
[2025-03-13 21:52:59Z INFO HostContext] Well known directory 'Actions': '/home/jenny/tensorflow-mri/actions-runner/_work/_actions'
[2025-03-13 21:52:59Z INFO HostContext] Well known directory 'Bin': '/home/jenny/tensorflow-mri/actions-runner/bin'
[2025-03-13 21:52:59Z INFO HostContext] Well known directory 'Root': '/home/jenny/tensorflow-mri/actions-runner'
[2025-03-13 21:52:59Z INFO HostContext] Well known directory 'Work': '/home/jenny/tensorflow-mri/actions-runner/_work'
[2025-03-13 21:52:59Z INFO HostContext] Well known directory 'Actions': '/home/jenny/tensorflow-mri/actions-runner/_work/_actions'
[2025-03-13 21:52:59Z INFO ActionManager] Save archive 'https://api.github.com/repos/actions/checkout/tarball/11bd71901bbe5b1630ceea73d27597364c9af683' into /home/jenny/tensorflow-mri/actions-runner/_work/_actions/_temp_69d293da-4f0e-4ae4-a20b-279466531233/8d4c3e78-e872-4b6d-b886-40f5353d7338.tar.gz.
[2025-03-13 21:52:59Z INFO JobServerQueue] Try to append 1 batches web console lines for record '77c2567a-d392-4ec4-aa36-9e5d4cd794dc', success rate: 1/1.
[2025-03-13 21:52:59Z INFO JobServerQueue] Job timeline record has been updated for the first time.
[2025-03-13 21:52:59Z INFO ActionManager] Request URL: https://api.github.com/repos/actions/checkout/tarball/11bd71901bbe5b1630ceea73d27597364c9af683 X-GitHub-Request-Id: E622:1970DD:2E60F:DFE46:67D353BB Http Status: OK
[2025-03-13 21:52:59Z INFO ActionManager] Which2: 'tar'
[2025-03-13 21:52:59Z INFO ActionManager] Location: '/usr/bin/tar'
[2025-03-13 21:52:59Z INFO ProcessInvokerWrapper] Starting process:
[2025-03-13 21:52:59Z INFO ProcessInvokerWrapper]   File name: '/usr/bin/tar'
[2025-03-13 21:52:59Z INFO ProcessInvokerWrapper]   Arguments: '-xzf "/home/jenny/tensorflow-mri/actions-runner/_work/_actions/_temp_69d293da-4f0e-4ae4-a20b-279466531233/8d4c3e78-e872-4b6d-b886-40f5353d7338.tar.gz"'
[2025-03-13 21:52:59Z INFO ProcessInvokerWrapper]   Working directory: '/home/jenny/tensorflow-mri/actions-runner/_work/_actions/_temp_69d293da-4f0e-4ae4-a20b-279466531233/_staging'
[2025-03-13 21:52:59Z INFO ProcessInvokerWrapper]   Require exit code zero: 'False'
[2025-03-13 21:52:59Z INFO ProcessInvokerWrapper]   Encoding web name:  ; code page: ''
[2025-03-13 21:52:59Z INFO ProcessInvokerWrapper]   Force kill process on cancellation: 'False'
[2025-03-13 21:52:59Z INFO ProcessInvokerWrapper]   Redirected STDIN: 'False'
[2025-03-13 21:52:59Z INFO ProcessInvokerWrapper]   Persist current code page: 'False'
[2025-03-13 21:52:59Z INFO ProcessInvokerWrapper]   Keep redirected STDIN open: 'False'
[2025-03-13 21:52:59Z INFO ProcessInvokerWrapper]   High priority process: 'False'
[2025-03-13 21:52:59Z INFO ProcessInvokerWrapper] Updated oom_score_adj to 500 for PID: 2241825.
[2025-03-13 21:52:59Z INFO ProcessInvokerWrapper] Process started with process id 2241825, waiting for process exit.
[2025-03-13 21:52:59Z INFO ProcessInvokerWrapper] STDOUT/STDERR stream read finished.
[2025-03-13 21:52:59Z INFO ProcessInvokerWrapper] STDOUT/STDERR stream read finished.
[2025-03-13 21:52:59Z INFO ProcessInvokerWrapper] Finished process 2241825 with exit code 0, and elapsed time 00:00:00.0120546.
[2025-03-13 21:52:59Z INFO ActionManager] Finished getting action repository.
[2025-03-13 21:52:59Z INFO HostContext] Well known directory 'Bin': '/home/jenny/tensorflow-mri/actions-runner/bin'
[2025-03-13 21:52:59Z INFO HostContext] Well known directory 'Root': '/home/jenny/tensorflow-mri/actions-runner'
[2025-03-13 21:52:59Z INFO HostContext] Well known directory 'Work': '/home/jenny/tensorflow-mri/actions-runner/_work'
[2025-03-13 21:52:59Z INFO HostContext] Well known directory 'Actions': '/home/jenny/tensorflow-mri/actions-runner/_work/_actions'
[2025-03-13 21:52:59Z INFO HostContext] Well known directory 'Bin': '/home/jenny/tensorflow-mri/actions-runner/bin'
[2025-03-13 21:52:59Z INFO HostContext] Well known directory 'Root': '/home/jenny/tensorflow-mri/actions-runner'
[2025-03-13 21:52:59Z INFO HostContext] Well known directory 'Work': '/home/jenny/tensorflow-mri/actions-runner/_work'
[2025-03-13 21:52:59Z INFO HostContext] Well known directory 'Actions': '/home/jenny/tensorflow-mri/actions-runner/_work/_actions'
[2025-03-13 21:52:59Z INFO ActionManager] Save archive 'https://api.github.com/repos/actions/upload-artifact/tarball/4cec3d8aa04e39d1a68397de0c4cd6fb9dce8ec1' into /home/jenny/tensorflow-mri/actions-runner/_work/_actions/_temp_f4735b7c-b33e-43ee-a5fd-9205bf403ebc/76cab5b2-6402-4a35-ab1b-31751a1840cc.tar.gz.
[2025-03-13 21:52:59Z INFO JobServerQueue] Try to append 1 batches web console lines for record '77c2567a-d392-4ec4-aa36-9e5d4cd794dc', success rate: 1/1.
[2025-03-13 21:53:00Z INFO ActionManager] Request URL: https://api.github.com/repos/actions/upload-artifact/tarball/4cec3d8aa04e39d1a68397de0c4cd6fb9dce8ec1 X-GitHub-Request-Id: E62C:1C161:33616:F8BCB:67D353BB Http Status: OK
[2025-03-13 21:53:00Z INFO ActionManager] Which2: 'tar'
[2025-03-13 21:53:00Z INFO ActionManager] Location: '/usr/bin/tar'
[2025-03-13 21:53:00Z INFO ProcessInvokerWrapper] Starting process:
[2025-03-13 21:53:00Z INFO ProcessInvokerWrapper]   File name: '/usr/bin/tar'
[2025-03-13 21:53:00Z INFO ProcessInvokerWrapper]   Arguments: '-xzf "/home/jenny/tensorflow-mri/actions-runner/_work/_actions/_temp_f4735b7c-b33e-43ee-a5fd-9205bf403ebc/76cab5b2-6402-4a35-ab1b-31751a1840cc.tar.gz"'
[2025-03-13 21:53:00Z INFO ProcessInvokerWrapper]   Working directory: '/home/jenny/tensorflow-mri/actions-runner/_work/_actions/_temp_f4735b7c-b33e-43ee-a5fd-9205bf403ebc/_staging'
[2025-03-13 21:53:00Z INFO ProcessInvokerWrapper]   Require exit code zero: 'False'
[2025-03-13 21:53:00Z INFO ProcessInvokerWrapper]   Encoding web name:  ; code page: ''
[2025-03-13 21:53:00Z INFO ProcessInvokerWrapper]   Force kill process on cancellation: 'False'
[2025-03-13 21:53:00Z INFO ProcessInvokerWrapper]   Redirected STDIN: 'False'
[2025-03-13 21:53:00Z INFO ProcessInvokerWrapper]   Persist current code page: 'False'
[2025-03-13 21:53:00Z INFO ProcessInvokerWrapper]   Keep redirected STDIN open: 'False'
[2025-03-13 21:53:00Z INFO ProcessInvokerWrapper]   High priority process: 'False'
[2025-03-13 21:53:00Z INFO ProcessInvokerWrapper] Updated oom_score_adj to 500 for PID: 2241829.
[2025-03-13 21:53:00Z INFO ProcessInvokerWrapper] Process started with process id 2241829, waiting for process exit.
[2025-03-13 21:53:00Z INFO ProcessInvokerWrapper] STDOUT/STDERR stream read finished.
[2025-03-13 21:53:00Z INFO ProcessInvokerWrapper] STDOUT/STDERR stream read finished.
[2025-03-13 21:53:00Z INFO ProcessInvokerWrapper] Finished process 2241829 with exit code 0, and elapsed time 00:00:00.0487028.
[2025-03-13 21:53:00Z INFO ActionManager] Finished getting action repository.
[2025-03-13 21:53:00Z INFO HostContext] Well known directory 'Bin': '/home/jenny/tensorflow-mri/actions-runner/bin'
[2025-03-13 21:53:00Z INFO HostContext] Well known directory 'Root': '/home/jenny/tensorflow-mri/actions-runner'
[2025-03-13 21:53:00Z INFO HostContext] Well known directory 'Work': '/home/jenny/tensorflow-mri/actions-runner/_work'
[2025-03-13 21:53:00Z INFO HostContext] Well known directory 'Actions': '/home/jenny/tensorflow-mri/actions-runner/_work/_actions'
[2025-03-13 21:53:00Z INFO HostContext] Well known directory 'Bin': '/home/jenny/tensorflow-mri/actions-runner/bin'
[2025-03-13 21:53:00Z INFO HostContext] Well known directory 'Root': '/home/jenny/tensorflow-mri/actions-runner'
[2025-03-13 21:53:00Z INFO HostContext] Well known directory 'Work': '/home/jenny/tensorflow-mri/actions-runner/_work'
[2025-03-13 21:53:00Z INFO HostContext] Well known directory 'Actions': '/home/jenny/tensorflow-mri/actions-runner/_work/_actions'
[2025-03-13 21:53:00Z INFO HostContext] Well known directory 'Bin': '/home/jenny/tensorflow-mri/actions-runner/bin'
[2025-03-13 21:53:00Z INFO HostContext] Well known directory 'Root': '/home/jenny/tensorflow-mri/actions-runner'
[2025-03-13 21:53:00Z INFO HostContext] Well known directory 'Work': '/home/jenny/tensorflow-mri/actions-runner/_work'
[2025-03-13 21:53:00Z INFO HostContext] Well known directory 'Actions': '/home/jenny/tensorflow-mri/actions-runner/_work/_actions'
[2025-03-13 21:53:00Z INFO ActionManager] Save archive 'https://api.github.com/repos/pypa/gh-action-pypi-publish/tarball/22b4d1f12511f2696162c08546dafbaa903448a2' into /home/jenny/tensorflow-mri/actions-runner/_work/_actions/_temp_0b41cbf2-f63a-4c45-a645-a42eba6f0cc0/32500292-9b42-4acc-adfc-b2b0e4cf8f4a.tar.gz.
[2025-03-13 21:53:00Z INFO JobServerQueue] Try to append 1 batches web console lines for record '77c2567a-d392-4ec4-aa36-9e5d4cd794dc', success rate: 1/1.
[2025-03-13 21:53:00Z INFO ActionManager] Request URL: https://api.github.com/repos/pypa/gh-action-pypi-publish/tarball/22b4d1f12511f2696162c08546dafbaa903448a2 X-GitHub-Request-Id: E63C:2226FC:33322:F894B:67D353BC Http Status: OK
[2025-03-13 21:53:00Z INFO ActionManager] Which2: 'tar'
[2025-03-13 21:53:00Z INFO ActionManager] Location: '/usr/bin/tar'
[2025-03-13 21:53:00Z INFO ProcessInvokerWrapper] Starting process:
[2025-03-13 21:53:00Z INFO ProcessInvokerWrapper]   File name: '/usr/bin/tar'
[2025-03-13 21:53:00Z INFO ProcessInvokerWrapper]   Arguments: '-xzf "/home/jenny/tensorflow-mri/actions-runner/_work/_actions/_temp_0b41cbf2-f63a-4c45-a645-a42eba6f0cc0/32500292-9b42-4acc-adfc-b2b0e4cf8f4a.tar.gz"'
[2025-03-13 21:53:00Z INFO ProcessInvokerWrapper]   Working directory: '/home/jenny/tensorflow-mri/actions-runner/_work/_actions/_temp_0b41cbf2-f63a-4c45-a645-a42eba6f0cc0/_staging'
[2025-03-13 21:53:00Z INFO ProcessInvokerWrapper]   Require exit code zero: 'False'
[2025-03-13 21:53:00Z INFO ProcessInvokerWrapper]   Encoding web name:  ; code page: ''
[2025-03-13 21:53:00Z INFO ProcessInvokerWrapper]   Force kill process on cancellation: 'False'
[2025-03-13 21:53:00Z INFO ProcessInvokerWrapper]   Redirected STDIN: 'False'
[2025-03-13 21:53:00Z INFO ProcessInvokerWrapper]   Persist current code page: 'False'
[2025-03-13 21:53:00Z INFO ProcessInvokerWrapper]   Keep redirected STDIN open: 'False'
[2025-03-13 21:53:00Z INFO ProcessInvokerWrapper]   High priority process: 'False'
[2025-03-13 21:53:00Z INFO ProcessInvokerWrapper] Updated oom_score_adj to 500 for PID: 2241832.
[2025-03-13 21:53:00Z INFO ProcessInvokerWrapper] Process started with process id 2241832, waiting for process exit.
[2025-03-13 21:53:00Z INFO ProcessInvokerWrapper] STDOUT/STDERR stream read finished.
[2025-03-13 21:53:00Z INFO ProcessInvokerWrapper] STDOUT/STDERR stream read finished.
[2025-03-13 21:53:00Z INFO ProcessInvokerWrapper] Finished process 2241832 with exit code 0, and elapsed time 00:00:00.0028907.
[2025-03-13 21:53:00Z INFO ActionManager] Finished getting action repository.
[2025-03-13 21:53:00Z INFO HostContext] Well known directory 'Bin': '/home/jenny/tensorflow-mri/actions-runner/bin'
[2025-03-13 21:53:00Z INFO HostContext] Well known directory 'Root': '/home/jenny/tensorflow-mri/actions-runner'
[2025-03-13 21:53:00Z INFO HostContext] Well known directory 'Work': '/home/jenny/tensorflow-mri/actions-runner/_work'
[2025-03-13 21:53:00Z INFO HostContext] Well known directory 'Actions': '/home/jenny/tensorflow-mri/actions-runner/_work/_actions'
[2025-03-13 21:53:00Z INFO ActionManifestManager] Load schema file with definitions: [
  "null",
  "boolean",
  "number",
  "string",
  "sequence",
  "mapping",
  "any",
  "action-root",
  "inputs",
  "input",
  "outputs",
  "output-definition",
  "runs",
  "container-runs",
  "container-runs-args",
  "container-runs-env",
  "node-runs",
  "plugin-runs",
  "composite-runs",
  "composite-steps",
  "composite-step",
  "run-step",
  "uses-step",
  "container-runs-context",
  "output-value",
  "input-default-context",
  "non-empty-string",
  "string-steps-context",
  "boolean-steps-context",
  "step-env",
  "step-if",
  "step-with"
]
[2025-03-13 21:53:00Z INFO HostContext] Well known directory 'Bin': '/home/jenny/tensorflow-mri/actions-runner/bin'
[2025-03-13 21:53:00Z INFO HostContext] Well known directory 'Root': '/home/jenny/tensorflow-mri/actions-runner'
[2025-03-13 21:53:00Z INFO HostContext] Well known directory 'Work': '/home/jenny/tensorflow-mri/actions-runner/_work'
[2025-03-13 21:53:00Z INFO HostContext] Well known directory 'Actions': '/home/jenny/tensorflow-mri/actions-runner/_work/_actions'
[2025-03-13 21:53:00Z INFO ActionManifestManager] Loaded action.yml file: {
  "name": "Checkout",
  "description": "Checkout a Git repository at a particular version",
  "inputs": {
    "type": 2,
    "map": [
      {
        "key": {
          "type": 0,
          "file": 2,
          "line": 4,
          "col": 3,
          "lit": "repository"
        },
        "value": {
          "type": 3,
          "file": 2,
          "line": 6,
          "col": 14,
          "expr": "github.repository"
        }
      },
      {
        "key": {
          "type": 0,
          "file": 2,
          "line": 7,
          "col": 3,
          "lit": "ref"
        },
        "value": ""
      },
      {
        "key": {
          "type": 0,
          "file": 2,
          "line": 12,
          "col": 3,
          "lit": "token"
        },
        "value": {
          "type": 3,
          "file": 2,
          "line": 24,
          "col": 14,
          "expr": "github.token"
        }
      },
      {
        "key": {
          "type": 0,
          "file": 2,
          "line": 25,
          "col": 3,
          "lit": "ssh-key"
        },
        "value": ""
      },
      {
        "key": {
          "type": 0,
          "file": 2,
          "line": 37,
          "col": 3,
          "lit": "ssh-known-hosts"
        },
        "value": ""
      },
      {
        "key": {
          "type": 0,
          "file": 2,
          "line": 42,
          "col": 3,
          "lit": "ssh-strict"
        },
        "value": {
          "type": 0,
          "file": 2,
          "line": 47,
          "col": 14,
          "lit": "true"
        }
      },
      {
        "key": {
          "type": 0,
          "file": 2,
          "line": 48,
          "col": 3,
          "lit": "ssh-user"
        },
        "value": {
          "type": 0,
          "file": 2,
          "line": 51,
          "col": 14,
          "lit": "git"
        }
      },
      {
        "key": {
          "type": 0,
          "file": 2,
          "line": 52,
          "col": 3,
          "lit": "persist-credentials"
        },
        "value": {
          "type": 0,
          "file": 2,
          "line": 54,
          "col": 14,
          "lit": "true"
        }
      },
      {
        "key": {
          "type": 0,
          "file": 2,
          "line": 55,
          "col": 3,
          "lit": "path"
        },
        "value": ""
      },
      {
        "key": {
          "type": 0,
          "file": 2,
          "line": 57,
          "col": 3,
          "lit": "clean"
        },
        "value": {
          "type": 0,
          "file": 2,
          "line": 59,
          "col": 14,
          "lit": "true"
        }
      },
      {
        "key": {
          "type": 0,
          "file": 2,
          "line": 60,
          "col": 3,
          "lit": "filter"
        },
        "value": {
          "type": 0,
          "file": 2,
          "line": 64,
          "col": 14,
          "lit": ""
        }
      },
      {
        "key": {
          "type": 0,
          "file": 2,
          "line": 65,
          "col": 3,
          "lit": "sparse-checkout"
        },
        "value": {
          "type": 0,
          "file": 2,
          "line": 69,
          "col": 14,
          "lit": ""
        }
      },
      {
        "key": {
          "type": 0,
          "file": 2,
          "line": 70,
          "col": 3,
          "lit": "sparse-checkout-cone-mode"
        },
        "value": {
          "type": 0,
          "file": 2,
          "line": 73,
          "col": 14,
          "lit": "true"
        }
      },
      {
        "key": {
          "type": 0,
          "file": 2,
          "line": 74,
          "col": 3,
          "lit": "fetch-depth"
        },
        "value": {
          "type": 0,
          "file": 2,
          "line": 76,
          "col": 14,
          "lit": "1"
        }
      },
      {
        "key": {
          "type": 0,
          "file": 2,
          "line": 77,
          "col": 3,
          "lit": "fetch-tags"
        },
        "value": {
          "type": 0,
          "file": 2,
          "line": 79,
          "col": 14,
          "lit": "false"
        }
      },
      {
        "key": {
          "type": 0,
          "file": 2,
          "line": 80,
          "col": 3,
          "lit": "show-progress"
        },
        "value": {
          "type": 0,
          "file": 2,
          "line": 82,
          "col": 14,
          "lit": "true"
        }
      },
      {
        "key": {
          "type": 0,
          "file": 2,
          "line": 83,
          "col": 3,
          "lit": "lfs"
        },
        "value": {
          "type": 0,
          "file": 2,
          "line": 85,
          "col": 14,
          "lit": "false"
        }
      },
      {
        "key": {
          "type": 0,
          "file": 2,
          "line": 86,
          "col": 3,
          "lit": "submodules"
        },
        "value": {
          "type": 0,
          "file": 2,
          "line": 94,
          "col": 14,
          "lit": "false"
        }
      },
      {
        "key": {
          "type": 0,
          "file": 2,
          "line": 95,
          "col": 3,
          "lit": "set-safe-directory"
        },
        "value": {
          "type": 0,
          "file": 2,
          "line": 97,
          "col": 14,
          "lit": "true"
        }
      },
      {
        "key": {
          "type": 0,
          "file": 2,
          "line": 98,
          "col": 3,
          "lit": "github-server-url"
        },
        "value": ""
      }
    ]
  },
  "execution": {
    "executionType": "nodeJS",
    "hasPre": false,
    "hasPost": true,
    "script": "dist/index.js",
    "pre": null,
    "post": "dist/index.js",
    "nodeVersion": "node20",
    "cleanupCondition": "always()",
    "initCondition": "always()"
  },
  "deprecated": null
}
[2025-03-13 21:53:00Z INFO ActionManager] Action node.js file: dist/index.js, no more preparation.
[2025-03-13 21:53:00Z INFO HostContext] Well known directory 'Bin': '/home/jenny/tensorflow-mri/actions-runner/bin'
[2025-03-13 21:53:00Z INFO HostContext] Well known directory 'Root': '/home/jenny/tensorflow-mri/actions-runner'
[2025-03-13 21:53:00Z INFO HostContext] Well known directory 'Work': '/home/jenny/tensorflow-mri/actions-runner/_work'
[2025-03-13 21:53:00Z INFO HostContext] Well known directory 'Actions': '/home/jenny/tensorflow-mri/actions-runner/_work/_actions'
[2025-03-13 21:53:00Z INFO ActionManager] Load action that reference repository from '/home/jenny/tensorflow-mri/actions-runner/_work/_actions/actions/checkout/v4'
[2025-03-13 21:53:00Z INFO HostContext] Well known directory 'Bin': '/home/jenny/tensorflow-mri/actions-runner/bin'
[2025-03-13 21:53:00Z INFO HostContext] Well known directory 'Root': '/home/jenny/tensorflow-mri/actions-runner'
[2025-03-13 21:53:00Z INFO HostContext] Well known directory 'Work': '/home/jenny/tensorflow-mri/actions-runner/_work'
[2025-03-13 21:53:00Z INFO HostContext] Well known directory 'Actions': '/home/jenny/tensorflow-mri/actions-runner/_work/_actions'
[2025-03-13 21:53:00Z INFO ActionManifestManager] Loaded action.yml file: {
  "name": "Checkout",
  "description": "Checkout a Git repository at a particular version",
  "inputs": {
    "type": 2,
    "map": [
      {
        "key": {
          "type": 0,
          "file": 2,
          "line": 4,
          "col": 3,
          "lit": "repository"
        },
        "value": {
          "type": 3,
          "file": 2,
          "line": 6,
          "col": 14,
          "expr": "github.repository"
        }
      },
      {
        "key": {
          "type": 0,
          "file": 2,
          "line": 7,
          "col": 3,
          "lit": "ref"
        },
        "value": ""
      },
      {
        "key": {
          "type": 0,
          "file": 2,
          "line": 12,
          "col": 3,
          "lit": "token"
        },
        "value": {
          "type": 3,
          "file": 2,
          "line": 24,
          "col": 14,
          "expr": "github.token"
        }
      },
      {
        "key": {
          "type": 0,
          "file": 2,
          "line": 25,
          "col": 3,
          "lit": "ssh-key"
        },
        "value": ""
      },
      {
        "key": {
          "type": 0,
          "file": 2,
          "line": 37,
          "col": 3,
          "lit": "ssh-known-hosts"
        },
        "value": ""
      },
      {
        "key": {
          "type": 0,
          "file": 2,
          "line": 42,
          "col": 3,
          "lit": "ssh-strict"
        },
        "value": {
          "type": 0,
          "file": 2,
          "line": 47,
          "col": 14,
          "lit": "true"
        }
      },
      {
        "key": {
          "type": 0,
          "file": 2,
          "line": 48,
          "col": 3,
          "lit": "ssh-user"
        },
        "value": {
          "type": 0,
          "file": 2,
          "line": 51,
          "col": 14,
          "lit": "git"
        }
      },
      {
        "key": {
          "type": 0,
          "file": 2,
          "line": 52,
          "col": 3,
          "lit": "persist-credentials"
        },
        "value": {
          "type": 0,
          "file": 2,
          "line": 54,
          "col": 14,
          "lit": "true"
        }
      },
      {
        "key": {
          "type": 0,
          "file": 2,
          "line": 55,
          "col": 3,
          "lit": "path"
        },
        "value": ""
      },
      {
        "key": {
          "type": 0,
          "file": 2,
          "line": 57,
          "col": 3,
          "lit": "clean"
        },
        "value": {
          "type": 0,
          "file": 2,
          "line": 59,
          "col": 14,
          "lit": "true"
        }
      },
      {
        "key": {
          "type": 0,
          "file": 2,
          "line": 60,
          "col": 3,
          "lit": "filter"
        },
        "value": {
          "type": 0,
          "file": 2,
          "line": 64,
          "col": 14,
          "lit": ""
        }
      },
      {
        "key": {
          "type": 0,
          "file": 2,
          "line": 65,
          "col": 3,
          "lit": "sparse-checkout"
        },
        "value": {
          "type": 0,
          "file": 2,
          "line": 69,
          "col": 14,
          "lit": ""
        }
      },
      {
        "key": {
          "type": 0,
          "file": 2,
          "line": 70,
          "col": 3,
          "lit": "sparse-checkout-cone-mode"
        },
        "value": {
          "type": 0,
          "file": 2,
          "line": 73,
          "col": 14,
          "lit": "true"
        }
      },
      {
        "key": {
          "type": 0,
          "file": 2,
          "line": 74,
          "col": 3,
          "lit": "fetch-depth"
        },
        "value": {
          "type": 0,
          "file": 2,
          "line": 76,
          "col": 14,
          "lit": "1"
        }
      },
      {
        "key": {
          "type": 0,
          "file": 2,
          "line": 77,
          "col": 3,
          "lit": "fetch-tags"
        },
        "value": {
          "type": 0,
          "file": 2,
          "line": 79,
          "col": 14,
          "lit": "false"
        }
      },
      {
        "key": {
          "type": 0,
          "file": 2,
          "line": 80,
          "col": 3,
          "lit": "show-progress"
        },
        "value": {
          "type": 0,
          "file": 2,
          "line": 82,
          "col": 14,
          "lit": "true"
        }
      },
      {
        "key": {
          "type": 0,
          "file": 2,
          "line": 83,
          "col": 3,
          "lit": "lfs"
        },
        "value": {
          "type": 0,
          "file": 2,
          "line": 85,
          "col": 14,
          "lit": "false"
        }
      },
      {
        "key": {
          "type": 0,
          "file": 2,
          "line": 86,
          "col": 3,
          "lit": "submodules"
        },
        "value": {
          "type": 0,
          "file": 2,
          "line": 94,
          "col": 14,
          "lit": "false"
        }
      },
      {
        "key": {
          "type": 0,
          "file": 2,
          "line": 95,
          "col": 3,
          "lit": "set-safe-directory"
        },
        "value": {
          "type": 0,
          "file": 2,
          "line": 97,
          "col": 14,
          "lit": "true"
        }
      },
      {
        "key": {
          "type": 0,
          "file": 2,
          "line": 98,
          "col": 3,
          "lit": "github-server-url"
        },
        "value": ""
      }
    ]
  },
  "execution": {
    "executionType": "nodeJS",
    "hasPre": false,
    "hasPost": true,
    "script": "dist/index.js",
    "pre": null,
    "post": "dist/index.js",
    "nodeVersion": "node20",
    "cleanupCondition": "always()",
    "initCondition": "always()"
  },
  "deprecated": null
}
[2025-03-13 21:53:00Z INFO ActionManager] Action pre node.js file: N/A.
[2025-03-13 21:53:00Z INFO ActionManager] Action node.js file: dist/index.js.
[2025-03-13 21:53:00Z INFO ActionManager] Action post node.js file: dist/index.js.
[2025-03-13 21:53:00Z INFO HostContext] Well known directory 'Bin': '/home/jenny/tensorflow-mri/actions-runner/bin'
[2025-03-13 21:53:00Z INFO HostContext] Well known directory 'Root': '/home/jenny/tensorflow-mri/actions-runner'
[2025-03-13 21:53:00Z INFO HostContext] Well known directory 'Work': '/home/jenny/tensorflow-mri/actions-runner/_work'
[2025-03-13 21:53:00Z INFO HostContext] Well known directory 'Actions': '/home/jenny/tensorflow-mri/actions-runner/_work/_actions'
[2025-03-13 21:53:00Z INFO HostContext] Well known directory 'Bin': '/home/jenny/tensorflow-mri/actions-runner/bin'
[2025-03-13 21:53:00Z INFO HostContext] Well known directory 'Root': '/home/jenny/tensorflow-mri/actions-runner'
[2025-03-13 21:53:00Z INFO HostContext] Well known directory 'Work': '/home/jenny/tensorflow-mri/actions-runner/_work'
[2025-03-13 21:53:00Z INFO HostContext] Well known directory 'Actions': '/home/jenny/tensorflow-mri/actions-runner/_work/_actions'
[2025-03-13 21:53:00Z INFO ActionManifestManager] Ignore action property author.
[2025-03-13 21:53:00Z INFO ActionManifestManager] Loaded action.yml file: {
  "name": "Upload a Build Artifact",
  "description": "Upload a build artifact that can be used by subsequent workflow steps",
  "inputs": {
    "type": 2,
    "map": [
      {
        "key": {
          "type": 0,
          "file": 3,
          "line": 5,
          "col": 3,
          "lit": "name"
        },
        "value": {
          "type": 0,
          "file": 3,
          "line": 7,
          "col": 14,
          "lit": "artifact"
        }
      },
      {
        "key": {
          "type": 0,
          "file": 3,
          "line": 8,
          "col": 3,
          "lit": "path"
        },
        "value": ""
      },
      {
        "key": {
          "type": 0,
          "file": 3,
          "line": 11,
          "col": 3,
          "lit": "if-no-files-found"
        },
        "value": {
          "type": 0,
          "file": 3,
          "line": 19,
          "col": 14,
          "lit": "warn"
        }
      },
      {
        "key": {
          "type": 0,
          "file": 3,
          "line": 20,
          "col": 3,
          "lit": "retention-days"
        },
        "value": ""
      },
      {
        "key": {
          "type": 0,
          "file": 3,
          "line": 26,
          "col": 3,
          "lit": "compression-level"
        },
        "value": {
          "type": 0,
          "file": 3,
          "line": 36,
          "col": 14,
          "lit": "6"
        }
      },
      {
        "key": {
          "type": 0,
          "file": 3,
          "line": 37,
          "col": 3,
          "lit": "overwrite"
        },
        "value": {
          "type": 0,
          "file": 3,
          "line": 42,
          "col": 14,
          "lit": "false"
        }
      },
      {
        "key": {
          "type": 0,
          "file": 3,
          "line": 43,
          "col": 3,
          "lit": "include-hidden-files"
        },
        "value": {
          "type": 0,
          "file": 3,
          "line": 47,
          "col": 14,
          "lit": "false"
        }
      }
    ]
  },
  "execution": {
    "executionType": "nodeJS",
    "hasPre": false,
    "hasPost": false,
    "script": "dist/upload/index.js",
    "pre": null,
    "post": null,
    "nodeVersion": "node20",
    "cleanupCondition": "always()",
    "initCondition": "always()"
  },
  "deprecated": null
}
[2025-03-13 21:53:00Z INFO ActionManager] Action node.js file: dist/upload/index.js, no more preparation.
[2025-03-13 21:53:00Z INFO HostContext] Well known directory 'Bin': '/home/jenny/tensorflow-mri/actions-runner/bin'
[2025-03-13 21:53:00Z INFO HostContext] Well known directory 'Root': '/home/jenny/tensorflow-mri/actions-runner'
[2025-03-13 21:53:00Z INFO HostContext] Well known directory 'Work': '/home/jenny/tensorflow-mri/actions-runner/_work'
[2025-03-13 21:53:00Z INFO HostContext] Well known directory 'Actions': '/home/jenny/tensorflow-mri/actions-runner/_work/_actions'
[2025-03-13 21:53:00Z INFO ActionManager] Load action that reference repository from '/home/jenny/tensorflow-mri/actions-runner/_work/_actions/actions/upload-artifact/v4'
[2025-03-13 21:53:00Z INFO HostContext] Well known directory 'Bin': '/home/jenny/tensorflow-mri/actions-runner/bin'
[2025-03-13 21:53:00Z INFO HostContext] Well known directory 'Root': '/home/jenny/tensorflow-mri/actions-runner'
[2025-03-13 21:53:00Z INFO HostContext] Well known directory 'Work': '/home/jenny/tensorflow-mri/actions-runner/_work'
[2025-03-13 21:53:00Z INFO HostContext] Well known directory 'Actions': '/home/jenny/tensorflow-mri/actions-runner/_work/_actions'
[2025-03-13 21:53:00Z INFO ActionManifestManager] Ignore action property author.
[2025-03-13 21:53:00Z INFO ActionManifestManager] Loaded action.yml file: {
  "name": "Upload a Build Artifact",
  "description": "Upload a build artifact that can be used by subsequent workflow steps",
  "inputs": {
    "type": 2,
    "map": [
      {
        "key": {
          "type": 0,
          "file": 3,
          "line": 5,
          "col": 3,
          "lit": "name"
        },
        "value": {
          "type": 0,
          "file": 3,
          "line": 7,
          "col": 14,
          "lit": "artifact"
        }
      },
      {
        "key": {
          "type": 0,
          "file": 3,
          "line": 8,
          "col": 3,
          "lit": "path"
        },
        "value": ""
      },
      {
        "key": {
          "type": 0,
          "file": 3,
          "line": 11,
          "col": 3,
          "lit": "if-no-files-found"
        },
        "value": {
          "type": 0,
          "file": 3,
          "line": 19,
          "col": 14,
          "lit": "warn"
        }
      },
      {
        "key": {
          "type": 0,
          "file": 3,
          "line": 20,
          "col": 3,
          "lit": "retention-days"
        },
        "value": ""
      },
      {
        "key": {
          "type": 0,
          "file": 3,
          "line": 26,
          "col": 3,
          "lit": "compression-level"
        },
        "value": {
          "type": 0,
          "file": 3,
          "line": 36,
          "col": 14,
          "lit": "6"
        }
      },
      {
        "key": {
          "type": 0,
          "file": 3,
          "line": 37,
          "col": 3,
          "lit": "overwrite"
        },
        "value": {
          "type": 0,
          "file": 3,
          "line": 42,
          "col": 14,
          "lit": "false"
        }
      },
      {
        "key": {
          "type": 0,
          "file": 3,
          "line": 43,
          "col": 3,
          "lit": "include-hidden-files"
        },
        "value": {
          "type": 0,
          "file": 3,
          "line": 47,
          "col": 14,
          "lit": "false"
        }
      }
    ]
  },
  "execution": {
    "executionType": "nodeJS",
    "hasPre": false,
    "hasPost": false,
    "script": "dist/upload/index.js",
    "pre": null,
    "post": null,
    "nodeVersion": "node20",
    "cleanupCondition": "always()",
    "initCondition": "always()"
  },
  "deprecated": null
}
[2025-03-13 21:53:00Z INFO ActionManager] Action pre node.js file: N/A.
[2025-03-13 21:53:00Z INFO ActionManager] Action node.js file: dist/upload/index.js.
[2025-03-13 21:53:00Z INFO ActionManager] Action post node.js file: N/A.
[2025-03-13 21:53:00Z INFO HostContext] Well known directory 'Bin': '/home/jenny/tensorflow-mri/actions-runner/bin'
[2025-03-13 21:53:00Z INFO HostContext] Well known directory 'Root': '/home/jenny/tensorflow-mri/actions-runner'
[2025-03-13 21:53:00Z INFO HostContext] Well known directory 'Work': '/home/jenny/tensorflow-mri/actions-runner/_work'
[2025-03-13 21:53:00Z INFO HostContext] Well known directory 'Actions': '/home/jenny/tensorflow-mri/actions-runner/_work/_actions'
[2025-03-13 21:53:00Z INFO HostContext] Well known directory 'Bin': '/home/jenny/tensorflow-mri/actions-runner/bin'
[2025-03-13 21:53:00Z INFO HostContext] Well known directory 'Root': '/home/jenny/tensorflow-mri/actions-runner'
[2025-03-13 21:53:00Z INFO HostContext] Well known directory 'Work': '/home/jenny/tensorflow-mri/actions-runner/_work'
[2025-03-13 21:53:00Z INFO HostContext] Well known directory 'Actions': '/home/jenny/tensorflow-mri/actions-runner/_work/_actions'
[2025-03-13 21:53:00Z INFO ActionManifestManager] Ignore action property author.
[2025-03-13 21:53:00Z INFO ActionManifestManager] Loaded action.yml file: {
  "name": "Upload a Build Artifact",
  "description": "Upload a build artifact that can be used by subsequent workflow steps",
  "inputs": {
    "type": 2,
    "map": [
      {
        "key": {
          "type": 0,
          "file": 3,
          "line": 5,
          "col": 3,
          "lit": "name"
        },
        "value": {
          "type": 0,
          "file": 3,
          "line": 7,
          "col": 14,
          "lit": "artifact"
        }
      },
      {
        "key": {
          "type": 0,
          "file": 3,
          "line": 8,
          "col": 3,
          "lit": "path"
        },
        "value": ""
      },
      {
        "key": {
          "type": 0,
          "file": 3,
          "line": 11,
          "col": 3,
          "lit": "if-no-files-found"
        },
        "value": {
          "type": 0,
          "file": 3,
          "line": 19,
          "col": 14,
          "lit": "warn"
        }
      },
      {
        "key": {
          "type": 0,
          "file": 3,
          "line": 20,
          "col": 3,
          "lit": "retention-days"
        },
        "value": ""
      },
      {
        "key": {
          "type": 0,
          "file": 3,
          "line": 26,
          "col": 3,
          "lit": "compression-level"
        },
        "value": {
          "type": 0,
          "file": 3,
          "line": 36,
          "col": 14,
          "lit": "6"
        }
      },
      {
        "key": {
          "type": 0,
          "file": 3,
          "line": 37,
          "col": 3,
          "lit": "overwrite"
        },
        "value": {
          "type": 0,
          "file": 3,
          "line": 42,
          "col": 14,
          "lit": "false"
        }
      },
      {
        "key": {
          "type": 0,
          "file": 3,
          "line": 43,
          "col": 3,
          "lit": "include-hidden-files"
        },
        "value": {
          "type": 0,
          "file": 3,
          "line": 47,
          "col": 14,
          "lit": "false"
        }
      }
    ]
  },
  "execution": {
    "executionType": "nodeJS",
    "hasPre": false,
    "hasPost": false,
    "script": "dist/upload/index.js",
    "pre": null,
    "post": null,
    "nodeVersion": "node20",
    "cleanupCondition": "always()",
    "initCondition": "always()"
  },
  "deprecated": null
}
[2025-03-13 21:53:00Z INFO ActionManager] Action node.js file: dist/upload/index.js, no more preparation.
[2025-03-13 21:53:00Z INFO HostContext] Well known directory 'Bin': '/home/jenny/tensorflow-mri/actions-runner/bin'
[2025-03-13 21:53:00Z INFO HostContext] Well known directory 'Root': '/home/jenny/tensorflow-mri/actions-runner'
[2025-03-13 21:53:00Z INFO HostContext] Well known directory 'Work': '/home/jenny/tensorflow-mri/actions-runner/_work'
[2025-03-13 21:53:00Z INFO HostContext] Well known directory 'Actions': '/home/jenny/tensorflow-mri/actions-runner/_work/_actions'
[2025-03-13 21:53:00Z INFO ActionManager] Load action that reference repository from '/home/jenny/tensorflow-mri/actions-runner/_work/_actions/actions/upload-artifact/v4'
[2025-03-13 21:53:00Z INFO HostContext] Well known directory 'Bin': '/home/jenny/tensorflow-mri/actions-runner/bin'
[2025-03-13 21:53:00Z INFO HostContext] Well known directory 'Root': '/home/jenny/tensorflow-mri/actions-runner'
[2025-03-13 21:53:00Z INFO HostContext] Well known directory 'Work': '/home/jenny/tensorflow-mri/actions-runner/_work'
[2025-03-13 21:53:00Z INFO HostContext] Well known directory 'Actions': '/home/jenny/tensorflow-mri/actions-runner/_work/_actions'
[2025-03-13 21:53:00Z INFO ActionManifestManager] Ignore action property author.
[2025-03-13 21:53:00Z INFO ActionManifestManager] Loaded action.yml file: {
  "name": "Upload a Build Artifact",
  "description": "Upload a build artifact that can be used by subsequent workflow steps",
  "inputs": {
    "type": 2,
    "map": [
      {
        "key": {
          "type": 0,
          "file": 3,
          "line": 5,
          "col": 3,
          "lit": "name"
        },
        "value": {
          "type": 0,
          "file": 3,
          "line": 7,
          "col": 14,
          "lit": "artifact"
        }
      },
      {
        "key": {
          "type": 0,
          "file": 3,
          "line": 8,
          "col": 3,
          "lit": "path"
        },
        "value": ""
      },
      {
        "key": {
          "type": 0,
          "file": 3,
          "line": 11,
          "col": 3,
          "lit": "if-no-files-found"
        },
        "value": {
          "type": 0,
          "file": 3,
          "line": 19,
          "col": 14,
          "lit": "warn"
        }
      },
      {
        "key": {
          "type": 0,
          "file": 3,
          "line": 20,
          "col": 3,
          "lit": "retention-days"
        },
        "value": ""
      },
      {
        "key": {
          "type": 0,
          "file": 3,
          "line": 26,
          "col": 3,
          "lit": "compression-level"
        },
        "value": {
          "type": 0,
          "file": 3,
          "line": 36,
          "col": 14,
          "lit": "6"
        }
      },
      {
        "key": {
          "type": 0,
          "file": 3,
          "line": 37,
          "col": 3,
          "lit": "overwrite"
        },
        "value": {
          "type": 0,
          "file": 3,
          "line": 42,
          "col": 14,
          "lit": "false"
        }
      },
      {
        "key": {
          "type": 0,
          "file": 3,
          "line": 43,
          "col": 3,
          "lit": "include-hidden-files"
        },
        "value": {
          "type": 0,
          "file": 3,
          "line": 47,
          "col": 14,
          "lit": "false"
        }
      }
    ]
  },
  "execution": {
    "executionType": "nodeJS",
    "hasPre": false,
    "hasPost": false,
    "script": "dist/upload/index.js",
    "pre": null,
    "post": null,
    "nodeVersion": "node20",
    "cleanupCondition": "always()",
    "initCondition": "always()"
  },
  "deprecated": null
}
[2025-03-13 21:53:00Z INFO ActionManager] Action pre node.js file: N/A.
[2025-03-13 21:53:00Z INFO ActionManager] Action node.js file: dist/upload/index.js.
[2025-03-13 21:53:00Z INFO ActionManager] Action post node.js file: N/A.
[2025-03-13 21:53:00Z INFO HostContext] Well known directory 'Bin': '/home/jenny/tensorflow-mri/actions-runner/bin'
[2025-03-13 21:53:00Z INFO HostContext] Well known directory 'Root': '/home/jenny/tensorflow-mri/actions-runner'
[2025-03-13 21:53:00Z INFO HostContext] Well known directory 'Work': '/home/jenny/tensorflow-mri/actions-runner/_work'
[2025-03-13 21:53:00Z INFO HostContext] Well known directory 'Actions': '/home/jenny/tensorflow-mri/actions-runner/_work/_actions'
[2025-03-13 21:53:00Z INFO HostContext] Well known directory 'Bin': '/home/jenny/tensorflow-mri/actions-runner/bin'
[2025-03-13 21:53:00Z INFO HostContext] Well known directory 'Root': '/home/jenny/tensorflow-mri/actions-runner'
[2025-03-13 21:53:00Z INFO HostContext] Well known directory 'Work': '/home/jenny/tensorflow-mri/actions-runner/_work'
[2025-03-13 21:53:00Z INFO HostContext] Well known directory 'Actions': '/home/jenny/tensorflow-mri/actions-runner/_work/_actions'
[2025-03-13 21:53:00Z INFO ActionManifestManager] Ignore action property branding.
[2025-03-13 21:53:00Z INFO ActionManifestManager] Loaded action.yml file: {
  "name": "pypi-publish",
  "description": "Upload Python distribution packages to PyPI",
  "inputs": {
    "type": 2,
    "map": [
      {
        "key": {
          "type": 0,
          "file": 4,
          "line": 5,
          "col": 3,
          "lit": "user"
        },
        "value": {
          "type": 0,
          "file": 4,
          "line": 8,
          "col": 14,
          "lit": "__token__"
        }
      },
      {
        "key": {
          "type": 0,
          "file": 4,
          "line": 9,
          "col": 3,
          "lit": "password"
        },
        "value": ""
      },
      {
        "key": {
          "type": 0,
          "file": 4,
          "line": 12,
          "col": 3,
          "lit": "repository-url"
        },
        "value": ""
      },
      {
        "key": {
          "type": 0,
          "file": 4,
          "line": 15,
          "col": 3,
          "lit": "repository_url"
        },
        "value": ""
      },
      {
        "key": {
          "type": 0,
          "file": 4,
          "line": 23,
          "col": 3,
          "lit": "packages-dir"
        },
        "value": ""
      },
      {
        "key": {
          "type": 0,
          "file": 4,
          "line": 27,
          "col": 3,
          "lit": "packages_dir"
        },
        "value": {
          "type": 0,
          "file": 4,
          "line": 35,
          "col": 14,
          "lit": "dist"
        }
      },
      {
        "key": {
          "type": 0,
          "file": 4,
          "line": 36,
          "col": 3,
          "lit": "verify-metadata"
        },
        "value": ""
      },
      {
        "key": {
          "type": 0,
          "file": 4,
          "line": 40,
          "col": 3,
          "lit": "verify_metadata"
        },
        "value": {
          "type": 0,
          "file": 4,
          "line": 48,
          "col": 14,
          "lit": "true"
        }
      },
      {
        "key": {
          "type": 0,
          "file": 4,
          "line": 49,
          "col": 3,
          "lit": "skip-existing"
        },
        "value": ""
      },
      {
        "key": {
          "type": 0,
          "file": 4,
          "line": 55,
          "col": 3,
          "lit": "skip_existing"
        },
        "value": {
          "type": 0,
          "file": 4,
          "line": 64,
          "col": 14,
          "lit": "false"
        }
      },
      {
        "key": {
          "type": 0,
          "file": 4,
          "line": 65,
          "col": 3,
          "lit": "verbose"
        },
        "value": {
          "type": 0,
          "file": 4,
          "line": 68,
          "col": 14,
          "lit": "false"
        }
      },
      {
        "key": {
          "type": 0,
          "file": 4,
          "line": 69,
          "col": 3,
          "lit": "print-hash"
        },
        "value": ""
      },
      {
        "key": {
          "type": 0,
          "file": 4,
          "line": 73,
          "col": 3,
          "lit": "print_hash"
        },
        "value": {
          "type": 0,
          "file": 4,
          "line": 81,
          "col": 14,
          "lit": "false"
        }
      }
    ]
  },
  "execution": {
    "executionType": "container",
    "hasPre": false,
    "hasPost": false,
    "image": "Dockerfile",
    "entryPoint": null,
    "arguments": {
      "type": 1,
      "file": 4,
      "line": 89,
      "col": 3,
      "seq": [
        {
          "type": 3,
          "file": 4,
          "line": 89,
          "col": 5,
          "expr": "inputs.user"
        },
        {
          "type": 3,
          "file": 4,
          "line": 90,
          "col": 5,
          "expr": "inputs.password"
        },
        {
          "type": 3,
          "file": 4,
          "line": 91,
          "col": 5,
          "expr": "inputs.repository-url"
        },
        {
          "type": 3,
          "file": 4,
          "line": 92,
          "col": 5,
          "expr": "inputs.packages-dir"
        },
        {
          "type": 3,
          "file": 4,
          "line": 93,
          "col": 5,
          "expr": "inputs.verify-metadata"
        },
        {
          "type": 3,
          "file": 4,
          "line": 94,
          "col": 5,
          "expr": "inputs.skip-existing"
        },
        {
          "type": 3,
          "file": 4,
          "line": 95,
          "col": 5,
          "expr": "inputs.verbose"
        },
        {
          "type": 3,
          "file": 4,
          "line": 96,
          "col": 5,
          "expr": "inputs.print-hash"
        }
      ]
    },
    "environment": null,
    "pre": null,
    "post": null,
    "cleanupCondition": "always()",
    "initCondition": "always()"
  },
  "deprecated": {
    "repository_url": "The inputs have been normalized to use kebab-case. Use `repository-url` instead.",
    "packages_dir": "The inputs have been normalized to use kebab-case. Use `packages-dir` instead.",
    "verify_metadata": "The inputs have been normalized to use kebab-case. Use `verify-metadata` instead.",
    "skip_existing": "The inputs have been normalized to use kebab-case. Use `skip-existing` instead.",
    "print_hash": "The inputs have been normalized to use kebab-case. Use `print-hash` instead."
  }
}
[2025-03-13 21:53:00Z INFO ActionManager] Action __pypa_gh-action-pypi-publish (84285df0-ed3c-47cc-8789-e86bc3f6b695) from repository 'pypa/gh-action-pypi-publish@release/v1.7' needs to build image '/home/jenny/tensorflow-mri/actions-runner/_work/_actions/pypa/gh-action-pypi-publish/release/v1.7/Dockerfile'
[2025-03-13 21:53:00Z INFO HostContext] Well known directory 'Bin': '/home/jenny/tensorflow-mri/actions-runner/bin'
[2025-03-13 21:53:00Z INFO HostContext] Well known directory 'Root': '/home/jenny/tensorflow-mri/actions-runner'
[2025-03-13 21:53:00Z INFO HostContext] Well known directory 'Work': '/home/jenny/tensorflow-mri/actions-runner/_work'
[2025-03-13 21:53:00Z INFO HostContext] Well known directory 'Actions': '/home/jenny/tensorflow-mri/actions-runner/_work/_actions'
[2025-03-13 21:53:00Z INFO ActionManager] Load action that reference repository from '/home/jenny/tensorflow-mri/actions-runner/_work/_actions/pypa/gh-action-pypi-publish/release/v1.7'
[2025-03-13 21:53:00Z INFO HostContext] Well known directory 'Bin': '/home/jenny/tensorflow-mri/actions-runner/bin'
[2025-03-13 21:53:00Z INFO HostContext] Well known directory 'Root': '/home/jenny/tensorflow-mri/actions-runner'
[2025-03-13 21:53:00Z INFO HostContext] Well known directory 'Work': '/home/jenny/tensorflow-mri/actions-runner/_work'
[2025-03-13 21:53:00Z INFO HostContext] Well known directory 'Actions': '/home/jenny/tensorflow-mri/actions-runner/_work/_actions'
[2025-03-13 21:53:00Z INFO ActionManifestManager] Ignore action property branding.
[2025-03-13 21:53:00Z INFO ActionManifestManager] Loaded action.yml file: {
  "name": "pypi-publish",
  "description": "Upload Python distribution packages to PyPI",
  "inputs": {
    "type": 2,
    "map": [
      {
        "key": {
          "type": 0,
          "file": 4,
          "line": 5,
          "col": 3,
          "lit": "user"
        },
        "value": {
          "type": 0,
          "file": 4,
          "line": 8,
          "col": 14,
          "lit": "__token__"
        }
      },
      {
        "key": {
          "type": 0,
          "file": 4,
          "line": 9,
          "col": 3,
          "lit": "password"
        },
        "value": ""
      },
      {
        "key": {
          "type": 0,
          "file": 4,
          "line": 12,
          "col": 3,
          "lit": "repository-url"
        },
        "value": ""
      },
      {
        "key": {
          "type": 0,
          "file": 4,
          "line": 15,
          "col": 3,
          "lit": "repository_url"
        },
        "value": ""
      },
      {
        "key": {
          "type": 0,
          "file": 4,
          "line": 23,
          "col": 3,
          "lit": "packages-dir"
        },
        "value": ""
      },
      {
        "key": {
          "type": 0,
          "file": 4,
          "line": 27,
          "col": 3,
          "lit": "packages_dir"
        },
        "value": {
          "type": 0,
          "file": 4,
          "line": 35,
          "col": 14,
          "lit": "dist"
        }
      },
      {
        "key": {
          "type": 0,
          "file": 4,
          "line": 36,
          "col": 3,
          "lit": "verify-metadata"
        },
        "value": ""
      },
      {
        "key": {
          "type": 0,
          "file": 4,
          "line": 40,
          "col": 3,
          "lit": "verify_metadata"
        },
        "value": {
          "type": 0,
          "file": 4,
          "line": 48,
          "col": 14,
          "lit": "true"
        }
      },
      {
        "key": {
          "type": 0,
          "file": 4,
          "line": 49,
          "col": 3,
          "lit": "skip-existing"
        },
        "value": ""
      },
      {
        "key": {
          "type": 0,
          "file": 4,
          "line": 55,
          "col": 3,
          "lit": "skip_existing"
        },
        "value": {
          "type": 0,
          "file": 4,
          "line": 64,
          "col": 14,
          "lit": "false"
        }
      },
      {
        "key": {
          "type": 0,
          "file": 4,
          "line": 65,
          "col": 3,
          "lit": "verbose"
        },
        "value": {
          "type": 0,
          "file": 4,
          "line": 68,
          "col": 14,
          "lit": "false"
        }
      },
      {
        "key": {
          "type": 0,
          "file": 4,
          "line": 69,
          "col": 3,
          "lit": "print-hash"
        },
        "value": ""
      },
      {
        "key": {
          "type": 0,
          "file": 4,
          "line": 73,
          "col": 3,
          "lit": "print_hash"
        },
        "value": {
          "type": 0,
          "file": 4,
          "line": 81,
          "col": 14,
          "lit": "false"
        }
      }
    ]
  },
  "execution": {
    "executionType": "container",
    "hasPre": false,
    "hasPost": false,
    "image": "Dockerfile",
    "entryPoint": null,
    "arguments": {
      "type": 1,
      "file": 4,
      "line": 89,
      "col": 3,
      "seq": [
        {
          "type": 3,
          "file": 4,
          "line": 89,
          "col": 5,
          "expr": "inputs.user"
        },
        {
          "type": 3,
          "file": 4,
          "line": 90,
          "col": 5,
          "expr": "inputs.password"
        },
        {
          "type": 3,
          "file": 4,
          "line": 91,
          "col": 5,
          "expr": "inputs.repository-url"
        },
        {
          "type": 3,
          "file": 4,
          "line": 92,
          "col": 5,
          "expr": "inputs.packages-dir"
        },
        {
          "type": 3,
          "file": 4,
          "line": 93,
          "col": 5,
          "expr": "inputs.verify-metadata"
        },
        {
          "type": 3,
          "file": 4,
          "line": 94,
          "col": 5,
          "expr": "inputs.skip-existing"
        },
        {
          "type": 3,
          "file": 4,
          "line": 95,
          "col": 5,
          "expr": "inputs.verbose"
        },
        {
          "type": 3,
          "file": 4,
          "line": 96,
          "col": 5,
          "expr": "inputs.print-hash"
        }
      ]
    },
    "environment": null,
    "pre": null,
    "post": null,
    "cleanupCondition": "always()",
    "initCondition": "always()"
  },
  "deprecated": {
    "repository_url": "The inputs have been normalized to use kebab-case. Use `repository-url` instead.",
    "packages_dir": "The inputs have been normalized to use kebab-case. Use `packages-dir` instead.",
    "verify_metadata": "The inputs have been normalized to use kebab-case. Use `verify-metadata` instead.",
    "skip_existing": "The inputs have been normalized to use kebab-case. Use `skip-existing` instead.",
    "print_hash": "The inputs have been normalized to use kebab-case. Use `print-hash` instead."
  }
}
[2025-03-13 21:53:00Z INFO ActionManager] Action container Dockerfile/image: Dockerfile.
[2025-03-13 21:53:00Z INFO ActionManager] Action container args:  {
  "type": 1,
  "file": 4,
  "line": 89,
  "col": 3,
  "seq": [
    {
      "type": 3,
      "file": 4,
      "line": 89,
      "col": 5,
      "expr": "inputs.user"
    },
    {
      "type": 3,
      "file": 4,
      "line": 90,
      "col": 5,
      "expr": "inputs.password"
    },
    {
      "type": 3,
      "file": 4,
      "line": 91,
      "col": 5,
      "expr": "inputs.repository-url"
    },
    {
      "type": 3,
      "file": 4,
      "line": 92,
      "col": 5,
      "expr": "inputs.packages-dir"
    },
    {
      "type": 3,
      "file": 4,
      "line": 93,
      "col": 5,
      "expr": "inputs.verify-metadata"
    },
    {
      "type": 3,
      "file": 4,
      "line": 94,
      "col": 5,
      "expr": "inputs.skip-existing"
    },
    {
      "type": 3,
      "file": 4,
      "line": 95,
      "col": 5,
      "expr": "inputs.verbose"
    },
    {
      "type": 3,
      "file": 4,
      "line": 96,
      "col": 5,
      "expr": "inputs.print-hash"
    }
  ]
}.
[2025-03-13 21:53:00Z INFO ActionManager] 1 steps need to build image from '/home/jenny/tensorflow-mri/actions-runner/_work/_actions/pypa/gh-action-pypi-publish/release/v1.7/Dockerfile'
[2025-03-13 21:53:00Z INFO DockerCommandManager] Which2: 'docker'
[2025-03-13 21:53:00Z INFO DockerCommandManager] Location: '/usr/bin/docker'
[2025-03-13 21:53:00Z INFO HostContext] Well known directory 'Bin': '/home/jenny/tensorflow-mri/actions-runner/bin'
[2025-03-13 21:53:00Z INFO HostContext] Well known directory 'Root': '/home/jenny/tensorflow-mri/actions-runner'
[2025-03-13 21:53:00Z INFO JobExtension] Adding .
[2025-03-13 21:53:00Z INFO JobExtension] Adding .
[2025-03-13 21:53:00Z INFO JobExtension] Adding .
[2025-03-13 21:53:00Z INFO JobExtension] Adding .
[2025-03-13 21:53:00Z INFO JobExtension] Adding .
[2025-03-13 21:53:00Z INFO JobExtension] Adding .
[2025-03-13 21:53:00Z INFO JobExtension] Adding .
[2025-03-13 21:53:00Z INFO JobExtension] Adding .
[2025-03-13 21:53:00Z INFO JobExtension] Adding .
[2025-03-13 21:53:00Z INFO JobExtension] Adding .
[2025-03-13 21:53:00Z INFO JobExtension] Adding .
[2025-03-13 21:53:00Z INFO JobExtension] Adding .
[2025-03-13 21:53:00Z INFO HostContext] Well known directory 'Bin': '/home/jenny/tensorflow-mri/actions-runner/bin'
[2025-03-13 21:53:00Z INFO HostContext] Well known directory 'Root': '/home/jenny/tensorflow-mri/actions-runner'
[2025-03-13 21:53:00Z INFO HostContext] Well known directory 'Diag': '/home/jenny/tensorflow-mri/actions-runner/_diag'
[2025-03-13 21:53:00Z INFO HostContext] Well known directory 'Bin': '/home/jenny/tensorflow-mri/actions-runner/bin'
[2025-03-13 21:53:00Z INFO HostContext] Well known directory 'Root': '/home/jenny/tensorflow-mri/actions-runner'
[2025-03-13 21:53:00Z INFO HostContext] Well known directory 'Diag': '/home/jenny/tensorflow-mri/actions-runner/_diag'
[2025-03-13 21:53:00Z INFO HostContext] Well known directory 'Bin': '/home/jenny/tensorflow-mri/actions-runner/bin'
[2025-03-13 21:53:00Z INFO HostContext] Well known directory 'Root': '/home/jenny/tensorflow-mri/actions-runner'
[2025-03-13 21:53:00Z INFO HostContext] Well known directory 'Diag': '/home/jenny/tensorflow-mri/actions-runner/_diag'
[2025-03-13 21:53:00Z INFO HostContext] Well known directory 'Bin': '/home/jenny/tensorflow-mri/actions-runner/bin'
[2025-03-13 21:53:00Z INFO HostContext] Well known directory 'Root': '/home/jenny/tensorflow-mri/actions-runner'
[2025-03-13 21:53:00Z INFO HostContext] Well known directory 'Diag': '/home/jenny/tensorflow-mri/actions-runner/_diag'
[2025-03-13 21:53:00Z INFO HostContext] Well known directory 'Bin': '/home/jenny/tensorflow-mri/actions-runner/bin'
[2025-03-13 21:53:00Z INFO HostContext] Well known directory 'Root': '/home/jenny/tensorflow-mri/actions-runner'
[2025-03-13 21:53:00Z INFO HostContext] Well known directory 'Diag': '/home/jenny/tensorflow-mri/actions-runner/_diag'
[2025-03-13 21:53:00Z INFO HostContext] Well known directory 'Bin': '/home/jenny/tensorflow-mri/actions-runner/bin'
[2025-03-13 21:53:00Z INFO HostContext] Well known directory 'Root': '/home/jenny/tensorflow-mri/actions-runner'
[2025-03-13 21:53:00Z INFO HostContext] Well known directory 'Diag': '/home/jenny/tensorflow-mri/actions-runner/_diag'
[2025-03-13 21:53:00Z INFO HostContext] Well known directory 'Bin': '/home/jenny/tensorflow-mri/actions-runner/bin'
[2025-03-13 21:53:00Z INFO HostContext] Well known directory 'Root': '/home/jenny/tensorflow-mri/actions-runner'
[2025-03-13 21:53:00Z INFO HostContext] Well known directory 'Diag': '/home/jenny/tensorflow-mri/actions-runner/_diag'
[2025-03-13 21:53:00Z INFO HostContext] Well known directory 'Bin': '/home/jenny/tensorflow-mri/actions-runner/bin'
[2025-03-13 21:53:00Z INFO HostContext] Well known directory 'Root': '/home/jenny/tensorflow-mri/actions-runner'
[2025-03-13 21:53:00Z INFO HostContext] Well known directory 'Diag': '/home/jenny/tensorflow-mri/actions-runner/_diag'
[2025-03-13 21:53:00Z INFO HostContext] Well known directory 'Bin': '/home/jenny/tensorflow-mri/actions-runner/bin'
[2025-03-13 21:53:00Z INFO HostContext] Well known directory 'Root': '/home/jenny/tensorflow-mri/actions-runner'
[2025-03-13 21:53:00Z INFO HostContext] Well known directory 'Diag': '/home/jenny/tensorflow-mri/actions-runner/_diag'
[2025-03-13 21:53:00Z INFO HostContext] Well known directory 'Bin': '/home/jenny/tensorflow-mri/actions-runner/bin'
[2025-03-13 21:53:00Z INFO HostContext] Well known directory 'Root': '/home/jenny/tensorflow-mri/actions-runner'
[2025-03-13 21:53:00Z INFO HostContext] Well known directory 'Diag': '/home/jenny/tensorflow-mri/actions-runner/_diag'
[2025-03-13 21:53:00Z INFO HostContext] Well known directory 'Bin': '/home/jenny/tensorflow-mri/actions-runner/bin'
[2025-03-13 21:53:00Z INFO HostContext] Well known directory 'Root': '/home/jenny/tensorflow-mri/actions-runner'
[2025-03-13 21:53:00Z INFO HostContext] Well known directory 'Diag': '/home/jenny/tensorflow-mri/actions-runner/_diag'
[2025-03-13 21:53:00Z INFO HostContext] Well known directory 'Bin': '/home/jenny/tensorflow-mri/actions-runner/bin'
[2025-03-13 21:53:00Z INFO HostContext] Well known directory 'Root': '/home/jenny/tensorflow-mri/actions-runner'
[2025-03-13 21:53:00Z INFO HostContext] Well known directory 'Diag': '/home/jenny/tensorflow-mri/actions-runner/_diag'
[2025-03-13 21:53:00Z INFO HostContext] Well known directory 'Bin': '/home/jenny/tensorflow-mri/actions-runner/bin'
[2025-03-13 21:53:00Z INFO HostContext] Well known directory 'Root': '/home/jenny/tensorflow-mri/actions-runner'
[2025-03-13 21:53:00Z INFO HostContext] Well known directory 'Diag': '/home/jenny/tensorflow-mri/actions-runner/_diag'
[2025-03-13 21:53:00Z INFO HostContext] Well known directory 'Bin': '/home/jenny/tensorflow-mri/actions-runner/bin'
[2025-03-13 21:53:00Z INFO HostContext] Well known directory 'Root': '/home/jenny/tensorflow-mri/actions-runner'
[2025-03-13 21:53:00Z INFO HostContext] Well known directory 'Diag': '/home/jenny/tensorflow-mri/actions-runner/_diag'
[2025-03-13 21:53:00Z INFO HostContext] Well known directory 'Bin': '/home/jenny/tensorflow-mri/actions-runner/bin'
[2025-03-13 21:53:00Z INFO HostContext] Well known directory 'Root': '/home/jenny/tensorflow-mri/actions-runner'
[2025-03-13 21:53:00Z INFO HostContext] Well known directory 'Diag': '/home/jenny/tensorflow-mri/actions-runner/_diag'
[2025-03-13 21:53:00Z INFO HostContext] Well known directory 'Bin': '/home/jenny/tensorflow-mri/actions-runner/bin'
[2025-03-13 21:53:00Z INFO HostContext] Well known directory 'Root': '/home/jenny/tensorflow-mri/actions-runner'
[2025-03-13 21:53:00Z INFO HostContext] Well known directory 'Diag': '/home/jenny/tensorflow-mri/actions-runner/_diag'
[2025-03-13 21:53:00Z INFO HostContext] Well known directory 'Bin': '/home/jenny/tensorflow-mri/actions-runner/bin'
[2025-03-13 21:53:00Z INFO HostContext] Well known directory 'Root': '/home/jenny/tensorflow-mri/actions-runner'
[2025-03-13 21:53:00Z INFO HostContext] Well known directory 'Diag': '/home/jenny/tensorflow-mri/actions-runner/_diag'
[2025-03-13 21:53:00Z INFO HostContext] Well known directory 'Bin': '/home/jenny/tensorflow-mri/actions-runner/bin'
[2025-03-13 21:53:00Z INFO HostContext] Well known directory 'Root': '/home/jenny/tensorflow-mri/actions-runner'
[2025-03-13 21:53:00Z INFO HostContext] Well known directory 'Diag': '/home/jenny/tensorflow-mri/actions-runner/_diag'
[2025-03-13 21:53:00Z INFO HostContext] Well known directory 'Bin': '/home/jenny/tensorflow-mri/actions-runner/bin'
[2025-03-13 21:53:00Z INFO HostContext] Well known directory 'Root': '/home/jenny/tensorflow-mri/actions-runner'
[2025-03-13 21:53:00Z INFO HostContext] Well known directory 'Diag': '/home/jenny/tensorflow-mri/actions-runner/_diag'
[2025-03-13 21:53:00Z INFO HostContext] Well known directory 'Bin': '/home/jenny/tensorflow-mri/actions-runner/bin'
[2025-03-13 21:53:00Z INFO HostContext] Well known directory 'Root': '/home/jenny/tensorflow-mri/actions-runner'
[2025-03-13 21:53:00Z INFO HostContext] Well known directory 'Diag': '/home/jenny/tensorflow-mri/actions-runner/_diag'
[2025-03-13 21:53:00Z INFO HostContext] Well known directory 'Bin': '/home/jenny/tensorflow-mri/actions-runner/bin'
[2025-03-13 21:53:00Z INFO HostContext] Well known directory 'Root': '/home/jenny/tensorflow-mri/actions-runner'
[2025-03-13 21:53:00Z INFO HostContext] Well known directory 'Diag': '/home/jenny/tensorflow-mri/actions-runner/_diag'
[2025-03-13 21:53:00Z INFO HostContext] Well known directory 'Bin': '/home/jenny/tensorflow-mri/actions-runner/bin'
[2025-03-13 21:53:00Z INFO HostContext] Well known directory 'Root': '/home/jenny/tensorflow-mri/actions-runner'
[2025-03-13 21:53:00Z INFO HostContext] Well known directory 'Diag': '/home/jenny/tensorflow-mri/actions-runner/_diag'
[2025-03-13 21:53:00Z INFO HostContext] Well known directory 'Bin': '/home/jenny/tensorflow-mri/actions-runner/bin'
[2025-03-13 21:53:00Z INFO HostContext] Well known directory 'Root': '/home/jenny/tensorflow-mri/actions-runner'
[2025-03-13 21:53:00Z INFO HostContext] Well known directory 'Diag': '/home/jenny/tensorflow-mri/actions-runner/_diag'
[2025-03-13 21:53:00Z INFO HostContext] Well known directory 'Bin': '/home/jenny/tensorflow-mri/actions-runner/bin'
[2025-03-13 21:53:00Z INFO HostContext] Well known directory 'Root': '/home/jenny/tensorflow-mri/actions-runner'
[2025-03-13 21:53:00Z INFO HostContext] Well known directory 'Diag': '/home/jenny/tensorflow-mri/actions-runner/_diag'
[2025-03-13 21:53:00Z INFO HostContext] Well known directory 'Bin': '/home/jenny/tensorflow-mri/actions-runner/bin'
[2025-03-13 21:53:00Z INFO HostContext] Well known directory 'Root': '/home/jenny/tensorflow-mri/actions-runner'
[2025-03-13 21:53:00Z INFO HostContext] Well known directory 'Diag': '/home/jenny/tensorflow-mri/actions-runner/_diag'
[2025-03-13 21:53:00Z INFO HostContext] Well known directory 'Bin': '/home/jenny/tensorflow-mri/actions-runner/bin'
[2025-03-13 21:53:00Z INFO HostContext] Well known directory 'Root': '/home/jenny/tensorflow-mri/actions-runner'
[2025-03-13 21:53:00Z INFO HostContext] Well known directory 'Diag': '/home/jenny/tensorflow-mri/actions-runner/_diag'
[2025-03-13 21:53:00Z INFO HostContext] Well known directory 'Bin': '/home/jenny/tensorflow-mri/actions-runner/bin'
[2025-03-13 21:53:00Z INFO HostContext] Well known directory 'Root': '/home/jenny/tensorflow-mri/actions-runner'
[2025-03-13 21:53:00Z INFO HostContext] Well known directory 'Diag': '/home/jenny/tensorflow-mri/actions-runner/_diag'
[2025-03-13 21:53:00Z INFO HostContext] Well known directory 'Bin': '/home/jenny/tensorflow-mri/actions-runner/bin'
[2025-03-13 21:53:00Z INFO HostContext] Well known directory 'Root': '/home/jenny/tensorflow-mri/actions-runner'
[2025-03-13 21:53:00Z INFO HostContext] Well known directory 'Diag': '/home/jenny/tensorflow-mri/actions-runner/_diag'
[2025-03-13 21:53:00Z INFO JobExtension] Total accessible running process: 978.
[2025-03-13 21:53:00Z INFO HostContext] Well known directory 'Bin': '/home/jenny/tensorflow-mri/actions-runner/bin'
[2025-03-13 21:53:00Z INFO HostContext] Well known directory 'Root': '/home/jenny/tensorflow-mri/actions-runner'
[2025-03-13 21:53:00Z INFO HostContext] Well known directory 'Work': '/home/jenny/tensorflow-mri/actions-runner/_work'
[2025-03-13 21:53:00Z INFO JobExtension] Start checking service connectivity in background.
[2025-03-13 21:53:00Z INFO ExecutionContext] Publish step telemetry for current step {
  "action": "setup_job",
  "type": "runner",
  "stage": "Pre",
  "stepId": "77c2567a-d392-4ec4-aa36-9e5d4cd794dc",
  "result": "succeeded",
  "errorMessages": [],
  "executionTimeInSeconds": 2,
  "startTime": "2025-03-13T21:52:58.8103691Z",
  "finishTime": "2025-03-13T21:53:00.7295259Z"
}.
[2025-03-13 21:53:00Z INFO JobRunner] Total job steps: 14.
[2025-03-13 21:53:00Z INFO JobRunner] Run all job steps.
[2025-03-13 21:53:00Z INFO StepsRunner] Processing step: DisplayName='Build pypa/gh-action-pypi-publish@release/v1.7'
[2025-03-13 21:53:00Z INFO StepsRunner] Evaluating: success()
[2025-03-13 21:53:00Z INFO StepsRunner] Result: true
[2025-03-13 21:53:00Z INFO StepsRunner] Starting the step.
[2025-03-13 21:53:00Z INFO ProcessInvokerWrapper] Starting process:
[2025-03-13 21:53:00Z INFO ProcessInvokerWrapper]   File name: '/usr/bin/docker'
[2025-03-13 21:53:00Z INFO ProcessInvokerWrapper]   Arguments: 'build -t b6156e:1a8c9aff9d3746da8d982f3ed2de8826 -f "/home/jenny/tensorflow-mri/actions-runner/_work/_actions/pypa/gh-action-pypi-publish/release/v1.7/Dockerfile" "/home/jenny/tensorflow-mri/actions-runner/_work/_actions/pypa/gh-action-pypi-publish/release/v1.7"'
[2025-03-13 21:53:00Z INFO ProcessInvokerWrapper]   Working directory: '/home/jenny/tensorflow-mri/actions-runner/_work/_actions/pypa/gh-action-pypi-publish/release/v1.7'
[2025-03-13 21:53:00Z INFO ProcessInvokerWrapper]   Require exit code zero: 'False'
[2025-03-13 21:53:00Z INFO ProcessInvokerWrapper]   Encoding web name:  ; code page: ''
[2025-03-13 21:53:00Z INFO ProcessInvokerWrapper]   Force kill process on cancellation: 'False'
[2025-03-13 21:53:00Z INFO ProcessInvokerWrapper]   Redirected STDIN: 'False'
[2025-03-13 21:53:00Z INFO ProcessInvokerWrapper]   Persist current code page: 'False'
[2025-03-13 21:53:00Z INFO ProcessInvokerWrapper]   Keep redirected STDIN open: 'False'
[2025-03-13 21:53:00Z INFO ProcessInvokerWrapper]   High priority process: 'False'
[2025-03-13 21:53:00Z INFO ProcessInvokerWrapper] Updated oom_score_adj to 500 for PID: 2241834.
[2025-03-13 21:53:00Z INFO ProcessInvokerWrapper] Process started with process id 2241834, waiting for process exit.
[2025-03-13 21:53:00Z INFO JobServerQueue] Got a step log file to send to results service.
[2025-03-13 21:53:00Z INFO JobServerQueue] Starting upload of step log file to results service ResultsLog, /home/jenny/tensorflow-mri/actions-runner/_diag/blocks/11b8a82b-824a-4f00-bdcf-7603e5737484_77c2567a-d392-4ec4-aa36-9e5d4cd794dc.1
[2025-03-13 21:53:00Z INFO JobServerQueue] Try to upload 1 log files or attachments, success rate: 1/1.
[2025-03-13 21:53:00Z INFO JobServerQueue] Try to append 1 batches web console lines for record '77c2567a-d392-4ec4-aa36-9e5d4cd794dc', success rate: 1/1.
[2025-03-13 21:53:00Z INFO JobServerQueue] Try to append 1 batches web console lines for record 'b3f6a3dc-2b4d-4be9-8d09-0eb915fc265d', success rate: 1/1.
[2025-03-13 21:53:01Z INFO JobServerQueue] Try to append 1 batches web console lines for record 'b3f6a3dc-2b4d-4be9-8d09-0eb915fc265d', success rate: 1/1.
[2025-03-13 21:53:01Z INFO JobServerQueue] Tried to upload 1 file(s) to results, success rate: 1/1.
[2025-03-13 21:53:01Z INFO ProcessInvokerWrapper] STDOUT/STDERR stream read finished.
[2025-03-13 21:53:01Z INFO ProcessInvokerWrapper] STDOUT/STDERR stream read finished.
[2025-03-13 21:53:01Z INFO ProcessInvokerWrapper] Finished process 2241834 with exit code 0, and elapsed time 00:00:00.8146725.
[2025-03-13 21:53:01Z INFO ActionManager] Prepared docker image 'b6156e:1a8c9aff9d3746da8d982f3ed2de8826' for action 84285df0-ed3c-47cc-8789-e86bc3f6b695 (/home/jenny/tensorflow-mri/actions-runner/_work/_actions/pypa/gh-action-pypi-publish/release/v1.7/Dockerfile)
[2025-03-13 21:53:01Z INFO StepsRunner] Step result: 
[2025-03-13 21:53:01Z INFO ExecutionContext] Publish step telemetry for current step {
  "action": "build_pypa/gh-action-pypi-publish@release/v1.7",
  "type": "runner",
  "stage": "Pre",
  "stepId": "b3f6a3dc-2b4d-4be9-8d09-0eb915fc265d",
  "stepContextName": "b3f6a3dc2b4d4be98d090eb915fc265d",
  "result": "succeeded",
  "errorMessages": [],
  "executionTimeInSeconds": 1,
  "startTime": "2025-03-13T21:53:00.7411196Z",
  "finishTime": "2025-03-13T21:53:01.5659122Z"
}.
[2025-03-13 21:53:01Z INFO StepsRunner] No need for updating job result with current step result 'Succeeded'.
[2025-03-13 21:53:01Z INFO StepsRunner] Current state: job state = ''
[2025-03-13 21:53:01Z INFO StepsRunner] Processing step: DisplayName='Initialize containers'
[2025-03-13 21:53:01Z INFO StepsRunner] Evaluating: success()
[2025-03-13 21:53:01Z INFO StepsRunner] Result: true
[2025-03-13 21:53:01Z INFO StepsRunner] Starting the step.
[2025-03-13 21:53:01Z INFO ExecutionContext] Reserve record order 16 to 30 for post job actions.
[2025-03-13 21:53:01Z INFO HostContext] Well known directory 'Bin': '/home/jenny/tensorflow-mri/actions-runner/bin'
[2025-03-13 21:53:01Z INFO HostContext] Well known directory 'Root': '/home/jenny/tensorflow-mri/actions-runner'
[2025-03-13 21:53:01Z INFO HostContext] Well known directory 'Diag': '/home/jenny/tensorflow-mri/actions-runner/_diag'
[2025-03-13 21:53:01Z INFO HostContext] Well known directory 'Bin': '/home/jenny/tensorflow-mri/actions-runner/bin'
[2025-03-13 21:53:01Z INFO HostContext] Well known directory 'Root': '/home/jenny/tensorflow-mri/actions-runner'
[2025-03-13 21:53:01Z INFO HostContext] Well known directory 'Diag': '/home/jenny/tensorflow-mri/actions-runner/_diag'
[2025-03-13 21:53:01Z INFO ProcessInvokerWrapper] Starting process:
[2025-03-13 21:53:01Z INFO ProcessInvokerWrapper]   File name: '/usr/bin/docker'
[2025-03-13 21:53:01Z INFO ProcessInvokerWrapper]   Arguments: 'version --format '{{.Server.APIVersion}}''
[2025-03-13 21:53:01Z INFO ProcessInvokerWrapper]   Working directory: '/home/jenny/tensorflow-mri/actions-runner/_work/tensorflow-mri/tensorflow-mri'
[2025-03-13 21:53:01Z INFO ProcessInvokerWrapper]   Require exit code zero: 'True'
[2025-03-13 21:53:01Z INFO ProcessInvokerWrapper]   Encoding web name:  ; code page: ''
[2025-03-13 21:53:01Z INFO ProcessInvokerWrapper]   Force kill process on cancellation: 'False'
[2025-03-13 21:53:01Z INFO ProcessInvokerWrapper]   Redirected STDIN: 'False'
[2025-03-13 21:53:01Z INFO ProcessInvokerWrapper]   Persist current code page: 'False'
[2025-03-13 21:53:01Z INFO ProcessInvokerWrapper]   Keep redirected STDIN open: 'False'
[2025-03-13 21:53:01Z INFO ProcessInvokerWrapper]   High priority process: 'False'
[2025-03-13 21:53:01Z INFO ProcessInvokerWrapper] Updated oom_score_adj to 500 for PID: 2241920.
[2025-03-13 21:53:01Z INFO ProcessInvokerWrapper] Process started with process id 2241920, waiting for process exit.
[2025-03-13 21:53:01Z INFO ProcessInvokerWrapper] STDOUT/STDERR stream read finished.
[2025-03-13 21:53:01Z INFO ProcessInvokerWrapper] STDOUT/STDERR stream read finished.
[2025-03-13 21:53:01Z INFO ProcessInvokerWrapper] Finished process 2241920 with exit code 0, and elapsed time 00:00:00.0147345.
[2025-03-13 21:53:01Z INFO ProcessInvokerWrapper] Starting process:
[2025-03-13 21:53:01Z INFO ProcessInvokerWrapper]   File name: '/usr/bin/docker'
[2025-03-13 21:53:01Z INFO ProcessInvokerWrapper]   Arguments: 'version --format '{{.Client.APIVersion}}''
[2025-03-13 21:53:01Z INFO ProcessInvokerWrapper]   Working directory: '/home/jenny/tensorflow-mri/actions-runner/_work/tensorflow-mri/tensorflow-mri'
[2025-03-13 21:53:01Z INFO ProcessInvokerWrapper]   Require exit code zero: 'True'
[2025-03-13 21:53:01Z INFO ProcessInvokerWrapper]   Encoding web name:  ; code page: ''
[2025-03-13 21:53:01Z INFO ProcessInvokerWrapper]   Force kill process on cancellation: 'False'
[2025-03-13 21:53:01Z INFO ProcessInvokerWrapper]   Redirected STDIN: 'False'
[2025-03-13 21:53:01Z INFO ProcessInvokerWrapper]   Persist current code page: 'False'
[2025-03-13 21:53:01Z INFO ProcessInvokerWrapper]   Keep redirected STDIN open: 'False'
[2025-03-13 21:53:01Z INFO ProcessInvokerWrapper]   High priority process: 'False'
[2025-03-13 21:53:01Z INFO ProcessInvokerWrapper] Updated oom_score_adj to 500 for PID: 2241937.
[2025-03-13 21:53:01Z INFO ProcessInvokerWrapper] Process started with process id 2241937, waiting for process exit.
[2025-03-13 21:53:01Z INFO ProcessInvokerWrapper] STDOUT/STDERR stream read finished.
[2025-03-13 21:53:01Z INFO ProcessInvokerWrapper] STDOUT/STDERR stream read finished.
[2025-03-13 21:53:01Z INFO ProcessInvokerWrapper] Finished process 2241937 with exit code 0, and elapsed time 00:00:00.0145487.
[2025-03-13 21:53:01Z INFO JobServerQueue] Try to append 1 batches web console lines for record 'b3f6a3dc-2b4d-4be9-8d09-0eb915fc265d', success rate: 1/1.
[2025-03-13 21:53:01Z INFO JobServerQueue] Try to append 1 batches web console lines for record '630feea3-8523-4443-8ff5-3cf00c148250', success rate: 1/1.
[2025-03-13 21:53:01Z INFO ProcessInvokerWrapper] Starting process:
[2025-03-13 21:53:01Z INFO ProcessInvokerWrapper]   File name: '/usr/bin/docker'
[2025-03-13 21:53:01Z INFO ProcessInvokerWrapper]   Arguments: 'ps --all --quiet --no-trunc --filter "label=b6156e"'
[2025-03-13 21:53:01Z INFO ProcessInvokerWrapper]   Working directory: '/home/jenny/tensorflow-mri/actions-runner/_work/tensorflow-mri/tensorflow-mri'
[2025-03-13 21:53:01Z INFO ProcessInvokerWrapper]   Require exit code zero: 'True'
[2025-03-13 21:53:01Z INFO ProcessInvokerWrapper]   Encoding web name:  ; code page: ''
[2025-03-13 21:53:01Z INFO ProcessInvokerWrapper]   Force kill process on cancellation: 'False'
[2025-03-13 21:53:01Z INFO ProcessInvokerWrapper]   Redirected STDIN: 'False'
[2025-03-13 21:53:01Z INFO ProcessInvokerWrapper]   Persist current code page: 'False'
[2025-03-13 21:53:01Z INFO ProcessInvokerWrapper]   Keep redirected STDIN open: 'False'
[2025-03-13 21:53:01Z INFO ProcessInvokerWrapper]   High priority process: 'False'
[2025-03-13 21:53:01Z INFO ProcessInvokerWrapper] Updated oom_score_adj to 500 for PID: 2241954.
[2025-03-13 21:53:01Z INFO ProcessInvokerWrapper] Process started with process id 2241954, waiting for process exit.
[2025-03-13 21:53:01Z INFO ProcessInvokerWrapper] STDOUT/STDERR stream read finished.
[2025-03-13 21:53:01Z INFO ProcessInvokerWrapper] STDOUT/STDERR stream read finished.
[2025-03-13 21:53:01Z INFO ProcessInvokerWrapper] Finished process 2241954 with exit code 0, and elapsed time 00:00:00.0100720.
[2025-03-13 21:53:01Z INFO ProcessInvokerWrapper] Starting process:
[2025-03-13 21:53:01Z INFO ProcessInvokerWrapper]   File name: '/usr/bin/docker'
[2025-03-13 21:53:01Z INFO ProcessInvokerWrapper]   Arguments: 'network prune --force --filter "label=b6156e"'
[2025-03-13 21:53:01Z INFO ProcessInvokerWrapper]   Working directory: '/home/jenny/tensorflow-mri/actions-runner/_work/tensorflow-mri/tensorflow-mri'
[2025-03-13 21:53:01Z INFO ProcessInvokerWrapper]   Require exit code zero: 'False'
[2025-03-13 21:53:01Z INFO ProcessInvokerWrapper]   Encoding web name:  ; code page: ''
[2025-03-13 21:53:01Z INFO ProcessInvokerWrapper]   Force kill process on cancellation: 'False'
[2025-03-13 21:53:01Z INFO ProcessInvokerWrapper]   Redirected STDIN: 'False'
[2025-03-13 21:53:01Z INFO ProcessInvokerWrapper]   Persist current code page: 'False'
[2025-03-13 21:53:01Z INFO ProcessInvokerWrapper]   Keep redirected STDIN open: 'False'
[2025-03-13 21:53:01Z INFO ProcessInvokerWrapper]   High priority process: 'False'
[2025-03-13 21:53:01Z INFO ProcessInvokerWrapper] Updated oom_score_adj to 500 for PID: 2241965.
[2025-03-13 21:53:01Z INFO ProcessInvokerWrapper] Process started with process id 2241965, waiting for process exit.
[2025-03-13 21:53:01Z INFO ProcessInvokerWrapper] STDOUT/STDERR stream read finished.
[2025-03-13 21:53:01Z INFO ProcessInvokerWrapper] STDOUT/STDERR stream read finished.
[2025-03-13 21:53:01Z INFO ProcessInvokerWrapper] Finished process 2241965 with exit code 0, and elapsed time 00:00:00.0109726.
[2025-03-13 21:53:01Z INFO ProcessInvokerWrapper] Starting process:
[2025-03-13 21:53:01Z INFO ProcessInvokerWrapper]   File name: '/usr/bin/docker'
[2025-03-13 21:53:01Z INFO ProcessInvokerWrapper]   Arguments: 'network create --label b6156e github_network_dc08671fa8b742c8a723d174cf360a5e'
[2025-03-13 21:53:01Z INFO ProcessInvokerWrapper]   Working directory: '/home/jenny/tensorflow-mri/actions-runner/_work/tensorflow-mri/tensorflow-mri'
[2025-03-13 21:53:01Z INFO ProcessInvokerWrapper]   Require exit code zero: 'False'
[2025-03-13 21:53:01Z INFO ProcessInvokerWrapper]   Encoding web name:  ; code page: ''
[2025-03-13 21:53:01Z INFO ProcessInvokerWrapper]   Force kill process on cancellation: 'False'
[2025-03-13 21:53:01Z INFO ProcessInvokerWrapper]   Redirected STDIN: 'False'
[2025-03-13 21:53:01Z INFO ProcessInvokerWrapper]   Persist current code page: 'False'
[2025-03-13 21:53:01Z INFO ProcessInvokerWrapper]   Keep redirected STDIN open: 'False'
[2025-03-13 21:53:01Z INFO ProcessInvokerWrapper]   High priority process: 'False'
[2025-03-13 21:53:01Z INFO ProcessInvokerWrapper] Updated oom_score_adj to 500 for PID: 2241977.
[2025-03-13 21:53:01Z INFO ProcessInvokerWrapper] Process started with process id 2241977, waiting for process exit.
[2025-03-13 21:53:01Z INFO ProcessInvokerWrapper] STDOUT/STDERR stream read finished.
[2025-03-13 21:53:01Z INFO ProcessInvokerWrapper] STDOUT/STDERR stream read finished.
[2025-03-13 21:53:01Z INFO ProcessInvokerWrapper] Finished process 2241977 with exit code 0, and elapsed time 00:00:00.0485548.
[2025-03-13 21:53:01Z INFO ContainerOperationProvider] Container name: 1e44da992a5349fcaf1b06a5a47a55eb
[2025-03-13 21:53:01Z INFO ContainerOperationProvider] Container image: ghcr.io/mrphys/tensorflow-manylinux:1.14.0
[2025-03-13 21:53:01Z INFO ContainerOperationProvider] Container options: 
[2025-03-13 21:53:01Z INFO HostContext] Well known directory 'Bin': '/home/jenny/tensorflow-mri/actions-runner/bin'
[2025-03-13 21:53:01Z INFO HostContext] Well known directory 'Root': '/home/jenny/tensorflow-mri/actions-runner'
[2025-03-13 21:53:01Z INFO HostContext] Well known directory 'Work': '/home/jenny/tensorflow-mri/actions-runner/_work'
[2025-03-13 21:53:01Z INFO HostContext] Well known directory 'Temp': '/home/jenny/tensorflow-mri/actions-runner/_work/_temp'
[2025-03-13 21:53:01Z INFO ProcessInvokerWrapper] Starting process:
[2025-03-13 21:53:01Z INFO ProcessInvokerWrapper]   File name: '/usr/bin/docker'
[2025-03-13 21:53:01Z INFO ProcessInvokerWrapper]   Arguments: '--config /home/jenny/tensorflow-mri/actions-runner/_work/_temp/.docker_2320d3b3-a43a-4c96-b30f-7346c71952de login ghcr.io -u jennifersteeden --password-stdin'
[2025-03-13 21:53:01Z INFO ProcessInvokerWrapper]   Working directory: '/home/jenny/tensorflow-mri/actions-runner/_work/tensorflow-mri/tensorflow-mri'
[2025-03-13 21:53:01Z INFO ProcessInvokerWrapper]   Require exit code zero: 'False'
[2025-03-13 21:53:01Z INFO ProcessInvokerWrapper]   Encoding web name:  ; code page: ''
[2025-03-13 21:53:01Z INFO ProcessInvokerWrapper]   Force kill process on cancellation: 'False'
[2025-03-13 21:53:01Z INFO ProcessInvokerWrapper]   Redirected STDIN: 'True'
[2025-03-13 21:53:01Z INFO ProcessInvokerWrapper]   Persist current code page: 'False'
[2025-03-13 21:53:01Z INFO ProcessInvokerWrapper]   Keep redirected STDIN open: 'False'
[2025-03-13 21:53:01Z INFO ProcessInvokerWrapper]   High priority process: 'False'
[2025-03-13 21:53:01Z INFO ProcessInvokerWrapper] Updated oom_score_adj to 500 for PID: 2242041.
[2025-03-13 21:53:01Z INFO ProcessInvokerWrapper] Process started with process id 2242041, waiting for process exit.
[2025-03-13 21:53:01Z INFO ProcessInvokerWrapper] Close STDIN after the first redirect finished.
[2025-03-13 21:53:01Z INFO ProcessInvokerWrapper] STDIN stream write finished.
[2025-03-13 21:53:01Z INFO JobServerQueue] Try to upload 1 log files or attachments, success rate: 1/1.
[2025-03-13 21:53:01Z INFO JobServerQueue] Try to append 1 batches web console lines for record '630feea3-8523-4443-8ff5-3cf00c148250', success rate: 1/1.
[2025-03-13 21:53:02Z INFO ProcessInvokerWrapper] STDOUT/STDERR stream read finished.
[2025-03-13 21:53:02Z INFO ProcessInvokerWrapper] STDOUT/STDERR stream read finished.
[2025-03-13 21:53:02Z INFO ProcessInvokerWrapper] Finished process 2242041 with exit code 0, and elapsed time 00:00:00.3441039.
[2025-03-13 21:53:02Z INFO ProcessInvokerWrapper] Starting process:
[2025-03-13 21:53:02Z INFO ProcessInvokerWrapper]   File name: '/usr/bin/docker'
[2025-03-13 21:53:02Z INFO ProcessInvokerWrapper]   Arguments: '--config /home/jenny/tensorflow-mri/actions-runner/_work/_temp/.docker_2320d3b3-a43a-4c96-b30f-7346c71952de pull ghcr.io/mrphys/tensorflow-manylinux:1.14.0'
[2025-03-13 21:53:02Z INFO ProcessInvokerWrapper]   Working directory: '/home/jenny/tensorflow-mri/actions-runner/_work/tensorflow-mri/tensorflow-mri'
[2025-03-13 21:53:02Z INFO ProcessInvokerWrapper]   Require exit code zero: 'False'
[2025-03-13 21:53:02Z INFO ProcessInvokerWrapper]   Encoding web name:  ; code page: ''
[2025-03-13 21:53:02Z INFO ProcessInvokerWrapper]   Force kill process on cancellation: 'False'
[2025-03-13 21:53:02Z INFO ProcessInvokerWrapper]   Redirected STDIN: 'False'
[2025-03-13 21:53:02Z INFO ProcessInvokerWrapper]   Persist current code page: 'False'
[2025-03-13 21:53:02Z INFO ProcessInvokerWrapper]   Keep redirected STDIN open: 'False'
[2025-03-13 21:53:02Z INFO ProcessInvokerWrapper]   High priority process: 'False'
[2025-03-13 21:53:02Z INFO ProcessInvokerWrapper] Updated oom_score_adj to 500 for PID: 2242052.
[2025-03-13 21:53:02Z INFO ProcessInvokerWrapper] Process started with process id 2242052, waiting for process exit.
[2025-03-13 21:53:02Z INFO JobServerQueue] Try to append 1 batches web console lines for record '630feea3-8523-4443-8ff5-3cf00c148250', success rate: 1/1.
[2025-03-13 21:53:02Z INFO JobServerQueue] Got a step log file to send to results service.
[2025-03-13 21:53:02Z INFO JobServerQueue] Starting upload of step log file to results service ResultsLog, /home/jenny/tensorflow-mri/actions-runner/_diag/blocks/11b8a82b-824a-4f00-bdcf-7603e5737484_b3f6a3dc-2b4d-4be9-8d09-0eb915fc265d.1
[2025-03-13 21:53:02Z INFO ProcessInvokerWrapper] STDOUT/STDERR stream read finished.
[2025-03-13 21:53:02Z INFO ProcessInvokerWrapper] STDOUT/STDERR stream read finished.
[2025-03-13 21:53:02Z INFO ProcessInvokerWrapper] Finished process 2242052 with exit code 0, and elapsed time 00:00:00.5562239.
[2025-03-13 21:53:02Z INFO HostContext] Well known directory 'Bin': '/home/jenny/tensorflow-mri/actions-runner/bin'
[2025-03-13 21:53:02Z INFO HostContext] Well known directory 'Root': '/home/jenny/tensorflow-mri/actions-runner'
[2025-03-13 21:53:02Z INFO HostContext] Well known directory 'Work': '/home/jenny/tensorflow-mri/actions-runner/_work'
[2025-03-13 21:53:02Z INFO HostContext] Well known directory 'Bin': '/home/jenny/tensorflow-mri/actions-runner/bin'
[2025-03-13 21:53:02Z INFO HostContext] Well known directory 'Root': '/home/jenny/tensorflow-mri/actions-runner'
[2025-03-13 21:53:02Z INFO HostContext] Well known directory 'Work': '/home/jenny/tensorflow-mri/actions-runner/_work'
[2025-03-13 21:53:02Z INFO HostContext] Well known directory 'Bin': '/home/jenny/tensorflow-mri/actions-runner/bin'
[2025-03-13 21:53:02Z INFO HostContext] Well known directory 'Root': '/home/jenny/tensorflow-mri/actions-runner'
[2025-03-13 21:53:02Z INFO HostContext] Well known directory 'Externals': '/home/jenny/tensorflow-mri/actions-runner/externals'
[2025-03-13 21:53:02Z INFO HostContext] Well known directory 'Bin': '/home/jenny/tensorflow-mri/actions-runner/bin'
[2025-03-13 21:53:02Z INFO HostContext] Well known directory 'Root': '/home/jenny/tensorflow-mri/actions-runner'
[2025-03-13 21:53:02Z INFO HostContext] Well known directory 'Externals': '/home/jenny/tensorflow-mri/actions-runner/externals'
[2025-03-13 21:53:02Z INFO HostContext] Well known directory 'Bin': '/home/jenny/tensorflow-mri/actions-runner/bin'
[2025-03-13 21:53:02Z INFO HostContext] Well known directory 'Root': '/home/jenny/tensorflow-mri/actions-runner'
[2025-03-13 21:53:02Z INFO HostContext] Well known directory 'Work': '/home/jenny/tensorflow-mri/actions-runner/_work'
[2025-03-13 21:53:02Z INFO HostContext] Well known directory 'Temp': '/home/jenny/tensorflow-mri/actions-runner/_work/_temp'
[2025-03-13 21:53:02Z INFO HostContext] Well known directory 'Bin': '/home/jenny/tensorflow-mri/actions-runner/bin'
[2025-03-13 21:53:02Z INFO HostContext] Well known directory 'Root': '/home/jenny/tensorflow-mri/actions-runner'
[2025-03-13 21:53:02Z INFO HostContext] Well known directory 'Work': '/home/jenny/tensorflow-mri/actions-runner/_work'
[2025-03-13 21:53:02Z INFO HostContext] Well known directory 'Temp': '/home/jenny/tensorflow-mri/actions-runner/_work/_temp'
[2025-03-13 21:53:02Z INFO HostContext] Well known directory 'Bin': '/home/jenny/tensorflow-mri/actions-runner/bin'
[2025-03-13 21:53:02Z INFO HostContext] Well known directory 'Root': '/home/jenny/tensorflow-mri/actions-runner'
[2025-03-13 21:53:02Z INFO HostContext] Well known directory 'Work': '/home/jenny/tensorflow-mri/actions-runner/_work'
[2025-03-13 21:53:02Z INFO HostContext] Well known directory 'Actions': '/home/jenny/tensorflow-mri/actions-runner/_work/_actions'
[2025-03-13 21:53:02Z INFO HostContext] Well known directory 'Bin': '/home/jenny/tensorflow-mri/actions-runner/bin'
[2025-03-13 21:53:02Z INFO HostContext] Well known directory 'Root': '/home/jenny/tensorflow-mri/actions-runner'
[2025-03-13 21:53:02Z INFO HostContext] Well known directory 'Work': '/home/jenny/tensorflow-mri/actions-runner/_work'
[2025-03-13 21:53:02Z INFO HostContext] Well known directory 'Actions': '/home/jenny/tensorflow-mri/actions-runner/_work/_actions'
[2025-03-13 21:53:02Z INFO HostContext] Well known directory 'Bin': '/home/jenny/tensorflow-mri/actions-runner/bin'
[2025-03-13 21:53:02Z INFO HostContext] Well known directory 'Root': '/home/jenny/tensorflow-mri/actions-runner'
[2025-03-13 21:53:02Z INFO HostContext] Well known directory 'Work': '/home/jenny/tensorflow-mri/actions-runner/_work'
[2025-03-13 21:53:02Z INFO HostContext] Well known directory 'Tools': '/home/jenny/tensorflow-mri/actions-runner/_work/_tool'
[2025-03-13 21:53:02Z INFO HostContext] Well known directory 'Bin': '/home/jenny/tensorflow-mri/actions-runner/bin'
[2025-03-13 21:53:02Z INFO HostContext] Well known directory 'Root': '/home/jenny/tensorflow-mri/actions-runner'
[2025-03-13 21:53:02Z INFO HostContext] Well known directory 'Work': '/home/jenny/tensorflow-mri/actions-runner/_work'
[2025-03-13 21:53:02Z INFO HostContext] Well known directory 'Tools': '/home/jenny/tensorflow-mri/actions-runner/_work/_tool'
[2025-03-13 21:53:02Z INFO HostContext] Well known directory 'Bin': '/home/jenny/tensorflow-mri/actions-runner/bin'
[2025-03-13 21:53:02Z INFO HostContext] Well known directory 'Root': '/home/jenny/tensorflow-mri/actions-runner'
[2025-03-13 21:53:02Z INFO HostContext] Well known directory 'Work': '/home/jenny/tensorflow-mri/actions-runner/_work'
[2025-03-13 21:53:02Z INFO HostContext] Well known directory 'Temp': '/home/jenny/tensorflow-mri/actions-runner/_work/_temp'
[2025-03-13 21:53:02Z INFO HostContext] Well known directory 'Bin': '/home/jenny/tensorflow-mri/actions-runner/bin'
[2025-03-13 21:53:02Z INFO HostContext] Well known directory 'Root': '/home/jenny/tensorflow-mri/actions-runner'
[2025-03-13 21:53:02Z INFO HostContext] Well known directory 'Work': '/home/jenny/tensorflow-mri/actions-runner/_work'
[2025-03-13 21:53:02Z INFO HostContext] Well known directory 'Temp': '/home/jenny/tensorflow-mri/actions-runner/_work/_temp'
[2025-03-13 21:53:02Z INFO ProcessInvokerWrapper] Starting process:
[2025-03-13 21:53:02Z INFO ProcessInvokerWrapper]   File name: '/usr/bin/docker'
[2025-03-13 21:53:02Z INFO ProcessInvokerWrapper]   Arguments: 'create --name 1e44da992a5349fcaf1b06a5a47a55eb_ghcriomrphystensorflowmanylinux1140_261a44 --label b6156e --workdir /__w/tensorflow-mri/tensorflow-mri --network github_network_dc08671fa8b742c8a723d174cf360a5e  -e "HOME=/github/home" -e GITHUB_ACTIONS=true -e CI=true -v "/var/run/docker.sock":"/var/run/docker.sock" -v "/home/jenny/tensorflow-mri/actions-runner/_work":"/__w" -v "/home/jenny/tensorflow-mri/actions-runner/externals":"/__e":ro -v "/home/jenny/tensorflow-mri/actions-runner/_work/_temp":"/__w/_temp" -v "/home/jenny/tensorflow-mri/actions-runner/_work/_actions":"/__w/_actions" -v "/home/jenny/tensorflow-mri/actions-runner/_work/_tool":"/__w/_tool" -v "/home/jenny/tensorflow-mri/actions-runner/_work/_temp/_github_home":"/github/home" -v "/home/jenny/tensorflow-mri/actions-runner/_work/_temp/_github_workflow":"/github/workflow" --entrypoint "tail" ghcr.io/mrphys/tensorflow-manylinux:1.14.0 "-f" "/dev/null"'
[2025-03-13 21:53:02Z INFO ProcessInvokerWrapper]   Working directory: '/home/jenny/tensorflow-mri/actions-runner/_work/tensorflow-mri/tensorflow-mri'
[2025-03-13 21:53:02Z INFO ProcessInvokerWrapper]   Require exit code zero: 'True'
[2025-03-13 21:53:02Z INFO ProcessInvokerWrapper]   Encoding web name:  ; code page: ''
[2025-03-13 21:53:02Z INFO ProcessInvokerWrapper]   Force kill process on cancellation: 'False'
[2025-03-13 21:53:02Z INFO ProcessInvokerWrapper]   Redirected STDIN: 'False'
[2025-03-13 21:53:02Z INFO ProcessInvokerWrapper]   Persist current code page: 'False'
[2025-03-13 21:53:02Z INFO ProcessInvokerWrapper]   Keep redirected STDIN open: 'False'
[2025-03-13 21:53:02Z INFO ProcessInvokerWrapper]   High priority process: 'False'
[2025-03-13 21:53:02Z INFO ProcessInvokerWrapper] Updated oom_score_adj to 500 for PID: 2242064.
[2025-03-13 21:53:02Z INFO ProcessInvokerWrapper] Process started with process id 2242064, waiting for process exit.
[2025-03-13 21:53:02Z INFO JobServerQueue] Try to append 1 batches web console lines for record '630feea3-8523-4443-8ff5-3cf00c148250', success rate: 1/1.
[2025-03-13 21:53:02Z INFO ProcessInvokerWrapper] STDOUT/STDERR stream read finished.
[2025-03-13 21:53:02Z INFO ProcessInvokerWrapper] STDOUT/STDERR stream read finished.
[2025-03-13 21:53:02Z INFO ProcessInvokerWrapper] Finished process 2242064 with exit code 0, and elapsed time 00:00:00.0501998.
[2025-03-13 21:53:02Z INFO ProcessInvokerWrapper] Starting process:
[2025-03-13 21:53:02Z INFO ProcessInvokerWrapper]   File name: '/usr/bin/docker'
[2025-03-13 21:53:02Z INFO ProcessInvokerWrapper]   Arguments: 'start 7a4ba0bd62b8571772edb47cd74dc3071760187d714589c608df2990ee5b39bd'
[2025-03-13 21:53:02Z INFO ProcessInvokerWrapper]   Working directory: '/home/jenny/tensorflow-mri/actions-runner/_work/tensorflow-mri/tensorflow-mri'
[2025-03-13 21:53:02Z INFO ProcessInvokerWrapper]   Require exit code zero: 'False'
[2025-03-13 21:53:02Z INFO ProcessInvokerWrapper]   Encoding web name:  ; code page: ''
[2025-03-13 21:53:02Z INFO ProcessInvokerWrapper]   Force kill process on cancellation: 'False'
[2025-03-13 21:53:02Z INFO ProcessInvokerWrapper]   Redirected STDIN: 'False'
[2025-03-13 21:53:02Z INFO ProcessInvokerWrapper]   Persist current code page: 'False'
[2025-03-13 21:53:02Z INFO ProcessInvokerWrapper]   Keep redirected STDIN open: 'False'
[2025-03-13 21:53:02Z INFO ProcessInvokerWrapper]   High priority process: 'False'
[2025-03-13 21:53:02Z INFO ProcessInvokerWrapper] Updated oom_score_adj to 500 for PID: 2242077.
[2025-03-13 21:53:02Z INFO ProcessInvokerWrapper] Process started with process id 2242077, waiting for process exit.
[2025-03-13 21:53:02Z INFO JobServerQueue] Tried to upload 1 file(s) to results, success rate: 1/1.
[2025-03-13 21:53:02Z INFO ProcessInvokerWrapper] STDOUT/STDERR stream read finished.
[2025-03-13 21:53:02Z INFO ProcessInvokerWrapper] STDOUT/STDERR stream read finished.
[2025-03-13 21:53:02Z INFO ProcessInvokerWrapper] Finished process 2242077 with exit code 0, and elapsed time 00:00:00.1941434.
[2025-03-13 21:53:02Z INFO ProcessInvokerWrapper] Starting process:
[2025-03-13 21:53:02Z INFO ProcessInvokerWrapper]   File name: '/usr/bin/docker'
[2025-03-13 21:53:02Z INFO ProcessInvokerWrapper]   Arguments: 'ps --all --filter id=7a4ba0bd62b8571772edb47cd74dc3071760187d714589c608df2990ee5b39bd --filter status=running --no-trunc --format "{{.ID}} {{.Status}}"'
[2025-03-13 21:53:02Z INFO ProcessInvokerWrapper]   Working directory: '/home/jenny/tensorflow-mri/actions-runner/_work/tensorflow-mri/tensorflow-mri'
[2025-03-13 21:53:02Z INFO ProcessInvokerWrapper]   Require exit code zero: 'True'
[2025-03-13 21:53:02Z INFO ProcessInvokerWrapper]   Encoding web name:  ; code page: ''
[2025-03-13 21:53:02Z INFO ProcessInvokerWrapper]   Force kill process on cancellation: 'False'
[2025-03-13 21:53:02Z INFO ProcessInvokerWrapper]   Redirected STDIN: 'False'
[2025-03-13 21:53:02Z INFO ProcessInvokerWrapper]   Persist current code page: 'False'
[2025-03-13 21:53:02Z INFO ProcessInvokerWrapper]   Keep redirected STDIN open: 'False'
[2025-03-13 21:53:02Z INFO ProcessInvokerWrapper]   High priority process: 'False'
[2025-03-13 21:53:02Z INFO ProcessInvokerWrapper] Updated oom_score_adj to 500 for PID: 2242241.
[2025-03-13 21:53:02Z INFO ProcessInvokerWrapper] Process started with process id 2242241, waiting for process exit.
[2025-03-13 21:53:02Z INFO ProcessInvokerWrapper] STDOUT/STDERR stream read finished.
[2025-03-13 21:53:02Z INFO ProcessInvokerWrapper] STDOUT/STDERR stream read finished.
[2025-03-13 21:53:02Z INFO ProcessInvokerWrapper] Finished process 2242241 with exit code 0, and elapsed time 00:00:00.0120745.
[2025-03-13 21:53:02Z INFO ProcessInvokerWrapper] Starting process:
[2025-03-13 21:53:02Z INFO ProcessInvokerWrapper]   File name: '/usr/bin/docker'
[2025-03-13 21:53:02Z INFO ProcessInvokerWrapper]   Arguments: 'inspect --format "{{range .Config.Env}}{{println .}}{{end}}" 7a4ba0bd62b8571772edb47cd74dc3071760187d714589c608df2990ee5b39bd'
[2025-03-13 21:53:02Z INFO ProcessInvokerWrapper]   Working directory: '/home/jenny/tensorflow-mri/actions-runner/_work/tensorflow-mri/tensorflow-mri'
[2025-03-13 21:53:02Z INFO ProcessInvokerWrapper]   Require exit code zero: 'True'
[2025-03-13 21:53:02Z INFO ProcessInvokerWrapper]   Encoding web name:  ; code page: ''
[2025-03-13 21:53:02Z INFO ProcessInvokerWrapper]   Force kill process on cancellation: 'False'
[2025-03-13 21:53:02Z INFO ProcessInvokerWrapper]   Redirected STDIN: 'False'
[2025-03-13 21:53:02Z INFO ProcessInvokerWrapper]   Persist current code page: 'False'
[2025-03-13 21:53:02Z INFO ProcessInvokerWrapper]   Keep redirected STDIN open: 'False'
[2025-03-13 21:53:02Z INFO ProcessInvokerWrapper]   High priority process: 'False'
[2025-03-13 21:53:02Z INFO ProcessInvokerWrapper] Updated oom_score_adj to 500 for PID: 2242252.
[2025-03-13 21:53:02Z INFO ProcessInvokerWrapper] Process started with process id 2242252, waiting for process exit.
[2025-03-13 21:53:02Z INFO JobServerQueue] Try to append 1 batches web console lines for record '630feea3-8523-4443-8ff5-3cf00c148250', success rate: 1/1.
[2025-03-13 21:53:02Z INFO ProcessInvokerWrapper] STDOUT/STDERR stream read finished.
[2025-03-13 21:53:02Z INFO ProcessInvokerWrapper] STDOUT/STDERR stream read finished.
[2025-03-13 21:53:02Z INFO ProcessInvokerWrapper] Finished process 2242252 with exit code 0, and elapsed time 00:00:00.0119390.
[2025-03-13 21:53:02Z INFO StepsRunner] Step result: 
[2025-03-13 21:53:02Z INFO ExecutionContext] Publish step telemetry for current step {
  "action": "initialize_containers",
  "type": "runner",
  "stage": "Pre",
  "stepId": "630feea3-8523-4443-8ff5-3cf00c148250",
  "stepContextName": "630feea3852344438ff53cf00c148250",
  "result": "succeeded",
  "errorMessages": [],
  "executionTimeInSeconds": 2,
  "startTime": "2025-03-13T21:53:01.5674954Z",
  "finishTime": "2025-03-13T21:53:02.8704599Z"
}.
[2025-03-13 21:53:02Z INFO StepsRunner] No need for updating job result with current step result 'Succeeded'.
[2025-03-13 21:53:02Z INFO StepsRunner] Current state: job state = ''
[2025-03-13 21:53:02Z INFO StepsRunner] Processing step: DisplayName='Checkout code'
[2025-03-13 21:53:02Z INFO StepsRunner] Evaluating: success()
[2025-03-13 21:53:02Z INFO StepsRunner] Result: true
[2025-03-13 21:53:02Z INFO StepsRunner] Starting the step.
[2025-03-13 21:53:02Z INFO HostContext] Well known directory 'Bin': '/home/jenny/tensorflow-mri/actions-runner/bin'
[2025-03-13 21:53:02Z INFO HostContext] Well known directory 'Root': '/home/jenny/tensorflow-mri/actions-runner'
[2025-03-13 21:53:02Z INFO HostContext] Well known directory 'Work': '/home/jenny/tensorflow-mri/actions-runner/_work'
[2025-03-13 21:53:02Z INFO HostContext] Well known directory 'Actions': '/home/jenny/tensorflow-mri/actions-runner/_work/_actions'
[2025-03-13 21:53:02Z INFO ActionManager] Load action that reference repository from '/home/jenny/tensorflow-mri/actions-runner/_work/_actions/actions/checkout/v4'
[2025-03-13 21:53:02Z INFO HostContext] Well known directory 'Bin': '/home/jenny/tensorflow-mri/actions-runner/bin'
[2025-03-13 21:53:02Z INFO HostContext] Well known directory 'Root': '/home/jenny/tensorflow-mri/actions-runner'
[2025-03-13 21:53:02Z INFO HostContext] Well known directory 'Work': '/home/jenny/tensorflow-mri/actions-runner/_work'
[2025-03-13 21:53:02Z INFO HostContext] Well known directory 'Actions': '/home/jenny/tensorflow-mri/actions-runner/_work/_actions'
[2025-03-13 21:53:02Z INFO ActionManifestManager] Loaded action.yml file: {
  "name": "Checkout",
  "description": "Checkout a Git repository at a particular version",
  "inputs": {
    "type": 2,
    "map": [
      {
        "key": {
          "type": 0,
          "file": 2,
          "line": 4,
          "col": 3,
          "lit": "repository"
        },
        "value": {
          "type": 3,
          "file": 2,
          "line": 6,
          "col": 14,
          "expr": "github.repository"
        }
      },
      {
        "key": {
          "type": 0,
          "file": 2,
          "line": 7,
          "col": 3,
          "lit": "ref"
        },
        "value": ""
      },
      {
        "key": {
          "type": 0,
          "file": 2,
          "line": 12,
          "col": 3,
          "lit": "token"
        },
        "value": {
          "type": 3,
          "file": 2,
          "line": 24,
          "col": 14,
          "expr": "github.token"
        }
      },
      {
        "key": {
          "type": 0,
          "file": 2,
          "line": 25,
          "col": 3,
          "lit": "ssh-key"
        },
        "value": ""
      },
      {
        "key": {
          "type": 0,
          "file": 2,
          "line": 37,
          "col": 3,
          "lit": "ssh-known-hosts"
        },
        "value": ""
      },
      {
        "key": {
          "type": 0,
          "file": 2,
          "line": 42,
          "col": 3,
          "lit": "ssh-strict"
        },
        "value": {
          "type": 0,
          "file": 2,
          "line": 47,
          "col": 14,
          "lit": "true"
        }
      },
      {
        "key": {
          "type": 0,
          "file": 2,
          "line": 48,
          "col": 3,
          "lit": "ssh-user"
        },
        "value": {
          "type": 0,
          "file": 2,
          "line": 51,
          "col": 14,
          "lit": "git"
        }
      },
      {
        "key": {
          "type": 0,
          "file": 2,
          "line": 52,
          "col": 3,
          "lit": "persist-credentials"
        },
        "value": {
          "type": 0,
          "file": 2,
          "line": 54,
          "col": 14,
          "lit": "true"
        }
      },
      {
        "key": {
          "type": 0,
          "file": 2,
          "line": 55,
          "col": 3,
          "lit": "path"
        },
        "value": ""
      },
      {
        "key": {
          "type": 0,
          "file": 2,
          "line": 57,
          "col": 3,
          "lit": "clean"
        },
        "value": {
          "type": 0,
          "file": 2,
          "line": 59,
          "col": 14,
          "lit": "true"
        }
      },
      {
        "key": {
          "type": 0,
          "file": 2,
          "line": 60,
          "col": 3,
          "lit": "filter"
        },
        "value": {
          "type": 0,
          "file": 2,
          "line": 64,
          "col": 14,
          "lit": ""
        }
      },
      {
        "key": {
          "type": 0,
          "file": 2,
          "line": 65,
          "col": 3,
          "lit": "sparse-checkout"
        },
        "value": {
          "type": 0,
          "file": 2,
          "line": 69,
          "col": 14,
          "lit": ""
        }
      },
      {
        "key": {
          "type": 0,
          "file": 2,
          "line": 70,
          "col": 3,
          "lit": "sparse-checkout-cone-mode"
        },
        "value": {
          "type": 0,
          "file": 2,
          "line": 73,
          "col": 14,
          "lit": "true"
        }
      },
      {
        "key": {
          "type": 0,
          "file": 2,
          "line": 74,
          "col": 3,
          "lit": "fetch-depth"
        },
        "value": {
          "type": 0,
          "file": 2,
          "line": 76,
          "col": 14,
          "lit": "1"
        }
      },
      {
        "key": {
          "type": 0,
          "file": 2,
          "line": 77,
          "col": 3,
          "lit": "fetch-tags"
        },
        "value": {
          "type": 0,
          "file": 2,
          "line": 79,
          "col": 14,
          "lit": "false"
        }
      },
      {
        "key": {
          "type": 0,
          "file": 2,
          "line": 80,
          "col": 3,
          "lit": "show-progress"
        },
        "value": {
          "type": 0,
          "file": 2,
          "line": 82,
          "col": 14,
          "lit": "true"
        }
      },
      {
        "key": {
          "type": 0,
          "file": 2,
          "line": 83,
          "col": 3,
          "lit": "lfs"
        },
        "value": {
          "type": 0,
          "file": 2,
          "line": 85,
          "col": 14,
          "lit": "false"
        }
      },
      {
        "key": {
          "type": 0,
          "file": 2,
          "line": 86,
          "col": 3,
          "lit": "submodules"
        },
        "value": {
          "type": 0,
          "file": 2,
          "line": 94,
          "col": 14,
          "lit": "false"
        }
      },
      {
        "key": {
          "type": 0,
          "file": 2,
          "line": 95,
          "col": 3,
          "lit": "set-safe-directory"
        },
        "value": {
          "type": 0,
          "file": 2,
          "line": 97,
          "col": 14,
          "lit": "true"
        }
      },
      {
        "key": {
          "type": 0,
          "file": 2,
          "line": 98,
          "col": 3,
          "lit": "github-server-url"
        },
        "value": ""
      }
    ]
  },
  "execution": {
    "executionType": "nodeJS",
    "hasPre": false,
    "hasPost": true,
    "script": "dist/index.js",
    "pre": null,
    "post": "dist/index.js",
    "nodeVersion": "node20",
    "cleanupCondition": "always()",
    "initCondition": "always()"
  },
  "deprecated": null
}
[2025-03-13 21:53:02Z INFO ActionManager] Action pre node.js file: N/A.
[2025-03-13 21:53:02Z INFO ActionManager] Action node.js file: dist/index.js.
[2025-03-13 21:53:02Z INFO ActionManager] Action post node.js file: dist/index.js.
[2025-03-13 21:53:02Z INFO HostContext] Well known directory 'Bin': '/home/jenny/tensorflow-mri/actions-runner/bin'
[2025-03-13 21:53:02Z INFO HostContext] Well known directory 'Root': '/home/jenny/tensorflow-mri/actions-runner'
[2025-03-13 21:53:02Z INFO HostContext] Well known directory 'Diag': '/home/jenny/tensorflow-mri/actions-runner/_diag'
[2025-03-13 21:53:02Z INFO HostContext] Well known directory 'Bin': '/home/jenny/tensorflow-mri/actions-runner/bin'
[2025-03-13 21:53:02Z INFO HostContext] Well known directory 'Root': '/home/jenny/tensorflow-mri/actions-runner'
[2025-03-13 21:53:02Z INFO HostContext] Well known directory 'Diag': '/home/jenny/tensorflow-mri/actions-runner/_diag'
[2025-03-13 21:53:02Z INFO HostContext] Well known directory 'Bin': '/home/jenny/tensorflow-mri/actions-runner/bin'
[2025-03-13 21:53:02Z INFO HostContext] Well known directory 'Root': '/home/jenny/tensorflow-mri/actions-runner'
[2025-03-13 21:53:02Z INFO HostContext] Well known directory 'Work': '/home/jenny/tensorflow-mri/actions-runner/_work'
[2025-03-13 21:53:02Z INFO HostContext] Well known directory 'Temp': '/home/jenny/tensorflow-mri/actions-runner/_work/_temp'
[2025-03-13 21:53:02Z INFO ExecutionContext] Write event payload to /home/jenny/tensorflow-mri/actions-runner/_work/_temp/_github_workflow/event.json
[2025-03-13 21:53:02Z INFO HostContext] Well known directory 'Bin': '/home/jenny/tensorflow-mri/actions-runner/bin'
[2025-03-13 21:53:02Z INFO HostContext] Well known directory 'Root': '/home/jenny/tensorflow-mri/actions-runner'
[2025-03-13 21:53:02Z INFO HostContext] Well known directory 'Work': '/home/jenny/tensorflow-mri/actions-runner/_work'
[2025-03-13 21:53:02Z INFO HostContext] Well known directory 'Temp': '/home/jenny/tensorflow-mri/actions-runner/_work/_temp'
[2025-03-13 21:53:02Z INFO ExtensionManager] Getting extensions for interface: 'GitHub.Runner.Worker.IFileCommandExtension'
[2025-03-13 21:53:02Z INFO ExtensionManager] Creating instance: GitHub.Runner.Worker.AddPathFileCommand, Runner.Worker
[2025-03-13 21:53:02Z INFO ExtensionManager] Creating instance: GitHub.Runner.Worker.SetEnvFileCommand, Runner.Worker
[2025-03-13 21:53:02Z INFO ExtensionManager] Creating instance: GitHub.Runner.Worker.CreateStepSummaryCommand, Runner.Worker
[2025-03-13 21:53:02Z INFO ExtensionManager] Creating instance: GitHub.Runner.Worker.SaveStateFileCommand, Runner.Worker
[2025-03-13 21:53:02Z INFO ExtensionManager] Creating instance: GitHub.Runner.Worker.SetOutputFileCommand, Runner.Worker
[2025-03-13 21:53:02Z INFO ActionManifestManager] Input 'repository': default value evaluate result: {
  "type": 0,
  "file": 2,
  "line": 6,
  "col": 14,
  "lit": "mrphys/tensorflow-mri"
}
[2025-03-13 21:53:02Z INFO ActionManifestManager] Input 'ref': default value evaluate result: ""
[2025-03-13 21:53:02Z INFO ActionManifestManager] Input 'token': default value evaluate result: {
  "type": 0,
  "file": 2,
  "line": 24,
  "col": 14,
  "lit": "***"
}
[2025-03-13 21:53:02Z INFO ActionManifestManager] Input 'ssh-key': default value evaluate result: ""
[2025-03-13 21:53:02Z INFO ActionManifestManager] Input 'ssh-known-hosts': default value evaluate result: ""
[2025-03-13 21:53:02Z INFO ActionManifestManager] Input 'ssh-strict': default value evaluate result: {
  "type": 0,
  "file": 2,
  "line": 47,
  "col": 14,
  "lit": "true"
}
[2025-03-13 21:53:02Z INFO ActionManifestManager] Input 'ssh-user': default value evaluate result: {
  "type": 0,
  "file": 2,
  "line": 51,
  "col": 14,
  "lit": "git"
}
[2025-03-13 21:53:02Z INFO ActionManifestManager] Input 'persist-credentials': default value evaluate result: {
  "type": 0,
  "file": 2,
  "line": 54,
  "col": 14,
  "lit": "true"
}
[2025-03-13 21:53:02Z INFO ActionManifestManager] Input 'path': default value evaluate result: ""
[2025-03-13 21:53:02Z INFO ActionManifestManager] Input 'clean': default value evaluate result: {
  "type": 0,
  "file": 2,
  "line": 59,
  "col": 14,
  "lit": "true"
}
[2025-03-13 21:53:02Z INFO ActionManifestManager] Input 'filter': default value evaluate result: {
  "type": 0,
  "file": 2,
  "line": 64,
  "col": 14,
  "lit": ""
}
[2025-03-13 21:53:02Z INFO ActionManifestManager] Input 'sparse-checkout': default value evaluate result: {
  "type": 0,
  "file": 2,
  "line": 69,
  "col": 14,
  "lit": ""
}
[2025-03-13 21:53:02Z INFO ActionManifestManager] Input 'sparse-checkout-cone-mode': default value evaluate result: {
  "type": 0,
  "file": 2,
  "line": 73,
  "col": 14,
  "lit": "true"
}
[2025-03-13 21:53:02Z INFO ActionManifestManager] Input 'fetch-depth': default value evaluate result: {
  "type": 0,
  "file": 2,
  "line": 76,
  "col": 14,
  "lit": "1"
}
[2025-03-13 21:53:02Z INFO ActionManifestManager] Input 'fetch-tags': default value evaluate result: {
  "type": 0,
  "file": 2,
  "line": 79,
  "col": 14,
  "lit": "false"
}
[2025-03-13 21:53:02Z INFO ActionManifestManager] Input 'show-progress': default value evaluate result: {
  "type": 0,
  "file": 2,
  "line": 82,
  "col": 14,
  "lit": "true"
}
[2025-03-13 21:53:02Z INFO ActionManifestManager] Input 'submodules': default value evaluate result: {
  "type": 0,
  "file": 2,
  "line": 94,
  "col": 14,
  "lit": "false"
}
[2025-03-13 21:53:02Z INFO ActionManifestManager] Input 'set-safe-directory': default value evaluate result: {
  "type": 0,
  "file": 2,
  "line": 97,
  "col": 14,
  "lit": "true"
}
[2025-03-13 21:53:02Z INFO ActionManifestManager] Input 'github-server-url': default value evaluate result: ""
[2025-03-13 21:53:02Z INFO ExtensionManager] Getting extensions for interface: 'GitHub.Runner.Worker.IActionCommandExtension'
[2025-03-13 21:53:02Z INFO ExtensionManager] Creating instance: GitHub.Runner.Worker.InternalPluginSetRepoPathCommandExtension, Runner.Worker
[2025-03-13 21:53:02Z INFO ExtensionManager] Creating instance: GitHub.Runner.Worker.SetEnvCommandExtension, Runner.Worker
[2025-03-13 21:53:02Z INFO ExtensionManager] Creating instance: GitHub.Runner.Worker.SetOutputCommandExtension, Runner.Worker
[2025-03-13 21:53:02Z INFO ExtensionManager] Creating instance: GitHub.Runner.Worker.SaveStateCommandExtension, Runner.Worker
[2025-03-13 21:53:02Z INFO ExtensionManager] Creating instance: GitHub.Runner.Worker.AddPathCommandExtension, Runner.Worker
[2025-03-13 21:53:02Z INFO ExtensionManager] Creating instance: GitHub.Runner.Worker.AddMaskCommandExtension, Runner.Worker
[2025-03-13 21:53:02Z INFO ExtensionManager] Creating instance: GitHub.Runner.Worker.AddMatcherCommandExtension, Runner.Worker
[2025-03-13 21:53:02Z INFO ExtensionManager] Creating instance: GitHub.Runner.Worker.RemoveMatcherCommandExtension, Runner.Worker
[2025-03-13 21:53:02Z INFO ExtensionManager] Creating instance: GitHub.Runner.Worker.WarningCommandExtension, Runner.Worker
[2025-03-13 21:53:02Z INFO ExtensionManager] Creating instance: GitHub.Runner.Worker.ErrorCommandExtension, Runner.Worker
[2025-03-13 21:53:02Z INFO ExtensionManager] Creating instance: GitHub.Runner.Worker.NoticeCommandExtension, Runner.Worker
[2025-03-13 21:53:02Z INFO ExtensionManager] Creating instance: GitHub.Runner.Worker.DebugCommandExtension, Runner.Worker
[2025-03-13 21:53:02Z INFO ExtensionManager] Creating instance: GitHub.Runner.Worker.GroupCommandExtension, Runner.Worker
[2025-03-13 21:53:02Z INFO ExtensionManager] Creating instance: GitHub.Runner.Worker.EndGroupCommandExtension, Runner.Worker
[2025-03-13 21:53:02Z INFO ExtensionManager] Creating instance: GitHub.Runner.Worker.EchoCommandExtension, Runner.Worker
[2025-03-13 21:53:02Z INFO ActionCommandManager] Register action command extension for command internal-set-repo-path
[2025-03-13 21:53:02Z INFO ActionCommandManager] Register action command extension for command set-env
[2025-03-13 21:53:02Z INFO ActionCommandManager] Register action command extension for command set-output
[2025-03-13 21:53:02Z INFO ActionCommandManager] Register action command extension for command save-state
[2025-03-13 21:53:02Z INFO ActionCommandManager] Register action command extension for command add-path
[2025-03-13 21:53:02Z INFO ActionCommandManager] Register action command extension for command add-mask
[2025-03-13 21:53:02Z INFO ActionCommandManager] Register action command extension for command add-matcher
[2025-03-13 21:53:02Z INFO ActionCommandManager] Register action command extension for command remove-matcher
[2025-03-13 21:53:02Z INFO ActionCommandManager] Register action command extension for command warning
[2025-03-13 21:53:02Z INFO ActionCommandManager] Register action command extension for command error
[2025-03-13 21:53:02Z INFO ActionCommandManager] Register action command extension for command notice
[2025-03-13 21:53:02Z INFO ActionCommandManager] Register action command extension for command debug
[2025-03-13 21:53:02Z INFO ActionCommandManager] Register action command extension for command group
[2025-03-13 21:53:02Z INFO ActionCommandManager] Register action command extension for command endgroup
[2025-03-13 21:53:02Z INFO ActionCommandManager] Register action command extension for command echo
[2025-03-13 21:53:02Z INFO HostContext] Well known directory 'Bin': '/home/jenny/tensorflow-mri/actions-runner/bin'
[2025-03-13 21:53:02Z INFO HostContext] Well known directory 'Root': '/home/jenny/tensorflow-mri/actions-runner'
[2025-03-13 21:53:02Z INFO HostContext] Well known directory 'Work': '/home/jenny/tensorflow-mri/actions-runner/_work'
[2025-03-13 21:53:02Z INFO ProcessInvokerWrapper] Starting process:
[2025-03-13 21:53:02Z INFO ProcessInvokerWrapper]   File name: '/usr/bin/docker'
[2025-03-13 21:53:02Z INFO ProcessInvokerWrapper]   Arguments: 'exec  7a4ba0bd62b8571772edb47cd74dc3071760187d714589c608df2990ee5b39bd sh -c "cat /etc/*release | grep ^ID"'
[2025-03-13 21:53:02Z INFO ProcessInvokerWrapper]   Working directory: '/home/jenny/tensorflow-mri/actions-runner/_work'
[2025-03-13 21:53:02Z INFO ProcessInvokerWrapper]   Require exit code zero: 'False'
[2025-03-13 21:53:02Z INFO ProcessInvokerWrapper]   Encoding web name:  ; code page: ''
[2025-03-13 21:53:02Z INFO ProcessInvokerWrapper]   Force kill process on cancellation: 'False'
[2025-03-13 21:53:02Z INFO ProcessInvokerWrapper]   Redirected STDIN: 'False'
[2025-03-13 21:53:02Z INFO ProcessInvokerWrapper]   Persist current code page: 'False'
[2025-03-13 21:53:02Z INFO ProcessInvokerWrapper]   Keep redirected STDIN open: 'False'
[2025-03-13 21:53:02Z INFO ProcessInvokerWrapper]   High priority process: 'False'
[2025-03-13 21:53:02Z INFO ProcessInvokerWrapper] Updated oom_score_adj to 500 for PID: 2242264.
[2025-03-13 21:53:02Z INFO ProcessInvokerWrapper] Process started with process id 2242264, waiting for process exit.
[2025-03-13 21:53:02Z INFO ProcessInvokerWrapper] STDOUT/STDERR stream read finished.
[2025-03-13 21:53:02Z INFO ProcessInvokerWrapper] STDOUT/STDERR stream read finished.
[2025-03-13 21:53:02Z INFO ProcessInvokerWrapper] Finished process 2242264 with exit code 0, and elapsed time 00:00:00.0384926.
[2025-03-13 21:53:02Z INFO HostContext] Well known directory 'Bin': '/home/jenny/tensorflow-mri/actions-runner/bin'
[2025-03-13 21:53:02Z INFO HostContext] Well known directory 'Root': '/home/jenny/tensorflow-mri/actions-runner'
[2025-03-13 21:53:02Z INFO HostContext] Well known directory 'Externals': '/home/jenny/tensorflow-mri/actions-runner/externals'
[2025-03-13 21:53:02Z INFO HostContext] Well known directory 'Bin': '/home/jenny/tensorflow-mri/actions-runner/bin'
[2025-03-13 21:53:02Z INFO HostContext] Well known directory 'Root': '/home/jenny/tensorflow-mri/actions-runner'
[2025-03-13 21:53:02Z INFO HostContext] Well known directory 'Work': '/home/jenny/tensorflow-mri/actions-runner/_work'
[2025-03-13 21:53:02Z INFO ProcessInvokerWrapper] Starting process:
[2025-03-13 21:53:02Z INFO ProcessInvokerWrapper]   File name: '/usr/bin/docker'
[2025-03-13 21:53:02Z INFO ProcessInvokerWrapper]   Arguments: 'exec -i --workdir /__w/tensorflow-mri/tensorflow-mri -e "PYTHON" -e "INPUT_LFS" -e "INPUT_REPOSITORY" -e "INPUT_REF" -e "INPUT_TOKEN" -e "INPUT_SSH-KEY" -e "INPUT_SSH-KNOWN-HOSTS" -e "INPUT_SSH-STRICT" -e "INPUT_SSH-USER" -e "INPUT_PERSIST-CREDENTIALS" -e "INPUT_PATH" -e "INPUT_CLEAN" -e "INPUT_FILTER" -e "INPUT_SPARSE-CHECKOUT" -e "INPUT_SPARSE-CHECKOUT-CONE-MODE" -e "INPUT_FETCH-DEPTH" -e "INPUT_FETCH-TAGS" -e "INPUT_SHOW-PROGRESS" -e "INPUT_SUBMODULES" -e "INPUT_SET-SAFE-DIRECTORY" -e "INPUT_GITHUB-SERVER-URL" -e "GITHUB_JOB" -e "GITHUB_REF" -e "GITHUB_SHA" -e "GITHUB_REPOSITORY" -e "GITHUB_REPOSITORY_OWNER" -e "GITHUB_REPOSITORY_OWNER_ID" -e "GITHUB_RUN_ID" -e "GITHUB_RUN_NUMBER" -e "GITHUB_RETENTION_DAYS" -e "GITHUB_RUN_ATTEMPT" -e "GITHUB_ACTOR_ID" -e "GITHUB_ACTOR" -e "GITHUB_WORKFLOW" -e "GITHUB_HEAD_REF" -e "GITHUB_BASE_REF" -e "GITHUB_EVENT_NAME" -e "GITHUB_SERVER_URL" -e "GITHUB_API_URL" -e "GITHUB_GRAPHQL_URL" -e "GITHUB_REF_NAME" -e "GITHUB_REF_PROTECTED" -e "GITHUB_REF_TYPE" -e "GITHUB_WORKFLOW_REF" -e "GITHUB_WORKFLOW_SHA" -e "GITHUB_REPOSITORY_ID" -e "GITHUB_TRIGGERING_ACTOR" -e "GITHUB_WORKSPACE" -e "GITHUB_ACTION" -e "GITHUB_EVENT_PATH" -e "GITHUB_ACTION_REPOSITORY" -e "GITHUB_ACTION_REF" -e "GITHUB_PATH" -e "GITHUB_ENV" -e "GITHUB_STEP_SUMMARY" -e "GITHUB_STATE" -e "GITHUB_OUTPUT" -e "RUNNER_OS" -e "RUNNER_ARCH" -e "RUNNER_NAME" -e "RUNNER_ENVIRONMENT" -e "RUNNER_TOOL_CACHE" -e "RUNNER_TEMP" -e "RUNNER_WORKSPACE" -e "ACTIONS_RUNTIME_URL" -e "ACTIONS_RUNTIME_TOKEN" -e "ACTIONS_CACHE_URL" -e "ACTIONS_RESULTS_URL" -e "ACTIONS_CACHE_SERVICE_V2" 7a4ba0bd62b8571772edb47cd74dc3071760187d714589c608df2990ee5b39bd /__e/node20/bin/node /__w/_actions/actions/checkout/v4/dist/index.js'
[2025-03-13 21:53:02Z INFO ProcessInvokerWrapper]   Working directory: '/home/jenny/tensorflow-mri/actions-runner/_work'
[2025-03-13 21:53:02Z INFO ProcessInvokerWrapper]   Require exit code zero: 'False'
[2025-03-13 21:53:02Z INFO ProcessInvokerWrapper]   Encoding web name:  ; code page: ''
[2025-03-13 21:53:02Z INFO ProcessInvokerWrapper]   Force kill process on cancellation: 'False'
[2025-03-13 21:53:02Z INFO ProcessInvokerWrapper]   Redirected STDIN: 'False'
[2025-03-13 21:53:02Z INFO ProcessInvokerWrapper]   Persist current code page: 'False'
[2025-03-13 21:53:02Z INFO ProcessInvokerWrapper]   Keep redirected STDIN open: 'False'
[2025-03-13 21:53:02Z INFO ProcessInvokerWrapper]   High priority process: 'False'
[2025-03-13 21:53:02Z INFO ProcessInvokerWrapper] Updated oom_score_adj to 500 for PID: 2242296.
[2025-03-13 21:53:02Z INFO ProcessInvokerWrapper] Process started with process id 2242296, waiting for process exit.
[2025-03-13 21:53:03Z INFO AddMaskCommandExtension] Add new secret mask with length of 76
[2025-03-13 21:53:03Z INFO JobServerQueue] Try to append 1 batches web console lines for record '630feea3-8523-4443-8ff5-3cf00c148250', success rate: 1/1.
[2025-03-13 21:53:03Z INFO JobServerQueue] Try to append 1 batches web console lines for record 'c27faadf-b5bc-458b-a103-60c71fe6a3c2', success rate: 1/1.
[2025-03-13 21:53:03Z INFO ProcessInvokerWrapper] STDOUT/STDERR stream read finished.
[2025-03-13 21:53:03Z INFO ProcessInvokerWrapper] STDOUT/STDERR stream read finished.
[2025-03-13 21:53:03Z INFO ProcessInvokerWrapper] Finished process 2242296 with exit code 1, and elapsed time 00:00:00.3318922.
[2025-03-13 21:53:03Z INFO CreateStepSummaryCommand] Step Summary file (/home/jenny/tensorflow-mri/actions-runner/_work/_temp/_runner_file_commands/step_summary_ba57a8ed-0532-4f5c-acd3-62e0e046f3cd) is empty; skipping attachment upload
[2025-03-13 21:53:03Z INFO StepsRunner] Step result: Failed
[2025-03-13 21:53:03Z INFO ExecutionContext] Publish step telemetry for current step {
  "action": "actions/checkout",
  "ref": "v4",
  "type": "node20",
  "stage": "Main",
  "stepId": "c27faadf-b5bc-458b-a103-60c71fe6a3c2",
  "stepContextName": "__actions_checkout",
  "hasPreStep": false,
  "hasPostStep": true,
  "result": "failed",
  "errorMessages": [
    "The process '/usr/bin/git' failed with exit code 2"
  ],
  "executionTimeInSeconds": 1,
  "startTime": "2025-03-13T21:53:02.8711178Z",
  "finishTime": "2025-03-13T21:53:03.2762403Z"
}.
[2025-03-13 21:53:03Z INFO StepsRunner] Update job result with current step result 'Failed'.
[2025-03-13 21:53:03Z INFO StepsRunner] Current state: job state = 'Failed'
[2025-03-13 21:53:03Z INFO StepsRunner] Processing step: DisplayName='Free Disk Space Before Build'
[2025-03-13 21:53:03Z INFO StepsRunner] Evaluating: success()
[2025-03-13 21:53:03Z INFO StepsRunner] Result: false
[2025-03-13 21:53:03Z INFO StepsRunner] Skipping step due to condition evaluation.
[2025-03-13 21:53:03Z INFO StepsRunner] No need for updating job result with current step result 'Skipped'.
[2025-03-13 21:53:03Z INFO StepsRunner] Current state: job state = 'Failed'
[2025-03-13 21:53:03Z INFO StepsRunner] Processing step: DisplayName='Lint code'
[2025-03-13 21:53:03Z INFO StepsRunner] Evaluating: success()
[2025-03-13 21:53:03Z INFO StepsRunner] Result: false
[2025-03-13 21:53:03Z INFO StepsRunner] Skipping step due to condition evaluation.
[2025-03-13 21:53:03Z INFO StepsRunner] No need for updating job result with current step result 'Skipped'.
[2025-03-13 21:53:03Z INFO StepsRunner] Current state: job state = 'Failed'
[2025-03-13 21:53:03Z INFO StepsRunner] Processing step: DisplayName='Compile shared library'
[2025-03-13 21:53:03Z INFO StepsRunner] Evaluating: success()
[2025-03-13 21:53:03Z INFO StepsRunner] Result: false
[2025-03-13 21:53:03Z INFO StepsRunner] Skipping step due to condition evaluation.
[2025-03-13 21:53:03Z INFO StepsRunner] No need for updating job result with current step result 'Skipped'.
[2025-03-13 21:53:03Z INFO StepsRunner] Current state: job state = 'Failed'
[2025-03-13 21:53:03Z INFO StepsRunner] Processing step: DisplayName='Install required packages'
[2025-03-13 21:53:03Z INFO StepsRunner] Evaluating: success()
[2025-03-13 21:53:03Z INFO StepsRunner] Result: false
[2025-03-13 21:53:03Z INFO StepsRunner] Skipping step due to condition evaluation.
[2025-03-13 21:53:03Z INFO StepsRunner] No need for updating job result with current step result 'Skipped'.
[2025-03-13 21:53:03Z INFO StepsRunner] Current state: job state = 'Failed'
[2025-03-13 21:53:03Z INFO StepsRunner] Processing step: DisplayName='Run test suite'
[2025-03-13 21:53:03Z INFO StepsRunner] Evaluating: success()
[2025-03-13 21:53:03Z INFO StepsRunner] Result: false
[2025-03-13 21:53:03Z INFO StepsRunner] Skipping step due to condition evaluation.
[2025-03-13 21:53:03Z INFO StepsRunner] No need for updating job result with current step result 'Skipped'.
[2025-03-13 21:53:03Z INFO StepsRunner] Current state: job state = 'Failed'
[2025-03-13 21:53:03Z INFO StepsRunner] Processing step: DisplayName='Build wheel'
[2025-03-13 21:53:03Z INFO StepsRunner] Evaluating: success()
[2025-03-13 21:53:03Z INFO StepsRunner] Result: false
[2025-03-13 21:53:03Z INFO StepsRunner] Skipping step due to condition evaluation.
[2025-03-13 21:53:03Z INFO StepsRunner] No need for updating job result with current step result 'Skipped'.
[2025-03-13 21:53:03Z INFO StepsRunner] Current state: job state = 'Failed'
[2025-03-13 21:53:03Z INFO StepsRunner] Processing step: DisplayName='Build docs'
[2025-03-13 21:53:03Z INFO StepsRunner] Evaluating: success()
[2025-03-13 21:53:03Z INFO StepsRunner] Result: false
[2025-03-13 21:53:03Z INFO StepsRunner] Skipping step due to condition evaluation.
[2025-03-13 21:53:03Z INFO StepsRunner] No need for updating job result with current step result 'Skipped'.
[2025-03-13 21:53:03Z INFO StepsRunner] Current state: job state = 'Failed'
[2025-03-13 21:53:03Z INFO StepsRunner] Processing step: DisplayName='Upload wheel'
[2025-03-13 21:53:03Z INFO StepsRunner] Evaluating: (success() && startsWith(github.ref, 'refs/tags'))
[2025-03-13 21:53:03Z INFO StepsRunner] Expanded: (false && startsWith(github['ref'], 'refs/tags'))
[2025-03-13 21:53:03Z INFO StepsRunner] Result: false
[2025-03-13 21:53:03Z INFO StepsRunner] Skipping step due to condition evaluation.
[2025-03-13 21:53:03Z INFO StepsRunner] No need for updating job result with current step result 'Skipped'.
[2025-03-13 21:53:03Z INFO StepsRunner] Current state: job state = 'Failed'
[2025-03-13 21:53:03Z INFO StepsRunner] Processing step: DisplayName='Upload docs'
[2025-03-13 21:53:03Z INFO StepsRunner] Evaluating: (success() && startsWith(github.ref, 'refs/tags') && (matrix.py_version == 3.9))
[2025-03-13 21:53:03Z INFO StepsRunner] Expanded: (false && startsWith(github['ref'], 'refs/tags') && (matrix['py_version'] == 3.9))
[2025-03-13 21:53:03Z INFO StepsRunner] Result: false
[2025-03-13 21:53:03Z INFO StepsRunner] Skipping step due to condition evaluation.
[2025-03-13 21:53:03Z INFO StepsRunner] No need for updating job result with current step result 'Skipped'.
[2025-03-13 21:53:03Z INFO StepsRunner] Current state: job state = 'Failed'
[2025-03-13 21:53:03Z INFO StepsRunner] Processing step: DisplayName='Publish to Test PyPI'
[2025-03-13 21:53:03Z INFO StepsRunner] Evaluating: success()
[2025-03-13 21:53:03Z INFO StepsRunner] Result: false
[2025-03-13 21:53:03Z INFO StepsRunner] Skipping step due to condition evaluation.
[2025-03-13 21:53:03Z INFO StepsRunner] No need for updating job result with current step result 'Skipped'.
[2025-03-13 21:53:03Z INFO StepsRunner] Current state: job state = 'Failed'
[2025-03-13 21:53:03Z INFO StepsRunner] Processing step: DisplayName='Free Disk Space After Build'
[2025-03-13 21:53:03Z INFO StepsRunner] Evaluating: success()
[2025-03-13 21:53:03Z INFO StepsRunner] Result: false
[2025-03-13 21:53:03Z INFO StepsRunner] Skipping step due to condition evaluation.
[2025-03-13 21:53:03Z INFO StepsRunner] No need for updating job result with current step result 'Skipped'.
[2025-03-13 21:53:03Z INFO StepsRunner] Current state: job state = 'Failed'
[2025-03-13 21:53:03Z INFO StepsRunner] Processing step: DisplayName='Post Checkout code'
[2025-03-13 21:53:03Z INFO StepsRunner] Evaluating: always()
[2025-03-13 21:53:03Z INFO StepsRunner] Result: true
[2025-03-13 21:53:03Z INFO StepsRunner] Starting the step.
[2025-03-13 21:53:03Z INFO HostContext] Well known directory 'Bin': '/home/jenny/tensorflow-mri/actions-runner/bin'
[2025-03-13 21:53:03Z INFO HostContext] Well known directory 'Root': '/home/jenny/tensorflow-mri/actions-runner'
[2025-03-13 21:53:03Z INFO HostContext] Well known directory 'Work': '/home/jenny/tensorflow-mri/actions-runner/_work'
[2025-03-13 21:53:03Z INFO HostContext] Well known directory 'Actions': '/home/jenny/tensorflow-mri/actions-runner/_work/_actions'
[2025-03-13 21:53:03Z INFO ActionManager] Load action that reference repository from '/home/jenny/tensorflow-mri/actions-runner/_work/_actions/actions/checkout/v4'
[2025-03-13 21:53:03Z INFO HostContext] Well known directory 'Bin': '/home/jenny/tensorflow-mri/actions-runner/bin'
[2025-03-13 21:53:03Z INFO HostContext] Well known directory 'Root': '/home/jenny/tensorflow-mri/actions-runner'
[2025-03-13 21:53:03Z INFO HostContext] Well known directory 'Work': '/home/jenny/tensorflow-mri/actions-runner/_work'
[2025-03-13 21:53:03Z INFO HostContext] Well known directory 'Actions': '/home/jenny/tensorflow-mri/actions-runner/_work/_actions'
[2025-03-13 21:53:03Z INFO ActionManifestManager] Loaded action.yml file: {
  "name": "Checkout",
  "description": "Checkout a Git repository at a particular version",
  "inputs": {
    "type": 2,
    "map": [
      {
        "key": {
          "type": 0,
          "file": 2,
          "line": 4,
          "col": 3,
          "lit": "repository"
        },
        "value": {
          "type": 3,
          "file": 2,
          "line": 6,
          "col": 14,
          "expr": "github.repository"
        }
      },
      {
        "key": {
          "type": 0,
          "file": 2,
          "line": 7,
          "col": 3,
          "lit": "ref"
        },
        "value": ""
      },
      {
        "key": {
          "type": 0,
          "file": 2,
          "line": 12,
          "col": 3,
          "lit": "token"
        },
        "value": {
          "type": 3,
          "file": 2,
          "line": 24,
          "col": 14,
          "expr": "github.token"
        }
      },
      {
        "key": {
          "type": 0,
          "file": 2,
          "line": 25,
          "col": 3,
          "lit": "ssh-key"
        },
        "value": ""
      },
      {
        "key": {
          "type": 0,
          "file": 2,
          "line": 37,
          "col": 3,
          "lit": "ssh-known-hosts"
        },
        "value": ""
      },
      {
        "key": {
          "type": 0,
          "file": 2,
          "line": 42,
          "col": 3,
          "lit": "ssh-strict"
        },
        "value": {
          "type": 0,
          "file": 2,
          "line": 47,
          "col": 14,
          "lit": "true"
        }
      },
      {
        "key": {
          "type": 0,
          "file": 2,
          "line": 48,
          "col": 3,
          "lit": "ssh-user"
        },
        "value": {
          "type": 0,
          "file": 2,
          "line": 51,
          "col": 14,
          "lit": "git"
        }
      },
      {
        "key": {
          "type": 0,
          "file": 2,
          "line": 52,
          "col": 3,
          "lit": "persist-credentials"
        },
        "value": {
          "type": 0,
          "file": 2,
          "line": 54,
          "col": 14,
          "lit": "true"
        }
      },
      {
        "key": {
          "type": 0,
          "file": 2,
          "line": 55,
          "col": 3,
          "lit": "path"
        },
        "value": ""
      },
      {
        "key": {
          "type": 0,
          "file": 2,
          "line": 57,
          "col": 3,
          "lit": "clean"
        },
        "value": {
          "type": 0,
          "file": 2,
          "line": 59,
          "col": 14,
          "lit": "true"
        }
      },
      {
        "key": {
          "type": 0,
          "file": 2,
          "line": 60,
          "col": 3,
          "lit": "filter"
        },
        "value": {
          "type": 0,
          "file": 2,
          "line": 64,
          "col": 14,
          "lit": ""
        }
      },
      {
        "key": {
          "type": 0,
          "file": 2,
          "line": 65,
          "col": 3,
          "lit": "sparse-checkout"
        },
        "value": {
          "type": 0,
          "file": 2,
          "line": 69,
          "col": 14,
          "lit": ""
        }
      },
      {
        "key": {
          "type": 0,
          "file": 2,
          "line": 70,
          "col": 3,
          "lit": "sparse-checkout-cone-mode"
        },
        "value": {
          "type": 0,
          "file": 2,
          "line": 73,
          "col": 14,
          "lit": "true"
        }
      },
      {
        "key": {
          "type": 0,
          "file": 2,
          "line": 74,
          "col": 3,
          "lit": "fetch-depth"
        },
        "value": {
          "type": 0,
          "file": 2,
          "line": 76,
          "col": 14,
          "lit": "1"
        }
      },
      {
        "key": {
          "type": 0,
          "file": 2,
          "line": 77,
          "col": 3,
          "lit": "fetch-tags"
        },
        "value": {
          "type": 0,
          "file": 2,
          "line": 79,
          "col": 14,
          "lit": "false"
        }
      },
      {
        "key": {
          "type": 0,
          "file": 2,
          "line": 80,
          "col": 3,
          "lit": "show-progress"
        },
        "value": {
          "type": 0,
          "file": 2,
          "line": 82,
          "col": 14,
          "lit": "true"
        }
      },
      {
        "key": {
          "type": 0,
          "file": 2,
          "line": 83,
          "col": 3,
          "lit": "lfs"
        },
        "value": {
          "type": 0,
          "file": 2,
          "line": 85,
          "col": 14,
          "lit": "false"
        }
      },
      {
        "key": {
          "type": 0,
          "file": 2,
          "line": 86,
          "col": 3,
          "lit": "submodules"
        },
        "value": {
          "type": 0,
          "file": 2,
          "line": 94,
          "col": 14,
          "lit": "false"
        }
      },
      {
        "key": {
          "type": 0,
          "file": 2,
          "line": 95,
          "col": 3,
          "lit": "set-safe-directory"
        },
        "value": {
          "type": 0,
          "file": 2,
          "line": 97,
          "col": 14,
          "lit": "true"
        }
      },
      {
        "key": {
          "type": 0,
          "file": 2,
          "line": 98,
          "col": 3,
          "lit": "github-server-url"
        },
        "value": ""
      }
    ]
  },
  "execution": {
    "executionType": "nodeJS",
    "hasPre": false,
    "hasPost": true,
    "script": "dist/index.js",
    "pre": null,
    "post": "dist/index.js",
    "nodeVersion": "node20",
    "cleanupCondition": "always()",
    "initCondition": "always()"
  },
  "deprecated": null
}
[2025-03-13 21:53:03Z INFO ActionManager] Action pre node.js file: N/A.
[2025-03-13 21:53:03Z INFO ActionManager] Action node.js file: dist/index.js.
[2025-03-13 21:53:03Z INFO ActionManager] Action post node.js file: dist/index.js.
[2025-03-13 21:53:03Z INFO HostContext] Well known directory 'Bin': '/home/jenny/tensorflow-mri/actions-runner/bin'
[2025-03-13 21:53:03Z INFO HostContext] Well known directory 'Root': '/home/jenny/tensorflow-mri/actions-runner'
[2025-03-13 21:53:03Z INFO HostContext] Well known directory 'Work': '/home/jenny/tensorflow-mri/actions-runner/_work'
[2025-03-13 21:53:03Z INFO HostContext] Well known directory 'Temp': '/home/jenny/tensorflow-mri/actions-runner/_work/_temp'
[2025-03-13 21:53:03Z INFO ExecutionContext] Write event payload to /home/jenny/tensorflow-mri/actions-runner/_work/_temp/_github_workflow/event.json
[2025-03-13 21:53:03Z INFO HostContext] Well known directory 'Bin': '/home/jenny/tensorflow-mri/actions-runner/bin'
[2025-03-13 21:53:03Z INFO HostContext] Well known directory 'Root': '/home/jenny/tensorflow-mri/actions-runner'
[2025-03-13 21:53:03Z INFO HostContext] Well known directory 'Work': '/home/jenny/tensorflow-mri/actions-runner/_work'
[2025-03-13 21:53:03Z INFO HostContext] Well known directory 'Temp': '/home/jenny/tensorflow-mri/actions-runner/_work/_temp'
[2025-03-13 21:53:03Z INFO ExtensionManager] Getting extensions for interface: 'GitHub.Runner.Worker.IFileCommandExtension'
[2025-03-13 21:53:03Z INFO ActionManifestManager] Input 'repository': default value evaluate result: {
  "type": 0,
  "file": 2,
  "line": 6,
  "col": 14,
  "lit": "mrphys/tensorflow-mri"
}
[2025-03-13 21:53:03Z INFO ActionManifestManager] Input 'ref': default value evaluate result: ""
[2025-03-13 21:53:03Z INFO ActionManifestManager] Input 'token': default value evaluate result: {
  "type": 0,
  "file": 2,
  "line": 24,
  "col": 14,
  "lit": "***"
}
[2025-03-13 21:53:03Z INFO ActionManifestManager] Input 'ssh-key': default value evaluate result: ""
[2025-03-13 21:53:03Z INFO ActionManifestManager] Input 'ssh-known-hosts': default value evaluate result: ""
[2025-03-13 21:53:03Z INFO ActionManifestManager] Input 'ssh-strict': default value evaluate result: {
  "type": 0,
  "file": 2,
  "line": 47,
  "col": 14,
  "lit": "true"
}
[2025-03-13 21:53:03Z INFO ActionManifestManager] Input 'ssh-user': default value evaluate result: {
  "type": 0,
  "file": 2,
  "line": 51,
  "col": 14,
  "lit": "git"
}
[2025-03-13 21:53:03Z INFO ActionManifestManager] Input 'persist-credentials': default value evaluate result: {
  "type": 0,
  "file": 2,
  "line": 54,
  "col": 14,
  "lit": "true"
}
[2025-03-13 21:53:03Z INFO ActionManifestManager] Input 'path': default value evaluate result: ""
[2025-03-13 21:53:03Z INFO ActionManifestManager] Input 'clean': default value evaluate result: {
  "type": 0,
  "file": 2,
  "line": 59,
  "col": 14,
  "lit": "true"
}
[2025-03-13 21:53:03Z INFO ActionManifestManager] Input 'filter': default value evaluate result: {
  "type": 0,
  "file": 2,
  "line": 64,
  "col": 14,
  "lit": ""
}
[2025-03-13 21:53:03Z INFO ActionManifestManager] Input 'sparse-checkout': default value evaluate result: {
  "type": 0,
  "file": 2,
  "line": 69,
  "col": 14,
  "lit": ""
}
[2025-03-13 21:53:03Z INFO ActionManifestManager] Input 'sparse-checkout-cone-mode': default value evaluate result: {
  "type": 0,
  "file": 2,
  "line": 73,
  "col": 14,
  "lit": "true"
}
[2025-03-13 21:53:03Z INFO ActionManifestManager] Input 'fetch-depth': default value evaluate result: {
  "type": 0,
  "file": 2,
  "line": 76,
  "col": 14,
  "lit": "1"
}
[2025-03-13 21:53:03Z INFO ActionManifestManager] Input 'fetch-tags': default value evaluate result: {
  "type": 0,
  "file": 2,
  "line": 79,
  "col": 14,
  "lit": "false"
}
[2025-03-13 21:53:03Z INFO ActionManifestManager] Input 'show-progress': default value evaluate result: {
  "type": 0,
  "file": 2,
  "line": 82,
  "col": 14,
  "lit": "true"
}
[2025-03-13 21:53:03Z INFO ActionManifestManager] Input 'submodules': default value evaluate result: {
  "type": 0,
  "file": 2,
  "line": 94,
  "col": 14,
  "lit": "false"
}
[2025-03-13 21:53:03Z INFO ActionManifestManager] Input 'set-safe-directory': default value evaluate result: {
  "type": 0,
  "file": 2,
  "line": 97,
  "col": 14,
  "lit": "true"
}
[2025-03-13 21:53:03Z INFO ActionManifestManager] Input 'github-server-url': default value evaluate result: ""
[2025-03-13 21:53:03Z INFO ExtensionManager] Getting extensions for interface: 'GitHub.Runner.Worker.IActionCommandExtension'
[2025-03-13 21:53:03Z INFO ActionCommandManager] Register action command extension for command internal-set-repo-path
[2025-03-13 21:53:03Z INFO ActionCommandManager] Register action command extension for command set-env
[2025-03-13 21:53:03Z INFO ActionCommandManager] Register action command extension for command set-output
[2025-03-13 21:53:03Z INFO ActionCommandManager] Register action command extension for command save-state
[2025-03-13 21:53:03Z INFO ActionCommandManager] Register action command extension for command add-path
[2025-03-13 21:53:03Z INFO ActionCommandManager] Register action command extension for command add-mask
[2025-03-13 21:53:03Z INFO ActionCommandManager] Register action command extension for command add-matcher
[2025-03-13 21:53:03Z INFO ActionCommandManager] Register action command extension for command remove-matcher
[2025-03-13 21:53:03Z INFO ActionCommandManager] Register action command extension for command warning
[2025-03-13 21:53:03Z INFO ActionCommandManager] Register action command extension for command error
[2025-03-13 21:53:03Z INFO ActionCommandManager] Register action command extension for command notice
[2025-03-13 21:53:03Z INFO ActionCommandManager] Register action command extension for command debug
[2025-03-13 21:53:03Z INFO ActionCommandManager] Register action command extension for command group
[2025-03-13 21:53:03Z INFO ActionCommandManager] Register action command extension for command endgroup
[2025-03-13 21:53:03Z INFO ActionCommandManager] Register action command extension for command echo
[2025-03-13 21:53:03Z INFO HostContext] Well known directory 'Bin': '/home/jenny/tensorflow-mri/actions-runner/bin'
[2025-03-13 21:53:03Z INFO HostContext] Well known directory 'Root': '/home/jenny/tensorflow-mri/actions-runner'
[2025-03-13 21:53:03Z INFO HostContext] Well known directory 'Work': '/home/jenny/tensorflow-mri/actions-runner/_work'
[2025-03-13 21:53:03Z INFO ProcessInvokerWrapper] Starting process:
[2025-03-13 21:53:03Z INFO ProcessInvokerWrapper]   File name: '/usr/bin/docker'
[2025-03-13 21:53:03Z INFO ProcessInvokerWrapper]   Arguments: 'exec  7a4ba0bd62b8571772edb47cd74dc3071760187d714589c608df2990ee5b39bd sh -c "cat /etc/*release | grep ^ID"'
[2025-03-13 21:53:03Z INFO ProcessInvokerWrapper]   Working directory: '/home/jenny/tensorflow-mri/actions-runner/_work'
[2025-03-13 21:53:03Z INFO ProcessInvokerWrapper]   Require exit code zero: 'False'
[2025-03-13 21:53:03Z INFO ProcessInvokerWrapper]   Encoding web name:  ; code page: ''
[2025-03-13 21:53:03Z INFO ProcessInvokerWrapper]   Force kill process on cancellation: 'False'
[2025-03-13 21:53:03Z INFO ProcessInvokerWrapper]   Redirected STDIN: 'False'
[2025-03-13 21:53:03Z INFO ProcessInvokerWrapper]   Persist current code page: 'False'
[2025-03-13 21:53:03Z INFO ProcessInvokerWrapper]   Keep redirected STDIN open: 'False'
[2025-03-13 21:53:03Z INFO ProcessInvokerWrapper]   High priority process: 'False'
[2025-03-13 21:53:03Z INFO ProcessInvokerWrapper] Updated oom_score_adj to 500 for PID: 2242525.
[2025-03-13 21:53:03Z INFO ProcessInvokerWrapper] Process started with process id 2242525, waiting for process exit.
[2025-03-13 21:53:03Z INFO ProcessInvokerWrapper] STDOUT/STDERR stream read finished.
[2025-03-13 21:53:03Z INFO ProcessInvokerWrapper] STDOUT/STDERR stream read finished.
[2025-03-13 21:53:03Z INFO ProcessInvokerWrapper] Finished process 2242525 with exit code 0, and elapsed time 00:00:00.0392479.
[2025-03-13 21:53:03Z INFO HostContext] Well known directory 'Bin': '/home/jenny/tensorflow-mri/actions-runner/bin'
[2025-03-13 21:53:03Z INFO HostContext] Well known directory 'Root': '/home/jenny/tensorflow-mri/actions-runner'
[2025-03-13 21:53:03Z INFO HostContext] Well known directory 'Externals': '/home/jenny/tensorflow-mri/actions-runner/externals'
[2025-03-13 21:53:03Z INFO HostContext] Well known directory 'Bin': '/home/jenny/tensorflow-mri/actions-runner/bin'
[2025-03-13 21:53:03Z INFO HostContext] Well known directory 'Root': '/home/jenny/tensorflow-mri/actions-runner'
[2025-03-13 21:53:03Z INFO HostContext] Well known directory 'Work': '/home/jenny/tensorflow-mri/actions-runner/_work'
[2025-03-13 21:53:03Z INFO ProcessInvokerWrapper] Starting process:
[2025-03-13 21:53:03Z INFO ProcessInvokerWrapper]   File name: '/usr/bin/docker'
[2025-03-13 21:53:03Z INFO ProcessInvokerWrapper]   Arguments: 'exec -i --workdir /__w/tensorflow-mri/tensorflow-mri -e "PYTHON" -e "STATE_isPost" -e "STATE_setSafeDirectory" -e "STATE_repositoryPath" -e "INPUT_LFS" -e "INPUT_REPOSITORY" -e "INPUT_REF" -e "INPUT_TOKEN" -e "INPUT_SSH-KEY" -e "INPUT_SSH-KNOWN-HOSTS" -e "INPUT_SSH-STRICT" -e "INPUT_SSH-USER" -e "INPUT_PERSIST-CREDENTIALS" -e "INPUT_PATH" -e "INPUT_CLEAN" -e "INPUT_FILTER" -e "INPUT_SPARSE-CHECKOUT" -e "INPUT_SPARSE-CHECKOUT-CONE-MODE" -e "INPUT_FETCH-DEPTH" -e "INPUT_FETCH-TAGS" -e "INPUT_SHOW-PROGRESS" -e "INPUT_SUBMODULES" -e "INPUT_SET-SAFE-DIRECTORY" -e "INPUT_GITHUB-SERVER-URL" -e "GITHUB_JOB" -e "GITHUB_REF" -e "GITHUB_SHA" -e "GITHUB_REPOSITORY" -e "GITHUB_REPOSITORY_OWNER" -e "GITHUB_REPOSITORY_OWNER_ID" -e "GITHUB_RUN_ID" -e "GITHUB_RUN_NUMBER" -e "GITHUB_RETENTION_DAYS" -e "GITHUB_RUN_ATTEMPT" -e "GITHUB_ACTOR_ID" -e "GITHUB_ACTOR" -e "GITHUB_WORKFLOW" -e "GITHUB_HEAD_REF" -e "GITHUB_BASE_REF" -e "GITHUB_EVENT_NAME" -e "GITHUB_SERVER_URL" -e "GITHUB_API_URL" -e "GITHUB_GRAPHQL_URL" -e "GITHUB_REF_NAME" -e "GITHUB_REF_PROTECTED" -e "GITHUB_REF_TYPE" -e "GITHUB_WORKFLOW_REF" -e "GITHUB_WORKFLOW_SHA" -e "GITHUB_REPOSITORY_ID" -e "GITHUB_TRIGGERING_ACTOR" -e "GITHUB_WORKSPACE" -e "GITHUB_ACTION" -e "GITHUB_EVENT_PATH" -e "GITHUB_ACTION_REPOSITORY" -e "GITHUB_ACTION_REF" -e "GITHUB_PATH" -e "GITHUB_ENV" -e "GITHUB_STEP_SUMMARY" -e "GITHUB_STATE" -e "GITHUB_OUTPUT" -e "RUNNER_OS" -e "RUNNER_ARCH" -e "RUNNER_NAME" -e "RUNNER_ENVIRONMENT" -e "RUNNER_TOOL_CACHE" -e "RUNNER_TEMP" -e "RUNNER_WORKSPACE" -e "ACTIONS_RUNTIME_URL" -e "ACTIONS_RUNTIME_TOKEN" -e "ACTIONS_CACHE_URL" -e "ACTIONS_RESULTS_URL" -e "ACTIONS_CACHE_SERVICE_V2" 7a4ba0bd62b8571772edb47cd74dc3071760187d714589c608df2990ee5b39bd /__e/node20/bin/node /__w/_actions/actions/checkout/v4/dist/index.js'
[2025-03-13 21:53:03Z INFO ProcessInvokerWrapper]   Working directory: '/home/jenny/tensorflow-mri/actions-runner/_work'
[2025-03-13 21:53:03Z INFO ProcessInvokerWrapper]   Require exit code zero: 'False'
[2025-03-13 21:53:03Z INFO ProcessInvokerWrapper]   Encoding web name:  ; code page: ''
[2025-03-13 21:53:03Z INFO ProcessInvokerWrapper]   Force kill process on cancellation: 'False'
[2025-03-13 21:53:03Z INFO ProcessInvokerWrapper]   Redirected STDIN: 'False'
[2025-03-13 21:53:03Z INFO ProcessInvokerWrapper]   Persist current code page: 'False'
[2025-03-13 21:53:03Z INFO ProcessInvokerWrapper]   Keep redirected STDIN open: 'False'
[2025-03-13 21:53:03Z INFO ProcessInvokerWrapper]   High priority process: 'False'
[2025-03-13 21:53:03Z INFO ProcessInvokerWrapper] Updated oom_score_adj to 500 for PID: 2242555.
[2025-03-13 21:53:03Z INFO ProcessInvokerWrapper] Process started with process id 2242555, waiting for process exit.
[2025-03-13 21:53:03Z INFO JobServerQueue] Try to append 1 batches web console lines for record 'c27faadf-b5bc-458b-a103-60c71fe6a3c2', success rate: 1/1.
[2025-03-13 21:53:03Z INFO JobServerQueue] Try to append 1 batches web console lines for record '8b75c328-f2c1-4023-8cec-f4b4d5cf7092', success rate: 1/1.
[2025-03-13 21:53:03Z INFO AddMaskCommandExtension] Add new secret mask with length of 32
[2025-03-13 21:53:03Z INFO ProcessInvokerWrapper] STDOUT/STDERR stream read finished.
[2025-03-13 21:53:03Z INFO ProcessInvokerWrapper] STDOUT/STDERR stream read finished.
[2025-03-13 21:53:03Z INFO ProcessInvokerWrapper] Finished process 2242555 with exit code 0, and elapsed time 00:00:00.1853611.
[2025-03-13 21:53:03Z INFO CreateStepSummaryCommand] Step Summary file (/home/jenny/tensorflow-mri/actions-runner/_work/_temp/_runner_file_commands/step_summary_8e5af9e0-af76-402d-a353-8ccbe1a4f2b9) is empty; skipping attachment upload
[2025-03-13 21:53:03Z INFO StepsRunner] Step result: 
[2025-03-13 21:53:03Z INFO ExecutionContext] Publish step telemetry for current step {
  "action": "actions/checkout",
  "ref": "v4",
  "type": "node20",
  "stage": "Post",
  "stepId": "8b75c328-f2c1-4023-8cec-f4b4d5cf7092",
  "result": "succeeded",
  "errorMessages": [],
  "executionTimeInSeconds": 1,
  "startTime": "2025-03-13T21:53:03.283063Z",
  "finishTime": "2025-03-13T21:53:03.5170655Z"
}.
[2025-03-13 21:53:03Z INFO StepsRunner] No need for updating job result with current step result 'Succeeded'.
[2025-03-13 21:53:03Z INFO StepsRunner] Current state: job state = 'Failed'
[2025-03-13 21:53:03Z INFO StepsRunner] Processing step: DisplayName='Stop containers'
[2025-03-13 21:53:03Z INFO StepsRunner] Evaluating: always()
[2025-03-13 21:53:03Z INFO StepsRunner] Result: true
[2025-03-13 21:53:03Z INFO StepsRunner] Starting the step.
[2025-03-13 21:53:03Z INFO ProcessInvokerWrapper] Starting process:
[2025-03-13 21:53:03Z INFO ProcessInvokerWrapper]   File name: '/usr/bin/docker'
[2025-03-13 21:53:03Z INFO ProcessInvokerWrapper]   Arguments: 'rm --force 7a4ba0bd62b8571772edb47cd74dc3071760187d714589c608df2990ee5b39bd'
[2025-03-13 21:53:03Z INFO ProcessInvokerWrapper]   Working directory: '/home/jenny/tensorflow-mri/actions-runner/_work/tensorflow-mri/tensorflow-mri'
[2025-03-13 21:53:03Z INFO ProcessInvokerWrapper]   Require exit code zero: 'False'
[2025-03-13 21:53:03Z INFO ProcessInvokerWrapper]   Encoding web name:  ; code page: ''
[2025-03-13 21:53:03Z INFO ProcessInvokerWrapper]   Force kill process on cancellation: 'False'
[2025-03-13 21:53:03Z INFO ProcessInvokerWrapper]   Redirected STDIN: 'False'
[2025-03-13 21:53:03Z INFO ProcessInvokerWrapper]   Persist current code page: 'False'
[2025-03-13 21:53:03Z INFO ProcessInvokerWrapper]   Keep redirected STDIN open: 'False'
[2025-03-13 21:53:03Z INFO ProcessInvokerWrapper]   High priority process: 'False'
[2025-03-13 21:53:03Z INFO ProcessInvokerWrapper] Updated oom_score_adj to 500 for PID: 2242653.
[2025-03-13 21:53:03Z INFO ProcessInvokerWrapper] Process started with process id 2242653, waiting for process exit.
[2025-03-13 21:53:03Z INFO JobServerQueue] Try to append 1 batches web console lines for record '8b75c328-f2c1-4023-8cec-f4b4d5cf7092', success rate: 1/1.
[2025-03-13 21:53:03Z INFO JobServerQueue] Try to append 1 batches web console lines for record '8bf90d11-54ff-4df6-826f-2574ecbf9c2e', success rate: 1/1.
[2025-03-13 21:53:03Z INFO ProcessInvokerWrapper] STDOUT/STDERR stream read finished.
[2025-03-13 21:53:03Z INFO ProcessInvokerWrapper] STDOUT/STDERR stream read finished.
[2025-03-13 21:53:03Z INFO ProcessInvokerWrapper] Finished process 2242653 with exit code 0, and elapsed time 00:00:00.2457479.
[2025-03-13 21:53:03Z INFO ProcessInvokerWrapper] Starting process:
[2025-03-13 21:53:03Z INFO ProcessInvokerWrapper]   File name: '/usr/bin/docker'
[2025-03-13 21:53:03Z INFO ProcessInvokerWrapper]   Arguments: 'network rm github_network_dc08671fa8b742c8a723d174cf360a5e'
[2025-03-13 21:53:03Z INFO ProcessInvokerWrapper]   Working directory: '/home/jenny/tensorflow-mri/actions-runner/_work/tensorflow-mri/tensorflow-mri'
[2025-03-13 21:53:03Z INFO ProcessInvokerWrapper]   Require exit code zero: 'False'
[2025-03-13 21:53:03Z INFO ProcessInvokerWrapper]   Encoding web name:  ; code page: ''
[2025-03-13 21:53:03Z INFO ProcessInvokerWrapper]   Force kill process on cancellation: 'False'
[2025-03-13 21:53:03Z INFO ProcessInvokerWrapper]   Redirected STDIN: 'False'
[2025-03-13 21:53:03Z INFO ProcessInvokerWrapper]   Persist current code page: 'False'
[2025-03-13 21:53:03Z INFO ProcessInvokerWrapper]   Keep redirected STDIN open: 'False'
[2025-03-13 21:53:03Z INFO ProcessInvokerWrapper]   High priority process: 'False'
[2025-03-13 21:53:03Z INFO ProcessInvokerWrapper] Updated oom_score_adj to 500 for PID: 2242695.
[2025-03-13 21:53:03Z INFO ProcessInvokerWrapper] Process started with process id 2242695, waiting for process exit.
[2025-03-13 21:53:03Z INFO JobServerQueue] Try to upload 3 log files or attachments, success rate: 3/3.
[2025-03-13 21:53:03Z INFO JobServerQueue] Got a step log file to send to results service.
[2025-03-13 21:53:03Z INFO JobServerQueue] Starting upload of step log file to results service ResultsLog, /home/jenny/tensorflow-mri/actions-runner/_diag/blocks/11b8a82b-824a-4f00-bdcf-7603e5737484_630feea3-8523-4443-8ff5-3cf00c148250.1
[2025-03-13 21:53:03Z INFO JobServerQueue] Try to append 1 batches web console lines for record '8bf90d11-54ff-4df6-826f-2574ecbf9c2e', success rate: 1/1.
[2025-03-13 21:53:03Z INFO ProcessInvokerWrapper] STDOUT/STDERR stream read finished.
[2025-03-13 21:53:03Z INFO ProcessInvokerWrapper] STDOUT/STDERR stream read finished.
[2025-03-13 21:53:03Z INFO ProcessInvokerWrapper] Finished process 2242695 with exit code 0, and elapsed time 00:00:00.1191273.
[2025-03-13 21:53:03Z INFO StepsRunner] Step result: 
[2025-03-13 21:53:03Z INFO StepsRunner] No need for updating job result with current step result 'Succeeded'.
[2025-03-13 21:53:03Z INFO StepsRunner] Current state: job state = 'Failed'
[2025-03-13 21:53:03Z INFO JobRunner] Finalize job.
[2025-03-13 21:53:03Z INFO HostContext] Well known directory 'Bin': '/home/jenny/tensorflow-mri/actions-runner/bin'
[2025-03-13 21:53:03Z INFO HostContext] Well known directory 'Root': '/home/jenny/tensorflow-mri/actions-runner'
[2025-03-13 21:53:03Z INFO HostContext] Well known directory 'Diag': '/home/jenny/tensorflow-mri/actions-runner/_diag'
[2025-03-13 21:53:03Z INFO HostContext] Well known directory 'Bin': '/home/jenny/tensorflow-mri/actions-runner/bin'
[2025-03-13 21:53:03Z INFO HostContext] Well known directory 'Root': '/home/jenny/tensorflow-mri/actions-runner'
[2025-03-13 21:53:03Z INFO HostContext] Well known directory 'Diag': '/home/jenny/tensorflow-mri/actions-runner/_diag'
[2025-03-13 21:53:03Z INFO JobExtension] Initialize Env context
[2025-03-13 21:53:03Z INFO JobExtension] Initialize steps context
[2025-03-13 21:53:03Z INFO JobExtension] Total accessible running process: 1079.
[2025-03-13 21:53:03Z INFO JobExtension] Inspecting process environment variables. PID: 2109722 (kworker/26:2-events)
[2025-03-13 21:53:03Z INFO LinuxProcessExtensions] Read env from /proc/2109722/environ
[2025-03-13 21:53:03Z WARN JobExtension] Ignore exception during read process environment variables: Access to the path '/proc/2109722/environ' is denied.
[2025-03-13 21:53:03Z INFO JobExtension] Inspecting process environment variables. PID: 2143973 (kworker/20:0-rcu_par_gp)
[2025-03-13 21:53:03Z INFO LinuxProcessExtensions] Read env from /proc/2143973/environ
[2025-03-13 21:53:03Z WARN JobExtension] Ignore exception during read process environment variables: Access to the path '/proc/2143973/environ' is denied.
[2025-03-13 21:53:03Z INFO JobExtension] Inspecting process environment variables. PID: 2145952 (kworker/29:2-events)
[2025-03-13 21:53:03Z INFO LinuxProcessExtensions] Read env from /proc/2145952/environ
[2025-03-13 21:53:03Z WARN JobExtension] Ignore exception during read process environment variables: Access to the path '/proc/2145952/environ' is denied.
[2025-03-13 21:53:03Z INFO JobExtension] Inspecting process environment variables. PID: 2182070 (kworker/19:0-events)
[2025-03-13 21:53:03Z INFO LinuxProcessExtensions] Read env from /proc/2182070/environ
[2025-03-13 21:53:03Z WARN JobExtension] Ignore exception during read process environment variables: Access to the path '/proc/2182070/environ' is denied.
[2025-03-13 21:53:03Z INFO JobExtension] Inspecting process environment variables. PID: 2182568 (kworker/27:1-events)
[2025-03-13 21:53:03Z INFO LinuxProcessExtensions] Read env from /proc/2182568/environ
[2025-03-13 21:53:03Z WARN JobExtension] Ignore exception during read process environment variables: Access to the path '/proc/2182568/environ' is denied.
[2025-03-13 21:53:03Z INFO JobExtension] Inspecting process environment variables. PID: 2228205 (kworker/28:2-events)
[2025-03-13 21:53:03Z INFO LinuxProcessExtensions] Read env from /proc/2228205/environ
[2025-03-13 21:53:03Z WARN JobExtension] Ignore exception during read process environment variables: Access to the path '/proc/2228205/environ' is denied.
[2025-03-13 21:53:03Z INFO JobExtension] Inspecting process environment variables. PID: 2228218 (kworker/30:2-events)
[2025-03-13 21:53:03Z INFO LinuxProcessExtensions] Read env from /proc/2228218/environ
[2025-03-13 21:53:03Z WARN JobExtension] Ignore exception during read process environment variables: Access to the path '/proc/2228218/environ' is denied.
[2025-03-13 21:53:03Z INFO JobExtension] Inspecting process environment variables. PID: 2230902 (kworker/u72:1-writeback)
[2025-03-13 21:53:03Z INFO LinuxProcessExtensions] Read env from /proc/2230902/environ
[2025-03-13 21:53:03Z WARN JobExtension] Ignore exception during read process environment variables: Access to the path '/proc/2230902/environ' is denied.
[2025-03-13 21:53:03Z INFO JobExtension] Inspecting process environment variables. PID: 2235548 (kworker/14:0-events)
[2025-03-13 21:53:03Z INFO LinuxProcessExtensions] Read env from /proc/2235548/environ
[2025-03-13 21:53:03Z WARN JobExtension] Ignore exception during read process environment variables: Access to the path '/proc/2235548/environ' is denied.
[2025-03-13 21:53:03Z INFO JobExtension] Inspecting process environment variables. PID: 2236316 (kworker/u72:3+netns)
[2025-03-13 21:53:03Z INFO LinuxProcessExtensions] Read env from /proc/2236316/environ
[2025-03-13 21:53:03Z WARN JobExtension] Ignore exception during read process environment variables: Access to the path '/proc/2236316/environ' is denied.
[2025-03-13 21:53:03Z INFO JobExtension] Inspecting process environment variables. PID: 2236499 (kworker/19:2-rcu_par_gp)
[2025-03-13 21:53:03Z INFO LinuxProcessExtensions] Read env from /proc/2236499/environ
[2025-03-13 21:53:03Z WARN JobExtension] Ignore exception during read process environment variables: Access to the path '/proc/2236499/environ' is denied.
[2025-03-13 21:53:03Z INFO JobExtension] Inspecting process environment variables. PID: 2236526 (kworker/6:1-rcu_par_gp)
[2025-03-13 21:53:03Z INFO LinuxProcessExtensions] Read env from /proc/2236526/environ
[2025-03-13 21:53:03Z WARN JobExtension] Ignore exception during read process environment variables: Access to the path '/proc/2236526/environ' is denied.
[2025-03-13 21:53:03Z INFO JobExtension] Inspecting process environment variables. PID: 2236549 (kworker/23:2-events)
[2025-03-13 21:53:03Z INFO LinuxProcessExtensions] Read env from /proc/2236549/environ
[2025-03-13 21:53:03Z WARN JobExtension] Ignore exception during read process environment variables: Access to the path '/proc/2236549/environ' is denied.
[2025-03-13 21:53:03Z INFO JobExtension] Inspecting process environment variables. PID: 2236578 (kworker/20:1-rcu_par_gp)
[2025-03-13 21:53:03Z INFO LinuxProcessExtensions] Read env from /proc/2236578/environ
[2025-03-13 21:53:03Z WARN JobExtension] Ignore exception during read process environment variables: Access to the path '/proc/2236578/environ' is denied.
[2025-03-13 21:53:03Z INFO JobExtension] Inspecting process environment variables. PID: 2236601 (kworker/8:2-rcu_par_gp)
[2025-03-13 21:53:03Z INFO LinuxProcessExtensions] Read env from /proc/2236601/environ
[2025-03-13 21:53:03Z WARN JobExtension] Ignore exception during read process environment variables: Access to the path '/proc/2236601/environ' is denied.
[2025-03-13 21:53:04Z INFO JobExtension] Inspecting process environment variables. PID: 2237928 (kworker/8:1-rcu_par_gp)
[2025-03-13 21:53:04Z INFO LinuxProcessExtensions] Read env from /proc/2237928/environ
[2025-03-13 21:53:04Z WARN JobExtension] Ignore exception during read process environment variables: Access to the path '/proc/2237928/environ' is denied.
[2025-03-13 21:53:04Z INFO JobExtension] Inspecting process environment variables. PID: 2237936 (kworker/4:1-events)
[2025-03-13 21:53:04Z INFO LinuxProcessExtensions] Read env from /proc/2237936/environ
[2025-03-13 21:53:04Z WARN JobExtension] Ignore exception during read process environment variables: Access to the path '/proc/2237936/environ' is denied.
[2025-03-13 21:53:04Z INFO JobExtension] Inspecting process environment variables. PID: 2237950 (kworker/11:2-events)
[2025-03-13 21:53:04Z INFO LinuxProcessExtensions] Read env from /proc/2237950/environ
[2025-03-13 21:53:04Z WARN JobExtension] Ignore exception during read process environment variables: Access to the path '/proc/2237950/environ' is denied.
[2025-03-13 21:53:04Z INFO JobExtension] Inspecting process environment variables. PID: 2237955 (kworker/17:1-cgroup_destroy)
[2025-03-13 21:53:04Z INFO LinuxProcessExtensions] Read env from /proc/2237955/environ
[2025-03-13 21:53:04Z WARN JobExtension] Ignore exception during read process environment variables: Access to the path '/proc/2237955/environ' is denied.
[2025-03-13 21:53:04Z INFO JobExtension] Inspecting process environment variables. PID: 2237970 (kworker/7:1-events)
[2025-03-13 21:53:04Z INFO LinuxProcessExtensions] Read env from /proc/2237970/environ
[2025-03-13 21:53:04Z WARN JobExtension] Ignore exception during read process environment variables: Access to the path '/proc/2237970/environ' is denied.
[2025-03-13 21:53:04Z INFO JobExtension] Inspecting process environment variables. PID: 2237975 (kworker/1:2-events)
[2025-03-13 21:53:04Z INFO LinuxProcessExtensions] Read env from /proc/2237975/environ
[2025-03-13 21:53:04Z WARN JobExtension] Ignore exception during read process environment variables: Access to the path '/proc/2237975/environ' is denied.
[2025-03-13 21:53:04Z INFO JobExtension] Inspecting process environment variables. PID: 2237980 (kworker/3:2-rcu_par_gp)
[2025-03-13 21:53:04Z INFO LinuxProcessExtensions] Read env from /proc/2237980/environ
[2025-03-13 21:53:04Z WARN JobExtension] Ignore exception during read process environment variables: Access to the path '/proc/2237980/environ' is denied.
[2025-03-13 21:53:04Z INFO JobExtension] Inspecting process environment variables. PID: 2238012 (kworker/9:2-events)
[2025-03-13 21:53:04Z INFO LinuxProcessExtensions] Read env from /proc/2238012/environ
[2025-03-13 21:53:04Z WARN JobExtension] Ignore exception during read process environment variables: Access to the path '/proc/2238012/environ' is denied.
[2025-03-13 21:53:04Z INFO JobExtension] Inspecting process environment variables. PID: 2238017 (kworker/18:2-mm_percpu_wq)
[2025-03-13 21:53:04Z INFO LinuxProcessExtensions] Read env from /proc/2238017/environ
[2025-03-13 21:53:04Z WARN JobExtension] Ignore exception during read process environment variables: Access to the path '/proc/2238017/environ' is denied.
[2025-03-13 21:53:04Z INFO JobExtension] Inspecting process environment variables. PID: 2238035 (kworker/16:1-events)
[2025-03-13 21:53:04Z INFO LinuxProcessExtensions] Read env from /proc/2238035/environ
[2025-03-13 21:53:04Z WARN JobExtension] Ignore exception during read process environment variables: Access to the path '/proc/2238035/environ' is denied.
[2025-03-13 21:53:04Z INFO JobExtension] Inspecting process environment variables. PID: 2238161 (kworker/10:0-events)
[2025-03-13 21:53:04Z INFO LinuxProcessExtensions] Read env from /proc/2238161/environ
[2025-03-13 21:53:04Z WARN JobExtension] Ignore exception during read process environment variables: Access to the path '/proc/2238161/environ' is denied.
[2025-03-13 21:53:04Z INFO JobExtension] Inspecting process environment variables. PID: 2238190 (kworker/5:2-events)
[2025-03-13 21:53:04Z INFO LinuxProcessExtensions] Read env from /proc/2238190/environ
[2025-03-13 21:53:04Z WARN JobExtension] Ignore exception during read process environment variables: Access to the path '/proc/2238190/environ' is denied.
[2025-03-13 21:53:04Z INFO JobExtension] Inspecting process environment variables. PID: 2238652 (kworker/21:0-events)
[2025-03-13 21:53:04Z INFO LinuxProcessExtensions] Read env from /proc/2238652/environ
[2025-03-13 21:53:04Z WARN JobExtension] Ignore exception during read process environment variables: Access to the path '/proc/2238652/environ' is denied.
[2025-03-13 21:53:04Z INFO JobExtension] Inspecting process environment variables. PID: 2241469 (kworker/1:0-events)
[2025-03-13 21:53:04Z INFO LinuxProcessExtensions] Read env from /proc/2241469/environ
[2025-03-13 21:53:04Z WARN JobExtension] Ignore exception during read process environment variables: Access to the path '/proc/2241469/environ' is denied.
[2025-03-13 21:53:04Z INFO JobExtension] Inspecting process environment variables. PID: 2241471 (kworker/21:2-rcu_gp)
[2025-03-13 21:53:04Z INFO LinuxProcessExtensions] Read env from /proc/2241471/environ
[2025-03-13 21:53:04Z WARN JobExtension] Ignore exception during read process environment variables: Access to the path '/proc/2241471/environ' is denied.
[2025-03-13 21:53:04Z INFO JobExtension] Inspecting process environment variables. PID: 2241629 (kworker/2:0-events)
[2025-03-13 21:53:04Z INFO LinuxProcessExtensions] Read env from /proc/2241629/environ
[2025-03-13 21:53:04Z WARN JobExtension] Ignore exception during read process environment variables: Access to the path '/proc/2241629/environ' is denied.
[2025-03-13 21:53:04Z INFO JobExtension] Inspecting process environment variables. PID: 2241630 (kworker/3:0-events)
[2025-03-13 21:53:04Z INFO LinuxProcessExtensions] Read env from /proc/2241630/environ
[2025-03-13 21:53:04Z WARN JobExtension] Ignore exception during read process environment variables: Access to the path '/proc/2241630/environ' is denied.
[2025-03-13 21:53:04Z INFO JobExtension] Inspecting process environment variables. PID: 2241648 (kworker/13:2-events)
[2025-03-13 21:53:04Z INFO LinuxProcessExtensions] Read env from /proc/2241648/environ
[2025-03-13 21:53:04Z WARN JobExtension] Ignore exception during read process environment variables: Access to the path '/proc/2241648/environ' is denied.
[2025-03-13 21:53:04Z INFO JobExtension] Inspecting process environment variables. PID: 2241649 (kworker/12:2-events)
[2025-03-13 21:53:04Z INFO LinuxProcessExtensions] Read env from /proc/2241649/environ
[2025-03-13 21:53:04Z WARN JobExtension] Ignore exception during read process environment variables: Access to the path '/proc/2241649/environ' is denied.
[2025-03-13 21:53:04Z INFO JobExtension] Inspecting process environment variables. PID: 2241667 (kworker/15:2-events)
[2025-03-13 21:53:04Z INFO LinuxProcessExtensions] Read env from /proc/2241667/environ
[2025-03-13 21:53:04Z WARN JobExtension] Ignore exception during read process environment variables: Access to the path '/proc/2241667/environ' is denied.
[2025-03-13 21:53:04Z INFO JobExtension] Inspecting process environment variables. PID: 2241987 (systemd-udevd)
[2025-03-13 21:53:04Z INFO LinuxProcessExtensions] Read env from /proc/2241987/environ
[2025-03-13 21:53:04Z WARN JobExtension] Ignore exception during read process environment variables: Access to the path '/proc/2241987/environ' is denied.
[2025-03-13 21:53:04Z INFO JobExtension] Inspecting process environment variables. PID: 2241996 (systemd-udevd)
[2025-03-13 21:53:04Z INFO LinuxProcessExtensions] Read env from /proc/2241996/environ
[2025-03-13 21:53:04Z WARN JobExtension] Ignore exception during read process environment variables: Access to the path '/proc/2241996/environ' is denied.
[2025-03-13 21:53:04Z INFO JobExtension] Inspecting process environment variables. PID: 2242022 (nm-dispatcher)
[2025-03-13 21:53:04Z INFO LinuxProcessExtensions] Read env from /proc/2242022/environ
[2025-03-13 21:53:04Z WARN JobExtension] Ignore exception during read process environment variables: Access to the path '/proc/2242022/environ' is denied.
[2025-03-13 21:53:04Z INFO JobExtension] Inspecting process environment variables. PID: 2242076 (kworker/5:1-rcu_par_gp)
[2025-03-13 21:53:04Z INFO LinuxProcessExtensions] Read env from /proc/2242076/environ
[2025-03-13 21:53:04Z WARN JobExtension] Ignore exception during read process environment variables: Access to the path '/proc/2242076/environ' is denied.
[2025-03-13 21:53:04Z INFO JobExtension] Inspecting process environment variables. PID: 2242090 (kworker/20:2-events)
[2025-03-13 21:53:04Z INFO LinuxProcessExtensions] Read env from /proc/2242090/environ
[2025-03-13 21:53:04Z WARN JobExtension] Ignore exception during read process environment variables: Access to the path '/proc/2242090/environ' is denied.
[2025-03-13 21:53:04Z INFO JobExtension] Inspecting process environment variables. PID: 2242093 (systemd-udevd)
[2025-03-13 21:53:04Z INFO LinuxProcessExtensions] Read env from /proc/2242093/environ
[2025-03-13 21:53:04Z WARN JobExtension] Ignore exception during read process environment variables: Access to the path '/proc/2242093/environ' is denied.
[2025-03-13 21:53:04Z INFO JobExtension] Inspecting process environment variables. PID: 2242094 (systemd-udevd)
[2025-03-13 21:53:04Z INFO LinuxProcessExtensions] Read env from /proc/2242094/environ
[2025-03-13 21:53:04Z WARN JobExtension] Ignore exception during read process environment variables: Access to the path '/proc/2242094/environ' is denied.
[2025-03-13 21:53:04Z INFO JobExtension] Inspecting process environment variables. PID: 2242095 (systemd-udevd)
[2025-03-13 21:53:04Z INFO LinuxProcessExtensions] Read env from /proc/2242095/environ
[2025-03-13 21:53:04Z WARN JobExtension] Ignore exception during read process environment variables: Access to the path '/proc/2242095/environ' is denied.
[2025-03-13 21:53:04Z INFO JobExtension] Inspecting process environment variables. PID: 2242096 (systemd-udevd)
[2025-03-13 21:53:04Z INFO LinuxProcessExtensions] Read env from /proc/2242096/environ
[2025-03-13 21:53:04Z WARN JobExtension] Ignore exception during read process environment variables: Access to the path '/proc/2242096/environ' is denied.
[2025-03-13 21:53:04Z INFO JobExtension] Inspecting process environment variables. PID: 2242097 (systemd-udevd)
[2025-03-13 21:53:04Z INFO LinuxProcessExtensions] Read env from /proc/2242097/environ
[2025-03-13 21:53:04Z WARN JobExtension] Ignore exception during read process environment variables: Access to the path '/proc/2242097/environ' is denied.
[2025-03-13 21:53:04Z INFO JobExtension] Inspecting process environment variables. PID: 2242098 (systemd-udevd)
[2025-03-13 21:53:04Z INFO LinuxProcessExtensions] Read env from /proc/2242098/environ
[2025-03-13 21:53:04Z WARN JobExtension] Ignore exception during read process environment variables: Access to the path '/proc/2242098/environ' is denied.
[2025-03-13 21:53:04Z INFO JobExtension] Inspecting process environment variables. PID: 2242099 (systemd-udevd)
[2025-03-13 21:53:04Z INFO LinuxProcessExtensions] Read env from /proc/2242099/environ
[2025-03-13 21:53:04Z WARN JobExtension] Ignore exception during read process environment variables: Access to the path '/proc/2242099/environ' is denied.
[2025-03-13 21:53:04Z INFO JobExtension] Inspecting process environment variables. PID: 2242100 (systemd-udevd)
[2025-03-13 21:53:04Z INFO LinuxProcessExtensions] Read env from /proc/2242100/environ
[2025-03-13 21:53:04Z WARN JobExtension] Ignore exception during read process environment variables: Access to the path '/proc/2242100/environ' is denied.
[2025-03-13 21:53:04Z INFO JobExtension] Inspecting process environment variables. PID: 2242101 (systemd-udevd)
[2025-03-13 21:53:04Z INFO LinuxProcessExtensions] Read env from /proc/2242101/environ
[2025-03-13 21:53:04Z WARN JobExtension] Ignore exception during read process environment variables: Access to the path '/proc/2242101/environ' is denied.
[2025-03-13 21:53:04Z INFO JobExtension] Inspecting process environment variables. PID: 2242102 (systemd-udevd)
[2025-03-13 21:53:04Z INFO LinuxProcessExtensions] Read env from /proc/2242102/environ
[2025-03-13 21:53:04Z WARN JobExtension] Ignore exception during read process environment variables: Access to the path '/proc/2242102/environ' is denied.
[2025-03-13 21:53:04Z INFO JobExtension] Inspecting process environment variables. PID: 2242103 (systemd-udevd)
[2025-03-13 21:53:04Z INFO LinuxProcessExtensions] Read env from /proc/2242103/environ
[2025-03-13 21:53:04Z WARN JobExtension] Ignore exception during read process environment variables: Access to the path '/proc/2242103/environ' is denied.
[2025-03-13 21:53:04Z INFO JobExtension] Inspecting process environment variables. PID: 2242104 (systemd-udevd)
[2025-03-13 21:53:04Z INFO LinuxProcessExtensions] Read env from /proc/2242104/environ
[2025-03-13 21:53:04Z WARN JobExtension] Ignore exception during read process environment variables: Access to the path '/proc/2242104/environ' is denied.
[2025-03-13 21:53:04Z INFO JobExtension] Inspecting process environment variables. PID: 2242105 (systemd-udevd)
[2025-03-13 21:53:04Z INFO LinuxProcessExtensions] Read env from /proc/2242105/environ
[2025-03-13 21:53:04Z WARN JobExtension] Ignore exception during read process environment variables: Access to the path '/proc/2242105/environ' is denied.
[2025-03-13 21:53:04Z INFO JobExtension] Inspecting process environment variables. PID: 2242106 (systemd-udevd)
[2025-03-13 21:53:04Z INFO LinuxProcessExtensions] Read env from /proc/2242106/environ
[2025-03-13 21:53:04Z WARN JobExtension] Ignore exception during read process environment variables: Access to the path '/proc/2242106/environ' is denied.
[2025-03-13 21:53:04Z INFO JobExtension] Inspecting process environment variables. PID: 2242107 (systemd-udevd)
[2025-03-13 21:53:04Z INFO LinuxProcessExtensions] Read env from /proc/2242107/environ
[2025-03-13 21:53:04Z WARN JobExtension] Ignore exception during read process environment variables: Access to the path '/proc/2242107/environ' is denied.
[2025-03-13 21:53:04Z INFO JobExtension] Inspecting process environment variables. PID: 2242108 (systemd-udevd)
[2025-03-13 21:53:04Z INFO LinuxProcessExtensions] Read env from /proc/2242108/environ
[2025-03-13 21:53:04Z WARN JobExtension] Ignore exception during read process environment variables: Access to the path '/proc/2242108/environ' is denied.
[2025-03-13 21:53:04Z INFO JobExtension] Inspecting process environment variables. PID: 2242109 (systemd-udevd)
[2025-03-13 21:53:04Z INFO LinuxProcessExtensions] Read env from /proc/2242109/environ
[2025-03-13 21:53:04Z WARN JobExtension] Ignore exception during read process environment variables: Access to the path '/proc/2242109/environ' is denied.
[2025-03-13 21:53:04Z INFO JobExtension] Inspecting process environment variables. PID: 2242110 (systemd-udevd)
[2025-03-13 21:53:04Z INFO LinuxProcessExtensions] Read env from /proc/2242110/environ
[2025-03-13 21:53:04Z WARN JobExtension] Ignore exception during read process environment variables: Access to the path '/proc/2242110/environ' is denied.
[2025-03-13 21:53:04Z INFO JobExtension] Inspecting process environment variables. PID: 2242111 (systemd-udevd)
[2025-03-13 21:53:04Z INFO LinuxProcessExtensions] Read env from /proc/2242111/environ
[2025-03-13 21:53:04Z WARN JobExtension] Ignore exception during read process environment variables: Access to the path '/proc/2242111/environ' is denied.
[2025-03-13 21:53:04Z INFO JobExtension] Inspecting process environment variables. PID: 2242112 (systemd-udevd)
[2025-03-13 21:53:04Z INFO LinuxProcessExtensions] Read env from /proc/2242112/environ
[2025-03-13 21:53:04Z WARN JobExtension] Ignore exception during read process environment variables: Access to the path '/proc/2242112/environ' is denied.
[2025-03-13 21:53:04Z INFO JobExtension] Inspecting process environment variables. PID: 2242113 (systemd-udevd)
[2025-03-13 21:53:04Z INFO LinuxProcessExtensions] Read env from /proc/2242113/environ
[2025-03-13 21:53:04Z WARN JobExtension] Ignore exception during read process environment variables: Access to the path '/proc/2242113/environ' is denied.
[2025-03-13 21:53:04Z INFO JobExtension] Inspecting process environment variables. PID: 2242114 (systemd-udevd)
[2025-03-13 21:53:04Z INFO LinuxProcessExtensions] Read env from /proc/2242114/environ
[2025-03-13 21:53:04Z WARN JobExtension] Ignore exception during read process environment variables: Access to the path '/proc/2242114/environ' is denied.
[2025-03-13 21:53:04Z INFO JobExtension] Inspecting process environment variables. PID: 2242115 (systemd-udevd)
[2025-03-13 21:53:04Z INFO LinuxProcessExtensions] Read env from /proc/2242115/environ
[2025-03-13 21:53:04Z WARN JobExtension] Ignore exception during read process environment variables: Access to the path '/proc/2242115/environ' is denied.
[2025-03-13 21:53:04Z INFO JobExtension] Inspecting process environment variables. PID: 2242116 (systemd-udevd)
[2025-03-13 21:53:04Z INFO LinuxProcessExtensions] Read env from /proc/2242116/environ
[2025-03-13 21:53:04Z WARN JobExtension] Ignore exception during read process environment variables: Access to the path '/proc/2242116/environ' is denied.
[2025-03-13 21:53:04Z INFO JobExtension] Inspecting process environment variables. PID: 2242117 (systemd-udevd)
[2025-03-13 21:53:04Z INFO LinuxProcessExtensions] Read env from /proc/2242117/environ
[2025-03-13 21:53:04Z WARN JobExtension] Ignore exception during read process environment variables: Access to the path '/proc/2242117/environ' is denied.
[2025-03-13 21:53:04Z INFO JobExtension] Inspecting process environment variables. PID: 2242118 (systemd-udevd)
[2025-03-13 21:53:04Z INFO LinuxProcessExtensions] Read env from /proc/2242118/environ
[2025-03-13 21:53:04Z WARN JobExtension] Ignore exception during read process environment variables: Access to the path '/proc/2242118/environ' is denied.
[2025-03-13 21:53:04Z INFO JobExtension] Inspecting process environment variables. PID: 2242119 (systemd-udevd)
[2025-03-13 21:53:04Z INFO LinuxProcessExtensions] Read env from /proc/2242119/environ
[2025-03-13 21:53:04Z WARN JobExtension] Ignore exception during read process environment variables: Access to the path '/proc/2242119/environ' is denied.
[2025-03-13 21:53:04Z INFO JobExtension] Inspecting process environment variables. PID: 2242120 (systemd-udevd)
[2025-03-13 21:53:04Z INFO LinuxProcessExtensions] Read env from /proc/2242120/environ
[2025-03-13 21:53:04Z WARN JobExtension] Ignore exception during read process environment variables: Access to the path '/proc/2242120/environ' is denied.
[2025-03-13 21:53:04Z INFO JobExtension] Inspecting process environment variables. PID: 2242121 (systemd-udevd)
[2025-03-13 21:53:04Z INFO LinuxProcessExtensions] Read env from /proc/2242121/environ
[2025-03-13 21:53:04Z WARN JobExtension] Ignore exception during read process environment variables: Access to the path '/proc/2242121/environ' is denied.
[2025-03-13 21:53:04Z INFO JobExtension] Inspecting process environment variables. PID: 2242122 (systemd-udevd)
[2025-03-13 21:53:04Z INFO LinuxProcessExtensions] Read env from /proc/2242122/environ
[2025-03-13 21:53:04Z WARN JobExtension] Ignore exception during read process environment variables: Access to the path '/proc/2242122/environ' is denied.
[2025-03-13 21:53:04Z INFO JobExtension] Inspecting process environment variables. PID: 2242123 (systemd-udevd)
[2025-03-13 21:53:04Z INFO LinuxProcessExtensions] Read env from /proc/2242123/environ
[2025-03-13 21:53:04Z WARN JobExtension] Ignore exception during read process environment variables: Access to the path '/proc/2242123/environ' is denied.
[2025-03-13 21:53:04Z INFO JobExtension] Inspecting process environment variables. PID: 2242124 (systemd-udevd)
[2025-03-13 21:53:04Z INFO LinuxProcessExtensions] Read env from /proc/2242124/environ
[2025-03-13 21:53:04Z WARN JobExtension] Ignore exception during read process environment variables: Access to the path '/proc/2242124/environ' is denied.
[2025-03-13 21:53:04Z INFO JobExtension] Inspecting process environment variables. PID: 2242125 (systemd-udevd)
[2025-03-13 21:53:04Z INFO LinuxProcessExtensions] Read env from /proc/2242125/environ
[2025-03-13 21:53:04Z WARN JobExtension] Ignore exception during read process environment variables: Access to the path '/proc/2242125/environ' is denied.
[2025-03-13 21:53:04Z INFO JobExtension] Inspecting process environment variables. PID: 2242126 (systemd-udevd)
[2025-03-13 21:53:04Z INFO LinuxProcessExtensions] Read env from /proc/2242126/environ
[2025-03-13 21:53:04Z WARN JobExtension] Ignore exception during read process environment variables: Access to the path '/proc/2242126/environ' is denied.
[2025-03-13 21:53:04Z INFO JobExtension] Inspecting process environment variables. PID: 2242127 (systemd-udevd)
[2025-03-13 21:53:04Z INFO LinuxProcessExtensions] Read env from /proc/2242127/environ
[2025-03-13 21:53:04Z WARN JobExtension] Ignore exception during read process environment variables: Access to the path '/proc/2242127/environ' is denied.
[2025-03-13 21:53:04Z INFO JobExtension] Inspecting process environment variables. PID: 2242128 (systemd-udevd)
[2025-03-13 21:53:04Z INFO LinuxProcessExtensions] Read env from /proc/2242128/environ
[2025-03-13 21:53:04Z WARN JobExtension] Ignore exception during read process environment variables: Access to the path '/proc/2242128/environ' is denied.
[2025-03-13 21:53:04Z INFO JobExtension] Inspecting process environment variables. PID: 2242129 (systemd-udevd)
[2025-03-13 21:53:04Z INFO LinuxProcessExtensions] Read env from /proc/2242129/environ
[2025-03-13 21:53:04Z WARN JobExtension] Ignore exception during read process environment variables: Access to the path '/proc/2242129/environ' is denied.
[2025-03-13 21:53:04Z INFO JobExtension] Inspecting process environment variables. PID: 2242130 (systemd-udevd)
[2025-03-13 21:53:04Z INFO LinuxProcessExtensions] Read env from /proc/2242130/environ
[2025-03-13 21:53:04Z WARN JobExtension] Ignore exception during read process environment variables: Access to the path '/proc/2242130/environ' is denied.
[2025-03-13 21:53:04Z INFO JobExtension] Inspecting process environment variables. PID: 2242131 (systemd-udevd)
[2025-03-13 21:53:04Z INFO LinuxProcessExtensions] Read env from /proc/2242131/environ
[2025-03-13 21:53:04Z WARN JobExtension] Ignore exception during read process environment variables: Access to the path '/proc/2242131/environ' is denied.
[2025-03-13 21:53:04Z INFO JobExtension] Inspecting process environment variables. PID: 2242132 (systemd-udevd)
[2025-03-13 21:53:04Z INFO LinuxProcessExtensions] Read env from /proc/2242132/environ
[2025-03-13 21:53:04Z WARN JobExtension] Ignore exception during read process environment variables: Access to the path '/proc/2242132/environ' is denied.
[2025-03-13 21:53:04Z INFO JobExtension] Inspecting process environment variables. PID: 2242133 (systemd-udevd)
[2025-03-13 21:53:04Z INFO LinuxProcessExtensions] Read env from /proc/2242133/environ
[2025-03-13 21:53:04Z WARN JobExtension] Ignore exception during read process environment variables: Access to the path '/proc/2242133/environ' is denied.
[2025-03-13 21:53:04Z INFO JobExtension] Inspecting process environment variables. PID: 2242134 (systemd-udevd)
[2025-03-13 21:53:04Z INFO LinuxProcessExtensions] Read env from /proc/2242134/environ
[2025-03-13 21:53:04Z WARN JobExtension] Ignore exception during read process environment variables: Access to the path '/proc/2242134/environ' is denied.
[2025-03-13 21:53:04Z INFO JobExtension] Inspecting process environment variables. PID: 2242135 (systemd-udevd)
[2025-03-13 21:53:04Z INFO LinuxProcessExtensions] Read env from /proc/2242135/environ
[2025-03-13 21:53:04Z WARN JobExtension] Ignore exception during read process environment variables: Access to the path '/proc/2242135/environ' is denied.
[2025-03-13 21:53:04Z INFO JobExtension] Inspecting process environment variables. PID: 2242136 (systemd-udevd)
[2025-03-13 21:53:04Z INFO LinuxProcessExtensions] Read env from /proc/2242136/environ
[2025-03-13 21:53:04Z WARN JobExtension] Ignore exception during read process environment variables: Access to the path '/proc/2242136/environ' is denied.
[2025-03-13 21:53:04Z INFO JobExtension] Inspecting process environment variables. PID: 2242137 (systemd-udevd)
[2025-03-13 21:53:04Z INFO LinuxProcessExtensions] Read env from /proc/2242137/environ
[2025-03-13 21:53:04Z WARN JobExtension] Ignore exception during read process environment variables: Access to the path '/proc/2242137/environ' is denied.
[2025-03-13 21:53:04Z INFO JobExtension] Inspecting process environment variables. PID: 2242138 (systemd-udevd)
[2025-03-13 21:53:04Z INFO LinuxProcessExtensions] Read env from /proc/2242138/environ
[2025-03-13 21:53:04Z WARN JobExtension] Ignore exception during read process environment variables: Access to the path '/proc/2242138/environ' is denied.
[2025-03-13 21:53:04Z INFO JobExtension] Inspecting process environment variables. PID: 2242139 (systemd-udevd)
[2025-03-13 21:53:04Z INFO LinuxProcessExtensions] Read env from /proc/2242139/environ
[2025-03-13 21:53:04Z WARN JobExtension] Ignore exception during read process environment variables: Access to the path '/proc/2242139/environ' is denied.
[2025-03-13 21:53:04Z INFO JobExtension] Inspecting process environment variables. PID: 2242140 (systemd-udevd)
[2025-03-13 21:53:04Z INFO LinuxProcessExtensions] Read env from /proc/2242140/environ
[2025-03-13 21:53:04Z WARN JobExtension] Ignore exception during read process environment variables: Access to the path '/proc/2242140/environ' is denied.
[2025-03-13 21:53:04Z INFO JobExtension] Inspecting process environment variables. PID: 2242141 (systemd-udevd)
[2025-03-13 21:53:04Z INFO LinuxProcessExtensions] Read env from /proc/2242141/environ
[2025-03-13 21:53:04Z WARN JobExtension] Ignore exception during read process environment variables: Access to the path '/proc/2242141/environ' is denied.
[2025-03-13 21:53:04Z INFO JobExtension] Inspecting process environment variables. PID: 2242142 (systemd-udevd)
[2025-03-13 21:53:04Z INFO LinuxProcessExtensions] Read env from /proc/2242142/environ
[2025-03-13 21:53:04Z WARN JobExtension] Ignore exception during read process environment variables: Access to the path '/proc/2242142/environ' is denied.
[2025-03-13 21:53:04Z INFO JobExtension] Inspecting process environment variables. PID: 2242143 (systemd-udevd)
[2025-03-13 21:53:04Z INFO LinuxProcessExtensions] Read env from /proc/2242143/environ
[2025-03-13 21:53:04Z WARN JobExtension] Ignore exception during read process environment variables: Access to the path '/proc/2242143/environ' is denied.
[2025-03-13 21:53:04Z INFO JobExtension] Inspecting process environment variables. PID: 2242144 (systemd-udevd)
[2025-03-13 21:53:04Z INFO LinuxProcessExtensions] Read env from /proc/2242144/environ
[2025-03-13 21:53:04Z WARN JobExtension] Ignore exception during read process environment variables: Access to the path '/proc/2242144/environ' is denied.
[2025-03-13 21:53:04Z INFO JobExtension] Inspecting process environment variables. PID: 2242145 (systemd-udevd)
[2025-03-13 21:53:04Z INFO LinuxProcessExtensions] Read env from /proc/2242145/environ
[2025-03-13 21:53:04Z WARN JobExtension] Ignore exception during read process environment variables: Access to the path '/proc/2242145/environ' is denied.
[2025-03-13 21:53:04Z INFO JobExtension] Inspecting process environment variables. PID: 2242146 (systemd-udevd)
[2025-03-13 21:53:04Z INFO LinuxProcessExtensions] Read env from /proc/2242146/environ
[2025-03-13 21:53:04Z WARN JobExtension] Ignore exception during read process environment variables: Access to the path '/proc/2242146/environ' is denied.
[2025-03-13 21:53:04Z INFO JobExtension] Inspecting process environment variables. PID: 2242147 (systemd-udevd)
[2025-03-13 21:53:04Z INFO LinuxProcessExtensions] Read env from /proc/2242147/environ
[2025-03-13 21:53:04Z WARN JobExtension] Ignore exception during read process environment variables: Access to the path '/proc/2242147/environ' is denied.
[2025-03-13 21:53:04Z INFO JobExtension] Inspecting process environment variables. PID: 2242148 (systemd-udevd)
[2025-03-13 21:53:04Z INFO LinuxProcessExtensions] Read env from /proc/2242148/environ
[2025-03-13 21:53:04Z WARN JobExtension] Ignore exception during read process environment variables: Access to the path '/proc/2242148/environ' is denied.
[2025-03-13 21:53:04Z INFO JobExtension] Inspecting process environment variables. PID: 2242149 (systemd-udevd)
[2025-03-13 21:53:04Z INFO LinuxProcessExtensions] Read env from /proc/2242149/environ
[2025-03-13 21:53:04Z WARN JobExtension] Ignore exception during read process environment variables: Access to the path '/proc/2242149/environ' is denied.
[2025-03-13 21:53:04Z INFO JobExtension] Inspecting process environment variables. PID: 2242150 (systemd-udevd)
[2025-03-13 21:53:04Z INFO LinuxProcessExtensions] Read env from /proc/2242150/environ
[2025-03-13 21:53:04Z WARN JobExtension] Ignore exception during read process environment variables: Access to the path '/proc/2242150/environ' is denied.
[2025-03-13 21:53:04Z INFO JobExtension] Inspecting process environment variables. PID: 2242151 (systemd-udevd)
[2025-03-13 21:53:04Z INFO LinuxProcessExtensions] Read env from /proc/2242151/environ
[2025-03-13 21:53:04Z WARN JobExtension] Ignore exception during read process environment variables: Access to the path '/proc/2242151/environ' is denied.
[2025-03-13 21:53:04Z INFO JobExtension] Inspecting process environment variables. PID: 2242152 (systemd-udevd)
[2025-03-13 21:53:04Z INFO LinuxProcessExtensions] Read env from /proc/2242152/environ
[2025-03-13 21:53:04Z WARN JobExtension] Ignore exception during read process environment variables: Access to the path '/proc/2242152/environ' is denied.
[2025-03-13 21:53:04Z INFO JobExtension] Inspecting process environment variables. PID: 2242153 (systemd-udevd)
[2025-03-13 21:53:04Z INFO LinuxProcessExtensions] Read env from /proc/2242153/environ
[2025-03-13 21:53:04Z WARN JobExtension] Ignore exception during read process environment variables: Access to the path '/proc/2242153/environ' is denied.
[2025-03-13 21:53:04Z INFO JobExtension] Inspecting process environment variables. PID: 2242154 (systemd-udevd)
[2025-03-13 21:53:04Z INFO LinuxProcessExtensions] Read env from /proc/2242154/environ
[2025-03-13 21:53:04Z WARN JobExtension] Ignore exception during read process environment variables: Access to the path '/proc/2242154/environ' is denied.
[2025-03-13 21:53:04Z INFO JobExtension] Inspecting process environment variables. PID: 2242155 (systemd-udevd)
[2025-03-13 21:53:04Z INFO LinuxProcessExtensions] Read env from /proc/2242155/environ
[2025-03-13 21:53:04Z WARN JobExtension] Ignore exception during read process environment variables: Access to the path '/proc/2242155/environ' is denied.
[2025-03-13 21:53:04Z INFO JobExtension] Inspecting process environment variables. PID: 2242156 (systemd-udevd)
[2025-03-13 21:53:04Z INFO LinuxProcessExtensions] Read env from /proc/2242156/environ
[2025-03-13 21:53:04Z WARN JobExtension] Ignore exception during read process environment variables: Access to the path '/proc/2242156/environ' is denied.
[2025-03-13 21:53:04Z INFO JobExtension] Inspecting process environment variables. PID: 2242157 (systemd-udevd)
[2025-03-13 21:53:04Z INFO LinuxProcessExtensions] Read env from /proc/2242157/environ
[2025-03-13 21:53:04Z WARN JobExtension] Ignore exception during read process environment variables: Access to the path '/proc/2242157/environ' is denied.
[2025-03-13 21:53:04Z INFO JobExtension] Inspecting process environment variables. PID: 2242158 (systemd-udevd)
[2025-03-13 21:53:04Z INFO LinuxProcessExtensions] Read env from /proc/2242158/environ
[2025-03-13 21:53:04Z WARN JobExtension] Ignore exception during read process environment variables: Access to the path '/proc/2242158/environ' is denied.
[2025-03-13 21:53:04Z INFO JobExtension] Inspecting process environment variables. PID: 2242159 (systemd-udevd)
[2025-03-13 21:53:04Z INFO LinuxProcessExtensions] Read env from /proc/2242159/environ
[2025-03-13 21:53:04Z WARN JobExtension] Ignore exception during read process environment variables: Access to the path '/proc/2242159/environ' is denied.
[2025-03-13 21:53:04Z INFO JobExtension] Inspecting process environment variables. PID: 2242160 (systemd-udevd)
[2025-03-13 21:53:04Z INFO LinuxProcessExtensions] Read env from /proc/2242160/environ
[2025-03-13 21:53:04Z WARN JobExtension] Ignore exception during read process environment variables: Access to the path '/proc/2242160/environ' is denied.
[2025-03-13 21:53:04Z INFO JobExtension] Inspecting process environment variables. PID: 2242161 (systemd-udevd)
[2025-03-13 21:53:04Z INFO LinuxProcessExtensions] Read env from /proc/2242161/environ
[2025-03-13 21:53:04Z WARN JobExtension] Ignore exception during read process environment variables: Access to the path '/proc/2242161/environ' is denied.
[2025-03-13 21:53:04Z INFO JobExtension] Inspecting process environment variables. PID: 2242162 (systemd-udevd)
[2025-03-13 21:53:04Z INFO LinuxProcessExtensions] Read env from /proc/2242162/environ
[2025-03-13 21:53:04Z WARN JobExtension] Ignore exception during read process environment variables: Access to the path '/proc/2242162/environ' is denied.
[2025-03-13 21:53:04Z INFO JobExtension] Inspecting process environment variables. PID: 2242163 (systemd-udevd)
[2025-03-13 21:53:04Z INFO LinuxProcessExtensions] Read env from /proc/2242163/environ
[2025-03-13 21:53:04Z WARN JobExtension] Ignore exception during read process environment variables: Access to the path '/proc/2242163/environ' is denied.
[2025-03-13 21:53:04Z INFO JobExtension] Inspecting process environment variables. PID: 2242164 (systemd-udevd)
[2025-03-13 21:53:04Z INFO LinuxProcessExtensions] Read env from /proc/2242164/environ
[2025-03-13 21:53:04Z WARN JobExtension] Ignore exception during read process environment variables: Access to the path '/proc/2242164/environ' is denied.
[2025-03-13 21:53:04Z INFO JobExtension] Inspecting process environment variables. PID: 2242165 (systemd-udevd)
[2025-03-13 21:53:04Z INFO LinuxProcessExtensions] Read env from /proc/2242165/environ
[2025-03-13 21:53:04Z WARN JobExtension] Ignore exception during read process environment variables: Access to the path '/proc/2242165/environ' is denied.
[2025-03-13 21:53:04Z INFO JobExtension] Inspecting process environment variables. PID: 2242166 (systemd-udevd)
[2025-03-13 21:53:04Z INFO LinuxProcessExtensions] Read env from /proc/2242166/environ
[2025-03-13 21:53:04Z WARN JobExtension] Ignore exception during read process environment variables: Access to the path '/proc/2242166/environ' is denied.
[2025-03-13 21:53:04Z INFO JobExtension] Inspecting process environment variables. PID: 2242167 (systemd-udevd)
[2025-03-13 21:53:04Z INFO LinuxProcessExtensions] Read env from /proc/2242167/environ
[2025-03-13 21:53:04Z WARN JobExtension] Ignore exception during read process environment variables: Access to the path '/proc/2242167/environ' is denied.
[2025-03-13 21:53:04Z INFO JobExtension] Inspecting process environment variables. PID: 2242168 (systemd-udevd)
[2025-03-13 21:53:04Z INFO LinuxProcessExtensions] Read env from /proc/2242168/environ
[2025-03-13 21:53:04Z WARN JobExtension] Ignore exception during read process environment variables: Access to the path '/proc/2242168/environ' is denied.
[2025-03-13 21:53:04Z INFO JobExtension] Inspecting process environment variables. PID: 2242169 (systemd-udevd)
[2025-03-13 21:53:04Z INFO LinuxProcessExtensions] Read env from /proc/2242169/environ
[2025-03-13 21:53:04Z WARN JobExtension] Ignore exception during read process environment variables: Access to the path '/proc/2242169/environ' is denied.
[2025-03-13 21:53:04Z INFO JobExtension] Inspecting process environment variables. PID: 2242170 (systemd-udevd)
[2025-03-13 21:53:04Z INFO LinuxProcessExtensions] Read env from /proc/2242170/environ
[2025-03-13 21:53:04Z WARN JobExtension] Ignore exception during read process environment variables: Access to the path '/proc/2242170/environ' is denied.
[2025-03-13 21:53:04Z INFO JobExtension] Inspecting process environment variables. PID: 2242171 (systemd-udevd)
[2025-03-13 21:53:04Z INFO LinuxProcessExtensions] Read env from /proc/2242171/environ
[2025-03-13 21:53:04Z WARN JobExtension] Ignore exception during read process environment variables: Access to the path '/proc/2242171/environ' is denied.
[2025-03-13 21:53:04Z INFO JobExtension] Inspecting process environment variables. PID: 2242172 (systemd-udevd)
[2025-03-13 21:53:04Z INFO LinuxProcessExtensions] Read env from /proc/2242172/environ
[2025-03-13 21:53:04Z WARN JobExtension] Ignore exception during read process environment variables: Access to the path '/proc/2242172/environ' is denied.
[2025-03-13 21:53:04Z INFO JobExtension] Inspecting process environment variables. PID: 2242173 (systemd-udevd)
[2025-03-13 21:53:04Z INFO LinuxProcessExtensions] Read env from /proc/2242173/environ
[2025-03-13 21:53:04Z WARN JobExtension] Ignore exception during read process environment variables: Access to the path '/proc/2242173/environ' is denied.
[2025-03-13 21:53:04Z INFO JobExtension] Inspecting process environment variables. PID: 2242174 (systemd-udevd)
[2025-03-13 21:53:04Z INFO LinuxProcessExtensions] Read env from /proc/2242174/environ
[2025-03-13 21:53:04Z WARN JobExtension] Ignore exception during read process environment variables: Access to the path '/proc/2242174/environ' is denied.
[2025-03-13 21:53:04Z INFO JobExtension] Inspecting process environment variables. PID: 2242175 (systemd-udevd)
[2025-03-13 21:53:04Z INFO LinuxProcessExtensions] Read env from /proc/2242175/environ
[2025-03-13 21:53:04Z WARN JobExtension] Ignore exception during read process environment variables: Access to the path '/proc/2242175/environ' is denied.
[2025-03-13 21:53:04Z INFO JobExtension] Inspecting process environment variables. PID: 2242176 (systemd-udevd)
[2025-03-13 21:53:04Z INFO LinuxProcessExtensions] Read env from /proc/2242176/environ
[2025-03-13 21:53:04Z WARN JobExtension] Ignore exception during read process environment variables: Access to the path '/proc/2242176/environ' is denied.
[2025-03-13 21:53:04Z INFO JobExtension] Inspecting process environment variables. PID: 2242177 (systemd-udevd)
[2025-03-13 21:53:04Z INFO LinuxProcessExtensions] Read env from /proc/2242177/environ
[2025-03-13 21:53:04Z WARN JobExtension] Ignore exception during read process environment variables: Access to the path '/proc/2242177/environ' is denied.
[2025-03-13 21:53:04Z INFO JobExtension] Inspecting process environment variables. PID: 2242178 (systemd-udevd)
[2025-03-13 21:53:04Z INFO LinuxProcessExtensions] Read env from /proc/2242178/environ
[2025-03-13 21:53:04Z WARN JobExtension] Ignore exception during read process environment variables: Access to the path '/proc/2242178/environ' is denied.
[2025-03-13 21:53:04Z INFO JobExtension] Inspecting process environment variables. PID: 2242204 (kworker/9:1-rcu_par_gp)
[2025-03-13 21:53:04Z INFO LinuxProcessExtensions] Read env from /proc/2242204/environ
[2025-03-13 21:53:04Z WARN JobExtension] Ignore exception during read process environment variables: Access to the path '/proc/2242204/environ' is denied.
[2025-03-13 21:53:04Z INFO JobExtension] Inspecting process environment variables. PID: 2242293 (kworker/0:2)
[2025-03-13 21:53:04Z INFO LinuxProcessExtensions] Read env from /proc/2242293/environ
[2025-03-13 21:53:04Z WARN JobExtension] Ignore exception during read process environment variables: Access to the path '/proc/2242293/environ' is denied.
[2025-03-13 21:53:04Z INFO JobExtension] Inspecting process environment variables. PID: 2242318 (kworker/8:0-events)
[2025-03-13 21:53:04Z INFO LinuxProcessExtensions] Read env from /proc/2242318/environ
[2025-03-13 21:53:04Z WARN JobExtension] Ignore exception during read process environment variables: Access to the path '/proc/2242318/environ' is denied.
[2025-03-13 21:53:04Z INFO JobExtension] Inspecting process environment variables. PID: 2242406 (sh)
[2025-03-13 21:53:04Z INFO LinuxProcessExtensions] Read env from /proc/2242406/environ
[2025-03-13 21:53:04Z INFO JobExtension] Inspecting process environment variables. PID: 2242408 (cpuUsage.sh)
[2025-03-13 21:53:04Z INFO LinuxProcessExtensions] Read env from /proc/2242408/environ
[2025-03-13 21:53:04Z INFO JobExtension] Inspecting process environment variables. PID: 2242427 (sleep)
[2025-03-13 21:53:04Z INFO LinuxProcessExtensions] Read env from /proc/2242427/environ
[2025-03-13 21:53:04Z INFO JobExtension] Inspecting process environment variables. PID: 2242545 (kworker/10:2)
[2025-03-13 21:53:04Z INFO LinuxProcessExtensions] Read env from /proc/2242545/environ
[2025-03-13 21:53:04Z WARN JobExtension] Ignore exception during read process environment variables: Access to the path '/proc/2242545/environ' is denied.
[2025-03-13 21:53:04Z INFO JobExtension] Inspecting process environment variables. PID: 2242586 (sleep)
[2025-03-13 21:53:04Z INFO LinuxProcessExtensions] Read env from /proc/2242586/environ
[2025-03-13 21:53:04Z WARN JobExtension] Ignore exception during read process environment variables: Access to the path '/proc/2242586/environ' is denied.
[2025-03-13 21:53:04Z INFO JobExtension] Inspecting process environment variables. PID: 2242690 (kworker/19:1+events)
[2025-03-13 21:53:04Z INFO LinuxProcessExtensions] Read env from /proc/2242690/environ
[2025-03-13 21:53:04Z WARN JobExtension] Ignore exception during read process environment variables: Access to the path '/proc/2242690/environ' is denied.
[2025-03-13 21:53:04Z INFO JobExtension] Inspecting process environment variables. PID: 2242692 (kworker/21:3-events)
[2025-03-13 21:53:04Z INFO LinuxProcessExtensions] Read env from /proc/2242692/environ
[2025-03-13 21:53:04Z WARN JobExtension] Ignore exception during read process environment variables: Access to the path '/proc/2242692/environ' is denied.
[2025-03-13 21:53:04Z INFO JobExtension] Inspecting process environment variables. PID: 2242708 (kworker/14:2)
[2025-03-13 21:53:04Z INFO LinuxProcessExtensions] Read env from /proc/2242708/environ
[2025-03-13 21:53:04Z WARN JobExtension] Ignore exception during read process environment variables: Access to the path '/proc/2242708/environ' is denied.
[2025-03-13 21:53:04Z INFO ExecutionContext] Publish step telemetry for current step {
  "action": "complete_job",
  "type": "runner",
  "stage": "Post",
  "stepId": "02fc6e1c-641c-401e-a55b-e195b5f55278",
  "result": "succeeded",
  "errorMessages": [],
  "executionTimeInSeconds": 1,
  "startTime": "2025-03-13T21:53:03.891524Z",
  "finishTime": "2025-03-13T21:53:04.0754562Z"
}.
[2025-03-13 21:53:04Z INFO JobRunner] Job result after all job steps finish: Failed
[2025-03-13 21:53:04Z INFO JobRunner] Completing the job execution context.
[2025-03-13 21:53:04Z INFO JobRunner] Shutting down the job server queue.
[2025-03-13 21:53:04Z INFO JobServerQueue] Fire signal to shutdown all queues.
[2025-03-13 21:53:04Z INFO JobServerQueue] Got a step log file to send to results service.
[2025-03-13 21:53:04Z INFO JobServerQueue] Starting upload of step log file to results service ResultsLog, /home/jenny/tensorflow-mri/actions-runner/_diag/blocks/11b8a82b-824a-4f00-bdcf-7603e5737484_c27faadf-b5bc-458b-a103-60c71fe6a3c2.1
[2025-03-13 21:53:04Z INFO JobServerQueue] Got a step log file to send to results service.
[2025-03-13 21:53:04Z INFO JobServerQueue] Starting upload of step log file to results service ResultsLog, /home/jenny/tensorflow-mri/actions-runner/_diag/blocks/11b8a82b-824a-4f00-bdcf-7603e5737484_8b75c328-f2c1-4023-8cec-f4b4d5cf7092.1
[2025-03-13 21:53:04Z INFO JobServerQueue] Tried to upload 3 file(s) to results, success rate: 3/3.
[2025-03-13 21:53:05Z INFO JobServerQueue] All queue process task stopped.
[2025-03-13 21:53:05Z INFO JobServerQueue] Try to append 1 batches web console lines for record '8bf90d11-54ff-4df6-826f-2574ecbf9c2e', success rate: 1/1.
[2025-03-13 21:53:05Z INFO JobServerQueue] Try to append 1 batches web console lines for record '02fc6e1c-641c-401e-a55b-e195b5f55278', success rate: 1/1.
[2025-03-13 21:53:05Z INFO JobServerQueue] Web console line queue drained.
[2025-03-13 21:53:05Z INFO JobServerQueue] Uploading 3 files in one shot.
[2025-03-13 21:53:05Z INFO JobServerQueue] Try to upload 3 log files or attachments, success rate: 3/3.
[2025-03-13 21:53:05Z INFO JobServerQueue] File upload queue drained.
[2025-03-13 21:53:05Z INFO JobServerQueue] Starting results-based upload queue...
[2025-03-13 21:53:05Z INFO JobServerQueue] Uploading 3 file(s) in one shot through results service.
[2025-03-13 21:53:05Z INFO JobServerQueue] Got a step log file to send to results service.
[2025-03-13 21:53:05Z INFO JobServerQueue] Starting upload of step log file to results service ResultsLog, /home/jenny/tensorflow-mri/actions-runner/_diag/blocks/11b8a82b-824a-4f00-bdcf-7603e5737484_8bf90d11-54ff-4df6-826f-2574ecbf9c2e.1
[2025-03-13 21:53:06Z INFO JobServerQueue] Got a step log file to send to results service.
[2025-03-13 21:53:06Z INFO JobServerQueue] Starting upload of step log file to results service ResultsLog, /home/jenny/tensorflow-mri/actions-runner/_diag/blocks/11b8a82b-824a-4f00-bdcf-7603e5737484_02fc6e1c-641c-401e-a55b-e195b5f55278.1
[2025-03-13 21:53:06Z INFO JobServerQueue] Got a job log file to send to results service.
[2025-03-13 21:53:06Z INFO JobServerQueue] Starting upload of job log file to results service ResultsLog, /home/jenny/tensorflow-mri/actions-runner/_diag/blocks/11b8a82b-824a-4f00-bdcf-7603e5737484_442e1e75-95f2-5aa8-8360-9285fc4b943c.1
[2025-03-13 21:53:06Z INFO JobServerQueue] Tried to upload 3 file(s) to results, success rate: 3/3.
[2025-03-13 21:53:06Z INFO JobServerQueue] Results upload queue drained.
[2025-03-13 21:53:07Z INFO JobServerQueue] Timeline update queue drained.
[2025-03-13 21:53:07Z INFO JobServerQueue] Disposing job server ...
[2025-03-13 21:53:07Z INFO JobServerQueue] Disposing results server ...
[2025-03-13 21:53:07Z INFO JobServerQueue] All queue process tasks have been stopped, and all queues are drained.
[2025-03-13 21:53:07Z INFO TempDirectoryManager] Cleaning runner temp folder: /home/jenny/tensorflow-mri/actions-runner/_work/_temp
[2025-03-13 21:53:07Z INFO HostContext] Well known directory 'Bin': '/home/jenny/tensorflow-mri/actions-runner/bin'
[2025-03-13 21:53:07Z INFO HostContext] Well known directory 'Root': '/home/jenny/tensorflow-mri/actions-runner'
[2025-03-13 21:53:07Z INFO HostContext] Well known directory 'Diag': '/home/jenny/tensorflow-mri/actions-runner/_diag'
[2025-03-13 21:53:07Z INFO HostContext] Well known config file 'Telemetry': '/home/jenny/tensorflow-mri/actions-runner/_diag/.telemetry'
[2025-03-13 21:53:07Z INFO JobRunner] Raising job completed against run service
[2025-03-13 21:53:07Z INFO Worker] Job completed.
