[2025-03-19 13:44:40Z INFO HostContext] No proxy settings were found based on environmental variables (http_proxy/https_proxy/HTTP_PROXY/HTTPS_PROXY)
[2025-03-19 13:44:40Z INFO HostContext] Well known directory 'Bin': '/home/jenny/tensorflow-mri/actions-runner/bin'
[2025-03-19 13:44:40Z INFO HostContext] Well known directory 'Root': '/home/jenny/tensorflow-mri/actions-runner'
[2025-03-19 13:44:40Z INFO HostContext] Well known config file 'Credentials': '/home/jenny/tensorflow-mri/actions-runner/.credentials'
[2025-03-19 13:44:40Z INFO HostContext] Well known directory 'Bin': '/home/jenny/tensorflow-mri/actions-runner/bin'
[2025-03-19 13:44:40Z INFO HostContext] Well known directory 'Root': '/home/jenny/tensorflow-mri/actions-runner'
[2025-03-19 13:44:40Z INFO HostContext] Well known config file 'Runner': '/home/jenny/tensorflow-mri/actions-runner/.runner'
[2025-03-19 13:44:40Z INFO Worker] Version: 2.322.0
[2025-03-19 13:44:40Z INFO Worker] Commit: 0edc478ca75d0a753dcbcec7405f3f26db67b1ac
[2025-03-19 13:44:40Z INFO Worker] Culture: en-GB
[2025-03-19 13:44:40Z INFO Worker] UI Culture: en-GB
[2025-03-19 13:44:40Z INFO Worker] Waiting to receive the job message from the channel.
[2025-03-19 13:44:40Z INFO ProcessChannel] Receiving message of length 20908, with hash 'bc9c93f4b6911f94536a17080a411426fff25331e2ac6c2c0c8ffc5bae38fd29'
[2025-03-19 13:44:40Z INFO Worker] Message received.
[2025-03-19 13:44:41Z INFO Worker] Job message:
 {
  "fileTable": [
    ".github/workflows/build-package.yml"
  ],
  "mask": [
    {
      "type": "regex",
      "value": "***"
    },
    {
      "type": "regex",
      "value": "***"
    },
    {
      "type": "regex",
      "value": "***"
    },
    {
      "type": "regex",
      "value": "***"
    },
    {
      "type": "regex",
      "value": "***"
    },
    {
      "type": "regex",
      "value": "***"
    },
    {
      "type": "regex",
      "value": "***"
    },
    {
      "type": "regex",
      "value": "***"
    },
    {
      "type": "regex",
      "value": "***"
    },
    {
      "type": "regex",
      "value": "***"
    },
    {
      "type": "regex",
      "value": "***"
    },
    {
      "type": "regex",
      "value": "***"
    },
    {
      "type": "regex",
      "value": "***"
    },
    {
      "type": "regex",
      "value": "***"
    },
    {
      "type": "regex",
      "value": "***"
    },
    {
      "type": "regex",
      "value": "***"
    },
    {
      "type": "regex",
      "value": "***"
    },
    {
      "type": "regex",
      "value": "***"
    }
  ],
  "steps": [
    {
      "type": "action",
      "reference": {
        "type": "repository",
        "name": "actions/checkout",
        "ref": "v4",
        "repositoryType": "GitHub"
      },
      "displayNameToken": {
        "type": 0,
        "file": 1,
        "line": 188,
        "col": 15,
        "lit": "Checkout"
      },
      "contextName": "__actions_checkout",
      "condition": "success()",
      "id": "b2a07d72-bca3-46ad-bb5e-7786df589fe1",
      "name": "__actions_checkout"
    },
    {
      "type": "action",
      "reference": {
        "type": "repository",
        "name": "openjournals/openjournals-draft-action",
        "ref": "v.1.0",
        "repositoryType": "GitHub"
      },
      "displayNameToken": {
        "type": 0,
        "file": 1,
        "line": 192,
        "col": 15,
        "lit": "Open Journals PDF Generator"
      },
      "contextName": "__openjournals_openjournals-draft-action",
      "inputs": {
        "type": 2,
        "file": 1,
        "line": 195,
        "col": 11,
        "map": [
          {
            "key": {
              "type": 0,
              "file": 1,
              "line": 195,
              "col": 11,
              "lit": "journal"
            },
            "value": {
              "type": 0,
              "file": 1,
              "line": 195,
              "col": 20,
              "lit": "joss"
            }
          },
          {
            "key": {
              "type": 0,
              "file": 1,
              "line": 197,
              "col": 11,
              "lit": "paper-path"
            },
            "value": {
              "type": 0,
              "file": 1,
              "line": 197,
              "col": 23,
              "lit": "paper.md"
            }
          }
        ]
      },
      "condition": "success()",
      "id": "11f6d2ae-997e-43ff-a2cc-ffafa66d98cc",
      "name": "__openjournals_openjournals-draft-action"
    },
    {
      "type": "action",
      "reference": {
        "type": "repository",
        "name": "actions/upload-artifact",
        "ref": "v4",
        "repositoryType": "GitHub"
      },
      "displayNameToken": {
        "type": 0,
        "file": 1,
        "line": 198,
        "col": 15,
        "lit": "Upload"
      },
      "contextName": "__actions_upload-artifact",
      "inputs": {
        "type": 2,
        "file": 1,
        "line": 201,
        "col": 11,
        "map": [
          {
            "key": {
              "type": 0,
              "file": 1,
              "line": 201,
              "col": 11,
              "lit": "name"
            },
            "value": {
              "type": 0,
              "file": 1,
              "line": 201,
              "col": 17,
              "lit": "paper"
            }
          },
          {
            "key": {
              "type": 0,
              "file": 1,
              "line": 205,
              "col": 11,
              "lit": "path"
            },
            "value": {
              "type": 0,
              "file": 1,
              "line": 205,
              "col": 17,
              "lit": "paper.pdf"
            }
          }
        ]
      },
      "condition": "success()",
      "id": "9a80547b-938d-4a11-82ab-b4e09a4ea12e",
      "name": "__actions_upload-artifact"
    }
  ],
  "variables": {
    "Actions.EnableHttpRedirects": {
      "value": "true"
    },
    "DistributedTask.AddWarningToNode12Action": {
      "value": "true"
    },
    "DistributedTask.AddWarningToNode16Action": {
      "value": "true"
    },
    "DistributedTask.AllowRunnerContainerHooks": {
      "value": "true"
    },
    "DistributedTask.DeprecateStepOutputCommands": {
      "value": "true"
    },
    "DistributedTask.DetailUntarFailure": {
      "value": "true"
    },
    "DistributedTask.EnableCompositeActions": {
      "value": "true"
    },
    "DistributedTask.EnableJobServerQueueTelemetry": {
      "value": "true"
    },
    "DistributedTask.EnhancedAnnotations": {
      "value": "true"
    },
    "DistributedTask.ForceGithubJavascriptActionsToNode16": {
      "value": "true"
    },
    "DistributedTask.ForceGithubJavascriptActionsToNode20": {
      "value": "true"
    },
    "DistributedTask.LogTemplateErrorsAsDebugMessages": {
      "value": "true"
    },
    "DistributedTask.MarkJobAsFailedOnWorkerCrash": {
      "value": "true"
    },
    "DistributedTask.NewActionMetadata": {
      "value": "true"
    },
    "DistributedTask.UploadStepSummary": {
      "value": "true"
    },
    "DistributedTask.UseActionArchiveCache": {
      "value": "true"
    },
    "DistributedTask.UseWhich2": {
      "value": "true"
    },
    "RunService.FixEmbeddedIssues": {
      "value": "true"
    },
    "actions_skip_retry_complete_job_upon_known_errors": {
      "value": "false"
    },
    "actions_uses_cache_service_v2": {
      "value": "true"
    },
    "github_token": {
      "value": "***",
      "isSecret": true
    },
    "system.from_run_service": {
      "value": "true"
    },
    "system.github.job": {
      "value": "paper"
    },
    "system.github.launch_endpoint": {
      "value": "https://launch.actions.githubusercontent.com"
    },
    "system.github.results_endpoint": {
      "value": "https://results-receiver.actions.githubusercontent.com/"
    },
    "system.github.results_upload_with_sdk": {
      "value": "true"
    },
    "system.github.token": {
      "value": "***",
      "isSecret": true
    },
    "system.github.token.permissions": {
      "value": "{\"Actions\":\"write\",\"Attestations\":\"write\",\"Checks\":\"write\",\"Contents\":\"write\",\"Deployments\":\"write\",\"Discussions\":\"write\",\"Issues\":\"write\",\"Metadata\":\"read\",\"Models\":\"read\",\"Packages\":\"write\",\"Pages\":\"write\",\"PullRequests\":\"write\",\"RepositoryProjects\":\"write\",\"SecurityEvents\":\"write\",\"Statuses\":\"write\"}"
    },
    "system.orchestrationId": {
      "value": "b0449f54-93fc-4d57-8f9f-b37b3b557707.paper.__default"
    },
    "system.phaseDisplayName": {
      "value": "Paper Draft"
    },
    "system.runner.lowdiskspacethreshold": {
      "value": "100"
    },
    "system.runnerEnvironment": {
      "value": "self-hosted"
    }
  },
  "messageType": "RunnerJobRequest",
  "plan": {
    "scopeIdentifier": "00000000-0000-0000-0000-000000000000",
    "planType": "actions",
    "version": 0,
    "planId": "b0449f54-93fc-4d57-8f9f-b37b3b557707",
    "planGroup": null,
    "artifactUri": null,
    "artifactLocation": null,
    "definition": null,
    "owner": null
  },
  "timeline": {
    "id": "b0449f54-93fc-4d57-8f9f-b37b3b557707",
    "changeId": 0,
    "location": null
  },
  "jobId": "e29adb2e-1048-5880-a635-e6b7d362ffbf",
  "jobDisplayName": "Paper Draft",
  "jobName": "__default",
  "requestId": 0,
  "lockedUntil": "0001-01-01T00:00:00",
  "resources": {
    "endpoints": [
      {
        "data": {
          "ServerId": "",
          "ServerName": "",
          "CacheServerUrl": "https://acghubeus2.actions.githubusercontent.com/vt3bImj3043IXjYZVOBEgt9xtkc1LUzoh1ehrojRmktneQJqoL/",
          "FeedStreamUrl": "wss://results-receiver.actions.githubusercontent.com/_ws/ingest.sock",
          "ResultsServiceUrl": "https://results-receiver.actions.githubusercontent.com/",
          "PipelinesServiceUrl": "https://pipelinesghubeus25.actions.githubusercontent.com/vt3bImj3043IXjYZVOBEgt9xtkc1LUzoh1ehrojRmktneQJqoL/",
          "GenerateIdTokenUrl": ""
        },
        "name": "SystemVssConnection",
        "url": "https://run-actions-1-azure-eastus.actions.githubusercontent.com/29/",
        "authorization": {
          "parameters": {
            "AccessToken": "***"
          },
          "scheme": "OAuth"
        },
        "isShared": false,
        "isReady": true
      }
    ]
  },
  "contextData": {
    "github": {
      "t": 2,
      "d": [
        {
          "k": "ref",
          "v": "refs/heads/master"
        },
        {
          "k": "sha",
          "v": "7530b5d1c9bce2354ccc566ed4613c0ea50e631d"
        },
        {
          "k": "repository",
          "v": "mrphys/tensorflow-mri"
        },
        {
          "k": "repository_owner",
          "v": "mrphys"
        },
        {
          "k": "repository_owner_id",
          "v": "53480519"
        },
        {
          "k": "repositoryUrl",
          "v": "git://github.com/mrphys/tensorflow-mri.git"
        },
        {
          "k": "run_id",
          "v": "13948067883"
        },
        {
          "k": "run_number",
          "v": "220"
        },
        {
          "k": "retention_days",
          "v": "90"
        },
        {
          "k": "run_attempt",
          "v": "1"
        },
        {
          "k": "artifact_cache_size_limit",
          "v": "10"
        },
        {
          "k": "repository_visibility",
          "v": "public"
        },
        {
          "k": "actor_id",
          "v": "53479871"
        },
        {
          "k": "actor",
          "v": "jennifersteeden"
        },
        {
          "k": "workflow",
          "v": "build"
        },
        {
          "k": "head_ref",
          "v": ""
        },
        {
          "k": "base_ref",
          "v": ""
        },
        {
          "k": "event_name",
          "v": "push"
        },
        {
          "k": "server_url",
          "v": "https://github.com"
        },
        {
          "k": "api_url",
          "v": "https://api.github.com"
        },
        {
          "k": "graphql_url",
          "v": "https://api.github.com/graphql"
        },
        {
          "k": "ref_name",
          "v": "master"
        },
        {
          "k": "ref_protected",
          "v": true
        },
        {
          "k": "ref_type",
          "v": "branch"
        },
        {
          "k": "secret_source",
          "v": "Actions"
        },
        {
          "k": "event",
          "v": {
            "t": 2,
            "d": [
              {
                "k": "after",
                "v": "7530b5d1c9bce2354ccc566ed4613c0ea50e631d"
              },
              {
                "k": "base_ref",
                "v": null
              },
              {
                "k": "before",
                "v": "5c27b3d425c145bf762976e86aa1597acb6c1438"
              },
              {
                "k": "commits",
                "v": {
                  "t": 1,
                  "a": [
                    {
                      "t": 2,
                      "d": [
                        {
                          "k": "author",
                          "v": {
                            "t": 2,
                            "d": [
                              {
                                "k": "email",
                                "v": "jennifer.steeden@ucl.ac.uk"
                              },
                              {
                                "k": "name",
                                "v": "jennifersteeden"
                              },
                              {
                                "k": "username",
                                "v": "jennifersteeden"
                              }
                            ]
                          }
                        },
                        {
                          "k": "committer",
                          "v": {
                            "t": 2,
                            "d": [
                              {
                                "k": "email",
                                "v": "jennifer.steeden@ucl.ac.uk"
                              },
                              {
                                "k": "name",
                                "v": "jennifersteeden"
                              },
                              {
                                "k": "username",
                                "v": "jennifersteeden"
                              }
                            ]
                          }
                        },
                        {
                          "k": "distinct",
                          "v": true
                        },
                        {
                          "k": "id",
                          "v": "7530b5d1c9bce2354ccc566ed4613c0ea50e631d"
                        },
                        {
                          "k": "message",
                          "v": "test for cwd"
                        },
                        {
                          "k": "timestamp",
                          "v": "2025-03-19T13:43:59Z"
                        },
                        {
                          "k": "tree_id",
                          "v": "45a7cedf3804cf8d2cd7b8aff4f711b7ca0be096"
                        },
                        {
                          "k": "url",
                          "v": "https://github.com/mrphys/tensorflow-mri/commit/7530b5d1c9bce2354ccc566ed4613c0ea50e631d"
                        }
                      ]
                    }
                  ]
                }
              },
              {
                "k": "compare",
                "v": "https://github.com/mrphys/tensorflow-mri/compare/5c27b3d425c1...7530b5d1c9bc"
              },
              {
                "k": "created",
                "v": false
              },
              {
                "k": "deleted",
                "v": false
              },
              {
                "k": "forced",
                "v": false
              },
              {
                "k": "head_commit",
                "v": {
                  "t": 2,
                  "d": [
                    {
                      "k": "author",
                      "v": {
                        "t": 2,
                        "d": [
                          {
                            "k": "email",
                            "v": "jennifer.steeden@ucl.ac.uk"
                          },
                          {
                            "k": "name",
                            "v": "jennifersteeden"
                          },
                          {
                            "k": "username",
                            "v": "jennifersteeden"
                          }
                        ]
                      }
                    },
                    {
                      "k": "committer",
                      "v": {
                        "t": 2,
                        "d": [
                          {
                            "k": "email",
                            "v": "jennifer.steeden@ucl.ac.uk"
                          },
                          {
                            "k": "name",
                            "v": "jennifersteeden"
                          },
                          {
                            "k": "username",
                            "v": "jennifersteeden"
                          }
                        ]
                      }
                    },
                    {
                      "k": "distinct",
                      "v": true
                    },
                    {
                      "k": "id",
                      "v": "7530b5d1c9bce2354ccc566ed4613c0ea50e631d"
                    },
                    {
                      "k": "message",
                      "v": "test for cwd"
                    },
                    {
                      "k": "timestamp",
                      "v": "2025-03-19T13:43:59Z"
                    },
                    {
                      "k": "tree_id",
                      "v": "45a7cedf3804cf8d2cd7b8aff4f711b7ca0be096"
                    },
                    {
                      "k": "url",
                      "v": "https://github.com/mrphys/tensorflow-mri/commit/7530b5d1c9bce2354ccc566ed4613c0ea50e631d"
                    }
                  ]
                }
              },
              {
                "k": "organization",
                "v": {
                  "t": 2,
                  "d": [
                    {
                      "k": "avatar_url",
                      "v": "https://avatars.githubusercontent.com/u/53480519?v=4"
                    },
                    {
                      "k": "description",
                      "v": ""
                    },
                    {
                      "k": "events_url",
                      "v": "https://api.github.com/orgs/mrphys/events"
                    },
                    {
                      "k": "hooks_url",
                      "v": "https://api.github.com/orgs/mrphys/hooks"
                    },
                    {
                      "k": "id",
                      "v": 53480519.0
                    },
                    {
                      "k": "issues_url",
                      "v": "https://api.github.com/orgs/mrphys/issues"
                    },
                    {
                      "k": "login",
                      "v": "mrphys"
                    },
                    {
                      "k": "members_url",
                      "v": "https://api.github.com/orgs/mrphys/members{/member}"
                    },
                    {
                      "k": "node_id",
                      "v": "MDEyOk9yZ2FuaXphdGlvbjUzNDgwNTE5"
                    },
                    {
                      "k": "public_members_url",
                      "v": "https://api.github.com/orgs/mrphys/public_members{/member}"
                    },
                    {
                      "k": "repos_url",
                      "v": "https://api.github.com/orgs/mrphys/repos"
                    },
                    {
                      "k": "url",
                      "v": "https://api.github.com/orgs/mrphys"
                    }
                  ]
                }
              },
              {
                "k": "pusher",
                "v": {
                  "t": 2,
                  "d": [
                    {
                      "k": "email",
                      "v": "53479871+jennifersteeden@users.noreply.github.com"
                    },
                    {
                      "k": "name",
                      "v": "jennifersteeden"
                    }
                  ]
                }
              },
              {
                "k": "ref",
                "v": "refs/heads/master"
              },
              {
                "k": "repository",
                "v": {
                  "t": 2,
                  "d": [
                    {
                      "k": "allow_forking",
                      "v": true
                    },
                    {
                      "k": "archive_url",
                      "v": "https://api.github.com/repos/mrphys/tensorflow-mri/{archive_format}{/ref}"
                    },
                    {
                      "k": "archived",
                      "v": false
                    },
                    {
                      "k": "assignees_url",
                      "v": "https://api.github.com/repos/mrphys/tensorflow-mri/assignees{/user}"
                    },
                    {
                      "k": "blobs_url",
                      "v": "https://api.github.com/repos/mrphys/tensorflow-mri/git/blobs{/sha}"
                    },
                    {
                      "k": "branches_url",
                      "v": "https://api.github.com/repos/mrphys/tensorflow-mri/branches{/branch}"
                    },
                    {
                      "k": "clone_url",
                      "v": "https://github.com/mrphys/tensorflow-mri.git"
                    },
                    {
                      "k": "collaborators_url",
                      "v": "https://api.github.com/repos/mrphys/tensorflow-mri/collaborators{/collaborator}"
                    },
                    {
                      "k": "comments_url",
                      "v": "https://api.github.com/repos/mrphys/tensorflow-mri/comments{/number}"
                    },
                    {
                      "k": "commits_url",
                      "v": "https://api.github.com/repos/mrphys/tensorflow-mri/commits{/sha}"
                    },
                    {
                      "k": "compare_url",
                      "v": "https://api.github.com/repos/mrphys/tensorflow-mri/compare/{base}...{head}"
                    },
                    {
                      "k": "contents_url",
                      "v": "https://api.github.com/repos/mrphys/tensorflow-mri/contents/{+path}"
                    },
                    {
                      "k": "contributors_url",
                      "v": "https://api.github.com/repos/mrphys/tensorflow-mri/contributors"
                    },
                    {
                      "k": "created_at",
                      "v": 1626866930.0
                    },
                    {
                      "k": "custom_properties",
                      "v": {
                        "t": 2
                      }
                    },
                    {
                      "k": "default_branch",
                      "v": "master"
                    },
                    {
                      "k": "deployments_url",
                      "v": "https://api.github.com/repos/mrphys/tensorflow-mri/deployments"
                    },
                    {
                      "k": "description",
                      "v": "A Library of TensorFlow Operators for Computational MRI"
                    },
                    {
                      "k": "disabled",
                      "v": false
                    },
                    {
                      "k": "downloads_url",
                      "v": "https://api.github.com/repos/mrphys/tensorflow-mri/downloads"
                    },
                    {
                      "k": "events_url",
                      "v": "https://api.github.com/repos/mrphys/tensorflow-mri/events"
                    },
                    {
                      "k": "fork",
                      "v": false
                    },
                    {
                      "k": "forks",
                      "v": 3.0
                    },
                    {
                      "k": "forks_count",
                      "v": 3.0
                    },
                    {
                      "k": "forks_url",
                      "v": "https://api.github.com/repos/mrphys/tensorflow-mri/forks"
                    },
                    {
                      "k": "full_name",
                      "v": "mrphys/tensorflow-mri"
                    },
                    {
                      "k": "git_commits_url",
                      "v": "https://api.github.com/repos/mrphys/tensorflow-mri/git/commits{/sha}"
                    },
                    {
                      "k": "git_refs_url",
                      "v": "https://api.github.com/repos/mrphys/tensorflow-mri/git/refs{/sha}"
                    },
                    {
                      "k": "git_tags_url",
                      "v": "https://api.github.com/repos/mrphys/tensorflow-mri/git/tags{/sha}"
                    },
                    {
                      "k": "git_url",
                      "v": "git://github.com/mrphys/tensorflow-mri.git"
                    },
                    {
                      "k": "has_discussions",
                      "v": false
                    },
                    {
                      "k": "has_downloads",
                      "v": true
                    },
                    {
                      "k": "has_issues",
                      "v": true
                    },
                    {
                      "k": "has_pages",
                      "v": true
                    },
                    {
                      "k": "has_projects",
                      "v": true
                    },
                    {
                      "k": "has_wiki",
                      "v": true
                    },
                    {
                      "k": "homepage",
                      "v": "https://mrphys.github.io/tensorflow-mri/"
                    },
                    {
                      "k": "hooks_url",
                      "v": "https://api.github.com/repos/mrphys/tensorflow-mri/hooks"
                    },
                    {
                      "k": "html_url",
                      "v": "https://github.com/mrphys/tensorflow-mri"
                    },
                    {
                      "k": "id",
                      "v": 388094708.0
                    },
                    {
                      "k": "is_template",
                      "v": false
                    },
                    {
                      "k": "issue_comment_url",
                      "v": "https://api.github.com/repos/mrphys/tensorflow-mri/issues/comments{/number}"
                    },
                    {
                      "k": "issue_events_url",
                      "v": "https://api.github.com/repos/mrphys/tensorflow-mri/issues/events{/number}"
                    },
                    {
                      "k": "issues_url",
                      "v": "https://api.github.com/repos/mrphys/tensorflow-mri/issues{/number}"
                    },
                    {
                      "k": "keys_url",
                      "v": "https://api.github.com/repos/mrphys/tensorflow-mri/keys{/key_id}"
                    },
                    {
                      "k": "labels_url",
                      "v": "https://api.github.com/repos/mrphys/tensorflow-mri/labels{/name}"
                    },
                    {
                      "k": "language",
                      "v": "Jupyter Notebook"
                    },
                    {
                      "k": "languages_url",
                      "v": "https://api.github.com/repos/mrphys/tensorflow-mri/languages"
                    },
                    {
                      "k": "license",
                      "v": {
                        "t": 2,
                        "d": [
                          {
                            "k": "key",
                            "v": "apache-2.0"
                          },
                          {
                            "k": "name",
                            "v": "Apache License 2.0"
                          },
                          {
                            "k": "node_id",
                            "v": "MDc6TGljZW5zZTI="
                          },
                          {
                            "k": "spdx_id",
                            "v": "Apache-2.0"
                          },
                          {
                            "k": "url",
                            "v": "https://api.github.com/licenses/apache-2.0"
                          }
                        ]
                      }
                    },
                    {
                      "k": "master_branch",
                      "v": "master"
                    },
                    {
                      "k": "merges_url",
                      "v": "https://api.github.com/repos/mrphys/tensorflow-mri/merges"
                    },
                    {
                      "k": "milestones_url",
                      "v": "https://api.github.com/repos/mrphys/tensorflow-mri/milestones{/number}"
                    },
                    {
                      "k": "mirror_url",
                      "v": null
                    },
                    {
                      "k": "name",
                      "v": "tensorflow-mri"
                    },
                    {
                      "k": "node_id",
                      "v": "MDEwOlJlcG9zaXRvcnkzODgwOTQ3MDg="
                    },
                    {
                      "k": "notifications_url",
                      "v": "https://api.github.com/repos/mrphys/tensorflow-mri/notifications{?since,all,participating}"
                    },
                    {
                      "k": "open_issues",
                      "v": 8.0
                    },
                    {
                      "k": "open_issues_count",
                      "v": 8.0
                    },
                    {
                      "k": "organization",
                      "v": "mrphys"
                    },
                    {
                      "k": "owner",
                      "v": {
                        "t": 2,
                        "d": [
                          {
                            "k": "avatar_url",
                            "v": "https://avatars.githubusercontent.com/u/53480519?v=4"
                          },
                          {
                            "k": "email",
                            "v": null
                          },
                          {
                            "k": "events_url",
                            "v": "https://api.github.com/users/mrphys/events{/privacy}"
                          },
                          {
                            "k": "followers_url",
                            "v": "https://api.github.com/users/mrphys/followers"
                          },
                          {
                            "k": "following_url",
                            "v": "https://api.github.com/users/mrphys/following{/other_user}"
                          },
                          {
                            "k": "gists_url",
                            "v": "https://api.github.com/users/mrphys/gists{/gist_id}"
                          },
                          {
                            "k": "gravatar_id",
                            "v": ""
                          },
                          {
                            "k": "html_url",
                            "v": "https://github.com/mrphys"
                          },
                          {
                            "k": "id",
                            "v": 53480519.0
                          },
                          {
                            "k": "login",
                            "v": "mrphys"
                          },
                          {
                            "k": "name",
                            "v": "mrphys"
                          },
                          {
                            "k": "node_id",
                            "v": "MDEyOk9yZ2FuaXphdGlvbjUzNDgwNTE5"
                          },
                          {
                            "k": "organizations_url",
                            "v": "https://api.github.com/users/mrphys/orgs"
                          },
                          {
                            "k": "received_events_url",
                            "v": "https://api.github.com/users/mrphys/received_events"
                          },
                          {
                            "k": "repos_url",
                            "v": "https://api.github.com/users/mrphys/repos"
                          },
                          {
                            "k": "site_admin",
                            "v": false
                          },
                          {
                            "k": "starred_url",
                            "v": "https://api.github.com/users/mrphys/starred{/owner}{/repo}"
                          },
                          {
                            "k": "subscriptions_url",
                            "v": "https://api.github.com/users/mrphys/subscriptions"
                          },
                          {
                            "k": "type",
                            "v": "Organization"
                          },
                          {
                            "k": "url",
                            "v": "https://api.github.com/users/mrphys"
                          },
                          {
                            "k": "user_view_type",
                            "v": "public"
                          }
                        ]
                      }
                    },
                    {
                      "k": "private",
                      "v": false
                    },
                    {
                      "k": "pulls_url",
                      "v": "https://api.github.com/repos/mrphys/tensorflow-mri/pulls{/number}"
                    },
                    {
                      "k": "pushed_at",
                      "v": 1742391846.0
                    },
                    {
                      "k": "releases_url",
                      "v": "https://api.github.com/repos/mrphys/tensorflow-mri/releases{/id}"
                    },
                    {
                      "k": "size",
                      "v": 199091.0
                    },
                    {
                      "k": "ssh_url",
                      "v": "git@github.com:mrphys/tensorflow-mri.git"
                    },
                    {
                      "k": "stargazers",
                      "v": 40.0
                    },
                    {
                      "k": "stargazers_count",
                      "v": 40.0
                    },
                    {
                      "k": "stargazers_url",
                      "v": "https://api.github.com/repos/mrphys/tensorflow-mri/stargazers"
                    },
                    {
                      "k": "statuses_url",
                      "v": "https://api.github.com/repos/mrphys/tensorflow-mri/statuses/{sha}"
                    },
                    {
                      "k": "subscribers_url",
                      "v": "https://api.github.com/repos/mrphys/tensorflow-mri/subscribers"
                    },
                    {
                      "k": "subscription_url",
                      "v": "https://api.github.com/repos/mrphys/tensorflow-mri/subscription"
                    },
                    {
                      "k": "svn_url",
                      "v": "https://github.com/mrphys/tensorflow-mri"
                    },
                    {
                      "k": "tags_url",
                      "v": "https://api.github.com/repos/mrphys/tensorflow-mri/tags"
                    },
                    {
                      "k": "teams_url",
                      "v": "https://api.github.com/repos/mrphys/tensorflow-mri/teams"
                    },
                    {
                      "k": "topics",
                      "v": {
                        "t": 1,
                        "a": [
                          "machine-learning",
                          "magnetic-resonance-imaging",
                          "ml",
                          "mri",
                          "python",
                          "tensorflow"
                        ]
                      }
                    },
                    {
                      "k": "trees_url",
                      "v": "https://api.github.com/repos/mrphys/tensorflow-mri/git/trees{/sha}"
                    },
                    {
                      "k": "updated_at",
                      "v": "2025-03-13T22:04:53Z"
                    },
                    {
                      "k": "url",
                      "v": "https://github.com/mrphys/tensorflow-mri"
                    },
                    {
                      "k": "visibility",
                      "v": "public"
                    },
                    {
                      "k": "watchers",
                      "v": 40.0
                    },
                    {
                      "k": "watchers_count",
                      "v": 40.0
                    },
                    {
                      "k": "web_commit_signoff_required",
                      "v": false
                    }
                  ]
                }
              },
              {
                "k": "sender",
                "v": {
                  "t": 2,
                  "d": [
                    {
                      "k": "avatar_url",
                      "v": "https://avatars.githubusercontent.com/u/53479871?v=4"
                    },
                    {
                      "k": "events_url",
                      "v": "https://api.github.com/users/jennifersteeden/events{/privacy}"
                    },
                    {
                      "k": "followers_url",
                      "v": "https://api.github.com/users/jennifersteeden/followers"
                    },
                    {
                      "k": "following_url",
                      "v": "https://api.github.com/users/jennifersteeden/following{/other_user}"
                    },
                    {
                      "k": "gists_url",
                      "v": "https://api.github.com/users/jennifersteeden/gists{/gist_id}"
                    },
                    {
                      "k": "gravatar_id",
                      "v": ""
                    },
                    {
                      "k": "html_url",
                      "v": "https://github.com/jennifersteeden"
                    },
                    {
                      "k": "id",
                      "v": 53479871.0
                    },
                    {
                      "k": "login",
                      "v": "jennifersteeden"
                    },
                    {
                      "k": "node_id",
                      "v": "MDQ6VXNlcjUzNDc5ODcx"
                    },
                    {
                      "k": "organizations_url",
                      "v": "https://api.github.com/users/jennifersteeden/orgs"
                    },
                    {
                      "k": "received_events_url",
                      "v": "https://api.github.com/users/jennifersteeden/received_events"
                    },
                    {
                      "k": "repos_url",
                      "v": "https://api.github.com/users/jennifersteeden/repos"
                    },
                    {
                      "k": "site_admin",
                      "v": false
                    },
                    {
                      "k": "starred_url",
                      "v": "https://api.github.com/users/jennifersteeden/starred{/owner}{/repo}"
                    },
                    {
                      "k": "subscriptions_url",
                      "v": "https://api.github.com/users/jennifersteeden/subscriptions"
                    },
                    {
                      "k": "type",
                      "v": "User"
                    },
                    {
                      "k": "url",
                      "v": "https://api.github.com/users/jennifersteeden"
                    },
                    {
                      "k": "user_view_type",
                      "v": "public"
                    }
                  ]
                }
              }
            ]
          }
        },
        {
          "k": "workflow_ref",
          "v": "mrphys/tensorflow-mri/.github/workflows/build-package.yml@refs/heads/master"
        },
        {
          "k": "workflow_sha",
          "v": "7530b5d1c9bce2354ccc566ed4613c0ea50e631d"
        },
        {
          "k": "repository_id",
          "v": "388094708"
        },
        {
          "k": "triggering_actor",
          "v": "jennifersteeden"
        }
      ]
    },
    "inputs": {
      "t": 2
    },
    "matrix": null,
    "needs": {
      "t": 2
    },
    "strategy": {
      "t": 2,
      "d": [
        {
          "k": "fail-fast",
          "v": true
        },
        {
          "k": "job-index",
          "v": 0.0
        },
        {
          "k": "job-total",
          "v": 1.0
        },
        {
          "k": "max-parallel",
          "v": 1.0
        }
      ]
    },
    "vars": {
      "t": 2
    }
  }
}
[2025-03-19 13:44:41Z INFO JobRunner] Job ID e29adb2e-1048-5880-a635-e6b7d362ffbf
[2025-03-19 13:44:41Z INFO ConfigurationStore] currentAssemblyLocation: /home/jenny/tensorflow-mri/actions-runner/bin/Runner.Worker.dll
[2025-03-19 13:44:41Z INFO HostContext] Well known directory 'Bin': '/home/jenny/tensorflow-mri/actions-runner/bin'
[2025-03-19 13:44:41Z INFO ConfigurationStore] binPath: /home/jenny/tensorflow-mri/actions-runner/bin
[2025-03-19 13:44:41Z INFO HostContext] Well known directory 'Bin': '/home/jenny/tensorflow-mri/actions-runner/bin'
[2025-03-19 13:44:41Z INFO HostContext] Well known directory 'Root': '/home/jenny/tensorflow-mri/actions-runner'
[2025-03-19 13:44:41Z INFO ConfigurationStore] RootFolder: /home/jenny/tensorflow-mri/actions-runner
[2025-03-19 13:44:41Z INFO HostContext] Well known directory 'Bin': '/home/jenny/tensorflow-mri/actions-runner/bin'
[2025-03-19 13:44:41Z INFO HostContext] Well known directory 'Root': '/home/jenny/tensorflow-mri/actions-runner'
[2025-03-19 13:44:41Z INFO HostContext] Well known config file 'Runner': '/home/jenny/tensorflow-mri/actions-runner/.runner'
[2025-03-19 13:44:41Z INFO ConfigurationStore] ConfigFilePath: /home/jenny/tensorflow-mri/actions-runner/.runner
[2025-03-19 13:44:41Z INFO HostContext] Well known directory 'Bin': '/home/jenny/tensorflow-mri/actions-runner/bin'
[2025-03-19 13:44:41Z INFO HostContext] Well known directory 'Root': '/home/jenny/tensorflow-mri/actions-runner'
[2025-03-19 13:44:41Z INFO HostContext] Well known config file 'Credentials': '/home/jenny/tensorflow-mri/actions-runner/.credentials'
[2025-03-19 13:44:41Z INFO ConfigurationStore] CredFilePath: /home/jenny/tensorflow-mri/actions-runner/.credentials
[2025-03-19 13:44:41Z INFO HostContext] Well known directory 'Bin': '/home/jenny/tensorflow-mri/actions-runner/bin'
[2025-03-19 13:44:41Z INFO HostContext] Well known directory 'Root': '/home/jenny/tensorflow-mri/actions-runner'
[2025-03-19 13:44:41Z INFO HostContext] Well known config file 'MigratedCredentials': '/home/jenny/tensorflow-mri/actions-runner/.credentials_migrated'
[2025-03-19 13:44:41Z INFO ConfigurationStore] MigratedCredFilePath: /home/jenny/tensorflow-mri/actions-runner/.credentials_migrated
[2025-03-19 13:44:41Z INFO HostContext] Well known directory 'Bin': '/home/jenny/tensorflow-mri/actions-runner/bin'
[2025-03-19 13:44:41Z INFO HostContext] Well known directory 'Root': '/home/jenny/tensorflow-mri/actions-runner'
[2025-03-19 13:44:41Z INFO HostContext] Well known config file 'Service': '/home/jenny/tensorflow-mri/actions-runner/.service'
[2025-03-19 13:44:41Z INFO ConfigurationStore] ServiceConfigFilePath: /home/jenny/tensorflow-mri/actions-runner/.service
[2025-03-19 13:44:41Z INFO ConfigurationStore] Read setting file: 294 chars
[2025-03-19 13:44:41Z INFO JobRunner] Initializing launch client
[2025-03-19 13:44:41Z INFO JobServerQueue] Initializing results client
[2025-03-19 13:44:41Z INFO ResultServer] Creating websocket client ...wss://results-receiver.actions.githubusercontent.com/_ws/ingest.sock
[2025-03-19 13:44:41Z INFO ResultServer] Attempting to start websocket client with delay 00:00:00.
[2025-03-19 13:44:41Z INFO JobServerQueue] Start process web console line queue.
[2025-03-19 13:44:41Z INFO JobServerQueue] Start process file upload queue.
[2025-03-19 13:44:41Z INFO JobServerQueue] Start results file upload queue.
[2025-03-19 13:44:41Z INFO JobServerQueue] Starting results-based upload queue...
[2025-03-19 13:44:41Z INFO JobServerQueue] Start process timeline update queue.
[2025-03-19 13:44:41Z INFO ExecutionContext] Initialize GitHub context
[2025-03-19 13:44:41Z INFO ExecutionContext] Initialize Env context
[2025-03-19 13:44:41Z INFO HostContext] Well known directory 'Bin': '/home/jenny/tensorflow-mri/actions-runner/bin'
[2025-03-19 13:44:41Z INFO HostContext] Well known directory 'Root': '/home/jenny/tensorflow-mri/actions-runner'
[2025-03-19 13:44:41Z INFO HostContext] Well known directory 'Diag': '/home/jenny/tensorflow-mri/actions-runner/_diag'
[2025-03-19 13:44:41Z INFO HostContext] Well known directory 'Bin': '/home/jenny/tensorflow-mri/actions-runner/bin'
[2025-03-19 13:44:41Z INFO HostContext] Well known directory 'Root': '/home/jenny/tensorflow-mri/actions-runner'
[2025-03-19 13:44:41Z INFO HostContext] Well known directory 'Diag': '/home/jenny/tensorflow-mri/actions-runner/_diag'
[2025-03-19 13:44:41Z INFO JobRunner] Starting the job execution context.
[2025-03-19 13:44:41Z INFO HostContext] Well known directory 'Bin': '/home/jenny/tensorflow-mri/actions-runner/bin'
[2025-03-19 13:44:41Z INFO HostContext] Well known directory 'Root': '/home/jenny/tensorflow-mri/actions-runner'
[2025-03-19 13:44:41Z INFO HostContext] Well known directory 'Work': '/home/jenny/tensorflow-mri/actions-runner/_work'
[2025-03-19 13:44:41Z INFO JobRunner] Validating directory permissions for: '/home/jenny/tensorflow-mri/actions-runner/_work'
[2025-03-19 13:44:41Z INFO HostContext] Well known directory 'Bin': '/home/jenny/tensorflow-mri/actions-runner/bin'
[2025-03-19 13:44:41Z INFO HostContext] Well known directory 'Root': '/home/jenny/tensorflow-mri/actions-runner'
[2025-03-19 13:44:41Z INFO HostContext] Well known directory 'Work': '/home/jenny/tensorflow-mri/actions-runner/_work'
[2025-03-19 13:44:41Z INFO HostContext] Well known directory 'Tools': '/home/jenny/tensorflow-mri/actions-runner/_work/_tool'
[2025-03-19 13:44:41Z INFO HostContext] Well known directory 'Bin': '/home/jenny/tensorflow-mri/actions-runner/bin'
[2025-03-19 13:44:41Z INFO HostContext] Well known directory 'Root': '/home/jenny/tensorflow-mri/actions-runner'
[2025-03-19 13:44:41Z INFO HostContext] Well known directory 'Work': '/home/jenny/tensorflow-mri/actions-runner/_work'
[2025-03-19 13:44:41Z INFO HostContext] Well known directory 'Temp': '/home/jenny/tensorflow-mri/actions-runner/_work/_temp'
[2025-03-19 13:44:41Z ERR  TempDirectoryManager] System.IO.IOException: Access to the path '/home/jenny/tensorflow-mri/actions-runner/_work/_temp/_github_home/.config/matplotlib' is denied.
   at System.IO.FileSystem.RemoveEmptyDirectory(String fullPath, Boolean topLevel, Boolean throwWhenNotEmpty)
   at System.IO.DirectoryInfo.Delete()
   at GitHub.Runner.Sdk.IOUtil.DeleteDirectory(String path, Boolean contentsOnly, Boolean continueOnContentDeleteError, CancellationToken cancellationToken)
   at GitHub.Runner.Worker.TempDirectoryManager.InitializeTempDirectory(IExecutionContext jobContext)
[2025-03-19 13:44:41Z INFO JobRunner] Getting job extension.
[2025-03-19 13:44:41Z INFO JobRunner] Initialize job. Getting all job steps.
[2025-03-19 13:44:41Z INFO HostContext] Well known directory 'Bin': '/home/jenny/tensorflow-mri/actions-runner/bin'
[2025-03-19 13:44:41Z INFO HostContext] Well known directory 'Root': '/home/jenny/tensorflow-mri/actions-runner'
[2025-03-19 13:44:41Z INFO HostContext] Well known directory 'Diag': '/home/jenny/tensorflow-mri/actions-runner/_diag'
[2025-03-19 13:44:41Z INFO HostContext] Well known directory 'Bin': '/home/jenny/tensorflow-mri/actions-runner/bin'
[2025-03-19 13:44:41Z INFO HostContext] Well known directory 'Root': '/home/jenny/tensorflow-mri/actions-runner'
[2025-03-19 13:44:41Z INFO HostContext] Well known directory 'Diag': '/home/jenny/tensorflow-mri/actions-runner/_diag'
[2025-03-19 13:44:41Z INFO HostContext] Well known directory 'Bin': '/home/jenny/tensorflow-mri/actions-runner/bin'
[2025-03-19 13:44:41Z INFO HostContext] Well known directory 'Root': '/home/jenny/tensorflow-mri/actions-runner'
[2025-03-19 13:44:41Z INFO HostContext] Well known config file 'Credentials': '/home/jenny/tensorflow-mri/actions-runner/.credentials'
[2025-03-19 13:44:41Z INFO HostContext] Well known directory 'Bin': '/home/jenny/tensorflow-mri/actions-runner/bin'
[2025-03-19 13:44:41Z INFO HostContext] Well known directory 'Root': '/home/jenny/tensorflow-mri/actions-runner'
[2025-03-19 13:44:41Z INFO HostContext] Well known config file 'SetupInfo': '/home/jenny/tensorflow-mri/actions-runner/.setup_info'
[2025-03-19 13:44:41Z INFO HostContext] Well known directory 'Bin': '/home/jenny/tensorflow-mri/actions-runner/bin'
[2025-03-19 13:44:41Z INFO HostContext] Well known directory 'Root': '/home/jenny/tensorflow-mri/actions-runner'
[2025-03-19 13:44:41Z INFO HostContext] Well known directory 'Work': '/home/jenny/tensorflow-mri/actions-runner/_work'
[2025-03-19 13:44:41Z INFO PipelineDirectoryManager] Loading tracking config if exists: /home/jenny/tensorflow-mri/actions-runner/_work/_PipelineMapping/mrphys/tensorflow-mri/PipelineFolder.json
[2025-03-19 13:44:41Z INFO PipelineDirectoryManager] Updating job run properties.
[2025-03-19 13:44:41Z INFO HostContext] Well known directory 'Bin': '/home/jenny/tensorflow-mri/actions-runner/bin'
[2025-03-19 13:44:41Z INFO HostContext] Well known directory 'Root': '/home/jenny/tensorflow-mri/actions-runner'
[2025-03-19 13:44:41Z INFO HostContext] Well known directory 'Work': '/home/jenny/tensorflow-mri/actions-runner/_work'
[2025-03-19 13:44:41Z INFO HostContext] Well known directory 'Bin': '/home/jenny/tensorflow-mri/actions-runner/bin'
[2025-03-19 13:44:41Z INFO HostContext] Well known directory 'Root': '/home/jenny/tensorflow-mri/actions-runner'
[2025-03-19 13:44:41Z INFO HostContext] Well known directory 'Work': '/home/jenny/tensorflow-mri/actions-runner/_work'
[2025-03-19 13:44:41Z INFO HostContext] Well known directory 'Bin': '/home/jenny/tensorflow-mri/actions-runner/bin'
[2025-03-19 13:44:41Z INFO HostContext] Well known directory 'Root': '/home/jenny/tensorflow-mri/actions-runner'
[2025-03-19 13:44:41Z INFO HostContext] Well known directory 'Work': '/home/jenny/tensorflow-mri/actions-runner/_work'
[2025-03-19 13:44:41Z INFO JobExtension] Downloading actions
[2025-03-19 13:44:41Z INFO HostContext] Well known directory 'Bin': '/home/jenny/tensorflow-mri/actions-runner/bin'
[2025-03-19 13:44:41Z INFO HostContext] Well known directory 'Root': '/home/jenny/tensorflow-mri/actions-runner'
[2025-03-19 13:44:41Z INFO HostContext] Well known directory 'Work': '/home/jenny/tensorflow-mri/actions-runner/_work'
[2025-03-19 13:44:41Z INFO HostContext] Well known directory 'Actions': '/home/jenny/tensorflow-mri/actions-runner/_work/_actions'
[2025-03-19 13:44:41Z INFO Worker] Listening for cancel message from the channel.
[2025-03-19 13:44:41Z INFO Worker] Waiting for the job to complete or for a cancel message from the channel.
[2025-03-19 13:44:41Z INFO ResultServer] Successfully started websocket client.
[2025-03-19 13:44:41Z INFO JobServerQueue] Try to append 1 batches web console lines for record '65b3114f-125f-42dc-a0e0-d6e74d52318b', success rate: 1/1.
[2025-03-19 13:44:41Z INFO HostContext] Well known directory 'Bin': '/home/jenny/tensorflow-mri/actions-runner/bin'
[2025-03-19 13:44:41Z INFO HostContext] Well known directory 'Root': '/home/jenny/tensorflow-mri/actions-runner'
[2025-03-19 13:44:41Z INFO HostContext] Well known directory 'Work': '/home/jenny/tensorflow-mri/actions-runner/_work'
[2025-03-19 13:44:41Z INFO HostContext] Well known directory 'Actions': '/home/jenny/tensorflow-mri/actions-runner/_work/_actions'
[2025-03-19 13:44:41Z INFO HostContext] Well known directory 'Bin': '/home/jenny/tensorflow-mri/actions-runner/bin'
[2025-03-19 13:44:41Z INFO HostContext] Well known directory 'Root': '/home/jenny/tensorflow-mri/actions-runner'
[2025-03-19 13:44:41Z INFO HostContext] Well known directory 'Work': '/home/jenny/tensorflow-mri/actions-runner/_work'
[2025-03-19 13:44:41Z INFO HostContext] Well known directory 'Actions': '/home/jenny/tensorflow-mri/actions-runner/_work/_actions'
[2025-03-19 13:44:41Z INFO ActionManager] Save archive 'https://api.github.com/repos/actions/checkout/tarball/11bd71901bbe5b1630ceea73d27597364c9af683' into /home/jenny/tensorflow-mri/actions-runner/_work/_actions/_temp_43b2b00c-8e4c-4fb0-a775-5e95e80be850/eca819ad-8fe8-45d3-90c7-039f7b0d3d6b.tar.gz.
[2025-03-19 13:44:41Z INFO JobServerQueue] Job timeline record has been updated for the first time.
[2025-03-19 13:44:41Z INFO JobServerQueue] Try to append 1 batches web console lines for record '65b3114f-125f-42dc-a0e0-d6e74d52318b', success rate: 1/1.
[2025-03-19 13:44:42Z INFO ActionManager] Request URL: https://api.github.com/repos/actions/checkout/tarball/11bd71901bbe5b1630ceea73d27597364c9af683 X-GitHub-Request-Id: 9C24:461D1:4046:E441:67DACA49 Http Status: OK
[2025-03-19 13:44:42Z INFO ActionManager] Which2: 'tar'
[2025-03-19 13:44:42Z INFO ActionManager] Location: '/usr/bin/tar'
[2025-03-19 13:44:42Z INFO ProcessInvokerWrapper] Starting process:
[2025-03-19 13:44:42Z INFO ProcessInvokerWrapper]   File name: '/usr/bin/tar'
[2025-03-19 13:44:42Z INFO ProcessInvokerWrapper]   Arguments: '-xzf "/home/jenny/tensorflow-mri/actions-runner/_work/_actions/_temp_43b2b00c-8e4c-4fb0-a775-5e95e80be850/eca819ad-8fe8-45d3-90c7-039f7b0d3d6b.tar.gz"'
[2025-03-19 13:44:42Z INFO ProcessInvokerWrapper]   Working directory: '/home/jenny/tensorflow-mri/actions-runner/_work/_actions/_temp_43b2b00c-8e4c-4fb0-a775-5e95e80be850/_staging'
[2025-03-19 13:44:42Z INFO ProcessInvokerWrapper]   Require exit code zero: 'False'
[2025-03-19 13:44:42Z INFO ProcessInvokerWrapper]   Encoding web name:  ; code page: ''
[2025-03-19 13:44:42Z INFO ProcessInvokerWrapper]   Force kill process on cancellation: 'False'
[2025-03-19 13:44:42Z INFO ProcessInvokerWrapper]   Redirected STDIN: 'False'
[2025-03-19 13:44:42Z INFO ProcessInvokerWrapper]   Persist current code page: 'False'
[2025-03-19 13:44:42Z INFO ProcessInvokerWrapper]   Keep redirected STDIN open: 'False'
[2025-03-19 13:44:42Z INFO ProcessInvokerWrapper]   High priority process: 'False'
[2025-03-19 13:44:42Z INFO ProcessInvokerWrapper] Updated oom_score_adj to 500 for PID: 1873139.
[2025-03-19 13:44:42Z INFO ProcessInvokerWrapper] Process started with process id 1873139, waiting for process exit.
[2025-03-19 13:44:42Z INFO ProcessInvokerWrapper] STDOUT/STDERR stream read finished.
[2025-03-19 13:44:42Z INFO ProcessInvokerWrapper] STDOUT/STDERR stream read finished.
[2025-03-19 13:44:42Z INFO ProcessInvokerWrapper] Finished process 1873139 with exit code 0, and elapsed time 00:00:00.0195972.
[2025-03-19 13:44:42Z INFO ActionManager] Finished getting action repository.
[2025-03-19 13:44:42Z INFO HostContext] Well known directory 'Bin': '/home/jenny/tensorflow-mri/actions-runner/bin'
[2025-03-19 13:44:42Z INFO HostContext] Well known directory 'Root': '/home/jenny/tensorflow-mri/actions-runner'
[2025-03-19 13:44:42Z INFO HostContext] Well known directory 'Work': '/home/jenny/tensorflow-mri/actions-runner/_work'
[2025-03-19 13:44:42Z INFO HostContext] Well known directory 'Actions': '/home/jenny/tensorflow-mri/actions-runner/_work/_actions'
[2025-03-19 13:44:42Z INFO HostContext] Well known directory 'Bin': '/home/jenny/tensorflow-mri/actions-runner/bin'
[2025-03-19 13:44:42Z INFO HostContext] Well known directory 'Root': '/home/jenny/tensorflow-mri/actions-runner'
[2025-03-19 13:44:42Z INFO HostContext] Well known directory 'Work': '/home/jenny/tensorflow-mri/actions-runner/_work'
[2025-03-19 13:44:42Z INFO HostContext] Well known directory 'Actions': '/home/jenny/tensorflow-mri/actions-runner/_work/_actions'
[2025-03-19 13:44:42Z INFO ActionManager] Save archive 'https://api.github.com/repos/openjournals/openjournals-draft-action/tarball/a994a876f36e25076174d9ed133e01b1f1b9fcf3' into /home/jenny/tensorflow-mri/actions-runner/_work/_actions/_temp_570f0fc6-68f6-48c4-ac6f-0d9c2da7e62e/d0407e54-4fe7-4cf9-8df0-424b3e46bb6e.tar.gz.
[2025-03-19 13:44:42Z INFO JobServerQueue] Try to append 1 batches web console lines for record '65b3114f-125f-42dc-a0e0-d6e74d52318b', success rate: 1/1.
[2025-03-19 13:44:42Z INFO ActionManager] Request URL: https://api.github.com/repos/openjournals/openjournals-draft-action/tarball/a994a876f36e25076174d9ed133e01b1f1b9fcf3 X-GitHub-Request-Id: 9C30:6D20:442F:E843:67DACA4A Http Status: OK
[2025-03-19 13:44:42Z INFO ActionManager] Which2: 'tar'
[2025-03-19 13:44:42Z INFO ActionManager] Location: '/usr/bin/tar'
[2025-03-19 13:44:42Z INFO ProcessInvokerWrapper] Starting process:
[2025-03-19 13:44:42Z INFO ProcessInvokerWrapper]   File name: '/usr/bin/tar'
[2025-03-19 13:44:42Z INFO ProcessInvokerWrapper]   Arguments: '-xzf "/home/jenny/tensorflow-mri/actions-runner/_work/_actions/_temp_570f0fc6-68f6-48c4-ac6f-0d9c2da7e62e/d0407e54-4fe7-4cf9-8df0-424b3e46bb6e.tar.gz"'
[2025-03-19 13:44:42Z INFO ProcessInvokerWrapper]   Working directory: '/home/jenny/tensorflow-mri/actions-runner/_work/_actions/_temp_570f0fc6-68f6-48c4-ac6f-0d9c2da7e62e/_staging'
[2025-03-19 13:44:42Z INFO ProcessInvokerWrapper]   Require exit code zero: 'False'
[2025-03-19 13:44:42Z INFO ProcessInvokerWrapper]   Encoding web name:  ; code page: ''
[2025-03-19 13:44:42Z INFO ProcessInvokerWrapper]   Force kill process on cancellation: 'False'
[2025-03-19 13:44:42Z INFO ProcessInvokerWrapper]   Redirected STDIN: 'False'
[2025-03-19 13:44:42Z INFO ProcessInvokerWrapper]   Persist current code page: 'False'
[2025-03-19 13:44:42Z INFO ProcessInvokerWrapper]   Keep redirected STDIN open: 'False'
[2025-03-19 13:44:42Z INFO ProcessInvokerWrapper]   High priority process: 'False'
[2025-03-19 13:44:42Z INFO ProcessInvokerWrapper] Updated oom_score_adj to 500 for PID: 1873224.
[2025-03-19 13:44:42Z INFO ProcessInvokerWrapper] Process started with process id 1873224, waiting for process exit.
[2025-03-19 13:44:42Z INFO ProcessInvokerWrapper] STDOUT/STDERR stream read finished.
[2025-03-19 13:44:42Z INFO ProcessInvokerWrapper] STDOUT/STDERR stream read finished.
[2025-03-19 13:44:42Z INFO ProcessInvokerWrapper] Finished process 1873224 with exit code 0, and elapsed time 00:00:00.0023133.
[2025-03-19 13:44:42Z INFO ActionManager] Finished getting action repository.
[2025-03-19 13:44:42Z INFO HostContext] Well known directory 'Bin': '/home/jenny/tensorflow-mri/actions-runner/bin'
[2025-03-19 13:44:42Z INFO HostContext] Well known directory 'Root': '/home/jenny/tensorflow-mri/actions-runner'
[2025-03-19 13:44:42Z INFO HostContext] Well known directory 'Work': '/home/jenny/tensorflow-mri/actions-runner/_work'
[2025-03-19 13:44:42Z INFO HostContext] Well known directory 'Actions': '/home/jenny/tensorflow-mri/actions-runner/_work/_actions'
[2025-03-19 13:44:42Z INFO HostContext] Well known directory 'Bin': '/home/jenny/tensorflow-mri/actions-runner/bin'
[2025-03-19 13:44:42Z INFO HostContext] Well known directory 'Root': '/home/jenny/tensorflow-mri/actions-runner'
[2025-03-19 13:44:42Z INFO HostContext] Well known directory 'Work': '/home/jenny/tensorflow-mri/actions-runner/_work'
[2025-03-19 13:44:42Z INFO HostContext] Well known directory 'Actions': '/home/jenny/tensorflow-mri/actions-runner/_work/_actions'
[2025-03-19 13:44:42Z INFO ActionManager] Save archive 'https://api.github.com/repos/actions/upload-artifact/tarball/4cec3d8aa04e39d1a68397de0c4cd6fb9dce8ec1' into /home/jenny/tensorflow-mri/actions-runner/_work/_actions/_temp_c0862f03-d394-4ef6-a32f-f6651f5df410/9dcbfa72-4c53-4ffd-a824-15694e98abc7.tar.gz.
[2025-03-19 13:44:42Z INFO JobServerQueue] Try to append 1 batches web console lines for record '65b3114f-125f-42dc-a0e0-d6e74d52318b', success rate: 1/1.
[2025-03-19 13:44:42Z INFO ActionManager] Request URL: https://api.github.com/repos/actions/upload-artifact/tarball/4cec3d8aa04e39d1a68397de0c4cd6fb9dce8ec1 X-GitHub-Request-Id: 9C40:131C56:4243:E649:67DACA4A Http Status: OK
[2025-03-19 13:44:42Z INFO ActionManager] Which2: 'tar'
[2025-03-19 13:44:42Z INFO ActionManager] Location: '/usr/bin/tar'
[2025-03-19 13:44:42Z INFO ProcessInvokerWrapper] Starting process:
[2025-03-19 13:44:42Z INFO ProcessInvokerWrapper]   File name: '/usr/bin/tar'
[2025-03-19 13:44:42Z INFO ProcessInvokerWrapper]   Arguments: '-xzf "/home/jenny/tensorflow-mri/actions-runner/_work/_actions/_temp_c0862f03-d394-4ef6-a32f-f6651f5df410/9dcbfa72-4c53-4ffd-a824-15694e98abc7.tar.gz"'
[2025-03-19 13:44:42Z INFO ProcessInvokerWrapper]   Working directory: '/home/jenny/tensorflow-mri/actions-runner/_work/_actions/_temp_c0862f03-d394-4ef6-a32f-f6651f5df410/_staging'
[2025-03-19 13:44:42Z INFO ProcessInvokerWrapper]   Require exit code zero: 'False'
[2025-03-19 13:44:42Z INFO ProcessInvokerWrapper]   Encoding web name:  ; code page: ''
[2025-03-19 13:44:42Z INFO ProcessInvokerWrapper]   Force kill process on cancellation: 'False'
[2025-03-19 13:44:42Z INFO ProcessInvokerWrapper]   Redirected STDIN: 'False'
[2025-03-19 13:44:42Z INFO ProcessInvokerWrapper]   Persist current code page: 'False'
[2025-03-19 13:44:42Z INFO ProcessInvokerWrapper]   Keep redirected STDIN open: 'False'
[2025-03-19 13:44:42Z INFO ProcessInvokerWrapper]   High priority process: 'False'
[2025-03-19 13:44:42Z INFO ProcessInvokerWrapper] Updated oom_score_adj to 500 for PID: 1873349.
[2025-03-19 13:44:42Z INFO ProcessInvokerWrapper] Process started with process id 1873349, waiting for process exit.
[2025-03-19 13:44:43Z INFO ProcessInvokerWrapper] STDOUT/STDERR stream read finished.
[2025-03-19 13:44:43Z INFO ProcessInvokerWrapper] STDOUT/STDERR stream read finished.
[2025-03-19 13:44:43Z INFO ProcessInvokerWrapper] Finished process 1873349 with exit code 0, and elapsed time 00:00:00.0629444.
[2025-03-19 13:44:43Z INFO ActionManager] Finished getting action repository.
[2025-03-19 13:44:43Z INFO HostContext] Well known directory 'Bin': '/home/jenny/tensorflow-mri/actions-runner/bin'
[2025-03-19 13:44:43Z INFO HostContext] Well known directory 'Root': '/home/jenny/tensorflow-mri/actions-runner'
[2025-03-19 13:44:43Z INFO HostContext] Well known directory 'Work': '/home/jenny/tensorflow-mri/actions-runner/_work'
[2025-03-19 13:44:43Z INFO HostContext] Well known directory 'Actions': '/home/jenny/tensorflow-mri/actions-runner/_work/_actions'
[2025-03-19 13:44:43Z INFO ActionManifestManager] Load schema file with definitions: [
  "null",
  "boolean",
  "number",
  "string",
  "sequence",
  "mapping",
  "any",
  "action-root",
  "inputs",
  "input",
  "outputs",
  "output-definition",
  "runs",
  "container-runs",
  "container-runs-args",
  "container-runs-env",
  "node-runs",
  "plugin-runs",
  "composite-runs",
  "composite-steps",
  "composite-step",
  "run-step",
  "uses-step",
  "container-runs-context",
  "output-value",
  "input-default-context",
  "non-empty-string",
  "string-steps-context",
  "boolean-steps-context",
  "step-env",
  "step-if",
  "step-with"
]
[2025-03-19 13:44:43Z INFO HostContext] Well known directory 'Bin': '/home/jenny/tensorflow-mri/actions-runner/bin'
[2025-03-19 13:44:43Z INFO HostContext] Well known directory 'Root': '/home/jenny/tensorflow-mri/actions-runner'
[2025-03-19 13:44:43Z INFO HostContext] Well known directory 'Work': '/home/jenny/tensorflow-mri/actions-runner/_work'
[2025-03-19 13:44:43Z INFO HostContext] Well known directory 'Actions': '/home/jenny/tensorflow-mri/actions-runner/_work/_actions'
[2025-03-19 13:44:43Z INFO ActionManifestManager] Loaded action.yml file: {
  "name": "Checkout",
  "description": "Checkout a Git repository at a particular version",
  "inputs": {
    "type": 2,
    "map": [
      {
        "key": {
          "type": 0,
          "file": 2,
          "line": 4,
          "col": 3,
          "lit": "repository"
        },
        "value": {
          "type": 3,
          "file": 2,
          "line": 6,
          "col": 14,
          "expr": "github.repository"
        }
      },
      {
        "key": {
          "type": 0,
          "file": 2,
          "line": 7,
          "col": 3,
          "lit": "ref"
        },
        "value": ""
      },
      {
        "key": {
          "type": 0,
          "file": 2,
          "line": 12,
          "col": 3,
          "lit": "token"
        },
        "value": {
          "type": 3,
          "file": 2,
          "line": 24,
          "col": 14,
          "expr": "github.token"
        }
      },
      {
        "key": {
          "type": 0,
          "file": 2,
          "line": 25,
          "col": 3,
          "lit": "ssh-key"
        },
        "value": ""
      },
      {
        "key": {
          "type": 0,
          "file": 2,
          "line": 37,
          "col": 3,
          "lit": "ssh-known-hosts"
        },
        "value": ""
      },
      {
        "key": {
          "type": 0,
          "file": 2,
          "line": 42,
          "col": 3,
          "lit": "ssh-strict"
        },
        "value": {
          "type": 0,
          "file": 2,
          "line": 47,
          "col": 14,
          "lit": "true"
        }
      },
      {
        "key": {
          "type": 0,
          "file": 2,
          "line": 48,
          "col": 3,
          "lit": "ssh-user"
        },
        "value": {
          "type": 0,
          "file": 2,
          "line": 51,
          "col": 14,
          "lit": "git"
        }
      },
      {
        "key": {
          "type": 0,
          "file": 2,
          "line": 52,
          "col": 3,
          "lit": "persist-credentials"
        },
        "value": {
          "type": 0,
          "file": 2,
          "line": 54,
          "col": 14,
          "lit": "true"
        }
      },
      {
        "key": {
          "type": 0,
          "file": 2,
          "line": 55,
          "col": 3,
          "lit": "path"
        },
        "value": ""
      },
      {
        "key": {
          "type": 0,
          "file": 2,
          "line": 57,
          "col": 3,
          "lit": "clean"
        },
        "value": {
          "type": 0,
          "file": 2,
          "line": 59,
          "col": 14,
          "lit": "true"
        }
      },
      {
        "key": {
          "type": 0,
          "file": 2,
          "line": 60,
          "col": 3,
          "lit": "filter"
        },
        "value": {
          "type": 0,
          "file": 2,
          "line": 64,
          "col": 14,
          "lit": ""
        }
      },
      {
        "key": {
          "type": 0,
          "file": 2,
          "line": 65,
          "col": 3,
          "lit": "sparse-checkout"
        },
        "value": {
          "type": 0,
          "file": 2,
          "line": 69,
          "col": 14,
          "lit": ""
        }
      },
      {
        "key": {
          "type": 0,
          "file": 2,
          "line": 70,
          "col": 3,
          "lit": "sparse-checkout-cone-mode"
        },
        "value": {
          "type": 0,
          "file": 2,
          "line": 73,
          "col": 14,
          "lit": "true"
        }
      },
      {
        "key": {
          "type": 0,
          "file": 2,
          "line": 74,
          "col": 3,
          "lit": "fetch-depth"
        },
        "value": {
          "type": 0,
          "file": 2,
          "line": 76,
          "col": 14,
          "lit": "1"
        }
      },
      {
        "key": {
          "type": 0,
          "file": 2,
          "line": 77,
          "col": 3,
          "lit": "fetch-tags"
        },
        "value": {
          "type": 0,
          "file": 2,
          "line": 79,
          "col": 14,
          "lit": "false"
        }
      },
      {
        "key": {
          "type": 0,
          "file": 2,
          "line": 80,
          "col": 3,
          "lit": "show-progress"
        },
        "value": {
          "type": 0,
          "file": 2,
          "line": 82,
          "col": 14,
          "lit": "true"
        }
      },
      {
        "key": {
          "type": 0,
          "file": 2,
          "line": 83,
          "col": 3,
          "lit": "lfs"
        },
        "value": {
          "type": 0,
          "file": 2,
          "line": 85,
          "col": 14,
          "lit": "false"
        }
      },
      {
        "key": {
          "type": 0,
          "file": 2,
          "line": 86,
          "col": 3,
          "lit": "submodules"
        },
        "value": {
          "type": 0,
          "file": 2,
          "line": 94,
          "col": 14,
          "lit": "false"
        }
      },
      {
        "key": {
          "type": 0,
          "file": 2,
          "line": 95,
          "col": 3,
          "lit": "set-safe-directory"
        },
        "value": {
          "type": 0,
          "file": 2,
          "line": 97,
          "col": 14,
          "lit": "true"
        }
      },
      {
        "key": {
          "type": 0,
          "file": 2,
          "line": 98,
          "col": 3,
          "lit": "github-server-url"
        },
        "value": ""
      }
    ]
  },
  "execution": {
    "executionType": "nodeJS",
    "hasPre": false,
    "hasPost": true,
    "script": "dist/index.js",
    "pre": null,
    "post": "dist/index.js",
    "nodeVersion": "node20",
    "cleanupCondition": "always()",
    "initCondition": "always()"
  },
  "deprecated": null
}
[2025-03-19 13:44:43Z INFO ActionManager] Action node.js file: dist/index.js, no more preparation.
[2025-03-19 13:44:43Z INFO HostContext] Well known directory 'Bin': '/home/jenny/tensorflow-mri/actions-runner/bin'
[2025-03-19 13:44:43Z INFO HostContext] Well known directory 'Root': '/home/jenny/tensorflow-mri/actions-runner'
[2025-03-19 13:44:43Z INFO HostContext] Well known directory 'Work': '/home/jenny/tensorflow-mri/actions-runner/_work'
[2025-03-19 13:44:43Z INFO HostContext] Well known directory 'Actions': '/home/jenny/tensorflow-mri/actions-runner/_work/_actions'
[2025-03-19 13:44:43Z INFO ActionManager] Load action that reference repository from '/home/jenny/tensorflow-mri/actions-runner/_work/_actions/actions/checkout/v4'
[2025-03-19 13:44:43Z INFO HostContext] Well known directory 'Bin': '/home/jenny/tensorflow-mri/actions-runner/bin'
[2025-03-19 13:44:43Z INFO HostContext] Well known directory 'Root': '/home/jenny/tensorflow-mri/actions-runner'
[2025-03-19 13:44:43Z INFO HostContext] Well known directory 'Work': '/home/jenny/tensorflow-mri/actions-runner/_work'
[2025-03-19 13:44:43Z INFO HostContext] Well known directory 'Actions': '/home/jenny/tensorflow-mri/actions-runner/_work/_actions'
[2025-03-19 13:44:43Z INFO ActionManifestManager] Loaded action.yml file: {
  "name": "Checkout",
  "description": "Checkout a Git repository at a particular version",
  "inputs": {
    "type": 2,
    "map": [
      {
        "key": {
          "type": 0,
          "file": 2,
          "line": 4,
          "col": 3,
          "lit": "repository"
        },
        "value": {
          "type": 3,
          "file": 2,
          "line": 6,
          "col": 14,
          "expr": "github.repository"
        }
      },
      {
        "key": {
          "type": 0,
          "file": 2,
          "line": 7,
          "col": 3,
          "lit": "ref"
        },
        "value": ""
      },
      {
        "key": {
          "type": 0,
          "file": 2,
          "line": 12,
          "col": 3,
          "lit": "token"
        },
        "value": {
          "type": 3,
          "file": 2,
          "line": 24,
          "col": 14,
          "expr": "github.token"
        }
      },
      {
        "key": {
          "type": 0,
          "file": 2,
          "line": 25,
          "col": 3,
          "lit": "ssh-key"
        },
        "value": ""
      },
      {
        "key": {
          "type": 0,
          "file": 2,
          "line": 37,
          "col": 3,
          "lit": "ssh-known-hosts"
        },
        "value": ""
      },
      {
        "key": {
          "type": 0,
          "file": 2,
          "line": 42,
          "col": 3,
          "lit": "ssh-strict"
        },
        "value": {
          "type": 0,
          "file": 2,
          "line": 47,
          "col": 14,
          "lit": "true"
        }
      },
      {
        "key": {
          "type": 0,
          "file": 2,
          "line": 48,
          "col": 3,
          "lit": "ssh-user"
        },
        "value": {
          "type": 0,
          "file": 2,
          "line": 51,
          "col": 14,
          "lit": "git"
        }
      },
      {
        "key": {
          "type": 0,
          "file": 2,
          "line": 52,
          "col": 3,
          "lit": "persist-credentials"
        },
        "value": {
          "type": 0,
          "file": 2,
          "line": 54,
          "col": 14,
          "lit": "true"
        }
      },
      {
        "key": {
          "type": 0,
          "file": 2,
          "line": 55,
          "col": 3,
          "lit": "path"
        },
        "value": ""
      },
      {
        "key": {
          "type": 0,
          "file": 2,
          "line": 57,
          "col": 3,
          "lit": "clean"
        },
        "value": {
          "type": 0,
          "file": 2,
          "line": 59,
          "col": 14,
          "lit": "true"
        }
      },
      {
        "key": {
          "type": 0,
          "file": 2,
          "line": 60,
          "col": 3,
          "lit": "filter"
        },
        "value": {
          "type": 0,
          "file": 2,
          "line": 64,
          "col": 14,
          "lit": ""
        }
      },
      {
        "key": {
          "type": 0,
          "file": 2,
          "line": 65,
          "col": 3,
          "lit": "sparse-checkout"
        },
        "value": {
          "type": 0,
          "file": 2,
          "line": 69,
          "col": 14,
          "lit": ""
        }
      },
      {
        "key": {
          "type": 0,
          "file": 2,
          "line": 70,
          "col": 3,
          "lit": "sparse-checkout-cone-mode"
        },
        "value": {
          "type": 0,
          "file": 2,
          "line": 73,
          "col": 14,
          "lit": "true"
        }
      },
      {
        "key": {
          "type": 0,
          "file": 2,
          "line": 74,
          "col": 3,
          "lit": "fetch-depth"
        },
        "value": {
          "type": 0,
          "file": 2,
          "line": 76,
          "col": 14,
          "lit": "1"
        }
      },
      {
        "key": {
          "type": 0,
          "file": 2,
          "line": 77,
          "col": 3,
          "lit": "fetch-tags"
        },
        "value": {
          "type": 0,
          "file": 2,
          "line": 79,
          "col": 14,
          "lit": "false"
        }
      },
      {
        "key": {
          "type": 0,
          "file": 2,
          "line": 80,
          "col": 3,
          "lit": "show-progress"
        },
        "value": {
          "type": 0,
          "file": 2,
          "line": 82,
          "col": 14,
          "lit": "true"
        }
      },
      {
        "key": {
          "type": 0,
          "file": 2,
          "line": 83,
          "col": 3,
          "lit": "lfs"
        },
        "value": {
          "type": 0,
          "file": 2,
          "line": 85,
          "col": 14,
          "lit": "false"
        }
      },
      {
        "key": {
          "type": 0,
          "file": 2,
          "line": 86,
          "col": 3,
          "lit": "submodules"
        },
        "value": {
          "type": 0,
          "file": 2,
          "line": 94,
          "col": 14,
          "lit": "false"
        }
      },
      {
        "key": {
          "type": 0,
          "file": 2,
          "line": 95,
          "col": 3,
          "lit": "set-safe-directory"
        },
        "value": {
          "type": 0,
          "file": 2,
          "line": 97,
          "col": 14,
          "lit": "true"
        }
      },
      {
        "key": {
          "type": 0,
          "file": 2,
          "line": 98,
          "col": 3,
          "lit": "github-server-url"
        },
        "value": ""
      }
    ]
  },
  "execution": {
    "executionType": "nodeJS",
    "hasPre": false,
    "hasPost": true,
    "script": "dist/index.js",
    "pre": null,
    "post": "dist/index.js",
    "nodeVersion": "node20",
    "cleanupCondition": "always()",
    "initCondition": "always()"
  },
  "deprecated": null
}
[2025-03-19 13:44:43Z INFO ActionManager] Action pre node.js file: N/A.
[2025-03-19 13:44:43Z INFO ActionManager] Action node.js file: dist/index.js.
[2025-03-19 13:44:43Z INFO ActionManager] Action post node.js file: dist/index.js.
[2025-03-19 13:44:43Z INFO HostContext] Well known directory 'Bin': '/home/jenny/tensorflow-mri/actions-runner/bin'
[2025-03-19 13:44:43Z INFO HostContext] Well known directory 'Root': '/home/jenny/tensorflow-mri/actions-runner'
[2025-03-19 13:44:43Z INFO HostContext] Well known directory 'Work': '/home/jenny/tensorflow-mri/actions-runner/_work'
[2025-03-19 13:44:43Z INFO HostContext] Well known directory 'Actions': '/home/jenny/tensorflow-mri/actions-runner/_work/_actions'
[2025-03-19 13:44:43Z INFO HostContext] Well known directory 'Bin': '/home/jenny/tensorflow-mri/actions-runner/bin'
[2025-03-19 13:44:43Z INFO HostContext] Well known directory 'Root': '/home/jenny/tensorflow-mri/actions-runner'
[2025-03-19 13:44:43Z INFO HostContext] Well known directory 'Work': '/home/jenny/tensorflow-mri/actions-runner/_work'
[2025-03-19 13:44:43Z INFO HostContext] Well known directory 'Actions': '/home/jenny/tensorflow-mri/actions-runner/_work/_actions'
[2025-03-19 13:44:43Z INFO ActionManifestManager] Ignore action property branding.
[2025-03-19 13:44:43Z INFO ActionManifestManager] Loaded action.yml file: {
  "name": "Open Journals PDF Generator",
  "description": "Create a draft PDF for an Open Journals paper",
  "inputs": {
    "type": 2,
    "map": [
      {
        "key": {
          "type": 0,
          "file": 3,
          "line": 4,
          "col": 3,
          "lit": "journal"
        },
        "value": {
          "type": 0,
          "file": 3,
          "line": 7,
          "col": 14,
          "lit": "joss"
        }
      },
      {
        "key": {
          "type": 0,
          "file": 3,
          "line": 8,
          "col": 3,
          "lit": "paper-path"
        },
        "value": {
          "type": 0,
          "file": 3,
          "line": 13,
          "col": 14,
          "lit": "paper.md"
        }
      }
    ]
  },
  "execution": {
    "executionType": "container",
    "hasPre": false,
    "hasPost": false,
    "image": "docker://tarleb/paperdraft:latest",
    "entryPoint": null,
    "arguments": {
      "type": 1,
      "file": 3,
      "line": 21,
      "col": 5,
      "seq": [
        {
          "type": 3,
          "file": 3,
          "line": 21,
          "col": 7,
          "expr": "inputs.paper-path"
        }
      ]
    },
    "environment": {
      "type": 2,
      "file": 3,
      "line": 18,
      "col": 5,
      "map": [
        {
          "key": {
            "type": 0,
            "file": 3,
            "line": 18,
            "col": 5,
            "lit": "GIT_SHA"
          },
          "value": {
            "type": 0,
            "file": 3,
            "line": 18,
            "col": 14,
            "lit": "$GITHUB_SHA"
          }
        },
        {
          "key": {
            "type": 0,
            "file": 3,
            "line": 19,
            "col": 5,
            "lit": "JOURNAL"
          },
          "value": {
            "type": 3,
            "file": 3,
            "line": 19,
            "col": 14,
            "expr": "inputs.journal"
          }
        }
      ]
    },
    "pre": null,
    "post": null,
    "cleanupCondition": "always()",
    "initCondition": "always()"
  },
  "deprecated": null
}
[2025-03-19 13:44:43Z INFO ActionManager] Action __openjournals_openjournals-draft-action (11f6d2ae-997e-43ff-a2cc-ffafa66d98cc) from repository 'openjournals/openjournals-draft-action@v.1.0' needs to pull image 'tarleb/paperdraft:latest'
[2025-03-19 13:44:43Z INFO HostContext] Well known directory 'Bin': '/home/jenny/tensorflow-mri/actions-runner/bin'
[2025-03-19 13:44:43Z INFO HostContext] Well known directory 'Root': '/home/jenny/tensorflow-mri/actions-runner'
[2025-03-19 13:44:43Z INFO HostContext] Well known directory 'Work': '/home/jenny/tensorflow-mri/actions-runner/_work'
[2025-03-19 13:44:43Z INFO HostContext] Well known directory 'Actions': '/home/jenny/tensorflow-mri/actions-runner/_work/_actions'
[2025-03-19 13:44:43Z INFO ActionManager] Load action that reference repository from '/home/jenny/tensorflow-mri/actions-runner/_work/_actions/openjournals/openjournals-draft-action/v.1.0'
[2025-03-19 13:44:43Z INFO HostContext] Well known directory 'Bin': '/home/jenny/tensorflow-mri/actions-runner/bin'
[2025-03-19 13:44:43Z INFO HostContext] Well known directory 'Root': '/home/jenny/tensorflow-mri/actions-runner'
[2025-03-19 13:44:43Z INFO HostContext] Well known directory 'Work': '/home/jenny/tensorflow-mri/actions-runner/_work'
[2025-03-19 13:44:43Z INFO HostContext] Well known directory 'Actions': '/home/jenny/tensorflow-mri/actions-runner/_work/_actions'
[2025-03-19 13:44:43Z INFO ActionManifestManager] Ignore action property branding.
[2025-03-19 13:44:43Z INFO ActionManifestManager] Loaded action.yml file: {
  "name": "Open Journals PDF Generator",
  "description": "Create a draft PDF for an Open Journals paper",
  "inputs": {
    "type": 2,
    "map": [
      {
        "key": {
          "type": 0,
          "file": 3,
          "line": 4,
          "col": 3,
          "lit": "journal"
        },
        "value": {
          "type": 0,
          "file": 3,
          "line": 7,
          "col": 14,
          "lit": "joss"
        }
      },
      {
        "key": {
          "type": 0,
          "file": 3,
          "line": 8,
          "col": 3,
          "lit": "paper-path"
        },
        "value": {
          "type": 0,
          "file": 3,
          "line": 13,
          "col": 14,
          "lit": "paper.md"
        }
      }
    ]
  },
  "execution": {
    "executionType": "container",
    "hasPre": false,
    "hasPost": false,
    "image": "docker://tarleb/paperdraft:latest",
    "entryPoint": null,
    "arguments": {
      "type": 1,
      "file": 3,
      "line": 21,
      "col": 5,
      "seq": [
        {
          "type": 3,
          "file": 3,
          "line": 21,
          "col": 7,
          "expr": "inputs.paper-path"
        }
      ]
    },
    "environment": {
      "type": 2,
      "file": 3,
      "line": 18,
      "col": 5,
      "map": [
        {
          "key": {
            "type": 0,
            "file": 3,
            "line": 18,
            "col": 5,
            "lit": "GIT_SHA"
          },
          "value": {
            "type": 0,
            "file": 3,
            "line": 18,
            "col": 14,
            "lit": "$GITHUB_SHA"
          }
        },
        {
          "key": {
            "type": 0,
            "file": 3,
            "line": 19,
            "col": 5,
            "lit": "JOURNAL"
          },
          "value": {
            "type": 3,
            "file": 3,
            "line": 19,
            "col": 14,
            "expr": "inputs.journal"
          }
        }
      ]
    },
    "pre": null,
    "post": null,
    "cleanupCondition": "always()",
    "initCondition": "always()"
  },
  "deprecated": null
}
[2025-03-19 13:44:43Z INFO ActionManager] Action container Dockerfile/image: docker://tarleb/paperdraft:latest.
[2025-03-19 13:44:43Z INFO ActionManager] Action container args:  {
  "type": 1,
  "file": 3,
  "line": 21,
  "col": 5,
  "seq": [
    {
      "type": 3,
      "file": 3,
      "line": 21,
      "col": 7,
      "expr": "inputs.paper-path"
    }
  ]
}.
[2025-03-19 13:44:43Z INFO ActionManager] Action container env: {
  "type": 2,
  "file": 3,
  "line": 18,
  "col": 5,
  "map": [
    {
      "key": {
        "type": 0,
        "file": 3,
        "line": 18,
        "col": 5,
        "lit": "GIT_SHA"
      },
      "value": {
        "type": 0,
        "file": 3,
        "line": 18,
        "col": 14,
        "lit": "$GITHUB_SHA"
      }
    },
    {
      "key": {
        "type": 0,
        "file": 3,
        "line": 19,
        "col": 5,
        "lit": "JOURNAL"
      },
      "value": {
        "type": 3,
        "file": 3,
        "line": 19,
        "col": 14,
        "expr": "inputs.journal"
      }
    }
  ]
}.
[2025-03-19 13:44:43Z INFO HostContext] Well known directory 'Bin': '/home/jenny/tensorflow-mri/actions-runner/bin'
[2025-03-19 13:44:43Z INFO HostContext] Well known directory 'Root': '/home/jenny/tensorflow-mri/actions-runner'
[2025-03-19 13:44:43Z INFO HostContext] Well known directory 'Work': '/home/jenny/tensorflow-mri/actions-runner/_work'
[2025-03-19 13:44:43Z INFO HostContext] Well known directory 'Actions': '/home/jenny/tensorflow-mri/actions-runner/_work/_actions'
[2025-03-19 13:44:43Z INFO HostContext] Well known directory 'Bin': '/home/jenny/tensorflow-mri/actions-runner/bin'
[2025-03-19 13:44:43Z INFO HostContext] Well known directory 'Root': '/home/jenny/tensorflow-mri/actions-runner'
[2025-03-19 13:44:43Z INFO HostContext] Well known directory 'Work': '/home/jenny/tensorflow-mri/actions-runner/_work'
[2025-03-19 13:44:43Z INFO HostContext] Well known directory 'Actions': '/home/jenny/tensorflow-mri/actions-runner/_work/_actions'
[2025-03-19 13:44:43Z INFO ActionManifestManager] Ignore action property author.
[2025-03-19 13:44:43Z INFO ActionManifestManager] Loaded action.yml file: {
  "name": "Upload a Build Artifact",
  "description": "Upload a build artifact that can be used by subsequent workflow steps",
  "inputs": {
    "type": 2,
    "map": [
      {
        "key": {
          "type": 0,
          "file": 4,
          "line": 5,
          "col": 3,
          "lit": "name"
        },
        "value": {
          "type": 0,
          "file": 4,
          "line": 7,
          "col": 14,
          "lit": "artifact"
        }
      },
      {
        "key": {
          "type": 0,
          "file": 4,
          "line": 8,
          "col": 3,
          "lit": "path"
        },
        "value": ""
      },
      {
        "key": {
          "type": 0,
          "file": 4,
          "line": 11,
          "col": 3,
          "lit": "if-no-files-found"
        },
        "value": {
          "type": 0,
          "file": 4,
          "line": 19,
          "col": 14,
          "lit": "warn"
        }
      },
      {
        "key": {
          "type": 0,
          "file": 4,
          "line": 20,
          "col": 3,
          "lit": "retention-days"
        },
        "value": ""
      },
      {
        "key": {
          "type": 0,
          "file": 4,
          "line": 26,
          "col": 3,
          "lit": "compression-level"
        },
        "value": {
          "type": 0,
          "file": 4,
          "line": 36,
          "col": 14,
          "lit": "6"
        }
      },
      {
        "key": {
          "type": 0,
          "file": 4,
          "line": 37,
          "col": 3,
          "lit": "overwrite"
        },
        "value": {
          "type": 0,
          "file": 4,
          "line": 42,
          "col": 14,
          "lit": "false"
        }
      },
      {
        "key": {
          "type": 0,
          "file": 4,
          "line": 43,
          "col": 3,
          "lit": "include-hidden-files"
        },
        "value": {
          "type": 0,
          "file": 4,
          "line": 47,
          "col": 14,
          "lit": "false"
        }
      }
    ]
  },
  "execution": {
    "executionType": "nodeJS",
    "hasPre": false,
    "hasPost": false,
    "script": "dist/upload/index.js",
    "pre": null,
    "post": null,
    "nodeVersion": "node20",
    "cleanupCondition": "always()",
    "initCondition": "always()"
  },
  "deprecated": null
}
[2025-03-19 13:44:43Z INFO ActionManager] Action node.js file: dist/upload/index.js, no more preparation.
[2025-03-19 13:44:43Z INFO HostContext] Well known directory 'Bin': '/home/jenny/tensorflow-mri/actions-runner/bin'
[2025-03-19 13:44:43Z INFO HostContext] Well known directory 'Root': '/home/jenny/tensorflow-mri/actions-runner'
[2025-03-19 13:44:43Z INFO HostContext] Well known directory 'Work': '/home/jenny/tensorflow-mri/actions-runner/_work'
[2025-03-19 13:44:43Z INFO HostContext] Well known directory 'Actions': '/home/jenny/tensorflow-mri/actions-runner/_work/_actions'
[2025-03-19 13:44:43Z INFO ActionManager] Load action that reference repository from '/home/jenny/tensorflow-mri/actions-runner/_work/_actions/actions/upload-artifact/v4'
[2025-03-19 13:44:43Z INFO HostContext] Well known directory 'Bin': '/home/jenny/tensorflow-mri/actions-runner/bin'
[2025-03-19 13:44:43Z INFO HostContext] Well known directory 'Root': '/home/jenny/tensorflow-mri/actions-runner'
[2025-03-19 13:44:43Z INFO HostContext] Well known directory 'Work': '/home/jenny/tensorflow-mri/actions-runner/_work'
[2025-03-19 13:44:43Z INFO HostContext] Well known directory 'Actions': '/home/jenny/tensorflow-mri/actions-runner/_work/_actions'
[2025-03-19 13:44:43Z INFO ActionManifestManager] Ignore action property author.
[2025-03-19 13:44:43Z INFO ActionManifestManager] Loaded action.yml file: {
  "name": "Upload a Build Artifact",
  "description": "Upload a build artifact that can be used by subsequent workflow steps",
  "inputs": {
    "type": 2,
    "map": [
      {
        "key": {
          "type": 0,
          "file": 4,
          "line": 5,
          "col": 3,
          "lit": "name"
        },
        "value": {
          "type": 0,
          "file": 4,
          "line": 7,
          "col": 14,
          "lit": "artifact"
        }
      },
      {
        "key": {
          "type": 0,
          "file": 4,
          "line": 8,
          "col": 3,
          "lit": "path"
        },
        "value": ""
      },
      {
        "key": {
          "type": 0,
          "file": 4,
          "line": 11,
          "col": 3,
          "lit": "if-no-files-found"
        },
        "value": {
          "type": 0,
          "file": 4,
          "line": 19,
          "col": 14,
          "lit": "warn"
        }
      },
      {
        "key": {
          "type": 0,
          "file": 4,
          "line": 20,
          "col": 3,
          "lit": "retention-days"
        },
        "value": ""
      },
      {
        "key": {
          "type": 0,
          "file": 4,
          "line": 26,
          "col": 3,
          "lit": "compression-level"
        },
        "value": {
          "type": 0,
          "file": 4,
          "line": 36,
          "col": 14,
          "lit": "6"
        }
      },
      {
        "key": {
          "type": 0,
          "file": 4,
          "line": 37,
          "col": 3,
          "lit": "overwrite"
        },
        "value": {
          "type": 0,
          "file": 4,
          "line": 42,
          "col": 14,
          "lit": "false"
        }
      },
      {
        "key": {
          "type": 0,
          "file": 4,
          "line": 43,
          "col": 3,
          "lit": "include-hidden-files"
        },
        "value": {
          "type": 0,
          "file": 4,
          "line": 47,
          "col": 14,
          "lit": "false"
        }
      }
    ]
  },
  "execution": {
    "executionType": "nodeJS",
    "hasPre": false,
    "hasPost": false,
    "script": "dist/upload/index.js",
    "pre": null,
    "post": null,
    "nodeVersion": "node20",
    "cleanupCondition": "always()",
    "initCondition": "always()"
  },
  "deprecated": null
}
[2025-03-19 13:44:43Z INFO ActionManager] Action pre node.js file: N/A.
[2025-03-19 13:44:43Z INFO ActionManager] Action node.js file: dist/upload/index.js.
[2025-03-19 13:44:43Z INFO ActionManager] Action post node.js file: N/A.
[2025-03-19 13:44:43Z INFO ActionManager] 1 steps need to pull image 'tarleb/paperdraft:latest'
[2025-03-19 13:44:43Z INFO JobExtension] Adding .
[2025-03-19 13:44:43Z INFO JobExtension] Adding .
[2025-03-19 13:44:43Z INFO JobExtension] Adding .
[2025-03-19 13:44:43Z INFO HostContext] Well known directory 'Bin': '/home/jenny/tensorflow-mri/actions-runner/bin'
[2025-03-19 13:44:43Z INFO HostContext] Well known directory 'Root': '/home/jenny/tensorflow-mri/actions-runner'
[2025-03-19 13:44:43Z INFO HostContext] Well known directory 'Diag': '/home/jenny/tensorflow-mri/actions-runner/_diag'
[2025-03-19 13:44:43Z INFO HostContext] Well known directory 'Bin': '/home/jenny/tensorflow-mri/actions-runner/bin'
[2025-03-19 13:44:43Z INFO HostContext] Well known directory 'Root': '/home/jenny/tensorflow-mri/actions-runner'
[2025-03-19 13:44:43Z INFO HostContext] Well known directory 'Diag': '/home/jenny/tensorflow-mri/actions-runner/_diag'
[2025-03-19 13:44:43Z INFO HostContext] Well known directory 'Bin': '/home/jenny/tensorflow-mri/actions-runner/bin'
[2025-03-19 13:44:43Z INFO HostContext] Well known directory 'Root': '/home/jenny/tensorflow-mri/actions-runner'
[2025-03-19 13:44:43Z INFO HostContext] Well known directory 'Diag': '/home/jenny/tensorflow-mri/actions-runner/_diag'
[2025-03-19 13:44:43Z INFO HostContext] Well known directory 'Bin': '/home/jenny/tensorflow-mri/actions-runner/bin'
[2025-03-19 13:44:43Z INFO HostContext] Well known directory 'Root': '/home/jenny/tensorflow-mri/actions-runner'
[2025-03-19 13:44:43Z INFO HostContext] Well known directory 'Diag': '/home/jenny/tensorflow-mri/actions-runner/_diag'
[2025-03-19 13:44:43Z INFO HostContext] Well known directory 'Bin': '/home/jenny/tensorflow-mri/actions-runner/bin'
[2025-03-19 13:44:43Z INFO HostContext] Well known directory 'Root': '/home/jenny/tensorflow-mri/actions-runner'
[2025-03-19 13:44:43Z INFO HostContext] Well known directory 'Diag': '/home/jenny/tensorflow-mri/actions-runner/_diag'
[2025-03-19 13:44:43Z INFO HostContext] Well known directory 'Bin': '/home/jenny/tensorflow-mri/actions-runner/bin'
[2025-03-19 13:44:43Z INFO HostContext] Well known directory 'Root': '/home/jenny/tensorflow-mri/actions-runner'
[2025-03-19 13:44:43Z INFO HostContext] Well known directory 'Diag': '/home/jenny/tensorflow-mri/actions-runner/_diag'
[2025-03-19 13:44:43Z INFO HostContext] Well known directory 'Bin': '/home/jenny/tensorflow-mri/actions-runner/bin'
[2025-03-19 13:44:43Z INFO HostContext] Well known directory 'Root': '/home/jenny/tensorflow-mri/actions-runner'
[2025-03-19 13:44:43Z INFO HostContext] Well known directory 'Diag': '/home/jenny/tensorflow-mri/actions-runner/_diag'
[2025-03-19 13:44:43Z INFO HostContext] Well known directory 'Bin': '/home/jenny/tensorflow-mri/actions-runner/bin'
[2025-03-19 13:44:43Z INFO HostContext] Well known directory 'Root': '/home/jenny/tensorflow-mri/actions-runner'
[2025-03-19 13:44:43Z INFO HostContext] Well known directory 'Diag': '/home/jenny/tensorflow-mri/actions-runner/_diag'
[2025-03-19 13:44:43Z INFO JobServerQueue] Try to append 1 batches web console lines for record '65b3114f-125f-42dc-a0e0-d6e74d52318b', success rate: 1/1.
[2025-03-19 13:44:43Z INFO JobExtension] Total accessible running process: 599.
[2025-03-19 13:44:43Z INFO HostContext] Well known directory 'Bin': '/home/jenny/tensorflow-mri/actions-runner/bin'
[2025-03-19 13:44:43Z INFO HostContext] Well known directory 'Root': '/home/jenny/tensorflow-mri/actions-runner'
[2025-03-19 13:44:43Z INFO HostContext] Well known directory 'Work': '/home/jenny/tensorflow-mri/actions-runner/_work'
[2025-03-19 13:44:43Z INFO JobExtension] Start checking service connectivity in background.
[2025-03-19 13:44:43Z INFO ExecutionContext] Publish step telemetry for current step {
  "action": "setup_job",
  "type": "runner",
  "stage": "Pre",
  "stepId": "65b3114f-125f-42dc-a0e0-d6e74d52318b",
  "result": "succeeded",
  "errorMessages": [],
  "executionTimeInSeconds": 3,
  "startTime": "2025-03-19T13:44:41.163769Z",
  "finishTime": "2025-03-19T13:44:43.2389404Z"
}.
[2025-03-19 13:44:43Z INFO JobRunner] Total job steps: 4.
[2025-03-19 13:44:43Z INFO JobRunner] Run all job steps.
[2025-03-19 13:44:43Z INFO StepsRunner] Processing step: DisplayName='Pull tarleb/paperdraft:latest'
[2025-03-19 13:44:43Z INFO StepsRunner] Evaluating: success()
[2025-03-19 13:44:43Z INFO StepsRunner] Result: true
[2025-03-19 13:44:43Z INFO StepsRunner] Starting the step.
[2025-03-19 13:44:43Z INFO DockerCommandManager] Which2: 'docker'
[2025-03-19 13:44:43Z INFO DockerCommandManager] Location: '/usr/bin/docker'
[2025-03-19 13:44:43Z INFO HostContext] Well known directory 'Bin': '/home/jenny/tensorflow-mri/actions-runner/bin'
[2025-03-19 13:44:43Z INFO HostContext] Well known directory 'Root': '/home/jenny/tensorflow-mri/actions-runner'
[2025-03-19 13:44:43Z INFO ProcessInvokerWrapper] Starting process:
[2025-03-19 13:44:43Z INFO ProcessInvokerWrapper]   File name: '/usr/bin/docker'
[2025-03-19 13:44:43Z INFO ProcessInvokerWrapper]   Arguments: 'pull tarleb/paperdraft:latest'
[2025-03-19 13:44:43Z INFO ProcessInvokerWrapper]   Working directory: '/home/jenny/tensorflow-mri/actions-runner/_work/tensorflow-mri/tensorflow-mri'
[2025-03-19 13:44:43Z INFO ProcessInvokerWrapper]   Require exit code zero: 'False'
[2025-03-19 13:44:43Z INFO ProcessInvokerWrapper]   Encoding web name:  ; code page: ''
[2025-03-19 13:44:43Z INFO ProcessInvokerWrapper]   Force kill process on cancellation: 'False'
[2025-03-19 13:44:43Z INFO ProcessInvokerWrapper]   Redirected STDIN: 'False'
[2025-03-19 13:44:43Z INFO ProcessInvokerWrapper]   Persist current code page: 'False'
[2025-03-19 13:44:43Z INFO ProcessInvokerWrapper]   Keep redirected STDIN open: 'False'
[2025-03-19 13:44:43Z INFO ProcessInvokerWrapper]   High priority process: 'False'
[2025-03-19 13:44:43Z INFO ProcessInvokerWrapper] Updated oom_score_adj to 500 for PID: 1873395.
[2025-03-19 13:44:43Z INFO ProcessInvokerWrapper] Process started with process id 1873395, waiting for process exit.
[2025-03-19 13:44:43Z INFO JobServerQueue] Try to append 1 batches web console lines for record 'ed15aa61-b88b-4bfa-949d-566eb9e8111c', success rate: 1/1.
[2025-03-19 13:44:44Z INFO ProcessInvokerWrapper] STDOUT/STDERR stream read finished.
[2025-03-19 13:44:44Z INFO ProcessInvokerWrapper] STDOUT/STDERR stream read finished.
[2025-03-19 13:44:44Z INFO ProcessInvokerWrapper] Finished process 1873395 with exit code 0, and elapsed time 00:00:00.8235058.
[2025-03-19 13:44:44Z INFO ActionManager] Prepared docker image 'tarleb/paperdraft:latest' for action 11f6d2ae-997e-43ff-a2cc-ffafa66d98cc (tarleb/paperdraft:latest)
[2025-03-19 13:44:44Z INFO StepsRunner] Step result: 
[2025-03-19 13:44:44Z INFO ExecutionContext] Publish step telemetry for current step {
  "action": "pull_tarleb/paperdraft:latest",
  "type": "runner",
  "stage": "Pre",
  "stepId": "ed15aa61-b88b-4bfa-949d-566eb9e8111c",
  "stepContextName": "ed15aa61b88b4bfa949d566eb9e8111c",
  "result": "succeeded",
  "errorMessages": [],
  "executionTimeInSeconds": 1,
  "startTime": "2025-03-19T13:44:43.2506835Z",
  "finishTime": "2025-03-19T13:44:44.0926819Z"
}.
[2025-03-19 13:44:44Z INFO StepsRunner] No need for updating job result with current step result 'Succeeded'.
[2025-03-19 13:44:44Z INFO StepsRunner] Current state: job state = ''
[2025-03-19 13:44:44Z INFO StepsRunner] Processing step: DisplayName='Checkout'
[2025-03-19 13:44:44Z INFO StepsRunner] Evaluating: success()
[2025-03-19 13:44:44Z INFO StepsRunner] Result: true
[2025-03-19 13:44:44Z INFO StepsRunner] Starting the step.
[2025-03-19 13:44:44Z INFO HostContext] Well known directory 'Bin': '/home/jenny/tensorflow-mri/actions-runner/bin'
[2025-03-19 13:44:44Z INFO HostContext] Well known directory 'Root': '/home/jenny/tensorflow-mri/actions-runner'
[2025-03-19 13:44:44Z INFO HostContext] Well known directory 'Work': '/home/jenny/tensorflow-mri/actions-runner/_work'
[2025-03-19 13:44:44Z INFO HostContext] Well known directory 'Actions': '/home/jenny/tensorflow-mri/actions-runner/_work/_actions'
[2025-03-19 13:44:44Z INFO ActionManager] Load action that reference repository from '/home/jenny/tensorflow-mri/actions-runner/_work/_actions/actions/checkout/v4'
[2025-03-19 13:44:44Z INFO HostContext] Well known directory 'Bin': '/home/jenny/tensorflow-mri/actions-runner/bin'
[2025-03-19 13:44:44Z INFO HostContext] Well known directory 'Root': '/home/jenny/tensorflow-mri/actions-runner'
[2025-03-19 13:44:44Z INFO HostContext] Well known directory 'Work': '/home/jenny/tensorflow-mri/actions-runner/_work'
[2025-03-19 13:44:44Z INFO HostContext] Well known directory 'Actions': '/home/jenny/tensorflow-mri/actions-runner/_work/_actions'
[2025-03-19 13:44:44Z INFO JobServerQueue] Got a step log file to send to results service.
[2025-03-19 13:44:44Z INFO JobServerQueue] Starting upload of step log file to results service ResultsLog, /home/jenny/tensorflow-mri/actions-runner/_diag/blocks/b0449f54-93fc-4d57-8f9f-b37b3b557707_65b3114f-125f-42dc-a0e0-d6e74d52318b.1
[2025-03-19 13:44:44Z INFO JobServerQueue] Try to upload 2 log files or attachments, success rate: 2/2.
[2025-03-19 13:44:44Z INFO ActionManifestManager] Loaded action.yml file: {
  "name": "Checkout",
  "description": "Checkout a Git repository at a particular version",
  "inputs": {
    "type": 2,
    "map": [
      {
        "key": {
          "type": 0,
          "file": 2,
          "line": 4,
          "col": 3,
          "lit": "repository"
        },
        "value": {
          "type": 3,
          "file": 2,
          "line": 6,
          "col": 14,
          "expr": "github.repository"
        }
      },
      {
        "key": {
          "type": 0,
          "file": 2,
          "line": 7,
          "col": 3,
          "lit": "ref"
        },
        "value": ""
      },
      {
        "key": {
          "type": 0,
          "file": 2,
          "line": 12,
          "col": 3,
          "lit": "token"
        },
        "value": {
          "type": 3,
          "file": 2,
          "line": 24,
          "col": 14,
          "expr": "github.token"
        }
      },
      {
        "key": {
          "type": 0,
          "file": 2,
          "line": 25,
          "col": 3,
          "lit": "ssh-key"
        },
        "value": ""
      },
      {
        "key": {
          "type": 0,
          "file": 2,
          "line": 37,
          "col": 3,
          "lit": "ssh-known-hosts"
        },
        "value": ""
      },
      {
        "key": {
          "type": 0,
          "file": 2,
          "line": 42,
          "col": 3,
          "lit": "ssh-strict"
        },
        "value": {
          "type": 0,
          "file": 2,
          "line": 47,
          "col": 14,
          "lit": "true"
        }
      },
      {
        "key": {
          "type": 0,
          "file": 2,
          "line": 48,
          "col": 3,
          "lit": "ssh-user"
        },
        "value": {
          "type": 0,
          "file": 2,
          "line": 51,
          "col": 14,
          "lit": "git"
        }
      },
      {
        "key": {
          "type": 0,
          "file": 2,
          "line": 52,
          "col": 3,
          "lit": "persist-credentials"
        },
        "value": {
          "type": 0,
          "file": 2,
          "line": 54,
          "col": 14,
          "lit": "true"
        }
      },
      {
        "key": {
          "type": 0,
          "file": 2,
          "line": 55,
          "col": 3,
          "lit": "path"
        },
        "value": ""
      },
      {
        "key": {
          "type": 0,
          "file": 2,
          "line": 57,
          "col": 3,
          "lit": "clean"
        },
        "value": {
          "type": 0,
          "file": 2,
          "line": 59,
          "col": 14,
          "lit": "true"
        }
      },
      {
        "key": {
          "type": 0,
          "file": 2,
          "line": 60,
          "col": 3,
          "lit": "filter"
        },
        "value": {
          "type": 0,
          "file": 2,
          "line": 64,
          "col": 14,
          "lit": ""
        }
      },
      {
        "key": {
          "type": 0,
          "file": 2,
          "line": 65,
          "col": 3,
          "lit": "sparse-checkout"
        },
        "value": {
          "type": 0,
          "file": 2,
          "line": 69,
          "col": 14,
          "lit": ""
        }
      },
      {
        "key": {
          "type": 0,
          "file": 2,
          "line": 70,
          "col": 3,
          "lit": "sparse-checkout-cone-mode"
        },
        "value": {
          "type": 0,
          "file": 2,
          "line": 73,
          "col": 14,
          "lit": "true"
        }
      },
      {
        "key": {
          "type": 0,
          "file": 2,
          "line": 74,
          "col": 3,
          "lit": "fetch-depth"
        },
        "value": {
          "type": 0,
          "file": 2,
          "line": 76,
          "col": 14,
          "lit": "1"
        }
      },
      {
        "key": {
          "type": 0,
          "file": 2,
          "line": 77,
          "col": 3,
          "lit": "fetch-tags"
        },
        "value": {
          "type": 0,
          "file": 2,
          "line": 79,
          "col": 14,
          "lit": "false"
        }
      },
      {
        "key": {
          "type": 0,
          "file": 2,
          "line": 80,
          "col": 3,
          "lit": "show-progress"
        },
        "value": {
          "type": 0,
          "file": 2,
          "line": 82,
          "col": 14,
          "lit": "true"
        }
      },
      {
        "key": {
          "type": 0,
          "file": 2,
          "line": 83,
          "col": 3,
          "lit": "lfs"
        },
        "value": {
          "type": 0,
          "file": 2,
          "line": 85,
          "col": 14,
          "lit": "false"
        }
      },
      {
        "key": {
          "type": 0,
          "file": 2,
          "line": 86,
          "col": 3,
          "lit": "submodules"
        },
        "value": {
          "type": 0,
          "file": 2,
          "line": 94,
          "col": 14,
          "lit": "false"
        }
      },
      {
        "key": {
          "type": 0,
          "file": 2,
          "line": 95,
          "col": 3,
          "lit": "set-safe-directory"
        },
        "value": {
          "type": 0,
          "file": 2,
          "line": 97,
          "col": 14,
          "lit": "true"
        }
      },
      {
        "key": {
          "type": 0,
          "file": 2,
          "line": 98,
          "col": 3,
          "lit": "github-server-url"
        },
        "value": ""
      }
    ]
  },
  "execution": {
    "executionType": "nodeJS",
    "hasPre": false,
    "hasPost": true,
    "script": "dist/index.js",
    "pre": null,
    "post": "dist/index.js",
    "nodeVersion": "node20",
    "cleanupCondition": "always()",
    "initCondition": "always()"
  },
  "deprecated": null
}
[2025-03-19 13:44:44Z INFO ActionManager] Action pre node.js file: N/A.
[2025-03-19 13:44:44Z INFO ActionManager] Action node.js file: dist/index.js.
[2025-03-19 13:44:44Z INFO ActionManager] Action post node.js file: dist/index.js.
[2025-03-19 13:44:44Z INFO ExecutionContext] Reserve record order 6 to 10 for post job actions.
[2025-03-19 13:44:44Z INFO HostContext] Well known directory 'Bin': '/home/jenny/tensorflow-mri/actions-runner/bin'
[2025-03-19 13:44:44Z INFO HostContext] Well known directory 'Root': '/home/jenny/tensorflow-mri/actions-runner'
[2025-03-19 13:44:44Z INFO HostContext] Well known directory 'Diag': '/home/jenny/tensorflow-mri/actions-runner/_diag'
[2025-03-19 13:44:44Z INFO HostContext] Well known directory 'Bin': '/home/jenny/tensorflow-mri/actions-runner/bin'
[2025-03-19 13:44:44Z INFO HostContext] Well known directory 'Root': '/home/jenny/tensorflow-mri/actions-runner'
[2025-03-19 13:44:44Z INFO HostContext] Well known directory 'Diag': '/home/jenny/tensorflow-mri/actions-runner/_diag'
[2025-03-19 13:44:44Z INFO HostContext] Well known directory 'Bin': '/home/jenny/tensorflow-mri/actions-runner/bin'
[2025-03-19 13:44:44Z INFO HostContext] Well known directory 'Root': '/home/jenny/tensorflow-mri/actions-runner'
[2025-03-19 13:44:44Z INFO HostContext] Well known directory 'Work': '/home/jenny/tensorflow-mri/actions-runner/_work'
[2025-03-19 13:44:44Z INFO HostContext] Well known directory 'Temp': '/home/jenny/tensorflow-mri/actions-runner/_work/_temp'
[2025-03-19 13:44:44Z INFO ExecutionContext] Write event payload to /home/jenny/tensorflow-mri/actions-runner/_work/_temp/_github_workflow/event.json
[2025-03-19 13:44:44Z INFO HostContext] Well known directory 'Bin': '/home/jenny/tensorflow-mri/actions-runner/bin'
[2025-03-19 13:44:44Z INFO HostContext] Well known directory 'Root': '/home/jenny/tensorflow-mri/actions-runner'
[2025-03-19 13:44:44Z INFO HostContext] Well known directory 'Work': '/home/jenny/tensorflow-mri/actions-runner/_work'
[2025-03-19 13:44:44Z INFO HostContext] Well known directory 'Temp': '/home/jenny/tensorflow-mri/actions-runner/_work/_temp'
[2025-03-19 13:44:44Z INFO ExtensionManager] Getting extensions for interface: 'GitHub.Runner.Worker.IFileCommandExtension'
[2025-03-19 13:44:44Z INFO ExtensionManager] Creating instance: GitHub.Runner.Worker.AddPathFileCommand, Runner.Worker
[2025-03-19 13:44:44Z INFO ExtensionManager] Creating instance: GitHub.Runner.Worker.SetEnvFileCommand, Runner.Worker
[2025-03-19 13:44:44Z INFO ExtensionManager] Creating instance: GitHub.Runner.Worker.CreateStepSummaryCommand, Runner.Worker
[2025-03-19 13:44:44Z INFO ExtensionManager] Creating instance: GitHub.Runner.Worker.SaveStateFileCommand, Runner.Worker
[2025-03-19 13:44:44Z INFO ExtensionManager] Creating instance: GitHub.Runner.Worker.SetOutputFileCommand, Runner.Worker
[2025-03-19 13:44:44Z INFO ActionManifestManager] Input 'repository': default value evaluate result: {
  "type": 0,
  "file": 2,
  "line": 6,
  "col": 14,
  "lit": "mrphys/tensorflow-mri"
}
[2025-03-19 13:44:44Z INFO ActionManifestManager] Input 'ref': default value evaluate result: ""
[2025-03-19 13:44:44Z INFO ActionManifestManager] Input 'token': default value evaluate result: {
  "type": 0,
  "file": 2,
  "line": 24,
  "col": 14,
  "lit": "***"
}
[2025-03-19 13:44:44Z INFO ActionManifestManager] Input 'ssh-key': default value evaluate result: ""
[2025-03-19 13:44:44Z INFO ActionManifestManager] Input 'ssh-known-hosts': default value evaluate result: ""
[2025-03-19 13:44:44Z INFO ActionManifestManager] Input 'ssh-strict': default value evaluate result: {
  "type": 0,
  "file": 2,
  "line": 47,
  "col": 14,
  "lit": "true"
}
[2025-03-19 13:44:44Z INFO ActionManifestManager] Input 'ssh-user': default value evaluate result: {
  "type": 0,
  "file": 2,
  "line": 51,
  "col": 14,
  "lit": "git"
}
[2025-03-19 13:44:44Z INFO ActionManifestManager] Input 'persist-credentials': default value evaluate result: {
  "type": 0,
  "file": 2,
  "line": 54,
  "col": 14,
  "lit": "true"
}
[2025-03-19 13:44:44Z INFO ActionManifestManager] Input 'path': default value evaluate result: ""
[2025-03-19 13:44:44Z INFO ActionManifestManager] Input 'clean': default value evaluate result: {
  "type": 0,
  "file": 2,
  "line": 59,
  "col": 14,
  "lit": "true"
}
[2025-03-19 13:44:44Z INFO ActionManifestManager] Input 'filter': default value evaluate result: {
  "type": 0,
  "file": 2,
  "line": 64,
  "col": 14,
  "lit": ""
}
[2025-03-19 13:44:44Z INFO ActionManifestManager] Input 'sparse-checkout': default value evaluate result: {
  "type": 0,
  "file": 2,
  "line": 69,
  "col": 14,
  "lit": ""
}
[2025-03-19 13:44:44Z INFO ActionManifestManager] Input 'sparse-checkout-cone-mode': default value evaluate result: {
  "type": 0,
  "file": 2,
  "line": 73,
  "col": 14,
  "lit": "true"
}
[2025-03-19 13:44:44Z INFO ActionManifestManager] Input 'fetch-depth': default value evaluate result: {
  "type": 0,
  "file": 2,
  "line": 76,
  "col": 14,
  "lit": "1"
}
[2025-03-19 13:44:44Z INFO ActionManifestManager] Input 'fetch-tags': default value evaluate result: {
  "type": 0,
  "file": 2,
  "line": 79,
  "col": 14,
  "lit": "false"
}
[2025-03-19 13:44:44Z INFO ActionManifestManager] Input 'show-progress': default value evaluate result: {
  "type": 0,
  "file": 2,
  "line": 82,
  "col": 14,
  "lit": "true"
}
[2025-03-19 13:44:44Z INFO ActionManifestManager] Input 'lfs': default value evaluate result: {
  "type": 0,
  "file": 2,
  "line": 85,
  "col": 14,
  "lit": "false"
}
[2025-03-19 13:44:44Z INFO ActionManifestManager] Input 'submodules': default value evaluate result: {
  "type": 0,
  "file": 2,
  "line": 94,
  "col": 14,
  "lit": "false"
}
[2025-03-19 13:44:44Z INFO ActionManifestManager] Input 'set-safe-directory': default value evaluate result: {
  "type": 0,
  "file": 2,
  "line": 97,
  "col": 14,
  "lit": "true"
}
[2025-03-19 13:44:44Z INFO ActionManifestManager] Input 'github-server-url': default value evaluate result: ""
[2025-03-19 13:44:44Z INFO ExtensionManager] Getting extensions for interface: 'GitHub.Runner.Worker.IActionCommandExtension'
[2025-03-19 13:44:44Z INFO ExtensionManager] Creating instance: GitHub.Runner.Worker.InternalPluginSetRepoPathCommandExtension, Runner.Worker
[2025-03-19 13:44:44Z INFO ExtensionManager] Creating instance: GitHub.Runner.Worker.SetEnvCommandExtension, Runner.Worker
[2025-03-19 13:44:44Z INFO ExtensionManager] Creating instance: GitHub.Runner.Worker.SetOutputCommandExtension, Runner.Worker
[2025-03-19 13:44:44Z INFO ExtensionManager] Creating instance: GitHub.Runner.Worker.SaveStateCommandExtension, Runner.Worker
[2025-03-19 13:44:44Z INFO ExtensionManager] Creating instance: GitHub.Runner.Worker.AddPathCommandExtension, Runner.Worker
[2025-03-19 13:44:44Z INFO ExtensionManager] Creating instance: GitHub.Runner.Worker.AddMaskCommandExtension, Runner.Worker
[2025-03-19 13:44:44Z INFO ExtensionManager] Creating instance: GitHub.Runner.Worker.AddMatcherCommandExtension, Runner.Worker
[2025-03-19 13:44:44Z INFO ExtensionManager] Creating instance: GitHub.Runner.Worker.RemoveMatcherCommandExtension, Runner.Worker
[2025-03-19 13:44:44Z INFO ExtensionManager] Creating instance: GitHub.Runner.Worker.WarningCommandExtension, Runner.Worker
[2025-03-19 13:44:44Z INFO ExtensionManager] Creating instance: GitHub.Runner.Worker.ErrorCommandExtension, Runner.Worker
[2025-03-19 13:44:44Z INFO ExtensionManager] Creating instance: GitHub.Runner.Worker.NoticeCommandExtension, Runner.Worker
[2025-03-19 13:44:44Z INFO ExtensionManager] Creating instance: GitHub.Runner.Worker.DebugCommandExtension, Runner.Worker
[2025-03-19 13:44:44Z INFO ExtensionManager] Creating instance: GitHub.Runner.Worker.GroupCommandExtension, Runner.Worker
[2025-03-19 13:44:44Z INFO ExtensionManager] Creating instance: GitHub.Runner.Worker.EndGroupCommandExtension, Runner.Worker
[2025-03-19 13:44:44Z INFO ExtensionManager] Creating instance: GitHub.Runner.Worker.EchoCommandExtension, Runner.Worker
[2025-03-19 13:44:44Z INFO ActionCommandManager] Register action command extension for command internal-set-repo-path
[2025-03-19 13:44:44Z INFO ActionCommandManager] Register action command extension for command set-env
[2025-03-19 13:44:44Z INFO ActionCommandManager] Register action command extension for command set-output
[2025-03-19 13:44:44Z INFO ActionCommandManager] Register action command extension for command save-state
[2025-03-19 13:44:44Z INFO ActionCommandManager] Register action command extension for command add-path
[2025-03-19 13:44:44Z INFO ActionCommandManager] Register action command extension for command add-mask
[2025-03-19 13:44:44Z INFO ActionCommandManager] Register action command extension for command add-matcher
[2025-03-19 13:44:44Z INFO ActionCommandManager] Register action command extension for command remove-matcher
[2025-03-19 13:44:44Z INFO ActionCommandManager] Register action command extension for command warning
[2025-03-19 13:44:44Z INFO ActionCommandManager] Register action command extension for command error
[2025-03-19 13:44:44Z INFO ActionCommandManager] Register action command extension for command notice
[2025-03-19 13:44:44Z INFO ActionCommandManager] Register action command extension for command debug
[2025-03-19 13:44:44Z INFO ActionCommandManager] Register action command extension for command group
[2025-03-19 13:44:44Z INFO ActionCommandManager] Register action command extension for command endgroup
[2025-03-19 13:44:44Z INFO ActionCommandManager] Register action command extension for command echo
[2025-03-19 13:44:44Z INFO HostContext] Well known directory 'Bin': '/home/jenny/tensorflow-mri/actions-runner/bin'
[2025-03-19 13:44:44Z INFO HostContext] Well known directory 'Root': '/home/jenny/tensorflow-mri/actions-runner'
[2025-03-19 13:44:44Z INFO HostContext] Well known directory 'Externals': '/home/jenny/tensorflow-mri/actions-runner/externals'
[2025-03-19 13:44:44Z INFO ProcessInvokerWrapper] Starting process:
[2025-03-19 13:44:44Z INFO ProcessInvokerWrapper]   File name: '/home/jenny/tensorflow-mri/actions-runner/externals/node20/bin/node'
[2025-03-19 13:44:44Z INFO ProcessInvokerWrapper]   Arguments: '"/home/jenny/tensorflow-mri/actions-runner/_work/_actions/actions/checkout/v4/dist/index.js"'
[2025-03-19 13:44:44Z INFO ProcessInvokerWrapper]   Working directory: '/home/jenny/tensorflow-mri/actions-runner/_work/tensorflow-mri/tensorflow-mri'
[2025-03-19 13:44:44Z INFO ProcessInvokerWrapper]   Require exit code zero: 'False'
[2025-03-19 13:44:44Z INFO ProcessInvokerWrapper]   Encoding web name:  ; code page: ''
[2025-03-19 13:44:44Z INFO ProcessInvokerWrapper]   Force kill process on cancellation: 'False'
[2025-03-19 13:44:44Z INFO ProcessInvokerWrapper]   Redirected STDIN: 'False'
[2025-03-19 13:44:44Z INFO ProcessInvokerWrapper]   Persist current code page: 'False'
[2025-03-19 13:44:44Z INFO ProcessInvokerWrapper]   Keep redirected STDIN open: 'False'
[2025-03-19 13:44:44Z INFO ProcessInvokerWrapper]   High priority process: 'False'
[2025-03-19 13:44:44Z INFO ProcessInvokerWrapper] Updated oom_score_adj to 500 for PID: 1873619.
[2025-03-19 13:44:44Z INFO ProcessInvokerWrapper] Process started with process id 1873619, waiting for process exit.
[2025-03-19 13:44:44Z INFO JobServerQueue] Try to append 1 batches web console lines for record 'ed15aa61-b88b-4bfa-949d-566eb9e8111c', success rate: 1/1.
[2025-03-19 13:44:44Z INFO JobServerQueue] Try to append 1 batches web console lines for record 'b2a07d72-bca3-46ad-bb5e-7786df589fe1', success rate: 1/1.
[2025-03-19 13:44:44Z INFO AddMaskCommandExtension] Add new secret mask with length of 76
[2025-03-19 13:44:44Z INFO ProcessInvokerWrapper] STDOUT/STDERR stream read finished.
[2025-03-19 13:44:44Z INFO ProcessInvokerWrapper] STDOUT/STDERR stream read finished.
[2025-03-19 13:44:44Z INFO ProcessInvokerWrapper] Finished process 1873619 with exit code 1, and elapsed time 00:00:00.1461881.
[2025-03-19 13:44:44Z INFO CreateStepSummaryCommand] Step Summary file (/home/jenny/tensorflow-mri/actions-runner/_work/_temp/_runner_file_commands/step_summary_821e72fd-dd64-4002-99a3-a0fd0657e3e0) is empty; skipping attachment upload
[2025-03-19 13:44:44Z INFO StepsRunner] Step result: Failed
[2025-03-19 13:44:44Z INFO ExecutionContext] Publish step telemetry for current step {
  "action": "actions/checkout",
  "ref": "v4",
  "type": "node20",
  "stage": "Main",
  "stepId": "b2a07d72-bca3-46ad-bb5e-7786df589fe1",
  "stepContextName": "__actions_checkout",
  "hasPreStep": false,
  "hasPostStep": true,
  "result": "failed",
  "errorMessages": [
    "File was unable to be removed Error: EACCES: permission denied, unlink '/home/jenny/tensorflow-mri/actions-runner/_work/tensorflow-mri/tensorflow-mri/artifacts/tensorflow_mri-0.23.0-cp39-cp39-manylinux_2_17_x86_64.manylinux2014_x86_64.whl'"
  ],
  "executionTimeInSeconds": 1,
  "startTime": "2025-03-19T13:44:44.0967913Z",
  "finishTime": "2025-03-19T13:44:44.2887589Z"
}.
[2025-03-19 13:44:44Z INFO StepsRunner] Update job result with current step result 'Failed'.
[2025-03-19 13:44:44Z INFO StepsRunner] Current state: job state = 'Failed'
[2025-03-19 13:44:44Z INFO StepsRunner] Processing step: DisplayName='Open Journals PDF Generator'
[2025-03-19 13:44:44Z INFO StepsRunner] Evaluating: success()
[2025-03-19 13:44:44Z INFO StepsRunner] Result: false
[2025-03-19 13:44:44Z INFO StepsRunner] Skipping step due to condition evaluation.
[2025-03-19 13:44:44Z INFO StepsRunner] No need for updating job result with current step result 'Skipped'.
[2025-03-19 13:44:44Z INFO StepsRunner] Current state: job state = 'Failed'
[2025-03-19 13:44:44Z INFO StepsRunner] Processing step: DisplayName='Upload'
[2025-03-19 13:44:44Z INFO StepsRunner] Evaluating: success()
[2025-03-19 13:44:44Z INFO StepsRunner] Result: false
[2025-03-19 13:44:44Z INFO StepsRunner] Skipping step due to condition evaluation.
[2025-03-19 13:44:44Z INFO StepsRunner] No need for updating job result with current step result 'Skipped'.
[2025-03-19 13:44:44Z INFO StepsRunner] Current state: job state = 'Failed'
[2025-03-19 13:44:44Z INFO StepsRunner] Processing step: DisplayName='Post Checkout'
[2025-03-19 13:44:44Z INFO StepsRunner] Evaluating: always()
[2025-03-19 13:44:44Z INFO StepsRunner] Result: true
[2025-03-19 13:44:44Z INFO StepsRunner] Starting the step.
[2025-03-19 13:44:44Z INFO HostContext] Well known directory 'Bin': '/home/jenny/tensorflow-mri/actions-runner/bin'
[2025-03-19 13:44:44Z INFO HostContext] Well known directory 'Root': '/home/jenny/tensorflow-mri/actions-runner'
[2025-03-19 13:44:44Z INFO HostContext] Well known directory 'Work': '/home/jenny/tensorflow-mri/actions-runner/_work'
[2025-03-19 13:44:44Z INFO HostContext] Well known directory 'Actions': '/home/jenny/tensorflow-mri/actions-runner/_work/_actions'
[2025-03-19 13:44:44Z INFO ActionManager] Load action that reference repository from '/home/jenny/tensorflow-mri/actions-runner/_work/_actions/actions/checkout/v4'
[2025-03-19 13:44:44Z INFO HostContext] Well known directory 'Bin': '/home/jenny/tensorflow-mri/actions-runner/bin'
[2025-03-19 13:44:44Z INFO HostContext] Well known directory 'Root': '/home/jenny/tensorflow-mri/actions-runner'
[2025-03-19 13:44:44Z INFO HostContext] Well known directory 'Work': '/home/jenny/tensorflow-mri/actions-runner/_work'
[2025-03-19 13:44:44Z INFO HostContext] Well known directory 'Actions': '/home/jenny/tensorflow-mri/actions-runner/_work/_actions'
[2025-03-19 13:44:44Z INFO ActionManifestManager] Loaded action.yml file: {
  "name": "Checkout",
  "description": "Checkout a Git repository at a particular version",
  "inputs": {
    "type": 2,
    "map": [
      {
        "key": {
          "type": 0,
          "file": 2,
          "line": 4,
          "col": 3,
          "lit": "repository"
        },
        "value": {
          "type": 3,
          "file": 2,
          "line": 6,
          "col": 14,
          "expr": "github.repository"
        }
      },
      {
        "key": {
          "type": 0,
          "file": 2,
          "line": 7,
          "col": 3,
          "lit": "ref"
        },
        "value": ""
      },
      {
        "key": {
          "type": 0,
          "file": 2,
          "line": 12,
          "col": 3,
          "lit": "token"
        },
        "value": {
          "type": 3,
          "file": 2,
          "line": 24,
          "col": 14,
          "expr": "github.token"
        }
      },
      {
        "key": {
          "type": 0,
          "file": 2,
          "line": 25,
          "col": 3,
          "lit": "ssh-key"
        },
        "value": ""
      },
      {
        "key": {
          "type": 0,
          "file": 2,
          "line": 37,
          "col": 3,
          "lit": "ssh-known-hosts"
        },
        "value": ""
      },
      {
        "key": {
          "type": 0,
          "file": 2,
          "line": 42,
          "col": 3,
          "lit": "ssh-strict"
        },
        "value": {
          "type": 0,
          "file": 2,
          "line": 47,
          "col": 14,
          "lit": "true"
        }
      },
      {
        "key": {
          "type": 0,
          "file": 2,
          "line": 48,
          "col": 3,
          "lit": "ssh-user"
        },
        "value": {
          "type": 0,
          "file": 2,
          "line": 51,
          "col": 14,
          "lit": "git"
        }
      },
      {
        "key": {
          "type": 0,
          "file": 2,
          "line": 52,
          "col": 3,
          "lit": "persist-credentials"
        },
        "value": {
          "type": 0,
          "file": 2,
          "line": 54,
          "col": 14,
          "lit": "true"
        }
      },
      {
        "key": {
          "type": 0,
          "file": 2,
          "line": 55,
          "col": 3,
          "lit": "path"
        },
        "value": ""
      },
      {
        "key": {
          "type": 0,
          "file": 2,
          "line": 57,
          "col": 3,
          "lit": "clean"
        },
        "value": {
          "type": 0,
          "file": 2,
          "line": 59,
          "col": 14,
          "lit": "true"
        }
      },
      {
        "key": {
          "type": 0,
          "file": 2,
          "line": 60,
          "col": 3,
          "lit": "filter"
        },
        "value": {
          "type": 0,
          "file": 2,
          "line": 64,
          "col": 14,
          "lit": ""
        }
      },
      {
        "key": {
          "type": 0,
          "file": 2,
          "line": 65,
          "col": 3,
          "lit": "sparse-checkout"
        },
        "value": {
          "type": 0,
          "file": 2,
          "line": 69,
          "col": 14,
          "lit": ""
        }
      },
      {
        "key": {
          "type": 0,
          "file": 2,
          "line": 70,
          "col": 3,
          "lit": "sparse-checkout-cone-mode"
        },
        "value": {
          "type": 0,
          "file": 2,
          "line": 73,
          "col": 14,
          "lit": "true"
        }
      },
      {
        "key": {
          "type": 0,
          "file": 2,
          "line": 74,
          "col": 3,
          "lit": "fetch-depth"
        },
        "value": {
          "type": 0,
          "file": 2,
          "line": 76,
          "col": 14,
          "lit": "1"
        }
      },
      {
        "key": {
          "type": 0,
          "file": 2,
          "line": 77,
          "col": 3,
          "lit": "fetch-tags"
        },
        "value": {
          "type": 0,
          "file": 2,
          "line": 79,
          "col": 14,
          "lit": "false"
        }
      },
      {
        "key": {
          "type": 0,
          "file": 2,
          "line": 80,
          "col": 3,
          "lit": "show-progress"
        },
        "value": {
          "type": 0,
          "file": 2,
          "line": 82,
          "col": 14,
          "lit": "true"
        }
      },
      {
        "key": {
          "type": 0,
          "file": 2,
          "line": 83,
          "col": 3,
          "lit": "lfs"
        },
        "value": {
          "type": 0,
          "file": 2,
          "line": 85,
          "col": 14,
          "lit": "false"
        }
      },
      {
        "key": {
          "type": 0,
          "file": 2,
          "line": 86,
          "col": 3,
          "lit": "submodules"
        },
        "value": {
          "type": 0,
          "file": 2,
          "line": 94,
          "col": 14,
          "lit": "false"
        }
      },
      {
        "key": {
          "type": 0,
          "file": 2,
          "line": 95,
          "col": 3,
          "lit": "set-safe-directory"
        },
        "value": {
          "type": 0,
          "file": 2,
          "line": 97,
          "col": 14,
          "lit": "true"
        }
      },
      {
        "key": {
          "type": 0,
          "file": 2,
          "line": 98,
          "col": 3,
          "lit": "github-server-url"
        },
        "value": ""
      }
    ]
  },
  "execution": {
    "executionType": "nodeJS",
    "hasPre": false,
    "hasPost": true,
    "script": "dist/index.js",
    "pre": null,
    "post": "dist/index.js",
    "nodeVersion": "node20",
    "cleanupCondition": "always()",
    "initCondition": "always()"
  },
  "deprecated": null
}
[2025-03-19 13:44:44Z INFO ActionManager] Action pre node.js file: N/A.
[2025-03-19 13:44:44Z INFO ActionManager] Action node.js file: dist/index.js.
[2025-03-19 13:44:44Z INFO ActionManager] Action post node.js file: dist/index.js.
[2025-03-19 13:44:44Z INFO HostContext] Well known directory 'Bin': '/home/jenny/tensorflow-mri/actions-runner/bin'
[2025-03-19 13:44:44Z INFO HostContext] Well known directory 'Root': '/home/jenny/tensorflow-mri/actions-runner'
[2025-03-19 13:44:44Z INFO HostContext] Well known directory 'Work': '/home/jenny/tensorflow-mri/actions-runner/_work'
[2025-03-19 13:44:44Z INFO HostContext] Well known directory 'Temp': '/home/jenny/tensorflow-mri/actions-runner/_work/_temp'
[2025-03-19 13:44:44Z INFO ExecutionContext] Write event payload to /home/jenny/tensorflow-mri/actions-runner/_work/_temp/_github_workflow/event.json
[2025-03-19 13:44:44Z INFO HostContext] Well known directory 'Bin': '/home/jenny/tensorflow-mri/actions-runner/bin'
[2025-03-19 13:44:44Z INFO HostContext] Well known directory 'Root': '/home/jenny/tensorflow-mri/actions-runner'
[2025-03-19 13:44:44Z INFO HostContext] Well known directory 'Work': '/home/jenny/tensorflow-mri/actions-runner/_work'
[2025-03-19 13:44:44Z INFO HostContext] Well known directory 'Temp': '/home/jenny/tensorflow-mri/actions-runner/_work/_temp'
[2025-03-19 13:44:44Z INFO ExtensionManager] Getting extensions for interface: 'GitHub.Runner.Worker.IFileCommandExtension'
[2025-03-19 13:44:44Z INFO ActionManifestManager] Input 'repository': default value evaluate result: {
  "type": 0,
  "file": 2,
  "line": 6,
  "col": 14,
  "lit": "mrphys/tensorflow-mri"
}
[2025-03-19 13:44:44Z INFO ActionManifestManager] Input 'ref': default value evaluate result: ""
[2025-03-19 13:44:44Z INFO ActionManifestManager] Input 'token': default value evaluate result: {
  "type": 0,
  "file": 2,
  "line": 24,
  "col": 14,
  "lit": "***"
}
[2025-03-19 13:44:44Z INFO ActionManifestManager] Input 'ssh-key': default value evaluate result: ""
[2025-03-19 13:44:44Z INFO ActionManifestManager] Input 'ssh-known-hosts': default value evaluate result: ""
[2025-03-19 13:44:44Z INFO ActionManifestManager] Input 'ssh-strict': default value evaluate result: {
  "type": 0,
  "file": 2,
  "line": 47,
  "col": 14,
  "lit": "true"
}
[2025-03-19 13:44:44Z INFO ActionManifestManager] Input 'ssh-user': default value evaluate result: {
  "type": 0,
  "file": 2,
  "line": 51,
  "col": 14,
  "lit": "git"
}
[2025-03-19 13:44:44Z INFO ActionManifestManager] Input 'persist-credentials': default value evaluate result: {
  "type": 0,
  "file": 2,
  "line": 54,
  "col": 14,
  "lit": "true"
}
[2025-03-19 13:44:44Z INFO ActionManifestManager] Input 'path': default value evaluate result: ""
[2025-03-19 13:44:44Z INFO ActionManifestManager] Input 'clean': default value evaluate result: {
  "type": 0,
  "file": 2,
  "line": 59,
  "col": 14,
  "lit": "true"
}
[2025-03-19 13:44:44Z INFO ActionManifestManager] Input 'filter': default value evaluate result: {
  "type": 0,
  "file": 2,
  "line": 64,
  "col": 14,
  "lit": ""
}
[2025-03-19 13:44:44Z INFO ActionManifestManager] Input 'sparse-checkout': default value evaluate result: {
  "type": 0,
  "file": 2,
  "line": 69,
  "col": 14,
  "lit": ""
}
[2025-03-19 13:44:44Z INFO ActionManifestManager] Input 'sparse-checkout-cone-mode': default value evaluate result: {
  "type": 0,
  "file": 2,
  "line": 73,
  "col": 14,
  "lit": "true"
}
[2025-03-19 13:44:44Z INFO ActionManifestManager] Input 'fetch-depth': default value evaluate result: {
  "type": 0,
  "file": 2,
  "line": 76,
  "col": 14,
  "lit": "1"
}
[2025-03-19 13:44:44Z INFO ActionManifestManager] Input 'fetch-tags': default value evaluate result: {
  "type": 0,
  "file": 2,
  "line": 79,
  "col": 14,
  "lit": "false"
}
[2025-03-19 13:44:44Z INFO ActionManifestManager] Input 'show-progress': default value evaluate result: {
  "type": 0,
  "file": 2,
  "line": 82,
  "col": 14,
  "lit": "true"
}
[2025-03-19 13:44:44Z INFO ActionManifestManager] Input 'lfs': default value evaluate result: {
  "type": 0,
  "file": 2,
  "line": 85,
  "col": 14,
  "lit": "false"
}
[2025-03-19 13:44:44Z INFO ActionManifestManager] Input 'submodules': default value evaluate result: {
  "type": 0,
  "file": 2,
  "line": 94,
  "col": 14,
  "lit": "false"
}
[2025-03-19 13:44:44Z INFO ActionManifestManager] Input 'set-safe-directory': default value evaluate result: {
  "type": 0,
  "file": 2,
  "line": 97,
  "col": 14,
  "lit": "true"
}
[2025-03-19 13:44:44Z INFO ActionManifestManager] Input 'github-server-url': default value evaluate result: ""
[2025-03-19 13:44:44Z INFO ExtensionManager] Getting extensions for interface: 'GitHub.Runner.Worker.IActionCommandExtension'
[2025-03-19 13:44:44Z INFO ActionCommandManager] Register action command extension for command internal-set-repo-path
[2025-03-19 13:44:44Z INFO ActionCommandManager] Register action command extension for command set-env
[2025-03-19 13:44:44Z INFO ActionCommandManager] Register action command extension for command set-output
[2025-03-19 13:44:44Z INFO ActionCommandManager] Register action command extension for command save-state
[2025-03-19 13:44:44Z INFO ActionCommandManager] Register action command extension for command add-path
[2025-03-19 13:44:44Z INFO ActionCommandManager] Register action command extension for command add-mask
[2025-03-19 13:44:44Z INFO ActionCommandManager] Register action command extension for command add-matcher
[2025-03-19 13:44:44Z INFO ActionCommandManager] Register action command extension for command remove-matcher
[2025-03-19 13:44:44Z INFO ActionCommandManager] Register action command extension for command warning
[2025-03-19 13:44:44Z INFO ActionCommandManager] Register action command extension for command error
[2025-03-19 13:44:44Z INFO ActionCommandManager] Register action command extension for command notice
[2025-03-19 13:44:44Z INFO ActionCommandManager] Register action command extension for command debug
[2025-03-19 13:44:44Z INFO ActionCommandManager] Register action command extension for command group
[2025-03-19 13:44:44Z INFO ActionCommandManager] Register action command extension for command endgroup
[2025-03-19 13:44:44Z INFO ActionCommandManager] Register action command extension for command echo
[2025-03-19 13:44:44Z INFO HostContext] Well known directory 'Bin': '/home/jenny/tensorflow-mri/actions-runner/bin'
[2025-03-19 13:44:44Z INFO HostContext] Well known directory 'Root': '/home/jenny/tensorflow-mri/actions-runner'
[2025-03-19 13:44:44Z INFO HostContext] Well known directory 'Externals': '/home/jenny/tensorflow-mri/actions-runner/externals'
[2025-03-19 13:44:44Z INFO ProcessInvokerWrapper] Starting process:
[2025-03-19 13:44:44Z INFO ProcessInvokerWrapper]   File name: '/home/jenny/tensorflow-mri/actions-runner/externals/node20/bin/node'
[2025-03-19 13:44:44Z INFO ProcessInvokerWrapper]   Arguments: '"/home/jenny/tensorflow-mri/actions-runner/_work/_actions/actions/checkout/v4/dist/index.js"'
[2025-03-19 13:44:44Z INFO ProcessInvokerWrapper]   Working directory: '/home/jenny/tensorflow-mri/actions-runner/_work/tensorflow-mri/tensorflow-mri'
[2025-03-19 13:44:44Z INFO ProcessInvokerWrapper]   Require exit code zero: 'False'
[2025-03-19 13:44:44Z INFO ProcessInvokerWrapper]   Encoding web name:  ; code page: ''
[2025-03-19 13:44:44Z INFO ProcessInvokerWrapper]   Force kill process on cancellation: 'False'
[2025-03-19 13:44:44Z INFO ProcessInvokerWrapper]   Redirected STDIN: 'False'
[2025-03-19 13:44:44Z INFO ProcessInvokerWrapper]   Persist current code page: 'False'
[2025-03-19 13:44:44Z INFO ProcessInvokerWrapper]   Keep redirected STDIN open: 'False'
[2025-03-19 13:44:44Z INFO ProcessInvokerWrapper]   High priority process: 'False'
[2025-03-19 13:44:44Z INFO ProcessInvokerWrapper] Updated oom_score_adj to 500 for PID: 1873680.
[2025-03-19 13:44:44Z INFO ProcessInvokerWrapper] Process started with process id 1873680, waiting for process exit.
[2025-03-19 13:44:44Z INFO ProcessInvokerWrapper] STDOUT/STDERR stream read finished.
[2025-03-19 13:44:44Z INFO ProcessInvokerWrapper] STDOUT/STDERR stream read finished.
[2025-03-19 13:44:44Z INFO ProcessInvokerWrapper] Finished process 1873680 with exit code 0, and elapsed time 00:00:00.1080593.
[2025-03-19 13:44:44Z INFO CreateStepSummaryCommand] Step Summary file (/home/jenny/tensorflow-mri/actions-runner/_work/_temp/_runner_file_commands/step_summary_d091d7fa-8235-4f75-9e4d-d5b21848bab2) is empty; skipping attachment upload
[2025-03-19 13:44:44Z INFO StepsRunner] Step result: 
[2025-03-19 13:44:44Z INFO ExecutionContext] Publish step telemetry for current step {
  "action": "actions/checkout",
  "ref": "v4",
  "type": "node20",
  "stage": "Post",
  "stepId": "5c24eff9-0be6-4008-877a-ee2bffc6afa5",
  "result": "succeeded",
  "errorMessages": [],
  "executionTimeInSeconds": 1,
  "startTime": "2025-03-19T13:44:44.2922569Z",
  "finishTime": "2025-03-19T13:44:44.4085104Z"
}.
[2025-03-19 13:44:44Z INFO StepsRunner] No need for updating job result with current step result 'Succeeded'.
[2025-03-19 13:44:44Z INFO StepsRunner] Current state: job state = 'Failed'
[2025-03-19 13:44:44Z INFO JobRunner] Finalize job.
[2025-03-19 13:44:44Z INFO HostContext] Well known directory 'Bin': '/home/jenny/tensorflow-mri/actions-runner/bin'
[2025-03-19 13:44:44Z INFO HostContext] Well known directory 'Root': '/home/jenny/tensorflow-mri/actions-runner'
[2025-03-19 13:44:44Z INFO HostContext] Well known directory 'Diag': '/home/jenny/tensorflow-mri/actions-runner/_diag'
[2025-03-19 13:44:44Z INFO HostContext] Well known directory 'Bin': '/home/jenny/tensorflow-mri/actions-runner/bin'
[2025-03-19 13:44:44Z INFO HostContext] Well known directory 'Root': '/home/jenny/tensorflow-mri/actions-runner'
[2025-03-19 13:44:44Z INFO HostContext] Well known directory 'Diag': '/home/jenny/tensorflow-mri/actions-runner/_diag'
[2025-03-19 13:44:44Z INFO JobExtension] Initialize Env context
[2025-03-19 13:44:44Z INFO JobExtension] Initialize steps context
[2025-03-19 13:44:44Z INFO JobServerQueue] Try to append 1 batches web console lines for record 'b2a07d72-bca3-46ad-bb5e-7786df589fe1', success rate: 1/1.
[2025-03-19 13:44:44Z INFO JobServerQueue] Try to append 1 batches web console lines for record '5c24eff9-0be6-4008-877a-ee2bffc6afa5', success rate: 1/1.
[2025-03-19 13:44:44Z INFO JobServerQueue] Try to append 1 batches web console lines for record '00fd5548-c086-43ba-b375-b64f6f7afc52', success rate: 1/1.
[2025-03-19 13:44:44Z INFO JobExtension] Total accessible running process: 599.
[2025-03-19 13:44:44Z INFO JobExtension] Inspecting process environment variables. PID: 1013222 (kworker/22:0-mm_percpu_wq)
[2025-03-19 13:44:44Z INFO LinuxProcessExtensions] Read env from /proc/1013222/environ
[2025-03-19 13:44:44Z WARN JobExtension] Ignore exception during read process environment variables: Access to the path '/proc/1013222/environ' is denied.
[2025-03-19 13:44:44Z INFO JobExtension] Inspecting process environment variables. PID: 1249288 (kworker/29:0-events)
[2025-03-19 13:44:44Z INFO LinuxProcessExtensions] Read env from /proc/1249288/environ
[2025-03-19 13:44:44Z WARN JobExtension] Ignore exception during read process environment variables: Access to the path '/proc/1249288/environ' is denied.
[2025-03-19 13:44:44Z INFO JobExtension] Inspecting process environment variables. PID: 1407724 (kworker/16:0-mm_percpu_wq)
[2025-03-19 13:44:44Z INFO LinuxProcessExtensions] Read env from /proc/1407724/environ
[2025-03-19 13:44:44Z WARN JobExtension] Ignore exception during read process environment variables: Access to the path '/proc/1407724/environ' is denied.
[2025-03-19 13:44:44Z INFO JobExtension] Inspecting process environment variables. PID: 1407725 (kworker/1:0-mm_percpu_wq)
[2025-03-19 13:44:44Z INFO LinuxProcessExtensions] Read env from /proc/1407725/environ
[2025-03-19 13:44:44Z WARN JobExtension] Ignore exception during read process environment variables: Access to the path '/proc/1407725/environ' is denied.
[2025-03-19 13:44:44Z INFO JobExtension] Inspecting process environment variables. PID: 1432849 (kworker/4:1-mm_percpu_wq)
[2025-03-19 13:44:44Z INFO LinuxProcessExtensions] Read env from /proc/1432849/environ
[2025-03-19 13:44:44Z WARN JobExtension] Ignore exception during read process environment variables: Access to the path '/proc/1432849/environ' is denied.
[2025-03-19 13:44:44Z INFO JobExtension] Inspecting process environment variables. PID: 1433148 (kworker/2:2-mm_percpu_wq)
[2025-03-19 13:44:44Z INFO LinuxProcessExtensions] Read env from /proc/1433148/environ
[2025-03-19 13:44:44Z WARN JobExtension] Ignore exception during read process environment variables: Access to the path '/proc/1433148/environ' is denied.
[2025-03-19 13:44:44Z INFO JobExtension] Inspecting process environment variables. PID: 1444159 (kworker/18:2-mm_percpu_wq)
[2025-03-19 13:44:44Z INFO LinuxProcessExtensions] Read env from /proc/1444159/environ
[2025-03-19 13:44:44Z WARN JobExtension] Ignore exception during read process environment variables: Access to the path '/proc/1444159/environ' is denied.
[2025-03-19 13:44:44Z INFO JobExtension] Inspecting process environment variables. PID: 1444606 (kworker/7:1-mm_percpu_wq)
[2025-03-19 13:44:44Z INFO LinuxProcessExtensions] Read env from /proc/1444606/environ
[2025-03-19 13:44:44Z WARN JobExtension] Ignore exception during read process environment variables: Access to the path '/proc/1444606/environ' is denied.
[2025-03-19 13:44:44Z INFO JobExtension] Inspecting process environment variables. PID: 1444842 (kworker/24:0-mm_percpu_wq)
[2025-03-19 13:44:44Z INFO LinuxProcessExtensions] Read env from /proc/1444842/environ
[2025-03-19 13:44:44Z WARN JobExtension] Ignore exception during read process environment variables: Access to the path '/proc/1444842/environ' is denied.
[2025-03-19 13:44:44Z INFO JobExtension] Inspecting process environment variables. PID: 1554336 (kworker/12:2-mm_percpu_wq)
[2025-03-19 13:44:44Z INFO LinuxProcessExtensions] Read env from /proc/1554336/environ
[2025-03-19 13:44:44Z WARN JobExtension] Ignore exception during read process environment variables: Access to the path '/proc/1554336/environ' is denied.
[2025-03-19 13:44:44Z INFO JobExtension] Inspecting process environment variables. PID: 1554365 (kworker/13:1-mm_percpu_wq)
[2025-03-19 13:44:44Z INFO LinuxProcessExtensions] Read env from /proc/1554365/environ
[2025-03-19 13:44:44Z WARN JobExtension] Ignore exception during read process environment variables: Access to the path '/proc/1554365/environ' is denied.
[2025-03-19 13:44:44Z INFO JobExtension] Inspecting process environment variables. PID: 1706925 (kworker/u72:1-events_unbound)
[2025-03-19 13:44:44Z INFO LinuxProcessExtensions] Read env from /proc/1706925/environ
[2025-03-19 13:44:44Z WARN JobExtension] Ignore exception during read process environment variables: Access to the path '/proc/1706925/environ' is denied.
[2025-03-19 13:44:44Z INFO JobExtension] Inspecting process environment variables. PID: 1708636 (kworker/10:2-mm_percpu_wq)
[2025-03-19 13:44:44Z INFO LinuxProcessExtensions] Read env from /proc/1708636/environ
[2025-03-19 13:44:44Z WARN JobExtension] Ignore exception during read process environment variables: Access to the path '/proc/1708636/environ' is denied.
[2025-03-19 13:44:44Z INFO JobExtension] Inspecting process environment variables. PID: 1866090 (kworker/15:1-mm_percpu_wq)
[2025-03-19 13:44:44Z INFO LinuxProcessExtensions] Read env from /proc/1866090/environ
[2025-03-19 13:44:44Z WARN JobExtension] Ignore exception during read process environment variables: Access to the path '/proc/1866090/environ' is denied.
[2025-03-19 13:44:44Z INFO JobExtension] Inspecting process environment variables. PID: 1866105 (kworker/5:1-mm_percpu_wq)
[2025-03-19 13:44:44Z INFO LinuxProcessExtensions] Read env from /proc/1866105/environ
[2025-03-19 13:44:44Z WARN JobExtension] Ignore exception during read process environment variables: Access to the path '/proc/1866105/environ' is denied.
[2025-03-19 13:44:44Z INFO JobExtension] Inspecting process environment variables. PID: 1866106 (kworker/34:1-mm_percpu_wq)
[2025-03-19 13:44:44Z INFO LinuxProcessExtensions] Read env from /proc/1866106/environ
[2025-03-19 13:44:44Z WARN JobExtension] Ignore exception during read process environment variables: Access to the path '/proc/1866106/environ' is denied.
[2025-03-19 13:44:44Z INFO JobExtension] Inspecting process environment variables. PID: 1866268 (kworker/21:0-mm_percpu_wq)
[2025-03-19 13:44:44Z INFO LinuxProcessExtensions] Read env from /proc/1866268/environ
[2025-03-19 13:44:44Z WARN JobExtension] Ignore exception during read process environment variables: Access to the path '/proc/1866268/environ' is denied.
[2025-03-19 13:44:44Z INFO JobExtension] Inspecting process environment variables. PID: 1866293 (kworker/26:2-events)
[2025-03-19 13:44:44Z INFO LinuxProcessExtensions] Read env from /proc/1866293/environ
[2025-03-19 13:44:44Z WARN JobExtension] Ignore exception during read process environment variables: Access to the path '/proc/1866293/environ' is denied.
[2025-03-19 13:44:44Z INFO JobExtension] Inspecting process environment variables. PID: 1870515 (kworker/6:1-mm_percpu_wq)
[2025-03-19 13:44:44Z INFO LinuxProcessExtensions] Read env from /proc/1870515/environ
[2025-03-19 13:44:44Z WARN JobExtension] Ignore exception during read process environment variables: Access to the path '/proc/1870515/environ' is denied.
[2025-03-19 13:44:44Z INFO JobExtension] Inspecting process environment variables. PID: 1870524 (kworker/17:1-mm_percpu_wq)
[2025-03-19 13:44:44Z INFO LinuxProcessExtensions] Read env from /proc/1870524/environ
[2025-03-19 13:44:44Z WARN JobExtension] Ignore exception during read process environment variables: Access to the path '/proc/1870524/environ' is denied.
[2025-03-19 13:44:44Z INFO JobExtension] Inspecting process environment variables. PID: 1870610 (kworker/3:1-mm_percpu_wq)
[2025-03-19 13:44:44Z INFO LinuxProcessExtensions] Read env from /proc/1870610/environ
[2025-03-19 13:44:44Z WARN JobExtension] Ignore exception during read process environment variables: Access to the path '/proc/1870610/environ' is denied.
[2025-03-19 13:44:44Z INFO JobExtension] Inspecting process environment variables. PID: 1870933 (kworker/27:0-events)
[2025-03-19 13:44:44Z INFO LinuxProcessExtensions] Read env from /proc/1870933/environ
[2025-03-19 13:44:44Z WARN JobExtension] Ignore exception during read process environment variables: Access to the path '/proc/1870933/environ' is denied.
[2025-03-19 13:44:44Z INFO JobExtension] Inspecting process environment variables. PID: 1870956 (kworker/35:0-events)
[2025-03-19 13:44:44Z INFO LinuxProcessExtensions] Read env from /proc/1870956/environ
[2025-03-19 13:44:44Z WARN JobExtension] Ignore exception during read process environment variables: Access to the path '/proc/1870956/environ' is denied.
[2025-03-19 13:44:44Z INFO JobExtension] Inspecting process environment variables. PID: 1873618 (sleep)
[2025-03-19 13:44:44Z INFO LinuxProcessExtensions] Read env from /proc/1873618/environ
[2025-03-19 13:44:44Z WARN JobExtension] Ignore exception during read process environment variables: Access to the path '/proc/1873618/environ' is denied.
[2025-03-19 13:44:44Z INFO ExecutionContext] Publish step telemetry for current step {
  "action": "complete_job",
  "type": "runner",
  "stage": "Post",
  "stepId": "00fd5548-c086-43ba-b375-b64f6f7afc52",
  "result": "succeeded",
  "errorMessages": [],
  "executionTimeInSeconds": 1,
  "startTime": "2025-03-19T13:44:44.4135784Z",
  "finishTime": "2025-03-19T13:44:44.5008923Z"
}.
[2025-03-19 13:44:44Z INFO JobRunner] Job result after all job steps finish: Failed
[2025-03-19 13:44:44Z INFO JobRunner] Completing the job execution context.
[2025-03-19 13:44:44Z INFO JobRunner] Shutting down the job server queue.
[2025-03-19 13:44:44Z INFO JobServerQueue] Fire signal to shutdown all queues.
[2025-03-19 13:44:44Z INFO JobServerQueue] Got a step log file to send to results service.
[2025-03-19 13:44:44Z INFO JobServerQueue] Starting upload of step log file to results service ResultsLog, /home/jenny/tensorflow-mri/actions-runner/_diag/blocks/b0449f54-93fc-4d57-8f9f-b37b3b557707_ed15aa61-b88b-4bfa-949d-566eb9e8111c.1
[2025-03-19 13:44:45Z INFO JobServerQueue] Tried to upload 2 file(s) to results, success rate: 2/2.
[2025-03-19 13:44:46Z INFO JobServerQueue] All queue process task stopped.
[2025-03-19 13:44:46Z INFO JobServerQueue] Web console line queue drained.
[2025-03-19 13:44:46Z INFO JobServerQueue] Uploading 4 files in one shot.
[2025-03-19 13:44:46Z INFO JobServerQueue] Try to upload 4 log files or attachments, success rate: 4/4.
[2025-03-19 13:44:46Z INFO JobServerQueue] File upload queue drained.
[2025-03-19 13:44:46Z INFO JobServerQueue] Starting results-based upload queue...
[2025-03-19 13:44:46Z INFO JobServerQueue] Uploading 4 file(s) in one shot through results service.
[2025-03-19 13:44:46Z INFO JobServerQueue] Got a step log file to send to results service.
[2025-03-19 13:44:46Z INFO JobServerQueue] Starting upload of step log file to results service ResultsLog, /home/jenny/tensorflow-mri/actions-runner/_diag/blocks/b0449f54-93fc-4d57-8f9f-b37b3b557707_b2a07d72-bca3-46ad-bb5e-7786df589fe1.1
[2025-03-19 13:44:46Z INFO JobServerQueue] Got a step log file to send to results service.
[2025-03-19 13:44:46Z INFO JobServerQueue] Starting upload of step log file to results service ResultsLog, /home/jenny/tensorflow-mri/actions-runner/_diag/blocks/b0449f54-93fc-4d57-8f9f-b37b3b557707_5c24eff9-0be6-4008-877a-ee2bffc6afa5.1
[2025-03-19 13:44:46Z INFO JobServerQueue] Got a step log file to send to results service.
[2025-03-19 13:44:46Z INFO JobServerQueue] Starting upload of step log file to results service ResultsLog, /home/jenny/tensorflow-mri/actions-runner/_diag/blocks/b0449f54-93fc-4d57-8f9f-b37b3b557707_00fd5548-c086-43ba-b375-b64f6f7afc52.1
[2025-03-19 13:44:46Z INFO JobServerQueue] Got a job log file to send to results service.
[2025-03-19 13:44:46Z INFO JobServerQueue] Starting upload of job log file to results service ResultsLog, /home/jenny/tensorflow-mri/actions-runner/_diag/blocks/b0449f54-93fc-4d57-8f9f-b37b3b557707_e29adb2e-1048-5880-a635-e6b7d362ffbf.1
[2025-03-19 13:44:47Z INFO JobServerQueue] Tried to upload 4 file(s) to results, success rate: 4/4.
[2025-03-19 13:44:47Z INFO JobServerQueue] Results upload queue drained.
[2025-03-19 13:44:47Z INFO JobServerQueue] Timeline update queue drained.
[2025-03-19 13:44:47Z INFO JobServerQueue] Disposing job server ...
[2025-03-19 13:44:47Z INFO JobServerQueue] Disposing results server ...
[2025-03-19 13:44:47Z INFO JobServerQueue] All queue process tasks have been stopped, and all queues are drained.
[2025-03-19 13:44:47Z INFO TempDirectoryManager] Cleaning runner temp folder: /home/jenny/tensorflow-mri/actions-runner/_work/_temp
[2025-03-19 13:44:47Z ERR  TempDirectoryManager] System.IO.IOException: Access to the path '/home/jenny/tensorflow-mri/actions-runner/_work/_temp/_github_home/.config/matplotlib' is denied.
   at System.IO.FileSystem.RemoveEmptyDirectory(String fullPath, Boolean topLevel, Boolean throwWhenNotEmpty)
   at System.IO.DirectoryInfo.Delete()
   at GitHub.Runner.Sdk.IOUtil.DeleteDirectory(String path, Boolean contentsOnly, Boolean continueOnContentDeleteError, CancellationToken cancellationToken)
   at GitHub.Runner.Worker.TempDirectoryManager.CleanupTempDirectory()
[2025-03-19 13:44:47Z INFO HostContext] Well known directory 'Bin': '/home/jenny/tensorflow-mri/actions-runner/bin'
[2025-03-19 13:44:47Z INFO HostContext] Well known directory 'Root': '/home/jenny/tensorflow-mri/actions-runner'
[2025-03-19 13:44:47Z INFO HostContext] Well known directory 'Diag': '/home/jenny/tensorflow-mri/actions-runner/_diag'
[2025-03-19 13:44:47Z INFO HostContext] Well known config file 'Telemetry': '/home/jenny/tensorflow-mri/actions-runner/_diag/.telemetry'
[2025-03-19 13:44:47Z INFO JobRunner] Raising job completed against run service
[2025-03-19 13:44:47Z INFO Worker] Job completed.
