[2025-03-13 16:51:52Z INFO HostContext] No proxy settings were found based on environmental variables (http_proxy/https_proxy/HTTP_PROXY/HTTPS_PROXY)
[2025-03-13 16:51:52Z INFO HostContext] Well known directory 'Bin': '/home/jenny/tensorflow-mri/actions-runner/bin'
[2025-03-13 16:51:52Z INFO HostContext] Well known directory 'Root': '/home/jenny/tensorflow-mri/actions-runner'
[2025-03-13 16:51:52Z INFO HostContext] Well known config file 'Credentials': '/home/jenny/tensorflow-mri/actions-runner/.credentials'
[2025-03-13 16:51:52Z INFO HostContext] Well known directory 'Bin': '/home/jenny/tensorflow-mri/actions-runner/bin'
[2025-03-13 16:51:52Z INFO HostContext] Well known directory 'Root': '/home/jenny/tensorflow-mri/actions-runner'
[2025-03-13 16:51:52Z INFO HostContext] Well known config file 'Runner': '/home/jenny/tensorflow-mri/actions-runner/.runner'
[2025-03-13 16:51:52Z INFO Worker] Version: 2.322.0
[2025-03-13 16:51:52Z INFO Worker] Commit: 0edc478ca75d0a753dcbcec7405f3f26db67b1ac
[2025-03-13 16:51:52Z INFO Worker] Culture: en-GB
[2025-03-13 16:51:52Z INFO Worker] UI Culture: en-GB
[2025-03-13 16:51:52Z INFO Worker] Waiting to receive the job message from the channel.
[2025-03-13 16:51:52Z INFO ProcessChannel] Receiving message of length 32204, with hash '6672b0ddf36f2ea97a562a8593458f60cba6ff1016e7f51ddcfe555e189e8a14'
[2025-03-13 16:51:52Z INFO Worker] Message received.
[2025-03-13 16:51:52Z INFO Worker] Job message:
 {
  "environmentVariables": [
    {
      "type": 2,
      "file": 1,
      "line": 29,
      "col": 7,
      "map": [
        {
          "key": {
            "type": 0,
            "file": 1,
            "line": 29,
            "col": 7,
            "lit": "PYTHON"
          },
          "value": {
            "type": 3,
            "file": 1,
            "line": 29,
            "col": 15,
            "expr": "format('python{0}', matrix.py_version)"
          }
        }
      ]
    }
  ],
  "fileTable": [
    ".github/workflows/build-package.yml"
  ],
  "mask": [
    {
      "type": "regex",
      "value": "***"
    },
    {
      "type": "regex",
      "value": "***"
    },
    {
      "type": "regex",
      "value": "***"
    },
    {
      "type": "regex",
      "value": "***"
    },
    {
      "type": "regex",
      "value": "***"
    },
    {
      "type": "regex",
      "value": "***"
    },
    {
      "type": "regex",
      "value": "***"
    },
    {
      "type": "regex",
      "value": "***"
    },
    {
      "type": "regex",
      "value": "***"
    },
    {
      "type": "regex",
      "value": "***"
    },
    {
      "type": "regex",
      "value": "***"
    },
    {
      "type": "regex",
      "value": "***"
    },
    {
      "type": "regex",
      "value": "***"
    },
    {
      "type": "regex",
      "value": "***"
    },
    {
      "type": "regex",
      "value": "***"
    },
    {
      "type": "regex",
      "value": "***"
    },
    {
      "type": "regex",
      "value": "***"
    },
    {
      "type": "regex",
      "value": "***"
    },
    {
      "type": "regex",
      "value": "***"
    },
    {
      "type": "regex",
      "value": "***"
    }
  ],
  "steps": [
    {
      "type": "action",
      "reference": {
        "type": "repository",
        "name": "actions/checkout",
        "ref": "v4",
        "repositoryType": "GitHub",
        "path": ""
      },
      "displayNameToken": {
        "type": 0,
        "file": 1,
        "line": 32,
        "col": 15,
        "lit": "Checkout code"
      },
      "contextName": "__actions_checkout",
      "inputs": {
        "type": 2,
        "file": 1,
        "line": 35,
        "col": 11,
        "map": [
          {
            "key": {
              "type": 0,
              "file": 1,
              "line": 35,
              "col": 11,
              "lit": "lfs"
            },
            "value": {
              "type": 0,
              "file": 1,
              "line": 35,
              "col": 16,
              "lit": "true"
            }
          }
        ]
      },
      "condition": "success()",
      "id": "b2c96387-5c34-54ca-712d-22d88321f710",
      "name": "__actions_checkout"
    },
    {
      "type": "action",
      "reference": {
        "type": "script"
      },
      "displayNameToken": {
        "type": 0,
        "file": 1,
        "line": 37,
        "col": 15,
        "lit": "Free Disk Space Before Build"
      },
      "contextName": "__run",
      "inputs": {
        "type": 2,
        "map": [
          {
            "key": "script",
            "value": {
              "type": 0,
              "file": 1,
              "line": 38,
              "col": 14,
              "lit": "echo \"Disk space before cleanup:\"\ndf -h\nsudo rm -rf /usr/local/.ghcup\nsudo rm -rf /opt/hostedtoolcache/CodeQL\nsudo rm -rf /usr/local/lib/android/sdk/ndk\nsudo rm -rf /usr/share/dotnet\nsudo rm -rf /opt/ghc\nsudo rm -rf /usr/local/share/boost\n\nsudo rm -rf \"$AGENT_TOOLSDIRECTORY\"\n\nsudo apt-get clean\necho \"Disk space after cleanup:\"\ndf -h\n"
            }
          }
        ]
      },
      "condition": "success()",
      "id": "afdefef1-285a-5f26-422f-3965706e83b6",
      "name": "__run"
    },
    {
      "type": "action",
      "reference": {
        "type": "script"
      },
      "displayNameToken": {
        "type": 0,
        "file": 1,
        "line": 54,
        "col": 15,
        "lit": "Lint code"
      },
      "contextName": "__run_2",
      "inputs": {
        "type": 2,
        "map": [
          {
            "key": "script",
            "value": {
              "type": 3,
              "file": 1,
              "line": 55,
              "col": 14,
              "expr": "format('make lint PY_VERSION={0}\n', matrix.py_version)"
            }
          }
        ]
      },
      "condition": "success()",
      "id": "e3ba1310-fcab-55a0-8c9d-79019abc4f08",
      "name": "__run_2"
    },
    {
      "type": "action",
      "reference": {
        "type": "script"
      },
      "displayNameToken": {
        "type": 0,
        "file": 1,
        "line": 58,
        "col": 15,
        "lit": "Compile shared library"
      },
      "contextName": "__run_3",
      "inputs": {
        "type": 2,
        "map": [
          {
            "key": "script",
            "value": {
              "type": 3,
              "file": 1,
              "line": 59,
              "col": 14,
              "expr": "format('make PY_VERSION={0} CXX=/dt9/usr/bin/g++\n', matrix.py_version)"
            }
          }
        ]
      },
      "condition": "success()",
      "id": "2c17757e-3b22-544c-8364-13181694b8d1",
      "name": "__run_3"
    },
    {
      "type": "action",
      "reference": {
        "type": "script"
      },
      "displayNameToken": {
        "type": 0,
        "file": 1,
        "line": 62,
        "col": 15,
        "lit": "Install required packages"
      },
      "contextName": "__run_4",
      "inputs": {
        "type": 2,
        "map": [
          {
            "key": "script",
            "value": {
              "type": 0,
              "file": 1,
              "line": 63,
              "col": 14,
              "lit": "$PYTHON -m pip install --no-cache-dir -r requirements.txt\n"
            }
          }
        ]
      },
      "condition": "success()",
      "id": "2f52d3e2-d709-54a7-575c-60332788769e",
      "name": "__run_4"
    },
    {
      "type": "action",
      "reference": {
        "type": "script"
      },
      "displayNameToken": {
        "type": 0,
        "file": 1,
        "line": 66,
        "col": 15,
        "lit": "Run test suite"
      },
      "contextName": "__run_5",
      "inputs": {
        "type": 2,
        "map": [
          {
            "key": "script",
            "value": {
              "type": 3,
              "file": 1,
              "line": 67,
              "col": 14,
              "expr": "format('make test PY_VERSION={0}\n', matrix.py_version)"
            }
          }
        ]
      },
      "condition": "success()",
      "id": "966ebee8-92e1-5fd4-c81f-59c7a6a8463b",
      "name": "__run_5"
    },
    {
      "type": "action",
      "reference": {
        "type": "script"
      },
      "displayNameToken": {
        "type": 0,
        "file": 1,
        "line": 70,
        "col": 15,
        "lit": "Build wheel"
      },
      "contextName": "__run_6",
      "inputs": {
        "type": 2,
        "map": [
          {
            "key": "script",
            "value": {
              "type": 3,
              "file": 1,
              "line": 71,
              "col": 14,
              "expr": "format('make wheel PY_VERSION={0}\n', matrix.py_version)"
            }
          }
        ]
      },
      "condition": "success()",
      "id": "fddad893-06c0-56f0-7eb8-817477c64a54",
      "name": "__run_6"
    },
    {
      "type": "action",
      "reference": {
        "type": "script"
      },
      "displayNameToken": {
        "type": 0,
        "file": 1,
        "line": 74,
        "col": 15,
        "lit": "Build docs"
      },
      "contextName": "__run_7",
      "inputs": {
        "type": 2,
        "map": [
          {
            "key": "script",
            "value": {
              "type": 3,
              "file": 1,
              "line": 75,
              "col": 14,
              "expr": "format('make docs PY_VERSION={0}\n', matrix.py_version)"
            }
          }
        ]
      },
      "condition": "success()",
      "id": "47282266-0740-5fe4-0513-9993ea054a6f",
      "name": "__run_7"
    },
    {
      "type": "action",
      "reference": {
        "type": "repository",
        "name": "actions/upload-artifact",
        "ref": "v4",
        "repositoryType": "GitHub",
        "path": ""
      },
      "displayNameToken": {
        "type": 0,
        "file": 1,
        "line": 78,
        "col": 15,
        "lit": "Upload wheel"
      },
      "contextName": "__actions_upload-artifact",
      "inputs": {
        "type": 2,
        "file": 1,
        "line": 82,
        "col": 11,
        "map": [
          {
            "key": {
              "type": 0,
              "file": 1,
              "line": 82,
              "col": 11,
              "lit": "name"
            },
            "value": {
              "type": 3,
              "file": 1,
              "line": 82,
              "col": 17,
              "expr": "format('wheel-py{0}', matrix.py_version)"
            }
          },
          {
            "key": {
              "type": 0,
              "file": 1,
              "line": 83,
              "col": 11,
              "lit": "path"
            },
            "value": {
              "type": 0,
              "file": 1,
              "line": 83,
              "col": 17,
              "lit": "./artifacts/*.whl"
            }
          }
        ]
      },
      "condition": "success() && (startsWith(github.ref, 'refs/tags'))",
      "id": "4067b53b-72a6-5d9c-b3cd-afda25330f80",
      "name": "__actions_upload-artifact"
    },
    {
      "type": "action",
      "reference": {
        "type": "repository",
        "name": "actions/upload-artifact",
        "ref": "v4",
        "repositoryType": "GitHub",
        "path": ""
      },
      "displayNameToken": {
        "type": 0,
        "file": 1,
        "line": 85,
        "col": 15,
        "lit": "Upload docs"
      },
      "contextName": "__actions_upload-artifact_2",
      "inputs": {
        "type": 2,
        "file": 1,
        "line": 89,
        "col": 11,
        "map": [
          {
            "key": {
              "type": 0,
              "file": 1,
              "line": 89,
              "col": 11,
              "lit": "name"
            },
            "value": {
              "type": 0,
              "file": 1,
              "line": 89,
              "col": 17,
              "lit": "docs"
            }
          },
          {
            "key": {
              "type": 0,
              "file": 1,
              "line": 90,
              "col": 11,
              "lit": "path"
            },
            "value": {
              "type": 0,
              "file": 1,
              "line": 90,
              "col": 17,
              "lit": "./tools/docs/_build/dirhtml"
            }
          }
        ]
      },
      "condition": "success() && (startsWith(github.ref, 'refs/tags') && matrix.py_version == 3.9)",
      "id": "21d72ba0-a80b-5fa3-74de-f67042d4d3d5",
      "name": "__actions_upload-artifact_2"
    },
    {
      "type": "action",
      "reference": {
        "type": "repository",
        "name": "pypa/gh-action-pypi-publish",
        "ref": "release/v1.7",
        "repositoryType": "GitHub",
        "path": ""
      },
      "displayNameToken": {
        "type": 0,
        "file": 1,
        "line": 92,
        "col": 15,
        "lit": "Publish to Test PyPI"
      },
      "contextName": "__pypa_gh-action-pypi-publish",
      "inputs": {
        "type": 2,
        "file": 1,
        "line": 95,
        "col": 11,
        "map": [
          {
            "key": {
              "type": 0,
              "file": 1,
              "line": 95,
              "col": 11,
              "lit": "password"
            },
            "value": {
              "type": 3,
              "file": 1,
              "line": 95,
              "col": 21,
              "expr": "secrets.TEST_PYPI_API_TOKEN"
            }
          },
          {
            "key": {
              "type": 0,
              "file": 1,
              "line": 96,
              "col": 11,
              "lit": "repository-url"
            },
            "value": {
              "type": 0,
              "file": 1,
              "line": 96,
              "col": 27,
              "lit": "https://test.pypi.org/legacy/"
            }
          },
          {
            "key": {
              "type": 0,
              "file": 1,
              "line": 97,
              "col": 11,
              "lit": "packages-dir"
            },
            "value": {
              "type": 0,
              "file": 1,
              "line": 97,
              "col": 25,
              "lit": "artifacts/"
            }
          },
          {
            "key": {
              "type": 0,
              "file": 1,
              "line": 98,
              "col": 11,
              "lit": "skip-existing"
            },
            "value": {
              "type": 0,
              "file": 1,
              "line": 98,
              "col": 26,
              "lit": "true"
            }
          }
        ]
      },
      "condition": "success()",
      "id": "2ed5a162-d5e1-5779-d0f9-5196dec38a2b",
      "name": "__pypa_gh-action-pypi-publish"
    },
    {
      "type": "action",
      "reference": {
        "type": "script"
      },
      "displayNameToken": {
        "type": 0,
        "file": 1,
        "line": 100,
        "col": 15,
        "lit": "Free Disk Space After Build"
      },
      "contextName": "__run_8",
      "inputs": {
        "type": 2,
        "map": [
          {
            "key": "script",
            "value": {
              "type": 0,
              "file": 1,
              "line": 101,
              "col": 14,
              "lit": "echo \"Disk space before post-build cleanup:\"\ndf -h\nsudo rm -rf /usr/local/.ghcup\nsudo rm -rf /opt/hostedtoolcache/CodeQL\nsudo rm -rf /usr/local/lib/android/sdk/ndk\nsudo rm -rf /usr/share/dotnet\nsudo rm -rf /opt/ghc\nsudo rm -rf /usr/local/share/boost\n\nsudo rm -rf \"$AGENT_TOOLSDIRECTORY\"\n\nsudo apt-get clean\necho \"Disk space after post-build cleanup:\"\ndf -h\n"
            }
          }
        ]
      },
      "condition": "success()",
      "id": "4f36b10c-3b30-5261-db8c-b4d8f89350f7",
      "name": "__run_8"
    }
  ],
  "variables": {
    "system.testDotNet8Compatibility": {
      "value": "true"
    },
    "TEST_PYPI_API_TOKEN": {
      "value": "***",
      "isSecret": true
    },
    "system.isScheduled": {
      "value": "False"
    },
    "system.servertype": {
      "value": "Hosted"
    },
    "system.culture": {
      "value": ""
    },
    "system.pipelineStartTime": {
      "value": "2025-03-13 16:51:50+00:00"
    },
    "system.runner.lowdiskspacethreshold": {
      "value": "100"
    },
    "DistributedTask.NewActionMetadata": {
      "value": "true"
    },
    "DistributedTask.EnableCompositeActions": {
      "value": "true"
    },
    "DistributedTask.EnhancedAnnotations": {
      "value": "true"
    },
    "DistributedTask.UploadStepSummary": {
      "value": "true"
    },
    "DistributedTask.ForceGithubJavascriptActionsToNode16": {
      "value": "true"
    },
    "DistributedTask.ForceGithubJavascriptActionsToNode20": {
      "value": "true"
    },
    "DistributedTask.AddWarningToNode12Action": {
      "value": "true"
    },
    "DistributedTask.AddWarningToNode16Action": {
      "value": "true"
    },
    "DistributedTask.LogTemplateErrorsAsDebugMessages": {
      "value": "true"
    },
    "DistributedTask.AllowRunnerContainerHooks": {
      "value": "true"
    },
    "DistributedTask.DeprecateStepOutputCommands": {
      "value": "true"
    },
    "DistributedTask.UseWhich2": {
      "value": "true"
    },
    "DistributedTask.DetailUntarFailure": {
      "value": "true"
    },
    "DistributedTask.UseActionArchiveCache": {
      "value": "true"
    },
    "DistributedTask.EnableJobServerQueueTelemetry": {
      "value": "true"
    },
    "DistributedTask.MarkJobAsFailedOnWorkerCrash": {
      "value": "true"
    },
    "Actions.EnableHttpRedirects": {
      "value": "true"
    },
    "system.teamProjectId": {
      "value": "00000000-0000-0000-0000-000000000000"
    },
    "build.buildId": {
      "value": "78"
    },
    "build.containerId": {
      "value": "27585737"
    },
    "build.allowCreateArtifacts": {
      "value": "False"
    },
    "system.workflowFilePath": {
      "value": ".github/workflows/build-package.yml"
    },
    "system.phaseDisplayName": {
      "value": "Build package"
    },
    "system.phaseId": {
      "value": "6884a131-87da-5381-61f3-d7acc3b91d76"
    },
    "system.phaseName": {
      "value": "build"
    },
    "system.phaseAttempt": {
      "value": "1"
    },
    "system.jobIdentifier": {
      "value": "build._3_10"
    },
    "system.jobAttempt": {
      "value": "1"
    },
    "System.JobPositionInPhase": {
      "value": "3"
    },
    "System.TotalJobsInPhase": {
      "value": "3"
    },
    "system.github.job": {
      "value": "build"
    },
    "system.jobDisplayName": {
      "value": "Build package (3.10)"
    },
    "system.jobId": {
      "value": "d42c20df-8c41-5cde-0f8e-3f65be0e1af4"
    },
    "system.jobName": {
      "value": "_3_10"
    },
    "system.github.token.permissions": {
      "value": "{\"Actions\":\"write\",\"Attestations\":\"write\",\"Checks\":\"write\",\"Contents\":\"write\",\"Deployments\":\"write\",\"Discussions\":\"write\",\"Issues\":\"write\",\"Metadata\":\"read\",\"Packages\":\"write\",\"Pages\":\"write\",\"PullRequests\":\"write\",\"RepositoryProjects\":\"write\",\"SecurityEvents\":\"write\",\"Statuses\":\"write\"}"
    },
    "system.github.token": {
      "value": "***",
      "isSecret": true
    },
    "system.runnerEnvironment": {
      "value": "self-hosted"
    },
    "system.github.results_endpoint": {
      "value": "https://results-receiver.actions.githubusercontent.com/"
    },
    "system.github.results_upload_with_sdk": {
      "value": "True"
    },
    "actions_uses_cache_service_v2": {
      "value": "True"
    },
    "system.dotNet8CompatibilityOutputLength": {
      "value": "200"
    },
    "system.dotNet8CompatibilityOutputPattern": {
      "value": "GLIBCXX"
    },
    "system.dotNet8CompatibilityWarning": {
      "value": "The Actions runner will no longer support your OS version on November 1, 2024. Please upgrade to a supported version. For information, refer https://github.blog/changelog/2024-08-19-notice-of-upcoming-deprecations-and-breaking-changes-in-github-actions-runners/"
    },
    "system.orchestrationId": {
      "value": "604df001-1dfe-44b0-a8bd-44bfa2ebab8f.build._3_10"
    },
    "system.runnerGroupName": {
      "value": "Default"
    }
  },
  "messageType": "PipelineAgentJobRequest",
  "plan": {
    "scopeIdentifier": "00000000-0000-0000-0000-000000000000",
    "planType": "Actions",
    "version": 41,
    "planId": "604df001-1dfe-44b0-a8bd-44bfa2ebab8f",
    "planGroup": "Actions:00000000-0000-0000-0000-000000000000:1",
    "artifactUri": "vstfs:///Build/Build/78",
    "artifactLocation": null,
    "definition": {
      "_links": {},
      "id": 3,
      "name": "tensorflow-mri"
    },
    "owner": {
      "_links": {},
      "id": 3,
      "name": "mrphys"
    }
  },
  "timeline": {
    "id": "604df001-1dfe-44b0-a8bd-44bfa2ebab8f",
    "changeId": 0,
    "location": null
  },
  "jobId": "d42c20df-8c41-5cde-0f8e-3f65be0e1af4",
  "jobDisplayName": "Build package (3.10)",
  "jobName": "_3_10",
  "jobContainer": {
    "type": 2,
    "file": 1,
    "line": 22,
    "col": 7,
    "map": [
      {
        "key": {
          "type": 0,
          "file": 1,
          "line": 22,
          "col": 7,
          "lit": "image"
        },
        "value": {
          "type": 0,
          "file": 1,
          "line": 22,
          "col": 14,
          "lit": "ghcr.io/mrphys/tensorflow-manylinux:1.14.0"
        }
      }
    ]
  },
  "requestId": 248,
  "lockedUntil": "0001-01-01T00:00:00",
  "resources": {
    "endpoints": [
      {
        "data": {
          "ServerId": "ac295865-2679-48a9-b679-47f4db59a7f7",
          "ServerName": "vt3bImj3043IXjYZVOBEgt9xtkc1LUzoh1ehrojRmktneQJqoL",
          "CacheServerUrl": "https://acghubeus2.actions.githubusercontent.com/vt3bImj3043IXjYZVOBEgt9xtkc1LUzoh1ehrojRmktneQJqoL/",
          "FeedStreamUrl": "https://results-receiver.actions.githubusercontent.com/_ws/ingest.sock",
          "ResultsServiceUrl": "https://results-receiver.actions.githubusercontent.com/",
          "ConnectivityChecks": "[\"https://acghubeus0.actions.githubusercontent.com/_apis/health\",\"https://results-receiver.actions.githubusercontent.com/health\",\"https://pkg.actions.githubusercontent.com/health\",\"https://actions-results-receiver-production.githubapp.com/health\",\"https://run-actions-2-azure-eastus.actions.githubusercontent.com/12/health\",\"https://pipelinesghubeus25.actions.githubusercontent.com/_apis/health\"]"
        },
        "name": "SystemVssConnection",
        "url": "https://pipelinesghubeus25.actions.githubusercontent.com/vt3bImj3043IXjYZVOBEgt9xtkc1LUzoh1ehrojRmktneQJqoL/",
        "authorization": {
          "parameters": {
            "AccessToken": ***
          },
          "scheme": "OAuth"
        },
        "isShared": false,
        "isReady": true
      }
    ]
  },
  "contextData": {
    "github": {
      "t": 2,
      "d": [
        {
          "k": "ref",
          "v": "refs/heads/master"
        },
        {
          "k": "sha",
          "v": "2fa5bf836989529b99eead83ff3560a4b037f0d7"
        },
        {
          "k": "repository",
          "v": "mrphys/tensorflow-mri"
        },
        {
          "k": "repository_owner",
          "v": "mrphys"
        },
        {
          "k": "repository_owner_id",
          "v": "53480519"
        },
        {
          "k": "repositoryUrl",
          "v": "git://github.com/mrphys/tensorflow-mri.git"
        },
        {
          "k": "run_id",
          "v": "13840164510"
        },
        {
          "k": "run_number",
          "v": "217"
        },
        {
          "k": "retention_days",
          "v": "90"
        },
        {
          "k": "run_attempt",
          "v": "1"
        },
        {
          "k": "artifact_cache_size_limit",
          "v": "10"
        },
        {
          "k": "repository_visibility",
          "v": "public"
        },
        {
          "k": "repo-self-hosted-runners-disabled",
          "v": false
        },
        {
          "k": "enterprise-managed-business-id",
          "v": ""
        },
        {
          "k": "repository_id",
          "v": "388094708"
        },
        {
          "k": "actor_id",
          "v": "53479871"
        },
        {
          "k": "actor",
          "v": "jennifersteeden"
        },
        {
          "k": "triggering_actor",
          "v": "jennifersteeden"
        },
        {
          "k": "workflow",
          "v": "build"
        },
        {
          "k": "head_ref",
          "v": ""
        },
        {
          "k": "base_ref",
          "v": ""
        },
        {
          "k": "event_name",
          "v": "push"
        },
        {
          "k": "event",
          "v": {
            "t": 2,
            "d": [
              {
                "k": "after",
                "v": "2fa5bf836989529b99eead83ff3560a4b037f0d7"
              },
              {
                "k": "base_ref",
                "v": null
              },
              {
                "k": "before",
                "v": "c67c3092d5cb07c8e8eb7c785c6b4510bdc5d495"
              },
              {
                "k": "commits",
                "v": {
                  "t": 1,
                  "a": [
                    {
                      "t": 2,
                      "d": [
                        {
                          "k": "author",
                          "v": {
                            "t": 2,
                            "d": [
                              {
                                "k": "email",
                                "v": "jennifer.steeden@ucl.ac.uk"
                              },
                              {
                                "k": "name",
                                "v": "jennifersteeden"
                              },
                              {
                                "k": "username",
                                "v": "jennifersteeden"
                              }
                            ]
                          }
                        },
                        {
                          "k": "committer",
                          "v": {
                            "t": 2,
                            "d": [
                              {
                                "k": "email",
                                "v": "jennifer.steeden@ucl.ac.uk"
                              },
                              {
                                "k": "name",
                                "v": "jennifersteeden"
                              },
                              {
                                "k": "username",
                                "v": "jennifersteeden"
                              }
                            ]
                          }
                        },
                        {
                          "k": "distinct",
                          "v": true
                        },
                        {
                          "k": "id",
                          "v": "2fa5bf836989529b99eead83ff3560a4b037f0d7"
                        },
                        {
                          "k": "message",
                          "v": "updated yml to include runs-on: self-hosted"
                        },
                        {
                          "k": "timestamp",
                          "v": "2025-03-13T16:51:42Z"
                        },
                        {
                          "k": "tree_id",
                          "v": "a761937dd3006c771706c51046cfb9dc25e0e97d"
                        },
                        {
                          "k": "url",
                          "v": "https://github.com/mrphys/tensorflow-mri/commit/2fa5bf836989529b99eead83ff3560a4b037f0d7"
                        }
                      ]
                    }
                  ]
                }
              },
              {
                "k": "compare",
                "v": "https://github.com/mrphys/tensorflow-mri/compare/c67c3092d5cb...2fa5bf836989"
              },
              {
                "k": "created",
                "v": false
              },
              {
                "k": "deleted",
                "v": false
              },
              {
                "k": "forced",
                "v": false
              },
              {
                "k": "head_commit",
                "v": {
                  "t": 2,
                  "d": [
                    {
                      "k": "author",
                      "v": {
                        "t": 2,
                        "d": [
                          {
                            "k": "email",
                            "v": "jennifer.steeden@ucl.ac.uk"
                          },
                          {
                            "k": "name",
                            "v": "jennifersteeden"
                          },
                          {
                            "k": "username",
                            "v": "jennifersteeden"
                          }
                        ]
                      }
                    },
                    {
                      "k": "committer",
                      "v": {
                        "t": 2,
                        "d": [
                          {
                            "k": "email",
                            "v": "jennifer.steeden@ucl.ac.uk"
                          },
                          {
                            "k": "name",
                            "v": "jennifersteeden"
                          },
                          {
                            "k": "username",
                            "v": "jennifersteeden"
                          }
                        ]
                      }
                    },
                    {
                      "k": "distinct",
                      "v": true
                    },
                    {
                      "k": "id",
                      "v": "2fa5bf836989529b99eead83ff3560a4b037f0d7"
                    },
                    {
                      "k": "message",
                      "v": "updated yml to include runs-on: self-hosted"
                    },
                    {
                      "k": "timestamp",
                      "v": "2025-03-13T16:51:42Z"
                    },
                    {
                      "k": "tree_id",
                      "v": "a761937dd3006c771706c51046cfb9dc25e0e97d"
                    },
                    {
                      "k": "url",
                      "v": "https://github.com/mrphys/tensorflow-mri/commit/2fa5bf836989529b99eead83ff3560a4b037f0d7"
                    }
                  ]
                }
              },
              {
                "k": "organization",
                "v": {
                  "t": 2,
                  "d": [
                    {
                      "k": "avatar_url",
                      "v": "https://avatars.githubusercontent.com/u/53480519?v=4"
                    },
                    {
                      "k": "description",
                      "v": ""
                    },
                    {
                      "k": "events_url",
                      "v": "https://api.github.com/orgs/mrphys/events"
                    },
                    {
                      "k": "hooks_url",
                      "v": "https://api.github.com/orgs/mrphys/hooks"
                    },
                    {
                      "k": "id",
                      "v": 53480519.0
                    },
                    {
                      "k": "issues_url",
                      "v": "https://api.github.com/orgs/mrphys/issues"
                    },
                    {
                      "k": "login",
                      "v": "mrphys"
                    },
                    {
                      "k": "members_url",
                      "v": "https://api.github.com/orgs/mrphys/members{/member}"
                    },
                    {
                      "k": "node_id",
                      "v": "MDEyOk9yZ2FuaXphdGlvbjUzNDgwNTE5"
                    },
                    {
                      "k": "public_members_url",
                      "v": "https://api.github.com/orgs/mrphys/public_members{/member}"
                    },
                    {
                      "k": "repos_url",
                      "v": "https://api.github.com/orgs/mrphys/repos"
                    },
                    {
                      "k": "url",
                      "v": "https://api.github.com/orgs/mrphys"
                    }
                  ]
                }
              },
              {
                "k": "pusher",
                "v": {
                  "t": 2,
                  "d": [
                    {
                      "k": "email",
                      "v": "53479871+jennifersteeden@users.noreply.github.com"
                    },
                    {
                      "k": "name",
                      "v": "jennifersteeden"
                    }
                  ]
                }
              },
              {
                "k": "ref",
                "v": "refs/heads/master"
              },
              {
                "k": "repository",
                "v": {
                  "t": 2,
                  "d": [
                    {
                      "k": "allow_forking",
                      "v": true
                    },
                    {
                      "k": "archive_url",
                      "v": "https://api.github.com/repos/mrphys/tensorflow-mri/{archive_format}{/ref}"
                    },
                    {
                      "k": "archived",
                      "v": false
                    },
                    {
                      "k": "assignees_url",
                      "v": "https://api.github.com/repos/mrphys/tensorflow-mri/assignees{/user}"
                    },
                    {
                      "k": "blobs_url",
                      "v": "https://api.github.com/repos/mrphys/tensorflow-mri/git/blobs{/sha}"
                    },
                    {
                      "k": "branches_url",
                      "v": "https://api.github.com/repos/mrphys/tensorflow-mri/branches{/branch}"
                    },
                    {
                      "k": "clone_url",
                      "v": "https://github.com/mrphys/tensorflow-mri.git"
                    },
                    {
                      "k": "collaborators_url",
                      "v": "https://api.github.com/repos/mrphys/tensorflow-mri/collaborators{/collaborator}"
                    },
                    {
                      "k": "comments_url",
                      "v": "https://api.github.com/repos/mrphys/tensorflow-mri/comments{/number}"
                    },
                    {
                      "k": "commits_url",
                      "v": "https://api.github.com/repos/mrphys/tensorflow-mri/commits{/sha}"
                    },
                    {
                      "k": "compare_url",
                      "v": "https://api.github.com/repos/mrphys/tensorflow-mri/compare/{base}...{head}"
                    },
                    {
                      "k": "contents_url",
                      "v": "https://api.github.com/repos/mrphys/tensorflow-mri/contents/{+path}"
                    },
                    {
                      "k": "contributors_url",
                      "v": "https://api.github.com/repos/mrphys/tensorflow-mri/contributors"
                    },
                    {
                      "k": "created_at",
                      "v": 1626866930.0
                    },
                    {
                      "k": "custom_properties",
                      "v": {
                        "t": 2
                      }
                    },
                    {
                      "k": "default_branch",
                      "v": "master"
                    },
                    {
                      "k": "deployments_url",
                      "v": "https://api.github.com/repos/mrphys/tensorflow-mri/deployments"
                    },
                    {
                      "k": "description",
                      "v": "A Library of TensorFlow Operators for Computational MRI"
                    },
                    {
                      "k": "disabled",
                      "v": false
                    },
                    {
                      "k": "downloads_url",
                      "v": "https://api.github.com/repos/mrphys/tensorflow-mri/downloads"
                    },
                    {
                      "k": "events_url",
                      "v": "https://api.github.com/repos/mrphys/tensorflow-mri/events"
                    },
                    {
                      "k": "fork",
                      "v": false
                    },
                    {
                      "k": "forks",
                      "v": 3.0
                    },
                    {
                      "k": "forks_count",
                      "v": 3.0
                    },
                    {
                      "k": "forks_url",
                      "v": "https://api.github.com/repos/mrphys/tensorflow-mri/forks"
                    },
                    {
                      "k": "full_name",
                      "v": "mrphys/tensorflow-mri"
                    },
                    {
                      "k": "git_commits_url",
                      "v": "https://api.github.com/repos/mrphys/tensorflow-mri/git/commits{/sha}"
                    },
                    {
                      "k": "git_refs_url",
                      "v": "https://api.github.com/repos/mrphys/tensorflow-mri/git/refs{/sha}"
                    },
                    {
                      "k": "git_tags_url",
                      "v": "https://api.github.com/repos/mrphys/tensorflow-mri/git/tags{/sha}"
                    },
                    {
                      "k": "git_url",
                      "v": "git://github.com/mrphys/tensorflow-mri.git"
                    },
                    {
                      "k": "has_discussions",
                      "v": false
                    },
                    {
                      "k": "has_downloads",
                      "v": true
                    },
                    {
                      "k": "has_issues",
                      "v": true
                    },
                    {
                      "k": "has_pages",
                      "v": true
                    },
                    {
                      "k": "has_projects",
                      "v": true
                    },
                    {
                      "k": "has_wiki",
                      "v": true
                    },
                    {
                      "k": "homepage",
                      "v": "https://mrphys.github.io/tensorflow-mri/"
                    },
                    {
                      "k": "hooks_url",
                      "v": "https://api.github.com/repos/mrphys/tensorflow-mri/hooks"
                    },
                    {
                      "k": "html_url",
                      "v": "https://github.com/mrphys/tensorflow-mri"
                    },
                    {
                      "k": "id",
                      "v": 388094708.0
                    },
                    {
                      "k": "is_template",
                      "v": false
                    },
                    {
                      "k": "issue_comment_url",
                      "v": "https://api.github.com/repos/mrphys/tensorflow-mri/issues/comments{/number}"
                    },
                    {
                      "k": "issue_events_url",
                      "v": "https://api.github.com/repos/mrphys/tensorflow-mri/issues/events{/number}"
                    },
                    {
                      "k": "issues_url",
                      "v": "https://api.github.com/repos/mrphys/tensorflow-mri/issues{/number}"
                    },
                    {
                      "k": "keys_url",
                      "v": "https://api.github.com/repos/mrphys/tensorflow-mri/keys{/key_id}"
                    },
                    {
                      "k": "labels_url",
                      "v": "https://api.github.com/repos/mrphys/tensorflow-mri/labels{/name}"
                    },
                    {
                      "k": "language",
                      "v": "Jupyter Notebook"
                    },
                    {
                      "k": "languages_url",
                      "v": "https://api.github.com/repos/mrphys/tensorflow-mri/languages"
                    },
                    {
                      "k": "license",
                      "v": {
                        "t": 2,
                        "d": [
                          {
                            "k": "key",
                            "v": "apache-2.0"
                          },
                          {
                            "k": "name",
                            "v": "Apache License 2.0"
                          },
                          {
                            "k": "node_id",
                            "v": "MDc6TGljZW5zZTI="
                          },
                          {
                            "k": "spdx_id",
                            "v": "Apache-2.0"
                          },
                          {
                            "k": "url",
                            "v": "https://api.github.com/licenses/apache-2.0"
                          }
                        ]
                      }
                    },
                    {
                      "k": "master_branch",
                      "v": "master"
                    },
                    {
                      "k": "merges_url",
                      "v": "https://api.github.com/repos/mrphys/tensorflow-mri/merges"
                    },
                    {
                      "k": "milestones_url",
                      "v": "https://api.github.com/repos/mrphys/tensorflow-mri/milestones{/number}"
                    },
                    {
                      "k": "mirror_url",
                      "v": null
                    },
                    {
                      "k": "name",
                      "v": "tensorflow-mri"
                    },
                    {
                      "k": "node_id",
                      "v": "MDEwOlJlcG9zaXRvcnkzODgwOTQ3MDg="
                    },
                    {
                      "k": "notifications_url",
                      "v": "https://api.github.com/repos/mrphys/tensorflow-mri/notifications{?since,all,participating}"
                    },
                    {
                      "k": "open_issues",
                      "v": 8.0
                    },
                    {
                      "k": "open_issues_count",
                      "v": 8.0
                    },
                    {
                      "k": "organization",
                      "v": "mrphys"
                    },
                    {
                      "k": "owner",
                      "v": {
                        "t": 2,
                        "d": [
                          {
                            "k": "avatar_url",
                            "v": "https://avatars.githubusercontent.com/u/53480519?v=4"
                          },
                          {
                            "k": "email",
                            "v": null
                          },
                          {
                            "k": "events_url",
                            "v": "https://api.github.com/users/mrphys/events{/privacy}"
                          },
                          {
                            "k": "followers_url",
                            "v": "https://api.github.com/users/mrphys/followers"
                          },
                          {
                            "k": "following_url",
                            "v": "https://api.github.com/users/mrphys/following{/other_user}"
                          },
                          {
                            "k": "gists_url",
                            "v": "https://api.github.com/users/mrphys/gists{/gist_id}"
                          },
                          {
                            "k": "gravatar_id",
                            "v": ""
                          },
                          {
                            "k": "html_url",
                            "v": "https://github.com/mrphys"
                          },
                          {
                            "k": "id",
                            "v": 53480519.0
                          },
                          {
                            "k": "login",
                            "v": "mrphys"
                          },
                          {
                            "k": "name",
                            "v": "mrphys"
                          },
                          {
                            "k": "node_id",
                            "v": "MDEyOk9yZ2FuaXphdGlvbjUzNDgwNTE5"
                          },
                          {
                            "k": "organizations_url",
                            "v": "https://api.github.com/users/mrphys/orgs"
                          },
                          {
                            "k": "received_events_url",
                            "v": "https://api.github.com/users/mrphys/received_events"
                          },
                          {
                            "k": "repos_url",
                            "v": "https://api.github.com/users/mrphys/repos"
                          },
                          {
                            "k": "site_admin",
                            "v": false
                          },
                          {
                            "k": "starred_url",
                            "v": "https://api.github.com/users/mrphys/starred{/owner}{/repo}"
                          },
                          {
                            "k": "subscriptions_url",
                            "v": "https://api.github.com/users/mrphys/subscriptions"
                          },
                          {
                            "k": "type",
                            "v": "Organization"
                          },
                          {
                            "k": "url",
                            "v": "https://api.github.com/users/mrphys"
                          },
                          {
                            "k": "user_view_type",
                            "v": "public"
                          }
                        ]
                      }
                    },
                    {
                      "k": "private",
                      "v": false
                    },
                    {
                      "k": "pulls_url",
                      "v": "https://api.github.com/repos/mrphys/tensorflow-mri/pulls{/number}"
                    },
                    {
                      "k": "pushed_at",
                      "v": 1741884704.0
                    },
                    {
                      "k": "releases_url",
                      "v": "https://api.github.com/repos/mrphys/tensorflow-mri/releases{/id}"
                    },
                    {
                      "k": "size",
                      "v": 112992.0
                    },
                    {
                      "k": "ssh_url",
                      "v": "git@github.com:mrphys/tensorflow-mri.git"
                    },
                    {
                      "k": "stargazers",
                      "v": 40.0
                    },
                    {
                      "k": "stargazers_count",
                      "v": 40.0
                    },
                    {
                      "k": "stargazers_url",
                      "v": "https://api.github.com/repos/mrphys/tensorflow-mri/stargazers"
                    },
                    {
                      "k": "statuses_url",
                      "v": "https://api.github.com/repos/mrphys/tensorflow-mri/statuses/{sha}"
                    },
                    {
                      "k": "subscribers_url",
                      "v": "https://api.github.com/repos/mrphys/tensorflow-mri/subscribers"
                    },
                    {
                      "k": "subscription_url",
                      "v": "https://api.github.com/repos/mrphys/tensorflow-mri/subscription"
                    },
                    {
                      "k": "svn_url",
                      "v": "https://github.com/mrphys/tensorflow-mri"
                    },
                    {
                      "k": "tags_url",
                      "v": "https://api.github.com/repos/mrphys/tensorflow-mri/tags"
                    },
                    {
                      "k": "teams_url",
                      "v": "https://api.github.com/repos/mrphys/tensorflow-mri/teams"
                    },
                    {
                      "k": "topics",
                      "v": {
                        "t": 1,
                        "a": [
                          "machine-learning",
                          "magnetic-resonance-imaging",
                          "ml",
                          "mri",
                          "python",
                          "tensorflow"
                        ]
                      }
                    },
                    {
                      "k": "trees_url",
                      "v": "https://api.github.com/repos/mrphys/tensorflow-mri/git/trees{/sha}"
                    },
                    {
                      "k": "updated_at",
                      "v": "2025-03-13T16:27:52Z"
                    },
                    {
                      "k": "url",
                      "v": "https://github.com/mrphys/tensorflow-mri"
                    },
                    {
                      "k": "visibility",
                      "v": "public"
                    },
                    {
                      "k": "watchers",
                      "v": 40.0
                    },
                    {
                      "k": "watchers_count",
                      "v": 40.0
                    },
                    {
                      "k": "web_commit_signoff_required",
                      "v": false
                    }
                  ]
                }
              },
              {
                "k": "sender",
                "v": {
                  "t": 2,
                  "d": [
                    {
                      "k": "avatar_url",
                      "v": "https://avatars.githubusercontent.com/u/53479871?v=4"
                    },
                    {
                      "k": "events_url",
                      "v": "https://api.github.com/users/jennifersteeden/events{/privacy}"
                    },
                    {
                      "k": "followers_url",
                      "v": "https://api.github.com/users/jennifersteeden/followers"
                    },
                    {
                      "k": "following_url",
                      "v": "https://api.github.com/users/jennifersteeden/following{/other_user}"
                    },
                    {
                      "k": "gists_url",
                      "v": "https://api.github.com/users/jennifersteeden/gists{/gist_id}"
                    },
                    {
                      "k": "gravatar_id",
                      "v": ""
                    },
                    {
                      "k": "html_url",
                      "v": "https://github.com/jennifersteeden"
                    },
                    {
                      "k": "id",
                      "v": 53479871.0
                    },
                    {
                      "k": "login",
                      "v": "jennifersteeden"
                    },
                    {
                      "k": "node_id",
                      "v": "MDQ6VXNlcjUzNDc5ODcx"
                    },
                    {
                      "k": "organizations_url",
                      "v": "https://api.github.com/users/jennifersteeden/orgs"
                    },
                    {
                      "k": "received_events_url",
                      "v": "https://api.github.com/users/jennifersteeden/received_events"
                    },
                    {
                      "k": "repos_url",
                      "v": "https://api.github.com/users/jennifersteeden/repos"
                    },
                    {
                      "k": "site_admin",
                      "v": false
                    },
                    {
                      "k": "starred_url",
                      "v": "https://api.github.com/users/jennifersteeden/starred{/owner}{/repo}"
                    },
                    {
                      "k": "subscriptions_url",
                      "v": "https://api.github.com/users/jennifersteeden/subscriptions"
                    },
                    {
                      "k": "type",
                      "v": "User"
                    },
                    {
                      "k": "url",
                      "v": "https://api.github.com/users/jennifersteeden"
                    },
                    {
                      "k": "user_view_type",
                      "v": "public"
                    }
                  ]
                }
              }
            ]
          }
        },
        {
          "k": "server_url",
          "v": "https://github.com"
        },
        {
          "k": "api_url",
          "v": "https://api.github.com"
        },
        {
          "k": "graphql_url",
          "v": "https://api.github.com/graphql"
        },
        {
          "k": "ref_name",
          "v": "master"
        },
        {
          "k": "ref_protected",
          "v": true
        },
        {
          "k": "ref_type",
          "v": "branch"
        },
        {
          "k": "secret_source",
          "v": "Actions"
        },
        {
          "k": "workflow_ref",
          "v": "mrphys/tensorflow-mri/.github/workflows/build-package.yml@refs/heads/master"
        },
        {
          "k": "workflow_sha",
          "v": "2fa5bf836989529b99eead83ff3560a4b037f0d7"
        }
      ]
    },
    "run-feature-flags": {
      "t": 2,
      "d": [
        {
          "k": "actions_stream_logs_via_results_service",
          "v": true
        },
        {
          "k": "actions_use_results_service",
          "v": true
        },
        {
          "k": "actions_uses_cache_service_v2",
          "v": true
        },
        {
          "k": "block_artifacts_v3_exempted",
          "v": false
        },
        {
          "k": "larger_runners_custom_image_generation",
          "v": false
        }
      ]
    },
    "partialrerun": false,
    "needs": {
      "t": 2
    },
    "vars": null,
    "inputs": {
      "t": 2
    },
    "matrix": {
      "t": 2,
      "d": [
        {
          "k": "py_version",
          "v": "3.10"
        }
      ]
    },
    "strategy": {
      "t": 2,
      "d": [
        {
          "k": "fail-fast",
          "v": true
        },
        {
          "k": "job-index",
          "v": 2.0
        },
        {
          "k": "job-total",
          "v": 3.0
        },
        {
          "k": "max-parallel",
          "v": 3.0
        }
      ]
    },
    "EndpointsOverride": null
  }
}
[2025-03-13 16:51:52Z INFO JobRunner] Job ID d42c20df-8c41-5cde-0f8e-3f65be0e1af4
[2025-03-13 16:51:52Z INFO ConfigurationStore] currentAssemblyLocation: /home/jenny/tensorflow-mri/actions-runner/bin/Runner.Worker.dll
[2025-03-13 16:51:52Z INFO HostContext] Well known directory 'Bin': '/home/jenny/tensorflow-mri/actions-runner/bin'
[2025-03-13 16:51:52Z INFO ConfigurationStore] binPath: /home/jenny/tensorflow-mri/actions-runner/bin
[2025-03-13 16:51:52Z INFO HostContext] Well known directory 'Bin': '/home/jenny/tensorflow-mri/actions-runner/bin'
[2025-03-13 16:51:52Z INFO HostContext] Well known directory 'Root': '/home/jenny/tensorflow-mri/actions-runner'
[2025-03-13 16:51:52Z INFO ConfigurationStore] RootFolder: /home/jenny/tensorflow-mri/actions-runner
[2025-03-13 16:51:52Z INFO HostContext] Well known directory 'Bin': '/home/jenny/tensorflow-mri/actions-runner/bin'
[2025-03-13 16:51:52Z INFO HostContext] Well known directory 'Root': '/home/jenny/tensorflow-mri/actions-runner'
[2025-03-13 16:51:52Z INFO HostContext] Well known config file 'Runner': '/home/jenny/tensorflow-mri/actions-runner/.runner'
[2025-03-13 16:51:52Z INFO ConfigurationStore] ConfigFilePath: /home/jenny/tensorflow-mri/actions-runner/.runner
[2025-03-13 16:51:52Z INFO HostContext] Well known directory 'Bin': '/home/jenny/tensorflow-mri/actions-runner/bin'
[2025-03-13 16:51:52Z INFO HostContext] Well known directory 'Root': '/home/jenny/tensorflow-mri/actions-runner'
[2025-03-13 16:51:52Z INFO HostContext] Well known config file 'Credentials': '/home/jenny/tensorflow-mri/actions-runner/.credentials'
[2025-03-13 16:51:52Z INFO ConfigurationStore] CredFilePath: /home/jenny/tensorflow-mri/actions-runner/.credentials
[2025-03-13 16:51:52Z INFO HostContext] Well known directory 'Bin': '/home/jenny/tensorflow-mri/actions-runner/bin'
[2025-03-13 16:51:52Z INFO HostContext] Well known directory 'Root': '/home/jenny/tensorflow-mri/actions-runner'
[2025-03-13 16:51:52Z INFO HostContext] Well known config file 'MigratedCredentials': '/home/jenny/tensorflow-mri/actions-runner/.credentials_migrated'
[2025-03-13 16:51:52Z INFO ConfigurationStore] MigratedCredFilePath: /home/jenny/tensorflow-mri/actions-runner/.credentials_migrated
[2025-03-13 16:51:52Z INFO HostContext] Well known directory 'Bin': '/home/jenny/tensorflow-mri/actions-runner/bin'
[2025-03-13 16:51:52Z INFO HostContext] Well known directory 'Root': '/home/jenny/tensorflow-mri/actions-runner'
[2025-03-13 16:51:52Z INFO HostContext] Well known config file 'Service': '/home/jenny/tensorflow-mri/actions-runner/.service'
[2025-03-13 16:51:52Z INFO ConfigurationStore] ServiceConfigFilePath: /home/jenny/tensorflow-mri/actions-runner/.service
[2025-03-13 16:51:52Z INFO ConfigurationStore] Read setting file: 294 chars
[2025-03-13 16:51:52Z INFO JobRunner] Creating job server with URL: https://pipelinesghubeus25.actions.githubusercontent.com/vt3bImj3043IXjYZVOBEgt9xtkc1LUzoh1ehrojRmktneQJqoL/
[2025-03-13 16:51:52Z INFO GitHubActionsService] Starting operation Location.GetConnectionData
[2025-03-13 16:51:52Z INFO Worker] Listening for cancel message from the channel.
[2025-03-13 16:51:52Z INFO Worker] Waiting for the job to complete or for a cancel message from the channel.
[2025-03-13 16:51:53Z INFO GitHubActionsService] Finished operation Location.GetConnectionData
[2025-03-13 16:51:53Z INFO JobServer] Creating websocket client ...wss://results-receiver.actions.githubusercontent.com/_ws/ingest.sock
[2025-03-13 16:51:53Z INFO JobServer] Attempting to start websocket client with delay 00:00:00.
[2025-03-13 16:51:53Z INFO JobServerQueue] Initializing results client
[2025-03-13 16:51:53Z INFO JobServerQueue] Start process web console line queue.
[2025-03-13 16:51:53Z INFO JobServerQueue] Start process file upload queue.
[2025-03-13 16:51:53Z INFO JobServerQueue] Start results file upload queue.
[2025-03-13 16:51:53Z INFO JobServerQueue] Starting results-based upload queue...
[2025-03-13 16:51:53Z INFO JobServerQueue] Start process timeline update queue.
[2025-03-13 16:51:53Z INFO ExecutionContext] Initialize GitHub context
[2025-03-13 16:51:53Z INFO ExecutionContext] Initialize Env context
[2025-03-13 16:51:53Z INFO HostContext] Well known directory 'Bin': '/home/jenny/tensorflow-mri/actions-runner/bin'
[2025-03-13 16:51:53Z INFO HostContext] Well known directory 'Root': '/home/jenny/tensorflow-mri/actions-runner'
[2025-03-13 16:51:53Z INFO HostContext] Well known directory 'Diag': '/home/jenny/tensorflow-mri/actions-runner/_diag'
[2025-03-13 16:51:53Z INFO HostContext] Well known directory 'Bin': '/home/jenny/tensorflow-mri/actions-runner/bin'
[2025-03-13 16:51:53Z INFO HostContext] Well known directory 'Root': '/home/jenny/tensorflow-mri/actions-runner'
[2025-03-13 16:51:53Z INFO HostContext] Well known directory 'Diag': '/home/jenny/tensorflow-mri/actions-runner/_diag'
[2025-03-13 16:51:53Z INFO JobRunner] Starting the job execution context.
[2025-03-13 16:51:53Z INFO HostContext] Well known directory 'Bin': '/home/jenny/tensorflow-mri/actions-runner/bin'
[2025-03-13 16:51:53Z INFO HostContext] Well known directory 'Root': '/home/jenny/tensorflow-mri/actions-runner'
[2025-03-13 16:51:53Z INFO HostContext] Well known directory 'Work': '/home/jenny/tensorflow-mri/actions-runner/_work'
[2025-03-13 16:51:53Z INFO JobRunner] Validating directory permissions for: '/home/jenny/tensorflow-mri/actions-runner/_work'
[2025-03-13 16:51:53Z INFO HostContext] Well known directory 'Bin': '/home/jenny/tensorflow-mri/actions-runner/bin'
[2025-03-13 16:51:53Z INFO HostContext] Well known directory 'Root': '/home/jenny/tensorflow-mri/actions-runner'
[2025-03-13 16:51:53Z INFO HostContext] Well known directory 'Work': '/home/jenny/tensorflow-mri/actions-runner/_work'
[2025-03-13 16:51:53Z INFO HostContext] Well known directory 'Tools': '/home/jenny/tensorflow-mri/actions-runner/_work/_tool'
[2025-03-13 16:51:53Z INFO HostContext] Well known directory 'Bin': '/home/jenny/tensorflow-mri/actions-runner/bin'
[2025-03-13 16:51:53Z INFO HostContext] Well known directory 'Root': '/home/jenny/tensorflow-mri/actions-runner'
[2025-03-13 16:51:53Z INFO HostContext] Well known directory 'Work': '/home/jenny/tensorflow-mri/actions-runner/_work'
[2025-03-13 16:51:53Z INFO HostContext] Well known directory 'Temp': '/home/jenny/tensorflow-mri/actions-runner/_work/_temp'
[2025-03-13 16:51:53Z INFO JobRunner] Getting job extension.
[2025-03-13 16:51:53Z INFO JobRunner] Initialize job. Getting all job steps.
[2025-03-13 16:51:53Z INFO HostContext] Well known directory 'Bin': '/home/jenny/tensorflow-mri/actions-runner/bin'
[2025-03-13 16:51:53Z INFO HostContext] Well known directory 'Root': '/home/jenny/tensorflow-mri/actions-runner'
[2025-03-13 16:51:53Z INFO HostContext] Well known directory 'Diag': '/home/jenny/tensorflow-mri/actions-runner/_diag'
[2025-03-13 16:51:53Z INFO HostContext] Well known directory 'Bin': '/home/jenny/tensorflow-mri/actions-runner/bin'
[2025-03-13 16:51:53Z INFO HostContext] Well known directory 'Root': '/home/jenny/tensorflow-mri/actions-runner'
[2025-03-13 16:51:53Z INFO HostContext] Well known directory 'Diag': '/home/jenny/tensorflow-mri/actions-runner/_diag'
[2025-03-13 16:51:53Z INFO HostContext] Well known directory 'Bin': '/home/jenny/tensorflow-mri/actions-runner/bin'
[2025-03-13 16:51:53Z INFO HostContext] Well known directory 'Root': '/home/jenny/tensorflow-mri/actions-runner'
[2025-03-13 16:51:53Z INFO HostContext] Well known config file 'Credentials': '/home/jenny/tensorflow-mri/actions-runner/.credentials'
[2025-03-13 16:51:53Z INFO HostContext] Well known directory 'Bin': '/home/jenny/tensorflow-mri/actions-runner/bin'
[2025-03-13 16:51:53Z INFO HostContext] Well known directory 'Root': '/home/jenny/tensorflow-mri/actions-runner'
[2025-03-13 16:51:53Z INFO HostContext] Well known config file 'SetupInfo': '/home/jenny/tensorflow-mri/actions-runner/.setup_info'
[2025-03-13 16:51:53Z INFO HostContext] Well known directory 'Bin': '/home/jenny/tensorflow-mri/actions-runner/bin'
[2025-03-13 16:51:53Z INFO HostContext] Well known directory 'Root': '/home/jenny/tensorflow-mri/actions-runner'
[2025-03-13 16:51:53Z INFO HostContext] Well known directory 'Work': '/home/jenny/tensorflow-mri/actions-runner/_work'
[2025-03-13 16:51:53Z INFO PipelineDirectoryManager] Loading tracking config if exists: /home/jenny/tensorflow-mri/actions-runner/_work/_PipelineMapping/mrphys/tensorflow-mri/PipelineFolder.json
[2025-03-13 16:51:53Z INFO PipelineDirectoryManager] Creating a new tracking config file.
[2025-03-13 16:51:53Z INFO HostContext] Well known directory 'Bin': '/home/jenny/tensorflow-mri/actions-runner/bin'
[2025-03-13 16:51:53Z INFO HostContext] Well known directory 'Root': '/home/jenny/tensorflow-mri/actions-runner'
[2025-03-13 16:51:53Z INFO HostContext] Well known directory 'Work': '/home/jenny/tensorflow-mri/actions-runner/_work'
[2025-03-13 16:51:53Z INFO PipelineDirectoryManager] Creating pipeline directory.
[2025-03-13 16:51:53Z INFO HostContext] Well known directory 'Bin': '/home/jenny/tensorflow-mri/actions-runner/bin'
[2025-03-13 16:51:53Z INFO HostContext] Well known directory 'Root': '/home/jenny/tensorflow-mri/actions-runner'
[2025-03-13 16:51:53Z INFO HostContext] Well known directory 'Work': '/home/jenny/tensorflow-mri/actions-runner/_work'
[2025-03-13 16:51:53Z INFO PipelineDirectoryManager] Creating workspace directory.
[2025-03-13 16:51:53Z INFO HostContext] Well known directory 'Bin': '/home/jenny/tensorflow-mri/actions-runner/bin'
[2025-03-13 16:51:53Z INFO HostContext] Well known directory 'Root': '/home/jenny/tensorflow-mri/actions-runner'
[2025-03-13 16:51:53Z INFO HostContext] Well known directory 'Work': '/home/jenny/tensorflow-mri/actions-runner/_work'
[2025-03-13 16:51:53Z INFO HostContext] Well known directory 'Bin': '/home/jenny/tensorflow-mri/actions-runner/bin'
[2025-03-13 16:51:53Z INFO HostContext] Well known directory 'Root': '/home/jenny/tensorflow-mri/actions-runner'
[2025-03-13 16:51:53Z INFO HostContext] Well known directory 'Work': '/home/jenny/tensorflow-mri/actions-runner/_work'
[2025-03-13 16:51:53Z INFO HostContext] Well known directory 'Bin': '/home/jenny/tensorflow-mri/actions-runner/bin'
[2025-03-13 16:51:53Z INFO HostContext] Well known directory 'Root': '/home/jenny/tensorflow-mri/actions-runner'
[2025-03-13 16:51:53Z INFO HostContext] Well known directory 'Work': '/home/jenny/tensorflow-mri/actions-runner/_work'
[2025-03-13 16:51:53Z INFO HostContext] Well known directory 'Tools': '/home/jenny/tensorflow-mri/actions-runner/_work/_tool'
[2025-03-13 16:51:53Z INFO HostContext] Well known directory 'Bin': '/home/jenny/tensorflow-mri/actions-runner/bin'
[2025-03-13 16:51:53Z INFO HostContext] Well known directory 'Root': '/home/jenny/tensorflow-mri/actions-runner'
[2025-03-13 16:51:53Z INFO HostContext] Well known directory 'Externals': '/home/jenny/tensorflow-mri/actions-runner/externals'
[2025-03-13 16:51:53Z INFO JobExtension] Downloading actions
[2025-03-13 16:51:53Z INFO HostContext] Well known directory 'Bin': '/home/jenny/tensorflow-mri/actions-runner/bin'
[2025-03-13 16:51:53Z INFO HostContext] Well known directory 'Root': '/home/jenny/tensorflow-mri/actions-runner'
[2025-03-13 16:51:53Z INFO HostContext] Well known directory 'Work': '/home/jenny/tensorflow-mri/actions-runner/_work'
[2025-03-13 16:51:53Z INFO HostContext] Well known directory 'Actions': '/home/jenny/tensorflow-mri/actions-runner/_work/_actions'
[2025-03-13 16:51:53Z INFO JobServer] Successfully started websocket client.
[2025-03-13 16:51:53Z INFO JobServerQueue] Try to append 1 batches web console lines for record 'e74f17c6-9e85-4d55-a06f-8e714d658a45', success rate: 1/1.
[2025-03-13 16:51:53Z INFO HostContext] Well known directory 'Bin': '/home/jenny/tensorflow-mri/actions-runner/bin'
[2025-03-13 16:51:53Z INFO HostContext] Well known directory 'Root': '/home/jenny/tensorflow-mri/actions-runner'
[2025-03-13 16:51:53Z INFO HostContext] Well known directory 'Work': '/home/jenny/tensorflow-mri/actions-runner/_work'
[2025-03-13 16:51:53Z INFO HostContext] Well known directory 'Actions': '/home/jenny/tensorflow-mri/actions-runner/_work/_actions'
[2025-03-13 16:51:53Z INFO HostContext] Well known directory 'Bin': '/home/jenny/tensorflow-mri/actions-runner/bin'
[2025-03-13 16:51:53Z INFO HostContext] Well known directory 'Root': '/home/jenny/tensorflow-mri/actions-runner'
[2025-03-13 16:51:53Z INFO HostContext] Well known directory 'Work': '/home/jenny/tensorflow-mri/actions-runner/_work'
[2025-03-13 16:51:53Z INFO HostContext] Well known directory 'Actions': '/home/jenny/tensorflow-mri/actions-runner/_work/_actions'
[2025-03-13 16:51:53Z INFO ActionManager] Save archive 'https://api.github.com/repos/actions/checkout/tarball/11bd71901bbe5b1630ceea73d27597364c9af683' into /home/jenny/tensorflow-mri/actions-runner/_work/_actions/_temp_953aedf9-92e9-44c3-a458-e3b3eba8df39/180b5e6c-491e-43b5-8254-a8fadfdb1ea8.tar.gz.
[2025-03-13 16:51:53Z INFO JobServerQueue] Try to append 1 batches web console lines for record 'e74f17c6-9e85-4d55-a06f-8e714d658a45', success rate: 1/1.
[2025-03-13 16:51:53Z INFO ActionManager] Request URL: https://api.github.com/repos/actions/checkout/tarball/11bd71901bbe5b1630ceea73d27597364c9af683 X-GitHub-Request-Id: DAAC:16F068:2E285:D0107:67D30D29 Http Status: OK
[2025-03-13 16:51:53Z INFO ActionManager] Which2: 'tar'
[2025-03-13 16:51:53Z INFO ActionManager] Location: '/usr/bin/tar'
[2025-03-13 16:51:53Z INFO ProcessInvokerWrapper] Starting process:
[2025-03-13 16:51:53Z INFO ProcessInvokerWrapper]   File name: '/usr/bin/tar'
[2025-03-13 16:51:53Z INFO ProcessInvokerWrapper]   Arguments: '-xzf "/home/jenny/tensorflow-mri/actions-runner/_work/_actions/_temp_953aedf9-92e9-44c3-a458-e3b3eba8df39/180b5e6c-491e-43b5-8254-a8fadfdb1ea8.tar.gz"'
[2025-03-13 16:51:53Z INFO ProcessInvokerWrapper]   Working directory: '/home/jenny/tensorflow-mri/actions-runner/_work/_actions/_temp_953aedf9-92e9-44c3-a458-e3b3eba8df39/_staging'
[2025-03-13 16:51:53Z INFO ProcessInvokerWrapper]   Require exit code zero: 'False'
[2025-03-13 16:51:53Z INFO ProcessInvokerWrapper]   Encoding web name:  ; code page: ''
[2025-03-13 16:51:53Z INFO ProcessInvokerWrapper]   Force kill process on cancellation: 'False'
[2025-03-13 16:51:53Z INFO ProcessInvokerWrapper]   Redirected STDIN: 'False'
[2025-03-13 16:51:53Z INFO ProcessInvokerWrapper]   Persist current code page: 'False'
[2025-03-13 16:51:53Z INFO ProcessInvokerWrapper]   Keep redirected STDIN open: 'False'
[2025-03-13 16:51:53Z INFO ProcessInvokerWrapper]   High priority process: 'False'
[2025-03-13 16:51:53Z INFO ProcessInvokerWrapper] Updated oom_score_adj to 500 for PID: 2181877.
[2025-03-13 16:51:53Z INFO ProcessInvokerWrapper] Process started with process id 2181877, waiting for process exit.
[2025-03-13 16:51:53Z INFO ProcessInvokerWrapper] STDOUT/STDERR stream read finished.
[2025-03-13 16:51:53Z INFO ProcessInvokerWrapper] STDOUT/STDERR stream read finished.
[2025-03-13 16:51:53Z INFO ProcessInvokerWrapper] Finished process 2181877 with exit code 0, and elapsed time 00:00:00.0127587.
[2025-03-13 16:51:53Z INFO ActionManager] Finished getting action repository.
[2025-03-13 16:51:53Z INFO HostContext] Well known directory 'Bin': '/home/jenny/tensorflow-mri/actions-runner/bin'
[2025-03-13 16:51:53Z INFO HostContext] Well known directory 'Root': '/home/jenny/tensorflow-mri/actions-runner'
[2025-03-13 16:51:53Z INFO HostContext] Well known directory 'Work': '/home/jenny/tensorflow-mri/actions-runner/_work'
[2025-03-13 16:51:53Z INFO HostContext] Well known directory 'Actions': '/home/jenny/tensorflow-mri/actions-runner/_work/_actions'
[2025-03-13 16:51:53Z INFO HostContext] Well known directory 'Bin': '/home/jenny/tensorflow-mri/actions-runner/bin'
[2025-03-13 16:51:53Z INFO HostContext] Well known directory 'Root': '/home/jenny/tensorflow-mri/actions-runner'
[2025-03-13 16:51:53Z INFO HostContext] Well known directory 'Work': '/home/jenny/tensorflow-mri/actions-runner/_work'
[2025-03-13 16:51:53Z INFO HostContext] Well known directory 'Actions': '/home/jenny/tensorflow-mri/actions-runner/_work/_actions'
[2025-03-13 16:51:53Z INFO ActionManager] Save archive 'https://api.github.com/repos/actions/upload-artifact/tarball/4cec3d8aa04e39d1a68397de0c4cd6fb9dce8ec1' into /home/jenny/tensorflow-mri/actions-runner/_work/_actions/_temp_2d5b1683-ae0f-4f7a-a543-1a6f10544594/9cd516e5-9db1-48ed-932c-399fc0cd3c68.tar.gz.
[2025-03-13 16:51:54Z INFO JobServerQueue] Job timeline record has been updated for the first time.
[2025-03-13 16:51:54Z INFO JobServerQueue] Try to append 1 batches web console lines for record 'e74f17c6-9e85-4d55-a06f-8e714d658a45', success rate: 1/1.
[2025-03-13 16:51:54Z INFO ActionManager] Request URL: https://api.github.com/repos/actions/upload-artifact/tarball/4cec3d8aa04e39d1a68397de0c4cd6fb9dce8ec1 X-GitHub-Request-Id: DAB8:25DA1D:2D2B6:CF179:67D30D2A Http Status: OK
[2025-03-13 16:51:54Z INFO ActionManager] Which2: 'tar'
[2025-03-13 16:51:54Z INFO ActionManager] Location: '/usr/bin/tar'
[2025-03-13 16:51:54Z INFO ProcessInvokerWrapper] Starting process:
[2025-03-13 16:51:54Z INFO ProcessInvokerWrapper]   File name: '/usr/bin/tar'
[2025-03-13 16:51:54Z INFO ProcessInvokerWrapper]   Arguments: '-xzf "/home/jenny/tensorflow-mri/actions-runner/_work/_actions/_temp_2d5b1683-ae0f-4f7a-a543-1a6f10544594/9cd516e5-9db1-48ed-932c-399fc0cd3c68.tar.gz"'
[2025-03-13 16:51:54Z INFO ProcessInvokerWrapper]   Working directory: '/home/jenny/tensorflow-mri/actions-runner/_work/_actions/_temp_2d5b1683-ae0f-4f7a-a543-1a6f10544594/_staging'
[2025-03-13 16:51:54Z INFO ProcessInvokerWrapper]   Require exit code zero: 'False'
[2025-03-13 16:51:54Z INFO ProcessInvokerWrapper]   Encoding web name:  ; code page: ''
[2025-03-13 16:51:54Z INFO ProcessInvokerWrapper]   Force kill process on cancellation: 'False'
[2025-03-13 16:51:54Z INFO ProcessInvokerWrapper]   Redirected STDIN: 'False'
[2025-03-13 16:51:54Z INFO ProcessInvokerWrapper]   Persist current code page: 'False'
[2025-03-13 16:51:54Z INFO ProcessInvokerWrapper]   Keep redirected STDIN open: 'False'
[2025-03-13 16:51:54Z INFO ProcessInvokerWrapper]   High priority process: 'False'
[2025-03-13 16:51:54Z INFO ProcessInvokerWrapper] Updated oom_score_adj to 500 for PID: 2181914.
[2025-03-13 16:51:54Z INFO ProcessInvokerWrapper] Process started with process id 2181914, waiting for process exit.
[2025-03-13 16:51:54Z INFO ProcessInvokerWrapper] STDOUT/STDERR stream read finished.
[2025-03-13 16:51:54Z INFO ProcessInvokerWrapper] STDOUT/STDERR stream read finished.
[2025-03-13 16:51:54Z INFO ProcessInvokerWrapper] Finished process 2181914 with exit code 0, and elapsed time 00:00:00.0484594.
[2025-03-13 16:51:54Z INFO ActionManager] Finished getting action repository.
[2025-03-13 16:51:54Z INFO HostContext] Well known directory 'Bin': '/home/jenny/tensorflow-mri/actions-runner/bin'
[2025-03-13 16:51:54Z INFO HostContext] Well known directory 'Root': '/home/jenny/tensorflow-mri/actions-runner'
[2025-03-13 16:51:54Z INFO HostContext] Well known directory 'Work': '/home/jenny/tensorflow-mri/actions-runner/_work'
[2025-03-13 16:51:54Z INFO HostContext] Well known directory 'Actions': '/home/jenny/tensorflow-mri/actions-runner/_work/_actions'
[2025-03-13 16:51:54Z INFO HostContext] Well known directory 'Bin': '/home/jenny/tensorflow-mri/actions-runner/bin'
[2025-03-13 16:51:54Z INFO HostContext] Well known directory 'Root': '/home/jenny/tensorflow-mri/actions-runner'
[2025-03-13 16:51:54Z INFO HostContext] Well known directory 'Work': '/home/jenny/tensorflow-mri/actions-runner/_work'
[2025-03-13 16:51:54Z INFO HostContext] Well known directory 'Actions': '/home/jenny/tensorflow-mri/actions-runner/_work/_actions'
[2025-03-13 16:51:54Z INFO HostContext] Well known directory 'Bin': '/home/jenny/tensorflow-mri/actions-runner/bin'
[2025-03-13 16:51:54Z INFO HostContext] Well known directory 'Root': '/home/jenny/tensorflow-mri/actions-runner'
[2025-03-13 16:51:54Z INFO HostContext] Well known directory 'Work': '/home/jenny/tensorflow-mri/actions-runner/_work'
[2025-03-13 16:51:54Z INFO HostContext] Well known directory 'Actions': '/home/jenny/tensorflow-mri/actions-runner/_work/_actions'
[2025-03-13 16:51:54Z INFO ActionManager] Save archive 'https://api.github.com/repos/pypa/gh-action-pypi-publish/tarball/22b4d1f12511f2696162c08546dafbaa903448a2' into /home/jenny/tensorflow-mri/actions-runner/_work/_actions/_temp_96880b9f-0dc8-4937-886f-fe10ef7494d0/bc087f4b-0c36-4255-8c7f-45da6dedd79c.tar.gz.
[2025-03-13 16:51:54Z INFO JobServerQueue] Try to append 1 batches web console lines for record 'e74f17c6-9e85-4d55-a06f-8e714d658a45', success rate: 1/1.
[2025-03-13 16:51:54Z INFO ActionManager] Request URL: https://api.github.com/repos/pypa/gh-action-pypi-publish/tarball/22b4d1f12511f2696162c08546dafbaa903448a2 X-GitHub-Request-Id: 8F10:A5583:2DA2D:CF881:67D30D2A Http Status: OK
[2025-03-13 16:51:54Z INFO ActionManager] Which2: 'tar'
[2025-03-13 16:51:54Z INFO ActionManager] Location: '/usr/bin/tar'
[2025-03-13 16:51:54Z INFO ProcessInvokerWrapper] Starting process:
[2025-03-13 16:51:54Z INFO ProcessInvokerWrapper]   File name: '/usr/bin/tar'
[2025-03-13 16:51:54Z INFO ProcessInvokerWrapper]   Arguments: '-xzf "/home/jenny/tensorflow-mri/actions-runner/_work/_actions/_temp_96880b9f-0dc8-4937-886f-fe10ef7494d0/bc087f4b-0c36-4255-8c7f-45da6dedd79c.tar.gz"'
[2025-03-13 16:51:54Z INFO ProcessInvokerWrapper]   Working directory: '/home/jenny/tensorflow-mri/actions-runner/_work/_actions/_temp_96880b9f-0dc8-4937-886f-fe10ef7494d0/_staging'
[2025-03-13 16:51:54Z INFO ProcessInvokerWrapper]   Require exit code zero: 'False'
[2025-03-13 16:51:54Z INFO ProcessInvokerWrapper]   Encoding web name:  ; code page: ''
[2025-03-13 16:51:54Z INFO ProcessInvokerWrapper]   Force kill process on cancellation: 'False'
[2025-03-13 16:51:54Z INFO ProcessInvokerWrapper]   Redirected STDIN: 'False'
[2025-03-13 16:51:54Z INFO ProcessInvokerWrapper]   Persist current code page: 'False'
[2025-03-13 16:51:54Z INFO ProcessInvokerWrapper]   Keep redirected STDIN open: 'False'
[2025-03-13 16:51:54Z INFO ProcessInvokerWrapper]   High priority process: 'False'
[2025-03-13 16:51:54Z INFO ProcessInvokerWrapper] Updated oom_score_adj to 500 for PID: 2181927.
[2025-03-13 16:51:54Z INFO ProcessInvokerWrapper] Process started with process id 2181927, waiting for process exit.
[2025-03-13 16:51:54Z INFO ProcessInvokerWrapper] STDOUT/STDERR stream read finished.
[2025-03-13 16:51:54Z INFO ProcessInvokerWrapper] STDOUT/STDERR stream read finished.
[2025-03-13 16:51:54Z INFO ProcessInvokerWrapper] Finished process 2181927 with exit code 0, and elapsed time 00:00:00.0025658.
[2025-03-13 16:51:54Z INFO ActionManager] Finished getting action repository.
[2025-03-13 16:51:54Z INFO HostContext] Well known directory 'Bin': '/home/jenny/tensorflow-mri/actions-runner/bin'
[2025-03-13 16:51:54Z INFO HostContext] Well known directory 'Root': '/home/jenny/tensorflow-mri/actions-runner'
[2025-03-13 16:51:54Z INFO HostContext] Well known directory 'Work': '/home/jenny/tensorflow-mri/actions-runner/_work'
[2025-03-13 16:51:54Z INFO HostContext] Well known directory 'Actions': '/home/jenny/tensorflow-mri/actions-runner/_work/_actions'
[2025-03-13 16:51:54Z INFO ActionManifestManager] Load schema file with definitions: [
  "null",
  "boolean",
  "number",
  "string",
  "sequence",
  "mapping",
  "any",
  "action-root",
  "inputs",
  "input",
  "outputs",
  "output-definition",
  "runs",
  "container-runs",
  "container-runs-args",
  "container-runs-env",
  "node-runs",
  "plugin-runs",
  "composite-runs",
  "composite-steps",
  "composite-step",
  "run-step",
  "uses-step",
  "container-runs-context",
  "output-value",
  "input-default-context",
  "non-empty-string",
  "string-steps-context",
  "boolean-steps-context",
  "step-env",
  "step-if",
  "step-with"
]
[2025-03-13 16:51:54Z INFO HostContext] Well known directory 'Bin': '/home/jenny/tensorflow-mri/actions-runner/bin'
[2025-03-13 16:51:54Z INFO HostContext] Well known directory 'Root': '/home/jenny/tensorflow-mri/actions-runner'
[2025-03-13 16:51:54Z INFO HostContext] Well known directory 'Work': '/home/jenny/tensorflow-mri/actions-runner/_work'
[2025-03-13 16:51:54Z INFO HostContext] Well known directory 'Actions': '/home/jenny/tensorflow-mri/actions-runner/_work/_actions'
[2025-03-13 16:51:54Z INFO ActionManifestManager] Loaded action.yml file: {
  "name": "Checkout",
  "description": "Checkout a Git repository at a particular version",
  "inputs": {
    "type": 2,
    "map": [
      {
        "key": {
          "type": 0,
          "file": 2,
          "line": 4,
          "col": 3,
          "lit": "repository"
        },
        "value": {
          "type": 3,
          "file": 2,
          "line": 6,
          "col": 14,
          "expr": "github.repository"
        }
      },
      {
        "key": {
          "type": 0,
          "file": 2,
          "line": 7,
          "col": 3,
          "lit": "ref"
        },
        "value": ""
      },
      {
        "key": {
          "type": 0,
          "file": 2,
          "line": 12,
          "col": 3,
          "lit": "token"
        },
        "value": {
          "type": 3,
          "file": 2,
          "line": 24,
          "col": 14,
          "expr": "github.token"
        }
      },
      {
        "key": {
          "type": 0,
          "file": 2,
          "line": 25,
          "col": 3,
          "lit": "ssh-key"
        },
        "value": ""
      },
      {
        "key": {
          "type": 0,
          "file": 2,
          "line": 37,
          "col": 3,
          "lit": "ssh-known-hosts"
        },
        "value": ""
      },
      {
        "key": {
          "type": 0,
          "file": 2,
          "line": 42,
          "col": 3,
          "lit": "ssh-strict"
        },
        "value": {
          "type": 0,
          "file": 2,
          "line": 47,
          "col": 14,
          "lit": "true"
        }
      },
      {
        "key": {
          "type": 0,
          "file": 2,
          "line": 48,
          "col": 3,
          "lit": "ssh-user"
        },
        "value": {
          "type": 0,
          "file": 2,
          "line": 51,
          "col": 14,
          "lit": "git"
        }
      },
      {
        "key": {
          "type": 0,
          "file": 2,
          "line": 52,
          "col": 3,
          "lit": "persist-credentials"
        },
        "value": {
          "type": 0,
          "file": 2,
          "line": 54,
          "col": 14,
          "lit": "true"
        }
      },
      {
        "key": {
          "type": 0,
          "file": 2,
          "line": 55,
          "col": 3,
          "lit": "path"
        },
        "value": ""
      },
      {
        "key": {
          "type": 0,
          "file": 2,
          "line": 57,
          "col": 3,
          "lit": "clean"
        },
        "value": {
          "type": 0,
          "file": 2,
          "line": 59,
          "col": 14,
          "lit": "true"
        }
      },
      {
        "key": {
          "type": 0,
          "file": 2,
          "line": 60,
          "col": 3,
          "lit": "filter"
        },
        "value": {
          "type": 0,
          "file": 2,
          "line": 64,
          "col": 14,
          "lit": ""
        }
      },
      {
        "key": {
          "type": 0,
          "file": 2,
          "line": 65,
          "col": 3,
          "lit": "sparse-checkout"
        },
        "value": {
          "type": 0,
          "file": 2,
          "line": 69,
          "col": 14,
          "lit": ""
        }
      },
      {
        "key": {
          "type": 0,
          "file": 2,
          "line": 70,
          "col": 3,
          "lit": "sparse-checkout-cone-mode"
        },
        "value": {
          "type": 0,
          "file": 2,
          "line": 73,
          "col": 14,
          "lit": "true"
        }
      },
      {
        "key": {
          "type": 0,
          "file": 2,
          "line": 74,
          "col": 3,
          "lit": "fetch-depth"
        },
        "value": {
          "type": 0,
          "file": 2,
          "line": 76,
          "col": 14,
          "lit": "1"
        }
      },
      {
        "key": {
          "type": 0,
          "file": 2,
          "line": 77,
          "col": 3,
          "lit": "fetch-tags"
        },
        "value": {
          "type": 0,
          "file": 2,
          "line": 79,
          "col": 14,
          "lit": "false"
        }
      },
      {
        "key": {
          "type": 0,
          "file": 2,
          "line": 80,
          "col": 3,
          "lit": "show-progress"
        },
        "value": {
          "type": 0,
          "file": 2,
          "line": 82,
          "col": 14,
          "lit": "true"
        }
      },
      {
        "key": {
          "type": 0,
          "file": 2,
          "line": 83,
          "col": 3,
          "lit": "lfs"
        },
        "value": {
          "type": 0,
          "file": 2,
          "line": 85,
          "col": 14,
          "lit": "false"
        }
      },
      {
        "key": {
          "type": 0,
          "file": 2,
          "line": 86,
          "col": 3,
          "lit": "submodules"
        },
        "value": {
          "type": 0,
          "file": 2,
          "line": 94,
          "col": 14,
          "lit": "false"
        }
      },
      {
        "key": {
          "type": 0,
          "file": 2,
          "line": 95,
          "col": 3,
          "lit": "set-safe-directory"
        },
        "value": {
          "type": 0,
          "file": 2,
          "line": 97,
          "col": 14,
          "lit": "true"
        }
      },
      {
        "key": {
          "type": 0,
          "file": 2,
          "line": 98,
          "col": 3,
          "lit": "github-server-url"
        },
        "value": ""
      }
    ]
  },
  "execution": {
    "executionType": "nodeJS",
    "hasPre": false,
    "hasPost": true,
    "script": "dist/index.js",
    "pre": null,
    "post": "dist/index.js",
    "nodeVersion": "node20",
    "cleanupCondition": "always()",
    "initCondition": "always()"
  },
  "deprecated": null
}
[2025-03-13 16:51:54Z INFO ActionManager] Action node.js file: dist/index.js, no more preparation.
[2025-03-13 16:51:54Z INFO HostContext] Well known directory 'Bin': '/home/jenny/tensorflow-mri/actions-runner/bin'
[2025-03-13 16:51:54Z INFO HostContext] Well known directory 'Root': '/home/jenny/tensorflow-mri/actions-runner'
[2025-03-13 16:51:54Z INFO HostContext] Well known directory 'Work': '/home/jenny/tensorflow-mri/actions-runner/_work'
[2025-03-13 16:51:54Z INFO HostContext] Well known directory 'Actions': '/home/jenny/tensorflow-mri/actions-runner/_work/_actions'
[2025-03-13 16:51:54Z INFO ActionManager] Load action that reference repository from '/home/jenny/tensorflow-mri/actions-runner/_work/_actions/actions/checkout/v4'
[2025-03-13 16:51:54Z INFO HostContext] Well known directory 'Bin': '/home/jenny/tensorflow-mri/actions-runner/bin'
[2025-03-13 16:51:54Z INFO HostContext] Well known directory 'Root': '/home/jenny/tensorflow-mri/actions-runner'
[2025-03-13 16:51:54Z INFO HostContext] Well known directory 'Work': '/home/jenny/tensorflow-mri/actions-runner/_work'
[2025-03-13 16:51:54Z INFO HostContext] Well known directory 'Actions': '/home/jenny/tensorflow-mri/actions-runner/_work/_actions'
[2025-03-13 16:51:54Z INFO ActionManifestManager] Loaded action.yml file: {
  "name": "Checkout",
  "description": "Checkout a Git repository at a particular version",
  "inputs": {
    "type": 2,
    "map": [
      {
        "key": {
          "type": 0,
          "file": 2,
          "line": 4,
          "col": 3,
          "lit": "repository"
        },
        "value": {
          "type": 3,
          "file": 2,
          "line": 6,
          "col": 14,
          "expr": "github.repository"
        }
      },
      {
        "key": {
          "type": 0,
          "file": 2,
          "line": 7,
          "col": 3,
          "lit": "ref"
        },
        "value": ""
      },
      {
        "key": {
          "type": 0,
          "file": 2,
          "line": 12,
          "col": 3,
          "lit": "token"
        },
        "value": {
          "type": 3,
          "file": 2,
          "line": 24,
          "col": 14,
          "expr": "github.token"
        }
      },
      {
        "key": {
          "type": 0,
          "file": 2,
          "line": 25,
          "col": 3,
          "lit": "ssh-key"
        },
        "value": ""
      },
      {
        "key": {
          "type": 0,
          "file": 2,
          "line": 37,
          "col": 3,
          "lit": "ssh-known-hosts"
        },
        "value": ""
      },
      {
        "key": {
          "type": 0,
          "file": 2,
          "line": 42,
          "col": 3,
          "lit": "ssh-strict"
        },
        "value": {
          "type": 0,
          "file": 2,
          "line": 47,
          "col": 14,
          "lit": "true"
        }
      },
      {
        "key": {
          "type": 0,
          "file": 2,
          "line": 48,
          "col": 3,
          "lit": "ssh-user"
        },
        "value": {
          "type": 0,
          "file": 2,
          "line": 51,
          "col": 14,
          "lit": "git"
        }
      },
      {
        "key": {
          "type": 0,
          "file": 2,
          "line": 52,
          "col": 3,
          "lit": "persist-credentials"
        },
        "value": {
          "type": 0,
          "file": 2,
          "line": 54,
          "col": 14,
          "lit": "true"
        }
      },
      {
        "key": {
          "type": 0,
          "file": 2,
          "line": 55,
          "col": 3,
          "lit": "path"
        },
        "value": ""
      },
      {
        "key": {
          "type": 0,
          "file": 2,
          "line": 57,
          "col": 3,
          "lit": "clean"
        },
        "value": {
          "type": 0,
          "file": 2,
          "line": 59,
          "col": 14,
          "lit": "true"
        }
      },
      {
        "key": {
          "type": 0,
          "file": 2,
          "line": 60,
          "col": 3,
          "lit": "filter"
        },
        "value": {
          "type": 0,
          "file": 2,
          "line": 64,
          "col": 14,
          "lit": ""
        }
      },
      {
        "key": {
          "type": 0,
          "file": 2,
          "line": 65,
          "col": 3,
          "lit": "sparse-checkout"
        },
        "value": {
          "type": 0,
          "file": 2,
          "line": 69,
          "col": 14,
          "lit": ""
        }
      },
      {
        "key": {
          "type": 0,
          "file": 2,
          "line": 70,
          "col": 3,
          "lit": "sparse-checkout-cone-mode"
        },
        "value": {
          "type": 0,
          "file": 2,
          "line": 73,
          "col": 14,
          "lit": "true"
        }
      },
      {
        "key": {
          "type": 0,
          "file": 2,
          "line": 74,
          "col": 3,
          "lit": "fetch-depth"
        },
        "value": {
          "type": 0,
          "file": 2,
          "line": 76,
          "col": 14,
          "lit": "1"
        }
      },
      {
        "key": {
          "type": 0,
          "file": 2,
          "line": 77,
          "col": 3,
          "lit": "fetch-tags"
        },
        "value": {
          "type": 0,
          "file": 2,
          "line": 79,
          "col": 14,
          "lit": "false"
        }
      },
      {
        "key": {
          "type": 0,
          "file": 2,
          "line": 80,
          "col": 3,
          "lit": "show-progress"
        },
        "value": {
          "type": 0,
          "file": 2,
          "line": 82,
          "col": 14,
          "lit": "true"
        }
      },
      {
        "key": {
          "type": 0,
          "file": 2,
          "line": 83,
          "col": 3,
          "lit": "lfs"
        },
        "value": {
          "type": 0,
          "file": 2,
          "line": 85,
          "col": 14,
          "lit": "false"
        }
      },
      {
        "key": {
          "type": 0,
          "file": 2,
          "line": 86,
          "col": 3,
          "lit": "submodules"
        },
        "value": {
          "type": 0,
          "file": 2,
          "line": 94,
          "col": 14,
          "lit": "false"
        }
      },
      {
        "key": {
          "type": 0,
          "file": 2,
          "line": 95,
          "col": 3,
          "lit": "set-safe-directory"
        },
        "value": {
          "type": 0,
          "file": 2,
          "line": 97,
          "col": 14,
          "lit": "true"
        }
      },
      {
        "key": {
          "type": 0,
          "file": 2,
          "line": 98,
          "col": 3,
          "lit": "github-server-url"
        },
        "value": ""
      }
    ]
  },
  "execution": {
    "executionType": "nodeJS",
    "hasPre": false,
    "hasPost": true,
    "script": "dist/index.js",
    "pre": null,
    "post": "dist/index.js",
    "nodeVersion": "node20",
    "cleanupCondition": "always()",
    "initCondition": "always()"
  },
  "deprecated": null
}
[2025-03-13 16:51:54Z INFO ActionManager] Action pre node.js file: N/A.
[2025-03-13 16:51:54Z INFO ActionManager] Action node.js file: dist/index.js.
[2025-03-13 16:51:54Z INFO ActionManager] Action post node.js file: dist/index.js.
[2025-03-13 16:51:54Z INFO HostContext] Well known directory 'Bin': '/home/jenny/tensorflow-mri/actions-runner/bin'
[2025-03-13 16:51:54Z INFO HostContext] Well known directory 'Root': '/home/jenny/tensorflow-mri/actions-runner'
[2025-03-13 16:51:54Z INFO HostContext] Well known directory 'Work': '/home/jenny/tensorflow-mri/actions-runner/_work'
[2025-03-13 16:51:54Z INFO HostContext] Well known directory 'Actions': '/home/jenny/tensorflow-mri/actions-runner/_work/_actions'
[2025-03-13 16:51:54Z INFO HostContext] Well known directory 'Bin': '/home/jenny/tensorflow-mri/actions-runner/bin'
[2025-03-13 16:51:54Z INFO HostContext] Well known directory 'Root': '/home/jenny/tensorflow-mri/actions-runner'
[2025-03-13 16:51:54Z INFO HostContext] Well known directory 'Work': '/home/jenny/tensorflow-mri/actions-runner/_work'
[2025-03-13 16:51:54Z INFO HostContext] Well known directory 'Actions': '/home/jenny/tensorflow-mri/actions-runner/_work/_actions'
[2025-03-13 16:51:55Z INFO ActionManifestManager] Ignore action property author.
[2025-03-13 16:51:55Z INFO ActionManifestManager] Loaded action.yml file: {
  "name": "Upload a Build Artifact",
  "description": "Upload a build artifact that can be used by subsequent workflow steps",
  "inputs": {
    "type": 2,
    "map": [
      {
        "key": {
          "type": 0,
          "file": 3,
          "line": 5,
          "col": 3,
          "lit": "name"
        },
        "value": {
          "type": 0,
          "file": 3,
          "line": 7,
          "col": 14,
          "lit": "artifact"
        }
      },
      {
        "key": {
          "type": 0,
          "file": 3,
          "line": 8,
          "col": 3,
          "lit": "path"
        },
        "value": ""
      },
      {
        "key": {
          "type": 0,
          "file": 3,
          "line": 11,
          "col": 3,
          "lit": "if-no-files-found"
        },
        "value": {
          "type": 0,
          "file": 3,
          "line": 19,
          "col": 14,
          "lit": "warn"
        }
      },
      {
        "key": {
          "type": 0,
          "file": 3,
          "line": 20,
          "col": 3,
          "lit": "retention-days"
        },
        "value": ""
      },
      {
        "key": {
          "type": 0,
          "file": 3,
          "line": 26,
          "col": 3,
          "lit": "compression-level"
        },
        "value": {
          "type": 0,
          "file": 3,
          "line": 36,
          "col": 14,
          "lit": "6"
        }
      },
      {
        "key": {
          "type": 0,
          "file": 3,
          "line": 37,
          "col": 3,
          "lit": "overwrite"
        },
        "value": {
          "type": 0,
          "file": 3,
          "line": 42,
          "col": 14,
          "lit": "false"
        }
      },
      {
        "key": {
          "type": 0,
          "file": 3,
          "line": 43,
          "col": 3,
          "lit": "include-hidden-files"
        },
        "value": {
          "type": 0,
          "file": 3,
          "line": 47,
          "col": 14,
          "lit": "false"
        }
      }
    ]
  },
  "execution": {
    "executionType": "nodeJS",
    "hasPre": false,
    "hasPost": false,
    "script": "dist/upload/index.js",
    "pre": null,
    "post": null,
    "nodeVersion": "node20",
    "cleanupCondition": "always()",
    "initCondition": "always()"
  },
  "deprecated": null
}
[2025-03-13 16:51:55Z INFO ActionManager] Action node.js file: dist/upload/index.js, no more preparation.
[2025-03-13 16:51:55Z INFO HostContext] Well known directory 'Bin': '/home/jenny/tensorflow-mri/actions-runner/bin'
[2025-03-13 16:51:55Z INFO HostContext] Well known directory 'Root': '/home/jenny/tensorflow-mri/actions-runner'
[2025-03-13 16:51:55Z INFO HostContext] Well known directory 'Work': '/home/jenny/tensorflow-mri/actions-runner/_work'
[2025-03-13 16:51:55Z INFO HostContext] Well known directory 'Actions': '/home/jenny/tensorflow-mri/actions-runner/_work/_actions'
[2025-03-13 16:51:55Z INFO ActionManager] Load action that reference repository from '/home/jenny/tensorflow-mri/actions-runner/_work/_actions/actions/upload-artifact/v4'
[2025-03-13 16:51:55Z INFO HostContext] Well known directory 'Bin': '/home/jenny/tensorflow-mri/actions-runner/bin'
[2025-03-13 16:51:55Z INFO HostContext] Well known directory 'Root': '/home/jenny/tensorflow-mri/actions-runner'
[2025-03-13 16:51:55Z INFO HostContext] Well known directory 'Work': '/home/jenny/tensorflow-mri/actions-runner/_work'
[2025-03-13 16:51:55Z INFO HostContext] Well known directory 'Actions': '/home/jenny/tensorflow-mri/actions-runner/_work/_actions'
[2025-03-13 16:51:55Z INFO ActionManifestManager] Ignore action property author.
[2025-03-13 16:51:55Z INFO ActionManifestManager] Loaded action.yml file: {
  "name": "Upload a Build Artifact",
  "description": "Upload a build artifact that can be used by subsequent workflow steps",
  "inputs": {
    "type": 2,
    "map": [
      {
        "key": {
          "type": 0,
          "file": 3,
          "line": 5,
          "col": 3,
          "lit": "name"
        },
        "value": {
          "type": 0,
          "file": 3,
          "line": 7,
          "col": 14,
          "lit": "artifact"
        }
      },
      {
        "key": {
          "type": 0,
          "file": 3,
          "line": 8,
          "col": 3,
          "lit": "path"
        },
        "value": ""
      },
      {
        "key": {
          "type": 0,
          "file": 3,
          "line": 11,
          "col": 3,
          "lit": "if-no-files-found"
        },
        "value": {
          "type": 0,
          "file": 3,
          "line": 19,
          "col": 14,
          "lit": "warn"
        }
      },
      {
        "key": {
          "type": 0,
          "file": 3,
          "line": 20,
          "col": 3,
          "lit": "retention-days"
        },
        "value": ""
      },
      {
        "key": {
          "type": 0,
          "file": 3,
          "line": 26,
          "col": 3,
          "lit": "compression-level"
        },
        "value": {
          "type": 0,
          "file": 3,
          "line": 36,
          "col": 14,
          "lit": "6"
        }
      },
      {
        "key": {
          "type": 0,
          "file": 3,
          "line": 37,
          "col": 3,
          "lit": "overwrite"
        },
        "value": {
          "type": 0,
          "file": 3,
          "line": 42,
          "col": 14,
          "lit": "false"
        }
      },
      {
        "key": {
          "type": 0,
          "file": 3,
          "line": 43,
          "col": 3,
          "lit": "include-hidden-files"
        },
        "value": {
          "type": 0,
          "file": 3,
          "line": 47,
          "col": 14,
          "lit": "false"
        }
      }
    ]
  },
  "execution": {
    "executionType": "nodeJS",
    "hasPre": false,
    "hasPost": false,
    "script": "dist/upload/index.js",
    "pre": null,
    "post": null,
    "nodeVersion": "node20",
    "cleanupCondition": "always()",
    "initCondition": "always()"
  },
  "deprecated": null
}
[2025-03-13 16:51:55Z INFO ActionManager] Action pre node.js file: N/A.
[2025-03-13 16:51:55Z INFO ActionManager] Action node.js file: dist/upload/index.js.
[2025-03-13 16:51:55Z INFO ActionManager] Action post node.js file: N/A.
[2025-03-13 16:51:55Z INFO HostContext] Well known directory 'Bin': '/home/jenny/tensorflow-mri/actions-runner/bin'
[2025-03-13 16:51:55Z INFO HostContext] Well known directory 'Root': '/home/jenny/tensorflow-mri/actions-runner'
[2025-03-13 16:51:55Z INFO HostContext] Well known directory 'Work': '/home/jenny/tensorflow-mri/actions-runner/_work'
[2025-03-13 16:51:55Z INFO HostContext] Well known directory 'Actions': '/home/jenny/tensorflow-mri/actions-runner/_work/_actions'
[2025-03-13 16:51:55Z INFO HostContext] Well known directory 'Bin': '/home/jenny/tensorflow-mri/actions-runner/bin'
[2025-03-13 16:51:55Z INFO HostContext] Well known directory 'Root': '/home/jenny/tensorflow-mri/actions-runner'
[2025-03-13 16:51:55Z INFO HostContext] Well known directory 'Work': '/home/jenny/tensorflow-mri/actions-runner/_work'
[2025-03-13 16:51:55Z INFO HostContext] Well known directory 'Actions': '/home/jenny/tensorflow-mri/actions-runner/_work/_actions'
[2025-03-13 16:51:55Z INFO ActionManifestManager] Ignore action property author.
[2025-03-13 16:51:55Z INFO ActionManifestManager] Loaded action.yml file: {
  "name": "Upload a Build Artifact",
  "description": "Upload a build artifact that can be used by subsequent workflow steps",
  "inputs": {
    "type": 2,
    "map": [
      {
        "key": {
          "type": 0,
          "file": 3,
          "line": 5,
          "col": 3,
          "lit": "name"
        },
        "value": {
          "type": 0,
          "file": 3,
          "line": 7,
          "col": 14,
          "lit": "artifact"
        }
      },
      {
        "key": {
          "type": 0,
          "file": 3,
          "line": 8,
          "col": 3,
          "lit": "path"
        },
        "value": ""
      },
      {
        "key": {
          "type": 0,
          "file": 3,
          "line": 11,
          "col": 3,
          "lit": "if-no-files-found"
        },
        "value": {
          "type": 0,
          "file": 3,
          "line": 19,
          "col": 14,
          "lit": "warn"
        }
      },
      {
        "key": {
          "type": 0,
          "file": 3,
          "line": 20,
          "col": 3,
          "lit": "retention-days"
        },
        "value": ""
      },
      {
        "key": {
          "type": 0,
          "file": 3,
          "line": 26,
          "col": 3,
          "lit": "compression-level"
        },
        "value": {
          "type": 0,
          "file": 3,
          "line": 36,
          "col": 14,
          "lit": "6"
        }
      },
      {
        "key": {
          "type": 0,
          "file": 3,
          "line": 37,
          "col": 3,
          "lit": "overwrite"
        },
        "value": {
          "type": 0,
          "file": 3,
          "line": 42,
          "col": 14,
          "lit": "false"
        }
      },
      {
        "key": {
          "type": 0,
          "file": 3,
          "line": 43,
          "col": 3,
          "lit": "include-hidden-files"
        },
        "value": {
          "type": 0,
          "file": 3,
          "line": 47,
          "col": 14,
          "lit": "false"
        }
      }
    ]
  },
  "execution": {
    "executionType": "nodeJS",
    "hasPre": false,
    "hasPost": false,
    "script": "dist/upload/index.js",
    "pre": null,
    "post": null,
    "nodeVersion": "node20",
    "cleanupCondition": "always()",
    "initCondition": "always()"
  },
  "deprecated": null
}
[2025-03-13 16:51:55Z INFO ActionManager] Action node.js file: dist/upload/index.js, no more preparation.
[2025-03-13 16:51:55Z INFO HostContext] Well known directory 'Bin': '/home/jenny/tensorflow-mri/actions-runner/bin'
[2025-03-13 16:51:55Z INFO HostContext] Well known directory 'Root': '/home/jenny/tensorflow-mri/actions-runner'
[2025-03-13 16:51:55Z INFO HostContext] Well known directory 'Work': '/home/jenny/tensorflow-mri/actions-runner/_work'
[2025-03-13 16:51:55Z INFO HostContext] Well known directory 'Actions': '/home/jenny/tensorflow-mri/actions-runner/_work/_actions'
[2025-03-13 16:51:55Z INFO ActionManager] Load action that reference repository from '/home/jenny/tensorflow-mri/actions-runner/_work/_actions/actions/upload-artifact/v4'
[2025-03-13 16:51:55Z INFO HostContext] Well known directory 'Bin': '/home/jenny/tensorflow-mri/actions-runner/bin'
[2025-03-13 16:51:55Z INFO HostContext] Well known directory 'Root': '/home/jenny/tensorflow-mri/actions-runner'
[2025-03-13 16:51:55Z INFO HostContext] Well known directory 'Work': '/home/jenny/tensorflow-mri/actions-runner/_work'
[2025-03-13 16:51:55Z INFO HostContext] Well known directory 'Actions': '/home/jenny/tensorflow-mri/actions-runner/_work/_actions'
[2025-03-13 16:51:55Z INFO ActionManifestManager] Ignore action property author.
[2025-03-13 16:51:55Z INFO ActionManifestManager] Loaded action.yml file: {
  "name": "Upload a Build Artifact",
  "description": "Upload a build artifact that can be used by subsequent workflow steps",
  "inputs": {
    "type": 2,
    "map": [
      {
        "key": {
          "type": 0,
          "file": 3,
          "line": 5,
          "col": 3,
          "lit": "name"
        },
        "value": {
          "type": 0,
          "file": 3,
          "line": 7,
          "col": 14,
          "lit": "artifact"
        }
      },
      {
        "key": {
          "type": 0,
          "file": 3,
          "line": 8,
          "col": 3,
          "lit": "path"
        },
        "value": ""
      },
      {
        "key": {
          "type": 0,
          "file": 3,
          "line": 11,
          "col": 3,
          "lit": "if-no-files-found"
        },
        "value": {
          "type": 0,
          "file": 3,
          "line": 19,
          "col": 14,
          "lit": "warn"
        }
      },
      {
        "key": {
          "type": 0,
          "file": 3,
          "line": 20,
          "col": 3,
          "lit": "retention-days"
        },
        "value": ""
      },
      {
        "key": {
          "type": 0,
          "file": 3,
          "line": 26,
          "col": 3,
          "lit": "compression-level"
        },
        "value": {
          "type": 0,
          "file": 3,
          "line": 36,
          "col": 14,
          "lit": "6"
        }
      },
      {
        "key": {
          "type": 0,
          "file": 3,
          "line": 37,
          "col": 3,
          "lit": "overwrite"
        },
        "value": {
          "type": 0,
          "file": 3,
          "line": 42,
          "col": 14,
          "lit": "false"
        }
      },
      {
        "key": {
          "type": 0,
          "file": 3,
          "line": 43,
          "col": 3,
          "lit": "include-hidden-files"
        },
        "value": {
          "type": 0,
          "file": 3,
          "line": 47,
          "col": 14,
          "lit": "false"
        }
      }
    ]
  },
  "execution": {
    "executionType": "nodeJS",
    "hasPre": false,
    "hasPost": false,
    "script": "dist/upload/index.js",
    "pre": null,
    "post": null,
    "nodeVersion": "node20",
    "cleanupCondition": "always()",
    "initCondition": "always()"
  },
  "deprecated": null
}
[2025-03-13 16:51:55Z INFO ActionManager] Action pre node.js file: N/A.
[2025-03-13 16:51:55Z INFO ActionManager] Action node.js file: dist/upload/index.js.
[2025-03-13 16:51:55Z INFO ActionManager] Action post node.js file: N/A.
[2025-03-13 16:51:55Z INFO HostContext] Well known directory 'Bin': '/home/jenny/tensorflow-mri/actions-runner/bin'
[2025-03-13 16:51:55Z INFO HostContext] Well known directory 'Root': '/home/jenny/tensorflow-mri/actions-runner'
[2025-03-13 16:51:55Z INFO HostContext] Well known directory 'Work': '/home/jenny/tensorflow-mri/actions-runner/_work'
[2025-03-13 16:51:55Z INFO HostContext] Well known directory 'Actions': '/home/jenny/tensorflow-mri/actions-runner/_work/_actions'
[2025-03-13 16:51:55Z INFO HostContext] Well known directory 'Bin': '/home/jenny/tensorflow-mri/actions-runner/bin'
[2025-03-13 16:51:55Z INFO HostContext] Well known directory 'Root': '/home/jenny/tensorflow-mri/actions-runner'
[2025-03-13 16:51:55Z INFO HostContext] Well known directory 'Work': '/home/jenny/tensorflow-mri/actions-runner/_work'
[2025-03-13 16:51:55Z INFO HostContext] Well known directory 'Actions': '/home/jenny/tensorflow-mri/actions-runner/_work/_actions'
[2025-03-13 16:51:55Z INFO ActionManifestManager] Ignore action property branding.
[2025-03-13 16:51:55Z INFO ActionManifestManager] Loaded action.yml file: {
  "name": "pypi-publish",
  "description": "Upload Python distribution packages to PyPI",
  "inputs": {
    "type": 2,
    "map": [
      {
        "key": {
          "type": 0,
          "file": 4,
          "line": 5,
          "col": 3,
          "lit": "user"
        },
        "value": {
          "type": 0,
          "file": 4,
          "line": 8,
          "col": 14,
          "lit": "__token__"
        }
      },
      {
        "key": {
          "type": 0,
          "file": 4,
          "line": 9,
          "col": 3,
          "lit": "password"
        },
        "value": ""
      },
      {
        "key": {
          "type": 0,
          "file": 4,
          "line": 12,
          "col": 3,
          "lit": "repository-url"
        },
        "value": ""
      },
      {
        "key": {
          "type": 0,
          "file": 4,
          "line": 15,
          "col": 3,
          "lit": "repository_url"
        },
        "value": ""
      },
      {
        "key": {
          "type": 0,
          "file": 4,
          "line": 23,
          "col": 3,
          "lit": "packages-dir"
        },
        "value": ""
      },
      {
        "key": {
          "type": 0,
          "file": 4,
          "line": 27,
          "col": 3,
          "lit": "packages_dir"
        },
        "value": {
          "type": 0,
          "file": 4,
          "line": 35,
          "col": 14,
          "lit": "dist"
        }
      },
      {
        "key": {
          "type": 0,
          "file": 4,
          "line": 36,
          "col": 3,
          "lit": "verify-metadata"
        },
        "value": ""
      },
      {
        "key": {
          "type": 0,
          "file": 4,
          "line": 40,
          "col": 3,
          "lit": "verify_metadata"
        },
        "value": {
          "type": 0,
          "file": 4,
          "line": 48,
          "col": 14,
          "lit": "true"
        }
      },
      {
        "key": {
          "type": 0,
          "file": 4,
          "line": 49,
          "col": 3,
          "lit": "skip-existing"
        },
        "value": ""
      },
      {
        "key": {
          "type": 0,
          "file": 4,
          "line": 55,
          "col": 3,
          "lit": "skip_existing"
        },
        "value": {
          "type": 0,
          "file": 4,
          "line": 64,
          "col": 14,
          "lit": "false"
        }
      },
      {
        "key": {
          "type": 0,
          "file": 4,
          "line": 65,
          "col": 3,
          "lit": "verbose"
        },
        "value": {
          "type": 0,
          "file": 4,
          "line": 68,
          "col": 14,
          "lit": "false"
        }
      },
      {
        "key": {
          "type": 0,
          "file": 4,
          "line": 69,
          "col": 3,
          "lit": "print-hash"
        },
        "value": ""
      },
      {
        "key": {
          "type": 0,
          "file": 4,
          "line": 73,
          "col": 3,
          "lit": "print_hash"
        },
        "value": {
          "type": 0,
          "file": 4,
          "line": 81,
          "col": 14,
          "lit": "false"
        }
      }
    ]
  },
  "execution": {
    "executionType": "container",
    "hasPre": false,
    "hasPost": false,
    "image": "Dockerfile",
    "entryPoint": null,
    "arguments": {
      "type": 1,
      "file": 4,
      "line": 89,
      "col": 3,
      "seq": [
        {
          "type": 3,
          "file": 4,
          "line": 89,
          "col": 5,
          "expr": "inputs.user"
        },
        {
          "type": 3,
          "file": 4,
          "line": 90,
          "col": 5,
          "expr": "inputs.password"
        },
        {
          "type": 3,
          "file": 4,
          "line": 91,
          "col": 5,
          "expr": "inputs.repository-url"
        },
        {
          "type": 3,
          "file": 4,
          "line": 92,
          "col": 5,
          "expr": "inputs.packages-dir"
        },
        {
          "type": 3,
          "file": 4,
          "line": 93,
          "col": 5,
          "expr": "inputs.verify-metadata"
        },
        {
          "type": 3,
          "file": 4,
          "line": 94,
          "col": 5,
          "expr": "inputs.skip-existing"
        },
        {
          "type": 3,
          "file": 4,
          "line": 95,
          "col": 5,
          "expr": "inputs.verbose"
        },
        {
          "type": 3,
          "file": 4,
          "line": 96,
          "col": 5,
          "expr": "inputs.print-hash"
        }
      ]
    },
    "environment": null,
    "pre": null,
    "post": null,
    "cleanupCondition": "always()",
    "initCondition": "always()"
  },
  "deprecated": {
    "repository_url": "The inputs have been normalized to use kebab-case. Use `repository-url` instead.",
    "packages_dir": "The inputs have been normalized to use kebab-case. Use `packages-dir` instead.",
    "verify_metadata": "The inputs have been normalized to use kebab-case. Use `verify-metadata` instead.",
    "skip_existing": "The inputs have been normalized to use kebab-case. Use `skip-existing` instead.",
    "print_hash": "The inputs have been normalized to use kebab-case. Use `print-hash` instead."
  }
}
[2025-03-13 16:51:55Z INFO ActionManager] Action __pypa_gh-action-pypi-publish (2ed5a162-d5e1-5779-d0f9-5196dec38a2b) from repository 'pypa/gh-action-pypi-publish@release/v1.7' needs to build image '/home/jenny/tensorflow-mri/actions-runner/_work/_actions/pypa/gh-action-pypi-publish/release/v1.7/Dockerfile'
[2025-03-13 16:51:55Z INFO HostContext] Well known directory 'Bin': '/home/jenny/tensorflow-mri/actions-runner/bin'
[2025-03-13 16:51:55Z INFO HostContext] Well known directory 'Root': '/home/jenny/tensorflow-mri/actions-runner'
[2025-03-13 16:51:55Z INFO HostContext] Well known directory 'Work': '/home/jenny/tensorflow-mri/actions-runner/_work'
[2025-03-13 16:51:55Z INFO HostContext] Well known directory 'Actions': '/home/jenny/tensorflow-mri/actions-runner/_work/_actions'
[2025-03-13 16:51:55Z INFO ActionManager] Load action that reference repository from '/home/jenny/tensorflow-mri/actions-runner/_work/_actions/pypa/gh-action-pypi-publish/release/v1.7'
[2025-03-13 16:51:55Z INFO HostContext] Well known directory 'Bin': '/home/jenny/tensorflow-mri/actions-runner/bin'
[2025-03-13 16:51:55Z INFO HostContext] Well known directory 'Root': '/home/jenny/tensorflow-mri/actions-runner'
[2025-03-13 16:51:55Z INFO HostContext] Well known directory 'Work': '/home/jenny/tensorflow-mri/actions-runner/_work'
[2025-03-13 16:51:55Z INFO HostContext] Well known directory 'Actions': '/home/jenny/tensorflow-mri/actions-runner/_work/_actions'
[2025-03-13 16:51:55Z INFO ActionManifestManager] Ignore action property branding.
[2025-03-13 16:51:55Z INFO ActionManifestManager] Loaded action.yml file: {
  "name": "pypi-publish",
  "description": "Upload Python distribution packages to PyPI",
  "inputs": {
    "type": 2,
    "map": [
      {
        "key": {
          "type": 0,
          "file": 4,
          "line": 5,
          "col": 3,
          "lit": "user"
        },
        "value": {
          "type": 0,
          "file": 4,
          "line": 8,
          "col": 14,
          "lit": "__token__"
        }
      },
      {
        "key": {
          "type": 0,
          "file": 4,
          "line": 9,
          "col": 3,
          "lit": "password"
        },
        "value": ""
      },
      {
        "key": {
          "type": 0,
          "file": 4,
          "line": 12,
          "col": 3,
          "lit": "repository-url"
        },
        "value": ""
      },
      {
        "key": {
          "type": 0,
          "file": 4,
          "line": 15,
          "col": 3,
          "lit": "repository_url"
        },
        "value": ""
      },
      {
        "key": {
          "type": 0,
          "file": 4,
          "line": 23,
          "col": 3,
          "lit": "packages-dir"
        },
        "value": ""
      },
      {
        "key": {
          "type": 0,
          "file": 4,
          "line": 27,
          "col": 3,
          "lit": "packages_dir"
        },
        "value": {
          "type": 0,
          "file": 4,
          "line": 35,
          "col": 14,
          "lit": "dist"
        }
      },
      {
        "key": {
          "type": 0,
          "file": 4,
          "line": 36,
          "col": 3,
          "lit": "verify-metadata"
        },
        "value": ""
      },
      {
        "key": {
          "type": 0,
          "file": 4,
          "line": 40,
          "col": 3,
          "lit": "verify_metadata"
        },
        "value": {
          "type": 0,
          "file": 4,
          "line": 48,
          "col": 14,
          "lit": "true"
        }
      },
      {
        "key": {
          "type": 0,
          "file": 4,
          "line": 49,
          "col": 3,
          "lit": "skip-existing"
        },
        "value": ""
      },
      {
        "key": {
          "type": 0,
          "file": 4,
          "line": 55,
          "col": 3,
          "lit": "skip_existing"
        },
        "value": {
          "type": 0,
          "file": 4,
          "line": 64,
          "col": 14,
          "lit": "false"
        }
      },
      {
        "key": {
          "type": 0,
          "file": 4,
          "line": 65,
          "col": 3,
          "lit": "verbose"
        },
        "value": {
          "type": 0,
          "file": 4,
          "line": 68,
          "col": 14,
          "lit": "false"
        }
      },
      {
        "key": {
          "type": 0,
          "file": 4,
          "line": 69,
          "col": 3,
          "lit": "print-hash"
        },
        "value": ""
      },
      {
        "key": {
          "type": 0,
          "file": 4,
          "line": 73,
          "col": 3,
          "lit": "print_hash"
        },
        "value": {
          "type": 0,
          "file": 4,
          "line": 81,
          "col": 14,
          "lit": "false"
        }
      }
    ]
  },
  "execution": {
    "executionType": "container",
    "hasPre": false,
    "hasPost": false,
    "image": "Dockerfile",
    "entryPoint": null,
    "arguments": {
      "type": 1,
      "file": 4,
      "line": 89,
      "col": 3,
      "seq": [
        {
          "type": 3,
          "file": 4,
          "line": 89,
          "col": 5,
          "expr": "inputs.user"
        },
        {
          "type": 3,
          "file": 4,
          "line": 90,
          "col": 5,
          "expr": "inputs.password"
        },
        {
          "type": 3,
          "file": 4,
          "line": 91,
          "col": 5,
          "expr": "inputs.repository-url"
        },
        {
          "type": 3,
          "file": 4,
          "line": 92,
          "col": 5,
          "expr": "inputs.packages-dir"
        },
        {
          "type": 3,
          "file": 4,
          "line": 93,
          "col": 5,
          "expr": "inputs.verify-metadata"
        },
        {
          "type": 3,
          "file": 4,
          "line": 94,
          "col": 5,
          "expr": "inputs.skip-existing"
        },
        {
          "type": 3,
          "file": 4,
          "line": 95,
          "col": 5,
          "expr": "inputs.verbose"
        },
        {
          "type": 3,
          "file": 4,
          "line": 96,
          "col": 5,
          "expr": "inputs.print-hash"
        }
      ]
    },
    "environment": null,
    "pre": null,
    "post": null,
    "cleanupCondition": "always()",
    "initCondition": "always()"
  },
  "deprecated": {
    "repository_url": "The inputs have been normalized to use kebab-case. Use `repository-url` instead.",
    "packages_dir": "The inputs have been normalized to use kebab-case. Use `packages-dir` instead.",
    "verify_metadata": "The inputs have been normalized to use kebab-case. Use `verify-metadata` instead.",
    "skip_existing": "The inputs have been normalized to use kebab-case. Use `skip-existing` instead.",
    "print_hash": "The inputs have been normalized to use kebab-case. Use `print-hash` instead."
  }
}
[2025-03-13 16:51:55Z INFO ActionManager] Action container Dockerfile/image: Dockerfile.
[2025-03-13 16:51:55Z INFO ActionManager] Action container args:  {
  "type": 1,
  "file": 4,
  "line": 89,
  "col": 3,
  "seq": [
    {
      "type": 3,
      "file": 4,
      "line": 89,
      "col": 5,
      "expr": "inputs.user"
    },
    {
      "type": 3,
      "file": 4,
      "line": 90,
      "col": 5,
      "expr": "inputs.password"
    },
    {
      "type": 3,
      "file": 4,
      "line": 91,
      "col": 5,
      "expr": "inputs.repository-url"
    },
    {
      "type": 3,
      "file": 4,
      "line": 92,
      "col": 5,
      "expr": "inputs.packages-dir"
    },
    {
      "type": 3,
      "file": 4,
      "line": 93,
      "col": 5,
      "expr": "inputs.verify-metadata"
    },
    {
      "type": 3,
      "file": 4,
      "line": 94,
      "col": 5,
      "expr": "inputs.skip-existing"
    },
    {
      "type": 3,
      "file": 4,
      "line": 95,
      "col": 5,
      "expr": "inputs.verbose"
    },
    {
      "type": 3,
      "file": 4,
      "line": 96,
      "col": 5,
      "expr": "inputs.print-hash"
    }
  ]
}.
[2025-03-13 16:51:55Z INFO ActionManager] 1 steps need to build image from '/home/jenny/tensorflow-mri/actions-runner/_work/_actions/pypa/gh-action-pypi-publish/release/v1.7/Dockerfile'
[2025-03-13 16:51:55Z INFO DockerCommandManager] Which2: 'docker'
[2025-03-13 16:51:55Z INFO DockerCommandManager] Location: '/usr/bin/docker'
[2025-03-13 16:51:55Z INFO HostContext] Well known directory 'Bin': '/home/jenny/tensorflow-mri/actions-runner/bin'
[2025-03-13 16:51:55Z INFO HostContext] Well known directory 'Root': '/home/jenny/tensorflow-mri/actions-runner'
[2025-03-13 16:51:55Z INFO JobExtension] Adding .
[2025-03-13 16:51:55Z INFO JobExtension] Adding .
[2025-03-13 16:51:55Z INFO JobExtension] Adding .
[2025-03-13 16:51:55Z INFO JobExtension] Adding .
[2025-03-13 16:51:55Z INFO JobExtension] Adding .
[2025-03-13 16:51:55Z INFO JobExtension] Adding .
[2025-03-13 16:51:55Z INFO JobExtension] Adding .
[2025-03-13 16:51:55Z INFO JobExtension] Adding .
[2025-03-13 16:51:55Z INFO JobExtension] Adding .
[2025-03-13 16:51:55Z INFO JobExtension] Adding .
[2025-03-13 16:51:55Z INFO JobExtension] Adding .
[2025-03-13 16:51:55Z INFO JobExtension] Adding .
[2025-03-13 16:51:55Z INFO HostContext] Well known directory 'Bin': '/home/jenny/tensorflow-mri/actions-runner/bin'
[2025-03-13 16:51:55Z INFO HostContext] Well known directory 'Root': '/home/jenny/tensorflow-mri/actions-runner'
[2025-03-13 16:51:55Z INFO HostContext] Well known directory 'Diag': '/home/jenny/tensorflow-mri/actions-runner/_diag'
[2025-03-13 16:51:55Z INFO HostContext] Well known directory 'Bin': '/home/jenny/tensorflow-mri/actions-runner/bin'
[2025-03-13 16:51:55Z INFO HostContext] Well known directory 'Root': '/home/jenny/tensorflow-mri/actions-runner'
[2025-03-13 16:51:55Z INFO HostContext] Well known directory 'Diag': '/home/jenny/tensorflow-mri/actions-runner/_diag'
[2025-03-13 16:51:55Z INFO HostContext] Well known directory 'Bin': '/home/jenny/tensorflow-mri/actions-runner/bin'
[2025-03-13 16:51:55Z INFO HostContext] Well known directory 'Root': '/home/jenny/tensorflow-mri/actions-runner'
[2025-03-13 16:51:55Z INFO HostContext] Well known directory 'Diag': '/home/jenny/tensorflow-mri/actions-runner/_diag'
[2025-03-13 16:51:55Z INFO HostContext] Well known directory 'Bin': '/home/jenny/tensorflow-mri/actions-runner/bin'
[2025-03-13 16:51:55Z INFO HostContext] Well known directory 'Root': '/home/jenny/tensorflow-mri/actions-runner'
[2025-03-13 16:51:55Z INFO HostContext] Well known directory 'Diag': '/home/jenny/tensorflow-mri/actions-runner/_diag'
[2025-03-13 16:51:55Z INFO HostContext] Well known directory 'Bin': '/home/jenny/tensorflow-mri/actions-runner/bin'
[2025-03-13 16:51:55Z INFO HostContext] Well known directory 'Root': '/home/jenny/tensorflow-mri/actions-runner'
[2025-03-13 16:51:55Z INFO HostContext] Well known directory 'Diag': '/home/jenny/tensorflow-mri/actions-runner/_diag'
[2025-03-13 16:51:55Z INFO HostContext] Well known directory 'Bin': '/home/jenny/tensorflow-mri/actions-runner/bin'
[2025-03-13 16:51:55Z INFO HostContext] Well known directory 'Root': '/home/jenny/tensorflow-mri/actions-runner'
[2025-03-13 16:51:55Z INFO HostContext] Well known directory 'Diag': '/home/jenny/tensorflow-mri/actions-runner/_diag'
[2025-03-13 16:51:55Z INFO HostContext] Well known directory 'Bin': '/home/jenny/tensorflow-mri/actions-runner/bin'
[2025-03-13 16:51:55Z INFO HostContext] Well known directory 'Root': '/home/jenny/tensorflow-mri/actions-runner'
[2025-03-13 16:51:55Z INFO HostContext] Well known directory 'Diag': '/home/jenny/tensorflow-mri/actions-runner/_diag'
[2025-03-13 16:51:55Z INFO HostContext] Well known directory 'Bin': '/home/jenny/tensorflow-mri/actions-runner/bin'
[2025-03-13 16:51:55Z INFO HostContext] Well known directory 'Root': '/home/jenny/tensorflow-mri/actions-runner'
[2025-03-13 16:51:55Z INFO HostContext] Well known directory 'Diag': '/home/jenny/tensorflow-mri/actions-runner/_diag'
[2025-03-13 16:51:55Z INFO HostContext] Well known directory 'Bin': '/home/jenny/tensorflow-mri/actions-runner/bin'
[2025-03-13 16:51:55Z INFO HostContext] Well known directory 'Root': '/home/jenny/tensorflow-mri/actions-runner'
[2025-03-13 16:51:55Z INFO HostContext] Well known directory 'Diag': '/home/jenny/tensorflow-mri/actions-runner/_diag'
[2025-03-13 16:51:55Z INFO HostContext] Well known directory 'Bin': '/home/jenny/tensorflow-mri/actions-runner/bin'
[2025-03-13 16:51:55Z INFO HostContext] Well known directory 'Root': '/home/jenny/tensorflow-mri/actions-runner'
[2025-03-13 16:51:55Z INFO HostContext] Well known directory 'Diag': '/home/jenny/tensorflow-mri/actions-runner/_diag'
[2025-03-13 16:51:55Z INFO HostContext] Well known directory 'Bin': '/home/jenny/tensorflow-mri/actions-runner/bin'
[2025-03-13 16:51:55Z INFO HostContext] Well known directory 'Root': '/home/jenny/tensorflow-mri/actions-runner'
[2025-03-13 16:51:55Z INFO HostContext] Well known directory 'Diag': '/home/jenny/tensorflow-mri/actions-runner/_diag'
[2025-03-13 16:51:55Z INFO HostContext] Well known directory 'Bin': '/home/jenny/tensorflow-mri/actions-runner/bin'
[2025-03-13 16:51:55Z INFO HostContext] Well known directory 'Root': '/home/jenny/tensorflow-mri/actions-runner'
[2025-03-13 16:51:55Z INFO HostContext] Well known directory 'Diag': '/home/jenny/tensorflow-mri/actions-runner/_diag'
[2025-03-13 16:51:55Z INFO HostContext] Well known directory 'Bin': '/home/jenny/tensorflow-mri/actions-runner/bin'
[2025-03-13 16:51:55Z INFO HostContext] Well known directory 'Root': '/home/jenny/tensorflow-mri/actions-runner'
[2025-03-13 16:51:55Z INFO HostContext] Well known directory 'Diag': '/home/jenny/tensorflow-mri/actions-runner/_diag'
[2025-03-13 16:51:55Z INFO HostContext] Well known directory 'Bin': '/home/jenny/tensorflow-mri/actions-runner/bin'
[2025-03-13 16:51:55Z INFO HostContext] Well known directory 'Root': '/home/jenny/tensorflow-mri/actions-runner'
[2025-03-13 16:51:55Z INFO HostContext] Well known directory 'Diag': '/home/jenny/tensorflow-mri/actions-runner/_diag'
[2025-03-13 16:51:55Z INFO HostContext] Well known directory 'Bin': '/home/jenny/tensorflow-mri/actions-runner/bin'
[2025-03-13 16:51:55Z INFO HostContext] Well known directory 'Root': '/home/jenny/tensorflow-mri/actions-runner'
[2025-03-13 16:51:55Z INFO HostContext] Well known directory 'Diag': '/home/jenny/tensorflow-mri/actions-runner/_diag'
[2025-03-13 16:51:55Z INFO HostContext] Well known directory 'Bin': '/home/jenny/tensorflow-mri/actions-runner/bin'
[2025-03-13 16:51:55Z INFO HostContext] Well known directory 'Root': '/home/jenny/tensorflow-mri/actions-runner'
[2025-03-13 16:51:55Z INFO HostContext] Well known directory 'Diag': '/home/jenny/tensorflow-mri/actions-runner/_diag'
[2025-03-13 16:51:55Z INFO HostContext] Well known directory 'Bin': '/home/jenny/tensorflow-mri/actions-runner/bin'
[2025-03-13 16:51:55Z INFO HostContext] Well known directory 'Root': '/home/jenny/tensorflow-mri/actions-runner'
[2025-03-13 16:51:55Z INFO HostContext] Well known directory 'Diag': '/home/jenny/tensorflow-mri/actions-runner/_diag'
[2025-03-13 16:51:55Z INFO HostContext] Well known directory 'Bin': '/home/jenny/tensorflow-mri/actions-runner/bin'
[2025-03-13 16:51:55Z INFO HostContext] Well known directory 'Root': '/home/jenny/tensorflow-mri/actions-runner'
[2025-03-13 16:51:55Z INFO HostContext] Well known directory 'Diag': '/home/jenny/tensorflow-mri/actions-runner/_diag'
[2025-03-13 16:51:55Z INFO HostContext] Well known directory 'Bin': '/home/jenny/tensorflow-mri/actions-runner/bin'
[2025-03-13 16:51:55Z INFO HostContext] Well known directory 'Root': '/home/jenny/tensorflow-mri/actions-runner'
[2025-03-13 16:51:55Z INFO HostContext] Well known directory 'Diag': '/home/jenny/tensorflow-mri/actions-runner/_diag'
[2025-03-13 16:51:55Z INFO HostContext] Well known directory 'Bin': '/home/jenny/tensorflow-mri/actions-runner/bin'
[2025-03-13 16:51:55Z INFO HostContext] Well known directory 'Root': '/home/jenny/tensorflow-mri/actions-runner'
[2025-03-13 16:51:55Z INFO HostContext] Well known directory 'Diag': '/home/jenny/tensorflow-mri/actions-runner/_diag'
[2025-03-13 16:51:55Z INFO HostContext] Well known directory 'Bin': '/home/jenny/tensorflow-mri/actions-runner/bin'
[2025-03-13 16:51:55Z INFO HostContext] Well known directory 'Root': '/home/jenny/tensorflow-mri/actions-runner'
[2025-03-13 16:51:55Z INFO HostContext] Well known directory 'Diag': '/home/jenny/tensorflow-mri/actions-runner/_diag'
[2025-03-13 16:51:55Z INFO HostContext] Well known directory 'Bin': '/home/jenny/tensorflow-mri/actions-runner/bin'
[2025-03-13 16:51:55Z INFO HostContext] Well known directory 'Root': '/home/jenny/tensorflow-mri/actions-runner'
[2025-03-13 16:51:55Z INFO HostContext] Well known directory 'Diag': '/home/jenny/tensorflow-mri/actions-runner/_diag'
[2025-03-13 16:51:55Z INFO HostContext] Well known directory 'Bin': '/home/jenny/tensorflow-mri/actions-runner/bin'
[2025-03-13 16:51:55Z INFO HostContext] Well known directory 'Root': '/home/jenny/tensorflow-mri/actions-runner'
[2025-03-13 16:51:55Z INFO HostContext] Well known directory 'Diag': '/home/jenny/tensorflow-mri/actions-runner/_diag'
[2025-03-13 16:51:55Z INFO HostContext] Well known directory 'Bin': '/home/jenny/tensorflow-mri/actions-runner/bin'
[2025-03-13 16:51:55Z INFO HostContext] Well known directory 'Root': '/home/jenny/tensorflow-mri/actions-runner'
[2025-03-13 16:51:55Z INFO HostContext] Well known directory 'Diag': '/home/jenny/tensorflow-mri/actions-runner/_diag'
[2025-03-13 16:51:55Z INFO HostContext] Well known directory 'Bin': '/home/jenny/tensorflow-mri/actions-runner/bin'
[2025-03-13 16:51:55Z INFO HostContext] Well known directory 'Root': '/home/jenny/tensorflow-mri/actions-runner'
[2025-03-13 16:51:55Z INFO HostContext] Well known directory 'Diag': '/home/jenny/tensorflow-mri/actions-runner/_diag'
[2025-03-13 16:51:55Z INFO HostContext] Well known directory 'Bin': '/home/jenny/tensorflow-mri/actions-runner/bin'
[2025-03-13 16:51:55Z INFO HostContext] Well known directory 'Root': '/home/jenny/tensorflow-mri/actions-runner'
[2025-03-13 16:51:55Z INFO HostContext] Well known directory 'Diag': '/home/jenny/tensorflow-mri/actions-runner/_diag'
[2025-03-13 16:51:55Z INFO HostContext] Well known directory 'Bin': '/home/jenny/tensorflow-mri/actions-runner/bin'
[2025-03-13 16:51:55Z INFO HostContext] Well known directory 'Root': '/home/jenny/tensorflow-mri/actions-runner'
[2025-03-13 16:51:55Z INFO HostContext] Well known directory 'Diag': '/home/jenny/tensorflow-mri/actions-runner/_diag'
[2025-03-13 16:51:55Z INFO HostContext] Well known directory 'Bin': '/home/jenny/tensorflow-mri/actions-runner/bin'
[2025-03-13 16:51:55Z INFO HostContext] Well known directory 'Root': '/home/jenny/tensorflow-mri/actions-runner'
[2025-03-13 16:51:55Z INFO HostContext] Well known directory 'Diag': '/home/jenny/tensorflow-mri/actions-runner/_diag'
[2025-03-13 16:51:55Z INFO JobExtension] Total accessible running process: 956.
[2025-03-13 16:51:55Z INFO HostContext] Well known directory 'Bin': '/home/jenny/tensorflow-mri/actions-runner/bin'
[2025-03-13 16:51:55Z INFO HostContext] Well known directory 'Root': '/home/jenny/tensorflow-mri/actions-runner'
[2025-03-13 16:51:55Z INFO HostContext] Well known directory 'Work': '/home/jenny/tensorflow-mri/actions-runner/_work'
[2025-03-13 16:51:55Z INFO JobExtension] Start checking server connectivity.
[2025-03-13 16:51:55Z INFO JobExtension] Check server connectivity for https://acghubeus0.actions.githubusercontent.com/_apis/health.
[2025-03-13 16:51:55Z INFO JobExtension] Check server connectivity for https://results-receiver.actions.githubusercontent.com/health.
[2025-03-13 16:51:55Z INFO JobExtension] Check server connectivity for https://pkg.actions.githubusercontent.com/health.
[2025-03-13 16:51:55Z INFO JobExtension] Check server connectivity for https://actions-results-receiver-production.githubapp.com/health.
[2025-03-13 16:51:55Z INFO JobExtension] Check server connectivity for https://run-actions-2-azure-eastus.actions.githubusercontent.com/12/health.
[2025-03-13 16:51:55Z INFO JobExtension] Check server connectivity for https://pipelinesghubeus25.actions.githubusercontent.com/_apis/health.
[2025-03-13 16:51:55Z INFO JobExtension] Start checking service connectivity in background.
[2025-03-13 16:51:55Z INFO ExecutionContext] Publish step telemetry for current step {
  "action": "setup_job",
  "type": "runner",
  "stage": "Pre",
  "stepId": "e74f17c6-9e85-4d55-a06f-8e714d658a45",
  "result": "succeeded",
  "errorMessages": [],
  "executionTimeInSeconds": 2,
  "startTime": "2025-03-13T16:51:53.1447397Z",
  "finishTime": "2025-03-13T16:51:55.1175725Z"
}.
[2025-03-13 16:51:55Z INFO JobRunner] Total job steps: 14.
[2025-03-13 16:51:55Z INFO JobRunner] Run all job steps.
[2025-03-13 16:51:55Z INFO StepsRunner] Processing step: DisplayName='Build pypa/gh-action-pypi-publish@release/v1.7'
[2025-03-13 16:51:55Z INFO StepsRunner] Evaluating: success()
[2025-03-13 16:51:55Z INFO StepsRunner] Result: true
[2025-03-13 16:51:55Z INFO StepsRunner] Starting the step.
[2025-03-13 16:51:55Z INFO ProcessInvokerWrapper] Starting process:
[2025-03-13 16:51:55Z INFO ProcessInvokerWrapper]   File name: '/usr/bin/docker'
[2025-03-13 16:51:55Z INFO ProcessInvokerWrapper]   Arguments: 'build -t b6156e:9be5233153e94c4a92cc5a6d8b1cefe1 -f "/home/jenny/tensorflow-mri/actions-runner/_work/_actions/pypa/gh-action-pypi-publish/release/v1.7/Dockerfile" "/home/jenny/tensorflow-mri/actions-runner/_work/_actions/pypa/gh-action-pypi-publish/release/v1.7"'
[2025-03-13 16:51:55Z INFO ProcessInvokerWrapper]   Working directory: '/home/jenny/tensorflow-mri/actions-runner/_work/_actions/pypa/gh-action-pypi-publish/release/v1.7'
[2025-03-13 16:51:55Z INFO ProcessInvokerWrapper]   Require exit code zero: 'False'
[2025-03-13 16:51:55Z INFO ProcessInvokerWrapper]   Encoding web name:  ; code page: ''
[2025-03-13 16:51:55Z INFO ProcessInvokerWrapper]   Force kill process on cancellation: 'False'
[2025-03-13 16:51:55Z INFO ProcessInvokerWrapper]   Redirected STDIN: 'False'
[2025-03-13 16:51:55Z INFO ProcessInvokerWrapper]   Persist current code page: 'False'
[2025-03-13 16:51:55Z INFO ProcessInvokerWrapper]   Keep redirected STDIN open: 'False'
[2025-03-13 16:51:55Z INFO ProcessInvokerWrapper]   High priority process: 'False'
[2025-03-13 16:51:55Z INFO ProcessInvokerWrapper] Updated oom_score_adj to 500 for PID: 2181930.
[2025-03-13 16:51:55Z INFO ProcessInvokerWrapper] Process started with process id 2181930, waiting for process exit.
[2025-03-13 16:51:55Z INFO JobServerQueue] Try to append 1 batches web console lines for record 'e74f17c6-9e85-4d55-a06f-8e714d658a45', success rate: 1/1.
[2025-03-13 16:51:55Z INFO JobServerQueue] Try to append 1 batches web console lines for record 'c9f14192-e374-48fb-9472-e70e0b3fc185', success rate: 1/1.
[2025-03-13 16:51:55Z INFO JobServerQueue] Try to append 1 batches web console lines for record 'c9f14192-e374-48fb-9472-e70e0b3fc185', success rate: 1/1.
[2025-03-13 16:51:55Z INFO JobServerQueue] Try to append 1 batches web console lines for record 'c9f14192-e374-48fb-9472-e70e0b3fc185', success rate: 1/1.
[2025-03-13 16:51:56Z INFO JobServerQueue] Got a step log file to send to results service.
[2025-03-13 16:51:56Z INFO JobServerQueue] Starting upload of step log file to results service ResultsLog, /home/jenny/tensorflow-mri/actions-runner/_diag/blocks/604df001-1dfe-44b0-a8bd-44bfa2ebab8f_e74f17c6-9e85-4d55-a06f-8e714d658a45.1
[2025-03-13 16:51:56Z INFO JobServerQueue] Try to upload 1 log files or attachments, success rate: 1/1.
[2025-03-13 16:51:56Z INFO JobServerQueue] Try to append 1 batches web console lines for record 'c9f14192-e374-48fb-9472-e70e0b3fc185', success rate: 1/1.
[2025-03-13 16:51:56Z INFO JobServerQueue] Try to append 1 batches web console lines for record 'c9f14192-e374-48fb-9472-e70e0b3fc185', success rate: 1/1.
[2025-03-13 16:51:56Z INFO JobServerQueue] Tried to upload 1 file(s) to results, success rate: 1/1.
[2025-03-13 16:51:56Z INFO JobServerQueue] Try to append 1 batches web console lines for record 'c9f14192-e374-48fb-9472-e70e0b3fc185', success rate: 1/1.
[2025-03-13 16:51:57Z INFO JobServerQueue] Try to append 1 batches web console lines for record 'c9f14192-e374-48fb-9472-e70e0b3fc185', success rate: 1/1.
[2025-03-13 16:51:57Z INFO JobServerQueue] Try to append 1 batches web console lines for record 'c9f14192-e374-48fb-9472-e70e0b3fc185', success rate: 1/1.
[2025-03-13 16:51:57Z INFO JobServerQueue] Try to append 1 batches web console lines for record 'c9f14192-e374-48fb-9472-e70e0b3fc185', success rate: 1/1.
[2025-03-13 16:51:58Z INFO JobServerQueue] Try to append 1 batches web console lines for record 'c9f14192-e374-48fb-9472-e70e0b3fc185', success rate: 1/1.
[2025-03-13 16:51:58Z INFO JobServerQueue] Try to append 1 batches web console lines for record 'c9f14192-e374-48fb-9472-e70e0b3fc185', success rate: 1/1.
[2025-03-13 16:51:58Z INFO JobServerQueue] Try to append 1 batches web console lines for record 'c9f14192-e374-48fb-9472-e70e0b3fc185', success rate: 1/1.
[2025-03-13 16:51:58Z INFO JobServerQueue] Try to append 1 batches web console lines for record 'c9f14192-e374-48fb-9472-e70e0b3fc185', success rate: 1/1.
[2025-03-13 16:51:59Z INFO JobServerQueue] Try to append 1 batches web console lines for record 'c9f14192-e374-48fb-9472-e70e0b3fc185', success rate: 1/1.
[2025-03-13 16:51:59Z INFO JobServerQueue] Try to append 1 batches web console lines for record 'c9f14192-e374-48fb-9472-e70e0b3fc185', success rate: 1/1.
[2025-03-13 16:51:59Z INFO JobServerQueue] Try to append 1 batches web console lines for record 'c9f14192-e374-48fb-9472-e70e0b3fc185', success rate: 1/1.
[2025-03-13 16:51:59Z INFO JobServerQueue] Try to append 1 batches web console lines for record 'c9f14192-e374-48fb-9472-e70e0b3fc185', success rate: 1/1.
[2025-03-13 16:52:00Z INFO JobServerQueue] Try to append 1 batches web console lines for record 'c9f14192-e374-48fb-9472-e70e0b3fc185', success rate: 1/1.
[2025-03-13 16:52:00Z INFO JobServerQueue] Try to append 1 batches web console lines for record 'c9f14192-e374-48fb-9472-e70e0b3fc185', success rate: 1/1.
[2025-03-13 16:52:00Z INFO JobServerQueue] Try to append 1 batches web console lines for record 'c9f14192-e374-48fb-9472-e70e0b3fc185', success rate: 1/1.
[2025-03-13 16:52:00Z INFO JobServerQueue] Try to append 1 batches web console lines for record 'c9f14192-e374-48fb-9472-e70e0b3fc185', success rate: 1/1.
[2025-03-13 16:52:01Z INFO JobServerQueue] Try to append 1 batches web console lines for record 'c9f14192-e374-48fb-9472-e70e0b3fc185', success rate: 1/1.
[2025-03-13 16:52:01Z INFO JobServerQueue] Try to append 1 batches web console lines for record 'c9f14192-e374-48fb-9472-e70e0b3fc185', success rate: 1/1.
[2025-03-13 16:52:01Z INFO JobServerQueue] Try to append 1 batches web console lines for record 'c9f14192-e374-48fb-9472-e70e0b3fc185', success rate: 1/1.
[2025-03-13 16:52:02Z INFO JobServerQueue] Try to append 1 batches web console lines for record 'c9f14192-e374-48fb-9472-e70e0b3fc185', success rate: 1/1.
[2025-03-13 16:52:05Z INFO HostContext] Well known directory 'Bin': '/home/jenny/tensorflow-mri/actions-runner/bin'
[2025-03-13 16:52:05Z INFO HostContext] Well known directory 'Root': '/home/jenny/tensorflow-mri/actions-runner'
[2025-03-13 16:52:05Z INFO HostContext] Well known directory 'Work': '/home/jenny/tensorflow-mri/actions-runner/_work'
[2025-03-13 16:52:08Z INFO JobServerQueue] Try to append 1 batches web console lines for record 'c9f14192-e374-48fb-9472-e70e0b3fc185', success rate: 1/1.
[2025-03-13 16:52:13Z INFO JobServerQueue] Try to append 1 batches web console lines for record 'c9f14192-e374-48fb-9472-e70e0b3fc185', success rate: 1/1.
[2025-03-13 16:52:13Z INFO JobServerQueue] Try to append 1 batches web console lines for record 'c9f14192-e374-48fb-9472-e70e0b3fc185', success rate: 1/1.
[2025-03-13 16:52:14Z INFO JobServerQueue] Try to append 1 batches web console lines for record 'c9f14192-e374-48fb-9472-e70e0b3fc185', success rate: 1/1.
[2025-03-13 16:52:14Z INFO JobServerQueue] Try to append 1 batches web console lines for record 'c9f14192-e374-48fb-9472-e70e0b3fc185', success rate: 1/1.
[2025-03-13 16:52:14Z INFO JobServerQueue] Try to append 1 batches web console lines for record 'c9f14192-e374-48fb-9472-e70e0b3fc185', success rate: 1/1.
[2025-03-13 16:52:15Z INFO HostContext] Well known directory 'Bin': '/home/jenny/tensorflow-mri/actions-runner/bin'
[2025-03-13 16:52:15Z INFO HostContext] Well known directory 'Root': '/home/jenny/tensorflow-mri/actions-runner'
[2025-03-13 16:52:15Z INFO HostContext] Well known directory 'Work': '/home/jenny/tensorflow-mri/actions-runner/_work'
[2025-03-13 16:52:19Z INFO JobServerQueue] Try to append 1 batches web console lines for record 'c9f14192-e374-48fb-9472-e70e0b3fc185', success rate: 1/1.
[2025-03-13 16:52:25Z INFO HostContext] Well known directory 'Bin': '/home/jenny/tensorflow-mri/actions-runner/bin'
[2025-03-13 16:52:25Z INFO HostContext] Well known directory 'Root': '/home/jenny/tensorflow-mri/actions-runner'
[2025-03-13 16:52:25Z INFO HostContext] Well known directory 'Work': '/home/jenny/tensorflow-mri/actions-runner/_work'
[2025-03-13 16:52:25Z INFO JobServerQueue] Try to append 1 batches web console lines for record 'c9f14192-e374-48fb-9472-e70e0b3fc185', success rate: 1/1.
[2025-03-13 16:52:30Z INFO JobServerQueue] Try to append 1 batches web console lines for record 'c9f14192-e374-48fb-9472-e70e0b3fc185', success rate: 1/1.
[2025-03-13 16:52:30Z INFO JobServerQueue] Try to append 1 batches web console lines for record 'c9f14192-e374-48fb-9472-e70e0b3fc185', success rate: 1/1.
[2025-03-13 16:52:30Z INFO JobServerQueue] Try to append 1 batches web console lines for record 'c9f14192-e374-48fb-9472-e70e0b3fc185', success rate: 1/1.
[2025-03-13 16:52:31Z INFO JobServerQueue] Try to append 1 batches web console lines for record 'c9f14192-e374-48fb-9472-e70e0b3fc185', success rate: 1/1.
[2025-03-13 16:52:31Z INFO JobServerQueue] Try to append 1 batches web console lines for record 'c9f14192-e374-48fb-9472-e70e0b3fc185', success rate: 1/1.
[2025-03-13 16:52:31Z INFO JobServerQueue] Try to append 1 batches web console lines for record 'c9f14192-e374-48fb-9472-e70e0b3fc185', success rate: 1/1.
[2025-03-13 16:52:31Z INFO JobServerQueue] Try to append 1 batches web console lines for record 'c9f14192-e374-48fb-9472-e70e0b3fc185', success rate: 1/1.
[2025-03-13 16:52:32Z INFO JobServerQueue] Try to append 1 batches web console lines for record 'c9f14192-e374-48fb-9472-e70e0b3fc185', success rate: 1/1.
[2025-03-13 16:52:32Z INFO JobServerQueue] Try to append 1 batches web console lines for record 'c9f14192-e374-48fb-9472-e70e0b3fc185', success rate: 1/1.
[2025-03-13 16:52:32Z INFO JobServerQueue] Try to append 1 batches web console lines for record 'c9f14192-e374-48fb-9472-e70e0b3fc185', success rate: 1/1.
[2025-03-13 16:52:34Z INFO JobServerQueue] Try to append 1 batches web console lines for record 'c9f14192-e374-48fb-9472-e70e0b3fc185', success rate: 1/1.
[2025-03-13 16:52:34Z INFO JobServerQueue] Try to append 1 batches web console lines for record 'c9f14192-e374-48fb-9472-e70e0b3fc185', success rate: 1/1.
[2025-03-13 16:52:35Z INFO HostContext] Well known directory 'Bin': '/home/jenny/tensorflow-mri/actions-runner/bin'
[2025-03-13 16:52:35Z INFO HostContext] Well known directory 'Root': '/home/jenny/tensorflow-mri/actions-runner'
[2025-03-13 16:52:35Z INFO HostContext] Well known directory 'Work': '/home/jenny/tensorflow-mri/actions-runner/_work'
[2025-03-13 16:52:39Z INFO JobServerQueue] Try to append 1 batches web console lines for record 'c9f14192-e374-48fb-9472-e70e0b3fc185', success rate: 1/1.
[2025-03-13 16:52:39Z INFO JobServerQueue] Try to append 1 batches web console lines for record 'c9f14192-e374-48fb-9472-e70e0b3fc185', success rate: 1/1.
[2025-03-13 16:52:39Z INFO JobServerQueue] Try to append 1 batches web console lines for record 'c9f14192-e374-48fb-9472-e70e0b3fc185', success rate: 1/1.
[2025-03-13 16:52:40Z INFO JobServerQueue] Try to append 1 batches web console lines for record 'c9f14192-e374-48fb-9472-e70e0b3fc185', success rate: 1/1.
[2025-03-13 16:52:40Z INFO ProcessInvokerWrapper] STDOUT/STDERR stream read finished.
[2025-03-13 16:52:40Z INFO ProcessInvokerWrapper] STDOUT/STDERR stream read finished.
[2025-03-13 16:52:40Z INFO ProcessInvokerWrapper] Finished process 2181930 with exit code 0, and elapsed time 00:00:45.0462709.
[2025-03-13 16:52:40Z INFO ActionManager] Prepared docker image 'b6156e:9be5233153e94c4a92cc5a6d8b1cefe1' for action 2ed5a162-d5e1-5779-d0f9-5196dec38a2b (/home/jenny/tensorflow-mri/actions-runner/_work/_actions/pypa/gh-action-pypi-publish/release/v1.7/Dockerfile)
[2025-03-13 16:52:40Z INFO StepsRunner] Step result: 
[2025-03-13 16:52:40Z INFO ExecutionContext] Publish step telemetry for current step {
  "action": "build_pypa/gh-action-pypi-publish@release/v1.7",
  "type": "runner",
  "stage": "Pre",
  "stepId": "c9f14192-e374-48fb-9472-e70e0b3fc185",
  "stepContextName": "c9f14192e37448fb9472e70e0b3fc185",
  "result": "succeeded",
  "errorMessages": [],
  "executionTimeInSeconds": 46,
  "startTime": "2025-03-13T16:51:55.1264609Z",
  "finishTime": "2025-03-13T16:52:40.1813095Z"
}.
[2025-03-13 16:52:40Z INFO StepsRunner] No need for updating job result with current step result 'Succeeded'.
[2025-03-13 16:52:40Z INFO StepsRunner] Current state: job state = ''
[2025-03-13 16:52:40Z INFO StepsRunner] Processing step: DisplayName='Initialize containers'
[2025-03-13 16:52:40Z INFO StepsRunner] Evaluating: success()
[2025-03-13 16:52:40Z INFO StepsRunner] Result: true
[2025-03-13 16:52:40Z INFO StepsRunner] Starting the step.
[2025-03-13 16:52:40Z INFO ExecutionContext] Reserve record order 16 to 30 for post job actions.
[2025-03-13 16:52:40Z INFO HostContext] Well known directory 'Bin': '/home/jenny/tensorflow-mri/actions-runner/bin'
[2025-03-13 16:52:40Z INFO HostContext] Well known directory 'Root': '/home/jenny/tensorflow-mri/actions-runner'
[2025-03-13 16:52:40Z INFO HostContext] Well known directory 'Diag': '/home/jenny/tensorflow-mri/actions-runner/_diag'
[2025-03-13 16:52:40Z INFO HostContext] Well known directory 'Bin': '/home/jenny/tensorflow-mri/actions-runner/bin'
[2025-03-13 16:52:40Z INFO HostContext] Well known directory 'Root': '/home/jenny/tensorflow-mri/actions-runner'
[2025-03-13 16:52:40Z INFO HostContext] Well known directory 'Diag': '/home/jenny/tensorflow-mri/actions-runner/_diag'
[2025-03-13 16:52:40Z INFO ProcessInvokerWrapper] Starting process:
[2025-03-13 16:52:40Z INFO ProcessInvokerWrapper]   File name: '/usr/bin/docker'
[2025-03-13 16:52:40Z INFO ProcessInvokerWrapper]   Arguments: 'version --format '{{.Server.APIVersion}}''
[2025-03-13 16:52:40Z INFO ProcessInvokerWrapper]   Working directory: '/home/jenny/tensorflow-mri/actions-runner/_work/tensorflow-mri/tensorflow-mri'
[2025-03-13 16:52:40Z INFO ProcessInvokerWrapper]   Require exit code zero: 'True'
[2025-03-13 16:52:40Z INFO ProcessInvokerWrapper]   Encoding web name:  ; code page: ''
[2025-03-13 16:52:40Z INFO ProcessInvokerWrapper]   Force kill process on cancellation: 'False'
[2025-03-13 16:52:40Z INFO ProcessInvokerWrapper]   Redirected STDIN: 'False'
[2025-03-13 16:52:40Z INFO ProcessInvokerWrapper]   Persist current code page: 'False'
[2025-03-13 16:52:40Z INFO ProcessInvokerWrapper]   Keep redirected STDIN open: 'False'
[2025-03-13 16:52:40Z INFO ProcessInvokerWrapper]   High priority process: 'False'
[2025-03-13 16:52:40Z INFO ProcessInvokerWrapper] Updated oom_score_adj to 500 for PID: 2182580.
[2025-03-13 16:52:40Z INFO ProcessInvokerWrapper] Process started with process id 2182580, waiting for process exit.
[2025-03-13 16:52:40Z INFO ProcessInvokerWrapper] STDOUT/STDERR stream read finished.
[2025-03-13 16:52:40Z INFO ProcessInvokerWrapper] STDOUT/STDERR stream read finished.
[2025-03-13 16:52:40Z INFO ProcessInvokerWrapper] Finished process 2182580 with exit code 0, and elapsed time 00:00:00.0139046.
[2025-03-13 16:52:40Z INFO ProcessInvokerWrapper] Starting process:
[2025-03-13 16:52:40Z INFO ProcessInvokerWrapper]   File name: '/usr/bin/docker'
[2025-03-13 16:52:40Z INFO ProcessInvokerWrapper]   Arguments: 'version --format '{{.Client.APIVersion}}''
[2025-03-13 16:52:40Z INFO ProcessInvokerWrapper]   Working directory: '/home/jenny/tensorflow-mri/actions-runner/_work/tensorflow-mri/tensorflow-mri'
[2025-03-13 16:52:40Z INFO ProcessInvokerWrapper]   Require exit code zero: 'True'
[2025-03-13 16:52:40Z INFO ProcessInvokerWrapper]   Encoding web name:  ; code page: ''
[2025-03-13 16:52:40Z INFO ProcessInvokerWrapper]   Force kill process on cancellation: 'False'
[2025-03-13 16:52:40Z INFO ProcessInvokerWrapper]   Redirected STDIN: 'False'
[2025-03-13 16:52:40Z INFO ProcessInvokerWrapper]   Persist current code page: 'False'
[2025-03-13 16:52:40Z INFO ProcessInvokerWrapper]   Keep redirected STDIN open: 'False'
[2025-03-13 16:52:40Z INFO ProcessInvokerWrapper]   High priority process: 'False'
[2025-03-13 16:52:40Z INFO ProcessInvokerWrapper] Updated oom_score_adj to 500 for PID: 2182601.
[2025-03-13 16:52:40Z INFO ProcessInvokerWrapper] Process started with process id 2182601, waiting for process exit.
[2025-03-13 16:52:40Z INFO ProcessInvokerWrapper] STDOUT/STDERR stream read finished.
[2025-03-13 16:52:40Z INFO ProcessInvokerWrapper] STDOUT/STDERR stream read finished.
[2025-03-13 16:52:40Z INFO ProcessInvokerWrapper] Finished process 2182601 with exit code 0, and elapsed time 00:00:00.0133244.
[2025-03-13 16:52:40Z INFO ProcessInvokerWrapper] Starting process:
[2025-03-13 16:52:40Z INFO ProcessInvokerWrapper]   File name: '/usr/bin/docker'
[2025-03-13 16:52:40Z INFO ProcessInvokerWrapper]   Arguments: 'ps --all --quiet --no-trunc --filter "label=b6156e"'
[2025-03-13 16:52:40Z INFO ProcessInvokerWrapper]   Working directory: '/home/jenny/tensorflow-mri/actions-runner/_work/tensorflow-mri/tensorflow-mri'
[2025-03-13 16:52:40Z INFO ProcessInvokerWrapper]   Require exit code zero: 'True'
[2025-03-13 16:52:40Z INFO ProcessInvokerWrapper]   Encoding web name:  ; code page: ''
[2025-03-13 16:52:40Z INFO ProcessInvokerWrapper]   Force kill process on cancellation: 'False'
[2025-03-13 16:52:40Z INFO ProcessInvokerWrapper]   Redirected STDIN: 'False'
[2025-03-13 16:52:40Z INFO ProcessInvokerWrapper]   Persist current code page: 'False'
[2025-03-13 16:52:40Z INFO ProcessInvokerWrapper]   Keep redirected STDIN open: 'False'
[2025-03-13 16:52:40Z INFO ProcessInvokerWrapper]   High priority process: 'False'
[2025-03-13 16:52:40Z INFO ProcessInvokerWrapper] Updated oom_score_adj to 500 for PID: 2182618.
[2025-03-13 16:52:40Z INFO ProcessInvokerWrapper] Process started with process id 2182618, waiting for process exit.
[2025-03-13 16:52:40Z INFO ProcessInvokerWrapper] STDOUT/STDERR stream read finished.
[2025-03-13 16:52:40Z INFO ProcessInvokerWrapper] STDOUT/STDERR stream read finished.
[2025-03-13 16:52:40Z INFO ProcessInvokerWrapper] Finished process 2182618 with exit code 0, and elapsed time 00:00:00.0096941.
[2025-03-13 16:52:40Z INFO ProcessInvokerWrapper] Starting process:
[2025-03-13 16:52:40Z INFO ProcessInvokerWrapper]   File name: '/usr/bin/docker'
[2025-03-13 16:52:40Z INFO ProcessInvokerWrapper]   Arguments: 'network prune --force --filter "label=b6156e"'
[2025-03-13 16:52:40Z INFO ProcessInvokerWrapper]   Working directory: '/home/jenny/tensorflow-mri/actions-runner/_work/tensorflow-mri/tensorflow-mri'
[2025-03-13 16:52:40Z INFO ProcessInvokerWrapper]   Require exit code zero: 'False'
[2025-03-13 16:52:40Z INFO ProcessInvokerWrapper]   Encoding web name:  ; code page: ''
[2025-03-13 16:52:40Z INFO ProcessInvokerWrapper]   Force kill process on cancellation: 'False'
[2025-03-13 16:52:40Z INFO ProcessInvokerWrapper]   Redirected STDIN: 'False'
[2025-03-13 16:52:40Z INFO ProcessInvokerWrapper]   Persist current code page: 'False'
[2025-03-13 16:52:40Z INFO ProcessInvokerWrapper]   Keep redirected STDIN open: 'False'
[2025-03-13 16:52:40Z INFO ProcessInvokerWrapper]   High priority process: 'False'
[2025-03-13 16:52:40Z INFO ProcessInvokerWrapper] Updated oom_score_adj to 500 for PID: 2182631.
[2025-03-13 16:52:40Z INFO ProcessInvokerWrapper] Process started with process id 2182631, waiting for process exit.
[2025-03-13 16:52:40Z INFO ProcessInvokerWrapper] STDOUT/STDERR stream read finished.
[2025-03-13 16:52:40Z INFO ProcessInvokerWrapper] STDOUT/STDERR stream read finished.
[2025-03-13 16:52:40Z INFO ProcessInvokerWrapper] Finished process 2182631 with exit code 0, and elapsed time 00:00:00.0098192.
[2025-03-13 16:52:40Z INFO ProcessInvokerWrapper] Starting process:
[2025-03-13 16:52:40Z INFO ProcessInvokerWrapper]   File name: '/usr/bin/docker'
[2025-03-13 16:52:40Z INFO ProcessInvokerWrapper]   Arguments: 'network create --label b6156e github_network_a5b3c685140e40c69e8837e8e7c90075'
[2025-03-13 16:52:40Z INFO ProcessInvokerWrapper]   Working directory: '/home/jenny/tensorflow-mri/actions-runner/_work/tensorflow-mri/tensorflow-mri'
[2025-03-13 16:52:40Z INFO ProcessInvokerWrapper]   Require exit code zero: 'False'
[2025-03-13 16:52:40Z INFO ProcessInvokerWrapper]   Encoding web name:  ; code page: ''
[2025-03-13 16:52:40Z INFO ProcessInvokerWrapper]   Force kill process on cancellation: 'False'
[2025-03-13 16:52:40Z INFO ProcessInvokerWrapper]   Redirected STDIN: 'False'
[2025-03-13 16:52:40Z INFO ProcessInvokerWrapper]   Persist current code page: 'False'
[2025-03-13 16:52:40Z INFO ProcessInvokerWrapper]   Keep redirected STDIN open: 'False'
[2025-03-13 16:52:40Z INFO ProcessInvokerWrapper]   High priority process: 'False'
[2025-03-13 16:52:40Z INFO ProcessInvokerWrapper] Updated oom_score_adj to 500 for PID: 2182643.
[2025-03-13 16:52:40Z INFO ProcessInvokerWrapper] Process started with process id 2182643, waiting for process exit.
[2025-03-13 16:52:40Z INFO JobServerQueue] Try to append 1 batches web console lines for record 'c9f14192-e374-48fb-9472-e70e0b3fc185', success rate: 1/1.
[2025-03-13 16:52:40Z INFO JobServerQueue] Try to append 1 batches web console lines for record 'b7448f08-aa54-4b39-9b89-13bc95643aa3', success rate: 1/1.
[2025-03-13 16:52:40Z INFO ProcessInvokerWrapper] STDOUT/STDERR stream read finished.
[2025-03-13 16:52:40Z INFO ProcessInvokerWrapper] STDOUT/STDERR stream read finished.
[2025-03-13 16:52:40Z INFO ProcessInvokerWrapper] Finished process 2182643 with exit code 0, and elapsed time 00:00:00.0467357.
[2025-03-13 16:52:40Z INFO ContainerOperationProvider] Container name: 6de68e3f9bbf4acab3475a3626294c6b
[2025-03-13 16:52:40Z INFO ContainerOperationProvider] Container image: ghcr.io/mrphys/tensorflow-manylinux:1.14.0
[2025-03-13 16:52:40Z INFO ContainerOperationProvider] Container options: 
[2025-03-13 16:52:40Z INFO HostContext] Well known directory 'Bin': '/home/jenny/tensorflow-mri/actions-runner/bin'
[2025-03-13 16:52:40Z INFO HostContext] Well known directory 'Root': '/home/jenny/tensorflow-mri/actions-runner'
[2025-03-13 16:52:40Z INFO HostContext] Well known directory 'Work': '/home/jenny/tensorflow-mri/actions-runner/_work'
[2025-03-13 16:52:40Z INFO HostContext] Well known directory 'Temp': '/home/jenny/tensorflow-mri/actions-runner/_work/_temp'
[2025-03-13 16:52:40Z INFO ProcessInvokerWrapper] Starting process:
[2025-03-13 16:52:40Z INFO ProcessInvokerWrapper]   File name: '/usr/bin/docker'
[2025-03-13 16:52:40Z INFO ProcessInvokerWrapper]   Arguments: '--config /home/jenny/tensorflow-mri/actions-runner/_work/_temp/.docker_d347f499-e62d-4601-9f05-98c2dc95f99d login ghcr.io -u jennifersteeden --password-stdin'
[2025-03-13 16:52:40Z INFO ProcessInvokerWrapper]   Working directory: '/home/jenny/tensorflow-mri/actions-runner/_work/tensorflow-mri/tensorflow-mri'
[2025-03-13 16:52:40Z INFO ProcessInvokerWrapper]   Require exit code zero: 'False'
[2025-03-13 16:52:40Z INFO ProcessInvokerWrapper]   Encoding web name:  ; code page: ''
[2025-03-13 16:52:40Z INFO ProcessInvokerWrapper]   Force kill process on cancellation: 'False'
[2025-03-13 16:52:40Z INFO ProcessInvokerWrapper]   Redirected STDIN: 'True'
[2025-03-13 16:52:40Z INFO ProcessInvokerWrapper]   Persist current code page: 'False'
[2025-03-13 16:52:40Z INFO ProcessInvokerWrapper]   Keep redirected STDIN open: 'False'
[2025-03-13 16:52:40Z INFO ProcessInvokerWrapper]   High priority process: 'False'
[2025-03-13 16:52:40Z INFO ProcessInvokerWrapper] Updated oom_score_adj to 500 for PID: 2182705.
[2025-03-13 16:52:40Z INFO ProcessInvokerWrapper] Process started with process id 2182705, waiting for process exit.
[2025-03-13 16:52:40Z INFO ProcessInvokerWrapper] Close STDIN after the first redirect finished.
[2025-03-13 16:52:40Z INFO ProcessInvokerWrapper] STDIN stream write finished.
[2025-03-13 16:52:40Z INFO JobServerQueue] Try to append 1 batches web console lines for record 'b7448f08-aa54-4b39-9b89-13bc95643aa3', success rate: 1/1.
[2025-03-13 16:52:40Z INFO ProcessInvokerWrapper] STDOUT/STDERR stream read finished.
[2025-03-13 16:52:40Z INFO ProcessInvokerWrapper] STDOUT/STDERR stream read finished.
[2025-03-13 16:52:40Z INFO ProcessInvokerWrapper] Finished process 2182705 with exit code 0, and elapsed time 00:00:00.3453538.
[2025-03-13 16:52:40Z INFO ProcessInvokerWrapper] Starting process:
[2025-03-13 16:52:40Z INFO ProcessInvokerWrapper]   File name: '/usr/bin/docker'
[2025-03-13 16:52:40Z INFO ProcessInvokerWrapper]   Arguments: '--config /home/jenny/tensorflow-mri/actions-runner/_work/_temp/.docker_d347f499-e62d-4601-9f05-98c2dc95f99d pull ghcr.io/mrphys/tensorflow-manylinux:1.14.0'
[2025-03-13 16:52:40Z INFO ProcessInvokerWrapper]   Working directory: '/home/jenny/tensorflow-mri/actions-runner/_work/tensorflow-mri/tensorflow-mri'
[2025-03-13 16:52:40Z INFO ProcessInvokerWrapper]   Require exit code zero: 'False'
[2025-03-13 16:52:40Z INFO ProcessInvokerWrapper]   Encoding web name:  ; code page: ''
[2025-03-13 16:52:40Z INFO ProcessInvokerWrapper]   Force kill process on cancellation: 'False'
[2025-03-13 16:52:40Z INFO ProcessInvokerWrapper]   Redirected STDIN: 'False'
[2025-03-13 16:52:40Z INFO ProcessInvokerWrapper]   Persist current code page: 'False'
[2025-03-13 16:52:40Z INFO ProcessInvokerWrapper]   Keep redirected STDIN open: 'False'
[2025-03-13 16:52:40Z INFO ProcessInvokerWrapper]   High priority process: 'False'
[2025-03-13 16:52:40Z INFO ProcessInvokerWrapper] Updated oom_score_adj to 500 for PID: 2182716.
[2025-03-13 16:52:40Z INFO ProcessInvokerWrapper] Process started with process id 2182716, waiting for process exit.
[2025-03-13 16:52:40Z INFO JobServerQueue] Try to upload 1 log files or attachments, success rate: 1/1.
[2025-03-13 16:52:40Z INFO JobServerQueue] Try to append 1 batches web console lines for record 'b7448f08-aa54-4b39-9b89-13bc95643aa3', success rate: 1/1.
[2025-03-13 16:52:40Z INFO JobServerQueue] Got a step log file to send to results service.
[2025-03-13 16:52:40Z INFO JobServerQueue] Starting upload of step log file to results service ResultsLog, /home/jenny/tensorflow-mri/actions-runner/_diag/blocks/604df001-1dfe-44b0-a8bd-44bfa2ebab8f_c9f14192-e374-48fb-9472-e70e0b3fc185.1
[2025-03-13 16:52:41Z INFO JobServerQueue] Tried to upload 1 file(s) to results, success rate: 1/1.
[2025-03-13 16:52:41Z INFO JobServerQueue] Try to append 1 batches web console lines for record 'b7448f08-aa54-4b39-9b89-13bc95643aa3', success rate: 1/1.
[2025-03-13 16:52:41Z INFO JobServerQueue] Try to append 1 batches web console lines for record 'b7448f08-aa54-4b39-9b89-13bc95643aa3', success rate: 1/1.
[2025-03-13 16:52:42Z INFO JobServerQueue] Try to append 1 batches web console lines for record 'b7448f08-aa54-4b39-9b89-13bc95643aa3', success rate: 1/1.
[2025-03-13 16:52:45Z INFO HostContext] Well known directory 'Bin': '/home/jenny/tensorflow-mri/actions-runner/bin'
[2025-03-13 16:52:45Z INFO HostContext] Well known directory 'Root': '/home/jenny/tensorflow-mri/actions-runner'
[2025-03-13 16:52:45Z INFO HostContext] Well known directory 'Work': '/home/jenny/tensorflow-mri/actions-runner/_work'
[2025-03-13 16:52:53Z INFO JobServerQueue] Stop aggressive process web console line queue.
[2025-03-13 16:52:55Z INFO HostContext] Well known directory 'Bin': '/home/jenny/tensorflow-mri/actions-runner/bin'
[2025-03-13 16:52:55Z INFO HostContext] Well known directory 'Root': '/home/jenny/tensorflow-mri/actions-runner'
[2025-03-13 16:52:55Z INFO HostContext] Well known directory 'Work': '/home/jenny/tensorflow-mri/actions-runner/_work'
[2025-03-13 16:53:05Z INFO HostContext] Well known directory 'Bin': '/home/jenny/tensorflow-mri/actions-runner/bin'
[2025-03-13 16:53:05Z INFO HostContext] Well known directory 'Root': '/home/jenny/tensorflow-mri/actions-runner'
[2025-03-13 16:53:05Z INFO HostContext] Well known directory 'Work': '/home/jenny/tensorflow-mri/actions-runner/_work'
[2025-03-13 16:53:15Z INFO HostContext] Well known directory 'Bin': '/home/jenny/tensorflow-mri/actions-runner/bin'
[2025-03-13 16:53:15Z INFO HostContext] Well known directory 'Root': '/home/jenny/tensorflow-mri/actions-runner'
[2025-03-13 16:53:15Z INFO HostContext] Well known directory 'Work': '/home/jenny/tensorflow-mri/actions-runner/_work'
[2025-03-13 16:53:25Z INFO HostContext] Well known directory 'Bin': '/home/jenny/tensorflow-mri/actions-runner/bin'
[2025-03-13 16:53:25Z INFO HostContext] Well known directory 'Root': '/home/jenny/tensorflow-mri/actions-runner'
[2025-03-13 16:53:25Z INFO HostContext] Well known directory 'Work': '/home/jenny/tensorflow-mri/actions-runner/_work'
[2025-03-13 16:53:35Z INFO HostContext] Well known directory 'Bin': '/home/jenny/tensorflow-mri/actions-runner/bin'
[2025-03-13 16:53:35Z INFO HostContext] Well known directory 'Root': '/home/jenny/tensorflow-mri/actions-runner'
[2025-03-13 16:53:35Z INFO HostContext] Well known directory 'Work': '/home/jenny/tensorflow-mri/actions-runner/_work'
[2025-03-13 16:53:45Z INFO HostContext] Well known directory 'Bin': '/home/jenny/tensorflow-mri/actions-runner/bin'
[2025-03-13 16:53:45Z INFO HostContext] Well known directory 'Root': '/home/jenny/tensorflow-mri/actions-runner'
[2025-03-13 16:53:45Z INFO HostContext] Well known directory 'Work': '/home/jenny/tensorflow-mri/actions-runner/_work'
[2025-03-13 16:53:55Z INFO HostContext] Well known directory 'Bin': '/home/jenny/tensorflow-mri/actions-runner/bin'
[2025-03-13 16:53:55Z INFO HostContext] Well known directory 'Root': '/home/jenny/tensorflow-mri/actions-runner'
[2025-03-13 16:53:55Z INFO HostContext] Well known directory 'Work': '/home/jenny/tensorflow-mri/actions-runner/_work'
[2025-03-13 16:54:05Z INFO HostContext] Well known directory 'Bin': '/home/jenny/tensorflow-mri/actions-runner/bin'
[2025-03-13 16:54:05Z INFO HostContext] Well known directory 'Root': '/home/jenny/tensorflow-mri/actions-runner'
[2025-03-13 16:54:05Z INFO HostContext] Well known directory 'Work': '/home/jenny/tensorflow-mri/actions-runner/_work'
[2025-03-13 16:54:15Z INFO HostContext] Well known directory 'Bin': '/home/jenny/tensorflow-mri/actions-runner/bin'
[2025-03-13 16:54:15Z INFO HostContext] Well known directory 'Root': '/home/jenny/tensorflow-mri/actions-runner'
[2025-03-13 16:54:15Z INFO HostContext] Well known directory 'Work': '/home/jenny/tensorflow-mri/actions-runner/_work'
[2025-03-13 16:54:25Z INFO HostContext] Well known directory 'Bin': '/home/jenny/tensorflow-mri/actions-runner/bin'
[2025-03-13 16:54:25Z INFO HostContext] Well known directory 'Root': '/home/jenny/tensorflow-mri/actions-runner'
[2025-03-13 16:54:25Z INFO HostContext] Well known directory 'Work': '/home/jenny/tensorflow-mri/actions-runner/_work'
[2025-03-13 16:54:35Z INFO HostContext] Well known directory 'Bin': '/home/jenny/tensorflow-mri/actions-runner/bin'
[2025-03-13 16:54:35Z INFO HostContext] Well known directory 'Root': '/home/jenny/tensorflow-mri/actions-runner'
[2025-03-13 16:54:35Z INFO HostContext] Well known directory 'Work': '/home/jenny/tensorflow-mri/actions-runner/_work'
[2025-03-13 16:54:45Z INFO HostContext] Well known directory 'Bin': '/home/jenny/tensorflow-mri/actions-runner/bin'
[2025-03-13 16:54:45Z INFO HostContext] Well known directory 'Root': '/home/jenny/tensorflow-mri/actions-runner'
[2025-03-13 16:54:45Z INFO HostContext] Well known directory 'Work': '/home/jenny/tensorflow-mri/actions-runner/_work'
[2025-03-13 16:54:55Z INFO HostContext] Well known directory 'Bin': '/home/jenny/tensorflow-mri/actions-runner/bin'
[2025-03-13 16:54:55Z INFO HostContext] Well known directory 'Root': '/home/jenny/tensorflow-mri/actions-runner'
[2025-03-13 16:54:55Z INFO HostContext] Well known directory 'Work': '/home/jenny/tensorflow-mri/actions-runner/_work'
[2025-03-13 16:55:05Z INFO HostContext] Well known directory 'Bin': '/home/jenny/tensorflow-mri/actions-runner/bin'
[2025-03-13 16:55:05Z INFO HostContext] Well known directory 'Root': '/home/jenny/tensorflow-mri/actions-runner'
[2025-03-13 16:55:05Z INFO HostContext] Well known directory 'Work': '/home/jenny/tensorflow-mri/actions-runner/_work'
[2025-03-13 16:55:15Z INFO HostContext] Well known directory 'Bin': '/home/jenny/tensorflow-mri/actions-runner/bin'
[2025-03-13 16:55:15Z INFO HostContext] Well known directory 'Root': '/home/jenny/tensorflow-mri/actions-runner'
[2025-03-13 16:55:15Z INFO HostContext] Well known directory 'Work': '/home/jenny/tensorflow-mri/actions-runner/_work'
[2025-03-13 16:55:25Z INFO HostContext] Well known directory 'Bin': '/home/jenny/tensorflow-mri/actions-runner/bin'
[2025-03-13 16:55:25Z INFO HostContext] Well known directory 'Root': '/home/jenny/tensorflow-mri/actions-runner'
[2025-03-13 16:55:25Z INFO HostContext] Well known directory 'Work': '/home/jenny/tensorflow-mri/actions-runner/_work'
[2025-03-13 16:55:35Z INFO HostContext] Well known directory 'Bin': '/home/jenny/tensorflow-mri/actions-runner/bin'
[2025-03-13 16:55:35Z INFO HostContext] Well known directory 'Root': '/home/jenny/tensorflow-mri/actions-runner'
[2025-03-13 16:55:35Z INFO HostContext] Well known directory 'Work': '/home/jenny/tensorflow-mri/actions-runner/_work'
[2025-03-13 16:55:45Z INFO HostContext] Well known directory 'Bin': '/home/jenny/tensorflow-mri/actions-runner/bin'
[2025-03-13 16:55:45Z INFO HostContext] Well known directory 'Root': '/home/jenny/tensorflow-mri/actions-runner'
[2025-03-13 16:55:45Z INFO HostContext] Well known directory 'Work': '/home/jenny/tensorflow-mri/actions-runner/_work'
[2025-03-13 16:55:55Z INFO HostContext] Well known directory 'Bin': '/home/jenny/tensorflow-mri/actions-runner/bin'
[2025-03-13 16:55:55Z INFO HostContext] Well known directory 'Root': '/home/jenny/tensorflow-mri/actions-runner'
[2025-03-13 16:55:55Z INFO HostContext] Well known directory 'Work': '/home/jenny/tensorflow-mri/actions-runner/_work'
[2025-03-13 16:56:05Z INFO HostContext] Well known directory 'Bin': '/home/jenny/tensorflow-mri/actions-runner/bin'
[2025-03-13 16:56:05Z INFO HostContext] Well known directory 'Root': '/home/jenny/tensorflow-mri/actions-runner'
[2025-03-13 16:56:05Z INFO HostContext] Well known directory 'Work': '/home/jenny/tensorflow-mri/actions-runner/_work'
[2025-03-13 16:56:15Z INFO HostContext] Well known directory 'Bin': '/home/jenny/tensorflow-mri/actions-runner/bin'
[2025-03-13 16:56:15Z INFO HostContext] Well known directory 'Root': '/home/jenny/tensorflow-mri/actions-runner'
[2025-03-13 16:56:15Z INFO HostContext] Well known directory 'Work': '/home/jenny/tensorflow-mri/actions-runner/_work'
[2025-03-13 16:56:25Z INFO HostContext] Well known directory 'Bin': '/home/jenny/tensorflow-mri/actions-runner/bin'
[2025-03-13 16:56:25Z INFO HostContext] Well known directory 'Root': '/home/jenny/tensorflow-mri/actions-runner'
[2025-03-13 16:56:25Z INFO HostContext] Well known directory 'Work': '/home/jenny/tensorflow-mri/actions-runner/_work'
[2025-03-13 16:56:35Z INFO HostContext] Well known directory 'Bin': '/home/jenny/tensorflow-mri/actions-runner/bin'
[2025-03-13 16:56:35Z INFO HostContext] Well known directory 'Root': '/home/jenny/tensorflow-mri/actions-runner'
[2025-03-13 16:56:35Z INFO HostContext] Well known directory 'Work': '/home/jenny/tensorflow-mri/actions-runner/_work'
[2025-03-13 16:56:45Z INFO HostContext] Well known directory 'Bin': '/home/jenny/tensorflow-mri/actions-runner/bin'
[2025-03-13 16:56:45Z INFO HostContext] Well known directory 'Root': '/home/jenny/tensorflow-mri/actions-runner'
[2025-03-13 16:56:45Z INFO HostContext] Well known directory 'Work': '/home/jenny/tensorflow-mri/actions-runner/_work'
[2025-03-13 16:56:55Z INFO HostContext] Well known directory 'Bin': '/home/jenny/tensorflow-mri/actions-runner/bin'
[2025-03-13 16:56:55Z INFO HostContext] Well known directory 'Root': '/home/jenny/tensorflow-mri/actions-runner'
[2025-03-13 16:56:55Z INFO HostContext] Well known directory 'Work': '/home/jenny/tensorflow-mri/actions-runner/_work'
[2025-03-13 16:57:05Z INFO HostContext] Well known directory 'Bin': '/home/jenny/tensorflow-mri/actions-runner/bin'
[2025-03-13 16:57:05Z INFO HostContext] Well known directory 'Root': '/home/jenny/tensorflow-mri/actions-runner'
[2025-03-13 16:57:05Z INFO HostContext] Well known directory 'Work': '/home/jenny/tensorflow-mri/actions-runner/_work'
[2025-03-13 16:57:15Z INFO HostContext] Well known directory 'Bin': '/home/jenny/tensorflow-mri/actions-runner/bin'
[2025-03-13 16:57:15Z INFO HostContext] Well known directory 'Root': '/home/jenny/tensorflow-mri/actions-runner'
[2025-03-13 16:57:15Z INFO HostContext] Well known directory 'Work': '/home/jenny/tensorflow-mri/actions-runner/_work'
[2025-03-13 16:57:16Z INFO JobServerQueue] Try to append 1 batches web console lines for record 'b7448f08-aa54-4b39-9b89-13bc95643aa3', success rate: 1/1.
[2025-03-13 16:57:25Z INFO HostContext] Well known directory 'Bin': '/home/jenny/tensorflow-mri/actions-runner/bin'
[2025-03-13 16:57:25Z INFO HostContext] Well known directory 'Root': '/home/jenny/tensorflow-mri/actions-runner'
[2025-03-13 16:57:25Z INFO HostContext] Well known directory 'Work': '/home/jenny/tensorflow-mri/actions-runner/_work'
[2025-03-13 16:57:35Z INFO HostContext] Well known directory 'Bin': '/home/jenny/tensorflow-mri/actions-runner/bin'
[2025-03-13 16:57:35Z INFO HostContext] Well known directory 'Root': '/home/jenny/tensorflow-mri/actions-runner'
[2025-03-13 16:57:35Z INFO HostContext] Well known directory 'Work': '/home/jenny/tensorflow-mri/actions-runner/_work'
[2025-03-13 16:57:44Z INFO JobServerQueue] Try to append 1 batches web console lines for record 'b7448f08-aa54-4b39-9b89-13bc95643aa3', success rate: 1/1.
[2025-03-13 16:57:45Z INFO HostContext] Well known directory 'Bin': '/home/jenny/tensorflow-mri/actions-runner/bin'
[2025-03-13 16:57:45Z INFO HostContext] Well known directory 'Root': '/home/jenny/tensorflow-mri/actions-runner'
[2025-03-13 16:57:45Z INFO HostContext] Well known directory 'Work': '/home/jenny/tensorflow-mri/actions-runner/_work'
[2025-03-13 16:57:55Z INFO HostContext] Well known directory 'Bin': '/home/jenny/tensorflow-mri/actions-runner/bin'
[2025-03-13 16:57:55Z INFO HostContext] Well known directory 'Root': '/home/jenny/tensorflow-mri/actions-runner'
[2025-03-13 16:57:55Z INFO HostContext] Well known directory 'Work': '/home/jenny/tensorflow-mri/actions-runner/_work'
[2025-03-13 16:58:05Z INFO HostContext] Well known directory 'Bin': '/home/jenny/tensorflow-mri/actions-runner/bin'
[2025-03-13 16:58:05Z INFO HostContext] Well known directory 'Root': '/home/jenny/tensorflow-mri/actions-runner'
[2025-03-13 16:58:05Z INFO HostContext] Well known directory 'Work': '/home/jenny/tensorflow-mri/actions-runner/_work'
[2025-03-13 16:58:15Z INFO HostContext] Well known directory 'Bin': '/home/jenny/tensorflow-mri/actions-runner/bin'
[2025-03-13 16:58:15Z INFO HostContext] Well known directory 'Root': '/home/jenny/tensorflow-mri/actions-runner'
[2025-03-13 16:58:15Z INFO HostContext] Well known directory 'Work': '/home/jenny/tensorflow-mri/actions-runner/_work'
[2025-03-13 16:58:23Z INFO JobServerQueue] Try to append 1 batches web console lines for record 'b7448f08-aa54-4b39-9b89-13bc95643aa3', success rate: 1/1.
[2025-03-13 16:58:25Z INFO HostContext] Well known directory 'Bin': '/home/jenny/tensorflow-mri/actions-runner/bin'
[2025-03-13 16:58:25Z INFO HostContext] Well known directory 'Root': '/home/jenny/tensorflow-mri/actions-runner'
[2025-03-13 16:58:25Z INFO HostContext] Well known directory 'Work': '/home/jenny/tensorflow-mri/actions-runner/_work'
[2025-03-13 16:58:35Z INFO HostContext] Well known directory 'Bin': '/home/jenny/tensorflow-mri/actions-runner/bin'
[2025-03-13 16:58:35Z INFO HostContext] Well known directory 'Root': '/home/jenny/tensorflow-mri/actions-runner'
[2025-03-13 16:58:35Z INFO HostContext] Well known directory 'Work': '/home/jenny/tensorflow-mri/actions-runner/_work'
[2025-03-13 16:58:45Z INFO HostContext] Well known directory 'Bin': '/home/jenny/tensorflow-mri/actions-runner/bin'
[2025-03-13 16:58:45Z INFO HostContext] Well known directory 'Root': '/home/jenny/tensorflow-mri/actions-runner'
[2025-03-13 16:58:45Z INFO HostContext] Well known directory 'Work': '/home/jenny/tensorflow-mri/actions-runner/_work'
[2025-03-13 16:58:55Z INFO HostContext] Well known directory 'Bin': '/home/jenny/tensorflow-mri/actions-runner/bin'
[2025-03-13 16:58:55Z INFO HostContext] Well known directory 'Root': '/home/jenny/tensorflow-mri/actions-runner'
[2025-03-13 16:58:55Z INFO HostContext] Well known directory 'Work': '/home/jenny/tensorflow-mri/actions-runner/_work'
[2025-03-13 16:59:05Z INFO HostContext] Well known directory 'Bin': '/home/jenny/tensorflow-mri/actions-runner/bin'
[2025-03-13 16:59:05Z INFO HostContext] Well known directory 'Root': '/home/jenny/tensorflow-mri/actions-runner'
[2025-03-13 16:59:05Z INFO HostContext] Well known directory 'Work': '/home/jenny/tensorflow-mri/actions-runner/_work'
[2025-03-13 16:59:07Z INFO JobServerQueue] Try to append 1 batches web console lines for record 'b7448f08-aa54-4b39-9b89-13bc95643aa3', success rate: 1/1.
[2025-03-13 16:59:08Z INFO JobServerQueue] Try to append 1 batches web console lines for record 'b7448f08-aa54-4b39-9b89-13bc95643aa3', success rate: 1/1.
[2025-03-13 16:59:15Z INFO HostContext] Well known directory 'Bin': '/home/jenny/tensorflow-mri/actions-runner/bin'
[2025-03-13 16:59:15Z INFO HostContext] Well known directory 'Root': '/home/jenny/tensorflow-mri/actions-runner'
[2025-03-13 16:59:15Z INFO HostContext] Well known directory 'Work': '/home/jenny/tensorflow-mri/actions-runner/_work'
[2025-03-13 16:59:20Z INFO JobServerQueue] Try to append 1 batches web console lines for record 'b7448f08-aa54-4b39-9b89-13bc95643aa3', success rate: 1/1.
[2025-03-13 16:59:21Z INFO JobServerQueue] Try to append 1 batches web console lines for record 'b7448f08-aa54-4b39-9b89-13bc95643aa3', success rate: 1/1.
[2025-03-13 16:59:25Z INFO HostContext] Well known directory 'Bin': '/home/jenny/tensorflow-mri/actions-runner/bin'
[2025-03-13 16:59:25Z INFO HostContext] Well known directory 'Root': '/home/jenny/tensorflow-mri/actions-runner'
[2025-03-13 16:59:25Z INFO HostContext] Well known directory 'Work': '/home/jenny/tensorflow-mri/actions-runner/_work'
[2025-03-13 16:59:35Z INFO HostContext] Well known directory 'Bin': '/home/jenny/tensorflow-mri/actions-runner/bin'
[2025-03-13 16:59:35Z INFO HostContext] Well known directory 'Root': '/home/jenny/tensorflow-mri/actions-runner'
[2025-03-13 16:59:35Z INFO HostContext] Well known directory 'Work': '/home/jenny/tensorflow-mri/actions-runner/_work'
[2025-03-13 16:59:45Z INFO HostContext] Well known directory 'Bin': '/home/jenny/tensorflow-mri/actions-runner/bin'
[2025-03-13 16:59:45Z INFO HostContext] Well known directory 'Root': '/home/jenny/tensorflow-mri/actions-runner'
[2025-03-13 16:59:45Z INFO HostContext] Well known directory 'Work': '/home/jenny/tensorflow-mri/actions-runner/_work'
[2025-03-13 16:59:53Z INFO JobServerQueue] Try to append 1 batches web console lines for record 'b7448f08-aa54-4b39-9b89-13bc95643aa3', success rate: 1/1.
[2025-03-13 16:59:54Z INFO JobServerQueue] Try to append 1 batches web console lines for record 'b7448f08-aa54-4b39-9b89-13bc95643aa3', success rate: 1/1.
[2025-03-13 16:59:55Z INFO HostContext] Well known directory 'Bin': '/home/jenny/tensorflow-mri/actions-runner/bin'
[2025-03-13 16:59:55Z INFO HostContext] Well known directory 'Root': '/home/jenny/tensorflow-mri/actions-runner'
[2025-03-13 16:59:55Z INFO JobServerQueue] Try to append 1 batches web console lines for record 'b7448f08-aa54-4b39-9b89-13bc95643aa3', success rate: 1/1.
[2025-03-13 16:59:55Z INFO HostContext] Well known directory 'Work': '/home/jenny/tensorflow-mri/actions-runner/_work'
[2025-03-13 17:00:00Z INFO JobServerQueue] Try to append 1 batches web console lines for record 'b7448f08-aa54-4b39-9b89-13bc95643aa3', success rate: 1/1.
[2025-03-13 17:00:01Z INFO JobServerQueue] Try to append 1 batches web console lines for record 'b7448f08-aa54-4b39-9b89-13bc95643aa3', success rate: 1/1.
[2025-03-13 17:00:05Z INFO HostContext] Well known directory 'Bin': '/home/jenny/tensorflow-mri/actions-runner/bin'
[2025-03-13 17:00:05Z INFO HostContext] Well known directory 'Root': '/home/jenny/tensorflow-mri/actions-runner'
[2025-03-13 17:00:05Z INFO HostContext] Well known directory 'Work': '/home/jenny/tensorflow-mri/actions-runner/_work'
[2025-03-13 17:00:10Z INFO JobServerQueue] Try to append 1 batches web console lines for record 'b7448f08-aa54-4b39-9b89-13bc95643aa3', success rate: 1/1.
[2025-03-13 17:00:13Z INFO JobServerQueue] Try to append 1 batches web console lines for record 'b7448f08-aa54-4b39-9b89-13bc95643aa3', success rate: 1/1.
[2025-03-13 17:00:15Z INFO HostContext] Well known directory 'Bin': '/home/jenny/tensorflow-mri/actions-runner/bin'
[2025-03-13 17:00:15Z INFO JobServerQueue] Try to append 1 batches web console lines for record 'b7448f08-aa54-4b39-9b89-13bc95643aa3', success rate: 1/1.
[2025-03-13 17:00:15Z INFO HostContext] Well known directory 'Root': '/home/jenny/tensorflow-mri/actions-runner'
[2025-03-13 17:00:15Z INFO HostContext] Well known directory 'Work': '/home/jenny/tensorflow-mri/actions-runner/_work'
[2025-03-13 17:00:22Z INFO JobServerQueue] Try to append 1 batches web console lines for record 'b7448f08-aa54-4b39-9b89-13bc95643aa3', success rate: 1/1.
[2025-03-13 17:00:24Z INFO JobServerQueue] Try to append 1 batches web console lines for record 'b7448f08-aa54-4b39-9b89-13bc95643aa3', success rate: 1/1.
[2025-03-13 17:00:25Z INFO HostContext] Well known directory 'Bin': '/home/jenny/tensorflow-mri/actions-runner/bin'
[2025-03-13 17:00:25Z INFO HostContext] Well known directory 'Root': '/home/jenny/tensorflow-mri/actions-runner'
[2025-03-13 17:00:25Z INFO HostContext] Well known directory 'Work': '/home/jenny/tensorflow-mri/actions-runner/_work'
[2025-03-13 17:00:27Z INFO JobServerQueue] Try to append 1 batches web console lines for record 'b7448f08-aa54-4b39-9b89-13bc95643aa3', success rate: 1/1.
[2025-03-13 17:00:35Z INFO HostContext] Well known directory 'Bin': '/home/jenny/tensorflow-mri/actions-runner/bin'
[2025-03-13 17:00:35Z INFO HostContext] Well known directory 'Root': '/home/jenny/tensorflow-mri/actions-runner'
[2025-03-13 17:00:35Z INFO HostContext] Well known directory 'Work': '/home/jenny/tensorflow-mri/actions-runner/_work'
[2025-03-13 17:00:39Z INFO JobServerQueue] Try to append 1 batches web console lines for record 'b7448f08-aa54-4b39-9b89-13bc95643aa3', success rate: 1/1.
[2025-03-13 17:00:45Z INFO HostContext] Well known directory 'Bin': '/home/jenny/tensorflow-mri/actions-runner/bin'
[2025-03-13 17:00:45Z INFO HostContext] Well known directory 'Root': '/home/jenny/tensorflow-mri/actions-runner'
[2025-03-13 17:00:45Z INFO HostContext] Well known directory 'Work': '/home/jenny/tensorflow-mri/actions-runner/_work'
[2025-03-13 17:00:47Z INFO JobServerQueue] Try to append 1 batches web console lines for record 'b7448f08-aa54-4b39-9b89-13bc95643aa3', success rate: 1/1.
[2025-03-13 17:00:55Z INFO HostContext] Well known directory 'Bin': '/home/jenny/tensorflow-mri/actions-runner/bin'
[2025-03-13 17:00:55Z INFO HostContext] Well known directory 'Root': '/home/jenny/tensorflow-mri/actions-runner'
[2025-03-13 17:00:55Z INFO HostContext] Well known directory 'Work': '/home/jenny/tensorflow-mri/actions-runner/_work'
[2025-03-13 17:01:00Z INFO JobServerQueue] Try to append 1 batches web console lines for record 'b7448f08-aa54-4b39-9b89-13bc95643aa3', success rate: 1/1.
[2025-03-13 17:01:05Z INFO HostContext] Well known directory 'Bin': '/home/jenny/tensorflow-mri/actions-runner/bin'
[2025-03-13 17:01:05Z INFO HostContext] Well known directory 'Root': '/home/jenny/tensorflow-mri/actions-runner'
[2025-03-13 17:01:05Z INFO HostContext] Well known directory 'Work': '/home/jenny/tensorflow-mri/actions-runner/_work'
[2025-03-13 17:01:09Z INFO JobServerQueue] Try to append 1 batches web console lines for record 'b7448f08-aa54-4b39-9b89-13bc95643aa3', success rate: 1/1.
[2025-03-13 17:01:09Z INFO JobServerQueue] Try to append 1 batches web console lines for record 'b7448f08-aa54-4b39-9b89-13bc95643aa3', success rate: 1/1.
[2025-03-13 17:01:15Z INFO HostContext] Well known directory 'Bin': '/home/jenny/tensorflow-mri/actions-runner/bin'
[2025-03-13 17:01:15Z INFO HostContext] Well known directory 'Root': '/home/jenny/tensorflow-mri/actions-runner'
[2025-03-13 17:01:15Z INFO HostContext] Well known directory 'Work': '/home/jenny/tensorflow-mri/actions-runner/_work'
[2025-03-13 17:01:22Z INFO JobServerQueue] Try to append 1 batches web console lines for record 'b7448f08-aa54-4b39-9b89-13bc95643aa3', success rate: 1/1.
[2025-03-13 17:01:25Z INFO HostContext] Well known directory 'Bin': '/home/jenny/tensorflow-mri/actions-runner/bin'
[2025-03-13 17:01:25Z INFO HostContext] Well known directory 'Root': '/home/jenny/tensorflow-mri/actions-runner'
[2025-03-13 17:01:25Z INFO HostContext] Well known directory 'Work': '/home/jenny/tensorflow-mri/actions-runner/_work'
[2025-03-13 17:01:34Z INFO JobServerQueue] Try to append 1 batches web console lines for record 'b7448f08-aa54-4b39-9b89-13bc95643aa3', success rate: 1/1.
[2025-03-13 17:01:35Z INFO HostContext] Well known directory 'Bin': '/home/jenny/tensorflow-mri/actions-runner/bin'
[2025-03-13 17:01:35Z INFO HostContext] Well known directory 'Root': '/home/jenny/tensorflow-mri/actions-runner'
[2025-03-13 17:01:35Z INFO HostContext] Well known directory 'Work': '/home/jenny/tensorflow-mri/actions-runner/_work'
[2025-03-13 17:01:40Z INFO JobServerQueue] Try to append 1 batches web console lines for record 'b7448f08-aa54-4b39-9b89-13bc95643aa3', success rate: 1/1.
[2025-03-13 17:01:41Z INFO JobServerQueue] Try to append 1 batches web console lines for record 'b7448f08-aa54-4b39-9b89-13bc95643aa3', success rate: 1/1.
[2025-03-13 17:01:45Z INFO HostContext] Well known directory 'Bin': '/home/jenny/tensorflow-mri/actions-runner/bin'
[2025-03-13 17:01:45Z INFO HostContext] Well known directory 'Root': '/home/jenny/tensorflow-mri/actions-runner'
[2025-03-13 17:01:45Z INFO HostContext] Well known directory 'Work': '/home/jenny/tensorflow-mri/actions-runner/_work'
[2025-03-13 17:01:45Z INFO JobServerQueue] Try to append 1 batches web console lines for record 'b7448f08-aa54-4b39-9b89-13bc95643aa3', success rate: 1/1.
[2025-03-13 17:01:46Z INFO JobServerQueue] Try to append 1 batches web console lines for record 'b7448f08-aa54-4b39-9b89-13bc95643aa3', success rate: 1/1.
[2025-03-13 17:01:47Z INFO JobServerQueue] Try to append 1 batches web console lines for record 'b7448f08-aa54-4b39-9b89-13bc95643aa3', success rate: 1/1.
[2025-03-13 17:01:49Z INFO JobServerQueue] Try to append 1 batches web console lines for record 'b7448f08-aa54-4b39-9b89-13bc95643aa3', success rate: 1/1.
[2025-03-13 17:01:50Z INFO JobServerQueue] Try to append 1 batches web console lines for record 'b7448f08-aa54-4b39-9b89-13bc95643aa3', success rate: 1/1.
[2025-03-13 17:01:52Z INFO JobServerQueue] Try to append 1 batches web console lines for record 'b7448f08-aa54-4b39-9b89-13bc95643aa3', success rate: 1/1.
[2025-03-13 17:01:55Z INFO HostContext] Well known directory 'Bin': '/home/jenny/tensorflow-mri/actions-runner/bin'
[2025-03-13 17:01:55Z INFO HostContext] Well known directory 'Root': '/home/jenny/tensorflow-mri/actions-runner'
[2025-03-13 17:01:55Z INFO HostContext] Well known directory 'Work': '/home/jenny/tensorflow-mri/actions-runner/_work'
[2025-03-13 17:02:05Z INFO HostContext] Well known directory 'Bin': '/home/jenny/tensorflow-mri/actions-runner/bin'
[2025-03-13 17:02:05Z INFO HostContext] Well known directory 'Root': '/home/jenny/tensorflow-mri/actions-runner'
[2025-03-13 17:02:05Z INFO HostContext] Well known directory 'Work': '/home/jenny/tensorflow-mri/actions-runner/_work'
[2025-03-13 17:02:15Z INFO HostContext] Well known directory 'Bin': '/home/jenny/tensorflow-mri/actions-runner/bin'
[2025-03-13 17:02:15Z INFO HostContext] Well known directory 'Root': '/home/jenny/tensorflow-mri/actions-runner'
[2025-03-13 17:02:15Z INFO HostContext] Well known directory 'Work': '/home/jenny/tensorflow-mri/actions-runner/_work'
[2025-03-13 17:02:25Z INFO HostContext] Well known directory 'Bin': '/home/jenny/tensorflow-mri/actions-runner/bin'
[2025-03-13 17:02:25Z INFO HostContext] Well known directory 'Root': '/home/jenny/tensorflow-mri/actions-runner'
[2025-03-13 17:02:25Z INFO HostContext] Well known directory 'Work': '/home/jenny/tensorflow-mri/actions-runner/_work'
[2025-03-13 17:02:35Z INFO HostContext] Well known directory 'Bin': '/home/jenny/tensorflow-mri/actions-runner/bin'
[2025-03-13 17:02:35Z INFO HostContext] Well known directory 'Root': '/home/jenny/tensorflow-mri/actions-runner'
[2025-03-13 17:02:35Z INFO HostContext] Well known directory 'Work': '/home/jenny/tensorflow-mri/actions-runner/_work'
[2025-03-13 17:02:35Z INFO JobServerQueue] Try to append 1 batches web console lines for record 'b7448f08-aa54-4b39-9b89-13bc95643aa3', success rate: 1/1.
[2025-03-13 17:02:39Z INFO JobServerQueue] Try to append 1 batches web console lines for record 'b7448f08-aa54-4b39-9b89-13bc95643aa3', success rate: 1/1.
[2025-03-13 17:02:45Z INFO HostContext] Well known directory 'Bin': '/home/jenny/tensorflow-mri/actions-runner/bin'
[2025-03-13 17:02:45Z INFO HostContext] Well known directory 'Root': '/home/jenny/tensorflow-mri/actions-runner'
[2025-03-13 17:02:45Z INFO HostContext] Well known directory 'Work': '/home/jenny/tensorflow-mri/actions-runner/_work'
[2025-03-13 17:02:55Z INFO HostContext] Well known directory 'Bin': '/home/jenny/tensorflow-mri/actions-runner/bin'
[2025-03-13 17:02:55Z INFO HostContext] Well known directory 'Root': '/home/jenny/tensorflow-mri/actions-runner'
[2025-03-13 17:02:55Z INFO HostContext] Well known directory 'Work': '/home/jenny/tensorflow-mri/actions-runner/_work'
[2025-03-13 17:03:05Z INFO HostContext] Well known directory 'Bin': '/home/jenny/tensorflow-mri/actions-runner/bin'
[2025-03-13 17:03:05Z INFO HostContext] Well known directory 'Root': '/home/jenny/tensorflow-mri/actions-runner'
[2025-03-13 17:03:05Z INFO HostContext] Well known directory 'Work': '/home/jenny/tensorflow-mri/actions-runner/_work'
[2025-03-13 17:03:09Z INFO JobServerQueue] Try to append 1 batches web console lines for record 'b7448f08-aa54-4b39-9b89-13bc95643aa3', success rate: 1/1.
[2025-03-13 17:03:09Z INFO JobServerQueue] Try to append 1 batches web console lines for record 'b7448f08-aa54-4b39-9b89-13bc95643aa3', success rate: 1/1.
[2025-03-13 17:03:11Z INFO JobServerQueue] Try to append 1 batches web console lines for record 'b7448f08-aa54-4b39-9b89-13bc95643aa3', success rate: 1/1.
[2025-03-13 17:03:12Z INFO JobServerQueue] Try to append 1 batches web console lines for record 'b7448f08-aa54-4b39-9b89-13bc95643aa3', success rate: 1/1.
[2025-03-13 17:03:13Z INFO JobServerQueue] Try to append 1 batches web console lines for record 'b7448f08-aa54-4b39-9b89-13bc95643aa3', success rate: 1/1.
[2025-03-13 17:03:15Z INFO HostContext] Well known directory 'Bin': '/home/jenny/tensorflow-mri/actions-runner/bin'
[2025-03-13 17:03:15Z INFO HostContext] Well known directory 'Root': '/home/jenny/tensorflow-mri/actions-runner'
[2025-03-13 17:03:15Z INFO HostContext] Well known directory 'Work': '/home/jenny/tensorflow-mri/actions-runner/_work'
[2025-03-13 17:03:16Z INFO JobServerQueue] Try to append 1 batches web console lines for record 'b7448f08-aa54-4b39-9b89-13bc95643aa3', success rate: 1/1.
[2025-03-13 17:03:25Z INFO HostContext] Well known directory 'Bin': '/home/jenny/tensorflow-mri/actions-runner/bin'
[2025-03-13 17:03:25Z INFO HostContext] Well known directory 'Root': '/home/jenny/tensorflow-mri/actions-runner'
[2025-03-13 17:03:25Z INFO HostContext] Well known directory 'Work': '/home/jenny/tensorflow-mri/actions-runner/_work'
[2025-03-13 17:03:35Z INFO HostContext] Well known directory 'Bin': '/home/jenny/tensorflow-mri/actions-runner/bin'
[2025-03-13 17:03:35Z INFO HostContext] Well known directory 'Root': '/home/jenny/tensorflow-mri/actions-runner'
[2025-03-13 17:03:35Z INFO HostContext] Well known directory 'Work': '/home/jenny/tensorflow-mri/actions-runner/_work'
[2025-03-13 17:03:44Z INFO JobServerQueue] Try to append 1 batches web console lines for record 'b7448f08-aa54-4b39-9b89-13bc95643aa3', success rate: 1/1.
[2025-03-13 17:03:45Z INFO HostContext] Well known directory 'Bin': '/home/jenny/tensorflow-mri/actions-runner/bin'
[2025-03-13 17:03:45Z INFO HostContext] Well known directory 'Root': '/home/jenny/tensorflow-mri/actions-runner'
[2025-03-13 17:03:45Z INFO HostContext] Well known directory 'Work': '/home/jenny/tensorflow-mri/actions-runner/_work'
[2025-03-13 17:03:49Z INFO JobServerQueue] Try to append 1 batches web console lines for record 'b7448f08-aa54-4b39-9b89-13bc95643aa3', success rate: 1/1.
[2025-03-13 17:03:52Z INFO JobServerQueue] Try to append 1 batches web console lines for record 'b7448f08-aa54-4b39-9b89-13bc95643aa3', success rate: 1/1.
[2025-03-13 17:03:53Z INFO JobServerQueue] Try to append 1 batches web console lines for record 'b7448f08-aa54-4b39-9b89-13bc95643aa3', success rate: 1/1.
[2025-03-13 17:03:53Z INFO JobServerQueue] Try to append 1 batches web console lines for record 'b7448f08-aa54-4b39-9b89-13bc95643aa3', success rate: 1/1.
[2025-03-13 17:03:55Z INFO HostContext] Well known directory 'Bin': '/home/jenny/tensorflow-mri/actions-runner/bin'
[2025-03-13 17:03:55Z INFO JobServerQueue] Try to append 1 batches web console lines for record 'b7448f08-aa54-4b39-9b89-13bc95643aa3', success rate: 1/1.
[2025-03-13 17:03:55Z INFO HostContext] Well known directory 'Root': '/home/jenny/tensorflow-mri/actions-runner'
[2025-03-13 17:03:55Z INFO HostContext] Well known directory 'Work': '/home/jenny/tensorflow-mri/actions-runner/_work'
[2025-03-13 17:03:56Z INFO JobServerQueue] Try to append 1 batches web console lines for record 'b7448f08-aa54-4b39-9b89-13bc95643aa3', success rate: 1/1.
[2025-03-13 17:03:59Z INFO JobServerQueue] Try to append 1 batches web console lines for record 'b7448f08-aa54-4b39-9b89-13bc95643aa3', success rate: 1/1.
[2025-03-13 17:04:05Z INFO HostContext] Well known directory 'Bin': '/home/jenny/tensorflow-mri/actions-runner/bin'
[2025-03-13 17:04:05Z INFO HostContext] Well known directory 'Root': '/home/jenny/tensorflow-mri/actions-runner'
[2025-03-13 17:04:05Z INFO HostContext] Well known directory 'Work': '/home/jenny/tensorflow-mri/actions-runner/_work'
[2025-03-13 17:04:06Z INFO JobServerQueue] Try to append 1 batches web console lines for record 'b7448f08-aa54-4b39-9b89-13bc95643aa3', success rate: 1/1.
[2025-03-13 17:04:06Z INFO JobServerQueue] Try to append 1 batches web console lines for record 'b7448f08-aa54-4b39-9b89-13bc95643aa3', success rate: 1/1.
[2025-03-13 17:04:07Z INFO JobServerQueue] Try to append 1 batches web console lines for record 'b7448f08-aa54-4b39-9b89-13bc95643aa3', success rate: 1/1.
[2025-03-13 17:04:09Z INFO JobServerQueue] Try to append 1 batches web console lines for record 'b7448f08-aa54-4b39-9b89-13bc95643aa3', success rate: 1/1.
[2025-03-13 17:04:15Z INFO HostContext] Well known directory 'Bin': '/home/jenny/tensorflow-mri/actions-runner/bin'
[2025-03-13 17:04:15Z INFO HostContext] Well known directory 'Root': '/home/jenny/tensorflow-mri/actions-runner'
[2025-03-13 17:04:15Z INFO HostContext] Well known directory 'Work': '/home/jenny/tensorflow-mri/actions-runner/_work'
[2025-03-13 17:04:25Z INFO HostContext] Well known directory 'Bin': '/home/jenny/tensorflow-mri/actions-runner/bin'
[2025-03-13 17:04:25Z INFO HostContext] Well known directory 'Root': '/home/jenny/tensorflow-mri/actions-runner'
[2025-03-13 17:04:25Z INFO HostContext] Well known directory 'Work': '/home/jenny/tensorflow-mri/actions-runner/_work'
[2025-03-13 17:04:28Z INFO JobServerQueue] Try to append 1 batches web console lines for record 'b7448f08-aa54-4b39-9b89-13bc95643aa3', success rate: 1/1.
[2025-03-13 17:04:35Z INFO HostContext] Well known directory 'Bin': '/home/jenny/tensorflow-mri/actions-runner/bin'
[2025-03-13 17:04:35Z INFO HostContext] Well known directory 'Root': '/home/jenny/tensorflow-mri/actions-runner'
[2025-03-13 17:04:35Z INFO HostContext] Well known directory 'Work': '/home/jenny/tensorflow-mri/actions-runner/_work'
[2025-03-13 17:04:45Z INFO HostContext] Well known directory 'Bin': '/home/jenny/tensorflow-mri/actions-runner/bin'
[2025-03-13 17:04:45Z INFO HostContext] Well known directory 'Root': '/home/jenny/tensorflow-mri/actions-runner'
[2025-03-13 17:04:45Z INFO HostContext] Well known directory 'Work': '/home/jenny/tensorflow-mri/actions-runner/_work'
[2025-03-13 17:04:55Z INFO HostContext] Well known directory 'Bin': '/home/jenny/tensorflow-mri/actions-runner/bin'
[2025-03-13 17:04:55Z INFO HostContext] Well known directory 'Root': '/home/jenny/tensorflow-mri/actions-runner'
[2025-03-13 17:04:55Z INFO HostContext] Well known directory 'Work': '/home/jenny/tensorflow-mri/actions-runner/_work'
