[2025-03-19 13:44:10Z INFO HostContext] No proxy settings were found based on environmental variables (http_proxy/https_proxy/HTTP_PROXY/HTTPS_PROXY)
[2025-03-19 13:44:10Z INFO HostContext] Well known directory 'Bin': '/home/jenny/tensorflow-mri/actions-runner/bin'
[2025-03-19 13:44:10Z INFO HostContext] Well known directory 'Root': '/home/jenny/tensorflow-mri/actions-runner'
[2025-03-19 13:44:10Z INFO HostContext] Well known config file 'Credentials': '/home/jenny/tensorflow-mri/actions-runner/.credentials'
[2025-03-19 13:44:10Z INFO HostContext] Well known directory 'Bin': '/home/jenny/tensorflow-mri/actions-runner/bin'
[2025-03-19 13:44:10Z INFO HostContext] Well known directory 'Root': '/home/jenny/tensorflow-mri/actions-runner'
[2025-03-19 13:44:10Z INFO HostContext] Well known config file 'Runner': '/home/jenny/tensorflow-mri/actions-runner/.runner'
[2025-03-19 13:44:10Z INFO Worker] Version: 2.322.0
[2025-03-19 13:44:10Z INFO Worker] Commit: 0edc478ca75d0a753dcbcec7405f3f26db67b1ac
[2025-03-19 13:44:10Z INFO Worker] Culture: en-GB
[2025-03-19 13:44:10Z INFO Worker] UI Culture: en-GB
[2025-03-19 13:44:10Z INFO Worker] Waiting to receive the job message from the channel.
[2025-03-19 13:44:10Z INFO ProcessChannel] Receiving message of length 27078, with hash '07007ba81571919b5f40056fc897ba3dfe658ec31fb567851915df9e13ada165'
[2025-03-19 13:44:10Z INFO Worker] Message received.
[2025-03-19 13:44:10Z INFO Worker] Job message:
 {
  "environmentVariables": [
    {
      "type": 2,
      "file": 1,
      "line": 29,
      "col": 7,
      "map": [
        {
          "key": {
            "type": 0,
            "file": 1,
            "line": 29,
            "col": 7,
            "lit": "PYTHON"
          },
          "value": {
            "type": 3,
            "file": 1,
            "line": 29,
            "col": 15,
            "expr": "format('python{0}', matrix.py_version)"
          }
        }
      ]
    }
  ],
  "fileTable": [
    ".github/workflows/build-package.yml"
  ],
  "mask": [
    {
      "type": "regex",
      "value": "***"
    },
    {
      "type": "regex",
      "value": "***"
    },
    {
      "type": "regex",
      "value": "***"
    },
    {
      "type": "regex",
      "value": "***"
    },
    {
      "type": "regex",
      "value": "***"
    },
    {
      "type": "regex",
      "value": "***"
    },
    {
      "type": "regex",
      "value": "***"
    },
    {
      "type": "regex",
      "value": "***"
    },
    {
      "type": "regex",
      "value": "***"
    },
    {
      "type": "regex",
      "value": "***"
    },
    {
      "type": "regex",
      "value": "***"
    },
    {
      "type": "regex",
      "value": "***"
    },
    {
      "type": "regex",
      "value": "***"
    },
    {
      "type": "regex",
      "value": "***"
    },
    {
      "type": "regex",
      "value": "***"
    },
    {
      "type": "regex",
      "value": "***"
    },
    {
      "type": "regex",
      "value": "***"
    },
    {
      "type": "regex",
      "value": "***"
    }
  ],
  "steps": [
    {
      "type": "action",
      "reference": {
        "type": "repository",
        "name": "actions/checkout",
        "ref": "v4",
        "repositoryType": "GitHub"
      },
      "displayNameToken": {
        "type": 0,
        "file": 1,
        "line": 32,
        "col": 15,
        "lit": "Checkout code"
      },
      "contextName": "__actions_checkout",
      "inputs": {
        "type": 2,
        "file": 1,
        "line": 35,
        "col": 11,
        "map": [
          {
            "key": {
              "type": 0,
              "file": 1,
              "line": 35,
              "col": 11,
              "lit": "path"
            },
            "value": {
              "type": 0,
              "file": 1,
              "line": 35,
              "col": 17,
              "lit": "main"
            }
          }
        ]
      },
      "condition": "success()",
      "id": "3c0ec334-900e-4e1d-972e-f4478303b400",
      "name": "__actions_checkout"
    },
    {
      "type": "action",
      "reference": {
        "type": "script"
      },
      "displayNameToken": {
        "type": 0,
        "file": 1,
        "line": 39,
        "col": 15,
        "lit": "Free Disk Space Before Build"
      },
      "contextName": "__run",
      "inputs": {
        "type": 2,
        "map": [
          {
            "key": "script",
            "value": {
              "type": 0,
              "file": 1,
              "line": 40,
              "col": 14,
              "lit": "echo \"Disk space before cleanup:\"\ndf -h\nsudo rm -rf /usr/local/.ghcup\nsudo rm -rf /opt/hostedtoolcache/CodeQL\nsudo rm -rf /usr/local/lib/android/sdk/ndk\nsudo rm -rf /usr/share/dotnet\nsudo rm -rf /opt/ghc\nsudo rm -rf /usr/local/share/boost\n\nsudo rm -rf \"$AGENT_TOOLSDIRECTORY\"\n\nsudo apt-get clean\necho \"Disk space after cleanup:\"\ndf -h\n"
            }
          }
        ]
      },
      "condition": "success()",
      "id": "8dda5e33-c96d-436a-9782-6a417efd9024",
      "name": "__run"
    },
    {
      "type": "action",
      "reference": {
        "type": "script"
      },
      "displayNameToken": {
        "type": 0,
        "file": 1,
        "line": 56,
        "col": 15,
        "lit": "Get directory"
      },
      "contextName": "__run_2",
      "inputs": {
        "type": 2,
        "map": [
          {
            "key": "script",
            "value": {
              "type": 0,
              "file": 1,
              "line": 57,
              "col": 14,
              "lit": "ls"
            }
          }
        ]
      },
      "condition": "success()",
      "id": "01f2d3d3-6750-4823-8865-18cbf1738d55",
      "name": "__run_2"
    },
    {
      "type": "action",
      "reference": {
        "type": "script"
      },
      "displayNameToken": {
        "type": 0,
        "file": 1,
        "line": 59,
        "col": 15,
        "lit": "Lint code"
      },
      "contextName": "__run_3",
      "inputs": {
        "type": 2,
        "map": [
          {
            "key": "script",
            "value": {
              "type": 3,
              "file": 1,
              "line": 60,
              "col": 14,
              "expr": "format('make lint PY_VERSION={0}\n', matrix.py_version)"
            }
          }
        ]
      },
      "condition": "success()",
      "id": "3a765820-8b41-4a5e-809c-47df6b8df17f",
      "name": "__run_3"
    },
    {
      "type": "action",
      "reference": {
        "type": "script"
      },
      "displayNameToken": {
        "type": 0,
        "file": 1,
        "line": 63,
        "col": 15,
        "lit": "Compile shared library"
      },
      "contextName": "__run_4",
      "inputs": {
        "type": 2,
        "map": [
          {
            "key": "script",
            "value": {
              "type": 3,
              "file": 1,
              "line": 64,
              "col": 14,
              "expr": "format('make PY_VERSION={0} CXX=/dt9/usr/bin/g++\n', matrix.py_version)"
            }
          }
        ]
      },
      "condition": "success()",
      "id": "ded9fd32-3891-47f9-b2b3-64ce5d622774",
      "name": "__run_4"
    },
    {
      "type": "action",
      "reference": {
        "type": "script"
      },
      "displayNameToken": {
        "type": 0,
        "file": 1,
        "line": 67,
        "col": 15,
        "lit": "Install required packages"
      },
      "contextName": "__run_5",
      "inputs": {
        "type": 2,
        "map": [
          {
            "key": "script",
            "value": {
              "type": 0,
              "file": 1,
              "line": 68,
              "col": 14,
              "lit": "$PYTHON -m pip install --no-cache-dir -r requirements.txt\n"
            }
          }
        ]
      },
      "condition": "success()",
      "id": "1a9aa25f-4847-48c0-bd05-aae181ff23ee",
      "name": "__run_5"
    },
    {
      "type": "action",
      "reference": {
        "type": "script"
      },
      "displayNameToken": {
        "type": 0,
        "file": 1,
        "line": 71,
        "col": 15,
        "lit": "Run test suite"
      },
      "contextName": "__run_6",
      "inputs": {
        "type": 2,
        "map": [
          {
            "key": "script",
            "value": {
              "type": 3,
              "file": 1,
              "line": 72,
              "col": 14,
              "expr": "format('make test PY_VERSION={0}\n', matrix.py_version)"
            }
          }
        ]
      },
      "condition": "success()",
      "id": "60a4940b-04ed-4447-b3bc-f3518bac064f",
      "name": "__run_6"
    },
    {
      "type": "action",
      "reference": {
        "type": "script"
      },
      "displayNameToken": {
        "type": 0,
        "file": 1,
        "line": 75,
        "col": 15,
        "lit": "Build wheel"
      },
      "contextName": "__run_7",
      "inputs": {
        "type": 2,
        "map": [
          {
            "key": "script",
            "value": {
              "type": 3,
              "file": 1,
              "line": 76,
              "col": 14,
              "expr": "format('make wheel PY_VERSION={0}\n', matrix.py_version)"
            }
          }
        ]
      },
      "condition": "success()",
      "id": "6afb8ec1-9ece-4377-bcb8-c6a286393cd1",
      "name": "__run_7"
    },
    {
      "type": "action",
      "reference": {
        "type": "script"
      },
      "displayNameToken": {
        "type": 0,
        "file": 1,
        "line": 79,
        "col": 15,
        "lit": "Build docs"
      },
      "contextName": "__run_8",
      "inputs": {
        "type": 2,
        "map": [
          {
            "key": "script",
            "value": {
              "type": 3,
              "file": 1,
              "line": 80,
              "col": 14,
              "expr": "format('make docs PY_VERSION={0}\n', matrix.py_version)"
            }
          }
        ]
      },
      "condition": "success()",
      "id": "46501ad9-6752-4574-be91-ee8df1f9f9e1",
      "name": "__run_8"
    },
    {
      "type": "action",
      "reference": {
        "type": "repository",
        "name": "actions/upload-artifact",
        "ref": "v4",
        "repositoryType": "GitHub"
      },
      "displayNameToken": {
        "type": 0,
        "file": 1,
        "line": 83,
        "col": 15,
        "lit": "Upload wheel"
      },
      "contextName": "__actions_upload-artifact",
      "inputs": {
        "type": 2,
        "file": 1,
        "line": 87,
        "col": 11,
        "map": [
          {
            "key": {
              "type": 0,
              "file": 1,
              "line": 87,
              "col": 11,
              "lit": "name"
            },
            "value": {
              "type": 3,
              "file": 1,
              "line": 87,
              "col": 17,
              "expr": "format('wheel-py{0}', matrix.py_version)"
            }
          },
          {
            "key": {
              "type": 0,
              "file": 1,
              "line": 88,
              "col": 11,
              "lit": "path"
            },
            "value": {
              "type": 0,
              "file": 1,
              "line": 88,
              "col": 17,
              "lit": "./artifacts/*.whl"
            }
          }
        ]
      },
      "condition": "success() && (startsWith(github.ref, 'refs/tags'))",
      "id": "0b385a23-3c92-475d-8f4b-6f8a489be577",
      "name": "__actions_upload-artifact"
    },
    {
      "type": "action",
      "reference": {
        "type": "repository",
        "name": "actions/upload-artifact",
        "ref": "v4",
        "repositoryType": "GitHub"
      },
      "displayNameToken": {
        "type": 0,
        "file": 1,
        "line": 90,
        "col": 15,
        "lit": "Upload docs"
      },
      "contextName": "__actions_upload-artifact_2",
      "inputs": {
        "type": 2,
        "file": 1,
        "line": 94,
        "col": 11,
        "map": [
          {
            "key": {
              "type": 0,
              "file": 1,
              "line": 94,
              "col": 11,
              "lit": "name"
            },
            "value": {
              "type": 0,
              "file": 1,
              "line": 94,
              "col": 17,
              "lit": "docs"
            }
          },
          {
            "key": {
              "type": 0,
              "file": 1,
              "line": 95,
              "col": 11,
              "lit": "path"
            },
            "value": {
              "type": 0,
              "file": 1,
              "line": 95,
              "col": 17,
              "lit": "./tools/docs/_build/dirhtml"
            }
          }
        ]
      },
      "condition": "success() && (startsWith(github.ref, 'refs/tags') && matrix.py_version == 3.9)",
      "id": "130ff9c1-e705-4605-94da-b439f02d34c8",
      "name": "__actions_upload-artifact_2"
    },
    {
      "type": "action",
      "reference": {
        "type": "repository",
        "name": "pypa/gh-action-pypi-publish",
        "ref": "release/v1.7",
        "repositoryType": "GitHub"
      },
      "displayNameToken": {
        "type": 0,
        "file": 1,
        "line": 97,
        "col": 15,
        "lit": "Publish to Test PyPI"
      },
      "contextName": "__pypa_gh-action-pypi-publish",
      "inputs": {
        "type": 2,
        "file": 1,
        "line": 100,
        "col": 11,
        "map": [
          {
            "key": {
              "type": 0,
              "file": 1,
              "line": 100,
              "col": 11,
              "lit": "password"
            },
            "value": {
              "type": 3,
              "file": 1,
              "line": 100,
              "col": 21,
              "expr": "secrets.TEST_PYPI_API_TOKEN"
            }
          },
          {
            "key": {
              "type": 0,
              "file": 1,
              "line": 101,
              "col": 11,
              "lit": "repository-url"
            },
            "value": {
              "type": 0,
              "file": 1,
              "line": 101,
              "col": 27,
              "lit": "https://test.pypi.org/legacy/"
            }
          },
          {
            "key": {
              "type": 0,
              "file": 1,
              "line": 102,
              "col": 11,
              "lit": "packages-dir"
            },
            "value": {
              "type": 0,
              "file": 1,
              "line": 102,
              "col": 25,
              "lit": "artifacts/"
            }
          },
          {
            "key": {
              "type": 0,
              "file": 1,
              "line": 103,
              "col": 11,
              "lit": "skip-existing"
            },
            "value": {
              "type": 0,
              "file": 1,
              "line": 103,
              "col": 26,
              "lit": "true"
            }
          }
        ]
      },
      "condition": "success()",
      "id": "3d80d7f9-3514-4531-bcc2-dd9fe49bd9af",
      "name": "__pypa_gh-action-pypi-publish"
    },
    {
      "type": "action",
      "reference": {
        "type": "script"
      },
      "displayNameToken": {
        "type": 0,
        "file": 1,
        "line": 105,
        "col": 15,
        "lit": "Free Disk Space After Build"
      },
      "contextName": "__run_9",
      "inputs": {
        "type": 2,
        "map": [
          {
            "key": "script",
            "value": {
              "type": 0,
              "file": 1,
              "line": 106,
              "col": 14,
              "lit": "echo \"Disk space before post-build cleanup:\"\ndf -h\nsudo rm -rf /usr/local/.ghcup\nsudo rm -rf /opt/hostedtoolcache/CodeQL\nsudo rm -rf /usr/local/lib/android/sdk/ndk\nsudo rm -rf /usr/share/dotnet\nsudo rm -rf /opt/ghc\nsudo rm -rf /usr/local/share/boost\n\nsudo rm -rf \"$AGENT_TOOLSDIRECTORY\"\n\nsudo apt-get clean\necho \"Disk space after post-build cleanup:\"\ndf -h\n"
            }
          }
        ]
      },
      "condition": "success()",
      "id": "3b649cc8-56f8-480b-9aee-d1bfa1d7afab",
      "name": "__run_9"
    }
  ],
  "variables": {
    "Actions.EnableHttpRedirects": {
      "value": "true"
    },
    "DistributedTask.AddWarningToNode12Action": {
      "value": "true"
    },
    "DistributedTask.AddWarningToNode16Action": {
      "value": "true"
    },
    "DistributedTask.AllowRunnerContainerHooks": {
      "value": "true"
    },
    "DistributedTask.DeprecateStepOutputCommands": {
      "value": "true"
    },
    "DistributedTask.DetailUntarFailure": {
      "value": "true"
    },
    "DistributedTask.EnableCompositeActions": {
      "value": "true"
    },
    "DistributedTask.EnableJobServerQueueTelemetry": {
      "value": "true"
    },
    "DistributedTask.EnhancedAnnotations": {
      "value": "true"
    },
    "DistributedTask.ForceGithubJavascriptActionsToNode16": {
      "value": "true"
    },
    "DistributedTask.ForceGithubJavascriptActionsToNode20": {
      "value": "true"
    },
    "DistributedTask.LogTemplateErrorsAsDebugMessages": {
      "value": "true"
    },
    "DistributedTask.MarkJobAsFailedOnWorkerCrash": {
      "value": "true"
    },
    "DistributedTask.NewActionMetadata": {
      "value": "true"
    },
    "DistributedTask.UploadStepSummary": {
      "value": "true"
    },
    "DistributedTask.UseActionArchiveCache": {
      "value": "true"
    },
    "DistributedTask.UseWhich2": {
      "value": "true"
    },
    "RunService.FixEmbeddedIssues": {
      "value": "true"
    },
    "TEST_PYPI_API_TOKEN": {
      "value": "***",
      "isSecret": true
    },
    "actions_skip_retry_complete_job_upon_known_errors": {
      "value": "false"
    },
    "actions_uses_cache_service_v2": {
      "value": "true"
    },
    "github_token": {
      "value": "***",
      "isSecret": true
    },
    "system.from_run_service": {
      "value": "true"
    },
    "system.github.job": {
      "value": "build"
    },
    "system.github.launch_endpoint": {
      "value": "https://launch.actions.githubusercontent.com"
    },
    "system.github.results_endpoint": {
      "value": "https://results-receiver.actions.githubusercontent.com/"
    },
    "system.github.results_upload_with_sdk": {
      "value": "true"
    },
    "system.github.token": {
      "value": "***",
      "isSecret": true
    },
    "system.github.token.permissions": {
      "value": "{\"Actions\":\"write\",\"Attestations\":\"write\",\"Checks\":\"write\",\"Contents\":\"write\",\"Deployments\":\"write\",\"Discussions\":\"write\",\"Issues\":\"write\",\"Metadata\":\"read\",\"Models\":\"read\",\"Packages\":\"write\",\"Pages\":\"write\",\"PullRequests\":\"write\",\"RepositoryProjects\":\"write\",\"SecurityEvents\":\"write\",\"Statuses\":\"write\"}"
    },
    "system.orchestrationId": {
      "value": "b0449f54-93fc-4d57-8f9f-b37b3b557707.build._3_9"
    },
    "system.phaseDisplayName": {
      "value": "Build package (3.9)"
    },
    "system.runner.lowdiskspacethreshold": {
      "value": "100"
    },
    "system.runnerEnvironment": {
      "value": "self-hosted"
    }
  },
  "messageType": "RunnerJobRequest",
  "plan": {
    "scopeIdentifier": "00000000-0000-0000-0000-000000000000",
    "planType": "actions",
    "version": 0,
    "planId": "b0449f54-93fc-4d57-8f9f-b37b3b557707",
    "planGroup": null,
    "artifactUri": null,
    "artifactLocation": null,
    "definition": null,
    "owner": null
  },
  "timeline": {
    "id": "b0449f54-93fc-4d57-8f9f-b37b3b557707",
    "changeId": 0,
    "location": null
  },
  "jobId": "9f24585b-db1b-5672-990f-12d710c54840",
  "jobDisplayName": "Build package (3.9)",
  "jobName": "_3_9",
  "jobContainer": {
    "type": 2,
    "file": 1,
    "line": 22,
    "col": 7,
    "map": [
      {
        "key": {
          "type": 0,
          "file": 1,
          "line": 22,
          "col": 7,
          "lit": "image"
        },
        "value": {
          "type": 0,
          "file": 1,
          "line": 22,
          "col": 14,
          "lit": "ghcr.io/mrphys/tensorflow-manylinux:1.14.0"
        }
      }
    ]
  },
  "requestId": 0,
  "lockedUntil": "0001-01-01T00:00:00",
  "resources": {
    "endpoints": [
      {
        "data": {
          "ServerId": "",
          "ServerName": "",
          "CacheServerUrl": "https://acghubeus2.actions.githubusercontent.com/vt3bImj3043IXjYZVOBEgt9xtkc1LUzoh1ehrojRmktneQJqoL/",
          "FeedStreamUrl": "wss://results-receiver.actions.githubusercontent.com/_ws/ingest.sock",
          "ResultsServiceUrl": "https://results-receiver.actions.githubusercontent.com/",
          "PipelinesServiceUrl": "https://pipelinesghubeus25.actions.githubusercontent.com/vt3bImj3043IXjYZVOBEgt9xtkc1LUzoh1ehrojRmktneQJqoL/",
          "GenerateIdTokenUrl": ""
        },
        "name": "SystemVssConnection",
        "url": "https://run-actions-1-azure-eastus.actions.githubusercontent.com/29/",
        "authorization": {
          "parameters": {
            "AccessToken": "***"
          },
          "scheme": "OAuth"
        },
        "isShared": false,
        "isReady": true
      }
    ]
  },
  "contextData": {
    "github": {
      "t": 2,
      "d": [
        {
          "k": "ref",
          "v": "refs/heads/master"
        },
        {
          "k": "sha",
          "v": "7530b5d1c9bce2354ccc566ed4613c0ea50e631d"
        },
        {
          "k": "repository",
          "v": "mrphys/tensorflow-mri"
        },
        {
          "k": "repository_owner",
          "v": "mrphys"
        },
        {
          "k": "repository_owner_id",
          "v": "53480519"
        },
        {
          "k": "repositoryUrl",
          "v": "git://github.com/mrphys/tensorflow-mri.git"
        },
        {
          "k": "run_id",
          "v": "13948067883"
        },
        {
          "k": "run_number",
          "v": "220"
        },
        {
          "k": "retention_days",
          "v": "90"
        },
        {
          "k": "run_attempt",
          "v": "1"
        },
        {
          "k": "artifact_cache_size_limit",
          "v": "10"
        },
        {
          "k": "repository_visibility",
          "v": "public"
        },
        {
          "k": "actor_id",
          "v": "53479871"
        },
        {
          "k": "actor",
          "v": "jennifersteeden"
        },
        {
          "k": "workflow",
          "v": "build"
        },
        {
          "k": "head_ref",
          "v": ""
        },
        {
          "k": "base_ref",
          "v": ""
        },
        {
          "k": "event_name",
          "v": "push"
        },
        {
          "k": "server_url",
          "v": "https://github.com"
        },
        {
          "k": "api_url",
          "v": "https://api.github.com"
        },
        {
          "k": "graphql_url",
          "v": "https://api.github.com/graphql"
        },
        {
          "k": "ref_name",
          "v": "master"
        },
        {
          "k": "ref_protected",
          "v": true
        },
        {
          "k": "ref_type",
          "v": "branch"
        },
        {
          "k": "secret_source",
          "v": "Actions"
        },
        {
          "k": "event",
          "v": {
            "t": 2,
            "d": [
              {
                "k": "after",
                "v": "7530b5d1c9bce2354ccc566ed4613c0ea50e631d"
              },
              {
                "k": "base_ref",
                "v": null
              },
              {
                "k": "before",
                "v": "5c27b3d425c145bf762976e86aa1597acb6c1438"
              },
              {
                "k": "commits",
                "v": {
                  "t": 1,
                  "a": [
                    {
                      "t": 2,
                      "d": [
                        {
                          "k": "author",
                          "v": {
                            "t": 2,
                            "d": [
                              {
                                "k": "email",
                                "v": "jennifer.steeden@ucl.ac.uk"
                              },
                              {
                                "k": "name",
                                "v": "jennifersteeden"
                              },
                              {
                                "k": "username",
                                "v": "jennifersteeden"
                              }
                            ]
                          }
                        },
                        {
                          "k": "committer",
                          "v": {
                            "t": 2,
                            "d": [
                              {
                                "k": "email",
                                "v": "jennifer.steeden@ucl.ac.uk"
                              },
                              {
                                "k": "name",
                                "v": "jennifersteeden"
                              },
                              {
                                "k": "username",
                                "v": "jennifersteeden"
                              }
                            ]
                          }
                        },
                        {
                          "k": "distinct",
                          "v": true
                        },
                        {
                          "k": "id",
                          "v": "7530b5d1c9bce2354ccc566ed4613c0ea50e631d"
                        },
                        {
                          "k": "message",
                          "v": "test for cwd"
                        },
                        {
                          "k": "timestamp",
                          "v": "2025-03-19T13:43:59Z"
                        },
                        {
                          "k": "tree_id",
                          "v": "45a7cedf3804cf8d2cd7b8aff4f711b7ca0be096"
                        },
                        {
                          "k": "url",
                          "v": "https://github.com/mrphys/tensorflow-mri/commit/7530b5d1c9bce2354ccc566ed4613c0ea50e631d"
                        }
                      ]
                    }
                  ]
                }
              },
              {
                "k": "compare",
                "v": "https://github.com/mrphys/tensorflow-mri/compare/5c27b3d425c1...7530b5d1c9bc"
              },
              {
                "k": "created",
                "v": false
              },
              {
                "k": "deleted",
                "v": false
              },
              {
                "k": "forced",
                "v": false
              },
              {
                "k": "head_commit",
                "v": {
                  "t": 2,
                  "d": [
                    {
                      "k": "author",
                      "v": {
                        "t": 2,
                        "d": [
                          {
                            "k": "email",
                            "v": "jennifer.steeden@ucl.ac.uk"
                          },
                          {
                            "k": "name",
                            "v": "jennifersteeden"
                          },
                          {
                            "k": "username",
                            "v": "jennifersteeden"
                          }
                        ]
                      }
                    },
                    {
                      "k": "committer",
                      "v": {
                        "t": 2,
                        "d": [
                          {
                            "k": "email",
                            "v": "jennifer.steeden@ucl.ac.uk"
                          },
                          {
                            "k": "name",
                            "v": "jennifersteeden"
                          },
                          {
                            "k": "username",
                            "v": "jennifersteeden"
                          }
                        ]
                      }
                    },
                    {
                      "k": "distinct",
                      "v": true
                    },
                    {
                      "k": "id",
                      "v": "7530b5d1c9bce2354ccc566ed4613c0ea50e631d"
                    },
                    {
                      "k": "message",
                      "v": "test for cwd"
                    },
                    {
                      "k": "timestamp",
                      "v": "2025-03-19T13:43:59Z"
                    },
                    {
                      "k": "tree_id",
                      "v": "45a7cedf3804cf8d2cd7b8aff4f711b7ca0be096"
                    },
                    {
                      "k": "url",
                      "v": "https://github.com/mrphys/tensorflow-mri/commit/7530b5d1c9bce2354ccc566ed4613c0ea50e631d"
                    }
                  ]
                }
              },
              {
                "k": "organization",
                "v": {
                  "t": 2,
                  "d": [
                    {
                      "k": "avatar_url",
                      "v": "https://avatars.githubusercontent.com/u/53480519?v=4"
                    },
                    {
                      "k": "description",
                      "v": ""
                    },
                    {
                      "k": "events_url",
                      "v": "https://api.github.com/orgs/mrphys/events"
                    },
                    {
                      "k": "hooks_url",
                      "v": "https://api.github.com/orgs/mrphys/hooks"
                    },
                    {
                      "k": "id",
                      "v": 53480519.0
                    },
                    {
                      "k": "issues_url",
                      "v": "https://api.github.com/orgs/mrphys/issues"
                    },
                    {
                      "k": "login",
                      "v": "mrphys"
                    },
                    {
                      "k": "members_url",
                      "v": "https://api.github.com/orgs/mrphys/members{/member}"
                    },
                    {
                      "k": "node_id",
                      "v": "MDEyOk9yZ2FuaXphdGlvbjUzNDgwNTE5"
                    },
                    {
                      "k": "public_members_url",
                      "v": "https://api.github.com/orgs/mrphys/public_members{/member}"
                    },
                    {
                      "k": "repos_url",
                      "v": "https://api.github.com/orgs/mrphys/repos"
                    },
                    {
                      "k": "url",
                      "v": "https://api.github.com/orgs/mrphys"
                    }
                  ]
                }
              },
              {
                "k": "pusher",
                "v": {
                  "t": 2,
                  "d": [
                    {
                      "k": "email",
                      "v": "53479871+jennifersteeden@users.noreply.github.com"
                    },
                    {
                      "k": "name",
                      "v": "jennifersteeden"
                    }
                  ]
                }
              },
              {
                "k": "ref",
                "v": "refs/heads/master"
              },
              {
                "k": "repository",
                "v": {
                  "t": 2,
                  "d": [
                    {
                      "k": "allow_forking",
                      "v": true
                    },
                    {
                      "k": "archive_url",
                      "v": "https://api.github.com/repos/mrphys/tensorflow-mri/{archive_format}{/ref}"
                    },
                    {
                      "k": "archived",
                      "v": false
                    },
                    {
                      "k": "assignees_url",
                      "v": "https://api.github.com/repos/mrphys/tensorflow-mri/assignees{/user}"
                    },
                    {
                      "k": "blobs_url",
                      "v": "https://api.github.com/repos/mrphys/tensorflow-mri/git/blobs{/sha}"
                    },
                    {
                      "k": "branches_url",
                      "v": "https://api.github.com/repos/mrphys/tensorflow-mri/branches{/branch}"
                    },
                    {
                      "k": "clone_url",
                      "v": "https://github.com/mrphys/tensorflow-mri.git"
                    },
                    {
                      "k": "collaborators_url",
                      "v": "https://api.github.com/repos/mrphys/tensorflow-mri/collaborators{/collaborator}"
                    },
                    {
                      "k": "comments_url",
                      "v": "https://api.github.com/repos/mrphys/tensorflow-mri/comments{/number}"
                    },
                    {
                      "k": "commits_url",
                      "v": "https://api.github.com/repos/mrphys/tensorflow-mri/commits{/sha}"
                    },
                    {
                      "k": "compare_url",
                      "v": "https://api.github.com/repos/mrphys/tensorflow-mri/compare/{base}...{head}"
                    },
                    {
                      "k": "contents_url",
                      "v": "https://api.github.com/repos/mrphys/tensorflow-mri/contents/{+path}"
                    },
                    {
                      "k": "contributors_url",
                      "v": "https://api.github.com/repos/mrphys/tensorflow-mri/contributors"
                    },
                    {
                      "k": "created_at",
                      "v": 1626866930.0
                    },
                    {
                      "k": "custom_properties",
                      "v": {
                        "t": 2
                      }
                    },
                    {
                      "k": "default_branch",
                      "v": "master"
                    },
                    {
                      "k": "deployments_url",
                      "v": "https://api.github.com/repos/mrphys/tensorflow-mri/deployments"
                    },
                    {
                      "k": "description",
                      "v": "A Library of TensorFlow Operators for Computational MRI"
                    },
                    {
                      "k": "disabled",
                      "v": false
                    },
                    {
                      "k": "downloads_url",
                      "v": "https://api.github.com/repos/mrphys/tensorflow-mri/downloads"
                    },
                    {
                      "k": "events_url",
                      "v": "https://api.github.com/repos/mrphys/tensorflow-mri/events"
                    },
                    {
                      "k": "fork",
                      "v": false
                    },
                    {
                      "k": "forks",
                      "v": 3.0
                    },
                    {
                      "k": "forks_count",
                      "v": 3.0
                    },
                    {
                      "k": "forks_url",
                      "v": "https://api.github.com/repos/mrphys/tensorflow-mri/forks"
                    },
                    {
                      "k": "full_name",
                      "v": "mrphys/tensorflow-mri"
                    },
                    {
                      "k": "git_commits_url",
                      "v": "https://api.github.com/repos/mrphys/tensorflow-mri/git/commits{/sha}"
                    },
                    {
                      "k": "git_refs_url",
                      "v": "https://api.github.com/repos/mrphys/tensorflow-mri/git/refs{/sha}"
                    },
                    {
                      "k": "git_tags_url",
                      "v": "https://api.github.com/repos/mrphys/tensorflow-mri/git/tags{/sha}"
                    },
                    {
                      "k": "git_url",
                      "v": "git://github.com/mrphys/tensorflow-mri.git"
                    },
                    {
                      "k": "has_discussions",
                      "v": false
                    },
                    {
                      "k": "has_downloads",
                      "v": true
                    },
                    {
                      "k": "has_issues",
                      "v": true
                    },
                    {
                      "k": "has_pages",
                      "v": true
                    },
                    {
                      "k": "has_projects",
                      "v": true
                    },
                    {
                      "k": "has_wiki",
                      "v": true
                    },
                    {
                      "k": "homepage",
                      "v": "https://mrphys.github.io/tensorflow-mri/"
                    },
                    {
                      "k": "hooks_url",
                      "v": "https://api.github.com/repos/mrphys/tensorflow-mri/hooks"
                    },
                    {
                      "k": "html_url",
                      "v": "https://github.com/mrphys/tensorflow-mri"
                    },
                    {
                      "k": "id",
                      "v": 388094708.0
                    },
                    {
                      "k": "is_template",
                      "v": false
                    },
                    {
                      "k": "issue_comment_url",
                      "v": "https://api.github.com/repos/mrphys/tensorflow-mri/issues/comments{/number}"
                    },
                    {
                      "k": "issue_events_url",
                      "v": "https://api.github.com/repos/mrphys/tensorflow-mri/issues/events{/number}"
                    },
                    {
                      "k": "issues_url",
                      "v": "https://api.github.com/repos/mrphys/tensorflow-mri/issues{/number}"
                    },
                    {
                      "k": "keys_url",
                      "v": "https://api.github.com/repos/mrphys/tensorflow-mri/keys{/key_id}"
                    },
                    {
                      "k": "labels_url",
                      "v": "https://api.github.com/repos/mrphys/tensorflow-mri/labels{/name}"
                    },
                    {
                      "k": "language",
                      "v": "Jupyter Notebook"
                    },
                    {
                      "k": "languages_url",
                      "v": "https://api.github.com/repos/mrphys/tensorflow-mri/languages"
                    },
                    {
                      "k": "license",
                      "v": {
                        "t": 2,
                        "d": [
                          {
                            "k": "key",
                            "v": "apache-2.0"
                          },
                          {
                            "k": "name",
                            "v": "Apache License 2.0"
                          },
                          {
                            "k": "node_id",
                            "v": "MDc6TGljZW5zZTI="
                          },
                          {
                            "k": "spdx_id",
                            "v": "Apache-2.0"
                          },
                          {
                            "k": "url",
                            "v": "https://api.github.com/licenses/apache-2.0"
                          }
                        ]
                      }
                    },
                    {
                      "k": "master_branch",
                      "v": "master"
                    },
                    {
                      "k": "merges_url",
                      "v": "https://api.github.com/repos/mrphys/tensorflow-mri/merges"
                    },
                    {
                      "k": "milestones_url",
                      "v": "https://api.github.com/repos/mrphys/tensorflow-mri/milestones{/number}"
                    },
                    {
                      "k": "mirror_url",
                      "v": null
                    },
                    {
                      "k": "name",
                      "v": "tensorflow-mri"
                    },
                    {
                      "k": "node_id",
                      "v": "MDEwOlJlcG9zaXRvcnkzODgwOTQ3MDg="
                    },
                    {
                      "k": "notifications_url",
                      "v": "https://api.github.com/repos/mrphys/tensorflow-mri/notifications{?since,all,participating}"
                    },
                    {
                      "k": "open_issues",
                      "v": 8.0
                    },
                    {
                      "k": "open_issues_count",
                      "v": 8.0
                    },
                    {
                      "k": "organization",
                      "v": "mrphys"
                    },
                    {
                      "k": "owner",
                      "v": {
                        "t": 2,
                        "d": [
                          {
                            "k": "avatar_url",
                            "v": "https://avatars.githubusercontent.com/u/53480519?v=4"
                          },
                          {
                            "k": "email",
                            "v": null
                          },
                          {
                            "k": "events_url",
                            "v": "https://api.github.com/users/mrphys/events{/privacy}"
                          },
                          {
                            "k": "followers_url",
                            "v": "https://api.github.com/users/mrphys/followers"
                          },
                          {
                            "k": "following_url",
                            "v": "https://api.github.com/users/mrphys/following{/other_user}"
                          },
                          {
                            "k": "gists_url",
                            "v": "https://api.github.com/users/mrphys/gists{/gist_id}"
                          },
                          {
                            "k": "gravatar_id",
                            "v": ""
                          },
                          {
                            "k": "html_url",
                            "v": "https://github.com/mrphys"
                          },
                          {
                            "k": "id",
                            "v": 53480519.0
                          },
                          {
                            "k": "login",
                            "v": "mrphys"
                          },
                          {
                            "k": "name",
                            "v": "mrphys"
                          },
                          {
                            "k": "node_id",
                            "v": "MDEyOk9yZ2FuaXphdGlvbjUzNDgwNTE5"
                          },
                          {
                            "k": "organizations_url",
                            "v": "https://api.github.com/users/mrphys/orgs"
                          },
                          {
                            "k": "received_events_url",
                            "v": "https://api.github.com/users/mrphys/received_events"
                          },
                          {
                            "k": "repos_url",
                            "v": "https://api.github.com/users/mrphys/repos"
                          },
                          {
                            "k": "site_admin",
                            "v": false
                          },
                          {
                            "k": "starred_url",
                            "v": "https://api.github.com/users/mrphys/starred{/owner}{/repo}"
                          },
                          {
                            "k": "subscriptions_url",
                            "v": "https://api.github.com/users/mrphys/subscriptions"
                          },
                          {
                            "k": "type",
                            "v": "Organization"
                          },
                          {
                            "k": "url",
                            "v": "https://api.github.com/users/mrphys"
                          },
                          {
                            "k": "user_view_type",
                            "v": "public"
                          }
                        ]
                      }
                    },
                    {
                      "k": "private",
                      "v": false
                    },
                    {
                      "k": "pulls_url",
                      "v": "https://api.github.com/repos/mrphys/tensorflow-mri/pulls{/number}"
                    },
                    {
                      "k": "pushed_at",
                      "v": 1742391846.0
                    },
                    {
                      "k": "releases_url",
                      "v": "https://api.github.com/repos/mrphys/tensorflow-mri/releases{/id}"
                    },
                    {
                      "k": "size",
                      "v": 199091.0
                    },
                    {
                      "k": "ssh_url",
                      "v": "git@github.com:mrphys/tensorflow-mri.git"
                    },
                    {
                      "k": "stargazers",
                      "v": 40.0
                    },
                    {
                      "k": "stargazers_count",
                      "v": 40.0
                    },
                    {
                      "k": "stargazers_url",
                      "v": "https://api.github.com/repos/mrphys/tensorflow-mri/stargazers"
                    },
                    {
                      "k": "statuses_url",
                      "v": "https://api.github.com/repos/mrphys/tensorflow-mri/statuses/{sha}"
                    },
                    {
                      "k": "subscribers_url",
                      "v": "https://api.github.com/repos/mrphys/tensorflow-mri/subscribers"
                    },
                    {
                      "k": "subscription_url",
                      "v": "https://api.github.com/repos/mrphys/tensorflow-mri/subscription"
                    },
                    {
                      "k": "svn_url",
                      "v": "https://github.com/mrphys/tensorflow-mri"
                    },
                    {
                      "k": "tags_url",
                      "v": "https://api.github.com/repos/mrphys/tensorflow-mri/tags"
                    },
                    {
                      "k": "teams_url",
                      "v": "https://api.github.com/repos/mrphys/tensorflow-mri/teams"
                    },
                    {
                      "k": "topics",
                      "v": {
                        "t": 1,
                        "a": [
                          "machine-learning",
                          "magnetic-resonance-imaging",
                          "ml",
                          "mri",
                          "python",
                          "tensorflow"
                        ]
                      }
                    },
                    {
                      "k": "trees_url",
                      "v": "https://api.github.com/repos/mrphys/tensorflow-mri/git/trees{/sha}"
                    },
                    {
                      "k": "updated_at",
                      "v": "2025-03-13T22:04:53Z"
                    },
                    {
                      "k": "url",
                      "v": "https://github.com/mrphys/tensorflow-mri"
                    },
                    {
                      "k": "visibility",
                      "v": "public"
                    },
                    {
                      "k": "watchers",
                      "v": 40.0
                    },
                    {
                      "k": "watchers_count",
                      "v": 40.0
                    },
                    {
                      "k": "web_commit_signoff_required",
                      "v": false
                    }
                  ]
                }
              },
              {
                "k": "sender",
                "v": {
                  "t": 2,
                  "d": [
                    {
                      "k": "avatar_url",
                      "v": "https://avatars.githubusercontent.com/u/53479871?v=4"
                    },
                    {
                      "k": "events_url",
                      "v": "https://api.github.com/users/jennifersteeden/events{/privacy}"
                    },
                    {
                      "k": "followers_url",
                      "v": "https://api.github.com/users/jennifersteeden/followers"
                    },
                    {
                      "k": "following_url",
                      "v": "https://api.github.com/users/jennifersteeden/following{/other_user}"
                    },
                    {
                      "k": "gists_url",
                      "v": "https://api.github.com/users/jennifersteeden/gists{/gist_id}"
                    },
                    {
                      "k": "gravatar_id",
                      "v": ""
                    },
                    {
                      "k": "html_url",
                      "v": "https://github.com/jennifersteeden"
                    },
                    {
                      "k": "id",
                      "v": 53479871.0
                    },
                    {
                      "k": "login",
                      "v": "jennifersteeden"
                    },
                    {
                      "k": "node_id",
                      "v": "MDQ6VXNlcjUzNDc5ODcx"
                    },
                    {
                      "k": "organizations_url",
                      "v": "https://api.github.com/users/jennifersteeden/orgs"
                    },
                    {
                      "k": "received_events_url",
                      "v": "https://api.github.com/users/jennifersteeden/received_events"
                    },
                    {
                      "k": "repos_url",
                      "v": "https://api.github.com/users/jennifersteeden/repos"
                    },
                    {
                      "k": "site_admin",
                      "v": false
                    },
                    {
                      "k": "starred_url",
                      "v": "https://api.github.com/users/jennifersteeden/starred{/owner}{/repo}"
                    },
                    {
                      "k": "subscriptions_url",
                      "v": "https://api.github.com/users/jennifersteeden/subscriptions"
                    },
                    {
                      "k": "type",
                      "v": "User"
                    },
                    {
                      "k": "url",
                      "v": "https://api.github.com/users/jennifersteeden"
                    },
                    {
                      "k": "user_view_type",
                      "v": "public"
                    }
                  ]
                }
              }
            ]
          }
        },
        {
          "k": "workflow_ref",
          "v": "mrphys/tensorflow-mri/.github/workflows/build-package.yml@refs/heads/master"
        },
        {
          "k": "workflow_sha",
          "v": "7530b5d1c9bce2354ccc566ed4613c0ea50e631d"
        },
        {
          "k": "repository_id",
          "v": "388094708"
        },
        {
          "k": "triggering_actor",
          "v": "jennifersteeden"
        }
      ]
    },
    "inputs": {
      "t": 2
    },
    "matrix": {
      "t": 2,
      "d": [
        {
          "k": "py_version",
          "v": "3.9"
        }
      ]
    },
    "needs": {
      "t": 2
    },
    "strategy": {
      "t": 2,
      "d": [
        {
          "k": "fail-fast",
          "v": true
        },
        {
          "k": "job-index",
          "v": 1.0
        },
        {
          "k": "job-total",
          "v": 3.0
        },
        {
          "k": "max-parallel",
          "v": 3.0
        }
      ]
    },
    "vars": {
      "t": 2
    }
  }
}
[2025-03-19 13:44:10Z INFO JobRunner] Job ID 9f24585b-db1b-5672-990f-12d710c54840
[2025-03-19 13:44:10Z INFO ConfigurationStore] currentAssemblyLocation: /home/jenny/tensorflow-mri/actions-runner/bin/Runner.Worker.dll
[2025-03-19 13:44:10Z INFO HostContext] Well known directory 'Bin': '/home/jenny/tensorflow-mri/actions-runner/bin'
[2025-03-19 13:44:10Z INFO ConfigurationStore] binPath: /home/jenny/tensorflow-mri/actions-runner/bin
[2025-03-19 13:44:10Z INFO HostContext] Well known directory 'Bin': '/home/jenny/tensorflow-mri/actions-runner/bin'
[2025-03-19 13:44:10Z INFO HostContext] Well known directory 'Root': '/home/jenny/tensorflow-mri/actions-runner'
[2025-03-19 13:44:10Z INFO ConfigurationStore] RootFolder: /home/jenny/tensorflow-mri/actions-runner
[2025-03-19 13:44:10Z INFO HostContext] Well known directory 'Bin': '/home/jenny/tensorflow-mri/actions-runner/bin'
[2025-03-19 13:44:10Z INFO HostContext] Well known directory 'Root': '/home/jenny/tensorflow-mri/actions-runner'
[2025-03-19 13:44:10Z INFO HostContext] Well known config file 'Runner': '/home/jenny/tensorflow-mri/actions-runner/.runner'
[2025-03-19 13:44:10Z INFO ConfigurationStore] ConfigFilePath: /home/jenny/tensorflow-mri/actions-runner/.runner
[2025-03-19 13:44:10Z INFO HostContext] Well known directory 'Bin': '/home/jenny/tensorflow-mri/actions-runner/bin'
[2025-03-19 13:44:10Z INFO HostContext] Well known directory 'Root': '/home/jenny/tensorflow-mri/actions-runner'
[2025-03-19 13:44:10Z INFO HostContext] Well known config file 'Credentials': '/home/jenny/tensorflow-mri/actions-runner/.credentials'
[2025-03-19 13:44:10Z INFO ConfigurationStore] CredFilePath: /home/jenny/tensorflow-mri/actions-runner/.credentials
[2025-03-19 13:44:10Z INFO HostContext] Well known directory 'Bin': '/home/jenny/tensorflow-mri/actions-runner/bin'
[2025-03-19 13:44:10Z INFO HostContext] Well known directory 'Root': '/home/jenny/tensorflow-mri/actions-runner'
[2025-03-19 13:44:10Z INFO HostContext] Well known config file 'MigratedCredentials': '/home/jenny/tensorflow-mri/actions-runner/.credentials_migrated'
[2025-03-19 13:44:10Z INFO ConfigurationStore] MigratedCredFilePath: /home/jenny/tensorflow-mri/actions-runner/.credentials_migrated
[2025-03-19 13:44:10Z INFO HostContext] Well known directory 'Bin': '/home/jenny/tensorflow-mri/actions-runner/bin'
[2025-03-19 13:44:10Z INFO HostContext] Well known directory 'Root': '/home/jenny/tensorflow-mri/actions-runner'
[2025-03-19 13:44:10Z INFO HostContext] Well known config file 'Service': '/home/jenny/tensorflow-mri/actions-runner/.service'
[2025-03-19 13:44:10Z INFO ConfigurationStore] ServiceConfigFilePath: /home/jenny/tensorflow-mri/actions-runner/.service
[2025-03-19 13:44:10Z INFO ConfigurationStore] Read setting file: 294 chars
[2025-03-19 13:44:10Z INFO JobRunner] Initializing launch client
[2025-03-19 13:44:10Z INFO JobServerQueue] Initializing results client
[2025-03-19 13:44:10Z INFO ResultServer] Creating websocket client ...wss://results-receiver.actions.githubusercontent.com/_ws/ingest.sock
[2025-03-19 13:44:10Z INFO ResultServer] Attempting to start websocket client with delay 00:00:00.
[2025-03-19 13:44:10Z INFO JobServerQueue] Start process web console line queue.
[2025-03-19 13:44:10Z INFO JobServerQueue] Start process file upload queue.
[2025-03-19 13:44:10Z INFO JobServerQueue] Start results file upload queue.
[2025-03-19 13:44:10Z INFO JobServerQueue] Starting results-based upload queue...
[2025-03-19 13:44:10Z INFO JobServerQueue] Start process timeline update queue.
[2025-03-19 13:44:10Z INFO ExecutionContext] Initialize GitHub context
[2025-03-19 13:44:10Z INFO ExecutionContext] Initialize Env context
[2025-03-19 13:44:10Z INFO HostContext] Well known directory 'Bin': '/home/jenny/tensorflow-mri/actions-runner/bin'
[2025-03-19 13:44:10Z INFO HostContext] Well known directory 'Root': '/home/jenny/tensorflow-mri/actions-runner'
[2025-03-19 13:44:10Z INFO HostContext] Well known directory 'Diag': '/home/jenny/tensorflow-mri/actions-runner/_diag'
[2025-03-19 13:44:10Z INFO HostContext] Well known directory 'Bin': '/home/jenny/tensorflow-mri/actions-runner/bin'
[2025-03-19 13:44:10Z INFO HostContext] Well known directory 'Root': '/home/jenny/tensorflow-mri/actions-runner'
[2025-03-19 13:44:10Z INFO HostContext] Well known directory 'Diag': '/home/jenny/tensorflow-mri/actions-runner/_diag'
[2025-03-19 13:44:10Z INFO JobRunner] Starting the job execution context.
[2025-03-19 13:44:10Z INFO HostContext] Well known directory 'Bin': '/home/jenny/tensorflow-mri/actions-runner/bin'
[2025-03-19 13:44:10Z INFO HostContext] Well known directory 'Root': '/home/jenny/tensorflow-mri/actions-runner'
[2025-03-19 13:44:10Z INFO HostContext] Well known directory 'Work': '/home/jenny/tensorflow-mri/actions-runner/_work'
[2025-03-19 13:44:10Z INFO JobRunner] Validating directory permissions for: '/home/jenny/tensorflow-mri/actions-runner/_work'
[2025-03-19 13:44:10Z INFO HostContext] Well known directory 'Bin': '/home/jenny/tensorflow-mri/actions-runner/bin'
[2025-03-19 13:44:10Z INFO HostContext] Well known directory 'Root': '/home/jenny/tensorflow-mri/actions-runner'
[2025-03-19 13:44:10Z INFO HostContext] Well known directory 'Work': '/home/jenny/tensorflow-mri/actions-runner/_work'
[2025-03-19 13:44:10Z INFO HostContext] Well known directory 'Tools': '/home/jenny/tensorflow-mri/actions-runner/_work/_tool'
[2025-03-19 13:44:10Z INFO HostContext] Well known directory 'Bin': '/home/jenny/tensorflow-mri/actions-runner/bin'
[2025-03-19 13:44:10Z INFO HostContext] Well known directory 'Root': '/home/jenny/tensorflow-mri/actions-runner'
[2025-03-19 13:44:10Z INFO HostContext] Well known directory 'Work': '/home/jenny/tensorflow-mri/actions-runner/_work'
[2025-03-19 13:44:10Z INFO HostContext] Well known directory 'Temp': '/home/jenny/tensorflow-mri/actions-runner/_work/_temp'
[2025-03-19 13:44:10Z ERR  TempDirectoryManager] System.IO.IOException: Access to the path '/home/jenny/tensorflow-mri/actions-runner/_work/_temp/_github_home/.config/matplotlib' is denied.
   at System.IO.FileSystem.RemoveEmptyDirectory(String fullPath, Boolean topLevel, Boolean throwWhenNotEmpty)
   at System.IO.DirectoryInfo.Delete()
   at GitHub.Runner.Sdk.IOUtil.DeleteDirectory(String path, Boolean contentsOnly, Boolean continueOnContentDeleteError, CancellationToken cancellationToken)
   at GitHub.Runner.Worker.TempDirectoryManager.InitializeTempDirectory(IExecutionContext jobContext)
[2025-03-19 13:44:10Z INFO JobRunner] Getting job extension.
[2025-03-19 13:44:10Z INFO JobRunner] Initialize job. Getting all job steps.
[2025-03-19 13:44:10Z INFO HostContext] Well known directory 'Bin': '/home/jenny/tensorflow-mri/actions-runner/bin'
[2025-03-19 13:44:10Z INFO HostContext] Well known directory 'Root': '/home/jenny/tensorflow-mri/actions-runner'
[2025-03-19 13:44:10Z INFO HostContext] Well known directory 'Diag': '/home/jenny/tensorflow-mri/actions-runner/_diag'
[2025-03-19 13:44:10Z INFO HostContext] Well known directory 'Bin': '/home/jenny/tensorflow-mri/actions-runner/bin'
[2025-03-19 13:44:10Z INFO HostContext] Well known directory 'Root': '/home/jenny/tensorflow-mri/actions-runner'
[2025-03-19 13:44:10Z INFO HostContext] Well known directory 'Diag': '/home/jenny/tensorflow-mri/actions-runner/_diag'
[2025-03-19 13:44:10Z INFO HostContext] Well known directory 'Bin': '/home/jenny/tensorflow-mri/actions-runner/bin'
[2025-03-19 13:44:10Z INFO HostContext] Well known directory 'Root': '/home/jenny/tensorflow-mri/actions-runner'
[2025-03-19 13:44:10Z INFO HostContext] Well known config file 'Credentials': '/home/jenny/tensorflow-mri/actions-runner/.credentials'
[2025-03-19 13:44:10Z INFO HostContext] Well known directory 'Bin': '/home/jenny/tensorflow-mri/actions-runner/bin'
[2025-03-19 13:44:10Z INFO HostContext] Well known directory 'Root': '/home/jenny/tensorflow-mri/actions-runner'
[2025-03-19 13:44:10Z INFO HostContext] Well known config file 'SetupInfo': '/home/jenny/tensorflow-mri/actions-runner/.setup_info'
[2025-03-19 13:44:10Z INFO HostContext] Well known directory 'Bin': '/home/jenny/tensorflow-mri/actions-runner/bin'
[2025-03-19 13:44:10Z INFO HostContext] Well known directory 'Root': '/home/jenny/tensorflow-mri/actions-runner'
[2025-03-19 13:44:10Z INFO HostContext] Well known directory 'Work': '/home/jenny/tensorflow-mri/actions-runner/_work'
[2025-03-19 13:44:10Z INFO PipelineDirectoryManager] Loading tracking config if exists: /home/jenny/tensorflow-mri/actions-runner/_work/_PipelineMapping/mrphys/tensorflow-mri/PipelineFolder.json
[2025-03-19 13:44:10Z INFO PipelineDirectoryManager] Updating job run properties.
[2025-03-19 13:44:10Z INFO HostContext] Well known directory 'Bin': '/home/jenny/tensorflow-mri/actions-runner/bin'
[2025-03-19 13:44:10Z INFO HostContext] Well known directory 'Root': '/home/jenny/tensorflow-mri/actions-runner'
[2025-03-19 13:44:10Z INFO HostContext] Well known directory 'Work': '/home/jenny/tensorflow-mri/actions-runner/_work'
[2025-03-19 13:44:10Z INFO HostContext] Well known directory 'Bin': '/home/jenny/tensorflow-mri/actions-runner/bin'
[2025-03-19 13:44:10Z INFO HostContext] Well known directory 'Root': '/home/jenny/tensorflow-mri/actions-runner'
[2025-03-19 13:44:10Z INFO HostContext] Well known directory 'Work': '/home/jenny/tensorflow-mri/actions-runner/_work'
[2025-03-19 13:44:10Z INFO HostContext] Well known directory 'Bin': '/home/jenny/tensorflow-mri/actions-runner/bin'
[2025-03-19 13:44:10Z INFO HostContext] Well known directory 'Root': '/home/jenny/tensorflow-mri/actions-runner'
[2025-03-19 13:44:10Z INFO HostContext] Well known directory 'Work': '/home/jenny/tensorflow-mri/actions-runner/_work'
[2025-03-19 13:44:11Z INFO HostContext] Well known directory 'Bin': '/home/jenny/tensorflow-mri/actions-runner/bin'
[2025-03-19 13:44:11Z INFO HostContext] Well known directory 'Root': '/home/jenny/tensorflow-mri/actions-runner'
[2025-03-19 13:44:11Z INFO HostContext] Well known directory 'Work': '/home/jenny/tensorflow-mri/actions-runner/_work'
[2025-03-19 13:44:11Z INFO HostContext] Well known directory 'Bin': '/home/jenny/tensorflow-mri/actions-runner/bin'
[2025-03-19 13:44:11Z INFO HostContext] Well known directory 'Root': '/home/jenny/tensorflow-mri/actions-runner'
[2025-03-19 13:44:11Z INFO HostContext] Well known directory 'Work': '/home/jenny/tensorflow-mri/actions-runner/_work'
[2025-03-19 13:44:11Z INFO HostContext] Well known directory 'Tools': '/home/jenny/tensorflow-mri/actions-runner/_work/_tool'
[2025-03-19 13:44:11Z INFO HostContext] Well known directory 'Bin': '/home/jenny/tensorflow-mri/actions-runner/bin'
[2025-03-19 13:44:11Z INFO HostContext] Well known directory 'Root': '/home/jenny/tensorflow-mri/actions-runner'
[2025-03-19 13:44:11Z INFO HostContext] Well known directory 'Externals': '/home/jenny/tensorflow-mri/actions-runner/externals'
[2025-03-19 13:44:11Z INFO JobExtension] Downloading actions
[2025-03-19 13:44:11Z INFO HostContext] Well known directory 'Bin': '/home/jenny/tensorflow-mri/actions-runner/bin'
[2025-03-19 13:44:11Z INFO HostContext] Well known directory 'Root': '/home/jenny/tensorflow-mri/actions-runner'
[2025-03-19 13:44:11Z INFO HostContext] Well known directory 'Work': '/home/jenny/tensorflow-mri/actions-runner/_work'
[2025-03-19 13:44:11Z INFO HostContext] Well known directory 'Actions': '/home/jenny/tensorflow-mri/actions-runner/_work/_actions'
[2025-03-19 13:44:11Z INFO Worker] Listening for cancel message from the channel.
[2025-03-19 13:44:11Z INFO Worker] Waiting for the job to complete or for a cancel message from the channel.
[2025-03-19 13:44:11Z INFO ResultServer] Successfully started websocket client.
[2025-03-19 13:44:11Z INFO JobServerQueue] Try to append 1 batches web console lines for record 'cd95b804-8178-46be-8f94-1057e94b6c0f', success rate: 1/1.
[2025-03-19 13:44:11Z INFO HostContext] Well known directory 'Bin': '/home/jenny/tensorflow-mri/actions-runner/bin'
[2025-03-19 13:44:11Z INFO HostContext] Well known directory 'Root': '/home/jenny/tensorflow-mri/actions-runner'
[2025-03-19 13:44:11Z INFO HostContext] Well known directory 'Work': '/home/jenny/tensorflow-mri/actions-runner/_work'
[2025-03-19 13:44:11Z INFO HostContext] Well known directory 'Actions': '/home/jenny/tensorflow-mri/actions-runner/_work/_actions'
[2025-03-19 13:44:11Z INFO HostContext] Well known directory 'Bin': '/home/jenny/tensorflow-mri/actions-runner/bin'
[2025-03-19 13:44:11Z INFO HostContext] Well known directory 'Root': '/home/jenny/tensorflow-mri/actions-runner'
[2025-03-19 13:44:11Z INFO HostContext] Well known directory 'Work': '/home/jenny/tensorflow-mri/actions-runner/_work'
[2025-03-19 13:44:11Z INFO HostContext] Well known directory 'Actions': '/home/jenny/tensorflow-mri/actions-runner/_work/_actions'
[2025-03-19 13:44:11Z INFO ActionManager] Save archive 'https://api.github.com/repos/actions/checkout/tarball/11bd71901bbe5b1630ceea73d27597364c9af683' into /home/jenny/tensorflow-mri/actions-runner/_work/_actions/_temp_734d6b63-9d7b-48b3-8d0f-d7ee2ba88693/b94cd4e0-2575-4a78-a247-b05c0cadc16b.tar.gz.
[2025-03-19 13:44:11Z INFO JobServerQueue] Job timeline record has been updated for the first time.
[2025-03-19 13:44:11Z INFO JobServerQueue] Try to append 1 batches web console lines for record 'cd95b804-8178-46be-8f94-1057e94b6c0f', success rate: 1/1.
[2025-03-19 13:44:11Z INFO ActionManager] Request URL: https://api.github.com/repos/actions/checkout/tarball/11bd71901bbe5b1630ceea73d27597364c9af683 X-GitHub-Request-Id: 81AE:133948:4885:EB94:67DACA2B Http Status: OK
[2025-03-19 13:44:11Z INFO ActionManager] Which2: 'tar'
[2025-03-19 13:44:11Z INFO ActionManager] Location: '/usr/bin/tar'
[2025-03-19 13:44:11Z INFO ProcessInvokerWrapper] Starting process:
[2025-03-19 13:44:11Z INFO ProcessInvokerWrapper]   File name: '/usr/bin/tar'
[2025-03-19 13:44:11Z INFO ProcessInvokerWrapper]   Arguments: '-xzf "/home/jenny/tensorflow-mri/actions-runner/_work/_actions/_temp_734d6b63-9d7b-48b3-8d0f-d7ee2ba88693/b94cd4e0-2575-4a78-a247-b05c0cadc16b.tar.gz"'
[2025-03-19 13:44:11Z INFO ProcessInvokerWrapper]   Working directory: '/home/jenny/tensorflow-mri/actions-runner/_work/_actions/_temp_734d6b63-9d7b-48b3-8d0f-d7ee2ba88693/_staging'
[2025-03-19 13:44:11Z INFO ProcessInvokerWrapper]   Require exit code zero: 'False'
[2025-03-19 13:44:11Z INFO ProcessInvokerWrapper]   Encoding web name:  ; code page: ''
[2025-03-19 13:44:11Z INFO ProcessInvokerWrapper]   Force kill process on cancellation: 'False'
[2025-03-19 13:44:11Z INFO ProcessInvokerWrapper]   Redirected STDIN: 'False'
[2025-03-19 13:44:11Z INFO ProcessInvokerWrapper]   Persist current code page: 'False'
[2025-03-19 13:44:11Z INFO ProcessInvokerWrapper]   Keep redirected STDIN open: 'False'
[2025-03-19 13:44:11Z INFO ProcessInvokerWrapper]   High priority process: 'False'
[2025-03-19 13:44:11Z INFO ProcessInvokerWrapper] Updated oom_score_adj to 500 for PID: 1865037.
[2025-03-19 13:44:11Z INFO ProcessInvokerWrapper] Process started with process id 1865037, waiting for process exit.
[2025-03-19 13:44:11Z INFO ProcessInvokerWrapper] STDOUT/STDERR stream read finished.
[2025-03-19 13:44:11Z INFO ProcessInvokerWrapper] STDOUT/STDERR stream read finished.
[2025-03-19 13:44:11Z INFO ProcessInvokerWrapper] Finished process 1865037 with exit code 0, and elapsed time 00:00:00.0148342.
[2025-03-19 13:44:11Z INFO ActionManager] Finished getting action repository.
[2025-03-19 13:44:11Z INFO HostContext] Well known directory 'Bin': '/home/jenny/tensorflow-mri/actions-runner/bin'
[2025-03-19 13:44:11Z INFO HostContext] Well known directory 'Root': '/home/jenny/tensorflow-mri/actions-runner'
[2025-03-19 13:44:11Z INFO HostContext] Well known directory 'Work': '/home/jenny/tensorflow-mri/actions-runner/_work'
[2025-03-19 13:44:11Z INFO HostContext] Well known directory 'Actions': '/home/jenny/tensorflow-mri/actions-runner/_work/_actions'
[2025-03-19 13:44:11Z INFO HostContext] Well known directory 'Bin': '/home/jenny/tensorflow-mri/actions-runner/bin'
[2025-03-19 13:44:11Z INFO HostContext] Well known directory 'Root': '/home/jenny/tensorflow-mri/actions-runner'
[2025-03-19 13:44:11Z INFO HostContext] Well known directory 'Work': '/home/jenny/tensorflow-mri/actions-runner/_work'
[2025-03-19 13:44:11Z INFO HostContext] Well known directory 'Actions': '/home/jenny/tensorflow-mri/actions-runner/_work/_actions'
[2025-03-19 13:44:11Z INFO ActionManager] Save archive 'https://api.github.com/repos/actions/upload-artifact/tarball/4cec3d8aa04e39d1a68397de0c4cd6fb9dce8ec1' into /home/jenny/tensorflow-mri/actions-runner/_work/_actions/_temp_eb778988-b27a-4e71-9646-1f0e05aa110a/fe8b6e23-1e09-4d12-9c4d-ca2bd18c6ee5.tar.gz.
[2025-03-19 13:44:11Z INFO JobServerQueue] Try to append 1 batches web console lines for record 'cd95b804-8178-46be-8f94-1057e94b6c0f', success rate: 1/1.
[2025-03-19 13:44:12Z INFO ActionManager] Request URL: https://api.github.com/repos/actions/upload-artifact/tarball/4cec3d8aa04e39d1a68397de0c4cd6fb9dce8ec1 X-GitHub-Request-Id: 81BC:1E3AD7:463B:E94F:67DACA2C Http Status: OK
[2025-03-19 13:44:12Z INFO ActionManager] Which2: 'tar'
[2025-03-19 13:44:12Z INFO ActionManager] Location: '/usr/bin/tar'
[2025-03-19 13:44:12Z INFO ProcessInvokerWrapper] Starting process:
[2025-03-19 13:44:12Z INFO ProcessInvokerWrapper]   File name: '/usr/bin/tar'
[2025-03-19 13:44:12Z INFO ProcessInvokerWrapper]   Arguments: '-xzf "/home/jenny/tensorflow-mri/actions-runner/_work/_actions/_temp_eb778988-b27a-4e71-9646-1f0e05aa110a/fe8b6e23-1e09-4d12-9c4d-ca2bd18c6ee5.tar.gz"'
[2025-03-19 13:44:12Z INFO ProcessInvokerWrapper]   Working directory: '/home/jenny/tensorflow-mri/actions-runner/_work/_actions/_temp_eb778988-b27a-4e71-9646-1f0e05aa110a/_staging'
[2025-03-19 13:44:12Z INFO ProcessInvokerWrapper]   Require exit code zero: 'False'
[2025-03-19 13:44:12Z INFO ProcessInvokerWrapper]   Encoding web name:  ; code page: ''
[2025-03-19 13:44:12Z INFO ProcessInvokerWrapper]   Force kill process on cancellation: 'False'
[2025-03-19 13:44:12Z INFO ProcessInvokerWrapper]   Redirected STDIN: 'False'
[2025-03-19 13:44:12Z INFO ProcessInvokerWrapper]   Persist current code page: 'False'
[2025-03-19 13:44:12Z INFO ProcessInvokerWrapper]   Keep redirected STDIN open: 'False'
[2025-03-19 13:44:12Z INFO ProcessInvokerWrapper]   High priority process: 'False'
[2025-03-19 13:44:12Z INFO ProcessInvokerWrapper] Updated oom_score_adj to 500 for PID: 1865227.
[2025-03-19 13:44:12Z INFO ProcessInvokerWrapper] Process started with process id 1865227, waiting for process exit.
[2025-03-19 13:44:12Z INFO ProcessInvokerWrapper] STDOUT/STDERR stream read finished.
[2025-03-19 13:44:12Z INFO ProcessInvokerWrapper] STDOUT/STDERR stream read finished.
[2025-03-19 13:44:12Z INFO ProcessInvokerWrapper] Finished process 1865227 with exit code 0, and elapsed time 00:00:00.0618050.
[2025-03-19 13:44:12Z INFO ActionManager] Finished getting action repository.
[2025-03-19 13:44:12Z INFO HostContext] Well known directory 'Bin': '/home/jenny/tensorflow-mri/actions-runner/bin'
[2025-03-19 13:44:12Z INFO HostContext] Well known directory 'Root': '/home/jenny/tensorflow-mri/actions-runner'
[2025-03-19 13:44:12Z INFO HostContext] Well known directory 'Work': '/home/jenny/tensorflow-mri/actions-runner/_work'
[2025-03-19 13:44:12Z INFO HostContext] Well known directory 'Actions': '/home/jenny/tensorflow-mri/actions-runner/_work/_actions'
[2025-03-19 13:44:12Z INFO HostContext] Well known directory 'Bin': '/home/jenny/tensorflow-mri/actions-runner/bin'
[2025-03-19 13:44:12Z INFO HostContext] Well known directory 'Root': '/home/jenny/tensorflow-mri/actions-runner'
[2025-03-19 13:44:12Z INFO HostContext] Well known directory 'Work': '/home/jenny/tensorflow-mri/actions-runner/_work'
[2025-03-19 13:44:12Z INFO HostContext] Well known directory 'Actions': '/home/jenny/tensorflow-mri/actions-runner/_work/_actions'
[2025-03-19 13:44:12Z INFO HostContext] Well known directory 'Bin': '/home/jenny/tensorflow-mri/actions-runner/bin'
[2025-03-19 13:44:12Z INFO HostContext] Well known directory 'Root': '/home/jenny/tensorflow-mri/actions-runner'
[2025-03-19 13:44:12Z INFO HostContext] Well known directory 'Work': '/home/jenny/tensorflow-mri/actions-runner/_work'
[2025-03-19 13:44:12Z INFO HostContext] Well known directory 'Actions': '/home/jenny/tensorflow-mri/actions-runner/_work/_actions'
[2025-03-19 13:44:12Z INFO ActionManager] Save archive 'https://api.github.com/repos/pypa/gh-action-pypi-publish/tarball/22b4d1f12511f2696162c08546dafbaa903448a2' into /home/jenny/tensorflow-mri/actions-runner/_work/_actions/_temp_2c7dd234-769e-4bec-91e0-00a2e848921c/910817d5-6f01-4102-a7b4-e5c77eaad7fb.tar.gz.
[2025-03-19 13:44:12Z INFO JobServerQueue] Try to append 1 batches web console lines for record 'cd95b804-8178-46be-8f94-1057e94b6c0f', success rate: 1/1.
[2025-03-19 13:44:13Z INFO ActionManager] Request URL: https://api.github.com/repos/pypa/gh-action-pypi-publish/tarball/22b4d1f12511f2696162c08546dafbaa903448a2 X-GitHub-Request-Id: 81C2:E67B8:445A:E768:67DACA2C Http Status: OK
[2025-03-19 13:44:13Z INFO ActionManager] Which2: 'tar'
[2025-03-19 13:44:13Z INFO ActionManager] Location: '/usr/bin/tar'
[2025-03-19 13:44:13Z INFO ProcessInvokerWrapper] Starting process:
[2025-03-19 13:44:13Z INFO ProcessInvokerWrapper]   File name: '/usr/bin/tar'
[2025-03-19 13:44:13Z INFO ProcessInvokerWrapper]   Arguments: '-xzf "/home/jenny/tensorflow-mri/actions-runner/_work/_actions/_temp_2c7dd234-769e-4bec-91e0-00a2e848921c/910817d5-6f01-4102-a7b4-e5c77eaad7fb.tar.gz"'
[2025-03-19 13:44:13Z INFO ProcessInvokerWrapper]   Working directory: '/home/jenny/tensorflow-mri/actions-runner/_work/_actions/_temp_2c7dd234-769e-4bec-91e0-00a2e848921c/_staging'
[2025-03-19 13:44:13Z INFO ProcessInvokerWrapper]   Require exit code zero: 'False'
[2025-03-19 13:44:13Z INFO ProcessInvokerWrapper]   Encoding web name:  ; code page: ''
[2025-03-19 13:44:13Z INFO ProcessInvokerWrapper]   Force kill process on cancellation: 'False'
[2025-03-19 13:44:13Z INFO ProcessInvokerWrapper]   Redirected STDIN: 'False'
[2025-03-19 13:44:13Z INFO ProcessInvokerWrapper]   Persist current code page: 'False'
[2025-03-19 13:44:13Z INFO ProcessInvokerWrapper]   Keep redirected STDIN open: 'False'
[2025-03-19 13:44:13Z INFO ProcessInvokerWrapper]   High priority process: 'False'
[2025-03-19 13:44:13Z INFO ProcessInvokerWrapper] Updated oom_score_adj to 500 for PID: 1865345.
[2025-03-19 13:44:13Z INFO ProcessInvokerWrapper] Process started with process id 1865345, waiting for process exit.
[2025-03-19 13:44:13Z INFO ProcessInvokerWrapper] STDOUT/STDERR stream read finished.
[2025-03-19 13:44:13Z INFO ProcessInvokerWrapper] STDOUT/STDERR stream read finished.
[2025-03-19 13:44:13Z INFO ProcessInvokerWrapper] Finished process 1865345 with exit code 0, and elapsed time 00:00:00.0023651.
[2025-03-19 13:44:13Z INFO ActionManager] Finished getting action repository.
[2025-03-19 13:44:13Z INFO HostContext] Well known directory 'Bin': '/home/jenny/tensorflow-mri/actions-runner/bin'
[2025-03-19 13:44:13Z INFO HostContext] Well known directory 'Root': '/home/jenny/tensorflow-mri/actions-runner'
[2025-03-19 13:44:13Z INFO HostContext] Well known directory 'Work': '/home/jenny/tensorflow-mri/actions-runner/_work'
[2025-03-19 13:44:13Z INFO HostContext] Well known directory 'Actions': '/home/jenny/tensorflow-mri/actions-runner/_work/_actions'
[2025-03-19 13:44:13Z INFO ActionManifestManager] Load schema file with definitions: [
  "null",
  "boolean",
  "number",
  "string",
  "sequence",
  "mapping",
  "any",
  "action-root",
  "inputs",
  "input",
  "outputs",
  "output-definition",
  "runs",
  "container-runs",
  "container-runs-args",
  "container-runs-env",
  "node-runs",
  "plugin-runs",
  "composite-runs",
  "composite-steps",
  "composite-step",
  "run-step",
  "uses-step",
  "container-runs-context",
  "output-value",
  "input-default-context",
  "non-empty-string",
  "string-steps-context",
  "boolean-steps-context",
  "step-env",
  "step-if",
  "step-with"
]
[2025-03-19 13:44:13Z INFO HostContext] Well known directory 'Bin': '/home/jenny/tensorflow-mri/actions-runner/bin'
[2025-03-19 13:44:13Z INFO HostContext] Well known directory 'Root': '/home/jenny/tensorflow-mri/actions-runner'
[2025-03-19 13:44:13Z INFO HostContext] Well known directory 'Work': '/home/jenny/tensorflow-mri/actions-runner/_work'
[2025-03-19 13:44:13Z INFO HostContext] Well known directory 'Actions': '/home/jenny/tensorflow-mri/actions-runner/_work/_actions'
[2025-03-19 13:44:13Z INFO ActionManifestManager] Loaded action.yml file: {
  "name": "Checkout",
  "description": "Checkout a Git repository at a particular version",
  "inputs": {
    "type": 2,
    "map": [
      {
        "key": {
          "type": 0,
          "file": 2,
          "line": 4,
          "col": 3,
          "lit": "repository"
        },
        "value": {
          "type": 3,
          "file": 2,
          "line": 6,
          "col": 14,
          "expr": "github.repository"
        }
      },
      {
        "key": {
          "type": 0,
          "file": 2,
          "line": 7,
          "col": 3,
          "lit": "ref"
        },
        "value": ""
      },
      {
        "key": {
          "type": 0,
          "file": 2,
          "line": 12,
          "col": 3,
          "lit": "token"
        },
        "value": {
          "type": 3,
          "file": 2,
          "line": 24,
          "col": 14,
          "expr": "github.token"
        }
      },
      {
        "key": {
          "type": 0,
          "file": 2,
          "line": 25,
          "col": 3,
          "lit": "ssh-key"
        },
        "value": ""
      },
      {
        "key": {
          "type": 0,
          "file": 2,
          "line": 37,
          "col": 3,
          "lit": "ssh-known-hosts"
        },
        "value": ""
      },
      {
        "key": {
          "type": 0,
          "file": 2,
          "line": 42,
          "col": 3,
          "lit": "ssh-strict"
        },
        "value": {
          "type": 0,
          "file": 2,
          "line": 47,
          "col": 14,
          "lit": "true"
        }
      },
      {
        "key": {
          "type": 0,
          "file": 2,
          "line": 48,
          "col": 3,
          "lit": "ssh-user"
        },
        "value": {
          "type": 0,
          "file": 2,
          "line": 51,
          "col": 14,
          "lit": "git"
        }
      },
      {
        "key": {
          "type": 0,
          "file": 2,
          "line": 52,
          "col": 3,
          "lit": "persist-credentials"
        },
        "value": {
          "type": 0,
          "file": 2,
          "line": 54,
          "col": 14,
          "lit": "true"
        }
      },
      {
        "key": {
          "type": 0,
          "file": 2,
          "line": 55,
          "col": 3,
          "lit": "path"
        },
        "value": ""
      },
      {
        "key": {
          "type": 0,
          "file": 2,
          "line": 57,
          "col": 3,
          "lit": "clean"
        },
        "value": {
          "type": 0,
          "file": 2,
          "line": 59,
          "col": 14,
          "lit": "true"
        }
      },
      {
        "key": {
          "type": 0,
          "file": 2,
          "line": 60,
          "col": 3,
          "lit": "filter"
        },
        "value": {
          "type": 0,
          "file": 2,
          "line": 64,
          "col": 14,
          "lit": ""
        }
      },
      {
        "key": {
          "type": 0,
          "file": 2,
          "line": 65,
          "col": 3,
          "lit": "sparse-checkout"
        },
        "value": {
          "type": 0,
          "file": 2,
          "line": 69,
          "col": 14,
          "lit": ""
        }
      },
      {
        "key": {
          "type": 0,
          "file": 2,
          "line": 70,
          "col": 3,
          "lit": "sparse-checkout-cone-mode"
        },
        "value": {
          "type": 0,
          "file": 2,
          "line": 73,
          "col": 14,
          "lit": "true"
        }
      },
      {
        "key": {
          "type": 0,
          "file": 2,
          "line": 74,
          "col": 3,
          "lit": "fetch-depth"
        },
        "value": {
          "type": 0,
          "file": 2,
          "line": 76,
          "col": 14,
          "lit": "1"
        }
      },
      {
        "key": {
          "type": 0,
          "file": 2,
          "line": 77,
          "col": 3,
          "lit": "fetch-tags"
        },
        "value": {
          "type": 0,
          "file": 2,
          "line": 79,
          "col": 14,
          "lit": "false"
        }
      },
      {
        "key": {
          "type": 0,
          "file": 2,
          "line": 80,
          "col": 3,
          "lit": "show-progress"
        },
        "value": {
          "type": 0,
          "file": 2,
          "line": 82,
          "col": 14,
          "lit": "true"
        }
      },
      {
        "key": {
          "type": 0,
          "file": 2,
          "line": 83,
          "col": 3,
          "lit": "lfs"
        },
        "value": {
          "type": 0,
          "file": 2,
          "line": 85,
          "col": 14,
          "lit": "false"
        }
      },
      {
        "key": {
          "type": 0,
          "file": 2,
          "line": 86,
          "col": 3,
          "lit": "submodules"
        },
        "value": {
          "type": 0,
          "file": 2,
          "line": 94,
          "col": 14,
          "lit": "false"
        }
      },
      {
        "key": {
          "type": 0,
          "file": 2,
          "line": 95,
          "col": 3,
          "lit": "set-safe-directory"
        },
        "value": {
          "type": 0,
          "file": 2,
          "line": 97,
          "col": 14,
          "lit": "true"
        }
      },
      {
        "key": {
          "type": 0,
          "file": 2,
          "line": 98,
          "col": 3,
          "lit": "github-server-url"
        },
        "value": ""
      }
    ]
  },
  "execution": {
    "executionType": "nodeJS",
    "hasPre": false,
    "hasPost": true,
    "script": "dist/index.js",
    "pre": null,
    "post": "dist/index.js",
    "nodeVersion": "node20",
    "cleanupCondition": "always()",
    "initCondition": "always()"
  },
  "deprecated": null
}
[2025-03-19 13:44:13Z INFO ActionManager] Action node.js file: dist/index.js, no more preparation.
[2025-03-19 13:44:13Z INFO HostContext] Well known directory 'Bin': '/home/jenny/tensorflow-mri/actions-runner/bin'
[2025-03-19 13:44:13Z INFO HostContext] Well known directory 'Root': '/home/jenny/tensorflow-mri/actions-runner'
[2025-03-19 13:44:13Z INFO HostContext] Well known directory 'Work': '/home/jenny/tensorflow-mri/actions-runner/_work'
[2025-03-19 13:44:13Z INFO HostContext] Well known directory 'Actions': '/home/jenny/tensorflow-mri/actions-runner/_work/_actions'
[2025-03-19 13:44:13Z INFO ActionManager] Load action that reference repository from '/home/jenny/tensorflow-mri/actions-runner/_work/_actions/actions/checkout/v4'
[2025-03-19 13:44:13Z INFO HostContext] Well known directory 'Bin': '/home/jenny/tensorflow-mri/actions-runner/bin'
[2025-03-19 13:44:13Z INFO HostContext] Well known directory 'Root': '/home/jenny/tensorflow-mri/actions-runner'
[2025-03-19 13:44:13Z INFO HostContext] Well known directory 'Work': '/home/jenny/tensorflow-mri/actions-runner/_work'
[2025-03-19 13:44:13Z INFO HostContext] Well known directory 'Actions': '/home/jenny/tensorflow-mri/actions-runner/_work/_actions'
[2025-03-19 13:44:13Z INFO ActionManifestManager] Loaded action.yml file: {
  "name": "Checkout",
  "description": "Checkout a Git repository at a particular version",
  "inputs": {
    "type": 2,
    "map": [
      {
        "key": {
          "type": 0,
          "file": 2,
          "line": 4,
          "col": 3,
          "lit": "repository"
        },
        "value": {
          "type": 3,
          "file": 2,
          "line": 6,
          "col": 14,
          "expr": "github.repository"
        }
      },
      {
        "key": {
          "type": 0,
          "file": 2,
          "line": 7,
          "col": 3,
          "lit": "ref"
        },
        "value": ""
      },
      {
        "key": {
          "type": 0,
          "file": 2,
          "line": 12,
          "col": 3,
          "lit": "token"
        },
        "value": {
          "type": 3,
          "file": 2,
          "line": 24,
          "col": 14,
          "expr": "github.token"
        }
      },
      {
        "key": {
          "type": 0,
          "file": 2,
          "line": 25,
          "col": 3,
          "lit": "ssh-key"
        },
        "value": ""
      },
      {
        "key": {
          "type": 0,
          "file": 2,
          "line": 37,
          "col": 3,
          "lit": "ssh-known-hosts"
        },
        "value": ""
      },
      {
        "key": {
          "type": 0,
          "file": 2,
          "line": 42,
          "col": 3,
          "lit": "ssh-strict"
        },
        "value": {
          "type": 0,
          "file": 2,
          "line": 47,
          "col": 14,
          "lit": "true"
        }
      },
      {
        "key": {
          "type": 0,
          "file": 2,
          "line": 48,
          "col": 3,
          "lit": "ssh-user"
        },
        "value": {
          "type": 0,
          "file": 2,
          "line": 51,
          "col": 14,
          "lit": "git"
        }
      },
      {
        "key": {
          "type": 0,
          "file": 2,
          "line": 52,
          "col": 3,
          "lit": "persist-credentials"
        },
        "value": {
          "type": 0,
          "file": 2,
          "line": 54,
          "col": 14,
          "lit": "true"
        }
      },
      {
        "key": {
          "type": 0,
          "file": 2,
          "line": 55,
          "col": 3,
          "lit": "path"
        },
        "value": ""
      },
      {
        "key": {
          "type": 0,
          "file": 2,
          "line": 57,
          "col": 3,
          "lit": "clean"
        },
        "value": {
          "type": 0,
          "file": 2,
          "line": 59,
          "col": 14,
          "lit": "true"
        }
      },
      {
        "key": {
          "type": 0,
          "file": 2,
          "line": 60,
          "col": 3,
          "lit": "filter"
        },
        "value": {
          "type": 0,
          "file": 2,
          "line": 64,
          "col": 14,
          "lit": ""
        }
      },
      {
        "key": {
          "type": 0,
          "file": 2,
          "line": 65,
          "col": 3,
          "lit": "sparse-checkout"
        },
        "value": {
          "type": 0,
          "file": 2,
          "line": 69,
          "col": 14,
          "lit": ""
        }
      },
      {
        "key": {
          "type": 0,
          "file": 2,
          "line": 70,
          "col": 3,
          "lit": "sparse-checkout-cone-mode"
        },
        "value": {
          "type": 0,
          "file": 2,
          "line": 73,
          "col": 14,
          "lit": "true"
        }
      },
      {
        "key": {
          "type": 0,
          "file": 2,
          "line": 74,
          "col": 3,
          "lit": "fetch-depth"
        },
        "value": {
          "type": 0,
          "file": 2,
          "line": 76,
          "col": 14,
          "lit": "1"
        }
      },
      {
        "key": {
          "type": 0,
          "file": 2,
          "line": 77,
          "col": 3,
          "lit": "fetch-tags"
        },
        "value": {
          "type": 0,
          "file": 2,
          "line": 79,
          "col": 14,
          "lit": "false"
        }
      },
      {
        "key": {
          "type": 0,
          "file": 2,
          "line": 80,
          "col": 3,
          "lit": "show-progress"
        },
        "value": {
          "type": 0,
          "file": 2,
          "line": 82,
          "col": 14,
          "lit": "true"
        }
      },
      {
        "key": {
          "type": 0,
          "file": 2,
          "line": 83,
          "col": 3,
          "lit": "lfs"
        },
        "value": {
          "type": 0,
          "file": 2,
          "line": 85,
          "col": 14,
          "lit": "false"
        }
      },
      {
        "key": {
          "type": 0,
          "file": 2,
          "line": 86,
          "col": 3,
          "lit": "submodules"
        },
        "value": {
          "type": 0,
          "file": 2,
          "line": 94,
          "col": 14,
          "lit": "false"
        }
      },
      {
        "key": {
          "type": 0,
          "file": 2,
          "line": 95,
          "col": 3,
          "lit": "set-safe-directory"
        },
        "value": {
          "type": 0,
          "file": 2,
          "line": 97,
          "col": 14,
          "lit": "true"
        }
      },
      {
        "key": {
          "type": 0,
          "file": 2,
          "line": 98,
          "col": 3,
          "lit": "github-server-url"
        },
        "value": ""
      }
    ]
  },
  "execution": {
    "executionType": "nodeJS",
    "hasPre": false,
    "hasPost": true,
    "script": "dist/index.js",
    "pre": null,
    "post": "dist/index.js",
    "nodeVersion": "node20",
    "cleanupCondition": "always()",
    "initCondition": "always()"
  },
  "deprecated": null
}
[2025-03-19 13:44:13Z INFO ActionManager] Action pre node.js file: N/A.
[2025-03-19 13:44:13Z INFO ActionManager] Action node.js file: dist/index.js.
[2025-03-19 13:44:13Z INFO ActionManager] Action post node.js file: dist/index.js.
[2025-03-19 13:44:13Z INFO HostContext] Well known directory 'Bin': '/home/jenny/tensorflow-mri/actions-runner/bin'
[2025-03-19 13:44:13Z INFO HostContext] Well known directory 'Root': '/home/jenny/tensorflow-mri/actions-runner'
[2025-03-19 13:44:13Z INFO HostContext] Well known directory 'Work': '/home/jenny/tensorflow-mri/actions-runner/_work'
[2025-03-19 13:44:13Z INFO HostContext] Well known directory 'Actions': '/home/jenny/tensorflow-mri/actions-runner/_work/_actions'
[2025-03-19 13:44:13Z INFO HostContext] Well known directory 'Bin': '/home/jenny/tensorflow-mri/actions-runner/bin'
[2025-03-19 13:44:13Z INFO HostContext] Well known directory 'Root': '/home/jenny/tensorflow-mri/actions-runner'
[2025-03-19 13:44:13Z INFO HostContext] Well known directory 'Work': '/home/jenny/tensorflow-mri/actions-runner/_work'
[2025-03-19 13:44:13Z INFO HostContext] Well known directory 'Actions': '/home/jenny/tensorflow-mri/actions-runner/_work/_actions'
[2025-03-19 13:44:13Z INFO ActionManifestManager] Ignore action property author.
[2025-03-19 13:44:13Z INFO ActionManifestManager] Loaded action.yml file: {
  "name": "Upload a Build Artifact",
  "description": "Upload a build artifact that can be used by subsequent workflow steps",
  "inputs": {
    "type": 2,
    "map": [
      {
        "key": {
          "type": 0,
          "file": 3,
          "line": 5,
          "col": 3,
          "lit": "name"
        },
        "value": {
          "type": 0,
          "file": 3,
          "line": 7,
          "col": 14,
          "lit": "artifact"
        }
      },
      {
        "key": {
          "type": 0,
          "file": 3,
          "line": 8,
          "col": 3,
          "lit": "path"
        },
        "value": ""
      },
      {
        "key": {
          "type": 0,
          "file": 3,
          "line": 11,
          "col": 3,
          "lit": "if-no-files-found"
        },
        "value": {
          "type": 0,
          "file": 3,
          "line": 19,
          "col": 14,
          "lit": "warn"
        }
      },
      {
        "key": {
          "type": 0,
          "file": 3,
          "line": 20,
          "col": 3,
          "lit": "retention-days"
        },
        "value": ""
      },
      {
        "key": {
          "type": 0,
          "file": 3,
          "line": 26,
          "col": 3,
          "lit": "compression-level"
        },
        "value": {
          "type": 0,
          "file": 3,
          "line": 36,
          "col": 14,
          "lit": "6"
        }
      },
      {
        "key": {
          "type": 0,
          "file": 3,
          "line": 37,
          "col": 3,
          "lit": "overwrite"
        },
        "value": {
          "type": 0,
          "file": 3,
          "line": 42,
          "col": 14,
          "lit": "false"
        }
      },
      {
        "key": {
          "type": 0,
          "file": 3,
          "line": 43,
          "col": 3,
          "lit": "include-hidden-files"
        },
        "value": {
          "type": 0,
          "file": 3,
          "line": 47,
          "col": 14,
          "lit": "false"
        }
      }
    ]
  },
  "execution": {
    "executionType": "nodeJS",
    "hasPre": false,
    "hasPost": false,
    "script": "dist/upload/index.js",
    "pre": null,
    "post": null,
    "nodeVersion": "node20",
    "cleanupCondition": "always()",
    "initCondition": "always()"
  },
  "deprecated": null
}
[2025-03-19 13:44:13Z INFO ActionManager] Action node.js file: dist/upload/index.js, no more preparation.
[2025-03-19 13:44:13Z INFO HostContext] Well known directory 'Bin': '/home/jenny/tensorflow-mri/actions-runner/bin'
[2025-03-19 13:44:13Z INFO HostContext] Well known directory 'Root': '/home/jenny/tensorflow-mri/actions-runner'
[2025-03-19 13:44:13Z INFO HostContext] Well known directory 'Work': '/home/jenny/tensorflow-mri/actions-runner/_work'
[2025-03-19 13:44:13Z INFO HostContext] Well known directory 'Actions': '/home/jenny/tensorflow-mri/actions-runner/_work/_actions'
[2025-03-19 13:44:13Z INFO ActionManager] Load action that reference repository from '/home/jenny/tensorflow-mri/actions-runner/_work/_actions/actions/upload-artifact/v4'
[2025-03-19 13:44:13Z INFO HostContext] Well known directory 'Bin': '/home/jenny/tensorflow-mri/actions-runner/bin'
[2025-03-19 13:44:13Z INFO HostContext] Well known directory 'Root': '/home/jenny/tensorflow-mri/actions-runner'
[2025-03-19 13:44:13Z INFO HostContext] Well known directory 'Work': '/home/jenny/tensorflow-mri/actions-runner/_work'
[2025-03-19 13:44:13Z INFO HostContext] Well known directory 'Actions': '/home/jenny/tensorflow-mri/actions-runner/_work/_actions'
[2025-03-19 13:44:13Z INFO ActionManifestManager] Ignore action property author.
[2025-03-19 13:44:13Z INFO ActionManifestManager] Loaded action.yml file: {
  "name": "Upload a Build Artifact",
  "description": "Upload a build artifact that can be used by subsequent workflow steps",
  "inputs": {
    "type": 2,
    "map": [
      {
        "key": {
          "type": 0,
          "file": 3,
          "line": 5,
          "col": 3,
          "lit": "name"
        },
        "value": {
          "type": 0,
          "file": 3,
          "line": 7,
          "col": 14,
          "lit": "artifact"
        }
      },
      {
        "key": {
          "type": 0,
          "file": 3,
          "line": 8,
          "col": 3,
          "lit": "path"
        },
        "value": ""
      },
      {
        "key": {
          "type": 0,
          "file": 3,
          "line": 11,
          "col": 3,
          "lit": "if-no-files-found"
        },
        "value": {
          "type": 0,
          "file": 3,
          "line": 19,
          "col": 14,
          "lit": "warn"
        }
      },
      {
        "key": {
          "type": 0,
          "file": 3,
          "line": 20,
          "col": 3,
          "lit": "retention-days"
        },
        "value": ""
      },
      {
        "key": {
          "type": 0,
          "file": 3,
          "line": 26,
          "col": 3,
          "lit": "compression-level"
        },
        "value": {
          "type": 0,
          "file": 3,
          "line": 36,
          "col": 14,
          "lit": "6"
        }
      },
      {
        "key": {
          "type": 0,
          "file": 3,
          "line": 37,
          "col": 3,
          "lit": "overwrite"
        },
        "value": {
          "type": 0,
          "file": 3,
          "line": 42,
          "col": 14,
          "lit": "false"
        }
      },
      {
        "key": {
          "type": 0,
          "file": 3,
          "line": 43,
          "col": 3,
          "lit": "include-hidden-files"
        },
        "value": {
          "type": 0,
          "file": 3,
          "line": 47,
          "col": 14,
          "lit": "false"
        }
      }
    ]
  },
  "execution": {
    "executionType": "nodeJS",
    "hasPre": false,
    "hasPost": false,
    "script": "dist/upload/index.js",
    "pre": null,
    "post": null,
    "nodeVersion": "node20",
    "cleanupCondition": "always()",
    "initCondition": "always()"
  },
  "deprecated": null
}
[2025-03-19 13:44:13Z INFO ActionManager] Action pre node.js file: N/A.
[2025-03-19 13:44:13Z INFO ActionManager] Action node.js file: dist/upload/index.js.
[2025-03-19 13:44:13Z INFO ActionManager] Action post node.js file: N/A.
[2025-03-19 13:44:13Z INFO HostContext] Well known directory 'Bin': '/home/jenny/tensorflow-mri/actions-runner/bin'
[2025-03-19 13:44:13Z INFO HostContext] Well known directory 'Root': '/home/jenny/tensorflow-mri/actions-runner'
[2025-03-19 13:44:13Z INFO HostContext] Well known directory 'Work': '/home/jenny/tensorflow-mri/actions-runner/_work'
[2025-03-19 13:44:13Z INFO HostContext] Well known directory 'Actions': '/home/jenny/tensorflow-mri/actions-runner/_work/_actions'
[2025-03-19 13:44:13Z INFO HostContext] Well known directory 'Bin': '/home/jenny/tensorflow-mri/actions-runner/bin'
[2025-03-19 13:44:13Z INFO HostContext] Well known directory 'Root': '/home/jenny/tensorflow-mri/actions-runner'
[2025-03-19 13:44:13Z INFO HostContext] Well known directory 'Work': '/home/jenny/tensorflow-mri/actions-runner/_work'
[2025-03-19 13:44:13Z INFO HostContext] Well known directory 'Actions': '/home/jenny/tensorflow-mri/actions-runner/_work/_actions'
[2025-03-19 13:44:13Z INFO ActionManifestManager] Ignore action property author.
[2025-03-19 13:44:13Z INFO ActionManifestManager] Loaded action.yml file: {
  "name": "Upload a Build Artifact",
  "description": "Upload a build artifact that can be used by subsequent workflow steps",
  "inputs": {
    "type": 2,
    "map": [
      {
        "key": {
          "type": 0,
          "file": 3,
          "line": 5,
          "col": 3,
          "lit": "name"
        },
        "value": {
          "type": 0,
          "file": 3,
          "line": 7,
          "col": 14,
          "lit": "artifact"
        }
      },
      {
        "key": {
          "type": 0,
          "file": 3,
          "line": 8,
          "col": 3,
          "lit": "path"
        },
        "value": ""
      },
      {
        "key": {
          "type": 0,
          "file": 3,
          "line": 11,
          "col": 3,
          "lit": "if-no-files-found"
        },
        "value": {
          "type": 0,
          "file": 3,
          "line": 19,
          "col": 14,
          "lit": "warn"
        }
      },
      {
        "key": {
          "type": 0,
          "file": 3,
          "line": 20,
          "col": 3,
          "lit": "retention-days"
        },
        "value": ""
      },
      {
        "key": {
          "type": 0,
          "file": 3,
          "line": 26,
          "col": 3,
          "lit": "compression-level"
        },
        "value": {
          "type": 0,
          "file": 3,
          "line": 36,
          "col": 14,
          "lit": "6"
        }
      },
      {
        "key": {
          "type": 0,
          "file": 3,
          "line": 37,
          "col": 3,
          "lit": "overwrite"
        },
        "value": {
          "type": 0,
          "file": 3,
          "line": 42,
          "col": 14,
          "lit": "false"
        }
      },
      {
        "key": {
          "type": 0,
          "file": 3,
          "line": 43,
          "col": 3,
          "lit": "include-hidden-files"
        },
        "value": {
          "type": 0,
          "file": 3,
          "line": 47,
          "col": 14,
          "lit": "false"
        }
      }
    ]
  },
  "execution": {
    "executionType": "nodeJS",
    "hasPre": false,
    "hasPost": false,
    "script": "dist/upload/index.js",
    "pre": null,
    "post": null,
    "nodeVersion": "node20",
    "cleanupCondition": "always()",
    "initCondition": "always()"
  },
  "deprecated": null
}
[2025-03-19 13:44:13Z INFO ActionManager] Action node.js file: dist/upload/index.js, no more preparation.
[2025-03-19 13:44:13Z INFO HostContext] Well known directory 'Bin': '/home/jenny/tensorflow-mri/actions-runner/bin'
[2025-03-19 13:44:13Z INFO HostContext] Well known directory 'Root': '/home/jenny/tensorflow-mri/actions-runner'
[2025-03-19 13:44:13Z INFO HostContext] Well known directory 'Work': '/home/jenny/tensorflow-mri/actions-runner/_work'
[2025-03-19 13:44:13Z INFO HostContext] Well known directory 'Actions': '/home/jenny/tensorflow-mri/actions-runner/_work/_actions'
[2025-03-19 13:44:13Z INFO ActionManager] Load action that reference repository from '/home/jenny/tensorflow-mri/actions-runner/_work/_actions/actions/upload-artifact/v4'
[2025-03-19 13:44:13Z INFO HostContext] Well known directory 'Bin': '/home/jenny/tensorflow-mri/actions-runner/bin'
[2025-03-19 13:44:13Z INFO HostContext] Well known directory 'Root': '/home/jenny/tensorflow-mri/actions-runner'
[2025-03-19 13:44:13Z INFO HostContext] Well known directory 'Work': '/home/jenny/tensorflow-mri/actions-runner/_work'
[2025-03-19 13:44:13Z INFO HostContext] Well known directory 'Actions': '/home/jenny/tensorflow-mri/actions-runner/_work/_actions'
[2025-03-19 13:44:13Z INFO ActionManifestManager] Ignore action property author.
[2025-03-19 13:44:13Z INFO ActionManifestManager] Loaded action.yml file: {
  "name": "Upload a Build Artifact",
  "description": "Upload a build artifact that can be used by subsequent workflow steps",
  "inputs": {
    "type": 2,
    "map": [
      {
        "key": {
          "type": 0,
          "file": 3,
          "line": 5,
          "col": 3,
          "lit": "name"
        },
        "value": {
          "type": 0,
          "file": 3,
          "line": 7,
          "col": 14,
          "lit": "artifact"
        }
      },
      {
        "key": {
          "type": 0,
          "file": 3,
          "line": 8,
          "col": 3,
          "lit": "path"
        },
        "value": ""
      },
      {
        "key": {
          "type": 0,
          "file": 3,
          "line": 11,
          "col": 3,
          "lit": "if-no-files-found"
        },
        "value": {
          "type": 0,
          "file": 3,
          "line": 19,
          "col": 14,
          "lit": "warn"
        }
      },
      {
        "key": {
          "type": 0,
          "file": 3,
          "line": 20,
          "col": 3,
          "lit": "retention-days"
        },
        "value": ""
      },
      {
        "key": {
          "type": 0,
          "file": 3,
          "line": 26,
          "col": 3,
          "lit": "compression-level"
        },
        "value": {
          "type": 0,
          "file": 3,
          "line": 36,
          "col": 14,
          "lit": "6"
        }
      },
      {
        "key": {
          "type": 0,
          "file": 3,
          "line": 37,
          "col": 3,
          "lit": "overwrite"
        },
        "value": {
          "type": 0,
          "file": 3,
          "line": 42,
          "col": 14,
          "lit": "false"
        }
      },
      {
        "key": {
          "type": 0,
          "file": 3,
          "line": 43,
          "col": 3,
          "lit": "include-hidden-files"
        },
        "value": {
          "type": 0,
          "file": 3,
          "line": 47,
          "col": 14,
          "lit": "false"
        }
      }
    ]
  },
  "execution": {
    "executionType": "nodeJS",
    "hasPre": false,
    "hasPost": false,
    "script": "dist/upload/index.js",
    "pre": null,
    "post": null,
    "nodeVersion": "node20",
    "cleanupCondition": "always()",
    "initCondition": "always()"
  },
  "deprecated": null
}
[2025-03-19 13:44:13Z INFO ActionManager] Action pre node.js file: N/A.
[2025-03-19 13:44:13Z INFO ActionManager] Action node.js file: dist/upload/index.js.
[2025-03-19 13:44:13Z INFO ActionManager] Action post node.js file: N/A.
[2025-03-19 13:44:13Z INFO HostContext] Well known directory 'Bin': '/home/jenny/tensorflow-mri/actions-runner/bin'
[2025-03-19 13:44:13Z INFO HostContext] Well known directory 'Root': '/home/jenny/tensorflow-mri/actions-runner'
[2025-03-19 13:44:13Z INFO HostContext] Well known directory 'Work': '/home/jenny/tensorflow-mri/actions-runner/_work'
[2025-03-19 13:44:13Z INFO HostContext] Well known directory 'Actions': '/home/jenny/tensorflow-mri/actions-runner/_work/_actions'
[2025-03-19 13:44:13Z INFO HostContext] Well known directory 'Bin': '/home/jenny/tensorflow-mri/actions-runner/bin'
[2025-03-19 13:44:13Z INFO HostContext] Well known directory 'Root': '/home/jenny/tensorflow-mri/actions-runner'
[2025-03-19 13:44:13Z INFO HostContext] Well known directory 'Work': '/home/jenny/tensorflow-mri/actions-runner/_work'
[2025-03-19 13:44:13Z INFO HostContext] Well known directory 'Actions': '/home/jenny/tensorflow-mri/actions-runner/_work/_actions'
[2025-03-19 13:44:13Z INFO ActionManifestManager] Ignore action property branding.
[2025-03-19 13:44:13Z INFO ActionManifestManager] Loaded action.yml file: {
  "name": "pypi-publish",
  "description": "Upload Python distribution packages to PyPI",
  "inputs": {
    "type": 2,
    "map": [
      {
        "key": {
          "type": 0,
          "file": 4,
          "line": 5,
          "col": 3,
          "lit": "user"
        },
        "value": {
          "type": 0,
          "file": 4,
          "line": 8,
          "col": 14,
          "lit": "__token__"
        }
      },
      {
        "key": {
          "type": 0,
          "file": 4,
          "line": 9,
          "col": 3,
          "lit": "password"
        },
        "value": ""
      },
      {
        "key": {
          "type": 0,
          "file": 4,
          "line": 12,
          "col": 3,
          "lit": "repository-url"
        },
        "value": ""
      },
      {
        "key": {
          "type": 0,
          "file": 4,
          "line": 15,
          "col": 3,
          "lit": "repository_url"
        },
        "value": ""
      },
      {
        "key": {
          "type": 0,
          "file": 4,
          "line": 23,
          "col": 3,
          "lit": "packages-dir"
        },
        "value": ""
      },
      {
        "key": {
          "type": 0,
          "file": 4,
          "line": 27,
          "col": 3,
          "lit": "packages_dir"
        },
        "value": {
          "type": 0,
          "file": 4,
          "line": 35,
          "col": 14,
          "lit": "dist"
        }
      },
      {
        "key": {
          "type": 0,
          "file": 4,
          "line": 36,
          "col": 3,
          "lit": "verify-metadata"
        },
        "value": ""
      },
      {
        "key": {
          "type": 0,
          "file": 4,
          "line": 40,
          "col": 3,
          "lit": "verify_metadata"
        },
        "value": {
          "type": 0,
          "file": 4,
          "line": 48,
          "col": 14,
          "lit": "true"
        }
      },
      {
        "key": {
          "type": 0,
          "file": 4,
          "line": 49,
          "col": 3,
          "lit": "skip-existing"
        },
        "value": ""
      },
      {
        "key": {
          "type": 0,
          "file": 4,
          "line": 55,
          "col": 3,
          "lit": "skip_existing"
        },
        "value": {
          "type": 0,
          "file": 4,
          "line": 64,
          "col": 14,
          "lit": "false"
        }
      },
      {
        "key": {
          "type": 0,
          "file": 4,
          "line": 65,
          "col": 3,
          "lit": "verbose"
        },
        "value": {
          "type": 0,
          "file": 4,
          "line": 68,
          "col": 14,
          "lit": "false"
        }
      },
      {
        "key": {
          "type": 0,
          "file": 4,
          "line": 69,
          "col": 3,
          "lit": "print-hash"
        },
        "value": ""
      },
      {
        "key": {
          "type": 0,
          "file": 4,
          "line": 73,
          "col": 3,
          "lit": "print_hash"
        },
        "value": {
          "type": 0,
          "file": 4,
          "line": 81,
          "col": 14,
          "lit": "false"
        }
      }
    ]
  },
  "execution": {
    "executionType": "container",
    "hasPre": false,
    "hasPost": false,
    "image": "Dockerfile",
    "entryPoint": null,
    "arguments": {
      "type": 1,
      "file": 4,
      "line": 89,
      "col": 3,
      "seq": [
        {
          "type": 3,
          "file": 4,
          "line": 89,
          "col": 5,
          "expr": "inputs.user"
        },
        {
          "type": 3,
          "file": 4,
          "line": 90,
          "col": 5,
          "expr": "inputs.password"
        },
        {
          "type": 3,
          "file": 4,
          "line": 91,
          "col": 5,
          "expr": "inputs.repository-url"
        },
        {
          "type": 3,
          "file": 4,
          "line": 92,
          "col": 5,
          "expr": "inputs.packages-dir"
        },
        {
          "type": 3,
          "file": 4,
          "line": 93,
          "col": 5,
          "expr": "inputs.verify-metadata"
        },
        {
          "type": 3,
          "file": 4,
          "line": 94,
          "col": 5,
          "expr": "inputs.skip-existing"
        },
        {
          "type": 3,
          "file": 4,
          "line": 95,
          "col": 5,
          "expr": "inputs.verbose"
        },
        {
          "type": 3,
          "file": 4,
          "line": 96,
          "col": 5,
          "expr": "inputs.print-hash"
        }
      ]
    },
    "environment": null,
    "pre": null,
    "post": null,
    "cleanupCondition": "always()",
    "initCondition": "always()"
  },
  "deprecated": {
    "repository_url": "The inputs have been normalized to use kebab-case. Use `repository-url` instead.",
    "packages_dir": "The inputs have been normalized to use kebab-case. Use `packages-dir` instead.",
    "verify_metadata": "The inputs have been normalized to use kebab-case. Use `verify-metadata` instead.",
    "skip_existing": "The inputs have been normalized to use kebab-case. Use `skip-existing` instead.",
    "print_hash": "The inputs have been normalized to use kebab-case. Use `print-hash` instead."
  }
}
[2025-03-19 13:44:13Z INFO ActionManager] Action __pypa_gh-action-pypi-publish (3d80d7f9-3514-4531-bcc2-dd9fe49bd9af) from repository 'pypa/gh-action-pypi-publish@release/v1.7' needs to build image '/home/jenny/tensorflow-mri/actions-runner/_work/_actions/pypa/gh-action-pypi-publish/release/v1.7/Dockerfile'
[2025-03-19 13:44:13Z INFO HostContext] Well known directory 'Bin': '/home/jenny/tensorflow-mri/actions-runner/bin'
[2025-03-19 13:44:13Z INFO HostContext] Well known directory 'Root': '/home/jenny/tensorflow-mri/actions-runner'
[2025-03-19 13:44:13Z INFO HostContext] Well known directory 'Work': '/home/jenny/tensorflow-mri/actions-runner/_work'
[2025-03-19 13:44:13Z INFO HostContext] Well known directory 'Actions': '/home/jenny/tensorflow-mri/actions-runner/_work/_actions'
[2025-03-19 13:44:13Z INFO ActionManager] Load action that reference repository from '/home/jenny/tensorflow-mri/actions-runner/_work/_actions/pypa/gh-action-pypi-publish/release/v1.7'
[2025-03-19 13:44:13Z INFO HostContext] Well known directory 'Bin': '/home/jenny/tensorflow-mri/actions-runner/bin'
[2025-03-19 13:44:13Z INFO HostContext] Well known directory 'Root': '/home/jenny/tensorflow-mri/actions-runner'
[2025-03-19 13:44:13Z INFO HostContext] Well known directory 'Work': '/home/jenny/tensorflow-mri/actions-runner/_work'
[2025-03-19 13:44:13Z INFO HostContext] Well known directory 'Actions': '/home/jenny/tensorflow-mri/actions-runner/_work/_actions'
[2025-03-19 13:44:13Z INFO ActionManifestManager] Ignore action property branding.
[2025-03-19 13:44:13Z INFO ActionManifestManager] Loaded action.yml file: {
  "name": "pypi-publish",
  "description": "Upload Python distribution packages to PyPI",
  "inputs": {
    "type": 2,
    "map": [
      {
        "key": {
          "type": 0,
          "file": 4,
          "line": 5,
          "col": 3,
          "lit": "user"
        },
        "value": {
          "type": 0,
          "file": 4,
          "line": 8,
          "col": 14,
          "lit": "__token__"
        }
      },
      {
        "key": {
          "type": 0,
          "file": 4,
          "line": 9,
          "col": 3,
          "lit": "password"
        },
        "value": ""
      },
      {
        "key": {
          "type": 0,
          "file": 4,
          "line": 12,
          "col": 3,
          "lit": "repository-url"
        },
        "value": ""
      },
      {
        "key": {
          "type": 0,
          "file": 4,
          "line": 15,
          "col": 3,
          "lit": "repository_url"
        },
        "value": ""
      },
      {
        "key": {
          "type": 0,
          "file": 4,
          "line": 23,
          "col": 3,
          "lit": "packages-dir"
        },
        "value": ""
      },
      {
        "key": {
          "type": 0,
          "file": 4,
          "line": 27,
          "col": 3,
          "lit": "packages_dir"
        },
        "value": {
          "type": 0,
          "file": 4,
          "line": 35,
          "col": 14,
          "lit": "dist"
        }
      },
      {
        "key": {
          "type": 0,
          "file": 4,
          "line": 36,
          "col": 3,
          "lit": "verify-metadata"
        },
        "value": ""
      },
      {
        "key": {
          "type": 0,
          "file": 4,
          "line": 40,
          "col": 3,
          "lit": "verify_metadata"
        },
        "value": {
          "type": 0,
          "file": 4,
          "line": 48,
          "col": 14,
          "lit": "true"
        }
      },
      {
        "key": {
          "type": 0,
          "file": 4,
          "line": 49,
          "col": 3,
          "lit": "skip-existing"
        },
        "value": ""
      },
      {
        "key": {
          "type": 0,
          "file": 4,
          "line": 55,
          "col": 3,
          "lit": "skip_existing"
        },
        "value": {
          "type": 0,
          "file": 4,
          "line": 64,
          "col": 14,
          "lit": "false"
        }
      },
      {
        "key": {
          "type": 0,
          "file": 4,
          "line": 65,
          "col": 3,
          "lit": "verbose"
        },
        "value": {
          "type": 0,
          "file": 4,
          "line": 68,
          "col": 14,
          "lit": "false"
        }
      },
      {
        "key": {
          "type": 0,
          "file": 4,
          "line": 69,
          "col": 3,
          "lit": "print-hash"
        },
        "value": ""
      },
      {
        "key": {
          "type": 0,
          "file": 4,
          "line": 73,
          "col": 3,
          "lit": "print_hash"
        },
        "value": {
          "type": 0,
          "file": 4,
          "line": 81,
          "col": 14,
          "lit": "false"
        }
      }
    ]
  },
  "execution": {
    "executionType": "container",
    "hasPre": false,
    "hasPost": false,
    "image": "Dockerfile",
    "entryPoint": null,
    "arguments": {
      "type": 1,
      "file": 4,
      "line": 89,
      "col": 3,
      "seq": [
        {
          "type": 3,
          "file": 4,
          "line": 89,
          "col": 5,
          "expr": "inputs.user"
        },
        {
          "type": 3,
          "file": 4,
          "line": 90,
          "col": 5,
          "expr": "inputs.password"
        },
        {
          "type": 3,
          "file": 4,
          "line": 91,
          "col": 5,
          "expr": "inputs.repository-url"
        },
        {
          "type": 3,
          "file": 4,
          "line": 92,
          "col": 5,
          "expr": "inputs.packages-dir"
        },
        {
          "type": 3,
          "file": 4,
          "line": 93,
          "col": 5,
          "expr": "inputs.verify-metadata"
        },
        {
          "type": 3,
          "file": 4,
          "line": 94,
          "col": 5,
          "expr": "inputs.skip-existing"
        },
        {
          "type": 3,
          "file": 4,
          "line": 95,
          "col": 5,
          "expr": "inputs.verbose"
        },
        {
          "type": 3,
          "file": 4,
          "line": 96,
          "col": 5,
          "expr": "inputs.print-hash"
        }
      ]
    },
    "environment": null,
    "pre": null,
    "post": null,
    "cleanupCondition": "always()",
    "initCondition": "always()"
  },
  "deprecated": {
    "repository_url": "The inputs have been normalized to use kebab-case. Use `repository-url` instead.",
    "packages_dir": "The inputs have been normalized to use kebab-case. Use `packages-dir` instead.",
    "verify_metadata": "The inputs have been normalized to use kebab-case. Use `verify-metadata` instead.",
    "skip_existing": "The inputs have been normalized to use kebab-case. Use `skip-existing` instead.",
    "print_hash": "The inputs have been normalized to use kebab-case. Use `print-hash` instead."
  }
}
[2025-03-19 13:44:13Z INFO ActionManager] Action container Dockerfile/image: Dockerfile.
[2025-03-19 13:44:13Z INFO ActionManager] Action container args:  {
  "type": 1,
  "file": 4,
  "line": 89,
  "col": 3,
  "seq": [
    {
      "type": 3,
      "file": 4,
      "line": 89,
      "col": 5,
      "expr": "inputs.user"
    },
    {
      "type": 3,
      "file": 4,
      "line": 90,
      "col": 5,
      "expr": "inputs.password"
    },
    {
      "type": 3,
      "file": 4,
      "line": 91,
      "col": 5,
      "expr": "inputs.repository-url"
    },
    {
      "type": 3,
      "file": 4,
      "line": 92,
      "col": 5,
      "expr": "inputs.packages-dir"
    },
    {
      "type": 3,
      "file": 4,
      "line": 93,
      "col": 5,
      "expr": "inputs.verify-metadata"
    },
    {
      "type": 3,
      "file": 4,
      "line": 94,
      "col": 5,
      "expr": "inputs.skip-existing"
    },
    {
      "type": 3,
      "file": 4,
      "line": 95,
      "col": 5,
      "expr": "inputs.verbose"
    },
    {
      "type": 3,
      "file": 4,
      "line": 96,
      "col": 5,
      "expr": "inputs.print-hash"
    }
  ]
}.
[2025-03-19 13:44:13Z INFO ActionManager] 1 steps need to build image from '/home/jenny/tensorflow-mri/actions-runner/_work/_actions/pypa/gh-action-pypi-publish/release/v1.7/Dockerfile'
[2025-03-19 13:44:13Z INFO DockerCommandManager] Which2: 'docker'
[2025-03-19 13:44:13Z INFO DockerCommandManager] Location: '/usr/bin/docker'
[2025-03-19 13:44:13Z INFO HostContext] Well known directory 'Bin': '/home/jenny/tensorflow-mri/actions-runner/bin'
[2025-03-19 13:44:13Z INFO HostContext] Well known directory 'Root': '/home/jenny/tensorflow-mri/actions-runner'
[2025-03-19 13:44:13Z INFO JobExtension] Adding .
[2025-03-19 13:44:13Z INFO JobExtension] Adding .
[2025-03-19 13:44:13Z INFO JobExtension] Adding .
[2025-03-19 13:44:13Z INFO JobExtension] Adding .
[2025-03-19 13:44:13Z INFO JobExtension] Adding .
[2025-03-19 13:44:13Z INFO JobExtension] Adding .
[2025-03-19 13:44:13Z INFO JobExtension] Adding .
[2025-03-19 13:44:13Z INFO JobExtension] Adding .
[2025-03-19 13:44:13Z INFO JobExtension] Adding .
[2025-03-19 13:44:13Z INFO JobExtension] Adding .
[2025-03-19 13:44:13Z INFO JobExtension] Adding .
[2025-03-19 13:44:13Z INFO JobExtension] Adding .
[2025-03-19 13:44:13Z INFO JobExtension] Adding .
[2025-03-19 13:44:13Z INFO HostContext] Well known directory 'Bin': '/home/jenny/tensorflow-mri/actions-runner/bin'
[2025-03-19 13:44:13Z INFO HostContext] Well known directory 'Root': '/home/jenny/tensorflow-mri/actions-runner'
[2025-03-19 13:44:13Z INFO HostContext] Well known directory 'Diag': '/home/jenny/tensorflow-mri/actions-runner/_diag'
[2025-03-19 13:44:13Z INFO HostContext] Well known directory 'Bin': '/home/jenny/tensorflow-mri/actions-runner/bin'
[2025-03-19 13:44:13Z INFO HostContext] Well known directory 'Root': '/home/jenny/tensorflow-mri/actions-runner'
[2025-03-19 13:44:13Z INFO HostContext] Well known directory 'Diag': '/home/jenny/tensorflow-mri/actions-runner/_diag'
[2025-03-19 13:44:13Z INFO HostContext] Well known directory 'Bin': '/home/jenny/tensorflow-mri/actions-runner/bin'
[2025-03-19 13:44:13Z INFO HostContext] Well known directory 'Root': '/home/jenny/tensorflow-mri/actions-runner'
[2025-03-19 13:44:13Z INFO HostContext] Well known directory 'Diag': '/home/jenny/tensorflow-mri/actions-runner/_diag'
[2025-03-19 13:44:13Z INFO HostContext] Well known directory 'Bin': '/home/jenny/tensorflow-mri/actions-runner/bin'
[2025-03-19 13:44:13Z INFO HostContext] Well known directory 'Root': '/home/jenny/tensorflow-mri/actions-runner'
[2025-03-19 13:44:13Z INFO HostContext] Well known directory 'Diag': '/home/jenny/tensorflow-mri/actions-runner/_diag'
[2025-03-19 13:44:13Z INFO HostContext] Well known directory 'Bin': '/home/jenny/tensorflow-mri/actions-runner/bin'
[2025-03-19 13:44:13Z INFO HostContext] Well known directory 'Root': '/home/jenny/tensorflow-mri/actions-runner'
[2025-03-19 13:44:13Z INFO HostContext] Well known directory 'Diag': '/home/jenny/tensorflow-mri/actions-runner/_diag'
[2025-03-19 13:44:13Z INFO HostContext] Well known directory 'Bin': '/home/jenny/tensorflow-mri/actions-runner/bin'
[2025-03-19 13:44:13Z INFO HostContext] Well known directory 'Root': '/home/jenny/tensorflow-mri/actions-runner'
[2025-03-19 13:44:13Z INFO HostContext] Well known directory 'Diag': '/home/jenny/tensorflow-mri/actions-runner/_diag'
[2025-03-19 13:44:13Z INFO HostContext] Well known directory 'Bin': '/home/jenny/tensorflow-mri/actions-runner/bin'
[2025-03-19 13:44:13Z INFO HostContext] Well known directory 'Root': '/home/jenny/tensorflow-mri/actions-runner'
[2025-03-19 13:44:13Z INFO HostContext] Well known directory 'Diag': '/home/jenny/tensorflow-mri/actions-runner/_diag'
[2025-03-19 13:44:13Z INFO HostContext] Well known directory 'Bin': '/home/jenny/tensorflow-mri/actions-runner/bin'
[2025-03-19 13:44:13Z INFO HostContext] Well known directory 'Root': '/home/jenny/tensorflow-mri/actions-runner'
[2025-03-19 13:44:13Z INFO HostContext] Well known directory 'Diag': '/home/jenny/tensorflow-mri/actions-runner/_diag'
[2025-03-19 13:44:13Z INFO HostContext] Well known directory 'Bin': '/home/jenny/tensorflow-mri/actions-runner/bin'
[2025-03-19 13:44:13Z INFO HostContext] Well known directory 'Root': '/home/jenny/tensorflow-mri/actions-runner'
[2025-03-19 13:44:13Z INFO HostContext] Well known directory 'Diag': '/home/jenny/tensorflow-mri/actions-runner/_diag'
[2025-03-19 13:44:13Z INFO HostContext] Well known directory 'Bin': '/home/jenny/tensorflow-mri/actions-runner/bin'
[2025-03-19 13:44:13Z INFO HostContext] Well known directory 'Root': '/home/jenny/tensorflow-mri/actions-runner'
[2025-03-19 13:44:13Z INFO HostContext] Well known directory 'Diag': '/home/jenny/tensorflow-mri/actions-runner/_diag'
[2025-03-19 13:44:13Z INFO HostContext] Well known directory 'Bin': '/home/jenny/tensorflow-mri/actions-runner/bin'
[2025-03-19 13:44:13Z INFO HostContext] Well known directory 'Root': '/home/jenny/tensorflow-mri/actions-runner'
[2025-03-19 13:44:13Z INFO HostContext] Well known directory 'Diag': '/home/jenny/tensorflow-mri/actions-runner/_diag'
[2025-03-19 13:44:13Z INFO HostContext] Well known directory 'Bin': '/home/jenny/tensorflow-mri/actions-runner/bin'
[2025-03-19 13:44:13Z INFO HostContext] Well known directory 'Root': '/home/jenny/tensorflow-mri/actions-runner'
[2025-03-19 13:44:13Z INFO HostContext] Well known directory 'Diag': '/home/jenny/tensorflow-mri/actions-runner/_diag'
[2025-03-19 13:44:13Z INFO HostContext] Well known directory 'Bin': '/home/jenny/tensorflow-mri/actions-runner/bin'
[2025-03-19 13:44:13Z INFO HostContext] Well known directory 'Root': '/home/jenny/tensorflow-mri/actions-runner'
[2025-03-19 13:44:13Z INFO HostContext] Well known directory 'Diag': '/home/jenny/tensorflow-mri/actions-runner/_diag'
[2025-03-19 13:44:13Z INFO HostContext] Well known directory 'Bin': '/home/jenny/tensorflow-mri/actions-runner/bin'
[2025-03-19 13:44:13Z INFO HostContext] Well known directory 'Root': '/home/jenny/tensorflow-mri/actions-runner'
[2025-03-19 13:44:13Z INFO HostContext] Well known directory 'Diag': '/home/jenny/tensorflow-mri/actions-runner/_diag'
[2025-03-19 13:44:13Z INFO HostContext] Well known directory 'Bin': '/home/jenny/tensorflow-mri/actions-runner/bin'
[2025-03-19 13:44:13Z INFO HostContext] Well known directory 'Root': '/home/jenny/tensorflow-mri/actions-runner'
[2025-03-19 13:44:13Z INFO HostContext] Well known directory 'Diag': '/home/jenny/tensorflow-mri/actions-runner/_diag'
[2025-03-19 13:44:13Z INFO HostContext] Well known directory 'Bin': '/home/jenny/tensorflow-mri/actions-runner/bin'
[2025-03-19 13:44:13Z INFO HostContext] Well known directory 'Root': '/home/jenny/tensorflow-mri/actions-runner'
[2025-03-19 13:44:13Z INFO HostContext] Well known directory 'Diag': '/home/jenny/tensorflow-mri/actions-runner/_diag'
[2025-03-19 13:44:13Z INFO HostContext] Well known directory 'Bin': '/home/jenny/tensorflow-mri/actions-runner/bin'
[2025-03-19 13:44:13Z INFO HostContext] Well known directory 'Root': '/home/jenny/tensorflow-mri/actions-runner'
[2025-03-19 13:44:13Z INFO HostContext] Well known directory 'Diag': '/home/jenny/tensorflow-mri/actions-runner/_diag'
[2025-03-19 13:44:13Z INFO HostContext] Well known directory 'Bin': '/home/jenny/tensorflow-mri/actions-runner/bin'
[2025-03-19 13:44:13Z INFO HostContext] Well known directory 'Root': '/home/jenny/tensorflow-mri/actions-runner'
[2025-03-19 13:44:13Z INFO HostContext] Well known directory 'Diag': '/home/jenny/tensorflow-mri/actions-runner/_diag'
[2025-03-19 13:44:13Z INFO HostContext] Well known directory 'Bin': '/home/jenny/tensorflow-mri/actions-runner/bin'
[2025-03-19 13:44:13Z INFO HostContext] Well known directory 'Root': '/home/jenny/tensorflow-mri/actions-runner'
[2025-03-19 13:44:13Z INFO HostContext] Well known directory 'Diag': '/home/jenny/tensorflow-mri/actions-runner/_diag'
[2025-03-19 13:44:13Z INFO HostContext] Well known directory 'Bin': '/home/jenny/tensorflow-mri/actions-runner/bin'
[2025-03-19 13:44:13Z INFO HostContext] Well known directory 'Root': '/home/jenny/tensorflow-mri/actions-runner'
[2025-03-19 13:44:13Z INFO HostContext] Well known directory 'Diag': '/home/jenny/tensorflow-mri/actions-runner/_diag'
[2025-03-19 13:44:13Z INFO HostContext] Well known directory 'Bin': '/home/jenny/tensorflow-mri/actions-runner/bin'
[2025-03-19 13:44:13Z INFO HostContext] Well known directory 'Root': '/home/jenny/tensorflow-mri/actions-runner'
[2025-03-19 13:44:13Z INFO HostContext] Well known directory 'Diag': '/home/jenny/tensorflow-mri/actions-runner/_diag'
[2025-03-19 13:44:13Z INFO HostContext] Well known directory 'Bin': '/home/jenny/tensorflow-mri/actions-runner/bin'
[2025-03-19 13:44:13Z INFO HostContext] Well known directory 'Root': '/home/jenny/tensorflow-mri/actions-runner'
[2025-03-19 13:44:13Z INFO HostContext] Well known directory 'Diag': '/home/jenny/tensorflow-mri/actions-runner/_diag'
[2025-03-19 13:44:13Z INFO HostContext] Well known directory 'Bin': '/home/jenny/tensorflow-mri/actions-runner/bin'
[2025-03-19 13:44:13Z INFO HostContext] Well known directory 'Root': '/home/jenny/tensorflow-mri/actions-runner'
[2025-03-19 13:44:13Z INFO HostContext] Well known directory 'Diag': '/home/jenny/tensorflow-mri/actions-runner/_diag'
[2025-03-19 13:44:13Z INFO HostContext] Well known directory 'Bin': '/home/jenny/tensorflow-mri/actions-runner/bin'
[2025-03-19 13:44:13Z INFO HostContext] Well known directory 'Root': '/home/jenny/tensorflow-mri/actions-runner'
[2025-03-19 13:44:13Z INFO HostContext] Well known directory 'Diag': '/home/jenny/tensorflow-mri/actions-runner/_diag'
[2025-03-19 13:44:13Z INFO HostContext] Well known directory 'Bin': '/home/jenny/tensorflow-mri/actions-runner/bin'
[2025-03-19 13:44:13Z INFO HostContext] Well known directory 'Root': '/home/jenny/tensorflow-mri/actions-runner'
[2025-03-19 13:44:13Z INFO HostContext] Well known directory 'Diag': '/home/jenny/tensorflow-mri/actions-runner/_diag'
[2025-03-19 13:44:13Z INFO HostContext] Well known directory 'Bin': '/home/jenny/tensorflow-mri/actions-runner/bin'
[2025-03-19 13:44:13Z INFO HostContext] Well known directory 'Root': '/home/jenny/tensorflow-mri/actions-runner'
[2025-03-19 13:44:13Z INFO HostContext] Well known directory 'Diag': '/home/jenny/tensorflow-mri/actions-runner/_diag'
[2025-03-19 13:44:13Z INFO HostContext] Well known directory 'Bin': '/home/jenny/tensorflow-mri/actions-runner/bin'
[2025-03-19 13:44:13Z INFO HostContext] Well known directory 'Root': '/home/jenny/tensorflow-mri/actions-runner'
[2025-03-19 13:44:13Z INFO HostContext] Well known directory 'Diag': '/home/jenny/tensorflow-mri/actions-runner/_diag'
[2025-03-19 13:44:13Z INFO HostContext] Well known directory 'Bin': '/home/jenny/tensorflow-mri/actions-runner/bin'
[2025-03-19 13:44:13Z INFO HostContext] Well known directory 'Root': '/home/jenny/tensorflow-mri/actions-runner'
[2025-03-19 13:44:13Z INFO HostContext] Well known directory 'Diag': '/home/jenny/tensorflow-mri/actions-runner/_diag'
[2025-03-19 13:44:13Z INFO HostContext] Well known directory 'Bin': '/home/jenny/tensorflow-mri/actions-runner/bin'
[2025-03-19 13:44:13Z INFO HostContext] Well known directory 'Root': '/home/jenny/tensorflow-mri/actions-runner'
[2025-03-19 13:44:13Z INFO HostContext] Well known directory 'Diag': '/home/jenny/tensorflow-mri/actions-runner/_diag'
[2025-03-19 13:44:13Z INFO HostContext] Well known directory 'Bin': '/home/jenny/tensorflow-mri/actions-runner/bin'
[2025-03-19 13:44:13Z INFO HostContext] Well known directory 'Root': '/home/jenny/tensorflow-mri/actions-runner'
[2025-03-19 13:44:13Z INFO HostContext] Well known directory 'Diag': '/home/jenny/tensorflow-mri/actions-runner/_diag'
[2025-03-19 13:44:13Z INFO JobServerQueue] Try to append 1 batches web console lines for record 'cd95b804-8178-46be-8f94-1057e94b6c0f', success rate: 1/1.
[2025-03-19 13:44:13Z INFO JobExtension] Total accessible running process: 574.
[2025-03-19 13:44:13Z INFO HostContext] Well known directory 'Bin': '/home/jenny/tensorflow-mri/actions-runner/bin'
[2025-03-19 13:44:13Z INFO HostContext] Well known directory 'Root': '/home/jenny/tensorflow-mri/actions-runner'
[2025-03-19 13:44:13Z INFO HostContext] Well known directory 'Work': '/home/jenny/tensorflow-mri/actions-runner/_work'
[2025-03-19 13:44:13Z INFO JobExtension] Start checking service connectivity in background.
[2025-03-19 13:44:13Z INFO ExecutionContext] Publish step telemetry for current step {
  "action": "setup_job",
  "type": "runner",
  "stage": "Pre",
  "stepId": "cd95b804-8178-46be-8f94-1057e94b6c0f",
  "result": "succeeded",
  "errorMessages": [],
  "executionTimeInSeconds": 3,
  "startTime": "2025-03-19T13:44:10.9515668Z",
  "finishTime": "2025-03-19T13:44:13.272562Z"
}.
[2025-03-19 13:44:13Z INFO JobRunner] Total job steps: 15.
[2025-03-19 13:44:13Z INFO JobRunner] Run all job steps.
[2025-03-19 13:44:13Z INFO StepsRunner] Processing step: DisplayName='Build pypa/gh-action-pypi-publish@release/v1.7'
[2025-03-19 13:44:13Z INFO StepsRunner] Evaluating: success()
[2025-03-19 13:44:13Z INFO StepsRunner] Result: true
[2025-03-19 13:44:13Z INFO StepsRunner] Starting the step.
[2025-03-19 13:44:13Z INFO ProcessInvokerWrapper] Starting process:
[2025-03-19 13:44:13Z INFO ProcessInvokerWrapper]   File name: '/usr/bin/docker'
[2025-03-19 13:44:13Z INFO ProcessInvokerWrapper]   Arguments: 'build -t b6156e:b917d6fad44f41f79c007de198bdb562 -f "/home/jenny/tensorflow-mri/actions-runner/_work/_actions/pypa/gh-action-pypi-publish/release/v1.7/Dockerfile" "/home/jenny/tensorflow-mri/actions-runner/_work/_actions/pypa/gh-action-pypi-publish/release/v1.7"'
[2025-03-19 13:44:13Z INFO ProcessInvokerWrapper]   Working directory: '/home/jenny/tensorflow-mri/actions-runner/_work/_actions/pypa/gh-action-pypi-publish/release/v1.7'
[2025-03-19 13:44:13Z INFO ProcessInvokerWrapper]   Require exit code zero: 'False'
[2025-03-19 13:44:13Z INFO ProcessInvokerWrapper]   Encoding web name:  ; code page: ''
[2025-03-19 13:44:13Z INFO ProcessInvokerWrapper]   Force kill process on cancellation: 'False'
[2025-03-19 13:44:13Z INFO ProcessInvokerWrapper]   Redirected STDIN: 'False'
[2025-03-19 13:44:13Z INFO ProcessInvokerWrapper]   Persist current code page: 'False'
[2025-03-19 13:44:13Z INFO ProcessInvokerWrapper]   Keep redirected STDIN open: 'False'
[2025-03-19 13:44:13Z INFO ProcessInvokerWrapper]   High priority process: 'False'
[2025-03-19 13:44:13Z INFO ProcessInvokerWrapper] Updated oom_score_adj to 500 for PID: 1865393.
[2025-03-19 13:44:13Z INFO ProcessInvokerWrapper] Process started with process id 1865393, waiting for process exit.
[2025-03-19 13:44:13Z INFO JobServerQueue] Try to append 1 batches web console lines for record 'e58ed4ad-a084-478f-adeb-6c8e2eeaf893', success rate: 1/1.
[2025-03-19 13:44:13Z INFO JobServerQueue] Try to append 1 batches web console lines for record 'e58ed4ad-a084-478f-adeb-6c8e2eeaf893', success rate: 1/1.
[2025-03-19 13:44:13Z INFO JobServerQueue] Got a step log file to send to results service.
[2025-03-19 13:44:13Z INFO JobServerQueue] Starting upload of step log file to results service ResultsLog, /home/jenny/tensorflow-mri/actions-runner/_diag/blocks/b0449f54-93fc-4d57-8f9f-b37b3b557707_cd95b804-8178-46be-8f94-1057e94b6c0f.1
[2025-03-19 13:44:13Z INFO JobServerQueue] Try to upload 1 log files or attachments, success rate: 1/1.
[2025-03-19 13:44:14Z INFO ProcessInvokerWrapper] STDOUT/STDERR stream read finished.
[2025-03-19 13:44:14Z INFO ProcessInvokerWrapper] STDOUT/STDERR stream read finished.
[2025-03-19 13:44:14Z INFO ProcessInvokerWrapper] Finished process 1865393 with exit code 0, and elapsed time 00:00:00.9013408.
[2025-03-19 13:44:14Z INFO ActionManager] Prepared docker image 'b6156e:b917d6fad44f41f79c007de198bdb562' for action 3d80d7f9-3514-4531-bcc2-dd9fe49bd9af (/home/jenny/tensorflow-mri/actions-runner/_work/_actions/pypa/gh-action-pypi-publish/release/v1.7/Dockerfile)
[2025-03-19 13:44:14Z INFO StepsRunner] Step result: 
[2025-03-19 13:44:14Z INFO ExecutionContext] Publish step telemetry for current step {
  "action": "build_pypa/gh-action-pypi-publish@release/v1.7",
  "type": "runner",
  "stage": "Pre",
  "stepId": "e58ed4ad-a084-478f-adeb-6c8e2eeaf893",
  "stepContextName": "e58ed4ada084478fadeb6c8e2eeaf893",
  "result": "succeeded",
  "errorMessages": [],
  "executionTimeInSeconds": 1,
  "startTime": "2025-03-19T13:44:13.28814Z",
  "finishTime": "2025-03-19T13:44:14.2017018Z"
}.
[2025-03-19 13:44:14Z INFO StepsRunner] No need for updating job result with current step result 'Succeeded'.
[2025-03-19 13:44:14Z INFO StepsRunner] Current state: job state = ''
[2025-03-19 13:44:14Z INFO StepsRunner] Processing step: DisplayName='Initialize containers'
[2025-03-19 13:44:14Z INFO StepsRunner] Evaluating: success()
[2025-03-19 13:44:14Z INFO StepsRunner] Result: true
[2025-03-19 13:44:14Z INFO StepsRunner] Starting the step.
[2025-03-19 13:44:14Z INFO ExecutionContext] Reserve record order 17 to 32 for post job actions.
[2025-03-19 13:44:14Z INFO HostContext] Well known directory 'Bin': '/home/jenny/tensorflow-mri/actions-runner/bin'
[2025-03-19 13:44:14Z INFO HostContext] Well known directory 'Root': '/home/jenny/tensorflow-mri/actions-runner'
[2025-03-19 13:44:14Z INFO HostContext] Well known directory 'Diag': '/home/jenny/tensorflow-mri/actions-runner/_diag'
[2025-03-19 13:44:14Z INFO HostContext] Well known directory 'Bin': '/home/jenny/tensorflow-mri/actions-runner/bin'
[2025-03-19 13:44:14Z INFO HostContext] Well known directory 'Root': '/home/jenny/tensorflow-mri/actions-runner'
[2025-03-19 13:44:14Z INFO HostContext] Well known directory 'Diag': '/home/jenny/tensorflow-mri/actions-runner/_diag'
[2025-03-19 13:44:14Z INFO ProcessInvokerWrapper] Starting process:
[2025-03-19 13:44:14Z INFO ProcessInvokerWrapper]   File name: '/usr/bin/docker'
[2025-03-19 13:44:14Z INFO ProcessInvokerWrapper]   Arguments: 'version --format '{{.Server.APIVersion}}''
[2025-03-19 13:44:14Z INFO ProcessInvokerWrapper]   Working directory: '/home/jenny/tensorflow-mri/actions-runner/_work/tensorflow-mri/tensorflow-mri'
[2025-03-19 13:44:14Z INFO ProcessInvokerWrapper]   Require exit code zero: 'True'
[2025-03-19 13:44:14Z INFO ProcessInvokerWrapper]   Encoding web name:  ; code page: ''
[2025-03-19 13:44:14Z INFO ProcessInvokerWrapper]   Force kill process on cancellation: 'False'
[2025-03-19 13:44:14Z INFO ProcessInvokerWrapper]   Redirected STDIN: 'False'
[2025-03-19 13:44:14Z INFO ProcessInvokerWrapper]   Persist current code page: 'False'
[2025-03-19 13:44:14Z INFO ProcessInvokerWrapper]   Keep redirected STDIN open: 'False'
[2025-03-19 13:44:14Z INFO ProcessInvokerWrapper]   High priority process: 'False'
[2025-03-19 13:44:14Z INFO ProcessInvokerWrapper] Updated oom_score_adj to 500 for PID: 1865687.
[2025-03-19 13:44:14Z INFO ProcessInvokerWrapper] Process started with process id 1865687, waiting for process exit.
[2025-03-19 13:44:14Z INFO ProcessInvokerWrapper] STDOUT/STDERR stream read finished.
[2025-03-19 13:44:14Z INFO ProcessInvokerWrapper] STDOUT/STDERR stream read finished.
[2025-03-19 13:44:14Z INFO ProcessInvokerWrapper] Finished process 1865687 with exit code 0, and elapsed time 00:00:00.0167809.
[2025-03-19 13:44:14Z INFO ProcessInvokerWrapper] Starting process:
[2025-03-19 13:44:14Z INFO ProcessInvokerWrapper]   File name: '/usr/bin/docker'
[2025-03-19 13:44:14Z INFO ProcessInvokerWrapper]   Arguments: 'version --format '{{.Client.APIVersion}}''
[2025-03-19 13:44:14Z INFO ProcessInvokerWrapper]   Working directory: '/home/jenny/tensorflow-mri/actions-runner/_work/tensorflow-mri/tensorflow-mri'
[2025-03-19 13:44:14Z INFO ProcessInvokerWrapper]   Require exit code zero: 'True'
[2025-03-19 13:44:14Z INFO ProcessInvokerWrapper]   Encoding web name:  ; code page: ''
[2025-03-19 13:44:14Z INFO ProcessInvokerWrapper]   Force kill process on cancellation: 'False'
[2025-03-19 13:44:14Z INFO ProcessInvokerWrapper]   Redirected STDIN: 'False'
[2025-03-19 13:44:14Z INFO ProcessInvokerWrapper]   Persist current code page: 'False'
[2025-03-19 13:44:14Z INFO ProcessInvokerWrapper]   Keep redirected STDIN open: 'False'
[2025-03-19 13:44:14Z INFO ProcessInvokerWrapper]   High priority process: 'False'
[2025-03-19 13:44:14Z INFO ProcessInvokerWrapper] Updated oom_score_adj to 500 for PID: 1865707.
[2025-03-19 13:44:14Z INFO ProcessInvokerWrapper] Process started with process id 1865707, waiting for process exit.
[2025-03-19 13:44:14Z INFO ProcessInvokerWrapper] STDOUT/STDERR stream read finished.
[2025-03-19 13:44:14Z INFO ProcessInvokerWrapper] STDOUT/STDERR stream read finished.
[2025-03-19 13:44:14Z INFO ProcessInvokerWrapper] Finished process 1865707 with exit code 0, and elapsed time 00:00:00.0139628.
[2025-03-19 13:44:14Z INFO ProcessInvokerWrapper] Starting process:
[2025-03-19 13:44:14Z INFO ProcessInvokerWrapper]   File name: '/usr/bin/docker'
[2025-03-19 13:44:14Z INFO ProcessInvokerWrapper]   Arguments: 'ps --all --quiet --no-trunc --filter "label=b6156e"'
[2025-03-19 13:44:14Z INFO ProcessInvokerWrapper]   Working directory: '/home/jenny/tensorflow-mri/actions-runner/_work/tensorflow-mri/tensorflow-mri'
[2025-03-19 13:44:14Z INFO ProcessInvokerWrapper]   Require exit code zero: 'True'
[2025-03-19 13:44:14Z INFO ProcessInvokerWrapper]   Encoding web name:  ; code page: ''
[2025-03-19 13:44:14Z INFO ProcessInvokerWrapper]   Force kill process on cancellation: 'False'
[2025-03-19 13:44:14Z INFO ProcessInvokerWrapper]   Redirected STDIN: 'False'
[2025-03-19 13:44:14Z INFO ProcessInvokerWrapper]   Persist current code page: 'False'
[2025-03-19 13:44:14Z INFO ProcessInvokerWrapper]   Keep redirected STDIN open: 'False'
[2025-03-19 13:44:14Z INFO ProcessInvokerWrapper]   High priority process: 'False'
[2025-03-19 13:44:14Z INFO ProcessInvokerWrapper] Updated oom_score_adj to 500 for PID: 1865725.
[2025-03-19 13:44:14Z INFO ProcessInvokerWrapper] Process started with process id 1865725, waiting for process exit.
[2025-03-19 13:44:14Z INFO JobServerQueue] Try to append 1 batches web console lines for record 'e58ed4ad-a084-478f-adeb-6c8e2eeaf893', success rate: 1/1.
[2025-03-19 13:44:14Z INFO JobServerQueue] Try to append 1 batches web console lines for record 'b6498fb0-f8e0-46de-a13c-6afc192af8fd', success rate: 1/1.
[2025-03-19 13:44:14Z INFO ProcessInvokerWrapper] STDOUT/STDERR stream read finished.
[2025-03-19 13:44:14Z INFO ProcessInvokerWrapper] STDOUT/STDERR stream read finished.
[2025-03-19 13:44:14Z INFO ProcessInvokerWrapper] Finished process 1865725 with exit code 0, and elapsed time 00:00:00.0100146.
[2025-03-19 13:44:14Z INFO ProcessInvokerWrapper] Starting process:
[2025-03-19 13:44:14Z INFO ProcessInvokerWrapper]   File name: '/usr/bin/docker'
[2025-03-19 13:44:14Z INFO ProcessInvokerWrapper]   Arguments: 'network prune --force --filter "label=b6156e"'
[2025-03-19 13:44:14Z INFO ProcessInvokerWrapper]   Working directory: '/home/jenny/tensorflow-mri/actions-runner/_work/tensorflow-mri/tensorflow-mri'
[2025-03-19 13:44:14Z INFO ProcessInvokerWrapper]   Require exit code zero: 'False'
[2025-03-19 13:44:14Z INFO ProcessInvokerWrapper]   Encoding web name:  ; code page: ''
[2025-03-19 13:44:14Z INFO ProcessInvokerWrapper]   Force kill process on cancellation: 'False'
[2025-03-19 13:44:14Z INFO ProcessInvokerWrapper]   Redirected STDIN: 'False'
[2025-03-19 13:44:14Z INFO ProcessInvokerWrapper]   Persist current code page: 'False'
[2025-03-19 13:44:14Z INFO ProcessInvokerWrapper]   Keep redirected STDIN open: 'False'
[2025-03-19 13:44:14Z INFO ProcessInvokerWrapper]   High priority process: 'False'
[2025-03-19 13:44:14Z INFO ProcessInvokerWrapper] Updated oom_score_adj to 500 for PID: 1865772.
[2025-03-19 13:44:14Z INFO ProcessInvokerWrapper] Process started with process id 1865772, waiting for process exit.
[2025-03-19 13:44:14Z INFO ProcessInvokerWrapper] STDOUT/STDERR stream read finished.
[2025-03-19 13:44:14Z INFO ProcessInvokerWrapper] STDOUT/STDERR stream read finished.
[2025-03-19 13:44:14Z INFO ProcessInvokerWrapper] Finished process 1865772 with exit code 0, and elapsed time 00:00:00.0101899.
[2025-03-19 13:44:14Z INFO ProcessInvokerWrapper] Starting process:
[2025-03-19 13:44:14Z INFO ProcessInvokerWrapper]   File name: '/usr/bin/docker'
[2025-03-19 13:44:14Z INFO ProcessInvokerWrapper]   Arguments: 'network create --label b6156e github_network_307d8e35cb0c474a8be68a175035b6d0'
[2025-03-19 13:44:14Z INFO ProcessInvokerWrapper]   Working directory: '/home/jenny/tensorflow-mri/actions-runner/_work/tensorflow-mri/tensorflow-mri'
[2025-03-19 13:44:14Z INFO ProcessInvokerWrapper]   Require exit code zero: 'False'
[2025-03-19 13:44:14Z INFO ProcessInvokerWrapper]   Encoding web name:  ; code page: ''
[2025-03-19 13:44:14Z INFO ProcessInvokerWrapper]   Force kill process on cancellation: 'False'
[2025-03-19 13:44:14Z INFO ProcessInvokerWrapper]   Redirected STDIN: 'False'
[2025-03-19 13:44:14Z INFO ProcessInvokerWrapper]   Persist current code page: 'False'
[2025-03-19 13:44:14Z INFO ProcessInvokerWrapper]   Keep redirected STDIN open: 'False'
[2025-03-19 13:44:14Z INFO ProcessInvokerWrapper]   High priority process: 'False'
[2025-03-19 13:44:14Z INFO ProcessInvokerWrapper] Updated oom_score_adj to 500 for PID: 1865785.
[2025-03-19 13:44:14Z INFO ProcessInvokerWrapper] Process started with process id 1865785, waiting for process exit.
[2025-03-19 13:44:14Z INFO ProcessInvokerWrapper] STDOUT/STDERR stream read finished.
[2025-03-19 13:44:14Z INFO ProcessInvokerWrapper] STDOUT/STDERR stream read finished.
[2025-03-19 13:44:14Z INFO ProcessInvokerWrapper] Finished process 1865785 with exit code 0, and elapsed time 00:00:00.0644383.
[2025-03-19 13:44:14Z INFO ContainerOperationProvider] Container name: 4c79fe35bfbb41e19fa5b2e9fae382a7
[2025-03-19 13:44:14Z INFO ContainerOperationProvider] Container image: ghcr.io/mrphys/tensorflow-manylinux:1.14.0
[2025-03-19 13:44:14Z INFO ContainerOperationProvider] Container options: 
[2025-03-19 13:44:14Z INFO HostContext] Well known directory 'Bin': '/home/jenny/tensorflow-mri/actions-runner/bin'
[2025-03-19 13:44:14Z INFO HostContext] Well known directory 'Root': '/home/jenny/tensorflow-mri/actions-runner'
[2025-03-19 13:44:14Z INFO HostContext] Well known directory 'Work': '/home/jenny/tensorflow-mri/actions-runner/_work'
[2025-03-19 13:44:14Z INFO HostContext] Well known directory 'Temp': '/home/jenny/tensorflow-mri/actions-runner/_work/_temp'
[2025-03-19 13:44:14Z INFO ProcessInvokerWrapper] Starting process:
[2025-03-19 13:44:14Z INFO ProcessInvokerWrapper]   File name: '/usr/bin/docker'
[2025-03-19 13:44:14Z INFO ProcessInvokerWrapper]   Arguments: '--config /home/jenny/tensorflow-mri/actions-runner/_work/_temp/.docker_0e6b7313-4532-4790-a290-123bfa046062 login ghcr.io -u jennifersteeden --password-stdin'
[2025-03-19 13:44:14Z INFO ProcessInvokerWrapper]   Working directory: '/home/jenny/tensorflow-mri/actions-runner/_work/tensorflow-mri/tensorflow-mri'
[2025-03-19 13:44:14Z INFO ProcessInvokerWrapper]   Require exit code zero: 'False'
[2025-03-19 13:44:14Z INFO ProcessInvokerWrapper]   Encoding web name:  ; code page: ''
[2025-03-19 13:44:14Z INFO ProcessInvokerWrapper]   Force kill process on cancellation: 'False'
[2025-03-19 13:44:14Z INFO ProcessInvokerWrapper]   Redirected STDIN: 'True'
[2025-03-19 13:44:14Z INFO ProcessInvokerWrapper]   Persist current code page: 'False'
[2025-03-19 13:44:14Z INFO ProcessInvokerWrapper]   Keep redirected STDIN open: 'False'
[2025-03-19 13:44:14Z INFO ProcessInvokerWrapper]   High priority process: 'False'
[2025-03-19 13:44:14Z INFO ProcessInvokerWrapper] Updated oom_score_adj to 500 for PID: 1865856.
[2025-03-19 13:44:14Z INFO ProcessInvokerWrapper] Process started with process id 1865856, waiting for process exit.
[2025-03-19 13:44:14Z INFO ProcessInvokerWrapper] Close STDIN after the first redirect finished.
[2025-03-19 13:44:14Z INFO ProcessInvokerWrapper] STDIN stream write finished.
[2025-03-19 13:44:14Z INFO JobServerQueue] Try to append 1 batches web console lines for record 'b6498fb0-f8e0-46de-a13c-6afc192af8fd', success rate: 1/1.
[2025-03-19 13:44:14Z INFO JobServerQueue] Tried to upload 1 file(s) to results, success rate: 1/1.
[2025-03-19 13:44:14Z INFO ProcessInvokerWrapper] STDOUT/STDERR stream read finished.
[2025-03-19 13:44:14Z INFO ProcessInvokerWrapper] STDOUT/STDERR stream read finished.
[2025-03-19 13:44:14Z INFO ProcessInvokerWrapper] Finished process 1865856 with exit code 0, and elapsed time 00:00:00.3747811.
[2025-03-19 13:44:14Z INFO ProcessInvokerWrapper] Starting process:
[2025-03-19 13:44:14Z INFO ProcessInvokerWrapper]   File name: '/usr/bin/docker'
[2025-03-19 13:44:14Z INFO ProcessInvokerWrapper]   Arguments: '--config /home/jenny/tensorflow-mri/actions-runner/_work/_temp/.docker_0e6b7313-4532-4790-a290-123bfa046062 pull ghcr.io/mrphys/tensorflow-manylinux:1.14.0'
[2025-03-19 13:44:14Z INFO ProcessInvokerWrapper]   Working directory: '/home/jenny/tensorflow-mri/actions-runner/_work/tensorflow-mri/tensorflow-mri'
[2025-03-19 13:44:14Z INFO ProcessInvokerWrapper]   Require exit code zero: 'False'
[2025-03-19 13:44:14Z INFO ProcessInvokerWrapper]   Encoding web name:  ; code page: ''
[2025-03-19 13:44:14Z INFO ProcessInvokerWrapper]   Force kill process on cancellation: 'False'
[2025-03-19 13:44:14Z INFO ProcessInvokerWrapper]   Redirected STDIN: 'False'
[2025-03-19 13:44:14Z INFO ProcessInvokerWrapper]   Persist current code page: 'False'
[2025-03-19 13:44:14Z INFO ProcessInvokerWrapper]   Keep redirected STDIN open: 'False'
[2025-03-19 13:44:14Z INFO ProcessInvokerWrapper]   High priority process: 'False'
[2025-03-19 13:44:14Z INFO ProcessInvokerWrapper] Updated oom_score_adj to 500 for PID: 1865946.
[2025-03-19 13:44:14Z INFO ProcessInvokerWrapper] Process started with process id 1865946, waiting for process exit.
[2025-03-19 13:44:14Z INFO JobServerQueue] Try to append 1 batches web console lines for record 'b6498fb0-f8e0-46de-a13c-6afc192af8fd', success rate: 1/1.
[2025-03-19 13:44:14Z INFO JobServerQueue] Try to upload 1 log files or attachments, success rate: 1/1.
[2025-03-19 13:44:15Z INFO ProcessInvokerWrapper] STDOUT/STDERR stream read finished.
[2025-03-19 13:44:15Z INFO ProcessInvokerWrapper] STDOUT/STDERR stream read finished.
[2025-03-19 13:44:15Z INFO ProcessInvokerWrapper] Finished process 1865946 with exit code 0, and elapsed time 00:00:00.4237545.
[2025-03-19 13:44:15Z INFO HostContext] Well known directory 'Bin': '/home/jenny/tensorflow-mri/actions-runner/bin'
[2025-03-19 13:44:15Z INFO HostContext] Well known directory 'Root': '/home/jenny/tensorflow-mri/actions-runner'
[2025-03-19 13:44:15Z INFO HostContext] Well known directory 'Work': '/home/jenny/tensorflow-mri/actions-runner/_work'
[2025-03-19 13:44:15Z INFO HostContext] Well known directory 'Bin': '/home/jenny/tensorflow-mri/actions-runner/bin'
[2025-03-19 13:44:15Z INFO HostContext] Well known directory 'Root': '/home/jenny/tensorflow-mri/actions-runner'
[2025-03-19 13:44:15Z INFO HostContext] Well known directory 'Work': '/home/jenny/tensorflow-mri/actions-runner/_work'
[2025-03-19 13:44:15Z INFO HostContext] Well known directory 'Bin': '/home/jenny/tensorflow-mri/actions-runner/bin'
[2025-03-19 13:44:15Z INFO HostContext] Well known directory 'Root': '/home/jenny/tensorflow-mri/actions-runner'
[2025-03-19 13:44:15Z INFO HostContext] Well known directory 'Externals': '/home/jenny/tensorflow-mri/actions-runner/externals'
[2025-03-19 13:44:15Z INFO HostContext] Well known directory 'Bin': '/home/jenny/tensorflow-mri/actions-runner/bin'
[2025-03-19 13:44:15Z INFO HostContext] Well known directory 'Root': '/home/jenny/tensorflow-mri/actions-runner'
[2025-03-19 13:44:15Z INFO HostContext] Well known directory 'Externals': '/home/jenny/tensorflow-mri/actions-runner/externals'
[2025-03-19 13:44:15Z INFO HostContext] Well known directory 'Bin': '/home/jenny/tensorflow-mri/actions-runner/bin'
[2025-03-19 13:44:15Z INFO HostContext] Well known directory 'Root': '/home/jenny/tensorflow-mri/actions-runner'
[2025-03-19 13:44:15Z INFO HostContext] Well known directory 'Work': '/home/jenny/tensorflow-mri/actions-runner/_work'
[2025-03-19 13:44:15Z INFO HostContext] Well known directory 'Temp': '/home/jenny/tensorflow-mri/actions-runner/_work/_temp'
[2025-03-19 13:44:15Z INFO HostContext] Well known directory 'Bin': '/home/jenny/tensorflow-mri/actions-runner/bin'
[2025-03-19 13:44:15Z INFO HostContext] Well known directory 'Root': '/home/jenny/tensorflow-mri/actions-runner'
[2025-03-19 13:44:15Z INFO HostContext] Well known directory 'Work': '/home/jenny/tensorflow-mri/actions-runner/_work'
[2025-03-19 13:44:15Z INFO HostContext] Well known directory 'Temp': '/home/jenny/tensorflow-mri/actions-runner/_work/_temp'
[2025-03-19 13:44:15Z INFO HostContext] Well known directory 'Bin': '/home/jenny/tensorflow-mri/actions-runner/bin'
[2025-03-19 13:44:15Z INFO HostContext] Well known directory 'Root': '/home/jenny/tensorflow-mri/actions-runner'
[2025-03-19 13:44:15Z INFO HostContext] Well known directory 'Work': '/home/jenny/tensorflow-mri/actions-runner/_work'
[2025-03-19 13:44:15Z INFO HostContext] Well known directory 'Actions': '/home/jenny/tensorflow-mri/actions-runner/_work/_actions'
[2025-03-19 13:44:15Z INFO HostContext] Well known directory 'Bin': '/home/jenny/tensorflow-mri/actions-runner/bin'
[2025-03-19 13:44:15Z INFO HostContext] Well known directory 'Root': '/home/jenny/tensorflow-mri/actions-runner'
[2025-03-19 13:44:15Z INFO HostContext] Well known directory 'Work': '/home/jenny/tensorflow-mri/actions-runner/_work'
[2025-03-19 13:44:15Z INFO HostContext] Well known directory 'Actions': '/home/jenny/tensorflow-mri/actions-runner/_work/_actions'
[2025-03-19 13:44:15Z INFO HostContext] Well known directory 'Bin': '/home/jenny/tensorflow-mri/actions-runner/bin'
[2025-03-19 13:44:15Z INFO HostContext] Well known directory 'Root': '/home/jenny/tensorflow-mri/actions-runner'
[2025-03-19 13:44:15Z INFO HostContext] Well known directory 'Work': '/home/jenny/tensorflow-mri/actions-runner/_work'
[2025-03-19 13:44:15Z INFO HostContext] Well known directory 'Tools': '/home/jenny/tensorflow-mri/actions-runner/_work/_tool'
[2025-03-19 13:44:15Z INFO HostContext] Well known directory 'Bin': '/home/jenny/tensorflow-mri/actions-runner/bin'
[2025-03-19 13:44:15Z INFO HostContext] Well known directory 'Root': '/home/jenny/tensorflow-mri/actions-runner'
[2025-03-19 13:44:15Z INFO HostContext] Well known directory 'Work': '/home/jenny/tensorflow-mri/actions-runner/_work'
[2025-03-19 13:44:15Z INFO HostContext] Well known directory 'Tools': '/home/jenny/tensorflow-mri/actions-runner/_work/_tool'
[2025-03-19 13:44:15Z INFO HostContext] Well known directory 'Bin': '/home/jenny/tensorflow-mri/actions-runner/bin'
[2025-03-19 13:44:15Z INFO HostContext] Well known directory 'Root': '/home/jenny/tensorflow-mri/actions-runner'
[2025-03-19 13:44:15Z INFO HostContext] Well known directory 'Work': '/home/jenny/tensorflow-mri/actions-runner/_work'
[2025-03-19 13:44:15Z INFO HostContext] Well known directory 'Temp': '/home/jenny/tensorflow-mri/actions-runner/_work/_temp'
[2025-03-19 13:44:15Z INFO HostContext] Well known directory 'Bin': '/home/jenny/tensorflow-mri/actions-runner/bin'
[2025-03-19 13:44:15Z INFO HostContext] Well known directory 'Root': '/home/jenny/tensorflow-mri/actions-runner'
[2025-03-19 13:44:15Z INFO HostContext] Well known directory 'Work': '/home/jenny/tensorflow-mri/actions-runner/_work'
[2025-03-19 13:44:15Z INFO HostContext] Well known directory 'Temp': '/home/jenny/tensorflow-mri/actions-runner/_work/_temp'
[2025-03-19 13:44:15Z INFO ProcessInvokerWrapper] Starting process:
[2025-03-19 13:44:15Z INFO ProcessInvokerWrapper]   File name: '/usr/bin/docker'
[2025-03-19 13:44:15Z INFO ProcessInvokerWrapper]   Arguments: 'create --name 4c79fe35bfbb41e19fa5b2e9fae382a7_ghcriomrphystensorflowmanylinux1140_0a572c --label b6156e --workdir /__w/tensorflow-mri/tensorflow-mri --network github_network_307d8e35cb0c474a8be68a175035b6d0  -e "HOME=/github/home" -e GITHUB_ACTIONS=true -e CI=true -v "/var/run/docker.sock":"/var/run/docker.sock" -v "/home/jenny/tensorflow-mri/actions-runner/_work":"/__w" -v "/home/jenny/tensorflow-mri/actions-runner/externals":"/__e":ro -v "/home/jenny/tensorflow-mri/actions-runner/_work/_temp":"/__w/_temp" -v "/home/jenny/tensorflow-mri/actions-runner/_work/_actions":"/__w/_actions" -v "/home/jenny/tensorflow-mri/actions-runner/_work/_tool":"/__w/_tool" -v "/home/jenny/tensorflow-mri/actions-runner/_work/_temp/_github_home":"/github/home" -v "/home/jenny/tensorflow-mri/actions-runner/_work/_temp/_github_workflow":"/github/workflow" --entrypoint "tail" ghcr.io/mrphys/tensorflow-manylinux:1.14.0 "-f" "/dev/null"'
[2025-03-19 13:44:15Z INFO ProcessInvokerWrapper]   Working directory: '/home/jenny/tensorflow-mri/actions-runner/_work/tensorflow-mri/tensorflow-mri'
[2025-03-19 13:44:15Z INFO ProcessInvokerWrapper]   Require exit code zero: 'True'
[2025-03-19 13:44:15Z INFO ProcessInvokerWrapper]   Encoding web name:  ; code page: ''
[2025-03-19 13:44:15Z INFO ProcessInvokerWrapper]   Force kill process on cancellation: 'False'
[2025-03-19 13:44:15Z INFO ProcessInvokerWrapper]   Redirected STDIN: 'False'
[2025-03-19 13:44:15Z INFO ProcessInvokerWrapper]   Persist current code page: 'False'
[2025-03-19 13:44:15Z INFO ProcessInvokerWrapper]   Keep redirected STDIN open: 'False'
[2025-03-19 13:44:15Z INFO ProcessInvokerWrapper]   High priority process: 'False'
[2025-03-19 13:44:15Z INFO ProcessInvokerWrapper] Updated oom_score_adj to 500 for PID: 1866077.
[2025-03-19 13:44:15Z INFO ProcessInvokerWrapper] Process started with process id 1866077, waiting for process exit.
[2025-03-19 13:44:15Z INFO ProcessInvokerWrapper] STDOUT/STDERR stream read finished.
[2025-03-19 13:44:15Z INFO ProcessInvokerWrapper] STDOUT/STDERR stream read finished.
[2025-03-19 13:44:15Z INFO ProcessInvokerWrapper] Finished process 1866077 with exit code 0, and elapsed time 00:00:00.0661835.
[2025-03-19 13:44:15Z INFO ProcessInvokerWrapper] Starting process:
[2025-03-19 13:44:15Z INFO ProcessInvokerWrapper]   File name: '/usr/bin/docker'
[2025-03-19 13:44:15Z INFO ProcessInvokerWrapper]   Arguments: 'start 91320c0e022882a24899dabc9f5c8a7e057812032e8a3f8d1ac275191796d3dc'
[2025-03-19 13:44:15Z INFO ProcessInvokerWrapper]   Working directory: '/home/jenny/tensorflow-mri/actions-runner/_work/tensorflow-mri/tensorflow-mri'
[2025-03-19 13:44:15Z INFO ProcessInvokerWrapper]   Require exit code zero: 'False'
[2025-03-19 13:44:15Z INFO ProcessInvokerWrapper]   Encoding web name:  ; code page: ''
[2025-03-19 13:44:15Z INFO ProcessInvokerWrapper]   Force kill process on cancellation: 'False'
[2025-03-19 13:44:15Z INFO ProcessInvokerWrapper]   Redirected STDIN: 'False'
[2025-03-19 13:44:15Z INFO ProcessInvokerWrapper]   Persist current code page: 'False'
[2025-03-19 13:44:15Z INFO ProcessInvokerWrapper]   Keep redirected STDIN open: 'False'
[2025-03-19 13:44:15Z INFO ProcessInvokerWrapper]   High priority process: 'False'
[2025-03-19 13:44:15Z INFO ProcessInvokerWrapper] Updated oom_score_adj to 500 for PID: 1866092.
[2025-03-19 13:44:15Z INFO ProcessInvokerWrapper] Process started with process id 1866092, waiting for process exit.
[2025-03-19 13:44:15Z INFO JobServerQueue] Try to append 1 batches web console lines for record 'b6498fb0-f8e0-46de-a13c-6afc192af8fd', success rate: 1/1.
[2025-03-19 13:44:15Z INFO ProcessInvokerWrapper] STDOUT/STDERR stream read finished.
[2025-03-19 13:44:15Z INFO ProcessInvokerWrapper] STDOUT/STDERR stream read finished.
[2025-03-19 13:44:15Z INFO ProcessInvokerWrapper] Finished process 1866092 with exit code 0, and elapsed time 00:00:00.2258411.
[2025-03-19 13:44:15Z INFO ProcessInvokerWrapper] Starting process:
[2025-03-19 13:44:15Z INFO ProcessInvokerWrapper]   File name: '/usr/bin/docker'
[2025-03-19 13:44:15Z INFO ProcessInvokerWrapper]   Arguments: 'ps --all --filter id=91320c0e022882a24899dabc9f5c8a7e057812032e8a3f8d1ac275191796d3dc --filter status=running --no-trunc --format "{{.ID}} {{.Status}}"'
[2025-03-19 13:44:15Z INFO ProcessInvokerWrapper]   Working directory: '/home/jenny/tensorflow-mri/actions-runner/_work/tensorflow-mri/tensorflow-mri'
[2025-03-19 13:44:15Z INFO ProcessInvokerWrapper]   Require exit code zero: 'True'
[2025-03-19 13:44:15Z INFO ProcessInvokerWrapper]   Encoding web name:  ; code page: ''
[2025-03-19 13:44:15Z INFO ProcessInvokerWrapper]   Force kill process on cancellation: 'False'
[2025-03-19 13:44:15Z INFO ProcessInvokerWrapper]   Redirected STDIN: 'False'
[2025-03-19 13:44:15Z INFO ProcessInvokerWrapper]   Persist current code page: 'False'
[2025-03-19 13:44:15Z INFO ProcessInvokerWrapper]   Keep redirected STDIN open: 'False'
[2025-03-19 13:44:15Z INFO ProcessInvokerWrapper]   High priority process: 'False'
[2025-03-19 13:44:15Z INFO ProcessInvokerWrapper] Updated oom_score_adj to 500 for PID: 1866303.
[2025-03-19 13:44:15Z INFO ProcessInvokerWrapper] Process started with process id 1866303, waiting for process exit.
[2025-03-19 13:44:15Z INFO ProcessInvokerWrapper] STDOUT/STDERR stream read finished.
[2025-03-19 13:44:15Z INFO ProcessInvokerWrapper] STDOUT/STDERR stream read finished.
[2025-03-19 13:44:15Z INFO ProcessInvokerWrapper] Finished process 1866303 with exit code 0, and elapsed time 00:00:00.0109288.
[2025-03-19 13:44:15Z INFO ProcessInvokerWrapper] Starting process:
[2025-03-19 13:44:15Z INFO ProcessInvokerWrapper]   File name: '/usr/bin/docker'
[2025-03-19 13:44:15Z INFO ProcessInvokerWrapper]   Arguments: 'inspect --format "{{range .Config.Env}}{{println .}}{{end}}" 91320c0e022882a24899dabc9f5c8a7e057812032e8a3f8d1ac275191796d3dc'
[2025-03-19 13:44:15Z INFO ProcessInvokerWrapper]   Working directory: '/home/jenny/tensorflow-mri/actions-runner/_work/tensorflow-mri/tensorflow-mri'
[2025-03-19 13:44:15Z INFO ProcessInvokerWrapper]   Require exit code zero: 'True'
[2025-03-19 13:44:15Z INFO ProcessInvokerWrapper]   Encoding web name:  ; code page: ''
[2025-03-19 13:44:15Z INFO ProcessInvokerWrapper]   Force kill process on cancellation: 'False'
[2025-03-19 13:44:15Z INFO ProcessInvokerWrapper]   Redirected STDIN: 'False'
[2025-03-19 13:44:15Z INFO ProcessInvokerWrapper]   Persist current code page: 'False'
[2025-03-19 13:44:15Z INFO ProcessInvokerWrapper]   Keep redirected STDIN open: 'False'
[2025-03-19 13:44:15Z INFO ProcessInvokerWrapper]   High priority process: 'False'
[2025-03-19 13:44:15Z INFO ProcessInvokerWrapper] Updated oom_score_adj to 500 for PID: 1866351.
[2025-03-19 13:44:15Z INFO ProcessInvokerWrapper] Process started with process id 1866351, waiting for process exit.
[2025-03-19 13:44:15Z INFO ProcessInvokerWrapper] STDOUT/STDERR stream read finished.
[2025-03-19 13:44:15Z INFO ProcessInvokerWrapper] STDOUT/STDERR stream read finished.
[2025-03-19 13:44:15Z INFO ProcessInvokerWrapper] Finished process 1866351 with exit code 0, and elapsed time 00:00:00.0119303.
[2025-03-19 13:44:15Z INFO StepsRunner] Step result: 
[2025-03-19 13:44:15Z INFO ExecutionContext] Publish step telemetry for current step {
  "action": "initialize_containers",
  "type": "runner",
  "stage": "Pre",
  "stepId": "b6498fb0-f8e0-46de-a13c-6afc192af8fd",
  "stepContextName": "b6498fb0f8e046dea13c6afc192af8fd",
  "result": "succeeded",
  "errorMessages": [],
  "executionTimeInSeconds": 2,
  "startTime": "2025-03-19T13:44:14.2026996Z",
  "finishTime": "2025-03-19T13:44:15.4707404Z"
}.
[2025-03-19 13:44:15Z INFO StepsRunner] No need for updating job result with current step result 'Succeeded'.
[2025-03-19 13:44:15Z INFO StepsRunner] Current state: job state = ''
[2025-03-19 13:44:15Z INFO StepsRunner] Processing step: DisplayName='Checkout code'
[2025-03-19 13:44:15Z INFO StepsRunner] Evaluating: success()
[2025-03-19 13:44:15Z INFO StepsRunner] Result: true
[2025-03-19 13:44:15Z INFO StepsRunner] Starting the step.
[2025-03-19 13:44:15Z INFO HostContext] Well known directory 'Bin': '/home/jenny/tensorflow-mri/actions-runner/bin'
[2025-03-19 13:44:15Z INFO HostContext] Well known directory 'Root': '/home/jenny/tensorflow-mri/actions-runner'
[2025-03-19 13:44:15Z INFO HostContext] Well known directory 'Work': '/home/jenny/tensorflow-mri/actions-runner/_work'
[2025-03-19 13:44:15Z INFO HostContext] Well known directory 'Actions': '/home/jenny/tensorflow-mri/actions-runner/_work/_actions'
[2025-03-19 13:44:15Z INFO ActionManager] Load action that reference repository from '/home/jenny/tensorflow-mri/actions-runner/_work/_actions/actions/checkout/v4'
[2025-03-19 13:44:15Z INFO HostContext] Well known directory 'Bin': '/home/jenny/tensorflow-mri/actions-runner/bin'
[2025-03-19 13:44:15Z INFO HostContext] Well known directory 'Root': '/home/jenny/tensorflow-mri/actions-runner'
[2025-03-19 13:44:15Z INFO HostContext] Well known directory 'Work': '/home/jenny/tensorflow-mri/actions-runner/_work'
[2025-03-19 13:44:15Z INFO HostContext] Well known directory 'Actions': '/home/jenny/tensorflow-mri/actions-runner/_work/_actions'
[2025-03-19 13:44:15Z INFO ActionManifestManager] Loaded action.yml file: {
  "name": "Checkout",
  "description": "Checkout a Git repository at a particular version",
  "inputs": {
    "type": 2,
    "map": [
      {
        "key": {
          "type": 0,
          "file": 2,
          "line": 4,
          "col": 3,
          "lit": "repository"
        },
        "value": {
          "type": 3,
          "file": 2,
          "line": 6,
          "col": 14,
          "expr": "github.repository"
        }
      },
      {
        "key": {
          "type": 0,
          "file": 2,
          "line": 7,
          "col": 3,
          "lit": "ref"
        },
        "value": ""
      },
      {
        "key": {
          "type": 0,
          "file": 2,
          "line": 12,
          "col": 3,
          "lit": "token"
        },
        "value": {
          "type": 3,
          "file": 2,
          "line": 24,
          "col": 14,
          "expr": "github.token"
        }
      },
      {
        "key": {
          "type": 0,
          "file": 2,
          "line": 25,
          "col": 3,
          "lit": "ssh-key"
        },
        "value": ""
      },
      {
        "key": {
          "type": 0,
          "file": 2,
          "line": 37,
          "col": 3,
          "lit": "ssh-known-hosts"
        },
        "value": ""
      },
      {
        "key": {
          "type": 0,
          "file": 2,
          "line": 42,
          "col": 3,
          "lit": "ssh-strict"
        },
        "value": {
          "type": 0,
          "file": 2,
          "line": 47,
          "col": 14,
          "lit": "true"
        }
      },
      {
        "key": {
          "type": 0,
          "file": 2,
          "line": 48,
          "col": 3,
          "lit": "ssh-user"
        },
        "value": {
          "type": 0,
          "file": 2,
          "line": 51,
          "col": 14,
          "lit": "git"
        }
      },
      {
        "key": {
          "type": 0,
          "file": 2,
          "line": 52,
          "col": 3,
          "lit": "persist-credentials"
        },
        "value": {
          "type": 0,
          "file": 2,
          "line": 54,
          "col": 14,
          "lit": "true"
        }
      },
      {
        "key": {
          "type": 0,
          "file": 2,
          "line": 55,
          "col": 3,
          "lit": "path"
        },
        "value": ""
      },
      {
        "key": {
          "type": 0,
          "file": 2,
          "line": 57,
          "col": 3,
          "lit": "clean"
        },
        "value": {
          "type": 0,
          "file": 2,
          "line": 59,
          "col": 14,
          "lit": "true"
        }
      },
      {
        "key": {
          "type": 0,
          "file": 2,
          "line": 60,
          "col": 3,
          "lit": "filter"
        },
        "value": {
          "type": 0,
          "file": 2,
          "line": 64,
          "col": 14,
          "lit": ""
        }
      },
      {
        "key": {
          "type": 0,
          "file": 2,
          "line": 65,
          "col": 3,
          "lit": "sparse-checkout"
        },
        "value": {
          "type": 0,
          "file": 2,
          "line": 69,
          "col": 14,
          "lit": ""
        }
      },
      {
        "key": {
          "type": 0,
          "file": 2,
          "line": 70,
          "col": 3,
          "lit": "sparse-checkout-cone-mode"
        },
        "value": {
          "type": 0,
          "file": 2,
          "line": 73,
          "col": 14,
          "lit": "true"
        }
      },
      {
        "key": {
          "type": 0,
          "file": 2,
          "line": 74,
          "col": 3,
          "lit": "fetch-depth"
        },
        "value": {
          "type": 0,
          "file": 2,
          "line": 76,
          "col": 14,
          "lit": "1"
        }
      },
      {
        "key": {
          "type": 0,
          "file": 2,
          "line": 77,
          "col": 3,
          "lit": "fetch-tags"
        },
        "value": {
          "type": 0,
          "file": 2,
          "line": 79,
          "col": 14,
          "lit": "false"
        }
      },
      {
        "key": {
          "type": 0,
          "file": 2,
          "line": 80,
          "col": 3,
          "lit": "show-progress"
        },
        "value": {
          "type": 0,
          "file": 2,
          "line": 82,
          "col": 14,
          "lit": "true"
        }
      },
      {
        "key": {
          "type": 0,
          "file": 2,
          "line": 83,
          "col": 3,
          "lit": "lfs"
        },
        "value": {
          "type": 0,
          "file": 2,
          "line": 85,
          "col": 14,
          "lit": "false"
        }
      },
      {
        "key": {
          "type": 0,
          "file": 2,
          "line": 86,
          "col": 3,
          "lit": "submodules"
        },
        "value": {
          "type": 0,
          "file": 2,
          "line": 94,
          "col": 14,
          "lit": "false"
        }
      },
      {
        "key": {
          "type": 0,
          "file": 2,
          "line": 95,
          "col": 3,
          "lit": "set-safe-directory"
        },
        "value": {
          "type": 0,
          "file": 2,
          "line": 97,
          "col": 14,
          "lit": "true"
        }
      },
      {
        "key": {
          "type": 0,
          "file": 2,
          "line": 98,
          "col": 3,
          "lit": "github-server-url"
        },
        "value": ""
      }
    ]
  },
  "execution": {
    "executionType": "nodeJS",
    "hasPre": false,
    "hasPost": true,
    "script": "dist/index.js",
    "pre": null,
    "post": "dist/index.js",
    "nodeVersion": "node20",
    "cleanupCondition": "always()",
    "initCondition": "always()"
  },
  "deprecated": null
}
[2025-03-19 13:44:15Z INFO ActionManager] Action pre node.js file: N/A.
[2025-03-19 13:44:15Z INFO ActionManager] Action node.js file: dist/index.js.
[2025-03-19 13:44:15Z INFO ActionManager] Action post node.js file: dist/index.js.
[2025-03-19 13:44:15Z INFO HostContext] Well known directory 'Bin': '/home/jenny/tensorflow-mri/actions-runner/bin'
[2025-03-19 13:44:15Z INFO HostContext] Well known directory 'Root': '/home/jenny/tensorflow-mri/actions-runner'
[2025-03-19 13:44:15Z INFO HostContext] Well known directory 'Diag': '/home/jenny/tensorflow-mri/actions-runner/_diag'
[2025-03-19 13:44:15Z INFO HostContext] Well known directory 'Bin': '/home/jenny/tensorflow-mri/actions-runner/bin'
[2025-03-19 13:44:15Z INFO HostContext] Well known directory 'Root': '/home/jenny/tensorflow-mri/actions-runner'
[2025-03-19 13:44:15Z INFO HostContext] Well known directory 'Diag': '/home/jenny/tensorflow-mri/actions-runner/_diag'
[2025-03-19 13:44:15Z INFO HostContext] Well known directory 'Bin': '/home/jenny/tensorflow-mri/actions-runner/bin'
[2025-03-19 13:44:15Z INFO HostContext] Well known directory 'Root': '/home/jenny/tensorflow-mri/actions-runner'
[2025-03-19 13:44:15Z INFO HostContext] Well known directory 'Work': '/home/jenny/tensorflow-mri/actions-runner/_work'
[2025-03-19 13:44:15Z INFO HostContext] Well known directory 'Temp': '/home/jenny/tensorflow-mri/actions-runner/_work/_temp'
[2025-03-19 13:44:15Z INFO ExecutionContext] Write event payload to /home/jenny/tensorflow-mri/actions-runner/_work/_temp/_github_workflow/event.json
[2025-03-19 13:44:15Z INFO HostContext] Well known directory 'Bin': '/home/jenny/tensorflow-mri/actions-runner/bin'
[2025-03-19 13:44:15Z INFO HostContext] Well known directory 'Root': '/home/jenny/tensorflow-mri/actions-runner'
[2025-03-19 13:44:15Z INFO HostContext] Well known directory 'Work': '/home/jenny/tensorflow-mri/actions-runner/_work'
[2025-03-19 13:44:15Z INFO HostContext] Well known directory 'Temp': '/home/jenny/tensorflow-mri/actions-runner/_work/_temp'
[2025-03-19 13:44:15Z INFO ExtensionManager] Getting extensions for interface: 'GitHub.Runner.Worker.IFileCommandExtension'
[2025-03-19 13:44:15Z INFO ExtensionManager] Creating instance: GitHub.Runner.Worker.AddPathFileCommand, Runner.Worker
[2025-03-19 13:44:15Z INFO ExtensionManager] Creating instance: GitHub.Runner.Worker.SetEnvFileCommand, Runner.Worker
[2025-03-19 13:44:15Z INFO ExtensionManager] Creating instance: GitHub.Runner.Worker.CreateStepSummaryCommand, Runner.Worker
[2025-03-19 13:44:15Z INFO ExtensionManager] Creating instance: GitHub.Runner.Worker.SaveStateFileCommand, Runner.Worker
[2025-03-19 13:44:15Z INFO ExtensionManager] Creating instance: GitHub.Runner.Worker.SetOutputFileCommand, Runner.Worker
[2025-03-19 13:44:15Z INFO ActionManifestManager] Input 'repository': default value evaluate result: {
  "type": 0,
  "file": 2,
  "line": 6,
  "col": 14,
  "lit": "mrphys/tensorflow-mri"
}
[2025-03-19 13:44:15Z INFO ActionManifestManager] Input 'ref': default value evaluate result: ""
[2025-03-19 13:44:15Z INFO ActionManifestManager] Input 'token': default value evaluate result: {
  "type": 0,
  "file": 2,
  "line": 24,
  "col": 14,
  "lit": "***"
}
[2025-03-19 13:44:15Z INFO ActionManifestManager] Input 'ssh-key': default value evaluate result: ""
[2025-03-19 13:44:15Z INFO ActionManifestManager] Input 'ssh-known-hosts': default value evaluate result: ""
[2025-03-19 13:44:15Z INFO ActionManifestManager] Input 'ssh-strict': default value evaluate result: {
  "type": 0,
  "file": 2,
  "line": 47,
  "col": 14,
  "lit": "true"
}
[2025-03-19 13:44:15Z INFO ActionManifestManager] Input 'ssh-user': default value evaluate result: {
  "type": 0,
  "file": 2,
  "line": 51,
  "col": 14,
  "lit": "git"
}
[2025-03-19 13:44:15Z INFO ActionManifestManager] Input 'persist-credentials': default value evaluate result: {
  "type": 0,
  "file": 2,
  "line": 54,
  "col": 14,
  "lit": "true"
}
[2025-03-19 13:44:15Z INFO ActionManifestManager] Input 'clean': default value evaluate result: {
  "type": 0,
  "file": 2,
  "line": 59,
  "col": 14,
  "lit": "true"
}
[2025-03-19 13:44:15Z INFO ActionManifestManager] Input 'filter': default value evaluate result: {
  "type": 0,
  "file": 2,
  "line": 64,
  "col": 14,
  "lit": ""
}
[2025-03-19 13:44:15Z INFO ActionManifestManager] Input 'sparse-checkout': default value evaluate result: {
  "type": 0,
  "file": 2,
  "line": 69,
  "col": 14,
  "lit": ""
}
[2025-03-19 13:44:15Z INFO ActionManifestManager] Input 'sparse-checkout-cone-mode': default value evaluate result: {
  "type": 0,
  "file": 2,
  "line": 73,
  "col": 14,
  "lit": "true"
}
[2025-03-19 13:44:15Z INFO ActionManifestManager] Input 'fetch-depth': default value evaluate result: {
  "type": 0,
  "file": 2,
  "line": 76,
  "col": 14,
  "lit": "1"
}
[2025-03-19 13:44:15Z INFO ActionManifestManager] Input 'fetch-tags': default value evaluate result: {
  "type": 0,
  "file": 2,
  "line": 79,
  "col": 14,
  "lit": "false"
}
[2025-03-19 13:44:15Z INFO ActionManifestManager] Input 'show-progress': default value evaluate result: {
  "type": 0,
  "file": 2,
  "line": 82,
  "col": 14,
  "lit": "true"
}
[2025-03-19 13:44:15Z INFO ActionManifestManager] Input 'lfs': default value evaluate result: {
  "type": 0,
  "file": 2,
  "line": 85,
  "col": 14,
  "lit": "false"
}
[2025-03-19 13:44:15Z INFO ActionManifestManager] Input 'submodules': default value evaluate result: {
  "type": 0,
  "file": 2,
  "line": 94,
  "col": 14,
  "lit": "false"
}
[2025-03-19 13:44:15Z INFO ActionManifestManager] Input 'set-safe-directory': default value evaluate result: {
  "type": 0,
  "file": 2,
  "line": 97,
  "col": 14,
  "lit": "true"
}
[2025-03-19 13:44:15Z INFO ActionManifestManager] Input 'github-server-url': default value evaluate result: ""
[2025-03-19 13:44:15Z INFO ExtensionManager] Getting extensions for interface: 'GitHub.Runner.Worker.IActionCommandExtension'
[2025-03-19 13:44:15Z INFO JobServerQueue] Try to append 1 batches web console lines for record 'b6498fb0-f8e0-46de-a13c-6afc192af8fd', success rate: 1/1.
[2025-03-19 13:44:15Z INFO ExtensionManager] Creating instance: GitHub.Runner.Worker.InternalPluginSetRepoPathCommandExtension, Runner.Worker
[2025-03-19 13:44:15Z INFO ExtensionManager] Creating instance: GitHub.Runner.Worker.SetEnvCommandExtension, Runner.Worker
[2025-03-19 13:44:15Z INFO ExtensionManager] Creating instance: GitHub.Runner.Worker.SetOutputCommandExtension, Runner.Worker
[2025-03-19 13:44:15Z INFO ExtensionManager] Creating instance: GitHub.Runner.Worker.SaveStateCommandExtension, Runner.Worker
[2025-03-19 13:44:15Z INFO ExtensionManager] Creating instance: GitHub.Runner.Worker.AddPathCommandExtension, Runner.Worker
[2025-03-19 13:44:15Z INFO ExtensionManager] Creating instance: GitHub.Runner.Worker.AddMaskCommandExtension, Runner.Worker
[2025-03-19 13:44:15Z INFO ExtensionManager] Creating instance: GitHub.Runner.Worker.AddMatcherCommandExtension, Runner.Worker
[2025-03-19 13:44:15Z INFO ExtensionManager] Creating instance: GitHub.Runner.Worker.RemoveMatcherCommandExtension, Runner.Worker
[2025-03-19 13:44:15Z INFO ExtensionManager] Creating instance: GitHub.Runner.Worker.WarningCommandExtension, Runner.Worker
[2025-03-19 13:44:15Z INFO ExtensionManager] Creating instance: GitHub.Runner.Worker.ErrorCommandExtension, Runner.Worker
[2025-03-19 13:44:15Z INFO ExtensionManager] Creating instance: GitHub.Runner.Worker.NoticeCommandExtension, Runner.Worker
[2025-03-19 13:44:15Z INFO ExtensionManager] Creating instance: GitHub.Runner.Worker.DebugCommandExtension, Runner.Worker
[2025-03-19 13:44:15Z INFO ExtensionManager] Creating instance: GitHub.Runner.Worker.GroupCommandExtension, Runner.Worker
[2025-03-19 13:44:15Z INFO ExtensionManager] Creating instance: GitHub.Runner.Worker.EndGroupCommandExtension, Runner.Worker
[2025-03-19 13:44:15Z INFO ExtensionManager] Creating instance: GitHub.Runner.Worker.EchoCommandExtension, Runner.Worker
[2025-03-19 13:44:15Z INFO ActionCommandManager] Register action command extension for command internal-set-repo-path
[2025-03-19 13:44:15Z INFO ActionCommandManager] Register action command extension for command set-env
[2025-03-19 13:44:15Z INFO ActionCommandManager] Register action command extension for command set-output
[2025-03-19 13:44:15Z INFO ActionCommandManager] Register action command extension for command save-state
[2025-03-19 13:44:15Z INFO ActionCommandManager] Register action command extension for command add-path
[2025-03-19 13:44:15Z INFO ActionCommandManager] Register action command extension for command add-mask
[2025-03-19 13:44:15Z INFO ActionCommandManager] Register action command extension for command add-matcher
[2025-03-19 13:44:15Z INFO ActionCommandManager] Register action command extension for command remove-matcher
[2025-03-19 13:44:15Z INFO ActionCommandManager] Register action command extension for command warning
[2025-03-19 13:44:15Z INFO ActionCommandManager] Register action command extension for command error
[2025-03-19 13:44:15Z INFO ActionCommandManager] Register action command extension for command notice
[2025-03-19 13:44:15Z INFO ActionCommandManager] Register action command extension for command debug
[2025-03-19 13:44:15Z INFO ActionCommandManager] Register action command extension for command group
[2025-03-19 13:44:15Z INFO ActionCommandManager] Register action command extension for command endgroup
[2025-03-19 13:44:15Z INFO ActionCommandManager] Register action command extension for command echo
[2025-03-19 13:44:15Z INFO HostContext] Well known directory 'Bin': '/home/jenny/tensorflow-mri/actions-runner/bin'
[2025-03-19 13:44:15Z INFO HostContext] Well known directory 'Root': '/home/jenny/tensorflow-mri/actions-runner'
[2025-03-19 13:44:15Z INFO HostContext] Well known directory 'Work': '/home/jenny/tensorflow-mri/actions-runner/_work'
[2025-03-19 13:44:15Z INFO ProcessInvokerWrapper] Starting process:
[2025-03-19 13:44:15Z INFO ProcessInvokerWrapper]   File name: '/usr/bin/docker'
[2025-03-19 13:44:15Z INFO ProcessInvokerWrapper]   Arguments: 'exec  91320c0e022882a24899dabc9f5c8a7e057812032e8a3f8d1ac275191796d3dc sh -c "cat /etc/*release | grep ^ID"'
[2025-03-19 13:44:15Z INFO ProcessInvokerWrapper]   Working directory: '/home/jenny/tensorflow-mri/actions-runner/_work'
[2025-03-19 13:44:15Z INFO ProcessInvokerWrapper]   Require exit code zero: 'False'
[2025-03-19 13:44:15Z INFO ProcessInvokerWrapper]   Encoding web name:  ; code page: ''
[2025-03-19 13:44:15Z INFO ProcessInvokerWrapper]   Force kill process on cancellation: 'False'
[2025-03-19 13:44:15Z INFO ProcessInvokerWrapper]   Redirected STDIN: 'False'
[2025-03-19 13:44:15Z INFO ProcessInvokerWrapper]   Persist current code page: 'False'
[2025-03-19 13:44:15Z INFO ProcessInvokerWrapper]   Keep redirected STDIN open: 'False'
[2025-03-19 13:44:15Z INFO ProcessInvokerWrapper]   High priority process: 'False'
[2025-03-19 13:44:15Z INFO ProcessInvokerWrapper] Updated oom_score_adj to 500 for PID: 1866370.
[2025-03-19 13:44:15Z INFO ProcessInvokerWrapper] Process started with process id 1866370, waiting for process exit.
[2025-03-19 13:44:15Z INFO ProcessInvokerWrapper] STDOUT/STDERR stream read finished.
[2025-03-19 13:44:15Z INFO ProcessInvokerWrapper] STDOUT/STDERR stream read finished.
[2025-03-19 13:44:15Z INFO ProcessInvokerWrapper] Finished process 1866370 with exit code 0, and elapsed time 00:00:00.0485060.
[2025-03-19 13:44:15Z INFO HostContext] Well known directory 'Bin': '/home/jenny/tensorflow-mri/actions-runner/bin'
[2025-03-19 13:44:15Z INFO HostContext] Well known directory 'Root': '/home/jenny/tensorflow-mri/actions-runner'
[2025-03-19 13:44:15Z INFO HostContext] Well known directory 'Externals': '/home/jenny/tensorflow-mri/actions-runner/externals'
[2025-03-19 13:44:15Z INFO HostContext] Well known directory 'Bin': '/home/jenny/tensorflow-mri/actions-runner/bin'
[2025-03-19 13:44:15Z INFO HostContext] Well known directory 'Root': '/home/jenny/tensorflow-mri/actions-runner'
[2025-03-19 13:44:15Z INFO HostContext] Well known directory 'Work': '/home/jenny/tensorflow-mri/actions-runner/_work'
[2025-03-19 13:44:15Z INFO ProcessInvokerWrapper] Starting process:
[2025-03-19 13:44:15Z INFO ProcessInvokerWrapper]   File name: '/usr/bin/docker'
[2025-03-19 13:44:15Z INFO ProcessInvokerWrapper]   Arguments: 'exec -i --workdir /__w/tensorflow-mri/tensorflow-mri -e "PYTHON" -e "INPUT_PATH" -e "INPUT_REPOSITORY" -e "INPUT_REF" -e "INPUT_TOKEN" -e "INPUT_SSH-KEY" -e "INPUT_SSH-KNOWN-HOSTS" -e "INPUT_SSH-STRICT" -e "INPUT_SSH-USER" -e "INPUT_PERSIST-CREDENTIALS" -e "INPUT_CLEAN" -e "INPUT_FILTER" -e "INPUT_SPARSE-CHECKOUT" -e "INPUT_SPARSE-CHECKOUT-CONE-MODE" -e "INPUT_FETCH-DEPTH" -e "INPUT_FETCH-TAGS" -e "INPUT_SHOW-PROGRESS" -e "INPUT_LFS" -e "INPUT_SUBMODULES" -e "INPUT_SET-SAFE-DIRECTORY" -e "INPUT_GITHUB-SERVER-URL" -e "GITHUB_JOB" -e "GITHUB_REF" -e "GITHUB_SHA" -e "GITHUB_REPOSITORY" -e "GITHUB_REPOSITORY_OWNER" -e "GITHUB_REPOSITORY_OWNER_ID" -e "GITHUB_RUN_ID" -e "GITHUB_RUN_NUMBER" -e "GITHUB_RETENTION_DAYS" -e "GITHUB_RUN_ATTEMPT" -e "GITHUB_ACTOR_ID" -e "GITHUB_ACTOR" -e "GITHUB_WORKFLOW" -e "GITHUB_HEAD_REF" -e "GITHUB_BASE_REF" -e "GITHUB_EVENT_NAME" -e "GITHUB_SERVER_URL" -e "GITHUB_API_URL" -e "GITHUB_GRAPHQL_URL" -e "GITHUB_REF_NAME" -e "GITHUB_REF_PROTECTED" -e "GITHUB_REF_TYPE" -e "GITHUB_WORKFLOW_REF" -e "GITHUB_WORKFLOW_SHA" -e "GITHUB_REPOSITORY_ID" -e "GITHUB_TRIGGERING_ACTOR" -e "GITHUB_WORKSPACE" -e "GITHUB_ACTION" -e "GITHUB_EVENT_PATH" -e "GITHUB_ACTION_REPOSITORY" -e "GITHUB_ACTION_REF" -e "GITHUB_PATH" -e "GITHUB_ENV" -e "GITHUB_STEP_SUMMARY" -e "GITHUB_STATE" -e "GITHUB_OUTPUT" -e "RUNNER_OS" -e "RUNNER_ARCH" -e "RUNNER_NAME" -e "RUNNER_ENVIRONMENT" -e "RUNNER_TOOL_CACHE" -e "RUNNER_TEMP" -e "RUNNER_WORKSPACE" -e "ACTIONS_RUNTIME_URL" -e "ACTIONS_RUNTIME_TOKEN" -e "ACTIONS_CACHE_URL" -e "ACTIONS_RESULTS_URL" -e "ACTIONS_CACHE_SERVICE_V2" 91320c0e022882a24899dabc9f5c8a7e057812032e8a3f8d1ac275191796d3dc /__e/node20/bin/node /__w/_actions/actions/checkout/v4/dist/index.js'
[2025-03-19 13:44:15Z INFO ProcessInvokerWrapper]   Working directory: '/home/jenny/tensorflow-mri/actions-runner/_work'
[2025-03-19 13:44:15Z INFO ProcessInvokerWrapper]   Require exit code zero: 'False'
[2025-03-19 13:44:15Z INFO ProcessInvokerWrapper]   Encoding web name:  ; code page: ''
[2025-03-19 13:44:15Z INFO ProcessInvokerWrapper]   Force kill process on cancellation: 'False'
[2025-03-19 13:44:15Z INFO ProcessInvokerWrapper]   Redirected STDIN: 'False'
[2025-03-19 13:44:15Z INFO ProcessInvokerWrapper]   Persist current code page: 'False'
[2025-03-19 13:44:15Z INFO ProcessInvokerWrapper]   Keep redirected STDIN open: 'False'
[2025-03-19 13:44:15Z INFO ProcessInvokerWrapper]   High priority process: 'False'
[2025-03-19 13:44:15Z INFO ProcessInvokerWrapper] Updated oom_score_adj to 500 for PID: 1866402.
[2025-03-19 13:44:15Z INFO ProcessInvokerWrapper] Process started with process id 1866402, waiting for process exit.
[2025-03-19 13:44:15Z INFO JobServerQueue] Got a step log file to send to results service.
[2025-03-19 13:44:15Z INFO JobServerQueue] Starting upload of step log file to results service ResultsLog, /home/jenny/tensorflow-mri/actions-runner/_diag/blocks/b0449f54-93fc-4d57-8f9f-b37b3b557707_e58ed4ad-a084-478f-adeb-6c8e2eeaf893.1
[2025-03-19 13:44:15Z INFO AddMaskCommandExtension] Add new secret mask with length of 76
[2025-03-19 13:44:15Z INFO JobServerQueue] Try to append 1 batches web console lines for record '3c0ec334-900e-4e1d-972e-f4478303b400', success rate: 1/1.
[2025-03-19 13:44:15Z INFO JobServerQueue] Got a step log file to send to results service.
[2025-03-19 13:44:15Z INFO JobServerQueue] Starting upload of step log file to results service ResultsLog, /home/jenny/tensorflow-mri/actions-runner/_diag/blocks/b0449f54-93fc-4d57-8f9f-b37b3b557707_b6498fb0-f8e0-46de-a13c-6afc192af8fd.1
[2025-03-19 13:44:15Z INFO JobServerQueue] Try to upload 1 log files or attachments, success rate: 1/1.
[2025-03-19 13:44:16Z INFO JobServerQueue] Try to append 1 batches web console lines for record '3c0ec334-900e-4e1d-972e-f4478303b400', success rate: 1/1.
[2025-03-19 13:44:16Z INFO JobServerQueue] Tried to upload 2 file(s) to results, success rate: 2/2.
[2025-03-19 13:44:23Z INFO HostContext] Well known directory 'Bin': '/home/jenny/tensorflow-mri/actions-runner/bin'
[2025-03-19 13:44:23Z INFO HostContext] Well known directory 'Root': '/home/jenny/tensorflow-mri/actions-runner'
[2025-03-19 13:44:23Z INFO HostContext] Well known directory 'Work': '/home/jenny/tensorflow-mri/actions-runner/_work'
[2025-03-19 13:44:29Z INFO JobServerQueue] Try to append 1 batches web console lines for record '3c0ec334-900e-4e1d-972e-f4478303b400', success rate: 1/1.
[2025-03-19 13:44:31Z INFO JobServerQueue] Try to append 1 batches web console lines for record '3c0ec334-900e-4e1d-972e-f4478303b400', success rate: 1/1.
[2025-03-19 13:44:31Z INFO JobServerQueue] Try to append 1 batches web console lines for record '3c0ec334-900e-4e1d-972e-f4478303b400', success rate: 1/1.
[2025-03-19 13:44:32Z INFO JobServerQueue] Try to append 1 batches web console lines for record '3c0ec334-900e-4e1d-972e-f4478303b400', success rate: 1/1.
[2025-03-19 13:44:32Z INFO ProcessInvokerWrapper] STDOUT/STDERR stream read finished.
[2025-03-19 13:44:32Z INFO ProcessInvokerWrapper] STDOUT/STDERR stream read finished.
[2025-03-19 13:44:32Z INFO ProcessInvokerWrapper] Finished process 1866402 with exit code 0, and elapsed time 00:00:16.7417778.
[2025-03-19 13:44:32Z INFO CreateStepSummaryCommand] Step Summary file (/home/jenny/tensorflow-mri/actions-runner/_work/_temp/_runner_file_commands/step_summary_9d060ddd-a1ba-411c-9989-1f3527b34001) is empty; skipping attachment upload
[2025-03-19 13:44:32Z INFO StepsRunner] Step result: 
[2025-03-19 13:44:32Z INFO ExecutionContext] Publish step telemetry for current step {
  "action": "actions/checkout",
  "ref": "v4",
  "type": "node20",
  "stage": "Main",
  "stepId": "3c0ec334-900e-4e1d-972e-f4478303b400",
  "stepContextName": "__actions_checkout",
  "hasPreStep": false,
  "hasPostStep": true,
  "result": "succeeded",
  "errorMessages": [],
  "executionTimeInSeconds": 17,
  "startTime": "2025-03-19T13:44:15.4715309Z",
  "finishTime": "2025-03-19T13:44:32.3292436Z"
}.
[2025-03-19 13:44:32Z INFO StepsRunner] No need for updating job result with current step result 'Succeeded'.
[2025-03-19 13:44:32Z INFO StepsRunner] Current state: job state = ''
[2025-03-19 13:44:32Z INFO StepsRunner] Processing step: DisplayName='Free Disk Space Before Build'
[2025-03-19 13:44:32Z INFO StepsRunner] Evaluating: success()
[2025-03-19 13:44:32Z INFO StepsRunner] Result: true
[2025-03-19 13:44:32Z INFO StepsRunner] Starting the step.
[2025-03-19 13:44:32Z INFO HostContext] Well known directory 'Bin': '/home/jenny/tensorflow-mri/actions-runner/bin'
[2025-03-19 13:44:32Z INFO HostContext] Well known directory 'Root': '/home/jenny/tensorflow-mri/actions-runner'
[2025-03-19 13:44:32Z INFO HostContext] Well known directory 'Work': '/home/jenny/tensorflow-mri/actions-runner/_work'
[2025-03-19 13:44:32Z INFO HostContext] Well known directory 'Temp': '/home/jenny/tensorflow-mri/actions-runner/_work/_temp'
[2025-03-19 13:44:32Z INFO ExecutionContext] Write event payload to /home/jenny/tensorflow-mri/actions-runner/_work/_temp/_github_workflow/event.json
[2025-03-19 13:44:32Z INFO HostContext] Well known directory 'Bin': '/home/jenny/tensorflow-mri/actions-runner/bin'
[2025-03-19 13:44:32Z INFO HostContext] Well known directory 'Root': '/home/jenny/tensorflow-mri/actions-runner'
[2025-03-19 13:44:32Z INFO HostContext] Well known directory 'Work': '/home/jenny/tensorflow-mri/actions-runner/_work'
[2025-03-19 13:44:32Z INFO HostContext] Well known directory 'Temp': '/home/jenny/tensorflow-mri/actions-runner/_work/_temp'
[2025-03-19 13:44:32Z INFO ExtensionManager] Getting extensions for interface: 'GitHub.Runner.Worker.IFileCommandExtension'
[2025-03-19 13:44:32Z INFO ExtensionManager] Getting extensions for interface: 'GitHub.Runner.Worker.IActionCommandExtension'
[2025-03-19 13:44:32Z INFO ActionCommandManager] Register action command extension for command internal-set-repo-path
[2025-03-19 13:44:32Z INFO ActionCommandManager] Register action command extension for command set-env
[2025-03-19 13:44:32Z INFO ActionCommandManager] Register action command extension for command set-output
[2025-03-19 13:44:32Z INFO ActionCommandManager] Register action command extension for command save-state
[2025-03-19 13:44:32Z INFO ActionCommandManager] Register action command extension for command add-path
[2025-03-19 13:44:32Z INFO ActionCommandManager] Register action command extension for command add-mask
[2025-03-19 13:44:32Z INFO ActionCommandManager] Register action command extension for command add-matcher
[2025-03-19 13:44:32Z INFO ActionCommandManager] Register action command extension for command remove-matcher
[2025-03-19 13:44:32Z INFO ActionCommandManager] Register action command extension for command warning
[2025-03-19 13:44:32Z INFO ActionCommandManager] Register action command extension for command error
[2025-03-19 13:44:32Z INFO ActionCommandManager] Register action command extension for command notice
[2025-03-19 13:44:32Z INFO ActionCommandManager] Register action command extension for command debug
[2025-03-19 13:44:32Z INFO ActionCommandManager] Register action command extension for command group
[2025-03-19 13:44:32Z INFO ActionCommandManager] Register action command extension for command endgroup
[2025-03-19 13:44:32Z INFO ActionCommandManager] Register action command extension for command echo
[2025-03-19 13:44:32Z INFO HostContext] Well known directory 'Bin': '/home/jenny/tensorflow-mri/actions-runner/bin'
[2025-03-19 13:44:32Z INFO HostContext] Well known directory 'Root': '/home/jenny/tensorflow-mri/actions-runner'
[2025-03-19 13:44:32Z INFO HostContext] Well known directory 'Work': '/home/jenny/tensorflow-mri/actions-runner/_work'
[2025-03-19 13:44:32Z INFO HostContext] Well known directory 'Temp': '/home/jenny/tensorflow-mri/actions-runner/_work/_temp'
[2025-03-19 13:44:32Z INFO ScriptHandler] Which2: 'bash'
[2025-03-19 13:44:32Z INFO ScriptHandler] Location: '/usr/bin/bash'
[2025-03-19 13:44:32Z INFO HostContext] Well known directory 'Bin': '/home/jenny/tensorflow-mri/actions-runner/bin'
[2025-03-19 13:44:32Z INFO HostContext] Well known directory 'Root': '/home/jenny/tensorflow-mri/actions-runner'
[2025-03-19 13:44:32Z INFO HostContext] Well known directory 'Work': '/home/jenny/tensorflow-mri/actions-runner/_work'
[2025-03-19 13:44:32Z INFO ProcessInvokerWrapper] Starting process:
[2025-03-19 13:44:32Z INFO ProcessInvokerWrapper]   File name: '/usr/bin/docker'
[2025-03-19 13:44:32Z INFO ProcessInvokerWrapper]   Arguments: 'exec -i --workdir /__w/tensorflow-mri/tensorflow-mri -e "PYTHON" -e "GITHUB_JOB" -e "GITHUB_REF" -e "GITHUB_SHA" -e "GITHUB_REPOSITORY" -e "GITHUB_REPOSITORY_OWNER" -e "GITHUB_REPOSITORY_OWNER_ID" -e "GITHUB_RUN_ID" -e "GITHUB_RUN_NUMBER" -e "GITHUB_RETENTION_DAYS" -e "GITHUB_RUN_ATTEMPT" -e "GITHUB_ACTOR_ID" -e "GITHUB_ACTOR" -e "GITHUB_WORKFLOW" -e "GITHUB_HEAD_REF" -e "GITHUB_BASE_REF" -e "GITHUB_EVENT_NAME" -e "GITHUB_SERVER_URL" -e "GITHUB_API_URL" -e "GITHUB_GRAPHQL_URL" -e "GITHUB_REF_NAME" -e "GITHUB_REF_PROTECTED" -e "GITHUB_REF_TYPE" -e "GITHUB_WORKFLOW_REF" -e "GITHUB_WORKFLOW_SHA" -e "GITHUB_REPOSITORY_ID" -e "GITHUB_TRIGGERING_ACTOR" -e "GITHUB_WORKSPACE" -e "GITHUB_ACTION" -e "GITHUB_EVENT_PATH" -e "GITHUB_ACTION_REPOSITORY" -e "GITHUB_ACTION_REF" -e "GITHUB_PATH" -e "GITHUB_ENV" -e "GITHUB_STEP_SUMMARY" -e "GITHUB_STATE" -e "GITHUB_OUTPUT" -e "RUNNER_OS" -e "RUNNER_ARCH" -e "RUNNER_NAME" -e "RUNNER_ENVIRONMENT" -e "RUNNER_TOOL_CACHE" -e "RUNNER_TEMP" -e "RUNNER_WORKSPACE" 91320c0e022882a24899dabc9f5c8a7e057812032e8a3f8d1ac275191796d3dc sh -e /__w/_temp/50c4d031-2247-49eb-bfee-64553b2b4d0b.sh'
[2025-03-19 13:44:32Z INFO ProcessInvokerWrapper]   Working directory: '/home/jenny/tensorflow-mri/actions-runner/_work'
[2025-03-19 13:44:32Z INFO ProcessInvokerWrapper]   Require exit code zero: 'False'
[2025-03-19 13:44:32Z INFO ProcessInvokerWrapper]   Encoding web name:  ; code page: ''
[2025-03-19 13:44:32Z INFO ProcessInvokerWrapper]   Force kill process on cancellation: 'False'
[2025-03-19 13:44:32Z INFO ProcessInvokerWrapper]   Redirected STDIN: 'False'
[2025-03-19 13:44:32Z INFO ProcessInvokerWrapper]   Persist current code page: 'False'
[2025-03-19 13:44:32Z INFO ProcessInvokerWrapper]   Keep redirected STDIN open: 'False'
[2025-03-19 13:44:32Z INFO ProcessInvokerWrapper]   High priority process: 'False'
[2025-03-19 13:44:32Z INFO ProcessInvokerWrapper] Updated oom_score_adj to 500 for PID: 1870495.
[2025-03-19 13:44:32Z INFO ProcessInvokerWrapper] Process started with process id 1870495, waiting for process exit.
[2025-03-19 13:44:32Z INFO JobServerQueue] Try to append 1 batches web console lines for record '3c0ec334-900e-4e1d-972e-f4478303b400', success rate: 1/1.
[2025-03-19 13:44:32Z INFO JobServerQueue] Try to append 1 batches web console lines for record '8dda5e33-c96d-436a-9782-6a417efd9024', success rate: 1/1.
[2025-03-19 13:44:32Z INFO ProcessInvokerWrapper] STDOUT/STDERR stream read finished.
[2025-03-19 13:44:32Z INFO ProcessInvokerWrapper] STDOUT/STDERR stream read finished.
[2025-03-19 13:44:32Z INFO ProcessInvokerWrapper] Finished process 1870495 with exit code 0, and elapsed time 00:00:00.0811067.
[2025-03-19 13:44:32Z INFO CreateStepSummaryCommand] Step Summary file (/home/jenny/tensorflow-mri/actions-runner/_work/_temp/_runner_file_commands/step_summary_5b12a7ec-e9e4-443d-b746-a3349f5578e0) is empty; skipping attachment upload
[2025-03-19 13:44:32Z INFO StepsRunner] Step result: 
[2025-03-19 13:44:32Z INFO ExecutionContext] Publish step telemetry for current step {
  "action": "sh",
  "type": "run",
  "stage": "Main",
  "stepId": "8dda5e33-c96d-436a-9782-6a417efd9024",
  "stepContextName": "__run",
  "result": "succeeded",
  "errorMessages": [],
  "executionTimeInSeconds": 1,
  "startTime": "2025-03-19T13:44:32.3298463Z",
  "finishTime": "2025-03-19T13:44:32.4192832Z"
}.
[2025-03-19 13:44:32Z INFO StepsRunner] No need for updating job result with current step result 'Succeeded'.
[2025-03-19 13:44:32Z INFO StepsRunner] Current state: job state = ''
[2025-03-19 13:44:32Z INFO StepsRunner] Processing step: DisplayName='Get directory'
[2025-03-19 13:44:32Z INFO StepsRunner] Evaluating: success()
[2025-03-19 13:44:32Z INFO StepsRunner] Result: true
[2025-03-19 13:44:32Z INFO StepsRunner] Starting the step.
[2025-03-19 13:44:32Z INFO HostContext] Well known directory 'Bin': '/home/jenny/tensorflow-mri/actions-runner/bin'
[2025-03-19 13:44:32Z INFO HostContext] Well known directory 'Root': '/home/jenny/tensorflow-mri/actions-runner'
[2025-03-19 13:44:32Z INFO HostContext] Well known directory 'Work': '/home/jenny/tensorflow-mri/actions-runner/_work'
[2025-03-19 13:44:32Z INFO HostContext] Well known directory 'Temp': '/home/jenny/tensorflow-mri/actions-runner/_work/_temp'
[2025-03-19 13:44:32Z INFO ExecutionContext] Write event payload to /home/jenny/tensorflow-mri/actions-runner/_work/_temp/_github_workflow/event.json
[2025-03-19 13:44:32Z INFO HostContext] Well known directory 'Bin': '/home/jenny/tensorflow-mri/actions-runner/bin'
[2025-03-19 13:44:32Z INFO HostContext] Well known directory 'Root': '/home/jenny/tensorflow-mri/actions-runner'
[2025-03-19 13:44:32Z INFO HostContext] Well known directory 'Work': '/home/jenny/tensorflow-mri/actions-runner/_work'
[2025-03-19 13:44:32Z INFO HostContext] Well known directory 'Temp': '/home/jenny/tensorflow-mri/actions-runner/_work/_temp'
[2025-03-19 13:44:32Z INFO ExtensionManager] Getting extensions for interface: 'GitHub.Runner.Worker.IFileCommandExtension'
[2025-03-19 13:44:32Z INFO ExtensionManager] Getting extensions for interface: 'GitHub.Runner.Worker.IActionCommandExtension'
[2025-03-19 13:44:32Z INFO ActionCommandManager] Register action command extension for command internal-set-repo-path
[2025-03-19 13:44:32Z INFO ActionCommandManager] Register action command extension for command set-env
[2025-03-19 13:44:32Z INFO ActionCommandManager] Register action command extension for command set-output
[2025-03-19 13:44:32Z INFO ActionCommandManager] Register action command extension for command save-state
[2025-03-19 13:44:32Z INFO ActionCommandManager] Register action command extension for command add-path
[2025-03-19 13:44:32Z INFO ActionCommandManager] Register action command extension for command add-mask
[2025-03-19 13:44:32Z INFO ActionCommandManager] Register action command extension for command add-matcher
[2025-03-19 13:44:32Z INFO ActionCommandManager] Register action command extension for command remove-matcher
[2025-03-19 13:44:32Z INFO ActionCommandManager] Register action command extension for command warning
[2025-03-19 13:44:32Z INFO ActionCommandManager] Register action command extension for command error
[2025-03-19 13:44:32Z INFO ActionCommandManager] Register action command extension for command notice
[2025-03-19 13:44:32Z INFO ActionCommandManager] Register action command extension for command debug
[2025-03-19 13:44:32Z INFO ActionCommandManager] Register action command extension for command group
[2025-03-19 13:44:32Z INFO ActionCommandManager] Register action command extension for command endgroup
[2025-03-19 13:44:32Z INFO ActionCommandManager] Register action command extension for command echo
[2025-03-19 13:44:32Z INFO HostContext] Well known directory 'Bin': '/home/jenny/tensorflow-mri/actions-runner/bin'
[2025-03-19 13:44:32Z INFO HostContext] Well known directory 'Root': '/home/jenny/tensorflow-mri/actions-runner'
[2025-03-19 13:44:32Z INFO HostContext] Well known directory 'Work': '/home/jenny/tensorflow-mri/actions-runner/_work'
[2025-03-19 13:44:32Z INFO HostContext] Well known directory 'Temp': '/home/jenny/tensorflow-mri/actions-runner/_work/_temp'
[2025-03-19 13:44:32Z INFO ScriptHandler] Which2: 'bash'
[2025-03-19 13:44:32Z INFO ScriptHandler] Location: '/usr/bin/bash'
[2025-03-19 13:44:32Z INFO HostContext] Well known directory 'Bin': '/home/jenny/tensorflow-mri/actions-runner/bin'
[2025-03-19 13:44:32Z INFO HostContext] Well known directory 'Root': '/home/jenny/tensorflow-mri/actions-runner'
[2025-03-19 13:44:32Z INFO HostContext] Well known directory 'Work': '/home/jenny/tensorflow-mri/actions-runner/_work'
[2025-03-19 13:44:32Z INFO ProcessInvokerWrapper] Starting process:
[2025-03-19 13:44:32Z INFO ProcessInvokerWrapper]   File name: '/usr/bin/docker'
[2025-03-19 13:44:32Z INFO ProcessInvokerWrapper]   Arguments: 'exec -i --workdir /__w/tensorflow-mri/tensorflow-mri -e "PYTHON" -e "GITHUB_JOB" -e "GITHUB_REF" -e "GITHUB_SHA" -e "GITHUB_REPOSITORY" -e "GITHUB_REPOSITORY_OWNER" -e "GITHUB_REPOSITORY_OWNER_ID" -e "GITHUB_RUN_ID" -e "GITHUB_RUN_NUMBER" -e "GITHUB_RETENTION_DAYS" -e "GITHUB_RUN_ATTEMPT" -e "GITHUB_ACTOR_ID" -e "GITHUB_ACTOR" -e "GITHUB_WORKFLOW" -e "GITHUB_HEAD_REF" -e "GITHUB_BASE_REF" -e "GITHUB_EVENT_NAME" -e "GITHUB_SERVER_URL" -e "GITHUB_API_URL" -e "GITHUB_GRAPHQL_URL" -e "GITHUB_REF_NAME" -e "GITHUB_REF_PROTECTED" -e "GITHUB_REF_TYPE" -e "GITHUB_WORKFLOW_REF" -e "GITHUB_WORKFLOW_SHA" -e "GITHUB_REPOSITORY_ID" -e "GITHUB_TRIGGERING_ACTOR" -e "GITHUB_WORKSPACE" -e "GITHUB_ACTION" -e "GITHUB_EVENT_PATH" -e "GITHUB_ACTION_REPOSITORY" -e "GITHUB_ACTION_REF" -e "GITHUB_PATH" -e "GITHUB_ENV" -e "GITHUB_STEP_SUMMARY" -e "GITHUB_STATE" -e "GITHUB_OUTPUT" -e "RUNNER_OS" -e "RUNNER_ARCH" -e "RUNNER_NAME" -e "RUNNER_ENVIRONMENT" -e "RUNNER_TOOL_CACHE" -e "RUNNER_TEMP" -e "RUNNER_WORKSPACE" 91320c0e022882a24899dabc9f5c8a7e057812032e8a3f8d1ac275191796d3dc sh -e /__w/_temp/04f0ffff-896e-4228-b255-aa099f3a6286.sh'
[2025-03-19 13:44:32Z INFO ProcessInvokerWrapper]   Working directory: '/home/jenny/tensorflow-mri/actions-runner/_work'
[2025-03-19 13:44:32Z INFO ProcessInvokerWrapper]   Require exit code zero: 'False'
[2025-03-19 13:44:32Z INFO ProcessInvokerWrapper]   Encoding web name:  ; code page: ''
[2025-03-19 13:44:32Z INFO ProcessInvokerWrapper]   Force kill process on cancellation: 'False'
[2025-03-19 13:44:32Z INFO ProcessInvokerWrapper]   Redirected STDIN: 'False'
[2025-03-19 13:44:32Z INFO ProcessInvokerWrapper]   Persist current code page: 'False'
[2025-03-19 13:44:32Z INFO ProcessInvokerWrapper]   Keep redirected STDIN open: 'False'
[2025-03-19 13:44:32Z INFO ProcessInvokerWrapper]   High priority process: 'False'
[2025-03-19 13:44:32Z INFO ProcessInvokerWrapper] Updated oom_score_adj to 500 for PID: 1870579.
[2025-03-19 13:44:32Z INFO ProcessInvokerWrapper] Process started with process id 1870579, waiting for process exit.
[2025-03-19 13:44:32Z INFO ProcessInvokerWrapper] STDOUT/STDERR stream read finished.
[2025-03-19 13:44:32Z INFO ProcessInvokerWrapper] STDOUT/STDERR stream read finished.
[2025-03-19 13:44:32Z INFO ProcessInvokerWrapper] Finished process 1870579 with exit code 0, and elapsed time 00:00:00.0548904.
[2025-03-19 13:44:32Z INFO CreateStepSummaryCommand] Step Summary file (/home/jenny/tensorflow-mri/actions-runner/_work/_temp/_runner_file_commands/step_summary_bcc50cbf-6b27-406e-b4d1-f2b571a5cbd9) is empty; skipping attachment upload
[2025-03-19 13:44:32Z INFO StepsRunner] Step result: 
[2025-03-19 13:44:32Z INFO ExecutionContext] Publish step telemetry for current step {
  "action": "sh",
  "type": "run",
  "stage": "Main",
  "stepId": "01f2d3d3-6750-4823-8865-18cbf1738d55",
  "stepContextName": "__run_2",
  "result": "succeeded",
  "errorMessages": [],
  "executionTimeInSeconds": 1,
  "startTime": "2025-03-19T13:44:32.419813Z",
  "finishTime": "2025-03-19T13:44:32.4786256Z"
}.
[2025-03-19 13:44:32Z INFO StepsRunner] No need for updating job result with current step result 'Succeeded'.
[2025-03-19 13:44:32Z INFO StepsRunner] Current state: job state = ''
[2025-03-19 13:44:32Z INFO StepsRunner] Processing step: DisplayName='Lint code'
[2025-03-19 13:44:32Z INFO StepsRunner] Evaluating: success()
[2025-03-19 13:44:32Z INFO StepsRunner] Result: true
[2025-03-19 13:44:32Z INFO StepsRunner] Starting the step.
[2025-03-19 13:44:32Z INFO HostContext] Well known directory 'Bin': '/home/jenny/tensorflow-mri/actions-runner/bin'
[2025-03-19 13:44:32Z INFO HostContext] Well known directory 'Root': '/home/jenny/tensorflow-mri/actions-runner'
[2025-03-19 13:44:32Z INFO HostContext] Well known directory 'Work': '/home/jenny/tensorflow-mri/actions-runner/_work'
[2025-03-19 13:44:32Z INFO HostContext] Well known directory 'Temp': '/home/jenny/tensorflow-mri/actions-runner/_work/_temp'
[2025-03-19 13:44:32Z INFO ExecutionContext] Write event payload to /home/jenny/tensorflow-mri/actions-runner/_work/_temp/_github_workflow/event.json
[2025-03-19 13:44:32Z INFO HostContext] Well known directory 'Bin': '/home/jenny/tensorflow-mri/actions-runner/bin'
[2025-03-19 13:44:32Z INFO HostContext] Well known directory 'Root': '/home/jenny/tensorflow-mri/actions-runner'
[2025-03-19 13:44:32Z INFO HostContext] Well known directory 'Work': '/home/jenny/tensorflow-mri/actions-runner/_work'
[2025-03-19 13:44:32Z INFO HostContext] Well known directory 'Temp': '/home/jenny/tensorflow-mri/actions-runner/_work/_temp'
[2025-03-19 13:44:32Z INFO ExtensionManager] Getting extensions for interface: 'GitHub.Runner.Worker.IFileCommandExtension'
[2025-03-19 13:44:32Z INFO ExtensionManager] Getting extensions for interface: 'GitHub.Runner.Worker.IActionCommandExtension'
[2025-03-19 13:44:32Z INFO ActionCommandManager] Register action command extension for command internal-set-repo-path
[2025-03-19 13:44:32Z INFO ActionCommandManager] Register action command extension for command set-env
[2025-03-19 13:44:32Z INFO ActionCommandManager] Register action command extension for command set-output
[2025-03-19 13:44:32Z INFO ActionCommandManager] Register action command extension for command save-state
[2025-03-19 13:44:32Z INFO ActionCommandManager] Register action command extension for command add-path
[2025-03-19 13:44:32Z INFO ActionCommandManager] Register action command extension for command add-mask
[2025-03-19 13:44:32Z INFO ActionCommandManager] Register action command extension for command add-matcher
[2025-03-19 13:44:32Z INFO ActionCommandManager] Register action command extension for command remove-matcher
[2025-03-19 13:44:32Z INFO ActionCommandManager] Register action command extension for command warning
[2025-03-19 13:44:32Z INFO ActionCommandManager] Register action command extension for command error
[2025-03-19 13:44:32Z INFO ActionCommandManager] Register action command extension for command notice
[2025-03-19 13:44:32Z INFO ActionCommandManager] Register action command extension for command debug
[2025-03-19 13:44:32Z INFO ActionCommandManager] Register action command extension for command group
[2025-03-19 13:44:32Z INFO ActionCommandManager] Register action command extension for command endgroup
[2025-03-19 13:44:32Z INFO ActionCommandManager] Register action command extension for command echo
[2025-03-19 13:44:32Z INFO HostContext] Well known directory 'Bin': '/home/jenny/tensorflow-mri/actions-runner/bin'
[2025-03-19 13:44:32Z INFO HostContext] Well known directory 'Root': '/home/jenny/tensorflow-mri/actions-runner'
[2025-03-19 13:44:32Z INFO HostContext] Well known directory 'Work': '/home/jenny/tensorflow-mri/actions-runner/_work'
[2025-03-19 13:44:32Z INFO HostContext] Well known directory 'Temp': '/home/jenny/tensorflow-mri/actions-runner/_work/_temp'
[2025-03-19 13:44:32Z INFO ScriptHandler] Which2: 'bash'
[2025-03-19 13:44:32Z INFO ScriptHandler] Location: '/usr/bin/bash'
[2025-03-19 13:44:32Z INFO HostContext] Well known directory 'Bin': '/home/jenny/tensorflow-mri/actions-runner/bin'
[2025-03-19 13:44:32Z INFO HostContext] Well known directory 'Root': '/home/jenny/tensorflow-mri/actions-runner'
[2025-03-19 13:44:32Z INFO HostContext] Well known directory 'Work': '/home/jenny/tensorflow-mri/actions-runner/_work'
[2025-03-19 13:44:32Z INFO ProcessInvokerWrapper] Starting process:
[2025-03-19 13:44:32Z INFO ProcessInvokerWrapper]   File name: '/usr/bin/docker'
[2025-03-19 13:44:32Z INFO ProcessInvokerWrapper]   Arguments: 'exec -i --workdir /__w/tensorflow-mri/tensorflow-mri -e "PYTHON" -e "GITHUB_JOB" -e "GITHUB_REF" -e "GITHUB_SHA" -e "GITHUB_REPOSITORY" -e "GITHUB_REPOSITORY_OWNER" -e "GITHUB_REPOSITORY_OWNER_ID" -e "GITHUB_RUN_ID" -e "GITHUB_RUN_NUMBER" -e "GITHUB_RETENTION_DAYS" -e "GITHUB_RUN_ATTEMPT" -e "GITHUB_ACTOR_ID" -e "GITHUB_ACTOR" -e "GITHUB_WORKFLOW" -e "GITHUB_HEAD_REF" -e "GITHUB_BASE_REF" -e "GITHUB_EVENT_NAME" -e "GITHUB_SERVER_URL" -e "GITHUB_API_URL" -e "GITHUB_GRAPHQL_URL" -e "GITHUB_REF_NAME" -e "GITHUB_REF_PROTECTED" -e "GITHUB_REF_TYPE" -e "GITHUB_WORKFLOW_REF" -e "GITHUB_WORKFLOW_SHA" -e "GITHUB_REPOSITORY_ID" -e "GITHUB_TRIGGERING_ACTOR" -e "GITHUB_WORKSPACE" -e "GITHUB_ACTION" -e "GITHUB_EVENT_PATH" -e "GITHUB_ACTION_REPOSITORY" -e "GITHUB_ACTION_REF" -e "GITHUB_PATH" -e "GITHUB_ENV" -e "GITHUB_STEP_SUMMARY" -e "GITHUB_STATE" -e "GITHUB_OUTPUT" -e "RUNNER_OS" -e "RUNNER_ARCH" -e "RUNNER_NAME" -e "RUNNER_ENVIRONMENT" -e "RUNNER_TOOL_CACHE" -e "RUNNER_TEMP" -e "RUNNER_WORKSPACE" 91320c0e022882a24899dabc9f5c8a7e057812032e8a3f8d1ac275191796d3dc sh -e /__w/_temp/5306d048-4552-41bf-a9dc-29f0eada74d1.sh'
[2025-03-19 13:44:32Z INFO ProcessInvokerWrapper]   Working directory: '/home/jenny/tensorflow-mri/actions-runner/_work'
[2025-03-19 13:44:32Z INFO ProcessInvokerWrapper]   Require exit code zero: 'False'
[2025-03-19 13:44:32Z INFO ProcessInvokerWrapper]   Encoding web name:  ; code page: ''
[2025-03-19 13:44:32Z INFO ProcessInvokerWrapper]   Force kill process on cancellation: 'False'
[2025-03-19 13:44:32Z INFO ProcessInvokerWrapper]   Redirected STDIN: 'False'
[2025-03-19 13:44:32Z INFO ProcessInvokerWrapper]   Persist current code page: 'False'
[2025-03-19 13:44:32Z INFO ProcessInvokerWrapper]   Keep redirected STDIN open: 'False'
[2025-03-19 13:44:32Z INFO ProcessInvokerWrapper]   High priority process: 'False'
[2025-03-19 13:44:32Z INFO ProcessInvokerWrapper] Updated oom_score_adj to 500 for PID: 1870612.
[2025-03-19 13:44:32Z INFO ProcessInvokerWrapper] Process started with process id 1870612, waiting for process exit.
[2025-03-19 13:44:32Z INFO ProcessInvokerWrapper] STDOUT/STDERR stream read finished.
[2025-03-19 13:44:32Z INFO ProcessInvokerWrapper] STDOUT/STDERR stream read finished.
[2025-03-19 13:44:32Z INFO ProcessInvokerWrapper] Finished process 1870612 with exit code 2, and elapsed time 00:00:00.0482904.
[2025-03-19 13:44:32Z INFO CreateStepSummaryCommand] Step Summary file (/home/jenny/tensorflow-mri/actions-runner/_work/_temp/_runner_file_commands/step_summary_44725434-c799-4ff8-b487-a4b1bb83efac) is empty; skipping attachment upload
[2025-03-19 13:44:32Z INFO StepsRunner] Step result: Failed
[2025-03-19 13:44:32Z INFO ExecutionContext] Publish step telemetry for current step {
  "action": "sh",
  "type": "run",
  "stage": "Main",
  "stepId": "3a765820-8b41-4a5e-809c-47df6b8df17f",
  "stepContextName": "__run_3",
  "result": "failed",
  "errorMessages": [
    "Process completed with exit code 2."
  ],
  "executionTimeInSeconds": 1,
  "startTime": "2025-03-19T13:44:32.479441Z",
  "finishTime": "2025-03-19T13:44:32.5347586Z"
}.
[2025-03-19 13:44:32Z INFO StepsRunner] Update job result with current step result 'Failed'.
[2025-03-19 13:44:32Z INFO StepsRunner] Current state: job state = 'Failed'
[2025-03-19 13:44:32Z INFO StepsRunner] Processing step: DisplayName='Compile shared library'
[2025-03-19 13:44:32Z INFO StepsRunner] Evaluating: success()
[2025-03-19 13:44:32Z INFO StepsRunner] Result: false
[2025-03-19 13:44:32Z INFO StepsRunner] Skipping step due to condition evaluation.
[2025-03-19 13:44:32Z INFO StepsRunner] No need for updating job result with current step result 'Skipped'.
[2025-03-19 13:44:32Z INFO StepsRunner] Current state: job state = 'Failed'
[2025-03-19 13:44:32Z INFO StepsRunner] Processing step: DisplayName='Install required packages'
[2025-03-19 13:44:32Z INFO StepsRunner] Evaluating: success()
[2025-03-19 13:44:32Z INFO StepsRunner] Result: false
[2025-03-19 13:44:32Z INFO StepsRunner] Skipping step due to condition evaluation.
[2025-03-19 13:44:32Z INFO StepsRunner] No need for updating job result with current step result 'Skipped'.
[2025-03-19 13:44:32Z INFO StepsRunner] Current state: job state = 'Failed'
[2025-03-19 13:44:32Z INFO StepsRunner] Processing step: DisplayName='Run test suite'
[2025-03-19 13:44:32Z INFO StepsRunner] Evaluating: success()
[2025-03-19 13:44:32Z INFO StepsRunner] Result: false
[2025-03-19 13:44:32Z INFO StepsRunner] Skipping step due to condition evaluation.
[2025-03-19 13:44:32Z INFO StepsRunner] No need for updating job result with current step result 'Skipped'.
[2025-03-19 13:44:32Z INFO StepsRunner] Current state: job state = 'Failed'
[2025-03-19 13:44:32Z INFO StepsRunner] Processing step: DisplayName='Build wheel'
[2025-03-19 13:44:32Z INFO StepsRunner] Evaluating: success()
[2025-03-19 13:44:32Z INFO StepsRunner] Result: false
[2025-03-19 13:44:32Z INFO StepsRunner] Skipping step due to condition evaluation.
[2025-03-19 13:44:32Z INFO StepsRunner] No need for updating job result with current step result 'Skipped'.
[2025-03-19 13:44:32Z INFO StepsRunner] Current state: job state = 'Failed'
[2025-03-19 13:44:32Z INFO StepsRunner] Processing step: DisplayName='Build docs'
[2025-03-19 13:44:32Z INFO StepsRunner] Evaluating: success()
[2025-03-19 13:44:32Z INFO StepsRunner] Result: false
[2025-03-19 13:44:32Z INFO StepsRunner] Skipping step due to condition evaluation.
[2025-03-19 13:44:32Z INFO StepsRunner] No need for updating job result with current step result 'Skipped'.
[2025-03-19 13:44:32Z INFO StepsRunner] Current state: job state = 'Failed'
[2025-03-19 13:44:32Z INFO StepsRunner] Processing step: DisplayName='Upload wheel'
[2025-03-19 13:44:32Z INFO StepsRunner] Evaluating: (success() && startsWith(github.ref, 'refs/tags'))
[2025-03-19 13:44:32Z INFO StepsRunner] Expanded: (false && startsWith(github['ref'], 'refs/tags'))
[2025-03-19 13:44:32Z INFO StepsRunner] Result: false
[2025-03-19 13:44:32Z INFO StepsRunner] Skipping step due to condition evaluation.
[2025-03-19 13:44:32Z INFO StepsRunner] No need for updating job result with current step result 'Skipped'.
[2025-03-19 13:44:32Z INFO StepsRunner] Current state: job state = 'Failed'
[2025-03-19 13:44:32Z INFO StepsRunner] Processing step: DisplayName='Upload docs'
[2025-03-19 13:44:32Z INFO StepsRunner] Evaluating: (success() && startsWith(github.ref, 'refs/tags') && (matrix.py_version == 3.9))
[2025-03-19 13:44:32Z INFO StepsRunner] Expanded: (false && startsWith(github['ref'], 'refs/tags') && (matrix['py_version'] == 3.9))
[2025-03-19 13:44:32Z INFO StepsRunner] Result: false
[2025-03-19 13:44:32Z INFO StepsRunner] Skipping step due to condition evaluation.
[2025-03-19 13:44:32Z INFO StepsRunner] No need for updating job result with current step result 'Skipped'.
[2025-03-19 13:44:32Z INFO StepsRunner] Current state: job state = 'Failed'
[2025-03-19 13:44:32Z INFO StepsRunner] Processing step: DisplayName='Publish to Test PyPI'
[2025-03-19 13:44:32Z INFO StepsRunner] Evaluating: success()
[2025-03-19 13:44:32Z INFO StepsRunner] Result: false
[2025-03-19 13:44:32Z INFO StepsRunner] Skipping step due to condition evaluation.
[2025-03-19 13:44:32Z INFO StepsRunner] No need for updating job result with current step result 'Skipped'.
[2025-03-19 13:44:32Z INFO StepsRunner] Current state: job state = 'Failed'
[2025-03-19 13:44:32Z INFO StepsRunner] Processing step: DisplayName='Free Disk Space After Build'
[2025-03-19 13:44:32Z INFO StepsRunner] Evaluating: success()
[2025-03-19 13:44:32Z INFO StepsRunner] Result: false
[2025-03-19 13:44:32Z INFO StepsRunner] Skipping step due to condition evaluation.
[2025-03-19 13:44:32Z INFO StepsRunner] No need for updating job result with current step result 'Skipped'.
[2025-03-19 13:44:32Z INFO StepsRunner] Current state: job state = 'Failed'
[2025-03-19 13:44:32Z INFO StepsRunner] Processing step: DisplayName='Post Checkout code'
[2025-03-19 13:44:32Z INFO StepsRunner] Evaluating: always()
[2025-03-19 13:44:32Z INFO StepsRunner] Result: true
[2025-03-19 13:44:32Z INFO StepsRunner] Starting the step.
[2025-03-19 13:44:32Z INFO HostContext] Well known directory 'Bin': '/home/jenny/tensorflow-mri/actions-runner/bin'
[2025-03-19 13:44:32Z INFO HostContext] Well known directory 'Root': '/home/jenny/tensorflow-mri/actions-runner'
[2025-03-19 13:44:32Z INFO HostContext] Well known directory 'Work': '/home/jenny/tensorflow-mri/actions-runner/_work'
[2025-03-19 13:44:32Z INFO HostContext] Well known directory 'Actions': '/home/jenny/tensorflow-mri/actions-runner/_work/_actions'
[2025-03-19 13:44:32Z INFO ActionManager] Load action that reference repository from '/home/jenny/tensorflow-mri/actions-runner/_work/_actions/actions/checkout/v4'
[2025-03-19 13:44:32Z INFO HostContext] Well known directory 'Bin': '/home/jenny/tensorflow-mri/actions-runner/bin'
[2025-03-19 13:44:32Z INFO HostContext] Well known directory 'Root': '/home/jenny/tensorflow-mri/actions-runner'
[2025-03-19 13:44:32Z INFO HostContext] Well known directory 'Work': '/home/jenny/tensorflow-mri/actions-runner/_work'
[2025-03-19 13:44:32Z INFO HostContext] Well known directory 'Actions': '/home/jenny/tensorflow-mri/actions-runner/_work/_actions'
[2025-03-19 13:44:32Z INFO ActionManifestManager] Loaded action.yml file: {
  "name": "Checkout",
  "description": "Checkout a Git repository at a particular version",
  "inputs": {
    "type": 2,
    "map": [
      {
        "key": {
          "type": 0,
          "file": 2,
          "line": 4,
          "col": 3,
          "lit": "repository"
        },
        "value": {
          "type": 3,
          "file": 2,
          "line": 6,
          "col": 14,
          "expr": "github.repository"
        }
      },
      {
        "key": {
          "type": 0,
          "file": 2,
          "line": 7,
          "col": 3,
          "lit": "ref"
        },
        "value": ""
      },
      {
        "key": {
          "type": 0,
          "file": 2,
          "line": 12,
          "col": 3,
          "lit": "token"
        },
        "value": {
          "type": 3,
          "file": 2,
          "line": 24,
          "col": 14,
          "expr": "github.token"
        }
      },
      {
        "key": {
          "type": 0,
          "file": 2,
          "line": 25,
          "col": 3,
          "lit": "ssh-key"
        },
        "value": ""
      },
      {
        "key": {
          "type": 0,
          "file": 2,
          "line": 37,
          "col": 3,
          "lit": "ssh-known-hosts"
        },
        "value": ""
      },
      {
        "key": {
          "type": 0,
          "file": 2,
          "line": 42,
          "col": 3,
          "lit": "ssh-strict"
        },
        "value": {
          "type": 0,
          "file": 2,
          "line": 47,
          "col": 14,
          "lit": "true"
        }
      },
      {
        "key": {
          "type": 0,
          "file": 2,
          "line": 48,
          "col": 3,
          "lit": "ssh-user"
        },
        "value": {
          "type": 0,
          "file": 2,
          "line": 51,
          "col": 14,
          "lit": "git"
        }
      },
      {
        "key": {
          "type": 0,
          "file": 2,
          "line": 52,
          "col": 3,
          "lit": "persist-credentials"
        },
        "value": {
          "type": 0,
          "file": 2,
          "line": 54,
          "col": 14,
          "lit": "true"
        }
      },
      {
        "key": {
          "type": 0,
          "file": 2,
          "line": 55,
          "col": 3,
          "lit": "path"
        },
        "value": ""
      },
      {
        "key": {
          "type": 0,
          "file": 2,
          "line": 57,
          "col": 3,
          "lit": "clean"
        },
        "value": {
          "type": 0,
          "file": 2,
          "line": 59,
          "col": 14,
          "lit": "true"
        }
      },
      {
        "key": {
          "type": 0,
          "file": 2,
          "line": 60,
          "col": 3,
          "lit": "filter"
        },
        "value": {
          "type": 0,
          "file": 2,
          "line": 64,
          "col": 14,
          "lit": ""
        }
      },
      {
        "key": {
          "type": 0,
          "file": 2,
          "line": 65,
          "col": 3,
          "lit": "sparse-checkout"
        },
        "value": {
          "type": 0,
          "file": 2,
          "line": 69,
          "col": 14,
          "lit": ""
        }
      },
      {
        "key": {
          "type": 0,
          "file": 2,
          "line": 70,
          "col": 3,
          "lit": "sparse-checkout-cone-mode"
        },
        "value": {
          "type": 0,
          "file": 2,
          "line": 73,
          "col": 14,
          "lit": "true"
        }
      },
      {
        "key": {
          "type": 0,
          "file": 2,
          "line": 74,
          "col": 3,
          "lit": "fetch-depth"
        },
        "value": {
          "type": 0,
          "file": 2,
          "line": 76,
          "col": 14,
          "lit": "1"
        }
      },
      {
        "key": {
          "type": 0,
          "file": 2,
          "line": 77,
          "col": 3,
          "lit": "fetch-tags"
        },
        "value": {
          "type": 0,
          "file": 2,
          "line": 79,
          "col": 14,
          "lit": "false"
        }
      },
      {
        "key": {
          "type": 0,
          "file": 2,
          "line": 80,
          "col": 3,
          "lit": "show-progress"
        },
        "value": {
          "type": 0,
          "file": 2,
          "line": 82,
          "col": 14,
          "lit": "true"
        }
      },
      {
        "key": {
          "type": 0,
          "file": 2,
          "line": 83,
          "col": 3,
          "lit": "lfs"
        },
        "value": {
          "type": 0,
          "file": 2,
          "line": 85,
          "col": 14,
          "lit": "false"
        }
      },
      {
        "key": {
          "type": 0,
          "file": 2,
          "line": 86,
          "col": 3,
          "lit": "submodules"
        },
        "value": {
          "type": 0,
          "file": 2,
          "line": 94,
          "col": 14,
          "lit": "false"
        }
      },
      {
        "key": {
          "type": 0,
          "file": 2,
          "line": 95,
          "col": 3,
          "lit": "set-safe-directory"
        },
        "value": {
          "type": 0,
          "file": 2,
          "line": 97,
          "col": 14,
          "lit": "true"
        }
      },
      {
        "key": {
          "type": 0,
          "file": 2,
          "line": 98,
          "col": 3,
          "lit": "github-server-url"
        },
        "value": ""
      }
    ]
  },
  "execution": {
    "executionType": "nodeJS",
    "hasPre": false,
    "hasPost": true,
    "script": "dist/index.js",
    "pre": null,
    "post": "dist/index.js",
    "nodeVersion": "node20",
    "cleanupCondition": "always()",
    "initCondition": "always()"
  },
  "deprecated": null
}
[2025-03-19 13:44:32Z INFO ActionManager] Action pre node.js file: N/A.
[2025-03-19 13:44:32Z INFO ActionManager] Action node.js file: dist/index.js.
[2025-03-19 13:44:32Z INFO ActionManager] Action post node.js file: dist/index.js.
[2025-03-19 13:44:32Z INFO HostContext] Well known directory 'Bin': '/home/jenny/tensorflow-mri/actions-runner/bin'
[2025-03-19 13:44:32Z INFO HostContext] Well known directory 'Root': '/home/jenny/tensorflow-mri/actions-runner'
[2025-03-19 13:44:32Z INFO HostContext] Well known directory 'Work': '/home/jenny/tensorflow-mri/actions-runner/_work'
[2025-03-19 13:44:32Z INFO HostContext] Well known directory 'Temp': '/home/jenny/tensorflow-mri/actions-runner/_work/_temp'
[2025-03-19 13:44:32Z INFO ExecutionContext] Write event payload to /home/jenny/tensorflow-mri/actions-runner/_work/_temp/_github_workflow/event.json
[2025-03-19 13:44:32Z INFO HostContext] Well known directory 'Bin': '/home/jenny/tensorflow-mri/actions-runner/bin'
[2025-03-19 13:44:32Z INFO HostContext] Well known directory 'Root': '/home/jenny/tensorflow-mri/actions-runner'
[2025-03-19 13:44:32Z INFO HostContext] Well known directory 'Work': '/home/jenny/tensorflow-mri/actions-runner/_work'
[2025-03-19 13:44:32Z INFO HostContext] Well known directory 'Temp': '/home/jenny/tensorflow-mri/actions-runner/_work/_temp'
[2025-03-19 13:44:32Z INFO ExtensionManager] Getting extensions for interface: 'GitHub.Runner.Worker.IFileCommandExtension'
[2025-03-19 13:44:32Z INFO ActionManifestManager] Input 'repository': default value evaluate result: {
  "type": 0,
  "file": 2,
  "line": 6,
  "col": 14,
  "lit": "mrphys/tensorflow-mri"
}
[2025-03-19 13:44:32Z INFO ActionManifestManager] Input 'ref': default value evaluate result: ""
[2025-03-19 13:44:32Z INFO ActionManifestManager] Input 'token': default value evaluate result: {
  "type": 0,
  "file": 2,
  "line": 24,
  "col": 14,
  "lit": "***"
}
[2025-03-19 13:44:32Z INFO ActionManifestManager] Input 'ssh-key': default value evaluate result: ""
[2025-03-19 13:44:32Z INFO ActionManifestManager] Input 'ssh-known-hosts': default value evaluate result: ""
[2025-03-19 13:44:32Z INFO ActionManifestManager] Input 'ssh-strict': default value evaluate result: {
  "type": 0,
  "file": 2,
  "line": 47,
  "col": 14,
  "lit": "true"
}
[2025-03-19 13:44:32Z INFO ActionManifestManager] Input 'ssh-user': default value evaluate result: {
  "type": 0,
  "file": 2,
  "line": 51,
  "col": 14,
  "lit": "git"
}
[2025-03-19 13:44:32Z INFO ActionManifestManager] Input 'persist-credentials': default value evaluate result: {
  "type": 0,
  "file": 2,
  "line": 54,
  "col": 14,
  "lit": "true"
}
[2025-03-19 13:44:32Z INFO ActionManifestManager] Input 'clean': default value evaluate result: {
  "type": 0,
  "file": 2,
  "line": 59,
  "col": 14,
  "lit": "true"
}
[2025-03-19 13:44:32Z INFO ActionManifestManager] Input 'filter': default value evaluate result: {
  "type": 0,
  "file": 2,
  "line": 64,
  "col": 14,
  "lit": ""
}
[2025-03-19 13:44:32Z INFO ActionManifestManager] Input 'sparse-checkout': default value evaluate result: {
  "type": 0,
  "file": 2,
  "line": 69,
  "col": 14,
  "lit": ""
}
[2025-03-19 13:44:32Z INFO ActionManifestManager] Input 'sparse-checkout-cone-mode': default value evaluate result: {
  "type": 0,
  "file": 2,
  "line": 73,
  "col": 14,
  "lit": "true"
}
[2025-03-19 13:44:32Z INFO ActionManifestManager] Input 'fetch-depth': default value evaluate result: {
  "type": 0,
  "file": 2,
  "line": 76,
  "col": 14,
  "lit": "1"
}
[2025-03-19 13:44:32Z INFO ActionManifestManager] Input 'fetch-tags': default value evaluate result: {
  "type": 0,
  "file": 2,
  "line": 79,
  "col": 14,
  "lit": "false"
}
[2025-03-19 13:44:32Z INFO ActionManifestManager] Input 'show-progress': default value evaluate result: {
  "type": 0,
  "file": 2,
  "line": 82,
  "col": 14,
  "lit": "true"
}
[2025-03-19 13:44:32Z INFO ActionManifestManager] Input 'lfs': default value evaluate result: {
  "type": 0,
  "file": 2,
  "line": 85,
  "col": 14,
  "lit": "false"
}
[2025-03-19 13:44:32Z INFO ActionManifestManager] Input 'submodules': default value evaluate result: {
  "type": 0,
  "file": 2,
  "line": 94,
  "col": 14,
  "lit": "false"
}
[2025-03-19 13:44:32Z INFO ActionManifestManager] Input 'set-safe-directory': default value evaluate result: {
  "type": 0,
  "file": 2,
  "line": 97,
  "col": 14,
  "lit": "true"
}
[2025-03-19 13:44:32Z INFO ActionManifestManager] Input 'github-server-url': default value evaluate result: ""
[2025-03-19 13:44:32Z INFO ExtensionManager] Getting extensions for interface: 'GitHub.Runner.Worker.IActionCommandExtension'
[2025-03-19 13:44:32Z INFO ActionCommandManager] Register action command extension for command internal-set-repo-path
[2025-03-19 13:44:32Z INFO ActionCommandManager] Register action command extension for command set-env
[2025-03-19 13:44:32Z INFO ActionCommandManager] Register action command extension for command set-output
[2025-03-19 13:44:32Z INFO ActionCommandManager] Register action command extension for command save-state
[2025-03-19 13:44:32Z INFO ActionCommandManager] Register action command extension for command add-path
[2025-03-19 13:44:32Z INFO ActionCommandManager] Register action command extension for command add-mask
[2025-03-19 13:44:32Z INFO ActionCommandManager] Register action command extension for command add-matcher
[2025-03-19 13:44:32Z INFO ActionCommandManager] Register action command extension for command remove-matcher
[2025-03-19 13:44:32Z INFO ActionCommandManager] Register action command extension for command warning
[2025-03-19 13:44:32Z INFO ActionCommandManager] Register action command extension for command error
[2025-03-19 13:44:32Z INFO ActionCommandManager] Register action command extension for command notice
[2025-03-19 13:44:32Z INFO ActionCommandManager] Register action command extension for command debug
[2025-03-19 13:44:32Z INFO ActionCommandManager] Register action command extension for command group
[2025-03-19 13:44:32Z INFO ActionCommandManager] Register action command extension for command endgroup
[2025-03-19 13:44:32Z INFO ActionCommandManager] Register action command extension for command echo
[2025-03-19 13:44:32Z INFO HostContext] Well known directory 'Bin': '/home/jenny/tensorflow-mri/actions-runner/bin'
[2025-03-19 13:44:32Z INFO HostContext] Well known directory 'Root': '/home/jenny/tensorflow-mri/actions-runner'
[2025-03-19 13:44:32Z INFO HostContext] Well known directory 'Work': '/home/jenny/tensorflow-mri/actions-runner/_work'
[2025-03-19 13:44:32Z INFO ProcessInvokerWrapper] Starting process:
[2025-03-19 13:44:32Z INFO ProcessInvokerWrapper]   File name: '/usr/bin/docker'
[2025-03-19 13:44:32Z INFO ProcessInvokerWrapper]   Arguments: 'exec  91320c0e022882a24899dabc9f5c8a7e057812032e8a3f8d1ac275191796d3dc sh -c "cat /etc/*release | grep ^ID"'
[2025-03-19 13:44:32Z INFO ProcessInvokerWrapper]   Working directory: '/home/jenny/tensorflow-mri/actions-runner/_work'
[2025-03-19 13:44:32Z INFO ProcessInvokerWrapper]   Require exit code zero: 'False'
[2025-03-19 13:44:32Z INFO ProcessInvokerWrapper]   Encoding web name:  ; code page: ''
[2025-03-19 13:44:32Z INFO ProcessInvokerWrapper]   Force kill process on cancellation: 'False'
[2025-03-19 13:44:32Z INFO ProcessInvokerWrapper]   Redirected STDIN: 'False'
[2025-03-19 13:44:32Z INFO ProcessInvokerWrapper]   Persist current code page: 'False'
[2025-03-19 13:44:32Z INFO ProcessInvokerWrapper]   Keep redirected STDIN open: 'False'
[2025-03-19 13:44:32Z INFO ProcessInvokerWrapper]   High priority process: 'False'
[2025-03-19 13:44:32Z INFO ProcessInvokerWrapper] Updated oom_score_adj to 500 for PID: 1870642.
[2025-03-19 13:44:32Z INFO ProcessInvokerWrapper] Process started with process id 1870642, waiting for process exit.
[2025-03-19 13:44:32Z INFO ProcessInvokerWrapper] STDOUT/STDERR stream read finished.
[2025-03-19 13:44:32Z INFO ProcessInvokerWrapper] STDOUT/STDERR stream read finished.
[2025-03-19 13:44:32Z INFO ProcessInvokerWrapper] Finished process 1870642 with exit code 0, and elapsed time 00:00:00.0410886.
[2025-03-19 13:44:32Z INFO HostContext] Well known directory 'Bin': '/home/jenny/tensorflow-mri/actions-runner/bin'
[2025-03-19 13:44:32Z INFO HostContext] Well known directory 'Root': '/home/jenny/tensorflow-mri/actions-runner'
[2025-03-19 13:44:32Z INFO HostContext] Well known directory 'Externals': '/home/jenny/tensorflow-mri/actions-runner/externals'
[2025-03-19 13:44:32Z INFO HostContext] Well known directory 'Bin': '/home/jenny/tensorflow-mri/actions-runner/bin'
[2025-03-19 13:44:32Z INFO HostContext] Well known directory 'Root': '/home/jenny/tensorflow-mri/actions-runner'
[2025-03-19 13:44:32Z INFO HostContext] Well known directory 'Work': '/home/jenny/tensorflow-mri/actions-runner/_work'
[2025-03-19 13:44:32Z INFO ProcessInvokerWrapper] Starting process:
[2025-03-19 13:44:32Z INFO ProcessInvokerWrapper]   File name: '/usr/bin/docker'
[2025-03-19 13:44:32Z INFO ProcessInvokerWrapper]   Arguments: 'exec -i --workdir /__w/tensorflow-mri/tensorflow-mri -e "PYTHON" -e "STATE_isPost" -e "STATE_setSafeDirectory" -e "STATE_repositoryPath" -e "INPUT_PATH" -e "INPUT_REPOSITORY" -e "INPUT_REF" -e "INPUT_TOKEN" -e "INPUT_SSH-KEY" -e "INPUT_SSH-KNOWN-HOSTS" -e "INPUT_SSH-STRICT" -e "INPUT_SSH-USER" -e "INPUT_PERSIST-CREDENTIALS" -e "INPUT_CLEAN" -e "INPUT_FILTER" -e "INPUT_SPARSE-CHECKOUT" -e "INPUT_SPARSE-CHECKOUT-CONE-MODE" -e "INPUT_FETCH-DEPTH" -e "INPUT_FETCH-TAGS" -e "INPUT_SHOW-PROGRESS" -e "INPUT_LFS" -e "INPUT_SUBMODULES" -e "INPUT_SET-SAFE-DIRECTORY" -e "INPUT_GITHUB-SERVER-URL" -e "GITHUB_JOB" -e "GITHUB_REF" -e "GITHUB_SHA" -e "GITHUB_REPOSITORY" -e "GITHUB_REPOSITORY_OWNER" -e "GITHUB_REPOSITORY_OWNER_ID" -e "GITHUB_RUN_ID" -e "GITHUB_RUN_NUMBER" -e "GITHUB_RETENTION_DAYS" -e "GITHUB_RUN_ATTEMPT" -e "GITHUB_ACTOR_ID" -e "GITHUB_ACTOR" -e "GITHUB_WORKFLOW" -e "GITHUB_HEAD_REF" -e "GITHUB_BASE_REF" -e "GITHUB_EVENT_NAME" -e "GITHUB_SERVER_URL" -e "GITHUB_API_URL" -e "GITHUB_GRAPHQL_URL" -e "GITHUB_REF_NAME" -e "GITHUB_REF_PROTECTED" -e "GITHUB_REF_TYPE" -e "GITHUB_WORKFLOW_REF" -e "GITHUB_WORKFLOW_SHA" -e "GITHUB_REPOSITORY_ID" -e "GITHUB_TRIGGERING_ACTOR" -e "GITHUB_WORKSPACE" -e "GITHUB_ACTION" -e "GITHUB_EVENT_PATH" -e "GITHUB_ACTION_REPOSITORY" -e "GITHUB_ACTION_REF" -e "GITHUB_PATH" -e "GITHUB_ENV" -e "GITHUB_STEP_SUMMARY" -e "GITHUB_STATE" -e "GITHUB_OUTPUT" -e "RUNNER_OS" -e "RUNNER_ARCH" -e "RUNNER_NAME" -e "RUNNER_ENVIRONMENT" -e "RUNNER_TOOL_CACHE" -e "RUNNER_TEMP" -e "RUNNER_WORKSPACE" -e "ACTIONS_RUNTIME_URL" -e "ACTIONS_RUNTIME_TOKEN" -e "ACTIONS_CACHE_URL" -e "ACTIONS_RESULTS_URL" -e "ACTIONS_CACHE_SERVICE_V2" 91320c0e022882a24899dabc9f5c8a7e057812032e8a3f8d1ac275191796d3dc /__e/node20/bin/node /__w/_actions/actions/checkout/v4/dist/index.js'
[2025-03-19 13:44:32Z INFO ProcessInvokerWrapper]   Working directory: '/home/jenny/tensorflow-mri/actions-runner/_work'
[2025-03-19 13:44:32Z INFO ProcessInvokerWrapper]   Require exit code zero: 'False'
[2025-03-19 13:44:32Z INFO ProcessInvokerWrapper]   Encoding web name:  ; code page: ''
[2025-03-19 13:44:32Z INFO ProcessInvokerWrapper]   Force kill process on cancellation: 'False'
[2025-03-19 13:44:32Z INFO ProcessInvokerWrapper]   Redirected STDIN: 'False'
[2025-03-19 13:44:32Z INFO ProcessInvokerWrapper]   Persist current code page: 'False'
[2025-03-19 13:44:32Z INFO ProcessInvokerWrapper]   Keep redirected STDIN open: 'False'
[2025-03-19 13:44:32Z INFO ProcessInvokerWrapper]   High priority process: 'False'
[2025-03-19 13:44:32Z INFO ProcessInvokerWrapper] Updated oom_score_adj to 500 for PID: 1870692.
[2025-03-19 13:44:32Z INFO ProcessInvokerWrapper] Process started with process id 1870692, waiting for process exit.
[2025-03-19 13:44:32Z INFO JobServerQueue] Try to append 1 batches web console lines for record '8dda5e33-c96d-436a-9782-6a417efd9024', success rate: 1/1.
[2025-03-19 13:44:32Z INFO JobServerQueue] Try to append 1 batches web console lines for record '01f2d3d3-6750-4823-8865-18cbf1738d55', success rate: 1/1.
[2025-03-19 13:44:32Z INFO JobServerQueue] Try to append 1 batches web console lines for record '3a765820-8b41-4a5e-809c-47df6b8df17f', success rate: 1/1.
[2025-03-19 13:44:32Z INFO JobServerQueue] Try to append 1 batches web console lines for record '0c71cda3-5083-449f-a9e2-6ce584ca0ed2', success rate: 1/1.
[2025-03-19 13:44:32Z INFO AddMaskCommandExtension] Add new secret mask with length of 32
[2025-03-19 13:44:32Z INFO ProcessInvokerWrapper] STDOUT/STDERR stream read finished.
[2025-03-19 13:44:32Z INFO ProcessInvokerWrapper] STDOUT/STDERR stream read finished.
[2025-03-19 13:44:32Z INFO ProcessInvokerWrapper] Finished process 1870692 with exit code 0, and elapsed time 00:00:00.2377464.
[2025-03-19 13:44:32Z INFO CreateStepSummaryCommand] Step Summary file (/home/jenny/tensorflow-mri/actions-runner/_work/_temp/_runner_file_commands/step_summary_475d5517-45a6-4d0b-a4b7-685f790d3d7e) is empty; skipping attachment upload
[2025-03-19 13:44:32Z INFO StepsRunner] Step result: 
[2025-03-19 13:44:32Z INFO ExecutionContext] Publish step telemetry for current step {
  "action": "actions/checkout",
  "ref": "v4",
  "type": "node20",
  "stage": "Post",
  "stepId": "0c71cda3-5083-449f-a9e2-6ce584ca0ed2",
  "result": "succeeded",
  "errorMessages": [],
  "executionTimeInSeconds": 1,
  "startTime": "2025-03-19T13:44:32.5490603Z",
  "finishTime": "2025-03-19T13:44:32.8369559Z"
}.
[2025-03-19 13:44:32Z INFO StepsRunner] No need for updating job result with current step result 'Succeeded'.
[2025-03-19 13:44:32Z INFO StepsRunner] Current state: job state = 'Failed'
[2025-03-19 13:44:32Z INFO StepsRunner] Processing step: DisplayName='Stop containers'
[2025-03-19 13:44:32Z INFO StepsRunner] Evaluating: always()
[2025-03-19 13:44:32Z INFO StepsRunner] Result: true
[2025-03-19 13:44:32Z INFO StepsRunner] Starting the step.
[2025-03-19 13:44:32Z INFO ProcessInvokerWrapper] Starting process:
[2025-03-19 13:44:32Z INFO ProcessInvokerWrapper]   File name: '/usr/bin/docker'
[2025-03-19 13:44:32Z INFO ProcessInvokerWrapper]   Arguments: 'rm --force 91320c0e022882a24899dabc9f5c8a7e057812032e8a3f8d1ac275191796d3dc'
[2025-03-19 13:44:32Z INFO ProcessInvokerWrapper]   Working directory: '/home/jenny/tensorflow-mri/actions-runner/_work/tensorflow-mri/tensorflow-mri'
[2025-03-19 13:44:32Z INFO ProcessInvokerWrapper]   Require exit code zero: 'False'
[2025-03-19 13:44:32Z INFO ProcessInvokerWrapper]   Encoding web name:  ; code page: ''
[2025-03-19 13:44:32Z INFO ProcessInvokerWrapper]   Force kill process on cancellation: 'False'
[2025-03-19 13:44:32Z INFO ProcessInvokerWrapper]   Redirected STDIN: 'False'
[2025-03-19 13:44:32Z INFO ProcessInvokerWrapper]   Persist current code page: 'False'
[2025-03-19 13:44:32Z INFO ProcessInvokerWrapper]   Keep redirected STDIN open: 'False'
[2025-03-19 13:44:32Z INFO ProcessInvokerWrapper]   High priority process: 'False'
[2025-03-19 13:44:32Z INFO ProcessInvokerWrapper] Updated oom_score_adj to 500 for PID: 1870855.
[2025-03-19 13:44:32Z INFO ProcessInvokerWrapper] Process started with process id 1870855, waiting for process exit.
[2025-03-19 13:44:32Z INFO JobServerQueue] Try to append 1 batches web console lines for record '0c71cda3-5083-449f-a9e2-6ce584ca0ed2', success rate: 1/1.
[2025-03-19 13:44:32Z INFO JobServerQueue] Try to append 1 batches web console lines for record 'cd7d0921-4a2d-4261-a7b9-ca42df85e95a', success rate: 1/1.
[2025-03-19 13:44:32Z INFO JobServerQueue] Try to upload 5 log files or attachments, success rate: 5/5.
[2025-03-19 13:44:33Z INFO ProcessInvokerWrapper] STDOUT/STDERR stream read finished.
[2025-03-19 13:44:33Z INFO ProcessInvokerWrapper] STDOUT/STDERR stream read finished.
[2025-03-19 13:44:33Z INFO ProcessInvokerWrapper] Finished process 1870855 with exit code 0, and elapsed time 00:00:00.2717959.
[2025-03-19 13:44:33Z INFO ProcessInvokerWrapper] Starting process:
[2025-03-19 13:44:33Z INFO ProcessInvokerWrapper]   File name: '/usr/bin/docker'
[2025-03-19 13:44:33Z INFO ProcessInvokerWrapper]   Arguments: 'network rm github_network_307d8e35cb0c474a8be68a175035b6d0'
[2025-03-19 13:44:33Z INFO ProcessInvokerWrapper]   Working directory: '/home/jenny/tensorflow-mri/actions-runner/_work/tensorflow-mri/tensorflow-mri'
[2025-03-19 13:44:33Z INFO ProcessInvokerWrapper]   Require exit code zero: 'False'
[2025-03-19 13:44:33Z INFO ProcessInvokerWrapper]   Encoding web name:  ; code page: ''
[2025-03-19 13:44:33Z INFO ProcessInvokerWrapper]   Force kill process on cancellation: 'False'
[2025-03-19 13:44:33Z INFO ProcessInvokerWrapper]   Redirected STDIN: 'False'
[2025-03-19 13:44:33Z INFO ProcessInvokerWrapper]   Persist current code page: 'False'
[2025-03-19 13:44:33Z INFO ProcessInvokerWrapper]   Keep redirected STDIN open: 'False'
[2025-03-19 13:44:33Z INFO ProcessInvokerWrapper]   High priority process: 'False'
[2025-03-19 13:44:33Z INFO ProcessInvokerWrapper] Updated oom_score_adj to 500 for PID: 1870943.
[2025-03-19 13:44:33Z INFO ProcessInvokerWrapper] Process started with process id 1870943, waiting for process exit.
[2025-03-19 13:44:33Z INFO JobServerQueue] Try to append 1 batches web console lines for record 'cd7d0921-4a2d-4261-a7b9-ca42df85e95a', success rate: 1/1.
[2025-03-19 13:44:33Z INFO JobServerQueue] Got a step log file to send to results service.
[2025-03-19 13:44:33Z INFO JobServerQueue] Starting upload of step log file to results service ResultsLog, /home/jenny/tensorflow-mri/actions-runner/_diag/blocks/b0449f54-93fc-4d57-8f9f-b37b3b557707_3c0ec334-900e-4e1d-972e-f4478303b400.1
[2025-03-19 13:44:33Z INFO HostContext] Well known directory 'Bin': '/home/jenny/tensorflow-mri/actions-runner/bin'
[2025-03-19 13:44:33Z INFO HostContext] Well known directory 'Root': '/home/jenny/tensorflow-mri/actions-runner'
[2025-03-19 13:44:33Z INFO HostContext] Well known directory 'Work': '/home/jenny/tensorflow-mri/actions-runner/_work'
[2025-03-19 13:44:33Z INFO ProcessInvokerWrapper] STDOUT/STDERR stream read finished.
[2025-03-19 13:44:33Z INFO ProcessInvokerWrapper] STDOUT/STDERR stream read finished.
[2025-03-19 13:44:33Z INFO ProcessInvokerWrapper] Finished process 1870943 with exit code 0, and elapsed time 00:00:00.1737292.
[2025-03-19 13:44:33Z INFO StepsRunner] Step result: 
[2025-03-19 13:44:33Z INFO StepsRunner] No need for updating job result with current step result 'Succeeded'.
[2025-03-19 13:44:33Z INFO StepsRunner] Current state: job state = 'Failed'
[2025-03-19 13:44:33Z INFO JobRunner] Finalize job.
[2025-03-19 13:44:33Z INFO HostContext] Well known directory 'Bin': '/home/jenny/tensorflow-mri/actions-runner/bin'
[2025-03-19 13:44:33Z INFO HostContext] Well known directory 'Root': '/home/jenny/tensorflow-mri/actions-runner'
[2025-03-19 13:44:33Z INFO HostContext] Well known directory 'Diag': '/home/jenny/tensorflow-mri/actions-runner/_diag'
[2025-03-19 13:44:33Z INFO HostContext] Well known directory 'Bin': '/home/jenny/tensorflow-mri/actions-runner/bin'
[2025-03-19 13:44:33Z INFO HostContext] Well known directory 'Root': '/home/jenny/tensorflow-mri/actions-runner'
[2025-03-19 13:44:33Z INFO HostContext] Well known directory 'Diag': '/home/jenny/tensorflow-mri/actions-runner/_diag'
[2025-03-19 13:44:33Z INFO JobExtension] Initialize Env context
[2025-03-19 13:44:33Z INFO JobExtension] Initialize steps context
[2025-03-19 13:44:33Z INFO JobExtension] Total accessible running process: 604.
[2025-03-19 13:44:33Z INFO JobExtension] Inspecting process environment variables. PID: 1013222 (kworker/22:0-events)
[2025-03-19 13:44:33Z INFO LinuxProcessExtensions] Read env from /proc/1013222/environ
[2025-03-19 13:44:33Z WARN JobExtension] Ignore exception during read process environment variables: Access to the path '/proc/1013222/environ' is denied.
[2025-03-19 13:44:33Z INFO JobExtension] Inspecting process environment variables. PID: 1100905 (kworker/19:0-rcu_gp)
[2025-03-19 13:44:33Z INFO LinuxProcessExtensions] Read env from /proc/1100905/environ
[2025-03-19 13:44:33Z WARN JobExtension] Ignore exception during read process environment variables: Access to the path '/proc/1100905/environ' is denied.
[2025-03-19 13:44:33Z INFO JobExtension] Inspecting process environment variables. PID: 1127206 (kworker/29:1-rcu_par_gp)
[2025-03-19 13:44:33Z INFO LinuxProcessExtensions] Read env from /proc/1127206/environ
[2025-03-19 13:44:33Z WARN JobExtension] Ignore exception during read process environment variables: Access to the path '/proc/1127206/environ' is denied.
[2025-03-19 13:44:33Z INFO JobExtension] Inspecting process environment variables. PID: 1148480 (kworker/21:2-rcu_gp)
[2025-03-19 13:44:33Z INFO LinuxProcessExtensions] Read env from /proc/1148480/environ
[2025-03-19 13:44:33Z WARN JobExtension] Ignore exception during read process environment variables: Access to the path '/proc/1148480/environ' is denied.
[2025-03-19 13:44:33Z INFO JobExtension] Inspecting process environment variables. PID: 1173456 (kworker/26:1-rcu_par_gp)
[2025-03-19 13:44:33Z INFO LinuxProcessExtensions] Read env from /proc/1173456/environ
[2025-03-19 13:44:33Z WARN JobExtension] Ignore exception during read process environment variables: Access to the path '/proc/1173456/environ' is denied.
[2025-03-19 13:44:33Z INFO JobExtension] Inspecting process environment variables. PID: 1180498 (kworker/24:1-rcu_par_gp)
[2025-03-19 13:44:33Z INFO LinuxProcessExtensions] Read env from /proc/1180498/environ
[2025-03-19 13:44:33Z WARN JobExtension] Ignore exception during read process environment variables: Access to the path '/proc/1180498/environ' is denied.
[2025-03-19 13:44:33Z INFO JobExtension] Inspecting process environment variables. PID: 1249293 (kworker/20:0-events)
[2025-03-19 13:44:33Z INFO LinuxProcessExtensions] Read env from /proc/1249293/environ
[2025-03-19 13:44:33Z WARN JobExtension] Ignore exception during read process environment variables: Access to the path '/proc/1249293/environ' is denied.
[2025-03-19 13:44:33Z INFO JobExtension] Inspecting process environment variables. PID: 1404428 (kworker/31:1-rcu_gp)
[2025-03-19 13:44:33Z INFO LinuxProcessExtensions] Read env from /proc/1404428/environ
[2025-03-19 13:44:33Z WARN JobExtension] Ignore exception during read process environment variables: Access to the path '/proc/1404428/environ' is denied.
[2025-03-19 13:44:33Z INFO JobExtension] Inspecting process environment variables. PID: 1407544 (kworker/21:1-rcu_par_gp)
[2025-03-19 13:44:33Z INFO LinuxProcessExtensions] Read env from /proc/1407544/environ
[2025-03-19 13:44:33Z WARN JobExtension] Ignore exception during read process environment variables: Access to the path '/proc/1407544/environ' is denied.
[2025-03-19 13:44:33Z INFO JobExtension] Inspecting process environment variables. PID: 1407726 (kworker/15:0-rcu_par_gp)
[2025-03-19 13:44:33Z INFO LinuxProcessExtensions] Read env from /proc/1407726/environ
[2025-03-19 13:44:33Z WARN JobExtension] Ignore exception during read process environment variables: Access to the path '/proc/1407726/environ' is denied.
[2025-03-19 13:44:33Z INFO JobExtension] Inspecting process environment variables. PID: 1428373 (kworker/17:0-rcu_par_gp)
[2025-03-19 13:44:33Z INFO LinuxProcessExtensions] Read env from /proc/1428373/environ
[2025-03-19 13:44:33Z WARN JobExtension] Ignore exception during read process environment variables: Access to the path '/proc/1428373/environ' is denied.
[2025-03-19 13:44:33Z INFO JobExtension] Inspecting process environment variables. PID: 1433774 (kworker/3:0-rcu_par_gp)
[2025-03-19 13:44:33Z INFO LinuxProcessExtensions] Read env from /proc/1433774/environ
[2025-03-19 13:44:33Z WARN JobExtension] Ignore exception during read process environment variables: Access to the path '/proc/1433774/environ' is denied.
[2025-03-19 13:44:33Z INFO JobExtension] Inspecting process environment variables. PID: 1433897 (kworker/22:2-rcu_par_gp)
[2025-03-19 13:44:33Z INFO LinuxProcessExtensions] Read env from /proc/1433897/environ
[2025-03-19 13:44:33Z WARN JobExtension] Ignore exception during read process environment variables: Access to the path '/proc/1433897/environ' is denied.
[2025-03-19 13:44:33Z INFO JobExtension] Inspecting process environment variables. PID: 1436182 (kworker/35:1-rcu_gp)
[2025-03-19 13:44:33Z INFO LinuxProcessExtensions] Read env from /proc/1436182/environ
[2025-03-19 13:44:33Z WARN JobExtension] Ignore exception during read process environment variables: Access to the path '/proc/1436182/environ' is denied.
[2025-03-19 13:44:33Z INFO JobExtension] Inspecting process environment variables. PID: 1436193 (kworker/31:0-rcu_par_gp)
[2025-03-19 13:44:33Z INFO LinuxProcessExtensions] Read env from /proc/1436193/environ
[2025-03-19 13:44:33Z WARN JobExtension] Ignore exception during read process environment variables: Access to the path '/proc/1436193/environ' is denied.
[2025-03-19 13:44:33Z INFO JobExtension] Inspecting process environment variables. PID: 1438896 (kworker/6:0-rcu_gp)
[2025-03-19 13:44:33Z INFO LinuxProcessExtensions] Read env from /proc/1438896/environ
[2025-03-19 13:44:33Z WARN JobExtension] Ignore exception during read process environment variables: Access to the path '/proc/1438896/environ' is denied.
[2025-03-19 13:44:33Z INFO JobExtension] Inspecting process environment variables. PID: 1439360 (kworker/11:0-mm_percpu_wq)
[2025-03-19 13:44:33Z INFO LinuxProcessExtensions] Read env from /proc/1439360/environ
[2025-03-19 13:44:33Z WARN JobExtension] Ignore exception during read process environment variables: Access to the path '/proc/1439360/environ' is denied.
[2025-03-19 13:44:33Z INFO JobExtension] Inspecting process environment variables. PID: 1444159 (kworker/18:2-mm_percpu_wq)
[2025-03-19 13:44:33Z INFO LinuxProcessExtensions] Read env from /proc/1444159/environ
[2025-03-19 13:44:33Z WARN JobExtension] Ignore exception during read process environment variables: Access to the path '/proc/1444159/environ' is denied.
[2025-03-19 13:44:33Z INFO JobExtension] Inspecting process environment variables. PID: 1444761 (kworker/27:2-rcu_gp)
[2025-03-19 13:44:33Z INFO LinuxProcessExtensions] Read env from /proc/1444761/environ
[2025-03-19 13:44:33Z WARN JobExtension] Ignore exception during read process environment variables: Access to the path '/proc/1444761/environ' is denied.
[2025-03-19 13:44:33Z INFO JobExtension] Inspecting process environment variables. PID: 1444762 (kworker/26:0-rcu_par_gp)
[2025-03-19 13:44:33Z INFO LinuxProcessExtensions] Read env from /proc/1444762/environ
[2025-03-19 13:44:33Z WARN JobExtension] Ignore exception during read process environment variables: Access to the path '/proc/1444762/environ' is denied.
[2025-03-19 13:44:33Z INFO JobExtension] Inspecting process environment variables. PID: 1446422 (kworker/6:2-mm_percpu_wq)
[2025-03-19 13:44:33Z INFO LinuxProcessExtensions] Read env from /proc/1446422/environ
[2025-03-19 13:44:33Z WARN JobExtension] Ignore exception during read process environment variables: Access to the path '/proc/1446422/environ' is denied.
[2025-03-19 13:44:33Z INFO JobExtension] Inspecting process environment variables. PID: 1554196 (kworker/17:2-rcu_par_gp)
[2025-03-19 13:44:33Z INFO LinuxProcessExtensions] Read env from /proc/1554196/environ
[2025-03-19 13:44:33Z WARN JobExtension] Ignore exception during read process environment variables: Access to the path '/proc/1554196/environ' is denied.
[2025-03-19 13:44:33Z INFO JobExtension] Inspecting process environment variables. PID: 1554218 (kworker/5:0-rcu_par_gp)
[2025-03-19 13:44:33Z INFO LinuxProcessExtensions] Read env from /proc/1554218/environ
[2025-03-19 13:44:33Z WARN JobExtension] Ignore exception during read process environment variables: Access to the path '/proc/1554218/environ' is denied.
[2025-03-19 13:44:33Z INFO JobExtension] Inspecting process environment variables. PID: 1554227 (kworker/4:2-rcu_par_gp)
[2025-03-19 13:44:33Z INFO LinuxProcessExtensions] Read env from /proc/1554227/environ
[2025-03-19 13:44:33Z WARN JobExtension] Ignore exception during read process environment variables: Access to the path '/proc/1554227/environ' is denied.
[2025-03-19 13:44:33Z INFO JobExtension] Inspecting process environment variables. PID: 1554316 (kworker/35:2-rcu_par_gp)
[2025-03-19 13:44:33Z INFO LinuxProcessExtensions] Read env from /proc/1554316/environ
[2025-03-19 13:44:33Z WARN JobExtension] Ignore exception during read process environment variables: Access to the path '/proc/1554316/environ' is denied.
[2025-03-19 13:44:33Z INFO JobExtension] Inspecting process environment variables. PID: 1554338 (kworker/9:1-mm_percpu_wq)
[2025-03-19 13:44:33Z INFO LinuxProcessExtensions] Read env from /proc/1554338/environ
[2025-03-19 13:44:33Z WARN JobExtension] Ignore exception during read process environment variables: Access to the path '/proc/1554338/environ' is denied.
[2025-03-19 13:44:33Z INFO JobExtension] Inspecting process environment variables. PID: 1554365 (kworker/13:1-events)
[2025-03-19 13:44:33Z INFO LinuxProcessExtensions] Read env from /proc/1554365/environ
[2025-03-19 13:44:33Z WARN JobExtension] Ignore exception during read process environment variables: Access to the path '/proc/1554365/environ' is denied.
[2025-03-19 13:44:33Z INFO JobExtension] Inspecting process environment variables. PID: 1556336 (kworker/7:2-rcu_par_gp)
[2025-03-19 13:44:33Z INFO LinuxProcessExtensions] Read env from /proc/1556336/environ
[2025-03-19 13:44:33Z WARN JobExtension] Ignore exception during read process environment variables: Access to the path '/proc/1556336/environ' is denied.
[2025-03-19 13:44:33Z INFO JobExtension] Inspecting process environment variables. PID: 1556345 (kworker/15:2-rcu_par_gp)
[2025-03-19 13:44:33Z INFO LinuxProcessExtensions] Read env from /proc/1556345/environ
[2025-03-19 13:44:33Z WARN JobExtension] Ignore exception during read process environment variables: Access to the path '/proc/1556345/environ' is denied.
[2025-03-19 13:44:33Z INFO JobExtension] Inspecting process environment variables. PID: 1556426 (kworker/3:2-rcu_gp)
[2025-03-19 13:44:33Z INFO LinuxProcessExtensions] Read env from /proc/1556426/environ
[2025-03-19 13:44:33Z WARN JobExtension] Ignore exception during read process environment variables: Access to the path '/proc/1556426/environ' is denied.
[2025-03-19 13:44:33Z INFO JobExtension] Inspecting process environment variables. PID: 1706925 (kworker/u72:1+netns)
[2025-03-19 13:44:33Z INFO LinuxProcessExtensions] Read env from /proc/1706925/environ
[2025-03-19 13:44:33Z WARN JobExtension] Ignore exception during read process environment variables: Access to the path '/proc/1706925/environ' is denied.
[2025-03-19 13:44:33Z INFO JobExtension] Inspecting process environment variables. PID: 1708636 (kworker/10:2-mm_percpu_wq)
[2025-03-19 13:44:33Z INFO LinuxProcessExtensions] Read env from /proc/1708636/environ
[2025-03-19 13:44:33Z WARN JobExtension] Ignore exception during read process environment variables: Access to the path '/proc/1708636/environ' is denied.
[2025-03-19 13:44:33Z INFO JobExtension] Inspecting process environment variables. PID: 1715138 (kworker/u72:2-ext4-rsv-conversion)
[2025-03-19 13:44:33Z INFO LinuxProcessExtensions] Read env from /proc/1715138/environ
[2025-03-19 13:44:33Z WARN JobExtension] Ignore exception during read process environment variables: Access to the path '/proc/1715138/environ' is denied.
[2025-03-19 13:44:33Z INFO JobExtension] Inspecting process environment variables. PID: 1865517 (kworker/24:2-rcu_par_gp)
[2025-03-19 13:44:33Z INFO LinuxProcessExtensions] Read env from /proc/1865517/environ
[2025-03-19 13:44:33Z WARN JobExtension] Ignore exception during read process environment variables: Access to the path '/proc/1865517/environ' is denied.
[2025-03-19 13:44:33Z INFO JobExtension] Inspecting process environment variables. PID: 1865518 (kworker/30:1)
[2025-03-19 13:44:33Z INFO LinuxProcessExtensions] Read env from /proc/1865518/environ
[2025-03-19 13:44:33Z WARN JobExtension] Ignore exception during read process environment variables: Access to the path '/proc/1865518/environ' is denied.
[2025-03-19 13:44:33Z INFO JobExtension] Inspecting process environment variables. PID: 1865686 (kworker/22:1)
[2025-03-19 13:44:33Z INFO LinuxProcessExtensions] Read env from /proc/1865686/environ
[2025-03-19 13:44:33Z WARN JobExtension] Ignore exception during read process environment variables: Access to the path '/proc/1865686/environ' is denied.
[2025-03-19 13:44:33Z INFO JobExtension] Inspecting process environment variables. PID: 1866090 (kworker/15:1-events)
[2025-03-19 13:44:33Z INFO LinuxProcessExtensions] Read env from /proc/1866090/environ
[2025-03-19 13:44:33Z WARN JobExtension] Ignore exception during read process environment variables: Access to the path '/proc/1866090/environ' is denied.
[2025-03-19 13:44:33Z INFO JobExtension] Inspecting process environment variables. PID: 1866091 (kworker/13:0-rcu_par_gp)
[2025-03-19 13:44:33Z INFO LinuxProcessExtensions] Read env from /proc/1866091/environ
[2025-03-19 13:44:33Z WARN JobExtension] Ignore exception during read process environment variables: Access to the path '/proc/1866091/environ' is denied.
[2025-03-19 13:44:33Z INFO JobExtension] Inspecting process environment variables. PID: 1866105 (kworker/5:1-events)
[2025-03-19 13:44:33Z INFO LinuxProcessExtensions] Read env from /proc/1866105/environ
[2025-03-19 13:44:33Z WARN JobExtension] Ignore exception during read process environment variables: Access to the path '/proc/1866105/environ' is denied.
[2025-03-19 13:44:33Z INFO JobExtension] Inspecting process environment variables. PID: 1866106 (kworker/34:1-events)
[2025-03-19 13:44:33Z INFO LinuxProcessExtensions] Read env from /proc/1866106/environ
[2025-03-19 13:44:33Z WARN JobExtension] Ignore exception during read process environment variables: Access to the path '/proc/1866106/environ' is denied.
[2025-03-19 13:44:33Z INFO JobExtension] Inspecting process environment variables. PID: 1866219 (kworker/2:1-rcu_par_gp)
[2025-03-19 13:44:33Z INFO LinuxProcessExtensions] Read env from /proc/1866219/environ
[2025-03-19 13:44:33Z WARN JobExtension] Ignore exception during read process environment variables: Access to the path '/proc/1866219/environ' is denied.
[2025-03-19 13:44:33Z INFO JobExtension] Inspecting process environment variables. PID: 1866268 (kworker/21:0-mm_percpu_wq)
[2025-03-19 13:44:33Z INFO LinuxProcessExtensions] Read env from /proc/1866268/environ
[2025-03-19 13:44:33Z WARN JobExtension] Ignore exception during read process environment variables: Access to the path '/proc/1866268/environ' is denied.
[2025-03-19 13:44:33Z INFO JobExtension] Inspecting process environment variables. PID: 1866289 (kworker/12:0-rcu_par_gp)
[2025-03-19 13:44:33Z INFO LinuxProcessExtensions] Read env from /proc/1866289/environ
[2025-03-19 13:44:33Z WARN JobExtension] Ignore exception during read process environment variables: Access to the path '/proc/1866289/environ' is denied.
[2025-03-19 13:44:33Z INFO JobExtension] Inspecting process environment variables. PID: 1866293 (kworker/26:2-events)
[2025-03-19 13:44:33Z INFO LinuxProcessExtensions] Read env from /proc/1866293/environ
[2025-03-19 13:44:33Z WARN JobExtension] Ignore exception during read process environment variables: Access to the path '/proc/1866293/environ' is denied.
[2025-03-19 13:44:33Z INFO JobExtension] Inspecting process environment variables. PID: 1866302 (kworker/8:1-rcu_par_gp)
[2025-03-19 13:44:33Z INFO LinuxProcessExtensions] Read env from /proc/1866302/environ
[2025-03-19 13:44:33Z WARN JobExtension] Ignore exception during read process environment variables: Access to the path '/proc/1866302/environ' is denied.
[2025-03-19 13:44:33Z INFO JobExtension] Inspecting process environment variables. PID: 1866390 (kworker/31:2-events)
[2025-03-19 13:44:33Z INFO LinuxProcessExtensions] Read env from /proc/1866390/environ
[2025-03-19 13:44:33Z WARN JobExtension] Ignore exception during read process environment variables: Access to the path '/proc/1866390/environ' is denied.
[2025-03-19 13:44:33Z INFO JobExtension] Inspecting process environment variables. PID: 1866399 (kworker/4:0-rcu_par_gp)
[2025-03-19 13:44:33Z INFO LinuxProcessExtensions] Read env from /proc/1866399/environ
[2025-03-19 13:44:33Z WARN JobExtension] Ignore exception during read process environment variables: Access to the path '/proc/1866399/environ' is denied.
[2025-03-19 13:44:33Z INFO JobExtension] Inspecting process environment variables. PID: 1866422 (kworker/9:0-rcu_par_gp)
[2025-03-19 13:44:33Z INFO LinuxProcessExtensions] Read env from /proc/1866422/environ
[2025-03-19 13:44:33Z WARN JobExtension] Ignore exception during read process environment variables: Access to the path '/proc/1866422/environ' is denied.
[2025-03-19 13:44:33Z INFO JobExtension] Inspecting process environment variables. PID: 1868763 (kworker/10:1-rcu_par_gp)
[2025-03-19 13:44:33Z INFO LinuxProcessExtensions] Read env from /proc/1868763/environ
[2025-03-19 13:44:33Z WARN JobExtension] Ignore exception during read process environment variables: Access to the path '/proc/1868763/environ' is denied.
[2025-03-19 13:44:33Z INFO JobExtension] Inspecting process environment variables. PID: 1870515 (kworker/6:1-events)
[2025-03-19 13:44:33Z INFO LinuxProcessExtensions] Read env from /proc/1870515/environ
[2025-03-19 13:44:33Z WARN JobExtension] Ignore exception during read process environment variables: Access to the path '/proc/1870515/environ' is denied.
[2025-03-19 13:44:33Z INFO JobExtension] Inspecting process environment variables. PID: 1870524 (kworker/17:1-events)
[2025-03-19 13:44:33Z INFO LinuxProcessExtensions] Read env from /proc/1870524/environ
[2025-03-19 13:44:33Z WARN JobExtension] Ignore exception during read process environment variables: Access to the path '/proc/1870524/environ' is denied.
[2025-03-19 13:44:33Z INFO JobExtension] Inspecting process environment variables. PID: 1870610 (kworker/3:1-events)
[2025-03-19 13:44:33Z INFO LinuxProcessExtensions] Read env from /proc/1870610/environ
[2025-03-19 13:44:33Z WARN JobExtension] Ignore exception during read process environment variables: Access to the path '/proc/1870610/environ' is denied.
[2025-03-19 13:44:33Z INFO JobExtension] Inspecting process environment variables. PID: 1870735 (kworker/19:1-events)
[2025-03-19 13:44:33Z INFO LinuxProcessExtensions] Read env from /proc/1870735/environ
[2025-03-19 13:44:33Z WARN JobExtension] Ignore exception during read process environment variables: Access to the path '/proc/1870735/environ' is denied.
[2025-03-19 13:44:33Z INFO JobExtension] Inspecting process environment variables. PID: 1870929 (sleep)
[2025-03-19 13:44:33Z INFO LinuxProcessExtensions] Read env from /proc/1870929/environ
[2025-03-19 13:44:33Z WARN JobExtension] Ignore exception during read process environment variables: Access to the path '/proc/1870929/environ' is denied.
[2025-03-19 13:44:33Z INFO JobExtension] Inspecting process environment variables. PID: 1870933 (kworker/27:0-events)
[2025-03-19 13:44:33Z INFO LinuxProcessExtensions] Read env from /proc/1870933/environ
[2025-03-19 13:44:33Z WARN JobExtension] Ignore exception during read process environment variables: Access to the path '/proc/1870933/environ' is denied.
[2025-03-19 13:44:33Z INFO JobExtension] Inspecting process environment variables. PID: 1870934 (systemd-udevd)
[2025-03-19 13:44:33Z INFO LinuxProcessExtensions] Read env from /proc/1870934/environ
[2025-03-19 13:44:33Z WARN JobExtension] Ignore exception during read process environment variables: Access to the path '/proc/1870934/environ' is denied.
[2025-03-19 13:44:33Z INFO JobServerQueue] Try to append 1 batches web console lines for record 'cd7d0921-4a2d-4261-a7b9-ca42df85e95a', success rate: 1/1.
[2025-03-19 13:44:33Z INFO JobExtension] Inspecting process environment variables. PID: 1870936 (kworker/29:2-rcu_par_gp)
[2025-03-19 13:44:33Z INFO LinuxProcessExtensions] Read env from /proc/1870936/environ
[2025-03-19 13:44:33Z WARN JobExtension] Ignore exception during read process environment variables: Access to the path '/proc/1870936/environ' is denied.
[2025-03-19 13:44:33Z INFO JobServerQueue] Try to append 1 batches web console lines for record 'fa45d89c-72a0-4d40-97a4-fb3f56076985', success rate: 1/1.
[2025-03-19 13:44:33Z INFO JobExtension] Inspecting process environment variables. PID: 1870937 (kworker/29:3)
[2025-03-19 13:44:33Z INFO LinuxProcessExtensions] Read env from /proc/1870937/environ
[2025-03-19 13:44:33Z WARN JobExtension] Ignore exception during read process environment variables: Access to the path '/proc/1870937/environ' is denied.
[2025-03-19 13:44:33Z INFO JobExtension] Inspecting process environment variables. PID: 1870940 (systemd-udevd)
[2025-03-19 13:44:33Z INFO LinuxProcessExtensions] Read env from /proc/1870940/environ
[2025-03-19 13:44:33Z WARN JobExtension] Ignore exception during read process environment variables: Access to the path '/proc/1870940/environ' is denied.
[2025-03-19 13:44:33Z INFO JobExtension] Inspecting process environment variables. PID: 1870941 (systemd-udevd)
[2025-03-19 13:44:33Z INFO LinuxProcessExtensions] Read env from /proc/1870941/environ
[2025-03-19 13:44:33Z WARN JobExtension] Ignore exception during read process environment variables: Access to the path '/proc/1870941/environ' is denied.
[2025-03-19 13:44:33Z INFO JobExtension] Inspecting process environment variables. PID: 1870942 (systemd-udevd)
[2025-03-19 13:44:33Z INFO LinuxProcessExtensions] Read env from /proc/1870942/environ
[2025-03-19 13:44:33Z WARN JobExtension] Ignore exception during read process environment variables: Access to the path '/proc/1870942/environ' is denied.
[2025-03-19 13:44:33Z INFO JobExtension] Inspecting process environment variables. PID: 1870956 (kworker/35:0-events)
[2025-03-19 13:44:33Z INFO LinuxProcessExtensions] Read env from /proc/1870956/environ
[2025-03-19 13:44:33Z WARN JobExtension] Ignore exception during read process environment variables: Access to the path '/proc/1870956/environ' is denied.
[2025-03-19 13:44:33Z INFO JobExtension] Inspecting process environment variables. PID: 1870996 (kworker/7:0)
[2025-03-19 13:44:33Z INFO LinuxProcessExtensions] Read env from /proc/1870996/environ
[2025-03-19 13:44:33Z WARN JobExtension] Ignore exception during read process environment variables: Access to the path '/proc/1870996/environ' is denied.
[2025-03-19 13:44:33Z INFO JobExtension] Inspecting process environment variables. PID: 1870997 (nm-dispatcher)
[2025-03-19 13:44:33Z INFO LinuxProcessExtensions] Read env from /proc/1870997/environ
[2025-03-19 13:44:33Z WARN JobExtension] Ignore exception during read process environment variables: Access to the path '/proc/1870997/environ' is denied.
[2025-03-19 13:44:33Z INFO ExecutionContext] Publish step telemetry for current step {
  "action": "complete_job",
  "type": "runner",
  "stage": "Post",
  "stepId": "fa45d89c-72a0-4d40-97a4-fb3f56076985",
  "result": "succeeded",
  "errorMessages": [],
  "executionTimeInSeconds": 1,
  "startTime": "2025-03-19T13:44:33.2963443Z",
  "finishTime": "2025-03-19T13:44:33.4065226Z"
}.
[2025-03-19 13:44:33Z INFO JobRunner] Job result after all job steps finish: Failed
[2025-03-19 13:44:33Z INFO JobRunner] Completing the job execution context.
[2025-03-19 13:44:33Z INFO JobRunner] Shutting down the job server queue.
[2025-03-19 13:44:33Z INFO JobServerQueue] Fire signal to shutdown all queues.
[2025-03-19 13:44:33Z INFO JobServerQueue] Got a step log file to send to results service.
[2025-03-19 13:44:33Z INFO JobServerQueue] Starting upload of step log file to results service ResultsLog, /home/jenny/tensorflow-mri/actions-runner/_diag/blocks/b0449f54-93fc-4d57-8f9f-b37b3b557707_8dda5e33-c96d-436a-9782-6a417efd9024.1
[2025-03-19 13:44:34Z INFO JobServerQueue] Got a step log file to send to results service.
[2025-03-19 13:44:34Z INFO JobServerQueue] Starting upload of step log file to results service ResultsLog, /home/jenny/tensorflow-mri/actions-runner/_diag/blocks/b0449f54-93fc-4d57-8f9f-b37b3b557707_01f2d3d3-6750-4823-8865-18cbf1738d55.1
[2025-03-19 13:44:34Z INFO JobServerQueue] Got a step log file to send to results service.
[2025-03-19 13:44:34Z INFO JobServerQueue] Starting upload of step log file to results service ResultsLog, /home/jenny/tensorflow-mri/actions-runner/_diag/blocks/b0449f54-93fc-4d57-8f9f-b37b3b557707_3a765820-8b41-4a5e-809c-47df6b8df17f.1
[2025-03-19 13:44:34Z INFO JobServerQueue] Got a step log file to send to results service.
[2025-03-19 13:44:34Z INFO JobServerQueue] Starting upload of step log file to results service ResultsLog, /home/jenny/tensorflow-mri/actions-runner/_diag/blocks/b0449f54-93fc-4d57-8f9f-b37b3b557707_0c71cda3-5083-449f-a9e2-6ce584ca0ed2.1
[2025-03-19 13:44:34Z INFO JobServerQueue] Tried to upload 5 file(s) to results, success rate: 5/5.
[2025-03-19 13:44:35Z INFO JobServerQueue] All queue process task stopped.
[2025-03-19 13:44:35Z INFO JobServerQueue] Web console line queue drained.
[2025-03-19 13:44:35Z INFO JobServerQueue] Uploading 3 files in one shot.
[2025-03-19 13:44:35Z INFO JobServerQueue] Try to upload 3 log files or attachments, success rate: 3/3.
[2025-03-19 13:44:35Z INFO JobServerQueue] File upload queue drained.
[2025-03-19 13:44:35Z INFO JobServerQueue] Starting results-based upload queue...
[2025-03-19 13:44:35Z INFO JobServerQueue] Uploading 3 file(s) in one shot through results service.
[2025-03-19 13:44:35Z INFO JobServerQueue] Got a step log file to send to results service.
[2025-03-19 13:44:35Z INFO JobServerQueue] Starting upload of step log file to results service ResultsLog, /home/jenny/tensorflow-mri/actions-runner/_diag/blocks/b0449f54-93fc-4d57-8f9f-b37b3b557707_cd7d0921-4a2d-4261-a7b9-ca42df85e95a.1
[2025-03-19 13:44:36Z INFO JobServerQueue] Got a step log file to send to results service.
[2025-03-19 13:44:36Z INFO JobServerQueue] Starting upload of step log file to results service ResultsLog, /home/jenny/tensorflow-mri/actions-runner/_diag/blocks/b0449f54-93fc-4d57-8f9f-b37b3b557707_fa45d89c-72a0-4d40-97a4-fb3f56076985.1
[2025-03-19 13:44:36Z INFO JobServerQueue] Got a job log file to send to results service.
[2025-03-19 13:44:36Z INFO JobServerQueue] Starting upload of job log file to results service ResultsLog, /home/jenny/tensorflow-mri/actions-runner/_diag/blocks/b0449f54-93fc-4d57-8f9f-b37b3b557707_9f24585b-db1b-5672-990f-12d710c54840.1
[2025-03-19 13:44:36Z INFO JobServerQueue] Tried to upload 3 file(s) to results, success rate: 3/3.
[2025-03-19 13:44:36Z INFO JobServerQueue] Results upload queue drained.
[2025-03-19 13:44:36Z INFO JobServerQueue] Timeline update queue drained.
[2025-03-19 13:44:36Z INFO JobServerQueue] Disposing job server ...
[2025-03-19 13:44:36Z INFO JobServerQueue] Disposing results server ...
[2025-03-19 13:44:36Z INFO JobServerQueue] All queue process tasks have been stopped, and all queues are drained.
[2025-03-19 13:44:36Z INFO TempDirectoryManager] Cleaning runner temp folder: /home/jenny/tensorflow-mri/actions-runner/_work/_temp
[2025-03-19 13:44:36Z ERR  TempDirectoryManager] System.IO.IOException: Access to the path '/home/jenny/tensorflow-mri/actions-runner/_work/_temp/_github_home/.config/matplotlib' is denied.
   at System.IO.FileSystem.RemoveEmptyDirectory(String fullPath, Boolean topLevel, Boolean throwWhenNotEmpty)
   at System.IO.DirectoryInfo.Delete()
   at GitHub.Runner.Sdk.IOUtil.DeleteDirectory(String path, Boolean contentsOnly, Boolean continueOnContentDeleteError, CancellationToken cancellationToken)
   at GitHub.Runner.Worker.TempDirectoryManager.CleanupTempDirectory()
[2025-03-19 13:44:36Z INFO HostContext] Well known directory 'Bin': '/home/jenny/tensorflow-mri/actions-runner/bin'
[2025-03-19 13:44:36Z INFO HostContext] Well known directory 'Root': '/home/jenny/tensorflow-mri/actions-runner'
[2025-03-19 13:44:36Z INFO HostContext] Well known directory 'Diag': '/home/jenny/tensorflow-mri/actions-runner/_diag'
[2025-03-19 13:44:36Z INFO HostContext] Well known config file 'Telemetry': '/home/jenny/tensorflow-mri/actions-runner/_diag/.telemetry'
[2025-03-19 13:44:36Z INFO JobRunner] Raising job completed against run service
[2025-03-19 13:44:37Z INFO Worker] Job completed.
